岗位ID,岗位名称,公司,城市,一级簇号,一级簇名,二级簇名
J0001,java实习生,厦门争新科技有限公司,厦门,4,后端开发（hibernate、linux开发）,—
J0002,鸿蒙开发工程师,上海思芮信息科技有限公司,厦门,4,后端开发（hibernate、linux开发）,—
J0003,web前端开发工程师(短期半年 可能会续签),科锐尔人力资源服务(苏州)有限公司,厦门,8,前端开发（web前端、erp项目）,—
J0004,JAVA开发-厦门（双休-在同安有免费班车）,厦门至恒融兴信息技术股份有限公司,厦门,4,后端开发（hibernate、linux开发）,—
J0005,软件开发主管,厦门芯泰达集成电路有限公司,厦门,0,制造业质量/检验（成本管理、抖音）,Java/后端（spring、mybatis）
J0006,C++后台开发工程师 (MJ000142),厦门睿云联创新科技股份有限公司,厦门,4,后端开发（hibernate、linux开发）,—
J0007,Java开发工程师（安踏项目）,软通动力信息技术(集团)股份有限公司,厦门,4,后端开发（hibernate、linux开发）,—
J0008,ERP系统高级开发工程师（SAP方向）,厦门钨业股份有限公司,厦门,4,后端开发（hibernate、linux开发）,—
J0009,java开发工程师,北京银丰新融科技开发有限公司,厦门,4,后端开发（hibernate、linux开发）,—
J0010,it技术总监,君百(厦门)科技集团有限公司,厦门,0,制造业质量/检验（成本管理、抖音）,制造业质量/检验（图文平台、性能检测）
J0011,后端开发,南宁邑通科技有限公司,厦门,4,后端开发（hibernate、linux开发）,—
J0012,嵌入式软件工程师(J10015),厦门汉印股份有限公司,厦门,5,嵌入式/硬件（rtos、32位单片机）,—
J0013,软件开发工程师（集团）,华厦眼科医院,厦门,4,后端开发（hibernate、linux开发）,—
J0014,软件开发工程师（英语作为工作语言）,达昊(厦门)制造有限公司,厦门,4,后端开发（hibernate、linux开发）,—
J0015,Java开发工程师（需会GO语言）,北京企慕科技有限公司,厦门,4,后端开发（hibernate、linux开发）,—
J0016,java（福州驻场有住宿）,北京神州数字科技有限公司,厦门,4,后端开发（hibernate、linux开发）,—
J0017,中高级java工程师,厦门星拉科技有限公司,厦门,4,后端开发（hibernate、linux开发）,—
J0018,Java全栈开发工程师（软硬一体交付方向）(J10103),厦门文广传媒集团有限公司,厦门,8,前端开发（web前端、erp项目）,—
J0019,Java开发工程师,福建点景大数据有限公司,厦门,4,后端开发（hibernate、linux开发）,—
J0020,java架构师,厦门盒群信息技术有限公司,厦门,4,后端开发（hibernate、linux开发）,—
J0021,java开发工程师,诚迈科技股份有限公司,厦门,4,后端开发（hibernate、linux开发）,—
J0022,Java工程师（厦门）(010358),广州南天电脑系统有限公司,厦门,4,后端开发（hibernate、linux开发）,—
J0023,对日初级Java开发,厦门争新科技有限公司,厦门,4,后端开发（hibernate、linux开发）,—
J0024,AI+python/Java支持工程师（厦门）,深圳市瑞维控股有限公司,厦门,7,算法/人工智能（智能驾驶、传感器融合）,—
J0025,Java开发-自研岗位-可出差,厦门至恒融兴信息技术股份有限公司,厦门,4,后端开发（hibernate、linux开发）,—
J0026,中高级java开发工程师,智联招聘杭州分公司,厦门,4,后端开发（hibernate、linux开发）,—
J0027,高级Java开发,金网信通(大连)信息技术有限公司,厦门,4,后端开发（hibernate、linux开发）,—
J0028,Java 全栈高级开发（兼顾后端 + 运维）,厦门助赢科技有限公司,厦门,1,运维/云与网络（分布式电站、空调工程）,—
J0029,后端开发,厦门集方物联信息技术有限公司,厦门,4,后端开发（hibernate、linux开发）,—
J0030,JAVA开发工程师[厦门],厦门安必兴信息科技有限公司,厦门,4,后端开发（hibernate、linux开发）,—
J0031,Java,成都聚思亿科技有限公司,厦门,4,后端开发（hibernate、linux开发）,—
J0032,Java开发工程师,厦门君蔚网络科技有限公司,厦门,4,后端开发（hibernate、linux开发）,—
J0033,JAVA开发工程师-厦门,中电福富信息科技有限公司,厦门,4,后端开发（hibernate、linux开发）,—
J0034,IT开发实习生 (MJ000127),厦门睿云联创新科技股份有限公司,厦门,0,制造业质量/检验（成本管理、抖音）,Java/后端（spring、mybatis）
J0035,java工程师,厦门瀚海潮升科技有限公司,厦门,4,后端开发（hibernate、linux开发）,—
J0036,Java开发工程师,软通动力信息技术(集团)股份有限公司,厦门,4,后端开发（hibernate、linux开发）,—
J0037,软件工程师,厦门弘心教育咨询有限公司,厦门,4,后端开发（hibernate、linux开发）,—
J0038,java后端工程师,中科飞龙(厦门)科技发展有限公司,厦门,4,后端开发（hibernate、linux开发）,—
J0039,JAVA工程师,高伟达,厦门,4,后端开发（hibernate、linux开发）,—
J0040,java后端工程师,厦门东思信息技术有限公司,厦门,4,后端开发（hibernate、linux开发）,—
J0041,java开发工程师,北京新妍鹤程科技有限公司,厦门,4,后端开发（hibernate、linux开发）,—
J0042,中级Java开发工程师,中科同恒环境科技有限公司,厦门,4,后端开发（hibernate、linux开发）,—
J0043,Java开发工程师,合肥凯捷技术有限公司,厦门,4,后端开发（hibernate、linux开发）,—
J0044,总行信息技术部——系统开发岗（应用系统开发方向）,厦门银行股份有限公司,厦门,0,制造业质量/检验（成本管理、抖音）,Java/后端（spring、mybatis）
J0045,AI开发工程师,厦门睿康科技有限公司,厦门,4,后端开发（hibernate、linux开发）,—
J0046,Java开发（银行项目）,厦门至恒融兴信息技术股份有限公司,厦门,4,后端开发（hibernate、linux开发）,—
J0047,后端开发（MES）,浪潮集团,厦门,4,后端开发（hibernate、linux开发）,—
J0048,信息科技岗（厦门海沧）—软件开发 (MJ002530),安捷利美维电子(厦门)有限责任公司,厦门,0,制造业质量/检验（成本管理、抖音）,Java/后端（spring、mybatis）
J0049,java软件开发工程师,厦门盒群信息技术有限公司,厦门,4,后端开发（hibernate、linux开发）,—
J0050,java中级开发工程师,福建拉森科技有限公司,厦门,4,后端开发（hibernate、linux开发）,—
J0051,java开发工程师,厦门星拉科技有限公司,厦门,4,后端开发（hibernate、linux开发）,—
J0052,java开发工程师,厦门亿联网络技术股份有限公司,厦门,4,后端开发（hibernate、linux开发）,—
J0053,计算机开发工程师,云南广地建筑设计有限公司,厦门,4,后端开发（hibernate、linux开发）,—
J0054,java开发工程师,厦门天锐科技股份有限公司,厦门,4,后端开发（hibernate、linux开发）,—
J0055,开发实习生,用友网络科技股份有限公司厦门分公司,厦门,0,制造业质量/检验（成本管理、抖音）,Java/后端（spring、mybatis）
J0056,后端开发程序员,厦门天吴海洋科技有限公司,厦门,4,后端开发（hibernate、linux开发）,—
J0057,中高级软件工程师,厦门培君网络科技有限公司,厦门,4,后端开发（hibernate、linux开发）,—
J0058,系统专员/助理(J12872),特宝生物,厦门,0,制造业质量/检验（成本管理、抖音）,Java/后端（spring、mybatis）
J0059,测试自动化测试工程师,厦门富企来网络科技有限公司,厦门,3,软件测试（信号测试、安全测试）,—
J0060,OA开发工程师,软通动力信息技术(集团)股份有限公司,厦门,4,后端开发（hibernate、linux开发）,—
J0061,需求分析师,时代凌宇,厦门,6,产品/项目管理（国内市场、需求分析）,—
J0062,数智化产品工程师-MES-XMXN (MJ043831),厦门时代新能动力科技有限公司,厦门,6,产品/项目管理（国内市场、需求分析）,—
J0063,嵌入式软件工程师,厦门四五零科技有限公司,厦门,5,嵌入式/硬件（rtos、32位单片机）,—
J0064,软件培训工程师,厦门瀚海潮升科技有限公司,厦门,0,制造业质量/检验（成本管理、抖音）,制造业质量/检验（图文平台、性能检测）
J0065,供应链助理,厦门惠禾盛电气有限公司,厦门,0,制造业质量/检验（成本管理、抖音）,硬件/仪器/自动化（组态软件、scratch）
J0066,CARE助理软件工程师,英科新创,厦门,4,后端开发（hibernate、linux开发）,—
J0067,Java开发（大数据平台方向）,厦门争新科技有限公司,厦门,2,数据分析/BI（数仓开发、kettle）,—
J0068,mes实施工程师,厦门呼博仕智能健康科技股份有限公司,厦门,1,运维/云与网络（分布式电站、空调工程）,—
J0069,运维工程师,京北方,厦门,1,运维/云与网络（分布式电站、空调工程）,—
J0070,中高级软件开发工程师（AI方向）,厦门助赢科技有限公司,厦门,4,后端开发（hibernate、linux开发）,—
J0071,资材部门智能化专案实习生,友达光电(厦门)有限公司,厦门,0,制造业质量/检验（成本管理、抖音）,硬件/仪器/自动化（组态软件、scratch）
J0072,高级移动应用工程师,叠拓信息技术(北京)有限公司成都分公司,厦门,0,制造业质量/检验（成本管理、抖音）,制造业质量/检验（图文平台、性能检测）
J0073,技术开发高级工程师(智慧运维) (MJ004992),厦门海辰储能科技股份有限公司,厦门,1,运维/云与网络（分布式电站、空调工程）,—
J0074,27届安卓开发工程师 (MJ000136),厦门睿云联创新科技股份有限公司,厦门,4,后端开发（hibernate、linux开发）,—
J0075,安卓应用开发工程师,厦门市帕兰提尔科技有限公司,厦门,4,后端开发（hibernate、linux开发）,—
J0076,嵌入式软件工程师（网关）,厦门立林智能科技有限公司,厦门,5,嵌入式/硬件（rtos、32位单片机）,—
J0077,软件测试（银行-国结）,北京捷科智诚科技有限公司上海分公司,厦门,3,软件测试（信号测试、安全测试）,—
J0078,IT总监/副总监（跨境电商）,福建拉森科技有限公司,厦门,0,制造业质量/检验（成本管理、抖音）,制造业质量/检验（图文平台、性能检测）
J0079,golang开发工程师,厦门盒群信息技术有限公司,厦门,4,后端开发（hibernate、linux开发）,—
J0080,AI平台项目研发工程师,厦门高帝集团有限公司,厦门,0,制造业质量/检验（成本管理、抖音）,算法/AI 应用（tensorflow、vit）
J0081,金蝶财务系统运维、开发工程师,厦门光莆电子股份有限公司,厦门,1,运维/云与网络（分布式电站、空调工程）,—
J0082,实施工程师-五险一金全额,诚迈科技股份有限公司,厦门,1,运维/云与网络（分布式电站、空调工程）,—
J0083,ate测试开发工程师,索克曼能源系统(厦门)有限公司,厦门,3,软件测试（信号测试、安全测试）,—
J0084,总行信息技术部——技术架构岗/系统分析岗（SA）,厦门银行股份有限公司,厦门,0,制造业质量/检验（成本管理、抖音）,Java/后端（spring、mybatis）
J0085,实施工程师（选矿MES）,浪潮集团,厦门,1,运维/云与网络（分布式电站、空调工程）,—
J0086,运维工程师,厦门瀚海潮升科技有限公司,厦门,1,运维/云与网络（分布式电站、空调工程）,—
J0087,Java开发工程师,厦门至恒融兴信息技术股份有限公司,厦门,4,后端开发（hibernate、linux开发）,—
J0088,测试工程师,厦门七个水果科技有限公司,厦门,3,软件测试（信号测试、安全测试）,—
J0089,软件技术专业骨干教师,厦门兴才职业技术学院,厦门,0,制造业质量/检验（成本管理、抖音）,Java/后端（spring、mybatis）
J0090,数仓开发工程师,厦门争新科技有限公司,厦门,2,数据分析/BI（数仓开发、kettle）,—
J0091,Android系统工程师,厦门亿联网络技术股份有限公司,厦门,0,制造业质量/检验（成本管理、抖音）,制造业质量/检验（图文平台、性能检测）
J0092,IT技术经理,雅米士(厦门)航空食品有限公司,厦门,0,制造业质量/检验（成本管理、抖音）,Java/后端（spring、mybatis）
J0093,IT工程师,厦门林巴赫航空发动机有限公司,厦门,0,制造业质量/检验（成本管理、抖音）,制造业质量/检验（图文平台、性能检测）
J0094,嵌入式软件应用开发工程师(J10146),厦门雅迅智联科技股份有限公司,厦门,5,嵌入式/硬件（rtos、32位单片机）,—
J0095,测试工程师（厦门）(010158),广州南天电脑系统有限公司,厦门,3,软件测试（信号测试、安全测试）,—
J0096,嵌入式软件工程师(RTOS),厦门四五零科技有限公司,厦门,5,嵌入式/硬件（rtos、32位单片机）,—
J0097,C++后台开发工程师 (MJ000149),厦门睿云联创新科技股份有限公司,厦门,4,后端开发（hibernate、linux开发）,—
J0098,产品系统工程师-产品工程组 (MJ004863),厦门海辰储能科技股份有限公司,厦门,6,产品/项目管理（国内市场、需求分析）,—
J0099,全栈工程师,软通动力信息技术(集团)股份有限公司,厦门,8,前端开发（web前端、erp项目）,—
J0100,对日开发初级技术员到项目经理的全职位招聘,株式会社ProfaceSystems,厦门,6,产品/项目管理（国内市场、需求分析）,—
J0101,运维开发工程师,厦门市威特计算机信息系统工程有限公司,厦门,1,运维/云与网络（分布式电站、空调工程）,—
J0102,项目总监（政府业务软件方向）,时代凌宇,厦门,0,制造业质量/检验（成本管理、抖音）,Java/后端（spring、mybatis）
J0103,AI 交付实施工程师（飞书 / 豆包 FDE 方向）,厦门龙商网络技术服务有限公司,厦门,1,运维/云与网络（分布式电站、空调工程）,—
J0104,IT系统工程师（生产/财务/综合）-外企-英语,达昊(厦门)制造有限公司,厦门,0,制造业质量/检验（成本管理、抖音）,Java/后端（spring、mybatis）
J0105,C++开发工程师（软二+周末双休+五险一金）,厦门凤凰创壹软件有限公司,厦门,4,后端开发（hibernate、linux开发）,—
J0106,AI数字化应用专员,厦门旭盈物流股份有限公司,厦门,0,制造业质量/检验（成本管理、抖音）,硬件/仪器/自动化（组态软件、scratch）
J0107,mes工程师,宸展光电(厦门)股份有限公司,厦门,0,制造业质量/检验（成本管理、抖音）,硬件/仪器/自动化（组态软件、scratch）
J0108,数仓开发-五险一金全额,诚迈科技股份有限公司,厦门,2,数据分析/BI（数仓开发、kettle）,—
J0109,.net开发实习生,用友网络科技股份有限公司厦门分公司,厦门,4,后端开发（hibernate、linux开发）,—
J0110,实施工程师（采矿MES）,浪潮集团,厦门,1,运维/云与网络（分布式电站、空调工程）,—
J0111,软件总监（有工控软件开发经验）,厦门奥普拓自控科技有限公司,厦门,0,制造业质量/检验（成本管理、抖音）,制造业质量/检验（图文平台、性能检测）
J0112,Android系统工程师,陶朗环保技术(厦门)有限公司,厦门,0,制造业质量/检验（成本管理、抖音）,制造业质量/检验（图文平台、性能检测）
J0113,.net开发工程师（资深）,厦门思泰克智能科技股份有限公司,厦门,4,后端开发（hibernate、linux开发）,—
J0114,软件售后工程师,厦门瀚海潮升科技有限公司,厦门,0,制造业质量/检验（成本管理、抖音）,制造业质量/检验（图文平台、性能检测）
J0115,系统架构师,福建众创车联网络科技有限公司,厦门,0,制造业质量/检验（成本管理、抖音）,Java/后端（spring、mybatis）
J0116,IT专员,厦门国贸资本集团有限公司,厦门,0,制造业质量/检验（成本管理、抖音）,制造业质量/检验（图文平台、性能检测）
J0117,网络安全服务、Web渗透工程师,浩程信息,厦门,8,前端开发（web前端、erp项目）,—
J0118,人工智能技术专业骨干教师,厦门兴才职业技术学院,厦门,7,算法/人工智能（智能驾驶、传感器融合）,—
J0119,研发工程师,中俄数字经济研究中心(厦门市人工智能创新中心),厦门,0,制造业质量/检验（成本管理、抖音）,算法/AI 应用（tensorflow、vit）
J0120,研发运维经理,厦门快快网络科技有限公司,厦门,1,运维/云与网络（分布式电站、空调工程）,—
J0121,资深后端工程师（SaaS & 架构方向）,厦门北翱算法信息科技有限公司,厦门,4,后端开发（hibernate、linux开发）,—
J0122,安卓系统开发工程师,星宸科技,厦门,4,后端开发（hibernate、linux开发）,—
J0123,初中级C++后台开发工程师 (MJ000158),厦门睿云联创新科技股份有限公司,厦门,4,后端开发（hibernate、linux开发）,—
J0124,高级开发工程师,北京中兵数字科技集团有限公司,厦门,4,后端开发（hibernate、linux开发）,—
J0125,WCS开发工程师,厦门甚好软件信息技术有限公司,厦门,4,后端开发（hibernate、linux开发）,—
J0126,IT CIM 系统开发工程师,联芯集成电路制造(厦门)有限公司,厦门,4,后端开发（hibernate、linux开发）,—
J0127,JAVA【厦门】,厦门至恒融兴信息技术股份有限公司,厦门,4,后端开发（hibernate、linux开发）,—
J0128,技术经理,福建亿能电力科技股份有限公司,厦门,0,制造业质量/检验（成本管理、抖音）,制造业质量/检验（图文平台、性能检测）
J0129,Linux软件工程师(4G/5G模组方向),厦门四五零科技有限公司,厦门,4,后端开发（hibernate、linux开发）,—
J0130,Net/C#高级后端工程师（Azure）,四川智服人力资源有限公司,厦门,4,后端开发（hibernate、linux开发）,—
J0131,研发交付总监,时代凌宇,厦门,0,制造业质量/检验（成本管理、抖音）,制造业质量/检验（图文平台、性能检测）
J0132,实施工程师（选矿MES）,浪潮集团,厦门,1,运维/云与网络（分布式电站、空调工程）,—
J0133,c++高级软件工程师,厦门七个水果科技有限公司,厦门,4,后端开发（hibernate、linux开发）,—
J0134,资深软件工程师（团队管理）,达昊(厦门)制造有限公司,厦门,4,后端开发（hibernate、linux开发）,—
J0135,AI 平台与业务融合架构师,厦门德捷信息科技有限公司,厦门,7,算法/人工智能（智能驾驶、传感器融合）,—
J0136,IT技术助理,厦门市顿河文化科技有限公司,厦门,0,制造业质量/检验（成本管理、抖音）,Java/后端（spring、mybatis）
J0137,架构师,厦门市民数据服务股份有限公司,厦门,0,制造业质量/检验（成本管理、抖音）,Java/后端（spring、mybatis）
J0138,Agent工程师,厦门亿联网络技术股份有限公司,厦门,0,制造业质量/检验（成本管理、抖音）,Java/后端（spring、mybatis）
J0139,app开发人员,中科飞龙(厦门)科技发展有限公司,厦门,0,制造业质量/检验（成本管理、抖音）,制造业质量/检验（图文平台、性能检测）
J0140,ERP 系统开发工程师（前端、后端）,厦门鑫万彩高分子科技有限公司,厦门,8,前端开发（web前端、erp项目）,—
J0141,全栈工程师,厦门争新科技有限公司,厦门,8,前端开发（web前端、erp项目）,—
J0142,AI智能体开发工程师,南宁邑通科技有限公司,厦门,4,后端开发（hibernate、linux开发）,—
J0143,27届嵌入式开发工程师 (MJ000143),厦门睿云联创新科技股份有限公司,厦门,5,嵌入式/硬件（rtos、32位单片机）,—
J0144,软件工程师,厦门芯泰达集成电路有限公司,厦门,4,后端开发（hibernate、linux开发）,—
J0145,AI开发工程师,厦门会展集团股份有限公司,厦门,4,后端开发（hibernate、linux开发）,—
J0146,中级全栈工程师,厦门四信,厦门,8,前端开发（web前端、erp项目）,—
J0147,Java开发工程师,厦门至恒融兴信息技术股份有限公司,厦门,4,后端开发（hibernate、linux开发）,—
J0148,Java开发/长期项目/六险一金,上海思芮信息科技有限公司,厦门,4,后端开发（hibernate、linux开发）,—
J0149,AI全栈工程师,漳州市铭创家具有限公司,厦门,8,前端开发（web前端、erp项目）,—
J0150,技术开发工程师(工具开发) (MJ004993),厦门海辰储能科技股份有限公司,厦门,4,后端开发（hibernate、linux开发）,—
J0151,软件开发工程师,春保森拉天时精密钨钢制品(厦门)有限公司,厦门,4,后端开发（hibernate、linux开发）,—
J0152,全栈开发工程师,厦门海铂物流有限公司,厦门,8,前端开发（web前端、erp项目）,—
J0153,AI开发工程师(J13279),特宝生物,厦门,4,后端开发（hibernate、linux开发）,—
J0154,软件开发推进工程师,友达光电(厦门)有限公司,厦门,0,制造业质量/检验（成本管理、抖音）,算法/AI 应用（tensorflow、vit）
J0155,初级全栈工程师,厦门精工智创科技有限公司,厦门,8,前端开发（web前端、erp项目）,—
J0156,初级全栈开发,厦门君蔚网络科技有限公司,厦门,8,前端开发（web前端、erp项目）,—
J0157,全栈工程师,厦门助赢科技有限公司,厦门,8,前端开发（web前端、erp项目）,—
J0158,web前端实习生,正航软件,厦门,8,前端开发（web前端、erp项目）,—
J0159,.Net/C#高级后端工程师,叠拓信息技术(北京)有限公司成都分公司,厦门,4,后端开发（hibernate、linux开发）,—
J0160,前端开发,厦门集方物联信息技术有限公司,厦门,8,前端开发（web前端、erp项目）,—
J0161,总行信息技术部——系统开发岗（移动开发方向）,厦门银行股份有限公司,厦门,0,制造业质量/检验（成本管理、抖音）,制造业质量/检验（图文平台、性能检测）
J0162,Golang游戏后端开发,厦门铖澜互动科技有限公司,厦门,4,后端开发（hibernate、linux开发）,—
J0163,Python开发工程师,厦门七个水果科技有限公司,厦门,4,后端开发（hibernate、linux开发）,—
J0164,嵌入式软件工程师（蜂窝模组）,厦门四五零科技有限公司,厦门,5,嵌入式/硬件（rtos、32位单片机）,—
J0165,数据开发,长亮科技,厦门,0,制造业质量/检验（成本管理、抖音）,Java/后端（spring、mybatis）
J0166,.NET开发工程师（应届生）,厦门一维天地信息技术有限公司,厦门,4,后端开发（hibernate、linux开发）,—
J0167,javaScript运营顾问,厦门富企来网络科技有限公司,厦门,4,后端开发（hibernate、linux开发）,—
J0168,Java开发工程师,厦门至恒融兴信息技术股份有限公司,厦门,4,后端开发（hibernate、linux开发）,—
J0169,C++后台开发工程师,厦门睿云联创新科技股份有限公司,厦门,4,后端开发（hibernate、linux开发）,—
J0170,java开发(泛微 合同开发工程师),软通动力信息技术(集团)股份有限公司,厦门,4,后端开发（hibernate、linux开发）,—
J0171,全栈开发工程师（AI 业务方向）,厦门北翱算法信息科技有限公司,厦门,7,算法/人工智能（智能驾驶、传感器融合）,—
J0172,软件开发工程师,厦门三优光电股份有限公司,厦门,4,后端开发（hibernate、linux开发）,—
J0173,软件实施工程师,福建伯取自动化设备有限公司,厦门,1,运维/云与网络（分布式电站、空调工程）,—
J0174,Golang开发工程师,厦门比特恐龙科技有限公司,厦门,4,后端开发（hibernate、linux开发）,—
J0175,全栈工程师 Full-Stack Engineer（偏前端）,陶朗分选技术(厦门)有限公司,厦门,8,前端开发（web前端、erp项目）,—
J0176,Java开发工程师,厦门兆丰时代科技有限公司,厦门,4,后端开发（hibernate、linux开发）,—
J0177,系统工程师,宫崎科技(厦门)有限公司,厦门,0,制造业质量/检验（成本管理、抖音）,Java/后端（spring、mybatis）
J0178,计算机软件开发工程师,源水能(厦门)投资有限公司,厦门,4,后端开发（hibernate、linux开发）,—
J0179,全栈实习生,厦门智融合科技有限公司,厦门,8,前端开发（web前端、erp项目）,—
J0180,BMS软件测试工程师,厦门新能安科技有限公司,厦门,3,软件测试（信号测试、安全测试）,—
J0181,前端（急招2人/线上面试/福州办公哦）,拓保软件,厦门,8,前端开发（web前端、erp项目）,—
J0182,java开发工程师（深圳办公）,软通动力信息技术(集团)股份有限公司,厦门,4,后端开发（hibernate、linux开发）,—
J0183,Java开发工程师（数据平台）,厦门争新科技有限公司,厦门,4,后端开发（hibernate、linux开发）,—
J0184,高级Web后端开发工程师,厦门睿云联创新科技股份有限公司,厦门,8,前端开发（web前端、erp项目）,—
J0185,ERP系统开发工程师,厦门钨业股份有限公司,厦门,4,后端开发（hibernate、linux开发）,—
J0186,java开发工程师-出差,厦门至恒融兴信息技术股份有限公司,厦门,4,后端开发（hibernate、linux开发）,—
J0187,java开发（全栈）,厦门争新科技有限公司,厦门,8,前端开发（web前端、erp项目）,—
J0188,后端开发工程师（java+go）（短期项目）,北京企慕科技有限公司,厦门,4,后端开发（hibernate、linux开发）,—
J0189,中级java工程师,厦门争新科技有限公司,厦门,4,后端开发（hibernate、linux开发）,—
J0190,Java开发-双休,诚迈科技股份有限公司,厦门,4,后端开发（hibernate、linux开发）,—
J0191,Java开发,软通动力信息技术(集团)股份有限公司,厦门,4,后端开发（hibernate、linux开发）,—
J0192,Java开发工程师,科锐尔人力资源服务(苏州)有限公司,厦门,4,后端开发（hibernate、linux开发）,—
J0193,Java开发工程师（ERP业务）,厦门争新科技有限公司,厦门,4,后端开发（hibernate、linux开发）,—
J0194,java（福建出差住宿差补）,北京神州数字科技有限公司,厦门,4,后端开发（hibernate、linux开发）,—
J0195,Java开发工程师,厦门至恒融兴信息技术股份有限公司,厦门,4,后端开发（hibernate、linux开发）,—
J0196,后端开发,诚迈科技股份有限公司,厦门,4,后端开发（hibernate、linux开发）,—
J0197,Java开发工程师（AI应用开发方向）,福建点景大数据有限公司,厦门,4,后端开发（hibernate、linux开发）,—
J0198,java开发助理,厦门瀚海潮升科技有限公司,厦门,4,后端开发（hibernate、linux开发）,—
J0199,Java,中科飞龙(厦门)科技发展有限公司,厦门,4,后端开发（hibernate、linux开发）,—
J0200,软件工程师（JAVA）-厦门总部研发,厦门至恒融兴信息技术股份有限公司,厦门,4,后端开发（hibernate、linux开发）,—
J0201,AI算法工程师(J13277),特宝生物,厦门,7,算法/人工智能（智能驾驶、传感器融合）,—
J0202,运维开发工程师(J14434),特宝生物,厦门,1,运维/云与网络（分布式电站、空调工程）,—
J0203,软件IT技术支持岗,厦门富企来网络科技有限公司,厦门,0,制造业质量/检验（成本管理、抖音）,硬件/仪器/自动化（组态软件、scratch）
J0204,嵌入式软件开发工程师,厦门四五零科技有限公司,厦门,5,嵌入式/硬件（rtos、32位单片机）,—
J0205,工厂智能化专案实习生,友达光电(厦门)有限公司,厦门,0,制造业质量/检验（成本管理、抖音）,Java/后端（spring、mybatis）
J0206,AI应用工程师(J13278),特宝生物,厦门,0,制造业质量/检验（成本管理、抖音）,算法/AI 应用（tensorflow、vit）
J0207,软件测试工程师,厦门瀚海潮升科技有限公司,厦门,3,软件测试（信号测试、安全测试）,—
J0208,功能测试（银行+支付）,北京捷科智诚科技有限公司上海分公司,厦门,3,软件测试（信号测试、安全测试）,—
J0209,智能终端研发工程师 (MJ000150),厦门睿云联创新科技股份有限公司,厦门,0,制造业质量/检验（成本管理、抖音）,Java/后端（spring、mybatis）
J0210,Android开发工程师 (MJ000139),厦门睿云联创新科技股份有限公司,厦门,4,后端开发（hibernate、linux开发）,—
J0211,云平台高级后端工程师 (MJ000041),厦门睿云联创新科技股份有限公司,厦门,4,后端开发（hibernate、linux开发）,—
J0212,全栈开发工程师,厦门至恒融兴信息技术股份有限公司,厦门,8,前端开发（web前端、erp项目）,—
J0213,AI资深/主任工程师 (MJ004759),厦门海辰储能科技股份有限公司,厦门,0,制造业质量/检验（成本管理、抖音）,算法/AI 应用（tensorflow、vit）
J0214,测试工程师,软通动力信息技术(集团)股份有限公司,厦门,3,软件测试（信号测试、安全测试）,—
J0215,流程设计工程师（SAP SD）,厦门亿联网络技术股份有限公司,厦门,0,制造业质量/检验（成本管理、抖音）,制造业质量/检验（图文平台、性能检测）
J0216,golang开发工程师,厦门亿联网络技术股份有限公司,厦门,4,后端开发（hibernate、linux开发）,—
J0217,大数据技术专业教师,厦门兴才职业技术学院,厦门,2,数据分析/BI（数仓开发、kettle）,—
J0218,软件工程师,达昊(厦门)制造有限公司,厦门,4,后端开发（hibernate、linux开发）,—
J0219,嵌入式软件工程师(RTOS Cat1模组),厦门四五零科技有限公司,厦门,5,嵌入式/硬件（rtos、32位单片机）,—
J0220,数仓开发工程师,软通动力信息技术(集团)股份有限公司,厦门,2,数据分析/BI（数仓开发、kettle）,—
J0221,鸿蒙开发工程师,软通动力信息技术(集团)股份有限公司,厦门,4,后端开发（hibernate、linux开发）,—
J0222,PCS系统主任/高级工程师 (MJ004802),厦门海辰储能科技股份有限公司,厦门,0,制造业质量/检验（成本管理、抖音）,制造业质量/检验（图文平台、性能检测）
J0223,web前端开发实习生,厦门睿云联创新科技股份有限公司,厦门,8,前端开发（web前端、erp项目）,—
J0224,实施工程师（选矿MES）,浪潮集团,厦门,1,运维/云与网络（分布式电站、空调工程）,—
J0225,软件项目经理（厦门）,用友网络科技股份有限公司厦门分公司,厦门,6,产品/项目管理（国内市场、需求分析）,—
J0226,实施工程师（采矿MES）,浪潮集团,厦门,1,运维/云与网络（分布式电站、空调工程）,—
J0227,前端开发工程师-产品研发部-厦门,厦门至恒融兴信息技术股份有限公司,厦门,8,前端开发（web前端、erp项目）,—
J0228,直招-Net/C#高级后端工程师（18-30k）,四川智服人力资源有限公司,厦门,4,后端开发（hibernate、linux开发）,—
J0229,.NET/C#高级后端工程师,四川智服人力资源有限公司,厦门,4,后端开发（hibernate、linux开发）,—
J0230,Linux软件工程师,厦门四五零科技有限公司,厦门,4,后端开发（hibernate、linux开发）,—
J0231,研发工程师,正航软件,厦门,0,制造业质量/检验（成本管理、抖音）,Java/后端（spring、mybatis）
J0232,中高级Web后端开发工程师 (MJ000040),厦门睿云联创新科技股份有限公司,厦门,8,前端开发（web前端、erp项目）,—
J0233,中级Web后端开发工程师 (MJ000110),厦门睿云联创新科技股份有限公司,厦门,8,前端开发（web前端、erp项目）,—
J0234,软件工程师,厦门一维天地信息技术有限公司,厦门,4,后端开发（hibernate、linux开发）,—
J0235,技术顾问,厦门一维天地信息技术有限公司,厦门,0,制造业质量/检验（成本管理、抖音）,制造业质量/检验（图文平台、性能检测）
J0236,研发实习生,正航软件,厦门,0,制造业质量/检验（成本管理、抖音）,Java/后端（spring、mybatis）
J0237,IT信息技术专员,宫崎科技(厦门)有限公司,厦门,0,制造业质量/检验（成本管理、抖音）,制造业质量/检验（图文平台、性能检测）
J0238,高级软件工程师,厦门智融合科技有限公司,厦门,4,后端开发（hibernate、linux开发）,—
J0239,前端全栈工程师,宫崎科技(厦门)有限公司,厦门,8,前端开发（web前端、erp项目）,—
J0240,java初级工程师,宫崎科技(厦门)有限公司,厦门,4,后端开发（hibernate、linux开发）,—
J0241,html5前端开发,宫崎科技(厦门)有限公司,厦门,8,前端开发（web前端、erp项目）,—
J0242,unity,厦门益点网络科技有限公司,厦门,0,制造业质量/检验（成本管理、抖音）,Java/后端（spring、mybatis）
J0243,标注工程师 Labelling Engineer,陶朗分选技术(厦门)有限公司,厦门,0,制造业质量/检验（成本管理、抖音）,制造业质量/检验（图文平台、性能检测）
J0244,Python爬虫工程师【线上兼职】,云南森有彩文化有限公司,厦门,4,后端开发（hibernate、linux开发）,—
J0245,Python爬虫工程师【线上兼职】,云南广地建筑设计有限公司,厦门,4,后端开发（hibernate、linux开发）,—
J0246,AI算法工程师,厦门睿云联创新科技股份有限公司,厦门,7,算法/人工智能（智能驾驶、传感器融合）,—
J0247,算法工程师（音视频）,厦门亿联网络技术股份有限公司,厦门,7,算法/人工智能（智能驾驶、传感器融合）,—
J0248,c/c++研发工程师,厦门天锐科技股份有限公司,厦门,4,后端开发（hibernate、linux开发）,—
J0249,AI应用开发工程师,厦门新宝裕工贸有限公司,厦门,4,后端开发（hibernate、linux开发）,—
J0250,厦门-数据分析岗,太平洋产险,厦门,2,数据分析/BI（数仓开发、kettle）,—
J0251,AI算法应用,厦门钨业股份有限公司,厦门,7,算法/人工智能（智能驾驶、传感器融合）,—
J0252,算法工程师,中科飞龙(厦门)科技发展有限公司,厦门,7,算法/人工智能（智能驾驶、传感器融合）,—
J0253,游戏测试【2027校招】,4399,厦门,3,软件测试（信号测试、安全测试）,—
J0254,数据分析岗/数据分析工程师,厦门道唯思信息技术有限公司,厦门,2,数据分析/BI（数仓开发、kettle）,—
J0255,自动化测试工程师,厦门思泰克智能科技股份有限公司,厦门,3,软件测试（信号测试、安全测试）,—
J0256,算法工程师,奥谱天成(厦门)光电股份有限公司,厦门,7,算法/人工智能（智能驾驶、传感器融合）,—
J0257,数据治理岗(J14946),厦门象屿金象控股集团有限公司,厦门,0,制造业质量/检验（成本管理、抖音）,数据/统计分析（数据建模、统计学）
J0258,数据开发工程师,科珠(广州)科技有限公司,厦门,4,后端开发（hibernate、linux开发）,—
J0259,c#工程师（应届生）,厦门一维天地信息技术有限公司,厦门,0,制造业质量/检验（成本管理、抖音）,Java/后端（spring、mybatis）
J0260,算法工程师,厦门威芯泰科技有限公司,厦门,7,算法/人工智能（智能驾驶、传感器融合）,—
J0261,大数据算法工程师（安踏项目）,软通动力信息技术(集团)股份有限公司,厦门,7,算法/人工智能（智能驾驶、传感器融合）,—
J0262,CCD助理工程师（本科应届生，含AI方向）,厦门东声电子有限公司,厦门,0,制造业质量/检验（成本管理、抖音）,硬件/仪器/自动化（组态软件、scratch）
J0263,AI研发工程师,广东华研智启科技有限公司,厦门,0,制造业质量/检验（成本管理、抖音）,算法/AI 应用（tensorflow、vit）
J0264,app测试开发工程师,星宸科技,厦门,3,软件测试（信号测试、安全测试）,—
J0265,大模型算法工程师 (MJ000093),厦门睿云联创新科技股份有限公司,厦门,7,算法/人工智能（智能驾驶、传感器融合）,—
J0266,智能制造AI算法专家/技术负责人,普为光电,厦门,7,算法/人工智能（智能驾驶、传感器融合）,—
J0267,生物信息工程师,厦门市集美区吉灵技术服务部(个体工商户),厦门,0,制造业质量/检验（成本管理、抖音）,硬件/仪器/自动化（组态软件、scratch）
J0268,数据开发,浪潮集团,厦门,0,制造业质量/检验（成本管理、抖音）,数据/统计分析（数据建模、统计学）
J0269,网络安全工程师,路达(厦门)工业有限公司,厦门,0,制造业质量/检验（成本管理、抖音）,硬件/仪器/自动化（组态软件、scratch）
J0270,人工智能算法工程师（厦门思明）,福建宏泰智能工业互联网有限公司,厦门,7,算法/人工智能（智能驾驶、传感器融合）,—
J0271,期货量化交易员,厦门保沣集团有限公司,厦门,0,制造业质量/检验（成本管理、抖音）,数据/统计分析（数据建模、统计学）
J0272,人工智能技术岗（大模型与算法研发方向）,中交一公局厦门工程有限公司,厦门,7,算法/人工智能（智能驾驶、传感器融合）,—
J0273,AI算法工程师,厦门思泰克智能科技股份有限公司,厦门,7,算法/人工智能（智能驾驶、传感器融合）,—
J0274,品质工程师 （2027届校招）,友达光电(厦门)有限公司,厦门,3,软件测试（信号测试、安全测试）,—
J0275,嵌入式软件开发实习生,厦门立林智能科技有限公司,厦门,5,嵌入式/硬件（rtos、32位单片机）,—
J0276,帆软实施工程师,科珠(广州)科技有限公司,厦门,1,运维/云与网络（分布式电站、空调工程）,—
J0277,27届校招数字化工程师(J10730),厦门金鹭,厦门,0,制造业质量/检验（成本管理、抖音）,硬件/仪器/自动化（组态软件、scratch）
J0278,BI分析师,日上集团,厦门,2,数据分析/BI（数仓开发、kettle）,—
J0279,ai应用开发工程师,垒知集团,厦门,4,后端开发（hibernate、linux开发）,—
J0280,高级AI软件测试工程师,厦门德捷信息科技有限公司,厦门,3,软件测试（信号测试、安全测试）,—
J0281,嵌入式软件开发,星宸科技,厦门,5,嵌入式/硬件（rtos、32位单片机）,—
J0282,ETL工程师（厦门）,广州南天电脑系统有限公司,厦门,2,数据分析/BI（数仓开发、kettle）,—
J0283,测试工程师 (MJ000539),强力巨彩,厦门,3,软件测试（信号测试、安全测试）,—
J0284,软件配置工程师（上海/厦门 接受25应届生）,科锐尔人力资源服务(苏州)有限公司,厦门,0,制造业质量/检验（成本管理、抖音）,硬件/仪器/自动化（组态软件、scratch）
J0285,算法工程师,南宁邑通科技有限公司,厦门,7,算法/人工智能（智能驾驶、传感器融合）,—
J0286,算法工程师（数据挖掘方向）,软通动力信息技术(集团)股份有限公司,厦门,7,算法/人工智能（智能驾驶、传感器融合）,—
J0287,视觉算法工程师—双休—上市公司—待遇好,立达信物联科技股份有限公司,厦门,7,算法/人工智能（智能驾驶、传感器融合）,—
J0288,AI落地工程师,福建天智互动信息科技有限公司,厦门,0,制造业质量/检验（成本管理、抖音）,硬件/仪器/自动化（组态软件、scratch）
J0289,运维工程师（支撑产品）,厦门快快网络科技有限公司,厦门,1,运维/云与网络（分布式电站、空调工程）,—
J0290,运维开发工程师,厦门市威特计算机信息系统工程有限公司,厦门,1,运维/云与网络（分布式电站、空调工程）,—
J0291,ai图像算法工程师,厦门思泰克智能科技股份有限公司,厦门,7,算法/人工智能（智能驾驶、传感器融合）,—
J0292,运维工程师-厦门,中电福富信息科技有限公司,厦门,1,运维/云与网络（分布式电站、空调工程）,—
J0293,嵌入式软件工程师,奥佳华,厦门,5,嵌入式/硬件（rtos、32位单片机）,—
J0294,Linux嵌入式工程师,厦门万宾科技有限公司,厦门,5,嵌入式/硬件（rtos、32位单片机）,—
J0295,机器人控制系统工程师,厦门众镧高科有限公司,厦门,0,制造业质量/检验（成本管理、抖音）,硬件/仪器/自动化（组态软件、scratch）
J0296,计算机视觉工程师（图像算法方向）,厦门灵图科技有限公司,厦门,7,算法/人工智能（智能驾驶、传感器融合）,—
J0297,运维工程师,厦门世纪伟业网络科技有限公司,厦门,1,运维/云与网络（分布式电站、空调工程）,—
J0298,SRE工程师（某运营商）,北京神州数字科技有限公司,厦门,0,制造业质量/检验（成本管理、抖音）,硬件/仪器/自动化（组态软件、scratch）
J0299,行业分析师（AI、硬科技方向）实习生,厦门长融投资管理有限公司,厦门,7,算法/人工智能（智能驾驶、传感器融合）,—
J0300,测试实习生（27届） (MJ000131),厦门睿云联创新科技股份有限公司,厦门,3,软件测试（信号测试、安全测试）,—
J0301,数据分析,软通动力信息技术(集团)股份有限公司,厦门,2,数据分析/BI（数仓开发、kettle）,—
J0302,数据开发,浪潮集团,厦门,0,制造业质量/检验（成本管理、抖音）,Java/后端（spring、mybatis）
J0303,博士-AI算法（工业图像大模型缺陷检测方向）,厦门思泰克智能科技股份有限公司,厦门,7,算法/人工智能（智能驾驶、传感器融合）,—
J0304,DBA实习生,北京海天起点技术服务股份有限公司,厦门,1,运维/云与网络（分布式电站、空调工程）,—
J0305,测试工程师,厦门助赢科技有限公司,厦门,3,软件测试（信号测试、安全测试）,—
J0306,硬件测试工程师,蓝斯股份,厦门,3,软件测试（信号测试、安全测试）,—
J0307,大数据开发工程师,厦门东思信息技术有限公司,厦门,2,数据分析/BI（数仓开发、kettle）,—
J0308,BA,秦皇岛锐聘企业管理咨询有限公司,厦门,0,制造业质量/检验（成本管理、抖音）,数据/统计分析（数据建模、统计学）
J0309,Microsoft Fabric 数据工程师,厦门德捷信息科技有限公司,厦门,2,数据分析/BI（数仓开发、kettle）,—
J0310,设备软件工程师,厦门徕泽丰科技有限公司,厦门,4,后端开发（hibernate、linux开发）,—
J0311,中级运维工程师,厦门快快网络科技有限公司,厦门,1,运维/云与网络（分布式电站、空调工程）,—
J0312,大数据技术专业教师,厦门兴才职业技术学院,厦门,2,数据分析/BI（数仓开发、kettle）,—
J0313,数据分析师,软通动力信息技术(集团)股份有限公司,厦门,2,数据分析/BI（数仓开发、kettle）,—
J0314,ETL工程师,京北方,厦门,2,数据分析/BI（数仓开发、kettle）,—
J0315,高级嵌入式软件工程师,科华数据股份有限公司,厦门,5,嵌入式/硬件（rtos、32位单片机）,—
J0316,oracle数据库开发工程师,惠尔康东方(厦门)食品有限公司,厦门,4,后端开发（hibernate、linux开发）,—
J0317,高级测试工程师(J10288),厦门星纵物联科技有限公司,厦门,3,软件测试（信号测试、安全测试）,—
J0318,中级人工智能工程师（具身智能）,厦门钨业股份有限公司,厦门,7,算法/人工智能（智能驾驶、传感器融合）,—
J0319,测试工程师,厦门星拉科技有限公司,厦门,3,软件测试（信号测试、安全测试）,—
J0320,图像算法工程师（预研）,厦门亿联网络技术股份有限公司,厦门,7,算法/人工智能（智能驾驶、传感器融合）,—
J0321,Dynamics AX技术顾问,厦门一维天地信息技术有限公司,厦门,5,嵌入式/硬件（rtos、32位单片机）,—
J0322,27届大模型算法工程师 (MJ000135),厦门睿云联创新科技股份有限公司,厦门,7,算法/人工智能（智能驾驶、传感器融合）,—
J0323,工艺与测试工程师 质量守门员,理工睿视(北京)光电科技有限公司,厦门,3,软件测试（信号测试、安全测试）,—
J0324,对日开发初级技术员到项目经理的全职位招聘,株式会社ProfaceSystems,厦门,6,产品/项目管理（国内市场、需求分析）,—
J0325,机器视觉算法工程师,厦门精合电气自动化有限公司,厦门,7,算法/人工智能（智能驾驶、传感器融合）,—
J0326,Linux 车载应用开发工程师,图创蔚蓝(沈阳)科技有限公司,厦门,4,后端开发（hibernate、linux开发）,—
J0327,AI数据实习生（在福建福州上班）可签三方协议,福州云之景科技有限公司,厦门,0,制造业质量/检验（成本管理、抖音）,制造业质量/检验（图文平台、性能检测）
J0328,投资研究员,厦门立坤建设发展有限公司,厦门,0,制造业质量/检验（成本管理、抖音）,供应链/物料/采购（物料管理、海外供应链）
J0329,实施工程师/助理项目经理,劭行数科(上海)智能科技有限公司,厦门,1,运维/云与网络（分布式电站、空调工程）,—
J0330,Sr. FP&A （AI）,英科新创,厦门,7,算法/人工智能（智能驾驶、传感器融合）,—
J0331,算法测试工程师,厦门思泰克智能科技股份有限公司,厦门,3,软件测试（信号测试、安全测试）,—
J0332,人工智能技术专业教师,厦门兴才职业技术学院,厦门,7,算法/人工智能（智能驾驶、传感器融合）,—
J0333,电子商务专任教师（工科类）,厦门华厦学院,厦门,0,制造业质量/检验（成本管理、抖音）,硬件/仪器/自动化（组态软件、scratch）
J0334,数据治理高级专业主管/专业经理(J17485),厦门象屿股份有限公司,厦门,0,制造业质量/检验（成本管理、抖音）,硬件/仪器/自动化（组态软件、scratch）
J0335,综合管理主管-KPI管理 (MJ056715),厦门时代新能动力科技有限公司,厦门,0,制造业质量/检验（成本管理、抖音）,供应链/物料/采购（物料管理、海外供应链）
J0336,薪资绩效专员·厦门(J12541),快乐学习(厦门)文化有限公司,厦门,0,制造业质量/检验（成本管理、抖音）,硬件/仪器/自动化（组态软件、scratch）
J0337,数据开发-外包-厦门,北京银丰新融科技开发有限公司,厦门,0,制造业质量/检验（成本管理、抖音）,制造业质量/检验（图文平台、性能检测）
J0338,机器人导航算法工程师,厦门蓝旭科技有限公司,厦门,7,算法/人工智能（智能驾驶、传感器融合）,—
J0339,总行信息技术部——系统开发岗（数据开发方向）,厦门银行股份有限公司,厦门,0,制造业质量/检验（成本管理、抖音）,数据/统计分析（数据建模、统计学）
J0340,数据治理资深/高级工程师,厦门海辰储能科技股份有限公司,厦门,0,制造业质量/检验（成本管理、抖音）,数据/统计分析（数据建模、统计学）
J0341,软件测试（银行-国结）,北京捷科智诚科技有限公司上海分公司,厦门,3,软件测试（信号测试、安全测试）,—
J0342,AI数字化储备干部（2026应届可投）,厦门高帝集团有限公司,厦门,0,制造业质量/检验（成本管理、抖音）,制造业质量/检验（图文平台、性能检测）
J0343,电化学系统测试工程师,嘉庚创新实验室,厦门,3,软件测试（信号测试、安全测试）,—
J0344,27届数据管培生,中国平安财产保险股份有限公司厦门分公司,厦门,0,制造业质量/检验（成本管理、抖音）,制造业质量/检验（图文平台、性能检测）
J0345,技术支持（驻场某运营商）,北京神州数字科技有限公司,厦门,0,制造业质量/检验（成本管理、抖音）,硬件/仪器/自动化（组态软件、scratch）
J0346,数据库工程师,深圳市盛凯信息科技有限公司,厦门,0,制造业质量/检验（成本管理、抖音）,Java/后端（spring、mybatis）
J0347,嵌入式Linux应用开发工程师,厦门硕祺数字科技有限公司,厦门,5,嵌入式/硬件（rtos、32位单片机）,—
J0348,大数据与会计专业专任老师,厦门兴才职业技术学院,厦门,2,数据分析/BI（数仓开发、kettle）,—
J0349,品质测试工程师,青祁(厦门)半导体有限公司,厦门,3,软件测试（信号测试、安全测试）,—
J0350,采购稽核专业主管（内控方向）,强力巨彩,厦门,0,制造业质量/检验（成本管理、抖音）,数据/统计分析（数据建模、统计学）
J0351,图像算法工程师,厦门亿联网络技术股份有限公司,厦门,7,算法/人工智能（智能驾驶、传感器融合）,—
J0352,采购高级工程师（成本管理）,厦门海辰储能科技股份有限公司,厦门,0,制造业质量/检验（成本管理、抖音）,供应链/物料/采购（物料管理、海外供应链）
J0353,【2027校招】数字IC中端工程师-厦门,星宸科技,厦门,5,嵌入式/硬件（rtos、32位单片机）,—
J0354,权益投资经理,君龙人寿,厦门,0,制造业质量/检验（成本管理、抖音）,硬件/仪器/自动化（组态软件、scratch）
J0355,c++开发工程师,厦门市威特计算机信息系统工程有限公司,厦门,4,后端开发（hibernate、linux开发）,—
J0356,数仓开发,诚迈科技股份有限公司,厦门,2,数据分析/BI（数仓开发、kettle）,—
J0357,php工程师,厦门麟贝互娱科技有限公司,厦门,4,后端开发（hibernate、linux开发）,—
J0358,资深机器视觉工程师（攸信）,盈趣科技,厦门,7,算法/人工智能（智能驾驶、传感器融合）,—
J0359,机器人导航算法工程师（厦门思明）,福建宏泰智能工业互联网有限公司,厦门,7,算法/人工智能（智能驾驶、传感器融合）,—
J0360,智能体开发工程师（NLP）,厦门依华智慧科技有限公司,厦门,7,算法/人工智能（智能驾驶、传感器融合）,—
J0361,金融风控经理,厦门立坤建设发展有限公司,厦门,0,制造业质量/检验（成本管理、抖音）,供应链/物料/采购（物料管理、海外供应链）
J0362,IC设计工程师,北京国科环宇科技股份有限公司,厦门,5,嵌入式/硬件（rtos、32位单片机）,—
J0363,自动化工程师,海荭兴,厦门,0,制造业质量/检验（成本管理、抖音）,硬件/仪器/自动化（组态软件、scratch）
J0364,中高级数据开发工程师,浪潮集团,厦门,4,后端开发（hibernate、linux开发）,—
J0365,导航算法工程师,厦门蓝旭科技有限公司,厦门,7,算法/人工智能（智能驾驶、传感器融合）,—
J0366,AI 产品架构师（具身方向）,厦门宏程安科技有限公司,厦门,7,算法/人工智能（智能驾驶、传感器融合）,—
J0367,仿真工程师,全磊光电股份有限公司,厦门,0,制造业质量/检验（成本管理、抖音）,硬件/仪器/自动化（组态软件、scratch）
J0368,采销经营分析（base总部）,福州朴朴电子商务有限公司,厦门,0,制造业质量/检验（成本管理、抖音）,硬件/仪器/自动化（组态软件、scratch）
J0369,音频算法工程师(J11117),厦门亿联网络技术股份有限公司,厦门,7,算法/人工智能（智能驾驶、传感器融合）,—
J0370,AI软件销售/接入DeepSeek,厦门黑谷网络科技股份有限公司,厦门,0,制造业质量/检验（成本管理、抖音）,制造业质量/检验（图文平台、性能检测）
J0371,PLM顾问 (MJ000429),清源科技股份有限公司,厦门,0,制造业质量/检验（成本管理、抖音）,硬件/仪器/自动化（组态软件、scratch）
J0372,机器视觉工程师（视觉/上位机）,厦门赛尔特电子股份有限公司,厦门,7,算法/人工智能（智能驾驶、传感器融合）,—
J0373,解决方案工程师（数据方向）,厦门赛西科技发展有限责任公司,厦门,0,制造业质量/检验（成本管理、抖音）,硬件/仪器/自动化（组态软件、scratch）
J0374,生产工程部经理,厦门宝太生物科技股份有限公司,厦门,0,制造业质量/检验（成本管理、抖音）,算法/AI 应用（tensorflow、vit）
J0375,整合工程师,友达智慧行动系统(厦门)有限公司,厦门,0,制造业质量/检验（成本管理、抖音）,供应链/物料/采购（物料管理、海外供应链）
J0376,光学工程师,厦门三优光电股份有限公司,厦门,0,制造业质量/检验（成本管理、抖音）,硬件/仪器/自动化（组态软件、scratch）
J0377,无人驾驶数据实习生2027届2(在福州上班）,福州云之景科技有限公司,厦门,0,制造业质量/检验（成本管理、抖音）,制造业质量/检验（图文平台、性能检测）
J0378,图像算法工程师,厦门思泰克智能科技股份有限公司,厦门,7,算法/人工智能（智能驾驶、传感器融合）,—
J0379,导航算法工程师-ROS激光导航/视觉导航方向,福建宏泰智能工业互联网有限公司,厦门,7,算法/人工智能（智能驾驶、传感器融合）,—
J0380,数据调研管培生（双休）,厦门莲桥企业管理咨询有限公司,厦门,0,制造业质量/检验（成本管理、抖音）,数据/统计分析（数据建模、统计学）
J0381,制程工程师-S17,友达光电(厦门)有限公司,厦门,0,制造业质量/检验（成本管理、抖音）,供应链/物料/采购（物料管理、海外供应链）
J0382,中高级数据开发工程师,浪潮集团,厦门,4,后端开发（hibernate、linux开发）,—
J0383,采购质量运营专员（采购过程管理）,强力巨彩,厦门,0,制造业质量/检验（成本管理、抖音）,数据/统计分析（数据建模、统计学）
J0384,定位算法工程师,厦门蓝旭科技有限公司,厦门,7,算法/人工智能（智能驾驶、传感器融合）,—
J0385,大数据开发工程师,上海启高信息科技有限公司,厦门,2,数据分析/BI（数仓开发、kettle）,—
J0386,golang开发工程师,厦门亿联网络技术股份有限公司,厦门,4,后端开发（hibernate、linux开发）,—
J0387,视觉算法工程师（具身智能方向）,厦门宏程安科技有限公司,厦门,7,算法/人工智能（智能驾驶、传感器融合）,—
J0388,投资经理,厦门立坤建设发展有限公司,厦门,0,制造业质量/检验（成本管理、抖音）,数据/统计分析（数据建模、统计学）
J0389,电力系统仿真,科华数据股份有限公司,厦门,0,制造业质量/检验（成本管理、抖音）,硬件/仪器/自动化（组态软件、scratch）
J0390,设备工程师,友达智慧行动系统(厦门)有限公司,厦门,0,制造业质量/检验（成本管理、抖音）,供应链/物料/采购（物料管理、海外供应链）
J0391,AIOps 工程师（LLM平台 / AI系统运维）,厦门德捷信息科技有限公司,厦门,1,运维/云与网络（分布式电站、空调工程）,—
J0392,sap顾问-SD/MM,软通动力信息技术(集团)股份有限公司,厦门,0,制造业质量/检验（成本管理、抖音）,制造业质量/检验（图文平台、性能检测）
J0393,机器视觉算法工程师,厦门彼格科技有限公司,厦门,7,算法/人工智能（智能驾驶、传感器融合）,—
J0394,定位感知工程师,河南辉锐人力资源管理有限公司,厦门,0,制造业质量/检验（成本管理、抖音）,制造业质量/检验（图文平台、性能检测）
J0395,薪资绩效专员·厦门(J12387),快乐学习(厦门)文化有限公司,厦门,0,制造业质量/检验（成本管理、抖音）,硬件/仪器/自动化（组态软件、scratch）
J0396,博士后（智慧储能大型科研基础设施项目群）,嘉庚创新实验室,厦门,0,制造业质量/检验（成本管理、抖音）,算法/AI 应用（tensorflow、vit）
J0397,GIS开发工程师,精图信息,厦门,4,后端开发（hibernate、linux开发）,—
J0398,COCOS客户端,厦门麟贝互娱科技有限公司,厦门,0,制造业质量/检验（成本管理、抖音）,硬件/仪器/自动化（组态软件、scratch）
J0399,IT技术中心主管,厦门快快网络科技有限公司,厦门,0,制造业质量/检验（成本管理、抖音）,算法/AI 应用（tensorflow、vit）
J0400,物联网应用技术专业骨干教师,厦门兴才职业技术学院,厦门,0,制造业质量/检验（成本管理、抖音）,硬件/仪器/自动化（组态软件、scratch）
J0401,移动机器人算法工程师（感知与规控方向）,厦门宏程安科技有限公司,厦门,7,算法/人工智能（智能驾驶、传感器融合）,—
J0402,达梦数据库运维工程师（厦门）,南京云白信息科技有限公司,厦门,1,运维/云与网络（分布式电站、空调工程）,—
J0403,飞控算法工程师,厦门市汉飞鹰航空科技有限公司,厦门,7,算法/人工智能（智能驾驶、传感器融合）,—
J0404,失效分析制程工程师,友达智慧行动系统(厦门)有限公司,厦门,0,制造业质量/检验（成本管理、抖音）,供应链/物料/采购（物料管理、海外供应链）
J0405,机器视觉算法工程师,九牧厨卫股份有限公司,厦门,7,算法/人工智能（智能驾驶、传感器融合）,—
J0406,安卓系统开发工程师,星宸科技,厦门,4,后端开发（hibernate、linux开发）,—
J0407,权益投资研究岗,君龙人寿,厦门,0,制造业质量/检验（成本管理、抖音）,供应链/物料/采购（物料管理、海外供应链）
J0408,产品经理（DC系统）-钠电产品线 (MJ004985),厦门海辰储能科技股份有限公司,厦门,6,产品/项目管理（国内市场、需求分析）,—
J0409,质量与运营专业主管 (MJ000601),强力巨彩,厦门,0,制造业质量/检验（成本管理、抖音）,供应链/物料/采购（物料管理、海外供应链）
J0410,财税顾问主管,麦肯利咨询有限公司,厦门,0,制造业质量/检验（成本管理、抖音）,供应链/物料/采购（物料管理、海外供应链）
J0411,光学设计工程师,福建盈方光电科技有限公司,厦门,0,制造业质量/检验（成本管理、抖音）,硬件/仪器/自动化（组态软件、scratch）
J0412,制造工程师-S17,友达光电(厦门)有限公司,厦门,0,制造业质量/检验（成本管理、抖音）,供应链/物料/采购（物料管理、海外供应链）
J0413,光学工程师（光纤激光/窄线宽激光）,厦门彼格科技有限公司,厦门,0,制造业质量/检验（成本管理、抖音）,硬件/仪器/自动化（组态软件、scratch）
J0414,财务主管,延江股份,厦门,0,制造业质量/检验（成本管理、抖音）,供应链/物料/采购（物料管理、海外供应链）
J0415,FMA整合工程师,友达智慧行动系统(厦门)有限公司,厦门,0,制造业质量/检验（成本管理、抖音）,供应链/物料/采购（物料管理、海外供应链）
J0416,中级Java开发工程师,中科同恒环境科技有限公司,厦门,4,后端开发（hibernate、linux开发）,—
J0417,java架构师,厦门盒群信息技术有限公司,厦门,4,后端开发（hibernate、linux开发）,—
J0418,高级数据开发工程师,软通动力信息技术(集团)股份有限公司,厦门,4,后端开发（hibernate、linux开发）,—
J0419,薪资绩效专员·厦门(J12537),快乐学习(厦门)文化有限公司,厦门,0,制造业质量/检验（成本管理、抖音）,硬件/仪器/自动化（组态软件、scratch）
J0420,生产制造工程师,友达智慧行动系统(厦门)有限公司,厦门,0,制造业质量/检验（成本管理、抖音）,供应链/物料/采购（物料管理、海外供应链）
J0421,Agent工程师,厦门亿联网络技术股份有限公司,厦门,0,制造业质量/检验（成本管理、抖音）,硬件/仪器/自动化（组态软件、scratch）
J0422,电气资深工程师b-深圳数能 (MJ004875),厦门海辰储能科技股份有限公司,厦门,0,制造业质量/检验（成本管理、抖音）,硬件/仪器/自动化（组态软件、scratch）
J0423,工艺/制程工程师,友达智慧行动系统(厦门)有限公司,厦门,0,制造业质量/检验（成本管理、抖音）,供应链/物料/采购（物料管理、海外供应链）
J0424,前端开发,软通动力信息技术(集团)股份有限公司,厦门,8,前端开发（web前端、erp项目）,—
J0425,Web前端工程师,正航软件,厦门,8,前端开发（web前端、erp项目）,—
J0426,网页制作,厦门市奥特尼科技有限公司,厦门,0,制造业质量/检验（成本管理、抖音）,制造业质量/检验（图文平台、性能检测）
J0427,Web前端开发工程师（GIS/三维可视化方向）,北京企慕科技有限公司,厦门,8,前端开发（web前端、erp项目）,—
J0428,前端开发,厦门天吴海洋科技有限公司,厦门,8,前端开发（web前端、erp项目）,—
J0429,前端开发工程师,瀚天天成电子科技(厦门)股份有限公司,厦门,8,前端开发（web前端、erp项目）,—
J0430,前端工程师,厦门绩牛智能科技有限公司,厦门,8,前端开发（web前端、erp项目）,—
J0431,前端开发工程师,厦门悠闲自在科技有限公司,厦门,8,前端开发（web前端、erp项目）,—
J0432,风控-福建（城市不限）,狮桥融资租赁（中国）有限公司,厦门,0,制造业质量/检验（成本管理、抖音）,制造业质量/检验（图文平台、性能检测）
J0433,前端工程师,软通动力信息技术(集团)股份有限公司,厦门,8,前端开发（web前端、erp项目）,—
J0434,Web前端开发工程师 (MJ000141),厦门睿云联创新科技股份有限公司,厦门,8,前端开发（web前端、erp项目）,—
J0435,企微运营（前端）,福州奇拓电子有限公司,厦门,8,前端开发（web前端、erp项目）,—
J0436,初级前端开发工程师,厦门智融合科技有限公司,厦门,8,前端开发（web前端、erp项目）,—
J0437,27届前端开发工程师 (MJ000159),厦门睿云联创新科技股份有限公司,厦门,8,前端开发（web前端、erp项目）,—
J0438,集美软三-技术支持,厦门赢定科技股份有限公司,厦门,0,制造业质量/检验（成本管理、抖音）,制造业质量/检验（图文平台、性能检测）
J0439,【2027校招】数字IC后端工程师-厦门,星宸科技,厦门,5,嵌入式/硬件（rtos、32位单片机）,—
J0440,软件工程师,厦门澳仕达电子有限公司,厦门,4,后端开发（hibernate、linux开发）,—
J0441,嵌入式工程师,厦门亿联网络技术股份有限公司,厦门,5,嵌入式/硬件（rtos、32位单片机）,—
J0442,软件工程师,清华海峡研究院(厦门),厦门,4,后端开发（hibernate、linux开发）,—
J0443,嵌入式软件工程师,厦门精研自动化元件有限公司,厦门,5,嵌入式/硬件（rtos、32位单片机）,—
J0444,上位机软件工程师,厦门标领智能装备有限公司,厦门,4,后端开发（hibernate、linux开发）,—
J0445,软件工程师,北京国科环宇科技股份有限公司,厦门,4,后端开发（hibernate、linux开发）,—
J0446,嵌入式软件研发工程师,力鼎光电,厦门,5,嵌入式/硬件（rtos、32位单片机）,—
J0447,bms软件工程师,厦门蓝旭科技有限公司,厦门,4,后端开发（hibernate、linux开发）,—
J0448,高级软件工程师,厦门艾美森新材料科技股份有限公司,厦门,4,后端开发（hibernate、linux开发）,—
J0449,嵌入式软件开发工程师,福建富昌维控电子科技股份有限公司,厦门,5,嵌入式/硬件（rtos、32位单片机）,—
J0450,Net/C#高级后端工程师（外企正编）Azure,四川智服人力资源有限公司,厦门,4,后端开发（hibernate、linux开发）,—
J0451,中高级C++后台开发工程师 (MJ000126),厦门睿云联创新科技股份有限公司,厦门,4,后端开发（hibernate、linux开发）,—
J0452,网络客服,胜丽(厦门)咨询服务有限公司,厦门,0,制造业质量/检验（成本管理、抖音）,制造业质量/检验（图文平台、性能检测）
J0453,法务咨询顾问8K+奖金+带教,深圳市晨星破产清算事务所有限公司厦门分公司,厦门,0,制造业质量/检验（成本管理、抖音）,制造业质量/检验（图文平台、性能检测）
J0454,嵌入式软件工程师,厦门海菱科技股份有限公司,厦门,5,嵌入式/硬件（rtos、32位单片机）,—
J0455,嵌入式软件工程师（校招）(J10015),厦门汉印股份有限公司,厦门,5,嵌入式/硬件（rtos、32位单片机）,—
J0456,邮轮产品销售业务经理(J17449),厦门国际邮轮母港集团有限公司,厦门,6,产品/项目管理（国内市场、需求分析）,—
J0457,城市业务负责人（福州、泉州）,厦门中泓信投资运营有限公司,厦门,0,制造业质量/检验（成本管理、抖音）,制造业质量/检验（图文平台、性能检测）
J0458,嵌入式软件工程师（路由器）,厦门四五零科技有限公司,厦门,5,嵌入式/硬件（rtos、32位单片机）,—
J0459,HRBP（偏员工关系）,厦门星纵物联科技有限公司,厦门,0,制造业质量/检验（成本管理、抖音）,供应链/物料/采购（物料管理、海外供应链）
J0460,软件工程师,厦门顶科电子有限公司,厦门,4,后端开发（hibernate、linux开发）,—
J0461,企业咨询销售顾问,厦门百润管理咨询有限公司,厦门,0,制造业质量/检验（成本管理、抖音）,制造业质量/检验（图文平台、性能检测）
J0462,嵌入式软件开发工程师（充电桩）,厦门著赫电子科技有限公司,厦门,5,嵌入式/硬件（rtos、32位单片机）,—
J0463,模拟版图设计工程师,星宸科技,厦门,0,制造业质量/检验（成本管理、抖音）,制造业质量/检验（图文平台、性能检测）
J0464,新媒体账号运营专员（小红书）(J65661),新东方教育科技集团有限公司,厦门,0,制造业质量/检验（成本管理、抖音）,制造业质量/检验（图文平台、性能检测）
J0465,嵌入式工程师-RTOS,厦门亿联网络技术股份有限公司,厦门,5,嵌入式/硬件（rtos、32位单片机）,—
J0466,方案设计师,航天思尔特,厦门,0,制造业质量/检验（成本管理、抖音）,制造业质量/检验（图文平台、性能检测）
J0467,建材销售经理/总经理（国央企业务）,华承(厦门)投资发展有限公司,厦门,0,制造业质量/检验（成本管理、抖音）,制造业质量/检验（图文平台、性能检测）
J0468,伺服驱动软件开发工程师,福建富昌维控电子科技股份有限公司,厦门,5,嵌入式/硬件（rtos、32位单片机）,—
J0469,采购开发工程师,厦门坤锦电子科技有限公司,厦门,4,后端开发（hibernate、linux开发）,—
J0470,C++/QT开发工程师,盛航(台州)科技有限公司,厦门,4,后端开发（hibernate、linux开发）,—
J0471,销售业务跟单员,晋大科技,厦门,0,制造业质量/检验（成本管理、抖音）,供应链/物料/采购（物料管理、海外供应链）
J0472,法务BP岗（外派常熟/无锡）,厦门弘信电子科技集团股份有限公司,厦门,0,制造业质量/检验（成本管理、抖音）,制造业质量/检验（图文平台、性能检测）
J0473,雅思/DSE英语老师,厦门市思明区韦氏英语培训学校,厦门,0,制造业质量/检验（成本管理、抖音）,制造业质量/检验（图文平台、性能检测）
J0474,新媒体运营,厦门小题旅行科技有限公司,厦门,0,制造业质量/检验（成本管理、抖音）,制造业质量/检验（图文平台、性能检测）
J0475,软件工程师（应届生）,爱维达电子,厦门,4,后端开发（hibernate、linux开发）,—
J0476,区域销售经理,厦门万宾科技有限公司,厦门,0,制造业质量/检验（成本管理、抖音）,制造业质量/检验（图文平台、性能检测）
J0477,售后服务人员,中国人寿保险股份有限公司厦门市思明区支公司,厦门,0,制造业质量/检验（成本管理、抖音）,制造业质量/检验（图文平台、性能检测）
J0478,Android驱动开发工程师,蓝斯股份,厦门,5,嵌入式/硬件（rtos、32位单片机）,—
J0479,嵌入式软件工程师,宁德岭阳电子科技有限公司,厦门,5,嵌入式/硬件（rtos、32位单片机）,—
J0480,驱动开发工程师,宸展光电(厦门)股份有限公司,厦门,5,嵌入式/硬件（rtos、32位单片机）,—
J0481,软件技术专业骨干教师,厦门兴才职业技术学院,厦门,0,制造业质量/检验（成本管理、抖音）,Java/后端（spring、mybatis）
J0482,C++工程师（SDK）(J11802),厦门亿联网络技术股份有限公司,厦门,4,后端开发（hibernate、linux开发）,—
J0483,嵌入式软件开发,厦门九华通信设备厂,厦门,5,嵌入式/硬件（rtos、32位单片机）,—
J0484,嵌入式软件工程师（单片机应用软件方向）,厦门汉印股份有限公司,厦门,5,嵌入式/硬件（rtos、32位单片机）,—
J0485,裸线开发专家 Raw Cable Development Expert（接纳…,安费诺电子装配(厦门)有限公司,厦门,0,制造业质量/检验（成本管理、抖音）,制造业质量/检验（图文平台、性能检测）
J0486,golang开发工程师,厦门盒群信息技术有限公司,厦门,4,后端开发（hibernate、linux开发）,—
J0487,java（福州驻场有住宿）,北京神州数字科技有限公司,厦门,4,后端开发（hibernate、linux开发）,—
J0488,计算机开发工程师,云南广地建筑设计有限公司,厦门,4,后端开发（hibernate、linux开发）,—
J0489,研发工程师,正航软件,厦门,0,制造业质量/检验（成本管理、抖音）,算法/AI 应用（tensorflow、vit）
J0490,系统工程师,宫崎科技(厦门)有限公司,厦门,0,制造业质量/检验（成本管理、抖音）,制造业质量/检验（图文平台、性能检测）
J0491,Unity游戏开发工程师,厦门轻舟互娱网络科技有限公司,厦门,4,后端开发（hibernate、linux开发）,—
J0492,c#上位机软件开发工程师,厦门力晟传感科技有限公司,厦门,4,后端开发（hibernate、linux开发）,—
J0493,计算机软件开发工程师,源水能(厦门)投资有限公司,厦门,4,后端开发（hibernate、linux开发）,—
J0494,BMS软件资深工程师,厦门新能安科技有限公司,厦门,0,制造业质量/检验（成本管理、抖音）,制造业质量/检验（图文平台、性能检测）
J0495,炭素工艺工程师,厦门虹鹭,厦门,0,制造业质量/检验（成本管理、抖音）,制造业质量/检验（图文平台、性能检测）
J0496,智能体平台研发工程师 (MJ052308),宁德时代新能源科技股份有限公司,厦门,0,制造业质量/检验（成本管理、抖音）,硬件/仪器/自动化（组态软件、scratch）
J0497,高级嵌入式开发工程师,厦门睿云联创新科技股份有限公司,厦门,5,嵌入式/硬件（rtos、32位单片机）,—
J0498,flutter移动开发工程师(短期半年 后续可能续签),科锐尔人力资源服务(苏州)有限公司,厦门,4,后端开发（hibernate、linux开发）,—
J0499,城市合伙人,厦门中泓信投资运营有限公司,厦门,0,制造业质量/检验（成本管理、抖音）,制造业质量/检验（图文平台、性能检测）
J0500,车载 HMI 开发工程师,图创蔚蓝(沈阳)科技有限公司,厦门,4,后端开发（hibernate、linux开发）,—
J0501,Java开发,软通动力信息技术(集团)股份有限公司,厦门,4,后端开发（hibernate、linux开发）,—
J0502,Java开发工程师（ERP业务）,厦门争新科技有限公司,厦门,4,后端开发（hibernate、linux开发）,—
J0503,品质专员,厦门凯隆晟电子科技有限公司,厦门,3,软件测试（信号测试、安全测试）,—
J0504,质检专员,福建捷斯特阀门制造有限公司,厦门,0,制造业质量/检验（成本管理、抖音）,质量检验（qa、qc）
J0505,测试工程师-智储,嘉庚创新实验室,厦门,3,软件测试（信号测试、安全测试）,—
J0506,测试技工,厦门东声电子有限公司,厦门,3,软件测试（信号测试、安全测试）,—
J0507,组装测试工程师,厦门众镧高科有限公司,厦门,3,软件测试（信号测试、安全测试）,—
J0508,质量工程师,厦门新声科技有限公司,厦门,3,软件测试（信号测试、安全测试）,—
J0509,检验员,厦门市益津鹭科技有限公司,厦门,0,制造业质量/检验（成本管理、抖音）,制造业质量/检验（图文平台、性能检测）
J0510,软件测试工程师,厦门天锐科技股份有限公司,厦门,3,软件测试（信号测试、安全测试）,—
J0511,过程品控专员（PQE）,厦门厦钨新能源材料股份有限公司,厦门,0,制造业质量/检验（成本管理、抖音）,制造业质量/检验（图文平台、性能检测）
J0512,初级测试工程师,天阳科技,厦门,3,软件测试（信号测试、安全测试）,—
J0513,QE/助理工程师,沛乐迪(厦门)科技有限公司,厦门,0,制造业质量/检验（成本管理、抖音）,制造业质量/检验（图文平台、性能检测）
J0514,质量工程师,宁德时代新能源科技股份有限公司,厦门,3,软件测试（信号测试、安全测试）,—
J0515,测试工程师,中科星图股份有限公司,厦门,3,软件测试（信号测试、安全测试）,—
J0516,质量工程师,厦门乃尔电子有限公司,厦门,3,软件测试（信号测试、安全测试）,—
J0517,软件测试工程师,力鼎光电,厦门,3,软件测试（信号测试、安全测试）,—
J0518,质量工程师（面向2027届）,厦门宏发开关设备有限公司,厦门,3,软件测试（信号测试、安全测试）,—
J0519,质量/QE工程师（社招）,厦门云天半导体科技有限公司,厦门,0,制造业质量/检验（成本管理、抖音）,质量检验（qa、qc）
J0520,SQE质量管理工程师,厦门大恒科技有限公司,厦门,0,制造业质量/检验（成本管理、抖音）,制造业质量/检验（图文平台、性能检测）
J0521,质量工程师,厦门金鹭,厦门,3,软件测试（信号测试、安全测试）,—
J0522,测量工程师,厦门坤锦电子科技有限公司,厦门,0,制造业质量/检验（成本管理、抖音）,供应链/物料/采购（物料管理、海外供应链）
J0523,软件测试工程师,高伟达,厦门,3,软件测试（信号测试、安全测试）,—
J0524,研发质量工程师,厦门吉顺芯微电子有限公司,厦门,3,软件测试（信号测试、安全测试）,—
J0525,质量专员,中科海锐(厦门)科技研究院有限公司,厦门,0,制造业质量/检验（成本管理、抖音）,制造业质量/检验（图文平台、性能检测）
J0526,软件测试（定向培养）,天阳科技,厦门,3,软件测试（信号测试、安全测试）,—
J0527,品质工程师,厦门艾斯迪电子有限公司,厦门,3,软件测试（信号测试、安全测试）,—
J0528,质量主管,领晶(厦门)光电科技有限公司,厦门,0,制造业质量/检验（成本管理、抖音）,数据/统计分析（数据建模、统计学）
J0529,品质工程师助理,通达创智(厦门)股份有限公司,厦门,3,软件测试（信号测试、安全测试）,—
J0530,质量主任工程师（厦门）,中创新航科技集团股份有限公司,厦门,0,制造业质量/检验（成本管理、抖音）,制造业质量/检验（图文平台、性能检测）
J0531,质量经理,盈趣科技,厦门,0,制造业质量/检验（成本管理、抖音）,制造业质量/检验（图文平台、性能检测）
J0532,测试技术员,朗明纳斯光电(厦门)有限公司,厦门,3,软件测试（信号测试、安全测试）,—
J0533,软件测试工程师,厦门思泰克智能科技股份有限公司,厦门,3,软件测试（信号测试、安全测试）,—
J0534,包装质量,华润雪花,厦门,0,制造业质量/检验（成本管理、抖音）,质量检验（qa、qc）
J0535,技术质量部部长,垒知集团,厦门,0,制造业质量/检验（成本管理、抖音）,制造业质量/检验（图文平台、性能检测）
J0536,测试,软通动力信息技术(集团)股份有限公司,厦门,3,软件测试（信号测试、安全测试）,—
J0537,质量工程师,厦门安必兴信息科技有限公司,厦门,3,软件测试（信号测试、安全测试）,—
J0538,软件测试,京北方,厦门,3,软件测试（信号测试、安全测试）,—
J0539,品质管控,厦门市万象云创住房租赁有限公司,厦门,3,软件测试（信号测试、安全测试）,—
J0540,质量工程师,厦门森一量子材料股份有限公司,厦门,3,软件测试（信号测试、安全测试）,—
J0541,自动化测试工程师 （2027届校招）,友达光电(厦门)有限公司,厦门,3,软件测试（信号测试、安全测试）,—
J0542,质量工程师,厦门钨业股份有限公司,厦门,3,软件测试（信号测试、安全测试）,—
J0543,测试工程师,河北艾钉科技有限公司,厦门,3,软件测试（信号测试、安全测试）,—
J0544,QC工程师,厦门云天半导体科技有限公司,厦门,0,制造业质量/检验（成本管理、抖音）,质量检验（qa、qc）
J0545,初级银行测试工程师,天阳科技,厦门,3,软件测试（信号测试、安全测试）,—
J0546,质量工程师,力鼎光电,厦门,3,软件测试（信号测试、安全测试）,—
J0547,DQE,达昊(厦门)制造有限公司,厦门,0,制造业质量/检验（成本管理、抖音）,制造业质量/检验（图文平台、性能检测）
J0548,品质经理,厦门斯巴特科技股份有限公司,厦门,3,软件测试（信号测试、安全测试）,—
J0549,质量管培生 (MJ002071),大博医疗,厦门,0,制造业质量/检验（成本管理、抖音）,质量检验（qa、qc）
J0550,设备质量工程师-XM,厦门时代新能动力科技有限公司,厦门,3,软件测试（信号测试、安全测试）,—
J0551,过程质量工程师（厦门）,中创新航科技集团股份有限公司,厦门,3,软件测试（信号测试、安全测试）,—
J0552,测试工程师,嘉庚创新实验室,厦门,3,软件测试（信号测试、安全测试）,—
J0553,CQA助理工程师（客户品质保证）,厦门东声电子有限公司,厦门,3,软件测试（信号测试、安全测试）,—
J0554,测试工程师,元启芯途(厦门)科技有限公司,厦门,3,软件测试（信号测试、安全测试）,—
J0555,品质总监,强力巨彩,厦门,3,软件测试（信号测试、安全测试）,—
J0556,质量经理,魔饮咖啡(厦门)有限公司,厦门,0,制造业质量/检验（成本管理、抖音）,制造业质量/检验（图文平台、性能检测）
J0557,质量工程师,厦门著赫电子科技有限公司,厦门,3,软件测试（信号测试、安全测试）,—
J0558,质量管理/测试工程师,厦门淞曜光学有限公司,厦门,3,软件测试（信号测试、安全测试）,—
J0559,功能测试,鑫锡软件(朝阳)有限公司,厦门,3,软件测试（信号测试、安全测试）,—
J0560,测试工程师,厦门天吴海洋科技有限公司,厦门,3,软件测试（信号测试、安全测试）,—
J0561,PQE质量工程师,厦门亿联网络技术股份有限公司,厦门,3,软件测试（信号测试、安全测试）,—
J0562,品检员（PQC、IQC、FQC),厦门安搏体育用品有限公司,厦门,0,制造业质量/检验（成本管理、抖音）,制造业质量/检验（图文平台、性能检测）
J0563,质量工程师（2027届）,厦门松霖科技股份有限公司,厦门,3,软件测试（信号测试、安全测试）,—
J0564,质量部负责人(双休9点上班),倍科质量技术服务(福建)有限公司,厦门,0,制造业质量/检验（成本管理、抖音）,制造业质量/检验（图文平台、性能检测）
J0565,品保部经理,力鼎光电,厦门,0,制造业质量/检验（成本管理、抖音）,质量检验（qa、qc）
J0566,质量管理工程师,厦门钨业股份有限公司,厦门,0,制造业质量/检验（成本管理、抖音）,制造业质量/检验（图文平台、性能检测）
J0567,包装质量,雪花啤酒(福建)有限公司,厦门,0,制造业质量/检验（成本管理、抖音）,制造业质量/检验（图文平台、性能检测）
J0568,硬件测试工程师,国科光芯(海宁)科技股份有限公司,厦门,3,软件测试（信号测试、安全测试）,—
J0569,PQC主管,厦门时代新能动力科技有限公司,厦门,0,制造业质量/检验（成本管理、抖音）,质量检验（qa、qc）
J0570,汇精科技招聘质量管理/测试工程师,汇精(厦门)电子科技有限公司,厦门,3,软件测试（信号测试、安全测试）,—
J0571,品质经理(J11454),厦门建霖智慧家居股份有限公司,厦门,3,软件测试（信号测试、安全测试）,—
J0572,DQE工程师,宸鸿科技(厦门)有限公司,厦门,0,制造业质量/检验（成本管理、抖音）,制造业质量/检验（图文平台、性能检测）
J0573,质量工程师,厦门姚明织带饰品有限公司,厦门,3,软件测试（信号测试、安全测试）,—
J0574,质检主管（驻外）,厦门万里石,厦门,0,制造业质量/检验（成本管理、抖音）,制造业质量/检验（图文平台、性能检测）
J0575,DQE质量工程师,厦门亚锝电子科技有限公司,厦门,3,软件测试（信号测试、安全测试）,—
J0576,品质工程师（SPC） (MJ002357),安捷利美维电子(厦门)有限责任公司,厦门,3,软件测试（信号测试、安全测试）,—
J0577,质量工程师,厦门市广和源工贸有限公司,厦门,3,软件测试（信号测试、安全测试）,—
J0578,制程品控主管/品质主管/质量主管 IPQC,瑞幸咖啡,厦门,3,软件测试（信号测试、安全测试）,—
J0579,中级功能测试,鑫锡软件(朝阳)有限公司,厦门,3,软件测试（信号测试、安全测试）,—
J0580,可靠性测试工程师,盈趣科技,厦门,3,软件测试（信号测试、安全测试）,—
J0581,品质管理员,厦门银祥豆制品有限公司,厦门,3,软件测试（信号测试、安全测试）,—
J0582,windows产品测试专家,厦门亿联网络技术股份有限公司,厦门,3,软件测试（信号测试、安全测试）,—
J0583,质量工程师,厦门宏发信号电子有限公司,厦门,3,软件测试（信号测试、安全测试）,—
J0584,品保课长/质量主管,力鼎光电,厦门,0,制造业质量/检验（成本管理、抖音）,制造业质量/检验（图文平台、性能检测）
J0585,软件测试实习生 (MJ000132),厦门睿云联创新科技股份有限公司,厦门,3,软件测试（信号测试、安全测试）,—
J0586,品质工程师（QE）,厦门普诚科技有限公司,厦门,3,软件测试（信号测试、安全测试）,—
J0587,测试设备工程师,厦门士兰集科微电子有限公司,厦门,3,软件测试（信号测试、安全测试）,—
J0588,测试工程师,厦门威亮光电技术有限公司,厦门,3,软件测试（信号测试、安全测试）,—
J0589,QE工程师 (MJ002047),大博医疗,厦门,0,制造业质量/检验（成本管理、抖音）,制造业质量/检验（图文平台、性能检测）
J0590,SQE质量工程师(外企+双休+base福州),福州高意光学有限公司,厦门,3,软件测试（信号测试、安全测试）,—
J0591,品质工程师,厦门市福朗电子有限公司,厦门,3,软件测试（信号测试、安全测试）,—
J0592,测试经理,厦门德捷信息科技有限公司,厦门,3,软件测试（信号测试、安全测试）,—
J0593,品质经理,宸展光电(厦门)股份有限公司,厦门,3,软件测试（信号测试、安全测试）,—
J0594,半导体封装测试工程师,元启芯途(厦门)科技有限公司,厦门,3,软件测试（信号测试、安全测试）,—
J0595,电子制造业 制程品质工程师/质量工程师/QE,厦门赛尔特电子股份有限公司,厦门,3,软件测试（信号测试、安全测试）,—
J0596,cqe客户质量工程师,厦门宏发密封继电器有限公司,厦门,3,软件测试（信号测试、安全测试）,—
J0597,测试工程师（数码）(J10465),厦门汉印股份有限公司,厦门,3,软件测试（信号测试、安全测试）,—
J0598,研发测试工程师,厦门思泰克智能科技股份有限公司,厦门,3,软件测试（信号测试、安全测试）,—
J0599,pqe/制程质量工程师,库顿电子科技(厦门)有限公司,厦门,3,软件测试（信号测试、安全测试）,—
J0600,质量安全工程师 偏质量（产业化公司）,嘉庚创新实验室,厦门,0,制造业质量/检验（成本管理、抖音）,制造业质量/检验（图文平台、性能检测）
J0601,韩语（朝鲜语）（26应届生）,厦门市众惠微电子有限公司,厦门,0,制造业质量/检验（成本管理、抖音）,制造业质量/检验（图文平台、性能检测）
J0602,qe质量工程师,厦门奇力杰机械有限公司,厦门,3,软件测试（信号测试、安全测试）,—
J0603,质量工程师,厦门诺珩科技有限公司,厦门,3,软件测试（信号测试、安全测试）,—
J0604,品质经理,力鼎光电,厦门,3,软件测试（信号测试、安全测试）,—
J0605,中级功能测试,鑫锡软件(朝阳)有限公司,厦门,3,软件测试（信号测试、安全测试）,—
J0606,EMC测试员（五险一金）,倍科质量技术服务(福建)有限公司,厦门,3,软件测试（信号测试、安全测试）,—
J0607,质量工程师,厦门亚锝电子科技有限公司,厦门,3,软件测试（信号测试、安全测试）,—
J0608,ITTE工程师,盈趣科技,厦门,0,制造业质量/检验（成本管理、抖音）,制造业质量/检验（图文平台、性能检测）
J0609,音频测试工程师,厦门亿联网络技术股份有限公司,厦门,3,软件测试（信号测试、安全测试）,—
J0610,qe质量工程师,厦门赫德曼电子科技有限公司,厦门,3,软件测试（信号测试、安全测试）,—
J0611,品质专员,石狮市福旺达五金有限公司,厦门,3,软件测试（信号测试、安全测试）,—
J0612,品质工程师（应届生 英语）,厦门科际精密器材有限公司,厦门,3,软件测试（信号测试、安全测试）,—
J0613,应用工程师（设备类）Application Engin…,陶朗分选技术(厦门)有限公司,厦门,5,嵌入式/硬件（rtos、32位单片机）,—
J0614,DQE工程师（3C）,达昊(厦门)制造有限公司,厦门,0,制造业质量/检验（成本管理、抖音）,制造业质量/检验（图文平台、性能检测）
J0615,品控主管（食品）,瑞幸咖啡,厦门,0,制造业质量/检验（成本管理、抖音）,制造业质量/检验（图文平台、性能检测）
J0616,品质管控,厦门莱特宝光电科技有限公司,厦门,3,软件测试（信号测试、安全测试）,—
J0617,测试工程师,北京神州数字科技有限公司,厦门,3,软件测试（信号测试、安全测试）,—
J0618,芯片封装测试工程师,深圳中科四合科技有限公司,厦门,3,软件测试（信号测试、安全测试）,—
J0619,品质工程师,厦门环寂高科有限公司,厦门,3,软件测试（信号测试、安全测试）,—
J0620,品管经理,华星龙盛(厦门)食品有限公司,厦门,0,制造业质量/检验（成本管理、抖音）,制造业质量/检验（图文平台、性能检测）
J0621,QC主管,厦门市铂联科技股份有限公司,厦门,0,制造业质量/检验（成本管理、抖音）,制造业质量/检验（图文平台、性能检测）
J0622,测试设备工程师,厦门士兰集科微电子有限公司,厦门,3,软件测试（信号测试、安全测试）,—
J0623,DQE工程师 (MJ002048),大博医疗,厦门,0,制造业质量/检验（成本管理、抖音）,制造业质量/检验（图文平台、性能检测）
J0624,pqe制程质量工程师,力鼎光电,厦门,3,软件测试（信号测试、安全测试）,—
J0625,大专应届生-测试/品质/生产储干,厦门赛尔特电子股份有限公司,厦门,3,软件测试（信号测试、安全测试）,—
J0626,质量工程师（校招）,厦门双瑞风电科技有限公司,厦门,3,软件测试（信号测试、安全测试）,—
J0627,前期质量高级工程师（PQE） (MJ004620),厦门海辰储能科技股份有限公司,厦门,0,制造业质量/检验（成本管理、抖音）,制造业质量/检验（图文平台、性能检测）
J0628,音频测试工程师（27届校招）(J12333),厦门亿联网络技术股份有限公司,厦门,3,软件测试（信号测试、安全测试）,—
J0629,质量工程师,厦门市威思朗光电科技有限公司,厦门,3,软件测试（信号测试、安全测试）,—
J0630,pqe制程质量工程师,厦门弘信电子科技集团股份有限公司,厦门,3,软件测试（信号测试、安全测试）,—
J0631,PQE工程师/制程质量工程师,厦门汉印股份有限公司,厦门,3,软件测试（信号测试、安全测试）,—
J0632,物理测试技术员（五险一金）,倍科质量技术服务(福建)有限公司,厦门,3,软件测试（信号测试、安全测试）,—
J0633,QE工程师(J11351),厦门建霖智慧家居股份有限公司,厦门,0,制造业质量/检验（成本管理、抖音）,制造业质量/检验（图文平台、性能检测）
J0634,质控部经理,厦门钨业股份有限公司,厦门,0,制造业质量/检验（成本管理、抖音）,制造业质量/检验（图文平台、性能检测）
J0635,银行测试工程师,厦门至恒融兴信息技术股份有限公司,厦门,3,软件测试（信号测试、安全测试）,—
J0636,质量经理,厦门海普锐科技股份有限公司,厦门,0,制造业质量/检验（成本管理、抖音）,制造业质量/检验（图文平台、性能检测）
J0637,qe品质工程师,福建盈方光电科技有限公司,厦门,3,软件测试（信号测试、安全测试）,—
J0638,质量总监,厦门保沣集团有限公司,厦门,0,制造业质量/检验（成本管理、抖音）,质量检验（qa、qc）
J0639,cqe客户质量工程师,厦门松霖科技股份有限公司,厦门,3,软件测试（信号测试、安全测试）,—
J0640,CQE客服工程师,深圳中科四合科技有限公司,厦门,0,制造业质量/检验（成本管理、抖音）,制造业质量/检验（图文平台、性能检测）
J0641,PQE过程质量工程师,宁德时代新能源科技股份有限公司,厦门,3,软件测试（信号测试、安全测试）,—
J0642,质量经理,力鼎光电,厦门,0,制造业质量/检验（成本管理、抖音）,制造业质量/检验（图文平台、性能检测）
J0643,可靠性测试工程师 (MJ000638),强力巨彩,厦门,3,软件测试（信号测试、安全测试）,—
J0644,质量经理,厦门士兰集科微电子有限公司,厦门,0,制造业质量/检验（成本管理、抖音）,质量检验（qa、qc）
J0645,品质组长,厦门赛尔特电子股份有限公司,厦门,3,软件测试（信号测试、安全测试）,—
J0646,质量工程师（PQE/CQE）-PCBA,厦门华联电子股份有限公司,厦门,3,软件测试（信号测试、安全测试）,—
J0647,图像测试工程师（27届校招）(J12334),厦门亿联网络技术股份有限公司,厦门,3,软件测试（信号测试、安全测试）,—
J0648,质检员（零基础培养·采购方向晋升通道）,厦门玮骏家居用品有限公司,厦门,0,制造业质量/检验（成本管理、抖音）,制造业质量/检验（图文平台、性能检测）
J0649,SQE/品质工程师（客诉方向）：,厦门博晶光电技术有限公司,厦门,3,软件测试（信号测试、安全测试）,—
J0650,品质主管,厦门艾斯迪电子有限公司,厦门,3,软件测试（信号测试、安全测试）,—
J0651,质量工程师,厦门水诚科技有限公司,厦门,3,软件测试（信号测试、安全测试）,—
J0652,质量部实验员,氟乐泰科(厦门)新材料有限公司,厦门,0,制造业质量/检验（成本管理、抖音）,制造业质量/检验（图文平台、性能检测）
J0653,pqe工程师/制程质量工程师,厦门市众惠微电子有限公司,厦门,3,软件测试（信号测试、安全测试）,—
J0654,qe质量工程师,米博(厦门)集团有限公司,厦门,3,软件测试（信号测试、安全测试）,—
J0655,质量检验组组长,厦门宏发密封继电器有限公司,厦门,0,制造业质量/检验（成本管理、抖音）,制造业质量/检验（图文平台、性能检测）
J0656,质量工程师（墨西哥外派）,盈趣科技,厦门,3,软件测试（信号测试、安全测试）,—
J0657,工业检验部经理,SGS,厦门,0,制造业质量/检验（成本管理、抖音）,制造业质量/检验（图文平台、性能检测）
J0658,急聘普工/操作工 底薪3500 商业保险,厦门长江电子科技有限公司,厦门,0,制造业质量/检验（成本管理、抖音）,制造业质量/检验（图文平台、性能检测）
J0659,QC组长,福建盈方光电科技有限公司,厦门,0,制造业质量/检验（成本管理、抖音）,供应链/物料/采购（物料管理、海外供应链）
J0660,质量管理/品保经理,瑞幸咖啡,厦门,0,制造业质量/检验（成本管理、抖音）,质量检验（qa、qc）
J0661,ORT技术员（品保可靠性测试）,力鼎光电,厦门,3,软件测试（信号测试、安全测试）,—
J0662,IQC质量主管 (MJ004584),厦门海辰储能科技股份有限公司,厦门,0,制造业质量/检验（成本管理、抖音）,质量检验（qa、qc）
J0663,质量总监,厦门士兰集科微电子有限公司,厦门,0,制造业质量/检验（成本管理、抖音）,制造业质量/检验（图文平台、性能检测）
J0664,过程质量工程师(厦门)(A225795),福建速豹动力科技有限公司,厦门,3,软件测试（信号测试、安全测试）,—
J0665,QC课长,达昊(厦门)制造有限公司,厦门,0,制造业质量/检验（成本管理、抖音）,质量检验（qa、qc）
J0666,QE品质工程师,厦门普诚科技有限公司,厦门,3,软件测试（信号测试、安全测试）,—
J0667,研发品质工程师/质量工程师/DQE,厦门赛尔特电子股份有限公司,厦门,3,软件测试（信号测试、安全测试）,—
J0668,硬件测试工程师,厦门三优光电股份有限公司,厦门,3,软件测试（信号测试、安全测试）,—
J0669,质量总监（懂PCBA）,厦门华联电子股份有限公司,厦门,0,制造业质量/检验（成本管理、抖音）,制造业质量/检验（图文平台、性能检测）
J0670,QC工程师,高光半导体,厦门,0,制造业质量/检验（成本管理、抖音）,制造业质量/检验（图文平台、性能检测）
J0671,QE质量工程师,通达创智(厦门)股份有限公司,厦门,3,软件测试（信号测试、安全测试）,—
J0672,制程质量工程师 PQE,安费诺电子装配(厦门)有限公司,厦门,3,软件测试（信号测试、安全测试）,—
J0673,QE工程师,鑫汉达(厦门)电缆有限公司,厦门,0,制造业质量/检验（成本管理、抖音）,制造业质量/检验（图文平台、性能检测）
J0674,测试工程师（精密机械） (MJ002077),大博医疗,厦门,3,软件测试（信号测试、安全测试）,—
J0675,产品质量经理/总监(J10409),厦门汉印股份有限公司,厦门,3,软件测试（信号测试、安全测试）,—
J0676,客诉工程师,厦门长塑实业有限公司,厦门,0,制造业质量/检验（成本管理、抖音）,制造业质量/检验（图文平台、性能检测）
J0677,品控经理,厦门管正管理咨询有限公司,厦门,0,制造业质量/检验（成本管理、抖音）,质量检验（qa、qc）
J0678,CQE/QPM（英语）,厦门科际精密器材有限公司,厦门,0,制造业质量/检验（成本管理、抖音）,制造业质量/检验（图文平台、性能检测）
J0679,测试-银行项目,鑫锡软件(朝阳)有限公司,厦门,3,软件测试（信号测试、安全测试）,—
J0680,品管经理,厦门炬研电子科技有限公司,厦门,0,制造业质量/检验（成本管理、抖音）,制造业质量/检验（图文平台、性能检测）
J0681,电子质量工程师,厦门莱特宝光电科技有限公司,厦门,3,软件测试（信号测试、安全测试）,—
J0682,客诉工程师（CQE),厦门伊科电子有限公司,厦门,0,制造业质量/检验（成本管理、抖音）,制造业质量/检验（图文平台、性能检测）
J0683,PQE过程质量工程师 (MJ003165),厦门海辰储能科技股份有限公司,厦门,3,软件测试（信号测试、安全测试）,—
J0684,pqe质量工程师,力鼎光电,厦门,3,软件测试（信号测试、安全测试）,—
J0685,cqe客户质量工程师,米博(厦门)集团有限公司,厦门,3,软件测试（信号测试、安全测试）,—
J0686,项目质量工程师,厦门林巴赫航空发动机有限公司,厦门,3,软件测试（信号测试、安全测试）,—
J0687,测试主管/测试经理,厦门奥普拓自控科技有限公司,厦门,3,软件测试（信号测试、安全测试）,—
J0688,cqe客户质量工程师,厦门蓝旭科技有限公司,厦门,3,软件测试（信号测试、安全测试）,—
J0689,质量工程师（产业化公司）,嘉庚创新实验室,厦门,3,软件测试（信号测试、安全测试）,—
J0690,质量工程师（锡球与翘曲方向） (MJ002426),安捷利美维电子(厦门)有限责任公司,厦门,3,软件测试（信号测试、安全测试）,—
J0691,品控/品质主管,厦门市铂联科技股份有限公司,厦门,3,软件测试（信号测试、安全测试）,—
J0692,产品质量工程师（PQA） (MJ000180),强力巨彩,厦门,3,软件测试（信号测试、安全测试）,—
J0693,质量工程师,上海展志实业集团有限责任公司,厦门,3,软件测试（信号测试、安全测试）,—
J0694,物理纺织测试技术员（同安办公，9点上班）,倍科质量技术服务(福建)有限公司,厦门,3,软件测试（信号测试、安全测试）,—
J0695,食品品控经理,五州量(厦门)食品有限公司,厦门,0,制造业质量/检验（成本管理、抖音）,制造业质量/检验（图文平台、性能检测）
J0696,导通程序调试员,厦门福泉润电气有限公司,厦门,0,制造业质量/检验（成本管理、抖音）,制造业质量/检验（图文平台、性能检测）
J0697,品质项目经理,厦门著赫电子科技有限公司,厦门,3,软件测试（信号测试、安全测试）,—
J0698,QE 品保工程师,福建盈方光电科技有限公司,厦门,0,制造业质量/检验（成本管理、抖音）,制造业质量/检验（图文平台、性能检测）
J0699,船舶内装QC岗位,华南建材(深圳)有限公司,厦门,0,制造业质量/检验（成本管理、抖音）,硬件/仪器/自动化（组态软件、scratch）
J0700,CQE资深工程师（海外） (MJ004746),厦门海辰储能科技股份有限公司,厦门,0,制造业质量/检验（成本管理、抖音）,制造业质量/检验（图文平台、性能检测）
J0701,质量/品质经理,厦门伊科电子有限公司,厦门,3,软件测试（信号测试、安全测试）,—
J0702,CS工程师,厦门源乾电子有限公司,厦门,0,制造业质量/检验（成本管理、抖音）,制造业质量/检验（图文平台、性能检测）
J0703,设备测试工程师 (MJ002195),大博医疗,厦门,3,软件测试（信号测试、安全测试）,—
J0704,设计质量工程师 DQE,安费诺电子装配(厦门)有限公司,厦门,3,软件测试（信号测试、安全测试）,—
J0705,质量主管,厦门闽缔机械科技有限公司,厦门,0,制造业质量/检验（成本管理、抖音）,制造业质量/检验（图文平台、性能检测）
J0706,qe质量工程师,厦门爱劳德光电有限公司,厦门,3,软件测试（信号测试、安全测试）,—
J0707,高级硬件测试工程师,厦门亚锝电子科技有限公司,厦门,3,软件测试（信号测试、安全测试）,—
J0708,客户质量工程师CQE,瀚天天成电子科技(厦门)股份有限公司,厦门,3,软件测试（信号测试、安全测试）,—
J0709,硬件测试工程师,科华数据股份有限公司,厦门,3,软件测试（信号测试、安全测试）,—
J0710,DQE工程师,麦克奥迪,厦门,0,制造业质量/检验（成本管理、抖音）,制造业质量/检验（图文平台、性能检测）
J0711,成套品控工程师,厦门海佳科技有限公司,厦门,0,制造业质量/检验（成本管理、抖音）,制造业质量/检验（图文平台、性能检测）
J0712,CQE品质工程师,厦门扬森数控设备股份有限公司,厦门,3,软件测试（信号测试、安全测试）,—
J0713,FQC工程师（xout工程师）,深圳中科四合科技有限公司,厦门,0,制造业质量/检验（成本管理、抖音）,制造业质量/检验（图文平台、性能检测）
J0714,测试工程师-银行-郑州,厦门至恒融兴信息技术股份有限公司,厦门,3,软件测试（信号测试、安全测试）,—
J0715,品控/品质主管,鑫汉达(厦门)电缆有限公司,厦门,3,软件测试（信号测试、安全测试）,—
J0716,品质技术课长,厦门坤锦电子科技有限公司,厦门,3,软件测试（信号测试、安全测试）,—
J0717,AOI（SPI） 测试工程师,厦门思泰克智能科技股份有限公司,厦门,3,软件测试（信号测试、安全测试）,—
J0718,质量管理经理,十二夏天(厦门)生物科技有限公司,厦门,0,制造业质量/检验（成本管理、抖音）,制造业质量/检验（图文平台、性能检测）
J0719,厦门测试（银行项目）,软通动力信息技术(集团)股份有限公司,厦门,3,软件测试（信号测试、安全测试）,—
J0720,品保部经理,瑞幸咖啡,厦门,0,制造业质量/检验（成本管理、抖音）,制造业质量/检验（图文平台、性能检测）
J0721,cqe客诉质量工程师,力鼎光电,厦门,3,软件测试（信号测试、安全测试）,—
J0722,PQE,达昊(厦门)制造有限公司,厦门,0,制造业质量/检验（成本管理、抖音）,制造业质量/检验（图文平台、性能检测）
J0723,JRQE工程师(品质工程师）--长期驻外岗,厦门长江电子科技有限公司,厦门,3,软件测试（信号测试、安全测试）,—
J0724,制程质量专业经理,强力巨彩,厦门,0,制造业质量/检验（成本管理、抖音）,质量检验（qa、qc）
J0725,测试技术员/工程师,倍科质量技术服务(福建)有限公司,厦门,3,软件测试（信号测试、安全测试）,—
J0726,QE工程师,厦门市优辰卫浴科技有限公司,厦门,0,制造业质量/检验（成本管理、抖音）,制造业质量/检验（图文平台、性能检测）
J0727,安全测试高级工程师,厦门亿联网络技术股份有限公司,厦门,3,软件测试（信号测试、安全测试）,—
J0728,食品品控经理,厦门绿进食品有限公司,厦门,0,制造业质量/检验（成本管理、抖音）,制造业质量/检验（图文平台、性能检测）
J0729,DQE研发质量主管,同致电子科技(厦门)有限公司,厦门,0,制造业质量/检验（成本管理、抖音）,制造业质量/检验（图文平台、性能检测）
J0730,品控经理,厦门管正管理咨询有限公司,厦门,0,制造业质量/检验（成本管理、抖音）,制造业质量/检验（图文平台、性能检测）
J0731,MQC工程师,洛阳广源精密制造有限公司,厦门,0,制造业质量/检验（成本管理、抖音）,质量检验（qa、qc）
J0732,品管经理,雅米士(厦门)航空食品有限公司,厦门,0,制造业质量/检验（成本管理、抖音）,制造业质量/检验（图文平台、性能检测）
J0733,客诉质量工程师,厦门弘信电子科技集团股份有限公司,厦门,3,软件测试（信号测试、安全测试）,—
J0734,品管部经理/品质副经理,厦门姚明织带饰品有限公司,厦门,3,软件测试（信号测试、安全测试）,—
J0735,PQE品质工程师,厦门扬森数控设备股份有限公司,厦门,3,软件测试（信号测试、安全测试）,—
J0736,品管经理,厦门市益津鹭科技有限公司,厦门,0,制造业质量/检验（成本管理、抖音）,质量检验（qa、qc）
J0737,中/高级测试工程师(J10379),厦门星纵物联科技有限公司,厦门,3,软件测试（信号测试、安全测试）,—
J0738,PQE工程师,深圳中科四合科技有限公司,厦门,0,制造业质量/检验（成本管理、抖音）,制造业质量/检验（图文平台、性能检测）
J0739,PCBA测试工程师,厦门汇科电子有限公司,厦门,3,软件测试（信号测试、安全测试）,—
J0740,PQE过程质量工程师（base福州+双休+外企）,福州高意光学有限公司,厦门,3,软件测试（信号测试、安全测试）,—
J0741,DQE（品质开发工程师）,达昊(厦门)制造有限公司,厦门,3,软件测试（信号测试、安全测试）,—
J0742,高级制程品质工程师,厦门赛尔特电子股份有限公司,厦门,3,软件测试（信号测试、安全测试）,—
J0743,品质经理,厦门宝益科技有限公司,厦门,3,软件测试（信号测试、安全测试）,—
J0744,安规测试技术员/工程师（五险一金，9点上班）,倍科质量技术服务(福建)有限公司,厦门,3,软件测试（信号测试、安全测试）,—
J0745,PQE质量工程师,厦门亚锝电子科技有限公司,厦门,3,软件测试（信号测试、安全测试）,—
J0746,品保经理/质量经理/品质经理,厦门爱劳德光电有限公司,厦门,3,软件测试（信号测试、安全测试）,—
J0747,UPS测试工程师,索克曼能源系统(厦门)有限公司,厦门,3,软件测试（信号测试、安全测试）,—
J0748,测试工艺工程师,厦门士兰集科微电子有限公司,厦门,3,软件测试（信号测试、安全测试）,—
J0749,质量经理（模切行业）,汇精(厦门)电子科技有限公司,厦门,0,制造业质量/检验（成本管理、抖音）,质量检验（qa、qc）
J0750,机加质量主管,厦门莱蔓新材料科技有限公司,厦门,0,制造业质量/检验（成本管理、抖音）,制造业质量/检验（图文平台、性能检测）
J0751,cqe客户质量工程师,厦门坤锦电子科技有限公司,厦门,3,软件测试（信号测试、安全测试）,—
J0752,pqe质量工程师,米博(厦门)集团有限公司,厦门,3,软件测试（信号测试、安全测试）,—
J0753,品管经理（体系推动 + 现场优化）,华星龙盛(厦门)食品有限公司,厦门,0,制造业质量/检验（成本管理、抖音）,质量检验（qa、qc）
J0754,客诉质量工程师（CQE）,麦克奥迪,厦门,3,软件测试（信号测试、安全测试）,—
J0755,QE工程师,厦门印向未来科技有限公司,厦门,0,制造业质量/检验（成本管理、抖音）,制造业质量/检验（图文平台、性能检测）
J0756,pqe质量工程师,厦门众力达机械有限公司,厦门,3,软件测试（信号测试、安全测试）,—
J0757,QA主管,雅米士(厦门)航空食品有限公司,厦门,0,制造业质量/检验（成本管理、抖音）,质量检验（qa、qc）
J0758,品质经理,厦门海菱科技股份有限公司,厦门,3,软件测试（信号测试、安全测试）,—
J0759,食品质量经理,斯必利药业(厦门)有限公司,厦门,3,软件测试（信号测试、安全测试）,—
J0760,餐饮品质经理(J11452),厦门建霖智慧家居股份有限公司,厦门,3,软件测试（信号测试、安全测试）,—
J0761,DQE（注塑/冲压/MIM/CNC）,达昊(厦门)制造有限公司,厦门,0,制造业质量/检验（成本管理、抖音）,制造业质量/检验（图文平台、性能检测）
J0762,设计品质工程师,厦门著赫电子科技有限公司,厦门,3,软件测试（信号测试、安全测试）,—
J0763,质量经理（食品行业）,厦门保沣集团有限公司,厦门,0,制造业质量/检验（成本管理、抖音）,质量检验（qa、qc）
J0764,EMC/RF测试技术员,倍科质量技术服务(福建)有限公司,厦门,3,软件测试（信号测试、安全测试）,—
J0765,CQE质量工程师,上海展志实业集团有限责任公司,厦门,3,软件测试（信号测试、安全测试）,—
J0766,质量部主管/经理（国军标/GJB9001C/装备承制方向）,厦门赛飞智传科技有限公司,厦门,0,制造业质量/检验（成本管理、抖音）,制造业质量/检验（图文平台、性能检测）
J0767,PQM项目质量工程师,宁德时代新能源科技股份有限公司,厦门,3,软件测试（信号测试、安全测试）,—
J0768,高级品质工程师,厦门骐俊物联科技股份有限公司,厦门,3,软件测试（信号测试、安全测试）,—
J0769,售后工程师（电池充放电测试设备）,深圳市盛弘电气股份有限公司,厦门,3,软件测试（信号测试、安全测试）,—
J0770,硬件运维计算机维护经理,厦门富企来网络科技有限公司,厦门,1,运维/云与网络（分布式电站、空调工程）,—
J0771,维护工程师,恒银金融科技股份有限公司,厦门,0,制造业质量/检验（成本管理、抖音）,制造业质量/检验（图文平台、性能检测）
J0772,桌面运维人员,江西纵昂能源科技有限公司,厦门,1,运维/云与网络（分布式电站、空调工程）,—
J0773,学校运维工程师,厦门恒兴集团,厦门,1,运维/云与网络（分布式电站、空调工程）,—
J0774,it运维专员,柘荣县天忆数码产品商行,厦门,1,运维/云与网络（分布式电站、空调工程）,—
J0775,IT服务台综合运维,诚迈科技股份有限公司,厦门,1,运维/云与网络（分布式电站、空调工程）,—
J0776,备份技术支持工程师,福建方瀚科技有限公司,厦门,0,制造业质量/检验（成本管理、抖音）,制造业质量/检验（图文平台、性能检测）
J0777,光伏运维技术员,厦门东南泰新能源科技有限公司,厦门,1,运维/云与网络（分布式电站、空调工程）,—
J0778,2027届-IT工程师,厦门士兰集科微电子有限公司,厦门,0,制造业质量/检验（成本管理、抖音）,制造业质量/检验（图文平台、性能检测）
J0779,自动化设备运维技术员,泸州积智工业技术有限公司,厦门,1,运维/云与网络（分布式电站、空调工程）,—
J0780,运维,南京亿顺弘信息技术有限公司,厦门,1,运维/云与网络（分布式电站、空调工程）,—
J0781,驻点运维员,厦门民昱大数据服务有限公司,厦门,1,运维/云与网络（分布式电站、空调工程）,—
J0782,海上风电运维工程师,昆明金满贯风电科技有限公司,厦门,1,运维/云与网络（分布式电站、空调工程）,—
J0783,运维工程师,厦门台和电子有限公司,厦门,1,运维/云与网络（分布式电站、空调工程）,—
J0784,IT数据中心运维工程师,翰林汇力(福建)信息技术有限公司,厦门,1,运维/云与网络（分布式电站、空调工程）,—
J0785,IT运行维保岗（厦门空港）,翔业集团,厦门,0,制造业质量/检验（成本管理、抖音）,制造业质量/检验（图文平台、性能检测）
J0786,桌面运维工程师,福建省微行低空科技有限公司,厦门,1,运维/云与网络（分布式电站、空调工程）,—
J0787,系统运维工程师,厦门绿进食品有限公司,厦门,1,运维/云与网络（分布式电站、空调工程）,—
J0788,厂务运维工程师,招商积余综合设施运营服务(深圳)有限公司厦门分公司,厦门,1,运维/云与网络（分布式电站、空调工程）,—
J0789,驻场运维工程师,科锐尔人力资源服务(苏州)有限公司,厦门,1,运维/云与网络（分布式电站、空调工程）,—
J0790,网络运营运维技术员,厦门富企来网络科技有限公司,厦门,1,运维/云与网络（分布式电站、空调工程）,—
J0791,资深厂务运维工程师—福建厦门,厦门时代新能动力科技有限公司,厦门,1,运维/云与网络（分布式电站、空调工程）,—
J0792,驻场运维工程师,江西纵昂能源科技有限公司,厦门,1,运维/云与网络（分布式电站、空调工程）,—
J0793,运维工程师,厦门诺言宽客投资有限公司,厦门,1,运维/云与网络（分布式电站、空调工程）,—
J0794,数据中心运维工程师（厦门）,软通动力信息技术(集团)股份有限公司,厦门,1,运维/云与网络（分布式电站、空调工程）,—
J0795,IT服务经理(IT基础设备运维维保),福建方瀚科技有限公司,厦门,1,运维/云与网络（分布式电站、空调工程）,—
J0796,光伏运维工程师,厦门东南泰新能源科技有限公司,厦门,1,运维/云与网络（分布式电站、空调工程）,—
J0797,设备运维,福瑞启辰(厦门)新能源有限公司,厦门,1,运维/云与网络（分布式电站、空调工程）,—
J0798,erp运维专员,厦门争新科技有限公司,厦门,1,运维/云与网络（分布式电站、空调工程）,—
J0799,IT服务台综合运维-五险一金全额,诚迈科技股份有限公司,厦门,1,运维/云与网络（分布式电站、空调工程）,—
J0800,驻场服务器工程师,北京银信长远科技股份有限公司,厦门,0,制造业质量/检验（成本管理、抖音）,制造业质量/检验（图文平台、性能检测）
J0801,智能化运维工程师,厦门银江智慧城市技术股份有限公司,厦门,1,运维/云与网络（分布式电站、空调工程）,—
J0802,运维工程师（支撑产品）,厦门快快网络科技有限公司,厦门,1,运维/云与网络（分布式电站、空调工程）,—
J0803,外运华南-福建公司-设备运维岗(J33010),中国外运股份有限公司,厦门,1,运维/云与网络（分布式电站、空调工程）,—
J0804,光伏电站运维工程师,核顺投资集团有限公司,厦门,1,运维/云与网络（分布式电站、空调工程）,—
J0805,桌面运维工程师,科锐尔人力资源服务(苏州)有限公司,厦门,1,运维/云与网络（分布式电站、空调工程）,—
J0806,运维工程师（机电）,盛天智慧能源科技(福建)有限公司,厦门,1,运维/云与网络（分布式电站、空调工程）,—
J0807,运维工程师,深圳市天盈隆科技有限公司,厦门,1,运维/云与网络（分布式电站、空调工程）,—
J0808,国控空气站运维工程师,厦门隆力德环境技术开发有限公司,厦门,1,运维/云与网络（分布式电站、空调工程）,—
J0809,中级桌面及终端运维工程师,福建兴众为通信设备有限公司,厦门,1,运维/云与网络（分布式电站、空调工程）,—
J0810,统建系统运维,维谛技术服务(深圳)有限公司,厦门,1,运维/云与网络（分布式电站、空调工程）,—
J0811,电力运维工程师,福建莫尔特智能科技有限公司,厦门,1,运维/云与网络（分布式电站、空调工程）,—
J0812,跨境系统IT工程师,厦门艾能星储能发展有限公司,厦门,0,制造业质量/检验（成本管理、抖音）,制造业质量/检验（图文平台、性能检测）
J0813,烟气运维技术员,厦门市吉龙德环境工程有限公司,厦门,1,运维/云与网络（分布式电站、空调工程）,—
J0814,运维工程师-环境自动监测项目,华测检测认证集团股份有限公司,厦门,1,运维/云与网络（分布式电站、空调工程）,—
J0815,ERP运维,厦门争新科技有限公司,厦门,1,运维/云与网络（分布式电站、空调工程）,—
J0816,运维主管,招商积余综合设施运营服务(深圳)有限公司厦门分公司,厦门,1,运维/云与网络（分布式电站、空调工程）,—
J0817,项目运维经理,厦门彼格科技有限公司,厦门,1,运维/云与网络（分布式电站、空调工程）,—
J0818,技术支持工程师（IT基础硬件维保运维服务 ）,福建方瀚科技有限公司,厦门,1,运维/云与网络（分布式电站、空调工程）,—
J0819,智能化运维工程师（实习生/应届生）,厦门银江智慧城市技术股份有限公司,厦门,1,运维/云与网络（分布式电站、空调工程）,—
J0820,电梯物联网项目安装运维经理,厦门伯智人力资源管理有限公司,厦门,1,运维/云与网络（分布式电站、空调工程）,—
J0821,网络运维技术专业教师,厦门兴才职业技术学院,厦门,1,运维/云与网络（分布式电站、空调工程）,—
J0822,SAP系统维护,春保森拉天时精密钨钢制品(厦门)有限公司,厦门,0,制造业质量/检验（成本管理、抖音）,制造业质量/检验（图文平台、性能检测）
J0823,运维服务经理,北京大数元科技发展有限公司,厦门,1,运维/云与网络（分布式电站、空调工程）,—
J0824,厂房运维资深技术员,上海博霖实业发展有限公司,厦门,1,运维/云与网络（分布式电站、空调工程）,—
J0825,运维工程师,科锐尔人力资源服务(苏州)有限公司,厦门,1,运维/云与网络（分布式电站、空调工程）,—
J0826,财务软件系统运维人员,厦门钨业股份有限公司,厦门,1,运维/云与网络（分布式电站、空调工程）,—
J0827,水质监测仪表运维技术员,福建志立明德智能科技有限公司,厦门,1,运维/云与网络（分布式电站、空调工程）,—
J0828,中级应用系统运维工程师（驻场）,福建兴众为通信设备有限公司,厦门,1,运维/云与网络（分布式电站、空调工程）,—
J0829,软件工程师-罗源基地,宁德时代新能源科技股份有限公司,厦门,4,后端开发（hibernate、linux开发）,—
J0830,（洁净室）暖通运维主管,厦门市众惠微电子有限公司,厦门,1,运维/云与网络（分布式电站、空调工程）,—
J0831,网络工程师,厦门世纪伟业网络科技有限公司,厦门,1,运维/云与网络（分布式电站、空调工程）,—
J0832,项目管理系统运维工程师,维谛技术服务(深圳)有限公司,厦门,1,运维/云与网络（分布式电站、空调工程）,—
J0833,运维部主管,厦门东博科技有限公司,厦门,1,运维/云与网络（分布式电站、空调工程）,—
J0834,水质仪表运维工程师（厦门）,上海昭净环保科技有限公司,厦门,1,运维/云与网络（分布式电站、空调工程）,—
J0835,运维业务开发专员/经理 (MJ000432),清源科技股份有限公司,厦门,1,运维/云与网络（分布式电站、空调工程）,—
J0836,空压站运维工程师,爱景智能装备(无锡)有限公司,厦门,1,运维/云与网络（分布式电站、空调工程）,—
J0837,污水运维销售经理,厦门汉超科技集团有限公司,厦门,1,运维/云与网络（分布式电站、空调工程）,—
J0838,桌面运维工程师,科锐尔人力资源服务(苏州)有限公司,厦门,1,运维/云与网络（分布式电站、空调工程）,—
J0839,运维工程师（福建福鼎）,核顺投资集团有限公司,厦门,1,运维/云与网络（分布式电站、空调工程）,—
J0840,中国电信智慧家庭工程师,厦门市思明区盛臻坤华电子通讯器材经营部,厦门,0,制造业质量/检验（成本管理、抖音）,制造业质量/检验（图文平台、性能检测）
J0841,IT专员,厦钨电机工业有限公司,厦门,0,制造业质量/检验（成本管理、抖音）,制造业质量/检验（图文平台、性能检测）
J0842,IT工程师(J10831),恒安集团,厦门,0,制造业质量/检验（成本管理、抖音）,制造业质量/检验（图文平台、性能检测）
J0843,金蝶实施工程师,软通动力信息技术(集团)股份有限公司,厦门,1,运维/云与网络（分布式电站、空调工程）,—
J0844,it技术支持-鞋服行业,苏州英格玛服务外包股份有限公司,厦门,0,制造业质量/检验（成本管理、抖音）,制造业质量/检验（图文平台、性能检测）
J0845,IT专员,厦门精艺兴业科技有限公司,厦门,0,制造业质量/检验（成本管理、抖音）,制造业质量/检验（图文平台、性能检测）
J0846,IT工程师,全磊光电股份有限公司,厦门,0,制造业质量/检验（成本管理、抖音）,制造业质量/检验（图文平台、性能检测）
J0847,统建系统运维管理岗,维谛技术服务(深圳)有限公司,厦门,1,运维/云与网络（分布式电站、空调工程）,—
J0848,环境在线监测运维工程师,厦门隆力德环境技术开发有限公司,厦门,1,运维/云与网络（分布式电站、空调工程）,—
J0849,中级桌面及终端运维工程师（驻场）,福建兴众为通信设备有限公司,厦门,1,运维/云与网络（分布式电站、空调工程）,—
J0850,信息科技岗（厦门海沧）—硬件与系统管理 (MJ002528),安捷利美维电子(厦门)有限责任公司,厦门,1,运维/云与网络（分布式电站、空调工程）,—
J0851,IT工程师,中芯渊虹(厦门)投资控股集团有限公司,厦门,0,制造业质量/检验（成本管理、抖音）,制造业质量/检验（图文平台、性能检测）
J0852,电力技术员（福建厦门）,厦门时代新能动力科技有限公司,厦门,0,制造业质量/检验（成本管理、抖音）,制造业质量/检验（图文平台、性能检测）
J0853,设备管理员,厦门信和达电子有限公司,厦门,0,制造业质量/检验（成本管理、抖音）,制造业质量/检验（图文平台、性能检测）
J0854,it工程师,雅米士(厦门)航空食品有限公司,厦门,0,制造业质量/检验（成本管理、抖音）,制造业质量/检验（图文平台、性能检测）
J0855,通信技术工程师,厦门海云通信息技术有限公司,厦门,0,制造业质量/检验（成本管理、抖音）,制造业质量/检验（图文平台、性能检测）
J0856,实施工程师,阳光雨露信息技术服务(北京)有限公司,厦门,1,运维/云与网络（分布式电站、空调工程）,—
J0857,网络工程师,厦门天吴海洋科技有限公司,厦门,1,运维/云与网络（分布式电站、空调工程）,—
J0858,招电工 月入26000（包住）,福建金润华夏国际贸易有限公司,厦门,0,制造业质量/检验（成本管理、抖音）,制造业质量/检验（图文平台、性能检测）
J0859,售后工程师（厦门）,无锡卓海科技股份有限公司,厦门,0,制造业质量/检验（成本管理、抖音）,制造业质量/检验（图文平台、性能检测）
J0860,AGV实施工程师,中为(厦门)智能科技有限公司,厦门,1,运维/云与网络（分布式电站、空调工程）,—
J0861,IT售后工程师（虚拟化&备份方向）,翰林汇力(福建)信息技术有限公司,厦门,0,制造业质量/检验（成本管理、抖音）,Java/后端（spring、mybatis）
J0862,财务系统工程师(IT),达昊(厦门)制造有限公司,厦门,0,制造业质量/检验（成本管理、抖音）,供应链/物料/采购（物料管理、海外供应链）
J0863,数据中心维护技术员,维谛技术服务(深圳)有限公司,厦门,0,制造业质量/检验（成本管理、抖音）,制造业质量/检验（图文平台、性能检测）
J0864,项目技术经理（系统运维开发）(J12899),特宝生物,厦门,1,运维/云与网络（分布式电站、空调工程）,—
J0865,急聘电工,招商积余综合设施运营服务(深圳)有限公司厦门分公司,厦门,0,制造业质量/检验（成本管理、抖音）,制造业质量/检验（图文平台、性能检测）
J0866,高级应用系统运维工程师 （驻场）,福建兴众为通信设备有限公司,厦门,1,运维/云与网络（分布式电站、空调工程）,—
J0867,环保仪器仪表运维工程师,福建志立明德智能科技有限公司,厦门,1,运维/云与网络（分布式电站、空调工程）,—
J0868,电梯物联网项目安装运维经理,厦门伯智人力资源管理有限公司,厦门,1,运维/云与网络（分布式电站、空调工程）,—
J0869,厂房运维资深技术员/五险一金/长白班,上海博霖实业发展有限公司,厦门,1,运维/云与网络（分布式电站、空调工程）,—
J0870,设备运维主管（矿业）(MJ053355),宁德时代新能源科技股份有限公司,厦门,1,运维/云与网络（分布式电站、空调工程）,—
J0871,招电工-五险一金,厦门淞曜光学有限公司,厦门,0,制造业质量/检验（成本管理、抖音）,制造业质量/检验（图文平台、性能检测）
J0872,AI 交付实施工程师（飞书 / 豆包 FDE 方向）,厦门龙商网络技术服务有限公司,厦门,1,运维/云与网络（分布式电站、空调工程）,—
J0873,FE公共设施工程师,厦门时代新能动力科技有限公司,厦门,0,制造业质量/检验（成本管理、抖音）,供应链/物料/采购（物料管理、海外供应链）
J0874,软件售后经理,厦门安必兴信息科技有限公司,厦门,0,制造业质量/检验（成本管理、抖音）,制造业质量/检验（图文平台、性能检测）
J0875,技术服务资深工程师 (MJ004995),厦门海辰储能科技股份有限公司,厦门,0,制造业质量/检验（成本管理、抖音）,制造业质量/检验（图文平台、性能检测）
J0876,设备售后工程师,联赢激光,厦门,0,制造业质量/检验（成本管理、抖音）,制造业质量/检验（图文平台、性能检测）
J0877,技术顾问,福建亿能电力科技股份有限公司,厦门,0,制造业质量/检验（成本管理、抖音）,制造业质量/检验（图文平台、性能检测）
J0878,急招电工 月入8000（包住）,嘉信立恒设施管理(上海)有限公司,厦门,0,制造业质量/检验（成本管理、抖音）,制造业质量/检验（图文平台、性能检测）
J0879,诚招普工/操作工-五险一金-有餐补,重庆千钧人力资源管理有限公司,厦门,0,制造业质量/检验（成本管理、抖音）,制造业质量/检验（图文平台、性能检测）
J0880,诚聘电工-底薪4500-五险,国闽投资(厦门)有限公司,厦门,0,制造业质量/检验（成本管理、抖音）,制造业质量/检验（图文平台、性能检测）
J0881,装配段设备维修工程师,厦门新数能电力科技有限公司,厦门,0,制造业质量/检验（成本管理、抖音）,供应链/物料/采购（物料管理、海外供应链）
J0882,资深生产系统工程师（英语口语流利）,达昊(厦门)制造有限公司,厦门,0,制造业质量/检验（成本管理、抖音）,供应链/物料/采购（物料管理、海外供应链）
J0883,招聘电工-五险一金-有餐补,深圳市瑞维控股有限公司,厦门,0,制造业质量/检验（成本管理、抖音）,供应链/物料/采购（物料管理、海外供应链）
J0884,初级桌面及终端运维工程师（驻场）,福建兴众为通信设备有限公司,厦门,1,运维/云与网络（分布式电站、空调工程）,—
J0885,运维业务开发经理 (MJ000464),清源科技股份有限公司,厦门,1,运维/云与网络（分布式电站、空调工程）,—
J0886,it专员,厦钨电机工业有限公司,厦门,0,制造业质量/检验（成本管理、抖音）,制造业质量/检验（图文平台、性能检测）
J0887,IT工程师(J10831),恒安集团,厦门,0,制造业质量/检验（成本管理、抖音）,制造业质量/检验（图文平台、性能检测）
J0888,数通网络数字管理员,厦门富企来网络科技有限公司,厦门,0,制造业质量/检验（成本管理、抖音）,制造业质量/检验（图文平台、性能检测）
J0889,IT工程师（智能制造/数字化系统方向）,雅米士(厦门)航空食品有限公司,厦门,0,制造业质量/检验（成本管理、抖音）,制造业质量/检验（图文平台、性能检测）
J0890,实施工程师,厦门海云通信息技术有限公司,厦门,1,运维/云与网络（分布式电站、空调工程）,—
J0891,计算机硬件维护工程师,宫崎科技(厦门)有限公司,厦门,5,嵌入式/硬件（rtos、32位单片机）,—
J0892,运维工程师 (电气方向),厦门新能安科技有限公司,厦门,1,运维/云与网络（分布式电站、空调工程）,—
J0893,cdn系统维护工程师,全福游科技产业集团(厦门)有限公司,厦门,0,制造业质量/检验（成本管理、抖音）,硬件/仪器/自动化（组态软件、scratch）
J0894,诚招电工-月入11000（五险一金）,思拓睿(厦门)数字科技有限公司,厦门,0,制造业质量/检验（成本管理、抖音）,制造业质量/检验（图文平台、性能检测）
J0895,电力工程师,厦门时代新能动力科技有限公司,厦门,0,制造业质量/检验（成本管理、抖音）,供应链/物料/采购（物料管理、海外供应链）
J0896,IT系统技术员-厦门（XMXN (MJ049723),厦门时代新能动力科技有限公司,厦门,0,制造业质量/检验（成本管理、抖音）,制造业质量/检验（图文平台、性能检测）
J0897,SAP工程师 (MJ052970),宁德时代新能源科技股份有限公司,厦门,0,制造业质量/检验（成本管理、抖音）,制造业质量/检验（图文平台、性能检测）
J0898,产品工程师-资料 (MJ004842),厦门海辰储能科技股份有限公司,厦门,6,产品/项目管理（国内市场、需求分析）,—
J0899,客户服务资深工程师b-东部大区 (MJ004415),厦门海辰储能科技股份有限公司,厦门,0,制造业质量/检验（成本管理、抖音）,制造业质量/检验（图文平台、性能检测）
J0900,IT系统工程师（财务/供应链/生产）,达昊(厦门)制造有限公司,厦门,0,制造业质量/检验（成本管理、抖音）,制造业质量/检验（图文平台、性能检测）
J0901,资深综合系统工程师（英语作为工作语言）,达昊(厦门)制造有限公司,厦门,0,制造业质量/检验（成本管理、抖音）,制造业质量/检验（图文平台、性能检测）
J0902,资深财务系统工程师（英语口语要求）,达昊(厦门)制造有限公司,厦门,0,制造业质量/检验（成本管理、抖音）,供应链/物料/采购（物料管理、海外供应链）
J0903,IT技术支持实习生,宫崎科技(厦门)有限公司,厦门,0,制造业质量/检验（成本管理、抖音）,制造业质量/检验（图文平台、性能检测）
J0904,helpdesk桌面运维工程师,宫崎科技(厦门)有限公司,厦门,1,运维/云与网络（分布式电站、空调工程）,—
J0905,it网络运维工程师,宫崎科技(厦门)有限公司,厦门,1,运维/云与网络（分布式电站、空调工程）,—
J0906,服务器工程师,厦门新能安科技有限公司,厦门,0,制造业质量/检验（成本管理、抖音）,硬件/仪器/自动化（组态软件、scratch）
J0907,MES工程师,厦门新能安科技有限公司,厦门,0,制造业质量/检验（成本管理、抖音）,制造业质量/检验（图文平台、性能检测）
J0908,运维工程师 (暖通方向),厦门新能安科技有限公司,厦门,1,运维/云与网络（分布式电站、空调工程）,—
J0909,数据分析师（双休）,厦门莲桥企业管理咨询有限公司,厦门,2,数据分析/BI（数仓开发、kettle）,—
J0910,居家数据标注,贵州鼎联数据有限公司,厦门,0,制造业质量/检验（成本管理、抖音）,数据/统计分析（数据建模、统计学）
J0911,线上数据整理专员,太原商邑企业管理咨询有限公司,厦门,0,制造业质量/检验（成本管理、抖音）,制造业质量/检验（图文平台、性能检测）
J0912,数据分析师,厦门贵丰励志咨询服务有限公司,厦门,2,数据分析/BI（数仓开发、kettle）,—
J0913,数据分析岗,中国平安财产保险股份有限公司厦门分公司,厦门,2,数据分析/BI（数仓开发、kettle）,—
J0914,购销平台(业务),厦门市优之品贸易有限公司,厦门,0,制造业质量/检验（成本管理、抖音）,制造业质量/检验（图文平台、性能检测）
J0915,商业/经营分析,厦门市海沧区华璟星辰电子商务工作室,厦门,0,制造业质量/检验（成本管理、抖音）,制造业质量/检验（图文平台、性能检测）
J0916,数据统计分析（生产成本相关）,雪花啤酒(福建)有限公司,厦门,0,制造业质量/检验（成本管理、抖音）,制造业质量/检验（图文平台、性能检测）
J0917,办公室数据整理岗,金惠家科技有限公司,厦门,0,制造业质量/检验（成本管理、抖音）,数据/统计分析（数据建模、统计学）
J0918,数据统计分析工程师,厦门伯智人力资源管理有限公司,厦门,0,制造业质量/检验（成本管理、抖音）,数据/统计分析（数据建模、统计学）
J0919,商务专员,科华数据股份有限公司,厦门,0,制造业质量/检验（成本管理、抖音）,制造业质量/检验（图文平台、性能检测）
J0920,数据统计分析（生产成本相关）,华润雪花,厦门,0,制造业质量/检验（成本管理、抖音）,制造业质量/检验（图文平台、性能检测）
J0921,财务结算专员（数据方向）,厦门华元金服信息科技有限公司,厦门,0,制造业质量/检验（成本管理、抖音）,供应链/物料/采购（物料管理、海外供应链）
J0922,销售支持专员,鸿星尔克,厦门,0,制造业质量/检验（成本管理、抖音）,制造业质量/检验（图文平台、性能检测）
J0923,厦门-数据分析岗,太平洋产险,厦门,2,数据分析/BI（数仓开发、kettle）,—
J0924,客服主管（数据分析方向）,福州朴朴电子商务有限公司,厦门,2,数据分析/BI（数仓开发、kettle）,—
J0925,运营助理/专员,厦门优莱柏网络科技有限公司,厦门,0,制造业质量/检验（成本管理、抖音）,制造业质量/检验（图文平台、性能检测）
J0926,统计员,厦门姚明织带饰品有限公司,厦门,0,制造业质量/检验（成本管理、抖音）,供应链/物料/采购（物料管理、海外供应链）
J0927,医药数据分析师,厦门合恩医药有限公司,厦门,2,数据分析/BI（数仓开发、kettle）,—
J0928,数据策略运营,厦门盛旺垚商贸有限公司,厦门,0,制造业质量/检验（成本管理、抖音）,制造业质量/检验（图文平台、性能检测）
J0929,线上数据运营专员,太原商邑企业管理咨询有限公司,厦门,0,制造业质量/检验（成本管理、抖音）,制造业质量/检验（图文平台、性能检测）
J0930,数据分析员（双休）,厦门莲桥企业管理咨询有限公司,厦门,2,数据分析/BI（数仓开发、kettle）,—
J0931,AI训练师,厦门新宝裕工贸有限公司,厦门,0,制造业质量/检验（成本管理、抖音）,制造业质量/检验（图文平台、性能检测）
J0932,车间生产文员,厦门典亮电子科技有限公司,厦门,0,制造业质量/检验（成本管理、抖音）,制造业质量/检验（图文平台、性能检测）
J0933,统计员,厦门市钻石荣耀娱乐有限公司,厦门,0,制造业质量/检验（成本管理、抖音）,供应链/物料/采购（物料管理、海外供应链）
J0934,招聘普工/操作工-月入7000,厦门三安光电有限公司,厦门,0,制造业质量/检验（成本管理、抖音）,制造业质量/检验（图文平台、性能检测）
J0935,抖音运营,厦门市迈讯生物科技有限公司,厦门,0,制造业质量/检验（成本管理、抖音）,制造业质量/检验（图文平台、性能检测）
J0936,生产统计员,华星龙盛(厦门)食品有限公司,厦门,0,制造业质量/检验（成本管理、抖音）,制造业质量/检验（图文平台、性能检测）
J0937,数据与政务处行政专员,厦门工学院,厦门,0,制造业质量/检验（成本管理、抖音）,制造业质量/检验（图文平台、性能检测）
J0938,数据督导,泰康人寿保险有限责任公司厦门分公司,厦门,0,制造业质量/检验（成本管理、抖音）,数据/统计分析（数据建模、统计学）
J0939,薪酬分析专员,达昊(厦门)制造有限公司,厦门,0,制造业质量/检验（成本管理、抖音）,数据/统计分析（数据建模、统计学）
J0940,总部长租运营经理,广州中寓酒店管理有限公司,厦门,0,制造业质量/检验（成本管理、抖音）,制造业质量/检验（图文平台、性能检测）
J0941,运营专员（闪电仓）(J10921),恒安集团,厦门,0,制造业质量/检验（成本管理、抖音）,制造业质量/检验（图文平台、性能检测）
J0942,厦门-数据分析岗（2026）,太平洋产险,厦门,2,数据分析/BI（数仓开发、kettle）,—
J0943,运营管理专员,厦门金鹭,厦门,0,制造业质量/检验（成本管理、抖音）,供应链/物料/采购（物料管理、海外供应链）
J0944,激光焊接工程师（技术/科研）,长江电工集团有限公司,厦门,0,制造业质量/检验（成本管理、抖音）,制造业质量/检验（图文平台、性能检测）
J0945,流程管理岗,科华数据股份有限公司,厦门,0,制造业质量/检验（成本管理、抖音）,制造业质量/检验（图文平台、性能检测）
J0946,hrbp,华润万象生活,厦门,0,制造业质量/检验（成本管理、抖音）,制造业质量/检验（图文平台、性能检测）
J0947,客服专员,厦门长江电子科技有限公司,厦门,0,制造业质量/检验（成本管理、抖音）,制造业质量/检验（图文平台、性能检测）
J0948,销管专员,正大集团,厦门,0,制造业质量/检验（成本管理、抖音）,制造业质量/检验（图文平台、性能检测）
J0949,资产运营专员(J10006),厦门思明城建集团有限公司,厦门,0,制造业质量/检验（成本管理、抖音）,制造业质量/检验（图文平台、性能检测）
J0950,急聘普工/操作工-五险一金-包住,厦门大闽聚英电子科技有限公司,厦门,0,制造业质量/检验（成本管理、抖音）,制造业质量/检验（图文平台、性能检测）
J0951,风控专员,厦门憬澄电子商务有限公司,厦门,0,制造业质量/检验（成本管理、抖音）,供应链/物料/采购（物料管理、海外供应链）
J0952,运营助理,厦门醒图文化传媒有限公司,厦门,0,制造业质量/检验（成本管理、抖音）,供应链/物料/采购（物料管理、海外供应链）
J0953,总经理助理(J10059),国药控股星鲨制药(厦门)有限公司,厦门,0,制造业质量/检验（成本管理、抖音）,制造业质量/检验（图文平台、性能检测）
J0954,接受无经验 运营助理,厦门龙赞文化传媒有限公司,厦门,0,制造业质量/检验（成本管理、抖音）,制造业质量/检验（图文平台、性能检测）
J0955,经营分析经理,福州朴朴电子商务有限公司,厦门,0,制造业质量/检验（成本管理、抖音）,供应链/物料/采购（物料管理、海外供应链）
J0956,IT工程师(J10831),恒安集团,厦门,0,制造业质量/检验（成本管理、抖音）,供应链/物料/采购（物料管理、海外供应链）
J0957,产品价格管理岗,强力巨彩,厦门,6,产品/项目管理（国内市场、需求分析）,—
J0958,项目仓管员,厦门澧源实业有限公司,厦门,0,制造业质量/检验（成本管理、抖音）,供应链/物料/采购（物料管理、海外供应链）
J0959,低空产业项目合伙人,厦门高帝集团有限公司,厦门,0,制造业质量/检验（成本管理、抖音）,制造业质量/检验（图文平台、性能检测）
J0960,销售,厦门象屿钢铁产业集团有限公司,厦门,0,制造业质量/检验（成本管理、抖音）,制造业质量/检验（图文平台、性能检测）
J0961,广告投放经理,中安维康(泉州)健康管理有限公司,厦门,0,制造业质量/检验（成本管理、抖音）,供应链/物料/采购（物料管理、海外供应链）
J0962,平台运营岗,厦门地铁恒顺物泰有限公司,厦门,0,制造业质量/检验（成本管理、抖音）,制造业质量/检验（图文平台、性能检测）
J0963,副总助理（生产运营方向）,厦门市优辰卫浴科技有限公司,厦门,0,制造业质量/检验（成本管理、抖音）,制造业质量/检验（图文平台、性能检测）
J0964,厦门市二轻科技有限公司技术部工程师,厦门市二轻集体企业联社,厦门,0,制造业质量/检验（成本管理、抖音）,供应链/物料/采购（物料管理、海外供应链）
J0965,跨境电商业务岗（国企/六险二金/双休）,厦门建发国际酒业集团有限公司,厦门,0,制造业质量/检验（成本管理、抖音）,制造业质量/检验（图文平台、性能检测）
J0966,整合营销岗,惠尔康东方(厦门)食品有限公司,厦门,0,制造业质量/检验（成本管理、抖音）,制造业质量/检验（图文平台、性能检测）
J0967,产品经理（FILA鞋）,斐乐服饰有限公司,厦门,6,产品/项目管理（国内市场、需求分析）,—
J0968,对账员,厦门信和达电子有限公司,厦门,0,制造业质量/检验（成本管理、抖音）,供应链/物料/采购（物料管理、海外供应链）
J0969,商城运营专员,恒安集团,厦门,0,制造业质量/检验（成本管理、抖音）,制造业质量/检验（图文平台、性能检测）
J0970,品类运营,厦门市优之品贸易有限公司,厦门,0,制造业质量/检验（成本管理、抖音）,制造业质量/检验（图文平台、性能检测）
J0971,海外商务专员,科华数据股份有限公司,厦门,0,制造业质量/检验（成本管理、抖音）,制造业质量/检验（图文平台、性能检测）
J0972,AI产品经理 (MJ004745),厦门海辰储能科技股份有限公司,厦门,6,产品/项目管理（国内市场、需求分析）,—
J0973,销售助理,厦门合恩医药有限公司,厦门,0,制造业质量/检验（成本管理、抖音）,供应链/物料/采购（物料管理、海外供应链）
J0974,总行信息技术部——业务分析岗（BA）,厦门银行股份有限公司,厦门,0,制造业质量/检验（成本管理、抖音）,制造业质量/检验（图文平台、性能检测）
J0975,区域运营BP(J16444),北京雍禾医疗科技集团有限公司,厦门,0,制造业质量/检验（成本管理、抖音）,制造业质量/检验（图文平台、性能检测）
J0976,TIKTOK数据投放,厦门泡否电子商务有限公司,厦门,0,制造业质量/检验（成本管理、抖音）,制造业质量/检验（图文平台、性能检测）
J0977,仓库开单员,绿尔佳特色(厦门)食品有限公司,厦门,0,制造业质量/检验（成本管理、抖音）,供应链/物料/采购（物料管理、海外供应链）
J0978,产品经理（数据中台|AI方向）,福建点景大数据有限公司,厦门,6,产品/项目管理（国内市场、需求分析）,—
J0979,仓储/仓库经理,瑞幸咖啡,厦门,0,制造业质量/检验（成本管理、抖音）,制造业质量/检验（图文平台、性能检测）
J0980,供应链 专任教师,厦门华厦学院,厦门,0,制造业质量/检验（成本管理、抖音）,制造业质量/检验（图文平台、性能检测）
J0981,内控助理,SM广场,厦门,0,制造业质量/检验（成本管理、抖音）,制造业质量/检验（图文平台、性能检测）
J0982,品牌策划专员,厦门雅瑞光学有限公司,厦门,0,制造业质量/检验（成本管理、抖音）,制造业质量/检验（图文平台、性能检测）
J0983,销售内勤,厦门吉顺芯微电子有限公司,厦门,0,制造业质量/检验（成本管理、抖音）,制造业质量/检验（图文平台、性能检测）
J0984,业务助理,中国四达国际经济技术合作公司上海分公司,厦门,0,制造业质量/检验（成本管理、抖音）,制造业质量/检验（图文平台、性能检测）
J0985,厦门长租公寓市场拓展经理,深圳泊寓企业发展有限公司,厦门,0,制造业质量/检验（成本管理、抖音）,制造业质量/检验（图文平台、性能检测）
J0986,产品专员,海荭兴,厦门,6,产品/项目管理（国内市场、需求分析）,—
J0987,商品主管（偏企划）,斐乐服饰有限公司,厦门,0,制造业质量/检验（成本管理、抖音）,制造业质量/检验（图文平台、性能检测）
J0988,风控专员,厦门鑫享智联科技有限公司,厦门,0,制造业质量/检验（成本管理、抖音）,供应链/物料/采购（物料管理、海外供应链）
J0989,关爱组主管 (MJ056512),厦门时代新能动力科技有限公司,厦门,0,制造业质量/检验（成本管理、抖音）,制造业质量/检验（图文平台、性能检测）
J0990,电商运营助理,厦门佰淘电子商务有限公司,厦门,0,制造业质量/检验（成本管理、抖音）,制造业质量/检验（图文平台、性能检测）
J0991,服务管理工程师-项目交付 (MJ004890),厦门海辰储能科技股份有限公司,厦门,0,制造业质量/检验（成本管理、抖音）,制造业质量/检验（图文平台、性能检测）
J0992,财务管培生,厦门金鹭,厦门,0,制造业质量/检验（成本管理、抖音）,制造业质量/检验（图文平台、性能检测）
J0993,翔安机场有税商业营运岗（翔业商管）,翔业集团,厦门,0,制造业质量/检验（成本管理、抖音）,制造业质量/检验（图文平台、性能检测）
J0994,会计,林德(中国)投资有限公司,厦门,0,制造业质量/检验（成本管理、抖音）,供应链/物料/采购（物料管理、海外供应链）
J0995,项目专员,厦门海佳科技有限公司,厦门,0,制造业质量/检验（成本管理、抖音）,供应链/物料/采购（物料管理、海外供应链）
J0996,生产实施顾问,厦门一维天地信息技术有限公司,厦门,1,运维/云与网络（分布式电站、空调工程）,—
J0997,仓库账务员,力高新能源技术股份有限公司,厦门,0,制造业质量/检验（成本管理、抖音）,制造业质量/检验（图文平台、性能检测）
J0998,产品专员（双休+五险一金+年终奖）,豪客来,厦门,6,产品/项目管理（国内市场、需求分析）,—
J0999,安全支持工程师,京东集团,厦门,0,制造业质量/检验（成本管理、抖音）,供应链/物料/采购（物料管理、海外供应链）
J1000,ai数据标注师 AI训练师 英文视频描述 要求英语四级,中洲联创(厦门)科技有限公司,厦门,0,制造业质量/检验（成本管理、抖音）,制造业质量/检验（图文平台、性能检测）
J1001,成本会计,科华数据股份有限公司,厦门,0,制造业质量/检验（成本管理、抖音）,供应链/物料/采购（物料管理、海外供应链）
J1002,报价员,安徽邦聘企业管理有限公司,厦门,0,制造业质量/检验（成本管理、抖音）,制造业质量/检验（图文平台、性能检测）
J1003,新媒体运营,精图信息,厦门,0,制造业质量/检验（成本管理、抖音）,供应链/物料/采购（物料管理、海外供应链）
J1004,产品专员,厦门傲农食品科技有限公司,厦门,6,产品/项目管理（国内市场、需求分析）,—
J1005,运营专员（B2B）(J10902),恒安集团,厦门,0,制造业质量/检验（成本管理、抖音）,供应链/物料/采购（物料管理、海外供应链）
J1006,业务助理(JF6853),厦门建发恒融供应链有限公司,厦门,0,制造业质量/检验（成本管理、抖音）,制造业质量/检验（图文平台、性能检测）
J1007,外运华南-福建公司-项目管理岗(J33006),中国外运股份有限公司,厦门,6,产品/项目管理（国内市场、需求分析）,—
J1008,前期质量高级工程师（PQE） (MJ004620),厦门海辰储能科技股份有限公司,厦门,0,制造业质量/检验（成本管理、抖音）,制造业质量/检验（图文平台、性能检测）
J1009,维保支持专员,迅达(中国)电梯有限公司,厦门,0,制造业质量/检验（成本管理、抖音）,制造业质量/检验（图文平台、性能检测）
J1010,电商运营专员,厦门安井冻品先生供应链有限公司,厦门,0,制造业质量/检验（成本管理、抖音）,制造业质量/检验（图文平台、性能检测）
J1011,人工智能市场商务专员,中俄数字经济研究中心(厦门市人工智能创新中心),厦门,7,算法/人工智能（智能驾驶、传感器融合）,—
J1012,宣发策划,厦门会展集团股份有限公司,厦门,0,制造业质量/检验（成本管理、抖音）,制造业质量/检验（图文平台、性能检测）
J1013,海鲜市集产品运营岗,厦门象屿产业发展集团有限公司,厦门,6,产品/项目管理（国内市场、需求分析）,—
J1014,厂线生管专员,力鼎光电,厦门,0,制造业质量/检验（成本管理、抖音）,供应链/物料/采购（物料管理、海外供应链）
J1015,品质专员,石狮市福旺达五金有限公司,厦门,3,软件测试（信号测试、安全测试）,—
J1016,城更项目专员（招商运营方向）,厦门宇睦智慧服务有限公司,厦门,0,制造业质量/检验（成本管理、抖音）,供应链/物料/采购（物料管理、海外供应链）
J1017,运营管培生,大博医疗,厦门,0,制造业质量/检验（成本管理、抖音）,制造业质量/检验（图文平台、性能检测）
J1018,采销经营分析（base总部）,福州朴朴电子商务有限公司,厦门,0,制造业质量/检验（成本管理、抖音）,硬件/仪器/自动化（组态软件、scratch）
J1019,行业研究,厦门建发生活资材有限责任公司,厦门,0,制造业质量/检验（成本管理、抖音）,制造业质量/检验（图文平台、性能检测）
J1020,化学工程师,厦门核耀科技有限公司,厦门,0,制造业质量/检验（成本管理、抖音）,制造业质量/检验（图文平台、性能检测）
J1021,高德地图会员产品运营专员（美工/推广方向，软二）,厦门易瑞通网络科技有限公司,厦门,6,产品/项目管理（国内市场、需求分析）,—
J1022,数字营销(J10096),厦门文广传媒集团有限公司,厦门,0,制造业质量/检验（成本管理、抖音）,制造业质量/检验（图文平台、性能检测）
J1023,京东超体家电副店长,京东集团,厦门,0,制造业质量/检验（成本管理、抖音）,制造业质量/检验（图文平台、性能检测）
J1024,工艺工程师HK (MJ004766),厦门海辰储能科技股份有限公司,厦门,0,制造业质量/检验（成本管理、抖音）,制造业质量/检验（图文平台、性能检测）
J1025,小红书运营,惠尔康东方(厦门)食品有限公司,厦门,0,制造业质量/检验（成本管理、抖音）,制造业质量/检验（图文平台、性能检测）
J1026,厦门市二轻科技有限公司新媒体运营,厦门市二轻集体企业联社,厦门,0,制造业质量/检验（成本管理、抖音）,供应链/物料/采购（物料管理、海外供应链）
J1027,运营专员（一件代发）(J10733),恒安集团,厦门,0,制造业质量/检验（成本管理、抖音）,制造业质量/检验（图文平台、性能检测）
J1028,生管专员/主管,瑞幸咖啡,厦门,0,制造业质量/检验（成本管理、抖音）,数据/统计分析（数据建模、统计学）
J1029,初级研究员（双休）,厦门莲桥企业管理咨询有限公司,厦门,0,制造业质量/检验（成本管理、抖音）,数据/统计分析（数据建模、统计学）
J1030,经营分析经理,强力巨彩,厦门,0,制造业质量/检验（成本管理、抖音）,制造业质量/检验（图文平台、性能检测）
J1031,注塑技术员,达昊(厦门)制造有限公司,厦门,0,制造业质量/检验（成本管理、抖音）,制造业质量/检验（图文平台、性能检测）
J1032,qa专员,厦门市中海福林集团有限公司,厦门,0,制造业质量/检验（成本管理、抖音）,制造业质量/检验（图文平台、性能检测）
J1033,SM商场企划主管,SM广场,厦门,0,制造业质量/检验（成本管理、抖音）,供应链/物料/采购（物料管理、海外供应链）
J1034,QE工程师 (MJ002047),大博医疗,厦门,0,制造业质量/检验（成本管理、抖音）,制造业质量/检验（图文平台、性能检测）
J1035,seo专员,厦门简森电子有限公司,厦门,0,制造业质量/检验（成本管理、抖音）,制造业质量/检验（图文平台、性能检测）
J1036,预算管理员,厦门士兰集科微电子有限公司,厦门,0,制造业质量/检验（成本管理、抖音）,制造业质量/检验（图文平台、性能检测）
J1037,厂务工程师,厦门恒坤新材料科技股份有限公司,厦门,0,制造业质量/检验（成本管理、抖音）,制造业质量/检验（图文平台、性能检测）
J1038,可靠性工程师,厦门乃尔电子有限公司,厦门,0,制造业质量/检验（成本管理、抖音）,制造业质量/检验（图文平台、性能检测）
J1039,台湾经济金融研究员,厦门银行股份有限公司,厦门,0,制造业质量/检验（成本管理、抖音）,制造业质量/检验（图文平台、性能检测）
J1040,资金管理专员,厦门民昱控股有限公司,厦门,0,制造业质量/检验（成本管理、抖音）,制造业质量/检验（图文平台、性能检测）
J1041,投研主管,厦门象屿产业发展集团有限公司,厦门,0,制造业质量/检验（成本管理、抖音）,供应链/物料/采购（物料管理、海外供应链）
J1042,生物信息助理研究员,清华海峡研究院(厦门),厦门,0,制造业质量/检验（成本管理、抖音）,制造业质量/检验（图文平台、性能检测）
J1043,京东超体用户运营副店长,京东集团,厦门,0,制造业质量/检验（成本管理、抖音）,制造业质量/检验（图文平台、性能检测）
J1044,屠宰统计（夜班）,厦门傲农食品科技有限公司,厦门,0,制造业质量/检验（成本管理、抖音）,制造业质量/检验（图文平台、性能检测）
J1045,系统管理岗（低空管理服务）,翔业集团,厦门,1,运维/云与网络（分布式电站、空调工程）,—
J1046,AI业务分析师 (MJ004756),厦门海辰储能科技股份有限公司,厦门,0,制造业质量/检验（成本管理、抖音）,制造业质量/检验（图文平台、性能检测）
J1047,数据调研管培生（双休）,厦门莲桥企业管理咨询有限公司,厦门,0,制造业质量/检验（成本管理、抖音）,制造业质量/检验（图文平台、性能检测）
J1048,财务部副部长,垒知集团,厦门,0,制造业质量/检验（成本管理、抖音）,制造业质量/检验（图文平台、性能检测）
J1049,电商商品文员,厦门佰淘电子商务有限公司,厦门,0,制造业质量/检验（成本管理、抖音）,制造业质量/检验（图文平台、性能检测）
J1050,运营管理经理 (MJ000445),清源科技股份有限公司,厦门,0,制造业质量/检验（成本管理、抖音）,供应链/物料/采购（物料管理、海外供应链）
J1051,能源高级工程师,银鹭集团,厦门,0,制造业质量/检验（成本管理、抖音）,供应链/物料/采购（物料管理、海外供应链）
J1052,新媒体运营,厦门山云数字健康科技有限公司,厦门,0,制造业质量/检验（成本管理、抖音）,制造业质量/检验（图文平台、性能检测）
J1053,AI操盘手+双休+六险一金,厦门橙聚企业服务有限公司,厦门,0,制造业质量/检验（成本管理、抖音）,制造业质量/检验（图文平台、性能检测）
J1054,OZON / WB 运营,厦门沐瑞捷电子商务有限公司,厦门,0,制造业质量/检验（成本管理、抖音）,供应链/物料/采购（物料管理、海外供应链）
J1055,推广督导,武汉洪沅科技有限公司,厦门,0,制造业质量/检验（成本管理、抖音）,制造业质量/检验（图文平台、性能检测）
J1056,高级企划专员/主管,厦门江湖集团有限公司,厦门,0,制造业质量/检验（成本管理、抖音）,供应链/物料/采购（物料管理、海外供应链）
J1057,助理工程师,厦门云天半导体科技有限公司,厦门,0,制造业质量/检验（成本管理、抖音）,制造业质量/检验（图文平台、性能检测）
J1058,供应链实施顾问,厦门一维天地信息技术有限公司,厦门,1,运维/云与网络（分布式电站、空调工程）,—
J1059,物料计划经理,科华数据股份有限公司,厦门,0,制造业质量/检验（成本管理、抖音）,供应链/物料/采购（物料管理、海外供应链）
J1060,pe工艺工程师,宸展光电(厦门)股份有限公司,厦门,0,制造业质量/检验（成本管理、抖音）,制造业质量/检验（图文平台、性能检测）
J1061,跨境电商运营,厦门窝贝贝电子商务有限公司,厦门,0,制造业质量/检验（成本管理、抖音）,制造业质量/检验（图文平台、性能检测）
J1062,人事服务工程师 (MJ005476),厦门海辰储能科技股份有限公司,厦门,0,制造业质量/检验（成本管理、抖音）,供应链/物料/采购（物料管理、海外供应链）
J1063,质量总监,厦门士兰集科微电子有限公司,厦门,0,制造业质量/检验（成本管理、抖音）,供应链/物料/采购（物料管理、海外供应链）
J1064,IT Business Analyst-软件需求分析师,厦门德捷信息科技有限公司,厦门,6,产品/项目管理（国内市场、需求分析）,—
J1065,主计划/生产计划,厦门光莆电子股份有限公司,厦门,0,制造业质量/检验（成本管理、抖音）,制造业质量/检验（图文平台、性能检测）
J1066,化学实验室工程师,嘉庚创新实验室,厦门,0,制造业质量/检验（成本管理、抖音）,制造业质量/检验（图文平台、性能检测）
J1067,产品市场管理岗,强力巨彩,厦门,6,产品/项目管理（国内市场、需求分析）,—
J1068,数据治理专家,北京中兵数字科技集团有限公司,厦门,0,制造业质量/检验（成本管理、抖音）,制造业质量/检验（图文平台、性能检测）
J1069,亚马逊运营专员,厦门康康科技有限公司,厦门,0,制造业质量/检验（成本管理、抖音）,供应链/物料/采购（物料管理、海外供应链）
J1070,生管员/文员,厦门华易迅科技有限公司,厦门,0,制造业质量/检验（成本管理、抖音）,制造业质量/检验（图文平台、性能检测）
J1071,分割统计（夜班）,厦门傲农食品科技有限公司,厦门,0,制造业质量/检验（成本管理、抖音）,制造业质量/检验（图文平台、性能检测）
J1072,门店餐饮负责人（朴朴厨房/多档口管理）,福州朴朴电子商务有限公司,厦门,0,制造业质量/检验（成本管理、抖音）,制造业质量/检验（图文平台、性能检测）
J1073,环安工程师,全磊光电股份有限公司,厦门,0,制造业质量/检验（成本管理、抖音）,制造业质量/检验（图文平台、性能检测）
J1074,对公业务辅助岗（劳务派遣）,厦门国际银行厦门分行,厦门,0,制造业质量/检验（成本管理、抖音）,制造业质量/检验（图文平台、性能检测）
J1075,ETL工程师（厦门）,广州南天电脑系统有限公司,厦门,2,数据分析/BI（数仓开发、kettle）,—
J1076,6k五险运营助理/专员,宿州美恒文化传媒有限公司,厦门,0,制造业质量/检验（成本管理、抖音）,制造业质量/检验（图文平台、性能检测）
J1077,数据实习生（厦门）,成都安德鲁森食品有限公司,厦门,0,制造业质量/检验（成本管理、抖音）,制造业质量/检验（图文平台、性能检测）
J1078,短视频IP运营助理,厦门影途文化传播有限公司,厦门,0,制造业质量/检验（成本管理、抖音）,制造业质量/检验（图文平台、性能检测）
J1079,石英石 / 大理石台面板中干生产主管,厦门万里石,厦门,0,制造业质量/检验（成本管理、抖音）,制造业质量/检验（图文平台、性能检测）
J1080,夏商民兴超市管培生,厦门夏商民兴超市有限公司,厦门,0,制造业质量/检验（成本管理、抖音）,供应链/物料/采购（物料管理、海外供应链）
J1081,生管专员,达昊(厦门)制造有限公司,厦门,0,制造业质量/检验（成本管理、抖音）,制造业质量/检验（图文平台、性能检测）
J1082,需求管理工程师,强力巨彩,厦门,0,制造业质量/检验（成本管理、抖音）,制造业质量/检验（图文平台、性能检测）
J1083,有税项目推广运营岗（翔业商管）,翔业集团,厦门,0,制造业质量/检验（成本管理、抖音）,制造业质量/检验（图文平台、性能检测）
J1084,经管专员/财务经营分析,宸展光电(厦门)股份有限公司,厦门,0,制造业质量/检验（成本管理、抖音）,供应链/物料/采购（物料管理、海外供应链）
J1085,0391YK-团财精算岗,中国平安财产保险股份有限公司厦门分公司,厦门,0,制造业质量/检验（成本管理、抖音）,制造业质量/检验（图文平台、性能检测）
J1086,车间生产文员（六险一金）,成都康惠净科技有限公司,厦门,0,制造业质量/检验（成本管理、抖音）,供应链/物料/采购（物料管理、海外供应链）
J1087,招商专员(J10033),厦门思明城建集团有限公司,厦门,0,制造业质量/检验（成本管理、抖音）,制造业质量/检验（图文平台、性能检测）
J1088,财务实施顾问,厦门一维天地信息技术有限公司,厦门,1,运维/云与网络（分布式电站、空调工程）,—
J1089,电商运营专员,厦门宇电自动化科技有限公司,厦门,0,制造业质量/检验（成本管理、抖音）,制造业质量/检验（图文平台、性能检测）
J1090,地下空间工程师,中交一公局厦门工程有限公司,厦门,0,制造业质量/检验（成本管理、抖音）,制造业质量/检验（图文平台、性能检测）
J1091,产品经理【2027校招】,4399,厦门,6,产品/项目管理（国内市场、需求分析）,—
J1092,微信公众号运营专员,万象谦吉(厦门)智能科技有限公司,厦门,0,制造业质量/检验（成本管理、抖音）,制造业质量/检验（图文平台、性能检测）
J1093,【双休/高新技术企业】亚马逊广告运营,厦门赫德曼电子科技有限公司,厦门,0,制造业质量/检验（成本管理、抖音）,数据/统计分析（数据建模、统计学）
J1094,VR店员4.5K+接受无经验+社保+工作轻,北京易才博普奥管理顾问有限公司,厦门,0,制造业质量/检验（成本管理、抖音）,供应链/物料/采购（物料管理、海外供应链）
J1095,产品经理/专员,厦门琥珀香精股份有限公司,厦门,6,产品/项目管理（国内市场、需求分析）,—
J1096,资产评估师,厦门国贸资本集团有限公司,厦门,0,制造业质量/检验（成本管理、抖音）,制造业质量/检验（图文平台、性能检测）
J1097,生产/制造经理（食品）,瑞幸咖啡,厦门,0,制造业质量/检验（成本管理、抖音）,制造业质量/检验（图文平台、性能检测）
J1098,跨境电商运营专员,厦门市优吉胜服饰有限公司,厦门,0,制造业质量/检验（成本管理、抖音）,制造业质量/检验（图文平台、性能检测）
J1099,亚马逊运营助理,厦门华翌工艺品有限公司,厦门,0,制造业质量/检验（成本管理、抖音）,制造业质量/检验（图文平台、性能检测）
J1100,成本管理高级工程师 (MJ004498),厦门海辰储能科技股份有限公司,厦门,0,制造业质量/检验（成本管理、抖音）,制造业质量/检验（图文平台、性能检测）
J1101,研发工程师,厦门云天半导体科技有限公司,厦门,0,制造业质量/检验（成本管理、抖音）,制造业质量/检验（图文平台、性能检测）
J1102,facebook投放主管,厦门双安速科网络科技有限公司,厦门,0,制造业质量/检验（成本管理、抖音）,制造业质量/检验（图文平台、性能检测）
J1103,流货管理实习生,上海外服合杰企业服务有限公司,厦门,0,制造业质量/检验（成本管理、抖音）,供应链/物料/采购（物料管理、海外供应链）
J1104,项目管理专员,厦门姚明织带饰品有限公司,厦门,6,产品/项目管理（国内市场、需求分析）,—
J1105,27届数据管培生,中国平安财产保险股份有限公司厦门分公司,厦门,0,制造业质量/检验（成本管理、抖音）,制造业质量/检验（图文平台、性能检测）
J1106,高级物流专员 (MJ002039),大博医疗,厦门,0,制造业质量/检验（成本管理、抖音）,制造业质量/检验（图文平台、性能检测）
J1107,发行游戏运营【2027校招】,4399,厦门,0,制造业质量/检验（成本管理、抖音）,制造业质量/检验（图文平台、性能检测）
J1108,五通奥莱活动策划主管（翔业商管）,翔业集团,厦门,0,制造业质量/检验（成本管理、抖音）,供应链/物料/采购（物料管理、海外供应链）
J1109,成本会计,科华数据股份有限公司,厦门,0,制造业质量/检验（成本管理、抖音）,供应链/物料/采购（物料管理、海外供应链）
J1110,电商专员,厦门汇京医药科技有限公司,厦门,0,制造业质量/检验（成本管理、抖音）,供应链/物料/采购（物料管理、海外供应链）
J1111,诚聘普工/操作工 月入7000（包住 三人间）,厦门大闽聚英电子科技有限公司,厦门,0,制造业质量/检验（成本管理、抖音）,制造业质量/检验（图文平台、性能检测）
J1112,餐酒馆店长,沈阳赛乐博瑞娱乐管理有限公司,厦门,0,制造业质量/检验（成本管理、抖音）,制造业质量/检验（图文平台、性能检测）
J1113,急聘普工/操作工 月入7000（包住 热水器）,厦门三安光电有限公司,厦门,0,制造业质量/检验（成本管理、抖音）,制造业质量/检验（图文平台、性能检测）
J1114,拼多多运营,厦门观星纵横网络科技有限公司,厦门,0,制造业质量/检验（成本管理、抖音）,制造业质量/检验（图文平台、性能检测）
J1115,应届研究员管培生（双休）,厦门莲桥企业管理咨询有限公司,厦门,0,制造业质量/检验（成本管理、抖音）,数据/统计分析（数据建模、统计学）
J1116,物流单证员,上海荣庆国际储运有限公司,厦门,0,制造业质量/检验（成本管理、抖音）,制造业质量/检验（图文平台、性能检测）
J1117,产品竞争力组经理a (MJ004388),厦门海辰储能科技股份有限公司,厦门,6,产品/项目管理（国内市场、需求分析）,—
J1118,项目专员,厦门海佳科技有限公司,厦门,0,制造业质量/检验（成本管理、抖音）,供应链/物料/采购（物料管理、海外供应链）
J1119,仓储主管,厦门时代新能动力科技有限公司,厦门,0,制造业质量/检验（成本管理、抖音）,供应链/物料/采购（物料管理、海外供应链）
J1120,采购-稳定,福建源得化工有限公司,厦门,0,制造业质量/检验（成本管理、抖音）,制造业质量/检验（图文平台、性能检测）
J1121,财务分析,天津华康健商贸有限公司,厦门,0,制造业质量/检验（成本管理、抖音）,供应链/物料/采购（物料管理、海外供应链）
J1122,facebook广告投放,厦门双安速科网络科技有限公司,厦门,0,制造业质量/检验（成本管理、抖音）,制造业质量/检验（图文平台、性能检测）
J1123,数据治理专家,北京中兵数字科技集团有限公司,厦门,0,制造业质量/检验（成本管理、抖音）,制造业质量/检验（图文平台、性能检测）
J1124,亚马逊运营（双休）,厦门伏特佳能源科技有限公司,厦门,0,制造业质量/检验（成本管理、抖音）,供应链/物料/采购（物料管理、海外供应链）
J1125,采购总监,盛天智慧能源科技(福建)有限公司,厦门,0,制造业质量/检验（成本管理、抖音）,制造业质量/检验（图文平台、性能检测）
J1126,人力资源主管/专员 (MJ002873),华润万象生活,厦门,0,制造业质量/检验（成本管理、抖音）,制造业质量/检验（图文平台、性能检测）
J1127,华为售后门店店长（厦门宝龙店）,上海捷鹏通讯设备有限公司福州分公司,厦门,0,制造业质量/检验（成本管理、抖音）,制造业质量/检验（图文平台、性能检测）
J1128,私域运营助理,佳凡香(厦门)文化有限公司,厦门,0,制造业质量/检验（成本管理、抖音）,制造业质量/检验（图文平台、性能检测）
J1129,储备网点负责人（福建省内可调配！）,顺丰速运,厦门,0,制造业质量/检验（成本管理、抖音）,制造业质量/检验（图文平台、性能检测）
J1130,会计/对账进出,厦门富企来网络科技有限公司,厦门,0,制造业质量/检验（成本管理、抖音）,制造业质量/检验（图文平台、性能检测）
J1131,生产管理经理,广州澄婵喜科技有限公司,厦门,0,制造业质量/检验（成本管理、抖音）,制造业质量/检验（图文平台、性能检测）
J1132,有税项目店长（翔业商管）,翔业集团,厦门,0,制造业质量/检验（成本管理、抖音）,制造业质量/检验（图文平台、性能检测）
J1133,成品仓管员,瀚天天成电子科技(厦门)股份有限公司,厦门,0,制造业质量/检验（成本管理、抖音）,制造业质量/检验（图文平台、性能检测）
J1134,品牌小红书运营,厦门市麦哲文化传播有限公司,厦门,0,制造业质量/检验（成本管理、抖音）,制造业质量/检验（图文平台、性能检测）
J1135,光储市场分析师（数能-厦门/北京）,科华数据股份有限公司,厦门,0,制造业质量/检验（成本管理、抖音）,制造业质量/检验（图文平台、性能检测）
J1136,薪酬绩效专业主管/经理 (MJ000305),强力巨彩,厦门,0,制造业质量/检验（成本管理、抖音）,供应链/物料/采购（物料管理、海外供应链）
J1137,AI营销与媒体宣传专员,厦门高帝集团有限公司,厦门,0,制造业质量/检验（成本管理、抖音）,制造业质量/检验（图文平台、性能检测）
J1138,运营专员,中科海锐(厦门)科技研究院有限公司,厦门,0,制造业质量/检验（成本管理、抖音）,制造业质量/检验（图文平台、性能检测）
J1139,算法工程师（音视频）,厦门亿联网络技术股份有限公司,厦门,7,算法/人工智能（智能驾驶、传感器融合）,—
J1140,算法工程师,厦门海菱科技股份有限公司,厦门,7,算法/人工智能（智能驾驶、传感器融合）,—
J1141,人工智能算法工程师,九牧厨卫股份有限公司,厦门,7,算法/人工智能（智能驾驶、传感器融合）,—
J1142,ISP算法工程师,厦门亿联网络技术股份有限公司,厦门,7,算法/人工智能（智能驾驶、传感器融合）,—
J1143,雷达算法工程师,厦门伯智人力资源管理有限公司,厦门,7,算法/人工智能（智能驾驶、传感器融合）,—
J1144,【机器人】规控算法主管,厦门松霖科技股份有限公司,厦门,7,算法/人工智能（智能驾驶、传感器融合）,—
J1145,BMS算法软件工程师,索克曼能源系统(厦门)有限公司,厦门,7,算法/人工智能（智能驾驶、传感器融合）,—
J1146,嵌入式软件开发工程师,厦门贝启科技有限公司,厦门,5,嵌入式/硬件（rtos、32位单片机）,—
J1147,机器视觉工程师,厦门海普锐科技股份有限公司,厦门,7,算法/人工智能（智能驾驶、传感器融合）,—
J1148,嵌入式工程师,国科光芯(海宁)科技股份有限公司,厦门,5,嵌入式/硬件（rtos、32位单片机）,—
J1149,软件工程师（关节镜） (MJ002191),大博医疗,厦门,4,后端开发（hibernate、linux开发）,—
J1150,机器视觉应用开发工程师,航天思尔特,厦门,7,算法/人工智能（智能驾驶、传感器融合）,—
J1151,嵌入式软件工程师,盈趣科技,厦门,5,嵌入式/硬件（rtos、32位单片机）,—
J1152,高级工程师,嘉庚创新实验室,厦门,0,制造业质量/检验（成本管理、抖音）,算法/AI 应用（tensorflow、vit）
J1153,规划控制与车辆适配工程师,河南辉锐人力资源管理有限公司,厦门,0,制造业质量/检验（成本管理、抖音）,制造业质量/检验（图文平台、性能检测）
J1154,控制软件工程师,厦门拓宝科技有限公司,厦门,4,后端开发（hibernate、linux开发）,—
J1155,机器视觉工程师（视觉/上位机）,厦门赛尔特电子股份有限公司,厦门,7,算法/人工智能（智能驾驶、传感器融合）,—
J1156,ISP图像调试工程师,厦门亿联网络技术股份有限公司,厦门,0,制造业质量/检验（成本管理、抖音）,制造业质量/检验（图文平台、性能检测）
J1157,嵌入式软件工程师（电力）,福建省四信数字科技集团有限公司,厦门,5,嵌入式/硬件（rtos、32位单片机）,—
J1158,数采研发工程师,厦门隆力德环境技术开发有限公司,厦门,0,制造业质量/检验（成本管理、抖音）,制造业质量/检验（图文平台、性能检测）
J1159,光学与图像调试工程师（画质定义者）,理工睿视(北京)光电科技有限公司,厦门,0,制造业质量/检验（成本管理、抖音）,制造业质量/检验（图文平台、性能检测）
J1160,博士后招聘（计算生物学或者生物信息学背景）,清华海峡研究院(厦门),厦门,0,制造业质量/检验（成本管理、抖音）,制造业质量/检验（图文平台、性能检测）
J1161,传统算法工程师,厦门思泰克智能科技股份有限公司,厦门,7,算法/人工智能（智能驾驶、传感器融合）,—
J1162,汽车电子控制算法实习生,厦门国创中心先进电驱动技术创新中心,厦门,7,算法/人工智能（智能驾驶、传感器融合）,—
J1163,电池建模与仿真资深工程师,厦门新能安科技有限公司,厦门,0,制造业质量/检验（成本管理、抖音）,硬件/仪器/自动化（组态软件、scratch）
J1164,音视频算法工程师 (MJ000068),厦门睿云联创新科技股份有限公司,厦门,7,算法/人工智能（智能驾驶、传感器融合）,—
J1165,音频算法工程师(J11117),厦门亿联网络技术股份有限公司,厦门,7,算法/人工智能（智能驾驶、传感器融合）,—
J1166,视觉算法工程师/专家 base上海/厦门,厦门思泰克智能科技股份有限公司,厦门,7,算法/人工智能（智能驾驶、传感器融合）,—
J1167,语音算法工程师,厦门睿云联创新科技股份有限公司,厦门,7,算法/人工智能（智能驾驶、传感器融合）,—
J1168,语音算法工程师 (MJ000107),厦门睿云联创新科技股份有限公司,厦门,7,算法/人工智能（智能驾驶、传感器融合）,—
J1169,无人机飞控工程师,厦门市汉飞鹰航空科技有限公司,厦门,0,制造业质量/检验（成本管理、抖音）,制造业质量/检验（图文平台、性能检测）
J1170,Java开发转测试（银行驻场）,北京捷科智诚科技有限公司上海分公司,福州,3,软件测试（信号测试、安全测试）,—
J1171,初级Java开发工程师,福建亿安智能技术股份有限公司,福州,4,后端开发（hibernate、linux开发）,—
J1172,信息系统开发工程师,福建星云电子股份有限公司,福州,4,后端开发（hibernate、linux开发）,—
J1173,后端开发工程师,福建睿智若汐信息科技有限公司,福州,4,后端开发（hibernate、linux开发）,—
J1174,java开发工程师（证券项目）,上海博为峰信息技术有限公司,福州,4,后端开发（hibernate、linux开发）,—
J1175,软件开发工程师,福建慧舟信息科技有限公司,福州,4,后端开发（hibernate、linux开发）,—
J1176,技术开发岗,海峡金桥财产保险股份有限公司,福州,0,制造业质量/检验（成本管理、抖音）,Java/后端（spring、mybatis）
J1177,Java开发工程师,福建联迪商用设备有限公司,福州,4,后端开发（hibernate、linux开发）,—
J1178,Java开发工程师,福建省宇伦信息技术有限公司,福州,4,后端开发（hibernate、linux开发）,—
J1179,开发经理（MES）,摩尔元数(福建)科技有限公司,福州,0,制造业质量/检验（成本管理、抖音）,Java/后端（spring、mybatis）
J1180,Java全栈开发工程师,福建远略软件技术有限公司,福州,8,前端开发（web前端、erp项目）,—
J1181,Java实习生（26/27届）,福建福大北斗通信科技有限公司,福州,4,后端开发（hibernate、linux开发）,—
J1182,Java开发工程师（中级）,福州剑讯网络科技有限公司,福州,4,后端开发（hibernate、linux开发）,—
J1183,卓越研发工程师,顶点软件,福州,0,制造业质量/检验（成本管理、抖音）,Java/后端（spring、mybatis）
J1184,后端开发（数谷）,福建卓融信息技术有限公司,福州,4,后端开发（hibernate、linux开发）,—
J1185,初级软件开发工程师（AI智能体）,福建凯森信息科技有限公司,福州,4,后端开发（hibernate、linux开发）,—
J1186,java开发,北京新致君阳信息技术有限公司,福州,4,后端开发（hibernate、linux开发）,—
J1187,java软件开发工程师,福建新意科技有限公司,福州,4,后端开发（hibernate、linux开发）,—
J1188,java开发实习生,天源迪科,福州,4,后端开发（hibernate、linux开发）,—
J1189,Java（兴业-初-中-高-都可以）,软通动力信息技术(集团)股份有限公司,福州,4,后端开发（hibernate、linux开发）,—
J1190,软件工程师（福建）,力合科技(湖南)股份有限公司,福州,4,后端开发（hibernate、linux开发）,—
J1191,java开发工程师,北京捷科智诚科技有限公司上海分公司,福州,4,后端开发（hibernate、linux开发）,—
J1192,java后端开发工程师,福建亿安智能技术股份有限公司,福州,4,后端开发（hibernate、linux开发）,—
J1193,Fde全栈开发工程师,上海瑞禾通讯技术有限公司,福州,8,前端开发（web前端、erp项目）,—
J1194,java开发工程师（兼职）,福建省卓正能源科技有限公司,福州,4,后端开发（hibernate、linux开发）,—
J1195,高级全栈开发工程师,福建宜美智能科技有限公司,福州,8,前端开发（web前端、erp项目）,—
J1196,开发工程师,福州众致力信息科技有限公司,福州,4,后端开发（hibernate、linux开发）,—
J1197,软件高级工程师,飞毛腿集团,福州,0,制造业质量/检验（成本管理、抖音）,制造业质量/检验（图文平台、性能检测）
J1198,软件开发技术员,唯诚保险经纪有限公司福建分公司,福州,0,制造业质量/检验（成本管理、抖音）,硬件/仪器/自动化（组态软件、scratch）
J1199,初中级Java,鑫锡软件(朝阳)有限公司,福州,4,后端开发（hibernate、linux开发）,—
J1200,AI应用开发工程师（JAVA）,阿帕索(福州)运动用品有限公司,福州,4,后端开发（hibernate、linux开发）,—
J1201,java开发工程师,福建汉特云智能科技有限公司,福州,4,后端开发（hibernate、linux开发）,—
J1202,Java主管,盛辉物流,福州,4,后端开发（hibernate、linux开发）,—
J1203,java后端工程师,福州八通信息科技有限公司,福州,4,后端开发（hibernate、linux开发）,—
J1204,初中高Java/线上面试/5号发薪,京北方,福州,4,后端开发（hibernate、linux开发）,—
J1205,初级java开发工程师,中电金信软件有限公司,福州,4,后端开发（hibernate、linux开发）,—
J1206,java开发工程师,凯特科技,福州,4,后端开发（hibernate、linux开发）,—
J1207,Java开发工程师（2027届校招）,新大陆支付,福州,4,后端开发（hibernate、linux开发）,—
J1208,Java/python后端开发工程师-学信本,信华信技术(昆山)有限公司,福州,4,后端开发（hibernate、linux开发）,—
J1209,Java开发工程师（物联网平台方向）,福建品成数智科技有限公司,福州,4,后端开发（hibernate、linux开发）,—
J1210,Java开发工程师,福建科融世纪信息科技有限公司,福州,4,后端开发（hibernate、linux开发）,—
J1211,Java开发工程师,中鸿达信息科技有限公司,福州,4,后端开发（hibernate、linux开发）,—
J1212,java全栈开发工程师,河北艾钉科技有限公司,福州,8,前端开发（web前端、erp项目）,—
J1213,高级Java架构师,福建亿安智能技术股份有限公司,福州,4,后端开发（hibernate、linux开发）,—
J1214,技术主管（Java）,福州剑讯网络科技有限公司,福州,4,后端开发（hibernate、linux开发）,—
J1215,java开发工程师,北京宏天信业信息技术股份有限公司,福州,4,后端开发（hibernate、linux开发）,—
J1216,java开发(项目管理）,福建振邦信息科技发展有限公司,福州,4,后端开发（hibernate、linux开发）,—
J1217,JAVA开发工程师（擅长AI辅助工具开发）,福建中科智与科技有限公司,福州,4,后端开发（hibernate、linux开发）,—
J1218,Java软件工程师(J10902),南威软件股份有限公司,福州,4,后端开发（hibernate、linux开发）,—
J1219,C#/JAVA实习生,弘扬软件股份有限公司,福州,4,后端开发（hibernate、linux开发）,—
J1220,嵌入式软件开发（福州/合肥）,福耀集团,福州,5,嵌入式/硬件（rtos、32位单片机）,—
J1221,Java开发工程师,福州市联创智云信息科技有限公司,福州,4,后端开发（hibernate、linux开发）,—
J1222,Java开发工程师（福州兴业-年度奖金-线…,软通动力信息技术(集团)股份有限公司,福州,4,后端开发（hibernate、linux开发）,—
J1223,java开发工程师,东软集团(大连)有限公司,福州,4,后端开发（hibernate、linux开发）,—
J1224,Java开发工程师+双休待遇优,京北方,福州,4,后端开发（hibernate、linux开发）,—
J1225,初级java开发工程师,中电金信软件有限公司,福州,4,后端开发（hibernate、linux开发）,—
J1226,java,鑫锡软件(朝阳)有限公司,福州,4,后端开发（hibernate、linux开发）,—
J1227,java开发工程师,福州智众软件技术有限公司,福州,4,后端开发（hibernate、linux开发）,—
J1228,java,北京神州数字科技有限公司,福州,4,后端开发（hibernate、linux开发）,—
J1229,Java工程师（国企、周末双休，五险一金）,凯特科技,福州,4,后端开发（hibernate、linux开发）,—
J1230,嵌入式软件开发工程师（熟悉C&Java，27届）,福建新大陆通信,福州,5,嵌入式/硬件（rtos、32位单片机）,—
J1231,E12福州Java20250811,沈阳厚普科技有限公司,福州,4,后端开发（hibernate、linux开发）,—
J1232,Java开发工程师（福州）,广州南天电脑系统有限公司,福州,4,后端开发（hibernate、linux开发）,—
J1233,中级java开发工程师,福建罗德数字科技有限公司,福州,4,后端开发（hibernate、linux开发）,—
J1234,AI全栈开发与运维工程师,福州观元朔科技有限公司,福州,1,运维/云与网络（分布式电站、空调工程）,—
J1235,JAVA开发工程师(2026届校园招聘)-福州,中电福富信息科技有限公司,福州,4,后端开发（hibernate、linux开发）,—
J1236,java开发工程师（银行）,北京捷科智诚科技有限公司上海分公司,福州,4,后端开发（hibernate、linux开发）,—
J1237,PHP开发工程师,福州剑讯网络科技有限公司,福州,4,后端开发（hibernate、linux开发）,—
J1238,全栈开发工程师,福建凯森信息科技有限公司,福州,8,前端开发（web前端、erp项目）,—
J1239,Java全栈工程师,福州华拓铜业有限公司,福州,8,前端开发（web前端、erp项目）,—
J1240,开发工程师A（国企）,福州迅腾信息技术有限公司,福州,4,后端开发（hibernate、linux开发）,—
J1241,资深java开发工程师,南京海泰医疗信息系统有限公司,福州,4,后端开发（hibernate、linux开发）,—
J1242,Java开发-福州-出差,厦门至恒融兴信息技术股份有限公司,福州,4,后端开发（hibernate、linux开发）,—
J1243,软件工程师,福州高意光学有限公司,福州,4,后端开发（hibernate、linux开发）,—
J1244,福州-Java工程师(J15728),先进数通,福州,4,后端开发（hibernate、linux开发）,—
J1245,Java（线上面试，福州）,京北方,福州,4,后端开发（hibernate、linux开发）,—
J1246,Java开发工程师,中电金信软件有限公司,福州,4,后端开发（hibernate、linux开发）,—
J1247,中高级后端开发工程师,福建科融世纪信息科技有限公司,福州,4,后端开发（hibernate、linux开发）,—
J1248,Java 信息安全开发工程师（汽车行业30+岗位）,博彦科技承德有限公司,福州,4,后端开发（hibernate、linux开发）,—
J1249,Java开发-证券项目,上海博为峰信息技术有限公司,福州,4,后端开发（hibernate、linux开发）,—
J1250,福州Java（银行项目）,软通动力信息技术(集团)股份有限公司,福州,4,后端开发（hibernate、linux开发）,—
J1251,研发效能平台工程师,新大陆支付,福州,0,制造业质量/检验（成本管理、抖音）,硬件/仪器/自动化（组态软件、scratch）
J1252,web前端工程师,福建数字蜂巢科技有限公司,福州,8,前端开发（web前端、erp项目）,—
J1253,全栈Java开发,鑫锡软件(朝阳)有限公司,福州,8,前端开发（web前端、erp项目）,—
J1254,高级JAVA开发工程师（AI/智能化方向）,福州无比欢信息科技有限公司,福州,7,算法/人工智能（智能驾驶、传感器融合）,—
J1255,嵌入式软件开发工程师,福州派利德电子科技有限公司,福州,5,嵌入式/硬件（rtos、32位单片机）,—
J1256,java工程师（福州）,北京神州数字科技有限公司,福州,4,后端开发（hibernate、linux开发）,—
J1257,软件前端工程师,福建中宏远电气科技有限公司,福州,8,前端开发（web前端、erp项目）,—
J1258,嵌入式软件开发工程师,福建汉特云智能科技有限公司,福州,5,嵌入式/硬件（rtos、32位单片机）,—
J1259,ava后端中高级开发工程师（AI工程化方向）,福州市联创智云信息科技有限公司,福州,4,后端开发（hibernate、linux开发）,—
J1260,软件设计工程师,福州高意通讯有限公司,福州,0,制造业质量/检验（成本管理、抖音）,制造业质量/检验（图文平台、性能检测）
J1261,Java开发/长期项目/线上面试,上海思芮信息科技有限公司,福州,4,后端开发（hibernate、linux开发）,—
J1262,对日开发实习生（工作地点：浙江嘉兴）,日立解决方案(中国)有限公司,福州,0,制造业质量/检验（成本管理、抖音）,Java/后端（spring、mybatis）
J1263,AI算法开发工程师,福建闽光软件股份有限公司,福州,7,算法/人工智能（智能驾驶、传感器融合）,—
J1264,AI应用开发工程师-福州,中电福富信息科技有限公司,福州,4,后端开发（hibernate、linux开发）,—
J1265,测试开发（驻场银行）,北京捷科智诚科技有限公司上海分公司,福州,3,软件测试（信号测试、安全测试）,—
J1266,算法工程师(国企）,福州迅腾信息技术有限公司,福州,7,算法/人工智能（智能驾驶、传感器融合）,—
J1267,Java开发工程师,中电金信软件有限公司,福州,4,后端开发（hibernate、linux开发）,—
J1268,资深JAVA工程师,福州剑讯网络科技有限公司,福州,4,后端开发（hibernate、linux开发）,—
J1269,软件测试工程师,顶点软件,福州,3,软件测试（信号测试、安全测试）,—
J1270,嵌入式软件工程师（仅2027届）,福建新大陆通信,福州,5,嵌入式/硬件（rtos、32位单片机）,—
J1271,java开发工程师,软通动力信息技术(集团)股份有限公司,福州,4,后端开发（hibernate、linux开发）,—
J1272,软件开发工程师,福建金盛兰集团有限公司,福州,4,后端开发（hibernate、linux开发）,—
J1273,AI算力专职科研人员,福建睿智若汐信息科技有限公司,福州,0,制造业质量/检验（成本管理、抖音）,Java/后端（spring、mybatis）
J1274,IT信息专员,福州恒易家居有限公司,福州,0,制造业质量/检验（成本管理、抖音）,制造业质量/检验（图文平台、性能检测）
J1275,AI工程师,福建经纬互通科技有限公司,福州,0,制造业质量/检验（成本管理、抖音）,算法/AI 应用（tensorflow、vit）
J1276,AI 应用开发工程师,福建联迪商用设备有限公司,福州,7,算法/人工智能（智能驾驶、传感器融合）,—
J1277,AI应用开发工程师,福建亿慧信息技术有限公司,福州,4,后端开发（hibernate、linux开发）,—
J1278,全国有岗位（开发、测试、算法、数据分析等,外企德科数字技术有限公司,福州,3,软件测试（信号测试、安全测试）,—
J1279,嵌入式软件助理工程师,福建汉特云智能科技有限公司,福州,5,嵌入式/硬件（rtos、32位单片机）,—
J1280,自动化开发工程师,新大陆支付,福州,4,后端开发（hibernate、linux开发）,—
J1281,运维工程师助理,贵州安盛科技技术服务有限公司,福州,1,运维/云与网络（分布式电站、空调工程）,—
J1282,全栈工程师（偏后端）,福建智观数字科技有限公司,福州,8,前端开发（web前端、erp项目）,—
J1283,AI全栈开发工程师,鑫锡软件(朝阳)有限公司,福州,8,前端开发（web前端、erp项目）,—
J1284,运维工程师,福耀集团,福州,1,运维/云与网络（分布式电站、空调工程）,—
J1285,AI Agent技术研发工程师-福州,中电福富信息科技有限公司,福州,7,算法/人工智能（智能驾驶、传感器融合）,—
J1286,全栈工程师,福建凯森信息科技有限公司,福州,8,前端开发（web前端、erp项目）,—
J1287,信息技术主管/全栈开发工程师,福州橙金国际科技有限公司,福州,8,前端开发（web前端、erp项目）,—
J1288,技术负责人,福建东南质量技术培训中心有限公司,福州,0,制造业质量/检验（成本管理、抖音）,制造业质量/检验（图文平台、性能检测）
J1289,全栈开发工程师,福建文达森信息科技有限公司,福州,8,前端开发（web前端、erp项目）,—
J1290,信息技术员,福建蓝鲨生命科学研发中心有限公司,福州,0,制造业质量/检验（成本管理、抖音）,制造业质量/检验（图文平台、性能检测）
J1291,软测测试工程师,上海微创软件股份有限公司,福州,3,软件测试（信号测试、安全测试）,—
J1292,Java（银行）,软通动力信息技术(集团)股份有限公司,福州,4,后端开发（hibernate、linux开发）,—
J1293,Java开发工程师,福建省卓正能源科技有限公司,福州,4,后端开发（hibernate、linux开发）,—
J1294,Java开发工程师,中电金信软件有限公司,福州,4,后端开发（hibernate、linux开发）,—
J1295,java测试工程师,北京捷科智诚科技有限公司上海分公司,福州,3,软件测试（信号测试、安全测试）,—
J1296,软件研发经理,福建省泰昌信息技术有限公司,福州,0,制造业质量/检验（成本管理、抖音）,硬件/仪器/自动化（组态软件、scratch）
J1297,全栈开发工程师,上海瑞禾通讯技术有限公司,福州,8,前端开发（web前端、erp项目）,—
J1298,嵌入式软件开发工程师,福州塔西信息科技有限公司,福州,5,嵌入式/硬件（rtos、32位单片机）,—
J1299,实施工程师（福州）,北京清软创新科技股份有限公司,福州,1,运维/云与网络（分布式电站、空调工程）,—
J1300,资深运维工程师（马尾）,福建卓融信息技术有限公司,福州,1,运维/云与网络（分布式电站、空调工程）,—
J1301,嵌入式开发工程师（安全方向）,福建联迪商用设备有限公司,福州,5,嵌入式/硬件（rtos、32位单片机）,—
J1302,IT运维工程师,福州康海物流有限公司,福州,1,运维/云与网络（分布式电站、空调工程）,—
J1303,网络安全工程师（国企）,福州迅腾信息技术有限公司,福州,0,制造业质量/检验（成本管理、抖音）,Java/后端（spring、mybatis）
J1304,Android开发工程师 (MJ000151),厦门睿云联创新科技股份有限公司,福州,4,后端开发（hibernate、linux开发）,—
J1305,金融数据开发工程师(AMB01E05),顶点软件,福州,4,后端开发（hibernate、linux开发）,—
J1306,MES系统需求分析工程师,宁德新能源科技有限公司,福州,6,产品/项目管理（国内市场、需求分析）,—
J1307,软件实施工程师,联奕科技股份有限公司,福州,1,运维/云与网络（分布式电站、空调工程）,—
J1308,后端开发工程师（AI 工具方向）,福州斯博联科信息技术有限公司,福州,7,算法/人工智能（智能驾驶、传感器融合）,—
J1309,测试开发工程师（2027届校招）,新大陆支付,福州,3,软件测试（信号测试、安全测试）,—
J1310,大数据工程师,吉林省炫锐电力科技有限公司,福州,2,数据分析/BI（数仓开发、kettle）,—
J1311,初级软件测试工程师,福建凯森信息科技有限公司,福州,3,软件测试（信号测试、安全测试）,—
J1312,AI应用开发运维工程师-福州,中电福富信息科技有限公司,福州,1,运维/云与网络（分布式电站、空调工程）,—
J1313,对日开发初级技术员到项目经理的全职位招聘,株式会社ProfaceSystems,福州,6,产品/项目管理（国内市场、需求分析）,—
J1314,高级全栈工程师,优速云(福建)科技有限公司,福州,8,前端开发（web前端、erp项目）,—
J1315,中级java工程师,中电金信软件有限公司,福州,4,后端开发（hibernate、linux开发）,—
J1316,Java开发工程师（兴业银行）,东软集团(大连)有限公司,福州,4,后端开发（hibernate、linux开发）,—
J1317,实施开发工程师,成都竹云数字智能科技有限公司,福州,1,运维/云与网络（分布式电站、空调工程）,—
J1318,嵌入式软件工程师（懂AI部署）,福州福光水务科技有限公司,福州,5,嵌入式/硬件（rtos、32位单片机）,—
J1319,IT经理,福建永诚育种科技集团有限公司,福州,0,制造业质量/检验（成本管理、抖音）,硬件/仪器/自动化（组态软件、scratch）
J1320,数据库管理岗,海峡金桥财产保险股份有限公司,福州,0,制造业质量/检验（成本管理、抖音）,Java/后端（spring、mybatis）
J1321,软件测试工程师,福建科融世纪信息科技有限公司,福州,3,软件测试（信号测试、安全测试）,—
J1322,数据开发工程师,福建金盛兰集团有限公司,福州,4,后端开发（hibernate、linux开发）,—
J1323,软件开发工程师,福建汉特云智能科技有限公司,福州,4,后端开发（hibernate、linux开发）,—
J1324,软件工程师,厦门恒新时代信息技术有限公司,福州,4,后端开发（hibernate、linux开发）,—
J1325,IT应用管理专员,福建奔驰汽车有限公司,福州,0,制造业质量/检验（成本管理、抖音）,硬件/仪器/自动化（组态软件、scratch）
J1326,软件工程师（安卓）,星网锐捷,福州,4,后端开发（hibernate、linux开发）,—
J1327,现场运维开发工程师,福建优易普科技有限公司,福州,1,运维/云与网络（分布式电站、空调工程）,—
J1328,全栈工程师,福建省宇伦信息技术有限公司,福州,8,前端开发（web前端、erp项目）,—
J1329,全栈开发工程师,三维时空软件股份有限公司,福州,8,前端开发（web前端、erp项目）,—
J1330,web前端（银行）,软通动力信息技术(集团)股份有限公司,福州,8,前端开发（web前端、erp项目）,—
J1331,上位机软件开发工程师,福建带好路智能科技有限公司,福州,4,后端开发（hibernate、linux开发）,—
J1332,工业软件开发技术 专业专任教师,福州软件职业技术学院,福州,0,制造业质量/检验（成本管理、抖音）,硬件/仪器/自动化（组态软件、scratch）
J1333,JAVA开发工程师-福州,中电福富信息科技有限公司,福州,4,后端开发（hibernate、linux开发）,—
J1334,Java开发工程师（福州）,京北方,福州,4,后端开发（hibernate、linux开发）,—
J1335,实施工程师,江西如树科技有限公司,福州,1,运维/云与网络（分布式电站、空调工程）,—
J1336,前端开发工程师,中电金信软件有限公司,福州,8,前端开发（web前端、erp项目）,—
J1337,中高级嵌入式开发工程师 (MJ000032),厦门睿云联创新科技股份有限公司,福州,5,嵌入式/硬件（rtos、32位单片机）,—
J1338,Android软件开发工程师（2027届校招）,新大陆支付,福州,4,后端开发（hibernate、linux开发）,—
J1339,系统架构师,福耀集团,福州,0,制造业质量/检验（成本管理、抖音）,Java/后端（spring、mybatis）
J1340,te测试工程师,同泰怡信息技术(福建)有限公司,福州,3,软件测试（信号测试、安全测试）,—
J1341,C++开发资深工程师,福建时代星云科技有限公司,福州,4,后端开发（hibernate、linux开发）,—
J1342,中级前端开发工程师,福州剑讯网络科技有限公司,福州,8,前端开发（web前端、erp项目）,—
J1343,研发工程师（福州）(J14049),先进数通,福州,0,制造业质量/检验（成本管理、抖音）,算法/AI 应用（tensorflow、vit）
J1344,.NET高级研发工程师,福建大东海实业集团有限公司,福州,4,后端开发（hibernate、linux开发）,—
J1345,数据开发工程师,福建步客信息科技有限公司,福州,4,后端开发（hibernate、linux开发）,—
J1346,数字科技部储备干部,海峡金桥财产保险股份有限公司,福州,0,制造业质量/检验（成本管理、抖音）,制造业质量/检验（图文平台、性能检测）
J1347,数据工程师,福州众致力信息科技有限公司,福州,2,数据分析/BI（数仓开发、kettle）,—
J1348,嵌入式软件工程师,福州高意光学有限公司,福州,5,嵌入式/硬件（rtos、32位单片机）,—
J1349,软硬件测试工程师,福州塔西信息科技有限公司,福州,3,软件测试（信号测试、安全测试）,—
J1350,高级物联网系统架构师,福建品成数智科技有限公司,福州,0,制造业质量/检验（成本管理、抖音）,制造业质量/检验（图文平台、性能检测）
J1351,自动化测试开发工程师,福州九州联创通信科技有限公司,福州,3,软件测试（信号测试、安全测试）,—
J1352,系统架构工程师,福建汉特云智能科技有限公司,福州,0,制造业质量/检验（成本管理、抖音）,制造业质量/检验（图文平台、性能检测）
J1353,安全渗透工程师,兴业银行股份有限公司,福州,0,制造业质量/检验（成本管理、抖音）,硬件/仪器/自动化（组态软件、scratch）
J1354,中高级Java全栈开发工程师,中电福富信息科技有限公司,福州,8,前端开发（web前端、erp项目）,—
J1355,中高级java工程师,北京神州数字科技有限公司,福州,4,后端开发（hibernate、linux开发）,—
J1356,it系统架构师,福建金盛兰集团有限公司,福州,0,制造业质量/检验（成本管理、抖音）,Java/后端（spring、mybatis）
J1357,中级java研发工程师,中电金信软件有限公司,福州,4,后端开发（hibernate、linux开发）,—
J1358,前端开发工程师,福建优仕信息科技有限公司,福州,8,前端开发（web前端、erp项目）,—
J1359,安卓应用研发工程师,福建联迪商用设备有限公司,福州,0,制造业质量/检验（成本管理、抖音）,制造业质量/检验（图文平台、性能检测）
J1360,福州前端开发工程师,沈阳嘉越电力科技有限公司,福州,8,前端开发（web前端、erp项目）,—
J1361,数据架构,福耀集团,福州,0,制造业质量/检验（成本管理、抖音）,Java/后端（spring、mybatis）
J1362,OA主管,福建御味香冷冻食品有限公司,福州,0,制造业质量/检验（成本管理、抖音）,Java/后端（spring、mybatis）
J1363,web前端工程师,福建省宇伦信息技术有限公司,福州,8,前端开发（web前端、erp项目）,—
J1364,嵌入式软件工程师,福州高意通讯有限公司,福州,5,嵌入式/硬件（rtos、32位单片机）,—
J1365,能耗双碳产品经理,福建优易普科技有限公司,福州,6,产品/项目管理（国内市场、需求分析）,—
J1366,安卓应用开发工程师,新大陆支付,福州,4,后端开发（hibernate、linux开发）,—
J1367,c#开发工程师,弘扬软件股份有限公司,福州,4,后端开发（hibernate、linux开发）,—
J1368,需求管理岗,海峡金桥财产保险股份有限公司,福州,0,制造业质量/检验（成本管理、抖音）,制造业质量/检验（图文平台、性能检测）
J1369,嵌入式软件开发工程师,福州高意光学有限公司,福州,5,嵌入式/硬件（rtos、32位单片机）,—
J1370,项目经理,福建省武夷建筑培训学校,福州,6,产品/项目管理（国内市场、需求分析）,—
J1371,审计人员,福建冠瑞税务师事务所有限公司,福州,0,制造业质量/检验（成本管理、抖音）,硬件/仪器/自动化（组态软件、scratch）
J1372,福建区域经理（销售+售前/项目经理+技术）,三维时空软件股份有限公司,福州,6,产品/项目管理（国内市场、需求分析）,—
J1373,Java,福州市晋安区科睿思互联网服务有限公司,福州,4,后端开发（hibernate、linux开发）,—
J1374,全栈开发工程师,福州悦星添科技有限公司,福州,8,前端开发（web前端、erp项目）,—
J1375,软件研发工程师,顶点软件,福州,0,制造业质量/检验（成本管理、抖音）,Java/后端（spring、mybatis）
J1376,桌面运维IT支持维护,福州高新区宏宜科技有限公司,福州,1,运维/云与网络（分布式电站、空调工程）,—
J1377,软件实施工程师,福建亿榕信息技术有限公司,福州,1,运维/云与网络（分布式电站、空调工程）,—
J1378,AI 全栈工程师（Agent/多模态方向）,福建未名医疗科技研究院有限公司,福州,7,算法/人工智能（智能驾驶、传感器融合）,—
J1379,销售系统运维应用负责人,福州几何渲染科技有限公司,福州,1,运维/云与网络（分布式电站、空调工程）,—
J1380,Java-兴业、年终奖、足额社保、线上面试,软通动力信息技术(集团)股份有限公司,福州,4,后端开发（hibernate、linux开发）,—
J1381,Java开发 金融 XY银行,北京神州数字科技有限公司,福州,4,后端开发（hibernate、linux开发）,—
J1382,java开发工程师(兴业银行，双休）,软通动力信息技术(集团)股份有限公司,福州,4,后端开发（hibernate、linux开发）,—
J1383,系统开发工程师,福建汉特云智能科技有限公司,福州,4,后端开发（hibernate、linux开发）,—
J1384,初中高测试-线上面试/年终奖,软通动力信息技术(集团)股份有限公司,福州,3,软件测试（信号测试、安全测试）,—
J1385,AI Agent技术研发工程师,中电福富信息科技有限公司,福州,7,算法/人工智能（智能驾驶、传感器融合）,—
J1386,AI开发平台研发工程师,中电福富信息科技有限公司,福州,0,制造业质量/检验（成本管理、抖音）,算法/AI 应用（tensorflow、vit）
J1387,全栈开发工程师,福建睿智若汐信息科技有限公司,福州,8,前端开发（web前端、erp项目）,—
J1388,AI全栈开发,鑫锡软件(朝阳)有限公司,福州,8,前端开发（web前端、erp项目）,—
J1389,全栈工程师（AI方向）-福州,中电福富信息科技有限公司,福州,8,前端开发（web前端、erp项目）,—
J1390,福州测试开发工程师（银行项目）,软通动力信息技术(集团)股份有限公司,福州,3,软件测试（信号测试、安全测试）,—
J1391,AGV运维工程师,福耀集团,福州,1,运维/云与网络（分布式电站、空调工程）,—
J1392,运维工程师-福州,中电福富信息科技有限公司,福州,1,运维/云与网络（分布式电站、空调工程）,—
J1393,本体建模工程师,中电福富信息科技有限公司,福州,0,制造业质量/检验（成本管理、抖音）,硬件/仪器/自动化（组态软件、scratch）
J1394,后端开发工程师,上海瑞禾通讯技术有限公司,福州,4,后端开发（hibernate、linux开发）,—
J1395,嵌入式软件开发工程师（2027届校招）,新大陆支付,福州,5,嵌入式/硬件（rtos、32位单片机）,—
J1396,webgis开发工程师-福州,中电福富信息科技有限公司,福州,8,前端开发（web前端、erp项目）,—
J1397,高级需求分析师（运营商CRM/计费方向）,中电福富信息科技有限公司,福州,6,产品/项目管理（国内市场、需求分析）,—
J1398,福州前端（银行项目）,软通动力信息技术(集团)股份有限公司,福州,8,前端开发（web前端、erp项目）,—
J1399,性能测试/银行金融方向/线上面试,京北方,福州,3,软件测试（信号测试、安全测试）,—
J1400,嵌入式通讯工程师,新大陆支付,福州,5,嵌入式/硬件（rtos、32位单片机）,—
J1401,高级产品经理,新大陆支付,福州,6,产品/项目管理（国内市场、需求分析）,—
J1402,Android应用开发工程师,新大陆支付,福州,4,后端开发（hibernate、linux开发）,—
J1403,php开发工程师,福州剑讯网络科技有限公司,福州,4,后端开发（hibernate、linux开发）,—
J1404,前瞻技术研发工程师,福建汉特云智能科技有限公司,福州,0,制造业质量/检验（成本管理、抖音）,硬件/仪器/自动化（组态软件、scratch）
J1405,项目管理岗,海峡金桥财产保险股份有限公司,福州,6,产品/项目管理（国内市场、需求分析）,—
J1406,AI测试架构师-福州,中电福富信息科技有限公司,福州,3,软件测试（信号测试、安全测试）,—
J1407,大数据&AI智能体开发工程师（开发岗）-福州,中电福富信息科技有限公司,福州,2,数据分析/BI（数仓开发、kettle）,—
J1408,Android软件开发工程师（26届校招）,新大陆支付,福州,4,后端开发（hibernate、linux开发）,—
J1409,Android开发工程师（SDK方向）,福建联迪商用设备有限公司,福州,4,后端开发（hibernate、linux开发）,—
J1410,安卓系统工程师,新大陆支付,福州,0,制造业质量/检验（成本管理、抖音）,制造业质量/检验（图文平台、性能检测）
J1411,嵌入式驱动工程师,新大陆支付,福州,5,嵌入式/硬件（rtos、32位单片机）,—
J1412,Android应用开发工程师,新大陆支付,福州,4,后端开发（hibernate、linux开发）,—
J1413,安卓框架设计专家,新大陆支付,福州,0,制造业质量/检验（成本管理、抖音）,制造业质量/检验（图文平台、性能检测）
J1414,初级webhHTML5岗,福州高新区宏宜科技有限公司,福州,8,前端开发（web前端、erp项目）,—
J1415,信息化系统维保工程师,福州高新区宏宜科技有限公司,福州,0,制造业质量/检验（成本管理、抖音）,硬件/仪器/自动化（组态软件、scratch）
J1416,java技术经理,福州悦星添科技有限公司,福州,4,后端开发（hibernate、linux开发）,—
J1417,Android软件开发工程师,新大陆支付,福州,4,后端开发（hibernate、linux开发）,—
J1418,AI编程实习生,福州兜乐网络科技有限公司,福州,0,制造业质量/检验（成本管理、抖音）,硬件/仪器/自动化（组态软件、scratch）
J1419,初级嵌入式软件工程师（接受实习/应届生）,福建富昌维控电子科技股份有限公司,福州,5,嵌入式/硬件（rtos、32位单片机）,—
J1420,Python AI开发,鑫锡软件(朝阳)有限公司,福州,4,后端开发（hibernate、linux开发）,—
J1421,软件实施工程师,福州玖周医疗科技有限公司,福州,1,运维/云与网络（分布式电站、空调工程）,—
J1422,AI + Python API 自动化工程师（亚马逊运营系统方…,海卖(福州)网络科技有限公司,福州,7,算法/人工智能（智能驾驶、传感器融合）,—
J1423,数据分析师,福建文达森信息科技有限公司,福州,2,数据分析/BI（数仓开发、kettle）,—
J1424,AI 编程实习生,福州兜乐网络科技有限公司,福州,7,算法/人工智能（智能驾驶、传感器融合）,—
J1425,金融数据分析员,福州丰晟投资有限公司,福州,2,数据分析/BI（数仓开发、kettle）,—
J1426,AI应用开发工程师,河北艾钉科技有限公司,福州,4,后端开发（hibernate、linux开发）,—
J1427,数据岗,中国平安财产保险股份有限公司福建分公司,福州,0,制造业质量/检验（成本管理、抖音）,硬件/仪器/自动化（组态软件、scratch）
J1428,大模型AI应用开发-福州,鑫锡软件(朝阳)有限公司,福州,7,算法/人工智能（智能驾驶、传感器融合）,—
J1429,IT Server Admin/高级IT基础设施工程师,福州高意光学有限公司,福州,0,制造业质量/检验（成本管理、抖音）,硬件/仪器/自动化（组态软件、scratch）
J1430,数据分析,福建卓融信息技术有限公司,福州,2,数据分析/BI（数仓开发、kettle）,—
J1431,大数据运维工程师,福建人人共享安全服务有限公司,福州,1,运维/云与网络（分布式电站、空调工程）,—
J1432,软件测试工程师,顶点软件,福州,3,软件测试（信号测试、安全测试）,—
J1433,AI开发工程师,福州盛博电子有限公司,福州,4,后端开发（hibernate、linux开发）,—
J1434,数据分析师（餐饮供应链）,福建省醉得意餐饮管理有限公司,福州,2,数据分析/BI（数仓开发、kettle）,—
J1435,少儿编程教师,福州星智科技校外培训有限公司,福州,0,制造业质量/检验（成本管理、抖音）,硬件/仪器/自动化（组态软件、scratch）
J1436,初级软件测试工程师 (MJ000083),厦门睿云联创新科技股份有限公司,福州,3,软件测试（信号测试、安全测试）,—
J1437,少儿编程老师,星奇乐创(福州)教育科技有限公司,福州,0,制造业质量/检验（成本管理、抖音）,硬件/仪器/自动化（组态软件、scratch）
J1438,AI落地工程师（FDE方向）,上海宝信软件股份有限公司厦门分公司,福州,0,制造业质量/检验（成本管理、抖音）,硬件/仪器/自动化（组态软件、scratch）
J1439,AI智能体工程师,福建逐光智造科技有限公司,福州,0,制造业质量/检验（成本管理、抖音）,算法/AI 应用（tensorflow、vit）
J1440,帆软报表工程师,科珠(广州)科技有限公司,福州,0,制造业质量/检验（成本管理、抖音）,硬件/仪器/自动化（组态软件、scratch）
J1441,AI算力系统工程师,星网锐捷,福州,0,制造业质量/检验（成本管理、抖音）,算法/AI 应用（tensorflow、vit）
J1442,电力交易数据分析专员,亿云(福建)能源科技有限公司,福州,2,数据分析/BI（数仓开发、kettle）,—
J1443,算法工程师（集团总部计算机视觉）,新大陆科技集团有限公司,福州,7,算法/人工智能（智能驾驶、传感器融合）,—
J1444,移动通信工程师,福州九州联创通信科技有限公司,福州,0,制造业质量/检验（成本管理、抖音）,硬件/仪器/自动化（组态软件、scratch）
J1445,数据工程师（可以培养实习生）,福州云之景科技有限公司,福州,2,数据分析/BI（数仓开发、kettle）,—
J1446,数据分析实习生,福建海峡企业管理服务有限公司,福州,2,数据分析/BI（数仓开发、kettle）,—
J1447,AI开发平台研发工程师,中电福富信息科技有限公司,福州,0,制造业质量/检验（成本管理、抖音）,算法/AI 应用（tensorflow、vit）
J1448,数据分析助理,福建凯森信息科技有限公司,福州,2,数据分析/BI（数仓开发、kettle）,—
J1449,数据测试工程师（福州，线上面试）,京北方,福州,3,软件测试（信号测试、安全测试）,—
J1450,（数据岗）数据开发工程师,福州无比欢信息科技有限公司,福州,4,后端开发（hibernate、linux开发）,—
J1451,测试工程师 (MJ000084),厦门睿云联创新科技股份有限公司,福州,3,软件测试（信号测试、安全测试）,—
J1452,大数据工程师,深圳市数云信息技术有限公司,福州,2,数据分析/BI（数仓开发、kettle）,—
J1453,算法软件工程师,纳川股份,福州,7,算法/人工智能（智能驾驶、传感器融合）,—
J1454,数据分析师,中国平安财产保险股份有限公司福建分公司,福州,2,数据分析/BI（数仓开发、kettle）,—
J1455,卫星应用部负责人,福建省海丝数字科技有限公司,福州,0,制造业质量/检验（成本管理、抖音）,硬件/仪器/自动化（组态软件、scratch）
J1456,AI全栈开发,鑫锡软件(朝阳)有限公司,福州,8,前端开发（web前端、erp项目）,—
J1457,福州-ETL工程师(J15727),先进数通,福州,2,数据分析/BI（数仓开发、kettle）,—
J1458,市场调研主管,星网锐捷,福州,0,制造业质量/检验（成本管理、抖音）,数据/统计分析（数据建模、统计学）
J1459,算法工程师（集团总部大模型）,新大陆科技集团有限公司,福州,7,算法/人工智能（智能驾驶、传感器融合）,—
J1460,系统工程师（国企）,福州迅腾信息技术有限公司,福州,0,制造业质量/检验（成本管理、抖音）,Java/后端（spring、mybatis）
J1461,电力交易岗（福建）,港华能源投资有限公司,福州,0,制造业质量/检验（成本管理、抖音）,供应链/物料/采购（物料管理、海外供应链）
J1462,C++开发工程师,福建汉特云智能科技有限公司,福州,4,后端开发（hibernate、linux开发）,—
J1463,嵌入式软件开发工程师,福建哇赞科技有限公司,福州,5,嵌入式/硬件（rtos、32位单片机）,—
J1464,软件工程师,厦门恒新时代信息技术有限公司,福州,4,后端开发（hibernate、linux开发）,—
J1465,软件开发技术员,唯诚保险经纪有限公司福建分公司,福州,0,制造业质量/检验（成本管理、抖音）,硬件/仪器/自动化（组态软件、scratch）
J1466,2027星乘管培生-数据分析方向,中国平安财产保险股份有限公司福建分公司,福州,2,数据分析/BI（数仓开发、kettle）,—
J1467,嵌入式软件工程师,贵州安盛科技技术服务有限公司,福州,5,嵌入式/硬件（rtos、32位单片机）,—
J1468,全栈工程师（AI方向）-福州,中电福富信息科技有限公司,福州,8,前端开发（web前端、erp项目）,—
J1469,运维工程师 (MJ000128),厦门睿云联创新科技股份有限公司,福州,1,运维/云与网络（分布式电站、空调工程）,—
J1470,数据运营,福建省永遇乐信息科技有限公司,福州,0,制造业质量/检验（成本管理、抖音）,数据/统计分析（数据建模、统计学）
J1471,线上回流数据标注（Work 方向｜居家办公）,陕西汉唐数标科技有限公司,福州,0,制造业质量/检验（成本管理、抖音）,硬件/仪器/自动化（组态软件、scratch）
J1472,测试工艺工程师,厦门彼格科技有限公司,福州,3,软件测试（信号测试、安全测试）,—
J1473,etl工程师,京北方,福州,2,数据分析/BI（数仓开发、kettle）,—
J1474,嵌入式linux软件开发,丰疆智能科技股份有限公司,福州,5,嵌入式/硬件（rtos、32位单片机）,—
J1475,数据工程师,吉林省炫锐电力科技有限公司,福州,2,数据分析/BI（数仓开发、kettle）,—
J1476,机器人老师,福州市仓山区里仁学校,福州,0,制造业质量/检验（成本管理、抖音）,硬件/仪器/自动化（组态软件、scratch）
J1477,机器视觉工程师,福建天石源新材料有限公司,福州,7,算法/人工智能（智能驾驶、传感器融合）,—
J1478,助理研究员,福建省华通市场研究公司,福州,0,制造业质量/检验（成本管理、抖音）,数据/统计分析（数据建模、统计学）
J1479,AI技术工程师（福清总部工作）,福耀集团,福州,0,制造业质量/检验（成本管理、抖音）,算法/AI 应用（tensorflow、vit）
J1480,软件测试工程师,星网锐捷,福州,3,软件测试（信号测试、安全测试）,—
J1481,福州ETL（银行项目）,软通动力信息技术(集团)股份有限公司,福州,2,数据分析/BI（数仓开发、kettle）,—
J1482,mysql数据库工程师,安图特（北京）科技有限公司,福州,0,制造业质量/检验（成本管理、抖音）,Java/后端（spring、mybatis）
J1483,测试开发工程师（2027届校招）,新大陆支付,福州,3,软件测试（信号测试、安全测试）,—
J1484,AI研发工程师(J10469),四创科技有限公司,福州,0,制造业质量/检验（成本管理、抖音）,算法/AI 应用（tensorflow、vit）
J1485,机器人现场测试工程师,福州聚英智能科技有限公司,福州,3,软件测试（信号测试、安全测试）,—
J1486,实习数据开发,科珠(广州)科技有限公司,福州,0,制造业质量/检验（成本管理、抖音）,数据/统计分析（数据建模、统计学）
J1487,ai应用工程师,福州众星创业贸易有限公司,福州,0,制造业质量/检验（成本管理、抖音）,数据/统计分析（数据建模、统计学）
J1488,软件工程师,福州高意光学有限公司,福州,4,后端开发（hibernate、linux开发）,—
J1489,产品测试工程师,福州中孚私募基金管理有限公司,福州,3,软件测试（信号测试、安全测试）,—
J1490,AI智能体开发工程师（机器人）,福建绿聚能科技有限公司,福州,4,后端开发（hibernate、linux开发）,—
J1491,省公司总部 | 个险业务分析岗/数据督导岗,华泰保险集团股份有限公司,福州,0,制造业质量/检验（成本管理、抖音）,数据/统计分析（数据建模、统计学）
J1492,c语言开发工程师,鑫锡软件(朝阳)有限公司,福州,4,后端开发（hibernate、linux开发）,—
J1493,AI算法工程师,星网锐捷,福州,7,算法/人工智能（智能驾驶、传感器融合）,—
J1494,AI算法工程师(2026届校园招聘)-福州,中电福富信息科技有限公司,福州,7,算法/人工智能（智能驾驶、传感器融合）,—
J1495,数据分析事务主管,海峡金桥财产保险股份有限公司,福州,2,数据分析/BI（数仓开发、kettle）,—
J1496,人工智能数据实习生（只招2027届）,福州云之景科技有限公司,福州,7,算法/人工智能（智能驾驶、传感器融合）,—
J1497,业务小模型训练／调优工程师 (福州现场),吉林省炫锐电力科技有限公司,福州,0,制造业质量/检验（成本管理、抖音）,算法/AI 应用（tensorflow、vit）
J1498,光电跟踪算法工程师与目标识别工程师——（薪资面议）,江苏联格科技有限公司,福州,7,算法/人工智能（智能驾驶、传感器融合）,—
J1499,机器人上位机软件工程师,福州聚英智能科技有限公司,福州,4,后端开发（hibernate、linux开发）,—
J1500,研发自动化工程师（外企+双休+base福州）,广州聚贤人才咨询服务有限公司,福州,0,制造业质量/检验（成本管理、抖音）,算法/AI 应用（tensorflow、vit）
J1501,视觉工程师,天津市智图工程技术有限公司,福州,7,算法/人工智能（智能驾驶、传感器融合）,—
J1502,unity3d游戏开发工程师,福州超幻想科技有限公司,福州,4,后端开发（hibernate、linux开发）,—
J1503,运维工程师,福建科融世纪信息科技有限公司,福州,1,运维/云与网络（分布式电站、空调工程）,—
J1504,资深运维工程师,福建义胜信达科技有限公司,福州,1,运维/云与网络（分布式电站、空调工程）,—
J1505,计算机/人工智能老师（兼职）,北京林顿博智教育科技中心,福州,7,算法/人工智能（智能驾驶、传感器融合）,—
J1506,运营经理/副总经理（经营分析）,福州德塔电源技术有限公司,福州,0,制造业质量/检验（成本管理、抖音）,数据/统计分析（数据建模、统计学）
J1507,软件测试工程师（擅长用AI辅助）,福建凯森信息科技有限公司,福州,3,软件测试（信号测试、安全测试）,—
J1508,嵌入式测试工程师,星网锐捷,福州,3,软件测试（信号测试、安全测试）,—
J1509,无人驾驶数据实习生2027届（在福建福州上班）,福州云之景科技有限公司,福州,0,制造业质量/检验（成本管理、抖音）,制造业质量/检验（图文平台、性能检测）
J1510,具身机器人运维工程师,福建坤华智能装备有限公司,福州,1,运维/云与网络（分布式电站、空调工程）,—
J1511,视觉软件开发工程师,福州市金海澜机电设备有限公司,福州,7,算法/人工智能（智能驾驶、传感器融合）,—
J1512,c语言开发工程师,河北艾钉科技有限公司,福州,4,后端开发（hibernate、linux开发）,—
J1513,安全渗透工程师,兴业银行股份有限公司,福州,0,制造业质量/检验（成本管理、抖音）,算法/AI 应用（tensorflow、vit）
J1514,C/C++软件开发工程师,福州三龙喷码科技有限公司,福州,4,后端开发（hibernate、linux开发）,—
J1515,卫星应用技术人员（遥感应用工程师）,福建省海丝数字科技有限公司,福州,0,制造业质量/检验（成本管理、抖音）,硬件/仪器/自动化（组态软件、scratch）
J1516,达梦数据库运维工程师（福州）,南京云白信息科技有限公司,福州,1,运维/云与网络（分布式电站、空调工程）,—
J1517,ai视觉算法工程师,福州悦鹏微视生物科技有限公司,福州,7,算法/人工智能（智能驾驶、传感器融合）,—
J1518,光电工程师——（薪资面议）,江苏联格科技有限公司,福州,0,制造业质量/检验（成本管理、抖音）,硬件/仪器/自动化（组态软件、scratch）
J1519,系统运维工程师（软件、中间件方向）,一通(河南)信息科技有限公司,福州,1,运维/云与网络（分布式电站、空调工程）,—
J1520,c#上位机开发工程师（27届实习生）,福州福光水务科技有限公司,福州,4,后端开发（hibernate、linux开发）,—
J1521,视觉算法工程师,福州聚英智能科技有限公司,福州,7,算法/人工智能（智能驾驶、传感器融合）,—
J1522,软硬件测试工程师,福州塔西信息科技有限公司,福州,3,软件测试（信号测试、安全测试）,—
J1523,电力交易员,福建亿能供电有限公司,福州,0,制造业质量/检验（成本管理、抖音）,数据/统计分析（数据建模、统计学）
J1524,运动控制开发工程师,星网锐捷,福州,4,后端开发（hibernate、linux开发）,—
J1525,webGIS开发工程师,福建省城乡规划设计研究院,福州,8,前端开发（web前端、erp项目）,—
J1526,3D点云数据实习生,福州云之景科技有限公司,福州,0,制造业质量/检验（成本管理、抖音）,制造业质量/检验（图文平台、性能检测）
J1527,工业上位机软件开发工程师,福建天石源新材料有限公司,福州,4,后端开发（hibernate、linux开发）,—
J1528,通信设计工程师,福州九州联创通信科技有限公司,福州,0,制造业质量/检验（成本管理、抖音）,硬件/仪器/自动化（组态软件、scratch）
J1529,大模型／知识库调优工程师,吉林省炫锐电力科技有限公司,福州,7,算法/人工智能（智能驾驶、传感器融合）,—
J1530,全栈运营,福建文达森信息科技有限公司,福州,8,前端开发（web前端、erp项目）,—
J1531,te测试工程师,同泰怡信息技术(福建)有限公司,福州,3,软件测试（信号测试、安全测试）,—
J1532,算法工程师,福建汉特云智能科技有限公司,福州,7,算法/人工智能（智能驾驶、传感器融合）,—
J1533,PaaS云平台运维工程师（智泰公司）,合力泰,福州,1,运维/云与网络（分布式电站、空调工程）,—
J1534,机器人编程教师,福建省乐探教育科技有限公司,福州,0,制造业质量/检验（成本管理、抖音）,硬件/仪器/自动化（组态软件、scratch）
J1535,NS管培生（经营分析）,中国平安人寿保险股份有限公司福建分公司,福州,0,制造业质量/检验（成本管理、抖音）,制造业质量/检验（图文平台、性能检测）
J1536,嵌入式软件测试工程师,福州高意通讯有限公司,福州,3,软件测试（信号测试、安全测试）,—
J1537,运维工程师,福州康普特信息科技有限公司,福州,1,运维/云与网络（分布式电站、空调工程）,—
J1538,高级研究员/研究员 （光通信方向）,福建省电子信息应用技术研究院有限公司,福州,0,制造业质量/检验（成本管理、抖音）,硬件/仪器/自动化（组态软件、scratch）
J1539,硬件测试开发工程师（自动化方向）,福建睿能科技股份有限公司,福州,3,软件测试（信号测试、安全测试）,—
J1540,金锣福建区域调理品客户经理,金锣集团,福州,0,制造业质量/检验（成本管理、抖音）,Java/后端（spring、mybatis）
J1541,人工智能专业实习生2027届,福州云之景科技有限公司,福州,7,算法/人工智能（智能驾驶、传感器融合）,—
J1542,2027届数据管培生,中国平安财产保险股份有限公司福建分公司,福州,0,制造业质量/检验（成本管理、抖音）,制造业质量/检验（图文平台、性能检测）
J1543,嵌入式工程师/主管,福建逐光智造科技有限公司,福州,5,嵌入式/硬件（rtos、32位单片机）,—
J1544,自动化技术工程师（电气）,福州福光水务科技有限公司,福州,0,制造业质量/检验（成本管理、抖音）,硬件/仪器/自动化（组态软件、scratch）
J1545,产品经理,格物科技有限公司,福州,6,产品/项目管理（国内市场、需求分析）,—
J1546,测试开发工程师（集团总部研究院）,新大陆科技集团有限公司,福州,3,软件测试（信号测试、安全测试）,—
J1547,AI应用架构师,星网锐捷,福州,0,制造业质量/检验（成本管理、抖音）,硬件/仪器/自动化（组态软件、scratch）
J1548,Optical Testing R&D Engineer,福州高意光学有限公司,福州,5,嵌入式/硬件（rtos、32位单片机）,—
J1549,通信产品助理工程师,福建万芯科技有限公司,福州,6,产品/项目管理（国内市场、需求分析）,—
J1550,ATE测试工程师,厦门亿芯源半导体科技有限公司,福州,3,软件测试（信号测试、安全测试）,—
J1551,Automation Software Engineer/上位机软件工程…,福州高意通讯有限公司,福州,0,制造业质量/检验（成本管理、抖音）,硬件/仪器/自动化（组态软件、scratch）
J1552,新媒体运营（双休）,福建两岸信息技术有限公司,福州,0,制造业质量/检验（成本管理、抖音）,硬件/仪器/自动化（组态软件、scratch）
J1553,算法主管（视觉融合导航）,福建绿聚能科技有限公司,福州,7,算法/人工智能（智能驾驶、传感器融合）,—
J1554,智能底盘算法负责人,福建施可瑞医疗科技股份有限公司,福州,7,算法/人工智能（智能驾驶、传感器融合）,—
J1555,整机工程师,福建省麦小粒科技有限公司,福州,0,制造业质量/检验（成本管理、抖音）,硬件/仪器/自动化（组态软件、scratch）
J1556,财务实施顾问（用友BIP),鼎欣汇智科技（北京）股份有限公司,福州,1,运维/云与网络（分布式电站、空调工程）,—
J1557,跨境电商运营（葡萄牙语）,扬腾创新(福建)信息科技股份有限公司,福州,0,制造业质量/检验（成本管理、抖音）,供应链/物料/采购（物料管理、海外供应链）
J1558,招兼职：大学教师 / 博士生 / 研究生,北京华文智赢科技有限公司,福州,0,制造业质量/检验（成本管理、抖音）,硬件/仪器/自动化（组态软件、scratch）
J1559,高级云计算工程师,深圳市盛凯信息科技有限公司,福州,0,制造业质量/检验（成本管理、抖音）,制造业质量/检验（图文平台、性能检测）
J1560,业务财经管理专员-罗源时代 (MJ047043),宁德时代新能源科技股份有限公司,福州,0,制造业质量/检验（成本管理、抖音）,硬件/仪器/自动化（组态软件、scratch）
J1561,中高级前端开发工程师,福州市联创智云信息科技有限公司,福州,8,前端开发（web前端、erp项目）,—
J1562,预算会计,盛丰物流,福州,0,制造业质量/检验（成本管理、抖音）,硬件/仪器/自动化（组态软件、scratch）
J1563,Scratch/Python儿童编程教师,福州市榕禾社会工作服务中心,福州,4,后端开发（hibernate、linux开发）,—
J1564,电力交易工程师（福建）,港华能源投资有限公司,福州,0,制造业质量/检验（成本管理、抖音）,供应链/物料/采购（物料管理、海外供应链）
J1565,非功能测试（银行）,京北方,福州,3,软件测试（信号测试、安全测试）,—
J1566,嵌入式软件工程师,丽声助听器（福州）有限公司,福州,5,嵌入式/硬件（rtos、32位单片机）,—
J1567,全栈开发工程师,福州悦星添科技有限公司,福州,8,前端开发（web前端、erp项目）,—
J1568,FDE工程师（工业方向）,福州中联网佳信息技术有限公司,福州,0,制造业质量/检验（成本管理、抖音）,Java/后端（spring、mybatis）
J1569,编程兼职老师,深圳市艺启画文化传播有限公司,福州,0,制造业质量/检验（成本管理、抖音）,硬件/仪器/自动化（组态软件、scratch）
J1570,集团总部实习生,福建闽海能源有限公司,福州,0,制造业质量/检验（成本管理、抖音）,供应链/物料/采购（物料管理、海外供应链）
J1571,数据测试工程师,京北方,福州,3,软件测试（信号测试、安全测试）,—
J1572,系统运维工程师,福建凯森信息科技有限公司,福州,1,运维/云与网络（分布式电站、空调工程）,—
J1573,27运维工程师 (MJ000161),厦门睿云联创新科技股份有限公司,福州,1,运维/云与网络（分布式电站、空调工程）,—
J1574,运维工程师(2027届实习生招聘)-福州,中电福富信息科技有限公司,福州,1,运维/云与网络（分布式电站、空调工程）,—
J1575,AI数据治理,福耀集团,福州,0,制造业质量/检验（成本管理、抖音）,制造业质量/检验（图文平台、性能检测）
J1576,ROS软件工程师(实习岗）,福州聚英智能科技有限公司,福州,4,后端开发（hibernate、linux开发）,—
J1577,数据架构师-福州,中电福富信息科技有限公司,福州,0,制造业质量/检验（成本管理、抖音）,制造业质量/检验（图文平台、性能检测）
J1578,无人驾驶3D点云数据实习生（在福建福州上班）,福州云之景科技有限公司,福州,0,制造业质量/检验（成本管理、抖音）,制造业质量/检验（图文平台、性能检测）
J1579,SLAM工程师（视觉）,福建汉特云智能科技有限公司,福州,7,算法/人工智能（智能驾驶、传感器融合）,—
J1580,2026届数据管培生,中国平安保险(集团)股份有限公司,福州,0,制造业质量/检验（成本管理、抖音）,制造业质量/检验（图文平台、性能检测）
J1581,具身智能机器人技术专任教师,福州软件职业技术学院,福州,0,制造业质量/检验（成本管理、抖音）,算法/AI 应用（tensorflow、vit）
J1582,语音开发工程师,福建汉特云智能科技有限公司,福州,4,后端开发（hibernate、linux开发）,—
J1583,slam算法工程师,福建汉特云智能科技有限公司,福州,7,算法/人工智能（智能驾驶、传感器融合）,—
J1584,FDE工程师（工业方向）,福建文达森信息科技有限公司,福州,0,制造业质量/检验（成本管理、抖音）,硬件/仪器/自动化（组态软件、scratch）
J1585,Automation Software Engineer/自动化软件工程…,福州高意通讯有限公司,福州,0,制造业质量/检验（成本管理、抖音）,硬件/仪器/自动化（组态软件、scratch）
J1586,语音开发工程师,福建汉特云智能科技有限公司,福州,4,后端开发（hibernate、linux开发）,—
J1587,无人驾驶AI数据处理（2027届）在福建福州上班,福州云之景科技有限公司,福州,0,制造业质量/检验（成本管理、抖音）,制造业质量/检验（图文平台、性能检测）
J1588,自动化技术工程师（27届实习生）,福州福光水务科技有限公司,福州,0,制造业质量/检验（成本管理、抖音）,硬件/仪器/自动化（组态软件、scratch）
J1589,AI智能体工程师,福建省宇伦信息技术有限公司,福州,0,制造业质量/检验（成本管理、抖音）,硬件/仪器/自动化（组态软件、scratch）
J1590,自动化工程师（PLC / 项目调试，可接受优秀应届生）,福州福光水务科技有限公司,福州,0,制造业质量/检验（成本管理、抖音）,硬件/仪器/自动化（组态软件、scratch）
J1591,视觉（slam/循线）导航算法工程师/主管,福建逐光智造科技有限公司,福州,7,算法/人工智能（智能驾驶、传感器融合）,—
J1592,产品助理实习生,福建万芯科技有限公司,福州,6,产品/项目管理（国内市场、需求分析）,—
J1593,Quality Test Engineer/质量测试工…,福州高意通讯有限公司,福州,3,软件测试（信号测试、安全测试）,—
J1594,自动化工程师,福州福光水务科技有限公司,福州,0,制造业质量/检验（成本管理、抖音）,硬件/仪器/自动化（组态软件、scratch）
J1595,"R&D engineer, Automation/研发自动化…",福州高意光学有限公司,福州,0,制造业质量/检验（成本管理、抖音）,硬件/仪器/自动化（组态软件、scratch）
J1596,整机工程师,福建省麦小粒科技有限公司,福州,0,制造业质量/检验（成本管理、抖音）,硬件/仪器/自动化（组态软件、scratch）
J1597,"R&D Engineer, Automation研发自动化工程师",福州高意光学有限公司,福州,0,制造业质量/检验（成本管理、抖音）,供应链/物料/采购（物料管理、海外供应链）
J1598,设备数智化工程师,宁德时代新能源科技股份有限公司,福州,0,制造业质量/检验（成本管理、抖音）,硬件/仪器/自动化（组态软件、scratch）
J1599,集团总部储备干部,福建闽海能源有限公司,福州,0,制造业质量/检验（成本管理、抖音）,制造业质量/检验（图文平台、性能检测）
J1600,前端工程师,福州剑讯网络科技有限公司,福州,8,前端开发（web前端、erp项目）,—
J1601,web前端开发工程师,福州星旺信息科技有限公司,福州,8,前端开发（web前端、erp项目）,—
J1602,前端开发工程师,福建科融世纪信息科技有限公司,福州,8,前端开发（web前端、erp项目）,—
J1603,前端开发工程师,上海博为峰信息技术有限公司,福州,8,前端开发（web前端、erp项目）,—
J1604,前端开发工程师,南京亿顺弘信息技术有限公司,福州,8,前端开发（web前端、erp项目）,—
J1605,Java工程师（国企、周末双休，五险一金）,凯特科技,福州,4,后端开发（hibernate、linux开发）,—
J1606,高级物联网系统架构师,福建品成数智科技有限公司,福州,0,制造业质量/检验（成本管理、抖音）,Java/后端（spring、mybatis）
J1607,（福清驻点）运维工程师,福建奥通迈胜电力科技有限公司,福州,1,运维/云与网络（分布式电站、空调工程）,—
J1608,嵌入式软件助理工程师,福州元禾原电子科技有限公司,福州,5,嵌入式/硬件（rtos、32位单片机）,—
J1609,上位机软件工程师,上海必胜人力资源有限公司,福州,4,后端开发（hibernate、linux开发）,—
J1610,媒介专员,福建楷芯科技有限公司,福州,0,制造业质量/检验（成本管理、抖音）,制造业质量/检验（图文平台、性能检测）
J1611,多种经营主管,浙江万洋园区运营有限公司,福州,0,制造业质量/检验（成本管理、抖音）,制造业质量/检验（图文平台、性能检测）
J1612,嵌入式软件工程师,星网锐捷,福州,5,嵌入式/硬件（rtos、32位单片机）,—
J1613,Java开发工程师（中级）,福州剑讯网络科技有限公司,福州,4,后端开发（hibernate、linux开发）,—
J1614,测试开发（驻场银行）,北京捷科智诚科技有限公司上海分公司,福州,3,软件测试（信号测试、安全测试）,—
J1615,Kubernetes运维工程师-学信本,信华信技术(昆山)有限公司,福州,1,运维/云与网络（分布式电站、空调工程）,—
J1616,嵌入式软件开发助理,福州派利德电子科技有限公司,福州,5,嵌入式/硬件（rtos、32位单片机）,—
J1617,嵌入式软件开发工程师（物联网方向）,福建天成宝得智能科技有限公司,福州,5,嵌入式/硬件（rtos、32位单片机）,—
J1618,测试工程师,福州通产光电技术有限公司,福州,3,软件测试（信号测试、安全测试）,—
J1619,海外产品经理,新大陆支付,福州,6,产品/项目管理（国内市场、需求分析）,—
J1620,嵌入式研发工程师,星网锐捷,福州,5,嵌入式/硬件（rtos、32位单片机）,—
J1621,全栈工程师（AI方向）-福州,中电福富信息科技有限公司,福州,8,前端开发（web前端、erp项目）,—
J1622,产品运维,北京宇天恒瑞科技发展有限公司,福州,1,运维/云与网络（分布式电站、空调工程）,—
J1623,智能家居总监,福建新奥能源发展有限公司,福州,0,制造业质量/检验（成本管理、抖音）,制造业质量/检验（图文平台、性能检测）
J1624,金蝶erp实施工程师,福建步客信息科技有限公司,福州,1,运维/云与网络（分布式电站、空调工程）,—
J1625,渠道销售---AI软件行业---高薪15-30K,哪吒(福州)科技有限公司,福州,0,制造业质量/检验（成本管理、抖音）,制造业质量/检验（图文平台、性能检测）
J1626,福建省区经理,青岛蓁元生物科技有限公司,福州,0,制造业质量/检验（成本管理、抖音）,制造业质量/检验（图文平台、性能检测）
J1627,电商运营（项目、体系搭建）,福建华夏蓝新材料科技有限公司,福州,0,制造业质量/检验（成本管理、抖音）,制造业质量/检验（图文平台、性能检测）
J1628,asp.net 程序员,福州聚英智能科技有限公司,福州,4,后端开发（hibernate、linux开发）,—
J1629,现场销售/局装业务,有家装饰,福州,0,制造业质量/检验（成本管理、抖音）,制造业质量/检验（图文平台、性能检测）
J1630,集成工程师（机械专业）,福建中科兰剑智能装备科技有限公司,福州,0,制造业质量/检验（成本管理、抖音）,供应链/物料/采购（物料管理、海外供应链）
J1631,新媒体销售顾问（私域/活动成交顾问）,福建群英系统工程有限公司,福州,0,制造业质量/检验（成本管理、抖音）,制造业质量/检验（图文平台、性能检测）
J1632,嵌入式软件工程师,福州三龙喷码科技有限公司,福州,5,嵌入式/硬件（rtos、32位单片机）,—
J1633,C#开发工程师,福建省五星信息科技有限公司,福州,4,后端开发（hibernate、linux开发）,—
J1634,嵌入式开发工程师,福建澳泰自动化设备有限公司,福州,5,嵌入式/硬件（rtos、32位单片机）,—
J1635,软件工程师,厦门恒新时代信息技术有限公司,福州,4,后端开发（hibernate、linux开发）,—
J1636,高级嵌入式软件开发工程师[福州],厦门贝启科技有限公司,福州,5,嵌入式/硬件（rtos、32位单片机）,—
J1637,高级嵌入式开发工程师,福建宜美智能科技有限公司,福州,5,嵌入式/硬件（rtos、32位单片机）,—
J1638,嵌入式软件工程师,福建睿能科技股份有限公司,福州,5,嵌入式/硬件（rtos、32位单片机）,—
J1639,上位机Labview,福州元禾原电子科技有限公司,福州,0,制造业质量/检验（成本管理、抖音）,制造业质量/检验（图文平台、性能检测）
J1640,嵌入式开发工程师,福建汉特云智能科技有限公司,福州,5,嵌入式/硬件（rtos、32位单片机）,—
J1641,开发工程师（侧板/端板（CNC)/钢带/CCS）,福建东恒新能源集团有限公司,福州,4,后端开发（hibernate、linux开发）,—
J1642,软件工程师（双休，法定假日正常休）,英格尔自动化(福建)有限公司,福州,4,后端开发（hibernate、linux开发）,—
J1643,小型机技术支持工程师（IBM Power方向）,福建方瀚科技有限公司,福州,0,制造业质量/检验（成本管理、抖音）,硬件/仪器/自动化（组态软件、scratch）
J1644,C#软件工程师,福建星云电子股份有限公司,福州,4,后端开发（hibernate、linux开发）,—
J1645,软件研发主管,星网锐捷,福州,0,制造业质量/检验（成本管理、抖音）,制造业质量/检验（图文平台、性能检测）
J1646,嵌入式通讯工程师,新大陆支付,福州,5,嵌入式/硬件（rtos、32位单片机）,—
J1647,电商运营（化工）,福建华夏蓝新材料科技有限公司,福州,0,制造业质量/检验（成本管理、抖音）,制造业质量/检验（图文平台、性能检测）
J1648,现场销售/精装业务,有家装饰,福州,0,制造业质量/检验（成本管理、抖音）,制造业质量/检验（图文平台、性能检测）
J1649,嵌入式开发工程师 (Linux BSP + 业务软件),福建汉特云智能科技有限公司,福州,5,嵌入式/硬件（rtos、32位单片机）,—
J1650,嵌入式软件工程师（HMI）,福建睿能科技股份有限公司,福州,5,嵌入式/硬件（rtos、32位单片机）,—
J1651,软件工程师（C/C++）,星网锐捷,福州,4,后端开发（hibernate、linux开发）,—
J1652,嵌入式驱动工程师,新大陆支付,福州,5,嵌入式/硬件（rtos、32位单片机）,—
J1653,安卓驱动工程师,新大陆支付,福州,5,嵌入式/硬件（rtos、32位单片机）,—
J1654,C#高级软件工程师,福建星云电子股份有限公司,福州,4,后端开发（hibernate、linux开发）,—
J1655,c#软件工程师,福建星云电子股份有限公司,福州,4,后端开发（hibernate、linux开发）,—
J1656,高级嵌入式开发工程师 （软件架构）,福建汉特云智能科技有限公司,福州,5,嵌入式/硬件（rtos、32位单片机）,—
J1657,产品开发工程师（侧板方向）,福建东恒新能源集团有限公司,福州,4,后端开发（hibernate、linux开发）,—
J1658,产品开发工程师（端板方向）,福建东恒新能源集团有限公司,福州,4,后端开发（hibernate、linux开发）,—
J1659,老化测试技术员,飞毛腿集团,福州,3,软件测试（信号测试、安全测试）,—
J1660,品质检验工程师 Quality Engineer…,广州威标商品检测技术服务有限公司,福州,3,软件测试（信号测试、安全测试）,—
J1661,质量管理/测试,福建骐福控股投资集团有限公司,福州,3,软件测试（信号测试、安全测试）,—
J1662,品质工程师（宁德上班）,宁德余库五金制品有限公司,福州,3,软件测试（信号测试、安全测试）,—
J1663,质量工艺员,福州高意通讯有限公司,福州,0,制造业质量/检验（成本管理、抖音）,质量检验（qa、qc）
J1664,测试,北京新致君阳信息技术有限公司,福州,3,软件测试（信号测试、安全测试）,—
J1665,品质高级主管,福建福顺半导体制造有限公司,福州,3,软件测试（信号测试、安全测试）,—
J1666,硬件测试工程师,福建汉特云智能科技有限公司,福州,3,软件测试（信号测试、安全测试）,—
J1667,项目质量主管,中交四航局第五工程有限公司,福州,0,制造业质量/检验（成本管理、抖音）,制造业质量/检验（图文平台、性能检测）
J1668,产品测试技术专员,重庆简工人力资源服务有限公司,福州,3,软件测试（信号测试、安全测试）,—
J1669,物业品质经理,长沙钱隆物业管理有限公司,福州,3,软件测试（信号测试、安全测试）,—
J1670,中试工程师,福建睿能科技股份有限公司,福州,0,制造业质量/检验（成本管理、抖音）,制造业质量/检验（图文平台、性能检测）
J1671,功能测试,鑫锡软件(朝阳)有限公司,福州,3,软件测试（信号测试、安全测试）,—
J1672,PQE产品质量工程师（外企+双休+base福州）,广州聚贤人才咨询服务有限公司,福州,3,软件测试（信号测试、安全测试）,—
J1673,软件测试工程师,福州剑讯网络科技有限公司,福州,3,软件测试（信号测试、安全测试）,—
J1674,渗透测试,中世国信(北京)信息技术有限公司,福州,3,软件测试（信号测试、安全测试）,—
J1675,电气测试工程师,飞毛腿集团,福州,3,软件测试（信号测试、安全测试）,—
J1676,软件测试工程师,京北方,福州,3,软件测试（信号测试、安全测试）,—
J1677,品质工程师,福建光旭科技有限公司,福州,3,软件测试（信号测试、安全测试）,—
J1678,测试员,福州智狐能源科技有限公司,福州,3,软件测试（信号测试、安全测试）,—
J1679,软件测试助理工程师,福州一方威视科技有限公司,福州,3,软件测试（信号测试、安全测试）,—
J1680,调试,上润精密,福州,0,制造业质量/检验（成本管理、抖音）,制造业质量/检验（图文平台、性能检测）
J1681,硬件测试工程师,上海微创软件股份有限公司,福州,3,软件测试（信号测试、安全测试）,—
J1682,射频测试工程师,福建省麦小粒科技有限公司,福州,3,软件测试（信号测试、安全测试）,—
J1683,软件测试实习生,新大陆科技集团有限公司,福州,3,软件测试（信号测试、安全测试）,—
J1684,QE,福建至期光子科技有限公司,福州,0,制造业质量/检验（成本管理、抖音）,制造业质量/检验（图文平台、性能检测）
J1685,qe品质工程师,福建玖辰精工科技有限公司,福州,3,软件测试（信号测试、安全测试）,—
J1686,无人机维修技术人员,福州福之翼科技有限公司,福州,0,制造业质量/检验（成本管理、抖音）,制造业质量/检验（图文平台、性能检测）
J1687,Quality Manager/质量经理,福州高意通讯有限公司,福州,0,制造业质量/检验（成本管理、抖音）,制造业质量/检验（图文平台、性能检测）
J1688,品质管理岗（船体分段品质管理）,福建左海科技有限公司,福州,3,软件测试（信号测试、安全测试）,—
J1689,质量管理工程师,熹茗集团有限公司,福州,0,制造业质量/检验（成本管理、抖音）,质量检验（qa、qc）
J1690,制程质量工程师(PQE),鑫图光电,福州,3,软件测试（信号测试、安全测试）,—
J1691,质量管理工程师(J10468),四创科技有限公司,福州,0,制造业质量/检验（成本管理、抖音）,制造业质量/检验（图文平台、性能检测）
J1692,性能测试工程师,京北方,福州,3,软件测试（信号测试、安全测试）,—
J1693,质量规划,福耀集团,福州,0,制造业质量/检验（成本管理、抖音）,质量检验（qa、qc）
J1694,硬件测试工程师,星网锐捷,福州,3,软件测试（信号测试、安全测试）,—
J1695,储能测试工程师,飞毛腿集团,福州,3,软件测试（信号测试、安全测试）,—
J1696,质量经理（电力设备）,中能电气,福州,0,制造业质量/检验（成本管理、抖音）,质量检验（qa、qc）
J1697,质量检测员,福州特聚新材料科技有限公司,福州,0,制造业质量/检验（成本管理、抖音）,质量检验（qa、qc）
J1698,测试工程师(J10006),利莱森玛电机科技(福州)有限公司,福州,3,软件测试（信号测试、安全测试）,—
J1699,硬件测试,上海微创软件股份有限公司,福州,3,软件测试（信号测试、安全测试）,—
J1700,初级测试工程师（福州）,福建中测信息技术有限公司,福州,3,软件测试（信号测试、安全测试）,—
J1701,测试工程师,中电金信软件有限公司,福州,3,软件测试（信号测试、安全测试）,—
J1702,测试（银行）,软通动力信息技术(集团)股份有限公司,福州,3,软件测试（信号测试、安全测试）,—
J1703,集团质管总监,福建久策集团有限公司,福州,0,制造业质量/检验（成本管理、抖音）,质量检验（qa、qc）
J1704,软硬件测试工程师,福州塔西信息科技有限公司,福州,3,软件测试（信号测试、安全测试）,—
J1705,DQE工程师,新大陆支付,福州,0,制造业质量/检验（成本管理、抖音）,制造业质量/检验（图文平台、性能检测）
J1706,产品质量工程师,福建联迪商用设备有限公司,福州,3,软件测试（信号测试、安全测试）,—
J1707,Product Quality Engineer/产品质量工…,福州高意通讯有限公司,福州,3,软件测试（信号测试、安全测试）,—
J1708,PQE过程质量工程师,福州高意光学有限公司,福州,3,软件测试（信号测试、安全测试）,—
J1709,质量工程师,腾景科技,福州,3,软件测试（信号测试、安全测试）,—
J1710,测试工程师(008740),广州南天电脑系统有限公司,福州,3,软件测试（信号测试、安全测试）,—
J1711,测试工程师,福建时代星云科技有限公司,福州,3,软件测试（信号测试、安全测试）,—
J1712,cqe客户质量工程师,福建东恒新能源集团有限公司,福州,3,软件测试（信号测试、安全测试）,—
J1713,复判助工,福建万达集团有限公司,福州,0,制造业质量/检验（成本管理、抖音）,制造业质量/检验（图文平台、性能检测）
J1714,物流质量主管,福州康海物流有限公司,福州,0,制造业质量/检验（成本管理、抖音）,供应链/物料/采购（物料管理、海外供应链）
J1715,福-软件测试实习生 (MJ000148),厦门睿云联创新科技股份有限公司,福州,3,软件测试（信号测试、安全测试）,—
J1716,工艺测试工程师,鑫图光电,福州,3,软件测试（信号测试、安全测试）,—
J1717,新品质量经理,茶花股份,福州,3,软件测试（信号测试、安全测试）,—
J1718,食安品控经理（福州鼓楼）,宁德市帮利茶业有限公司,福州,0,制造业质量/检验（成本管理、抖音）,制造业质量/检验（图文平台、性能检测）
J1719,测控工程师,福建至期光子科技有限公司,福州,0,制造业质量/检验（成本管理、抖音）,制造业质量/检验（图文平台、性能检测）
J1720,质量经理,福耀集团,福州,0,制造业质量/检验（成本管理、抖音）,制造业质量/检验（图文平台、性能检测）
J1721,硬件测试工程师,上海微创软件股份有限公司,福州,3,软件测试（信号测试、安全测试）,—
J1722,IPQC制程品管（南屿）,福建富兰光学股份有限公司,福州,0,制造业质量/检验（成本管理、抖音）,质量检验（qa、qc）
J1723,性能测试/线上面试/5号发薪,京北方,福州,3,软件测试（信号测试、安全测试）,—
J1724,部品工程师,福建天成宝得智能科技有限公司,福州,0,制造业质量/检验（成本管理、抖音）,制造业质量/检验（图文平台、性能检测）
J1725,PQE工程师（QSS） (MJ050442),宁德时代新能源科技股份有限公司,福州,0,制造业质量/检验（成本管理、抖音）,质量检验（qa、qc）
J1726,CQE客户质量工程师,福建雪人集团股份有限公司,福州,3,软件测试（信号测试、安全测试）,—
J1727,测试经理/测试主管,厦门加华电力科技有限公司福州分公司,福州,3,软件测试（信号测试、安全测试）,—
J1728,品质管理,福建丸顺新能源汽车科技有限公司,福州,3,软件测试（信号测试、安全测试）,—
J1729,中试工程师,福建新大陆通信,福州,0,制造业质量/检验（成本管理、抖音）,制造业质量/检验（图文平台、性能检测）
J1730,质量部经理,福州峰梅新能源汽车科技有限公司,福州,0,制造业质量/检验（成本管理、抖音）,质量检验（qa、qc）
J1731,储能测试工程师,福建时代星云科技有限公司,福州,3,软件测试（信号测试、安全测试）,—
J1732,硬件测试工程师,福建星云电子股份有限公司,福州,3,软件测试（信号测试、安全测试）,—
J1733,品控经理,江西嘉创食品有限公司,福州,0,制造业质量/检验（成本管理、抖音）,制造业质量/检验（图文平台、性能检测）
J1734,cqe客户质量工程师,飞毛腿集团,福州,3,软件测试（信号测试、安全测试）,—
J1735,软件测试工程师（福州）,上海三高计算机中心股份有限公司,福州,3,软件测试（信号测试、安全测试）,—
J1736,DQE/研发质量工程师,丰疆智能科技股份有限公司,福州,3,软件测试（信号测试、安全测试）,—
J1737,硬件测试工程师,新大陆支付,福州,3,软件测试（信号测试、安全测试）,—
J1738,品保经理,福州景腾精工橡塑制品有限公司,福州,0,制造业质量/检验（成本管理、抖音）,制造业质量/检验（图文平台、性能检测）
J1739,客户服务工程师,福耀集团,福州,0,制造业质量/检验（成本管理、抖音）,质量检验（qa、qc）
J1740,研发质量经理,茶花股份,福州,0,制造业质量/检验（成本管理、抖音）,制造业质量/检验（图文平台、性能检测）
J1741,质量部经理,鑫图光电,福州,0,制造业质量/检验（成本管理、抖音）,制造业质量/检验（图文平台、性能检测）
J1742,实验室质控管理人员,福建华佑检测技术有限公司,福州,0,制造业质量/检验（成本管理、抖音）,制造业质量/检验（图文平台、性能检测）
J1743,质量检测员,福州特聚新材料科技有限公司,福州,0,制造业质量/检验（成本管理、抖音）,供应链/物料/采购（物料管理、海外供应链）
J1744,QC工程师-罗源时代 (MJ049467),宁德时代新能源科技股份有限公司,福州,0,制造业质量/检验（成本管理、抖音）,质量检验（qa、qc）
J1745,应届生质量工程师,腾景科技,福州,3,软件测试（信号测试、安全测试）,—
J1746,品管经理,德通(连江)金属容器有限公司,福州,0,制造业质量/检验（成本管理、抖音）,制造业质量/检验（图文平台、性能检测）
J1747,品质工程师,福建福特科光电股份有限公司,福州,3,软件测试（信号测试、安全测试）,—
J1748,软件测试工程师（福州）,福建中测信息技术有限公司,福州,3,软件测试（信号测试、安全测试）,—
J1749,品质部经理,佰图家居(福州)有限公司,福州,3,软件测试（信号测试、安全测试）,—
J1750,信号测试工程师,上海微创软件股份有限公司,福州,3,软件测试（信号测试、安全测试）,—
J1751,软件测试实习生,福州一方威视科技有限公司,福州,3,软件测试（信号测试、安全测试）,—
J1752,车辆耐久测试工程师-知名外资车企项目G01153,上海福迈迪工程技术有限公司,福州,3,软件测试（信号测试、安全测试）,—
J1753,品管,福州赛福电子科技有限公司,福州,0,制造业质量/检验（成本管理、抖音）,供应链/物料/采购（物料管理、海外供应链）
J1754,IPQC资深主管,宁德新能源科技有限公司,福州,0,制造业质量/检验（成本管理、抖音）,供应链/物料/采购（物料管理、海外供应链）
J1755,（LPO）测试工程师（TE）,锐捷网络股份有限公司,福州,3,软件测试（信号测试、安全测试）,—
J1756,品质工程师,福建中科芯源光电科技有限公司,福州,3,软件测试（信号测试、安全测试）,—
J1757,通信测试工程师,福州九州联创通信科技有限公司,福州,3,软件测试（信号测试、安全测试）,—
J1758,产品质量工程师,福耀集团,福州,3,软件测试（信号测试、安全测试）,—
J1759,半导体QA经理,福建久策集团有限公司,福州,0,制造业质量/检验（成本管理、抖音）,质量检验（qa、qc）
J1760,DQE研发质量工程师,智联招聘杭州分公司,福州,3,软件测试（信号测试、安全测试）,—
J1761,质量工程师,福建臻隆纳米塑胶制品有限公司,福州,3,软件测试（信号测试、安全测试）,—
J1762,质量工程师,福建德佳新能源有限公司,福州,3,软件测试（信号测试、安全测试）,—
J1763,PQC主管-罗源时代,宁德时代新能源科技股份有限公司,福州,0,制造业质量/检验（成本管理、抖音）,质量检验（qa、qc）
J1764,总装车间质量室主任,沈阳宣腾人力资源有限公司,福州,0,制造业质量/检验（成本管理、抖音）,制造业质量/检验（图文平台、性能检测）
J1765,质量工程师,福州杰瑞动能科技有限公司,福州,3,软件测试（信号测试、安全测试）,—
J1766,质量管理部经理,福建华威集团有限公司,福州,0,制造业质量/检验（成本管理、抖音）,制造业质量/检验（图文平台、性能检测）
J1767,质量管理总监,福建森达电气股份有限公司,福州,0,制造业质量/检验（成本管理、抖音）,制造业质量/检验（图文平台、性能检测）
J1768,研发测试工程师,福建中融科技有限公司,福州,3,软件测试（信号测试、安全测试）,—
J1769,硬件测试,上海微创软件股份有限公司,福州,3,软件测试（信号测试、安全测试）,—
J1770,品管工程师,福州聚天合新能源科技有限公司,福州,0,制造业质量/检验（成本管理、抖音）,制造业质量/检验（图文平台、性能检测）
J1771,电机轴质量管理,福清市永裕来齿轮有限公司,福州,0,制造业质量/检验（成本管理、抖音）,质量检验（qa、qc）
J1772,客户质量工程师（发电机分部）,利莱森玛电机科技(福州)有限公司,福州,3,软件测试（信号测试、安全测试）,—
J1773,品控副经理（永泰包食宿）,福州新之源生态农业科技发展有限公司,福州,0,制造业质量/检验（成本管理、抖音）,质量检验（qa、qc）
J1774,ate测试工程师,厦门亿芯源半导体科技有限公司,福州,3,软件测试（信号测试、安全测试）,—
J1775,pqe过程质量工程师,嘉丰汽车座椅(福州)有限公司,福州,3,软件测试（信号测试、安全测试）,—
J1776,质量经理,福建阿石创,福州,0,制造业质量/检验（成本管理、抖音）,制造业质量/检验（图文平台、性能检测）
J1777,网络游戏代练,福州拉海网络科技有限公司,福州,0,制造业质量/检验（成本管理、抖音）,制造业质量/检验（图文平台、性能检测）
J1778,硬件测试专家,福建汉特云智能科技有限公司,福州,3,软件测试（信号测试、安全测试）,—
J1779,物业服务专员（质控）,厦门兆翔物业服务有限公司福州分公司,福州,0,制造业质量/检验（成本管理、抖音）,质量检验（qa、qc）
J1780,TQC工程师（2027届校招）,新大陆支付,福州,0,制造业质量/检验（成本管理、抖音）,制造业质量/检验（图文平台、性能检测）
J1781,质量经理,菩莱(福州)科技有限公司,福州,0,制造业质量/检验（成本管理、抖音）,质量检验（qa、qc）
J1782,过程质量工程师(动力电芯方向）,福建时代星云科技有限公司,福州,3,软件测试（信号测试、安全测试）,—
J1783,仓库质量技术员 (MJ053164),宁德时代新能源科技股份有限公司,福州,0,制造业质量/检验（成本管理、抖音）,制造业质量/检验（图文平台、性能检测）
J1784,渗透测试工程师,中世国信(北京)信息技术有限公司,福州,3,软件测试（信号测试、安全测试）,—
J1785,CQE客户质量工程师,智联招聘杭州分公司,福州,3,软件测试（信号测试、安全测试）,—
J1786,品质经理,福建中科芯源光电科技有限公司,福州,3,软件测试（信号测试、安全测试）,—
J1787,质量部长,福建天成时代新能源科技有限公司,福州,0,制造业质量/检验（成本管理、抖音）,质量检验（qa、qc）
J1788,品质主管,同泰怡信息技术(福建)有限公司,福州,3,软件测试（信号测试、安全测试）,—
J1789,质量检测员（连江，双休）,福州维特君特科技有限公司,福州,0,制造业质量/检验（成本管理、抖音）,质量检验（qa、qc）
J1790,质量工程师,福州立洲弹簧有限公司,福州,3,软件测试（信号测试、安全测试）,—
J1791,品控经理,福州市帮利茶业有限责任公司,福州,0,制造业质量/检验（成本管理、抖音）,制造业质量/检验（图文平台、性能检测）
J1792,硬件测试工程师,上海微创软件股份有限公司,福州,3,软件测试（信号测试、安全测试）,—
J1793,质量管理部经理,福建华威集团有限公司,福州,0,制造业质量/检验（成本管理、抖音）,制造业质量/检验（图文平台、性能检测）
J1794,质量部长,福建天成宝得智能科技有限公司,福州,0,制造业质量/检验（成本管理、抖音）,质量检验（qa、qc）
J1795,pqe工程师助理,浩蓝光电,福州,0,制造业质量/检验（成本管理、抖音）,制造业质量/检验（图文平台、性能检测）
J1796,AI赋能测试工程师,格物科技有限公司,福州,3,软件测试（信号测试、安全测试）,—
J1797,品控督导（全国区域）招聘,广东爱健康农牧集团有限公司,福州,0,制造业质量/检验（成本管理、抖音）,质量检验（qa、qc）
J1798,食品厂品质主管,福建围锅食品科技有限公司,福州,3,软件测试（信号测试、安全测试）,—
J1799,质量主管,福建东恒新能源集团有限公司,福州,0,制造业质量/检验（成本管理、抖音）,制造业质量/检验（图文平台、性能检测）
J1800,质量储备干部,福州特聚新材料科技有限公司,福州,0,制造业质量/检验（成本管理、抖音）,质量检验（qa、qc）
J1801,品质部主管 1人,协荣东名金刚石工业(福州)有限公司,福州,3,软件测试（信号测试、安全测试）,—
J1802,电控品质工程师,福建万润新能源科技有限公司,福州,3,软件测试（信号测试、安全测试）,—
J1803,PQE负责人 (MJ049839),宁德时代新能源科技股份有限公司,福州,0,制造业质量/检验（成本管理、抖音）,制造业质量/检验（图文平台、性能检测）
J1804,硬件测试工程师,福建汉特云智能科技有限公司,福州,3,软件测试（信号测试、安全测试）,—
J1805,质量主管/经理,中能电气,福州,0,制造业质量/检验（成本管理、抖音）,制造业质量/检验（图文平台、性能检测）
J1806,质量经理,嘉丰汽车座椅(福州)有限公司,福州,0,制造业质量/检验（成本管理、抖音）,制造业质量/检验（图文平台、性能检测）
J1807,质量主管,格拉默车辆内饰(上海)有限公司,福州,0,制造业质量/检验（成本管理、抖音）,质量检验（qa、qc）
J1808,质量规划(日语方向，可接受应届生),福耀集团,福州,0,制造业质量/检验（成本管理、抖音）,质量检验（qa、qc）
J1809,质量主管（福州焊接）,无锡朗贤轻量化科技股份有限公司,福州,0,制造业质量/检验（成本管理、抖音）,制造业质量/检验（图文平台、性能检测）
J1810,te测试工程师,同泰怡信息技术(福建)有限公司,福州,3,软件测试（信号测试、安全测试）,—
J1811,DQE工程师,福建万达集团有限公司,福州,0,制造业质量/检验（成本管理、抖音）,制造业质量/检验（图文平台、性能检测）
J1812,品管工程师,福建华夏蓝新材料科技有限公司,福州,0,制造业质量/检验（成本管理、抖音）,制造业质量/检验（图文平台、性能检测）
J1813,制程品质工程师,福建富兰光学股份有限公司,福州,3,软件测试（信号测试、安全测试）,—
J1814,品质主管,福州泰全工业有限公司,福州,3,软件测试（信号测试、安全测试）,—
J1815,质量工程师,菩莱(福州)科技有限公司,福州,3,软件测试（信号测试、安全测试）,—
J1816,pqe工程师助理,浩蓝光电,福州,0,制造业质量/检验（成本管理、抖音）,制造业质量/检验（图文平台、性能检测）
J1817,硬件测试工程师,上海微创软件股份有限公司,福州,3,软件测试（信号测试、安全测试）,—
J1818,【急聘】品质经理（半导体/封装行业）,福建中科芯源光电科技有限公司,福州,3,软件测试（信号测试、安全测试）,—
J1819,品控主管,福建航港针织品有限公司,福州,0,制造业质量/检验（成本管理、抖音）,质量检验（qa、qc）
J1820,品质储备干部,真之味食品(福建)有限公司,福州,3,软件测试（信号测试、安全测试）,—
J1821,PQC主管-罗源时代 (MJ051369),宁德时代新能源科技股份有限公司,福州,0,制造业质量/检验（成本管理、抖音）,质量检验（qa、qc）
J1822,测试总监,福建天成宝得智能科技有限公司,福州,3,软件测试（信号测试、安全测试）,—
J1823,研发部整车测试与耐久运营实习生,福建奔驰汽车有限公司,福州,3,软件测试（信号测试、安全测试）,—
J1824,质量主管,福建东恒新能源集团有限公司,福州,0,制造业质量/检验（成本管理、抖音）,制造业质量/检验（图文平台、性能检测）
J1825,品质组长,福建德佳新能源有限公司,福州,3,软件测试（信号测试、安全测试）,—
J1826,质量工程师,福建宝诚精密机械有限公司,福州,3,软件测试（信号测试、安全测试）,—
J1827,品控经理,禾丰食品股份有限公司,福州,0,制造业质量/检验（成本管理、抖音）,制造业质量/检验（图文平台、性能检测）
J1828,品控专员,忆美园(福州)农业开发有限公司,福州,0,制造业质量/检验（成本管理、抖音）,质量检验（qa、qc）
J1829,过程控制工程师,福耀集团,福州,0,制造业质量/检验（成本管理、抖音）,制造业质量/检验（图文平台、性能检测）
J1830,软件工程师,福州通产光电技术有限公司,福州,4,后端开发（hibernate、linux开发）,—
J1831,质量总监,福州格赛斯机电有限公司,福州,0,制造业质量/检验（成本管理、抖音）,制造业质量/检验（图文平台、性能检测）
J1832,测试工程师（发电机分部）,利莱森玛电机科技(福州)有限公司,福州,3,软件测试（信号测试、安全测试）,—
J1833,ATE工程师（TE工程师）,星网锐捷,福州,0,制造业质量/检验（成本管理、抖音）,制造业质量/检验（图文平台、性能检测）
J1834,CQE客户质量工程师,丰疆智能科技股份有限公司,福州,3,软件测试（信号测试、安全测试）,—
J1835,数据迁移测试,鑫锡软件(朝阳)有限公司,福州,3,软件测试（信号测试、安全测试）,—
J1836,qe品质工程师,福州恒美光电材料有限公司,福州,3,软件测试（信号测试、安全测试）,—
J1837,QC主管,福建骏鹏通信科技有限公司,福州,0,制造业质量/检验（成本管理、抖音）,质量检验（qa、qc）
J1838,食品厂品质经理（福清）,福清睿辉食品有限公司,福州,3,软件测试（信号测试、安全测试）,—
J1839,质量部经理（成套电气方向）,中能电气,福州,0,制造业质量/检验（成本管理、抖音）,质量检验（qa、qc）
J1840,质量主管,四川华清同创新材料科技有限公司,福州,0,制造业质量/检验（成本管理、抖音）,制造业质量/检验（图文平台、性能检测）
J1841,品保主管,协荣东名金刚石工业(福州)有限公司,福州,0,制造业质量/检验（成本管理、抖音）,质量检验（qa、qc）
J1842,品质工程师,福建阿石创,福州,3,软件测试（信号测试、安全测试）,—
J1843,质量主管/经理（福州罗源，新能源）,福建东恒新能源集团有限公司,福州,0,制造业质量/检验（成本管理、抖音）,制造业质量/检验（图文平台、性能检测）
J1844,品控类岗位 （专员/主管）,广东爱健康农牧集团有限公司,福州,0,制造业质量/检验（成本管理、抖音）,制造业质量/检验（图文平台、性能检测）
J1845,质量工程师,福州德扬电子科技有限公司,福州,3,软件测试（信号测试、安全测试）,—
J1846,品质部经理（急聘）,福州环诚电子有限公司,福州,3,软件测试（信号测试、安全测试）,—
J1847,质量储备干部,福州特聚新材料科技有限公司,福州,0,制造业质量/检验（成本管理、抖音）,制造业质量/检验（图文平台、性能检测）
J1848,性能测试（福州兴业-年度奖金-线上面试）,软通动力信息技术(集团)股份有限公司,福州,3,软件测试（信号测试、安全测试）,—
J1849,测试工程师（发电机分部生产部）,利莱森玛电机科技(福州)有限公司,福州,3,软件测试（信号测试、安全测试）,—
J1850,食品品控经理,贝乐鲜(福州)食品科技有限公司,福州,0,制造业质量/检验（成本管理、抖音）,制造业质量/检验（图文平台、性能检测）
J1851,注塑质量经理,茶花股份,福州,0,制造业质量/检验（成本管理、抖音）,制造业质量/检验（图文平台、性能检测）
J1852,外部质量文员,福建森达电气股份有限公司,福州,0,制造业质量/检验（成本管理、抖音）,制造业质量/检验（图文平台、性能检测）
J1853,食品品控主管,北京市裕农优质农产品种植有限公司,福州,0,制造业质量/检验（成本管理、抖音）,制造业质量/检验（图文平台、性能检测）
J1854,品质工程师,福州华拓铜业有限公司,福州,3,软件测试（信号测试、安全测试）,—
J1855,品控部主管,福州好乾成食品有限公司,福州,0,制造业质量/检验（成本管理、抖音）,质量检验（qa、qc）
J1856,NPI（产品导入/工程质量方向）,福州智狐能源科技有限公司,福州,6,产品/项目管理（国内市场、需求分析）,—
J1857,驻场渗透测试工程师,中世国信(北京)信息技术有限公司,福州,3,软件测试（信号测试、安全测试）,—
J1858,品质工程师,福州聚天合新能源科技有限公司,福州,3,软件测试（信号测试、安全测试）,—
J1859,质量主管,福建蓝昊肽生物科技发展有限公司,福州,0,制造业质量/检验（成本管理、抖音）,质量检验（qa、qc）
J1860,品质主管,福建福荣染织有限公司,福州,3,软件测试（信号测试、安全测试）,—
J1861,pqe质量工程师,福州景腾精工橡塑制品有限公司,福州,3,软件测试（信号测试、安全测试）,—
J1862,工厂质量经理,福州德塔电源技术有限公司,福州,0,制造业质量/检验（成本管理、抖音）,制造业质量/检验（图文平台、性能检测）
J1863,硬件测试工程师（应届生可投）,上海微创软件股份有限公司,福州,3,软件测试（信号测试、安全测试）,—
J1864,qe质量工程师,深圳炳麟科技有限公司,福州,3,软件测试（信号测试、安全测试）,—
J1865,品质经理（线束）,福州环诚电子有限公司,福州,3,软件测试（信号测试、安全测试）,—
J1866,质量检测员,福州特聚新材料科技有限公司,福州,0,制造业质量/检验（成本管理、抖音）,供应链/物料/采购（物料管理、海外供应链）
J1867,CCS质量工程师/主管/经理,福建东恒新能源集团有限公司,福州,3,软件测试（信号测试、安全测试）,—
J1868,茶叶品控专员,忆美园(福州)农业开发有限公司,福州,0,制造业质量/检验（成本管理、抖音）,制造业质量/检验（图文平台、性能检测）
J1869,资深硬件测试工程师,福建睿能科技股份有限公司,福州,3,软件测试（信号测试、安全测试）,—
J1870,cqe客户质量工程师,浩蓝光电,福州,3,软件测试（信号测试、安全测试）,—
J1871,酒楼质检经理（提供食宿）,福州鑫朝阳餐饮管理服务有限公司,福州,0,制造业质量/检验（成本管理、抖音）,制造业质量/检验（图文平台、性能检测）
J1872,食品品控主管,福建海文铭海洋科技发展有限公司,福州,0,制造业质量/检验（成本管理、抖音）,供应链/物料/采购（物料管理、海外供应链）
J1873,pqe质量主管,福州冠泓新材料科技有限公司,福州,0,制造业质量/检验（成本管理、抖音）,制造业质量/检验（图文平台、性能检测）
J1874,硬件测试主管/经理,新大陆支付,福州,3,软件测试（信号测试、安全测试）,—
J1875,质量工程师,福州闽台机械有限公司,福州,3,软件测试（信号测试、安全测试）,—
J1876,硬件测试工程师（福州闽侯）,福建永强力加动力设备有限公司,福州,3,软件测试（信号测试、安全测试）,—
J1877,锂电池测试设备产品经理（海外）,福建星云电子股份有限公司,福州,3,软件测试（信号测试、安全测试）,—
J1878,npi质量工程师,福州智狐能源科技有限公司,福州,3,软件测试（信号测试、安全测试）,—
J1879,品控经理,福建勤恳食品科技有限公司,福州,0,制造业质量/检验（成本管理、抖音）,质量检验（qa、qc）
J1880,AI测试架构师-福州,中电福富信息科技有限公司,福州,3,软件测试（信号测试、安全测试）,—
J1881,嵌入式软件测试工程师,福州高意通讯有限公司,福州,3,软件测试（信号测试、安全测试）,—
J1882,质量经理,福建三胜食品有限公司,福州,0,制造业质量/检验（成本管理、抖音）,制造业质量/检验（图文平台、性能检测）
J1883,品质工程师（陶瓷/玻璃荧光片）,福建中科芯源光电科技有限公司,福州,3,软件测试（信号测试、安全测试）,—
J1884,塑胶品质主管,福州敏威塑料制品有限公司,福州,3,软件测试（信号测试、安全测试）,—
J1885,质量储备干部,福州特聚新材料科技有限公司,福州,0,制造业质量/检验（成本管理、抖音）,制造业质量/检验（图文平台、性能检测）
J1886,驻厂主管,乐百氏（广东）饮用水有限公司,福州,0,制造业质量/检验（成本管理、抖音）,制造业质量/检验（图文平台、性能检测）
J1887,质量经理（可外派）,福州德扬电子科技有限公司,福州,0,制造业质量/检验（成本管理、抖音）,质量检验（qa、qc）
J1888,品质主管,同泰怡信息技术(福建)有限公司,福州,3,软件测试（信号测试、安全测试）,—
J1889,质量经理,胜田(福清)食品有限公司,福州,0,制造业质量/检验（成本管理、抖音）,质量检验（qa、qc）
J1890,柴油发电机组测试工程师（连江）,福州维特君特科技有限公司,福州,3,软件测试（信号测试、安全测试）,—
J1891,客户质量工程师,福州九成工业有限公司,福州,3,软件测试（信号测试、安全测试）,—
J1892,品质主管,福建御味香冷冻食品有限公司,福州,3,软件测试（信号测试、安全测试）,—
J1893,回收测试工艺工程师（湿电子化学品）,福建中融科技有限公司,福州,3,软件测试（信号测试、安全测试）,—
J1894,品控经理（体系负责人）,忆美园(福州)农业开发有限公司,福州,0,制造业质量/检验（成本管理、抖音）,数据/统计分析（数据建模、统计学）
J1895,品管员（福清食品厂）,福清睿辉食品有限公司,福州,0,制造业质量/检验（成本管理、抖音）,制造业质量/检验（图文平台、性能检测）
J1896,品质主管（福州）,安徽京通汽车附件制造有限公司,福州,3,软件测试（信号测试、安全测试）,—
J1897,品管主管,福州百洋海味食品有限公司,福州,0,制造业质量/检验（成本管理、抖音）,制造业质量/检验（图文平台、性能检测）
J1898,制程品检员,福建元晟汽车配件科技有限公司,福州,0,制造业质量/检验（成本管理、抖音）,制造业质量/检验（图文平台、性能检测）
J1899,labview高级工程师,宁德市沃德汽车配件有限公司,福州,0,制造业质量/检验（成本管理、抖音）,制造业质量/检验（图文平台、性能检测）
J1900,销售经理（充电桩、PCS、锂电测试设备…,福建星云电子股份有限公司,福州,3,软件测试（信号测试、安全测试）,—
J1901,研发助理工程师/技术员,苏州迈时光电股份有限公司,福州,0,制造业质量/检验（成本管理、抖音）,电子/半导体/设备（测试、自动化设计）
J1902,试验员（实习生）,物联网开放实验室,福州,0,制造业质量/检验（成本管理、抖音）,制造业质量/检验（图文平台、性能检测）
J1903,PLC工程师,福建万达集团有限公司,福州,0,制造业质量/检验（成本管理、抖音）,电子/半导体/设备（测试、自动化设计）
J1904,电控/PLC工程师,福建省中科华源环保科技有限公司,福州,0,制造业质量/检验（成本管理、抖音）,电子/半导体/设备（测试、自动化设计）
J1905,电子技术员,福建天成时代新能源科技有限公司,福州,0,制造业质量/检验（成本管理、抖音）,制造业质量/检验（图文平台、性能检测）
J1906,pqe质量工程师（铜铝排）,福建东恒新能源集团有限公司,福州,3,软件测试（信号测试、安全测试）,—
J1907,实验室助理,汉纱合纺(福州)新材料科技有限公司,福州,0,制造业质量/检验（成本管理、抖音）,制造业质量/检验（图文平台、性能检测）
J1908,电子技术员,福建天成宝得智能科技有限公司,福州,0,制造业质量/检验（成本管理、抖音）,制造业质量/检验（图文平台、性能检测）
J1909,自动化电气工程师,福州高意光学有限公司,福州,0,制造业质量/检验（成本管理、抖音）,电子/半导体/设备（测试、自动化设计）
J1910,研发实验员,恒申集团,福州,0,制造业质量/检验（成本管理、抖音）,制造业质量/检验（图文平台、性能检测）
J1911,qc质检员,四川联畅信通科技有限公司,福州,0,制造业质量/检验（成本管理、抖音）,制造业质量/检验（图文平台、性能检测）
J1912,QC质检,福州恒易家居有限公司,福州,0,制造业质量/检验（成本管理、抖音）,制造业质量/检验（图文平台、性能检测）
J1913,PLC电气工程师,福建亿兆自动化设备有限公司,福州,0,制造业质量/检验（成本管理、抖音）,制造业质量/检验（图文平台、性能检测）
J1914,现场品控（永泰包食宿）,福州新之源生态农业科技发展有限公司,福州,0,制造业质量/检验（成本管理、抖音）,供应链/物料/采购（物料管理、海外供应链）
J1915,品质质检员,福建闽威科技股份有限公司,福州,3,软件测试（信号测试、安全测试）,—
J1916,电子工程师,福州智效重载科技有限公司,福州,0,制造业质量/检验（成本管理、抖音）,制造业质量/检验（图文平台、性能检测）
J1917,电子工程师,福建智德医疗科技有限公司,福州,0,制造业质量/检验（成本管理、抖音）,电子/半导体/设备（测试、自动化设计）
J1918,光伏运维人员,福州智创通信技术有限公司,福州,1,运维/云与网络（分布式电站、空调工程）,—
J1919,企业网管,福州贝石轴承有限公司,福州,0,制造业质量/检验（成本管理、抖音）,制造业质量/检验（图文平台、性能检测）
J1920,书站运维,北京来去互联科技有限公司,福州,1,运维/云与网络（分布式电站、空调工程）,—
J1921,工程人员/工程运维专员,福建警声建设发展集团有限公司,福州,1,运维/云与网络（分布式电站、空调工程）,—
J1922,it专员,福建航港针织品有限公司,福州,0,制造业质量/检验（成本管理、抖音）,制造业质量/检验（图文平台、性能检测）
J1923,运维工程师_福州,浪潮集团,福州,1,运维/云与网络（分布式电站、空调工程）,—
J1924,系统运维,中国民航信息网络股份有限公司福州分公司,福州,1,运维/云与网络（分布式电站、空调工程）,—
J1925,运维工程师（实习）(J11217),南威软件股份有限公司,福州,1,运维/云与网络（分布式电站、空调工程）,—
J1926,桌面运维技术专员,重庆简工人力资源服务有限公司,福州,1,运维/云与网络（分布式电站、空调工程）,—
J1927,实习生（开发、运维岗）,福建亿安智能技术股份有限公司,福州,1,运维/云与网络（分布式电站、空调工程）,—
J1928,机房运维工程师,福建人人共享安全服务有限公司,福州,1,运维/云与网络（分布式电站、空调工程）,—
J1929,it技术支持工程师(福州),上海仁扬信息技术有限公司,福州,0,制造业质量/检验（成本管理、抖音）,制造业质量/检验（图文平台、性能检测）
J1930,运维专员,福建迪创投资有限公司,福州,1,运维/云与网络（分布式电站、空调工程）,—
J1931,oa运维工程师,昇兴集团股份有限公司,福州,1,运维/云与网络（分布式电站、空调工程）,—
J1932,运维,武汉瑞莱保科技有限公司,福州,1,运维/云与网络（分布式电站、空调工程）,—
J1933,生产运维岗,智联猎头,福州,1,运维/云与网络（分布式电站、空调工程）,—
J1934,污水厂运维专员（福建）,华鸿水务集团有限公司,福州,1,运维/云与网络（分布式电站、空调工程）,—
J1935,运维工程师,厦门兆翔物业服务有限公司福州分公司,福州,1,运维/云与网络（分布式电站、空调工程）,—
J1936,运维人员（工作地连江）,中国检验认证集团福建有限公司,福州,1,运维/云与网络（分布式电站、空调工程）,—
J1937,核电技术培养人员（应届生可报）,浙江万纳核电检修有限公司,福州,0,制造业质量/检验（成本管理、抖音）,制造业质量/检验（图文平台、性能检测）
J1938,运维管理岗,海峡金桥财产保险股份有限公司,福州,1,运维/云与网络（分布式电站、空调工程）,—
J1939,IT服务经理(IT基础设备运维维保),福建方瀚科技有限公司,福州,1,运维/云与网络（分布式电站、空调工程）,—
J1940,运维工程师,飞毛腿集团,福州,1,运维/云与网络（分布式电站、空调工程）,—
J1941,信息运维工程师,福建连港物业管理有限公司,福州,1,运维/云与网络（分布式电站、空调工程）,—
J1942,云计算运维工程师,福州恒信云科技有限公司,福州,1,运维/云与网络（分布式电站、空调工程）,—
J1943,信息运维岗,漱玉平民大药房连锁股份有限公司,福州,1,运维/云与网络（分布式电站、空调工程）,—
J1944,运维值守,福建海峡企业管理服务有限公司,福州,1,运维/云与网络（分布式电站、空调工程）,—
J1945,驻点运维工程师,福建亿安智能技术股份有限公司,福州,1,运维/云与网络（分布式电站、空调工程）,—
J1946,运维工程师,福建人人共享安全服务有限公司,福州,1,运维/云与网络（分布式电站、空调工程）,—
J1947,厂房运维工程师（变电站）,宁德新能源科技有限公司,福州,1,运维/云与网络（分布式电站、空调工程）,—
J1948,IT基础运维工程师,福州科瑞特纸品有限公司,福州,1,运维/云与网络（分布式电站、空调工程）,—
J1949,数据运维工程师,福建奔驰汽车有限公司,福州,1,运维/云与网络（分布式电站、空调工程）,—
J1950,福州长乐国际机场驻场运维岗,成都思源智慧航空科技有限公司,福州,1,运维/云与网络（分布式电站、空调工程）,—
J1951,IT运维工程师（智泰公司）,合力泰,福州,1,运维/云与网络（分布式电站、空调工程）,—
J1952,雷达现场调试与运维工程师,江苏联格科技有限公司,福州,1,运维/云与网络（分布式电站、空调工程）,—
J1953,IT运维工程师,腾景科技,福州,1,运维/云与网络（分布式电站、空调工程）,—
J1954,IT技术运维专员（设计院信息化方向）,北京中合现代工程设计有限公司福建分公司,福州,1,运维/云与网络（分布式电站、空调工程）,—
J1955,备份技术支持工程师,福建方瀚科技有限公司,福州,0,制造业质量/检验（成本管理、抖音）,制造业质量/检验（图文平台、性能检测）
J1956,技术员,福建向导科技有限公司,福州,0,制造业质量/检验（成本管理、抖音）,制造业质量/检验（图文平台、性能检测）
J1957,运维工程师,福建凯森信息科技有限公司,福州,1,运维/云与网络（分布式电站、空调工程）,—
J1958,福州机场机电运维管理（多个方向）,北京中科航天人才服务有限公司,福州,1,运维/云与网络（分布式电站、空调工程）,—
J1959,运维污水处理员,株洲日升月恒人力资源有限公司,福州,1,运维/云与网络（分布式电站、空调工程）,—
J1960,环境运维/线上面试/5号发薪,京北方,福州,1,运维/云与网络（分布式电站、空调工程）,—
J1961,运维工程师,尼多咖(上海)贸易有限公司,福州,1,运维/云与网络（分布式电站、空调工程）,—
J1962,MES运维专员,昇兴集团股份有限公司,福州,1,运维/云与网络（分布式电站、空调工程）,—
J1963,设备维修员,福州金海信息科技有限公司,福州,0,制造业质量/检验（成本管理、抖音）,制造业质量/检验（图文平台、性能检测）
J1964,IDC数据中心工程师,嘉环科技股份有限公司,福州,0,制造业质量/检验（成本管理、抖音）,制造业质量/检验（图文平台、性能检测）
J1965,运维工程师（平潭）,福建省泰昌信息技术有限公司,福州,1,运维/云与网络（分布式电站、空调工程）,—
J1966,光伏运维人员（检修）,福建至善伏安新能源科技有限公司,福州,1,运维/云与网络（分布式电站、空调工程）,—
J1967,驻场运维工程师,福建沈岳建筑工程有限公司,福州,1,运维/云与网络（分布式电站、空调工程）,—
J1968,技术员,福建瑞元智能科技有限公司,福州,0,制造业质量/检验（成本管理、抖音）,制造业质量/检验（图文平台、性能检测）
J1969,驻点环保运维工程师（包住）-五险一金,福州通泽电子科技有限公司,福州,1,运维/云与网络（分布式电站、空调工程）,—
J1970,技术支持工程师,福建竹步智能科技有限公司,福州,0,制造业质量/检验（成本管理、抖音）,制造业质量/检验（图文平台、性能检测）
J1971,运维工程师,福建海西新药创制股份有限公司,福州,1,运维/云与网络（分布式电站、空调工程）,—
J1972,实施工程师,贵州安盛科技技术服务有限公司,福州,1,运维/云与网络（分布式电站、空调工程）,—
J1973,海上风电运维工程师,江西纵昂能源科技有限公司,福州,1,运维/云与网络（分布式电站、空调工程）,—
J1974,运维工程师,福建省宇伦信息技术有限公司,福州,1,运维/云与网络（分布式电站、空调工程）,—
J1975,数据中心运维技术员,维谛技术服务(深圳)有限公司,福州,1,运维/云与网络（分布式电站、空调工程）,—
J1976,充电场站运营兼运维（福州）(J10342),广汽能源科技有限公司,福州,1,运维/云与网络（分布式电站、空调工程）,—
J1977,K8S运维,鼎欣汇智科技（北京）股份有限公司,福州,1,运维/云与网络（分布式电站、空调工程）,—
J1978,项目助理（运维方向）,福建人人共享安全服务有限公司,福州,1,运维/云与网络（分布式电站、空调工程）,—
J1979,计算机网络技术工程师,福建科莱安电子科技有限公司,福州,0,制造业质量/检验（成本管理、抖音）,制造业质量/检验（图文平台、性能检测）
J1980,光伏运维值班员-福州,嘉驰英才(上海)信息科技有限公司合肥分公司,福州,1,运维/云与网络（分布式电站、空调工程）,—
J1981,厂房电气运维工程师（宁德）,宁德新能源科技有限公司,福州,1,运维/云与网络（分布式电站、空调工程）,—
J1982,技术支持工程师（IT基础硬件维保运维服务 ）,福建方瀚科技有限公司,福州,1,运维/云与网络（分布式电站、空调工程）,—
J1983,电力运维工程师,博峰智能电器,福州,1,运维/云与网络（分布式电站、空调工程）,—
J1984,光伏运维站长,福建省开源投资发展有限公司,福州,1,运维/云与网络（分布式电站、空调工程）,—
J1985,污染源运维工程师,华测检测认证集团股份有限公司,福州,1,运维/云与网络（分布式电站、空调工程）,—
J1986,光伏运维工程师,紫创光科(深圳)科技集团股份有限公司,福州,1,运维/云与网络（分布式电站、空调工程）,—
J1987,环保运维工程师,福州通泽电子科技有限公司,福州,1,运维/云与网络（分布式电站、空调工程）,—
J1988,网络运维工程师（智泰公司）,合力泰,福州,1,运维/云与网络（分布式电站、空调工程）,—
J1989,电力运维工程师,福建瑞元智能科技有限公司,福州,1,运维/云与网络（分布式电站、空调工程）,—
J1990,水处理运维工程师,福州盈科水处理工程有限公司,福州,1,运维/云与网络（分布式电站、空调工程）,—
J1991,it运维工程师,四川华清同创新材料科技有限公司,福州,1,运维/云与网络（分布式电站、空调工程）,—
J1992,软件运维实习生（仅限27届实习生）,北京用友政务软件股份有限公司福建分公司,福州,1,运维/云与网络（分布式电站、空调工程）,—
J1993,网络运维工程师,福建凯森信息科技有限公司,福州,1,运维/云与网络（分布式电站、空调工程）,—
J1994,海上风电运维工程师,科锐尔人力资源服务(苏州)有限公司,福州,1,运维/云与网络（分布式电站、空调工程）,—
J1995,安全运维工程师,福建跨综服电子商务有限公司,福州,1,运维/云与网络（分布式电站、空调工程）,—
J1996,财务系统运维工程师,华苏科技,福州,1,运维/云与网络（分布式电站、空调工程）,—
J1997,化工厂人员定位系统技术支持工程师,青岛安然物联网科技有限公司,福州,0,制造业质量/检验（成本管理、抖音）,制造业质量/检验（图文平台、性能检测）
J1998,冷库运维技术员,福建万集物流有限公司,福州,1,运维/云与网络（分布式电站、空调工程）,—
J1999,网络安全运维工程师（驻点）,福建中迈信息技术有限公司,福州,1,运维/云与网络（分布式电站、空调工程）,—
J2000,技术服务实习生（福州）,上海华讯网络系统有限公司,福州,0,制造业质量/检验（成本管理、抖音）,制造业质量/检验（图文平台、性能检测）
J2001,工程运维,德艺文化创意集团股份有限公司,福州,1,运维/云与网络（分布式电站、空调工程）,—
J2002,福州机场机电运维员（实习生）,厦门兆翔物业服务有限公司福州分公司,福州,1,运维/云与网络（分布式电站、空调工程）,—
J2003,驻点环保运维工程师,福州通泽电子科技有限公司,福州,1,运维/云与网络（分布式电站、空调工程）,—
J2004,物流售后运维-福州 月薪7300+五险1金 双休,北京易才博普奥管理顾问有限公司,福州,1,运维/云与网络（分布式电站、空调工程）,—
J2005,网络技术实习生,福建星网锐捷智教科技有限公司,福州,0,制造业质量/检验（成本管理、抖音）,制造业质量/检验（图文平台、性能检测）
J2006,产品经理助理（售前支持与现场运维方向）,福建中科智与科技有限公司,福州,1,运维/云与网络（分布式电站、空调工程）,—
J2007,运维设备技术学员（暖通维保方向）,福建康福医院后勤管理服务有限公司,福州,1,运维/云与网络（分布式电站、空调工程）,—
J2008,UPS安装服务工程师,福州合创机电设备有限公司,福州,0,制造业质量/检验（成本管理、抖音）,制造业质量/检验（图文平台、性能检测）
J2009,环保在线设备运维工程师,福建新时代环保科技有限公司,福州,1,运维/云与网络（分布式电站、空调工程）,—
J2010,技术服务工程师（福州）,西安长天长软件股份有限公司,福州,0,制造业质量/检验（成本管理、抖音）,制造业质量/检验（图文平台、性能检测）
J2011,光伏 站长/值班长/值班员 五险一金,嘉驰英才(上海)信息科技有限公司合肥分公司,福州,0,制造业质量/检验（成本管理、抖音）,制造业质量/检验（图文平台、性能检测）
J2012,VOCs运维工程师,河南省奥瑞环保科技股份有限公司,福州,1,运维/云与网络（分布式电站、空调工程）,—
J2013,通信网络工程师,福州宝沃电力科技有限公司,福州,1,运维/云与网络（分布式电站、空调工程）,—
J2014,设备运行工,福建康鸿生物科技有限公司,福州,0,制造业质量/检验（成本管理、抖音）,供应链/物料/采购（物料管理、海外供应链）
J2015,运维技术岗（权属中环科技）,福建省金皇环保科技有限公司,福州,1,运维/云与网络（分布式电站、空调工程）,—
J2016,Deskside Support Engineer,蓝快计算机技术(北京)有限公司,福州,0,制造业质量/检验（成本管理、抖音）,制造业质量/检验（图文平台、性能检测）
J2017,网络安全运维工程师,盛辉物流,福州,1,运维/云与网络（分布式电站、空调工程）,—
J2018,智能制造系统运维工程师,艾丰工品供应链管理(北京)有限公司,福州,1,运维/云与网络（分布式电站、空调工程）,—
J2019,驻点环保运维工程师,福州通泽电子科技有限公司,福州,1,运维/云与网络（分布式电站、空调工程）,—
J2020,驻场运维工程师,佛山市鑫恒驰机械设备有限公司,福州,1,运维/云与网络（分布式电站、空调工程）,—
J2021,一线技术支持工程师（坐席）,福州智狐能源科技有限公司,福州,0,制造业质量/检验（成本管理、抖音）,制造业质量/检验（图文平台、性能检测）
J2022,电气运维工程师,福融新材料股份有限公司,福州,1,运维/云与网络（分布式电站、空调工程）,—
J2023,国控空气站运维工程师,厦门隆力德环境技术开发有限公司,福州,1,运维/云与网络（分布式电站、空调工程）,—
J2024,福建福州 实施工程师（E18）,山东天辉科技有限公司,福州,1,运维/云与网络（分布式电站、空调工程）,—
J2025,系统运维高级工程师（供应链）,恒申集团,福州,1,运维/云与网络（分布式电站、空调工程）,—
J2026,运维工程师（K8S方向）,福建省宇伦信息技术有限公司,福州,1,运维/云与网络（分布式电站、空调工程）,—
J2027,诚招仪表工 包住,厦门戴蒙德工程控制有限公司,福州,0,制造业质量/检验（成本管理、抖音）,制造业质量/检验（图文平台、性能检测）
J2028,SRE资深运维工程师,福建联迪商用设备有限公司,福州,1,运维/云与网络（分布式电站、空调工程）,—
J2029,空调运维,烟台万华物业管理有限公司,福州,1,运维/云与网络（分布式电站、空调工程）,—
J2030,光伏运维人员（屋顶补漏）,福建至善伏安新能源科技有限公司,福州,1,运维/云与网络（分布式电站、空调工程）,—
J2031,厂房暖通运维工程师（罗源时代） (MJ045165),宁德时代新能源科技股份有限公司,福州,1,运维/云与网络（分布式电站、空调工程）,—
J2032,福州机场设备运维员（空调）,厦门兆翔物业服务有限公司福州分公司,福州,1,运维/云与网络（分布式电站、空调工程）,—
J2033,煤气发电运维项目安全主管,中冶赛迪集团,福州,1,运维/云与网络（分布式电站、空调工程）,—
J2034,网络工程师,福州宝沃电力科技有限公司,福州,1,运维/云与网络（分布式电站、空调工程）,—
J2035,服务工程师（继电保护方向）,杭州品联科技有限公司,福州,0,制造业质量/检验（成本管理、抖音）,制造业质量/检验（图文平台、性能检测）
J2036,直招半年及以上经验风电运维工程师,陕西梓骆电力科技有限公司,福州,1,运维/云与网络（分布式电站、空调工程）,—
J2037,风电运维工程师（华南）,天风(无锡)新能源有限公司北京分公司,福州,1,运维/云与网络（分布式电站、空调工程）,—
J2038,营销工程师（电力运维）,鑫旭日电力建设集团有限公司,福州,1,运维/云与网络（分布式电站、空调工程）,—
J2039,销售经理 （电力运维方向）,福建日电建设有限公司,福州,1,运维/云与网络（分布式电站、空调工程）,—
J2040,驻点环保运维技术工程师,福州通泽电子科技有限公司,福州,1,运维/云与网络（分布式电站、空调工程）,—
J2041,配电运维,福建奥通迈胜电力科技有限公司,福州,1,运维/云与网络（分布式电站、空调工程）,—
J2042,技术支持工程师,福州智狐能源科技有限公司,福州,0,制造业质量/检验（成本管理、抖音）,制造业质量/检验（图文平台、性能检测）
J2043,机械运维工程师,福融新材料股份有限公司,福州,1,运维/云与网络（分布式电站、空调工程）,—
J2044,it工程师,正太新材料科技有限责任公司,福州,0,制造业质量/检验（成本管理、抖音）,制造业质量/检验（图文平台、性能检测）
J2045,通信工程师,中国通信建设第一工程局有限公司,福州,0,制造业质量/检验（成本管理、抖音）,制造业质量/检验（图文平台、性能检测）
J2046,厂房规划工程师（电气方向）,宁德新能源科技有限公司,福州,0,制造业质量/检验（成本管理、抖音）,制造业质量/检验（图文平台、性能检测）
J2047,技术支持工程师,福建义胜信达科技有限公司,福州,0,制造业质量/检验（成本管理、抖音）,制造业质量/检验（图文平台、性能检测）
J2048,通信技术工程师,可合(福州)科技有限公司,福州,0,制造业质量/检验（成本管理、抖音）,制造业质量/检验（图文平台、性能检测）
J2049,高级暖通运维工程师,宁德时代新能源科技股份有限公司,福州,1,运维/云与网络（分布式电站、空调工程）,—
J2050,机电设备运维检修工,厦门戴蒙德工程控制有限公司,福州,1,运维/云与网络（分布式电站、空调工程）,—
J2051,维修工程师（充换电base福州）,润建股份,福州,0,制造业质量/检验（成本管理、抖音）,制造业质量/检验（图文平台、性能检测）
J2052,医疗智能设备服务工程师（福州）,卫邦科技,福州,0,制造业质量/检验（成本管理、抖音）,制造业质量/检验（图文平台、性能检测）
J2053,IT工程师,福建海西新药创制股份有限公司,福州,0,制造业质量/检验（成本管理、抖音）,Java/后端（spring、mybatis）
J2054,技术支持工程师,傲拓科技股份有限公司,福州,0,制造业质量/检验（成本管理、抖音）,制造业质量/检验（图文平台、性能检测）
J2055,实施工程师,南京亿顺弘信息技术有限公司,福州,1,运维/云与网络（分布式电站、空调工程）,—
J2056,初级技术支持工程师（IT硬件维保方向）,福建方瀚科技有限公司,福州,5,嵌入式/硬件（rtos、32位单片机）,—
J2057,网络或安全工程师,福建亿捷能电力科技有限公司,福州,0,制造业质量/检验（成本管理、抖音）,制造业质量/检验（图文平台、性能检测）
J2058,集成部经理,恒荣智算(福建)科技有限公司,福州,0,制造业质量/检验（成本管理、抖音）,制造业质量/检验（图文平台、性能检测）
J2059,技术支持工程师（福建）(J10533),噢易云计算,福州,0,制造业质量/检验（成本管理、抖音）,制造业质量/检验（图文平台、性能检测）
J2060,环保仪表维护工程师,福建创投环境检测有限公司,福州,0,制造业质量/检验（成本管理、抖音）,制造业质量/检验（图文平台、性能检测）
J2061,网络工程师,恒锋信息,福州,1,运维/云与网络（分布式电站、空调工程）,—
J2062,园区工务,福建艾密克新能源科技有限公司,福州,0,制造业质量/检验（成本管理、抖音）,制造业质量/检验（图文平台、性能检测）
J2063,招电工 月入15000（包住）,侨源气体,福州,0,制造业质量/检验（成本管理、抖音）,制造业质量/检验（图文平台、性能检测）
J2064,erp主管,福建御味香冷冻食品有限公司,福州,0,制造业质量/检验（成本管理、抖音）,制造业质量/检验（图文平台、性能检测）
J2065,首席服务工程师,福建雪人集团股份有限公司,福州,0,制造业质量/检验（成本管理、抖音）,制造业质量/检验（图文平台、性能检测）
J2066,IT服务器工程师 (MJ054760),宁德时代新能源科技股份有限公司,福州,0,制造业质量/检验（成本管理、抖音）,制造业质量/检验（图文平台、性能检测）
J2067,外贸技术支持,福建汉特云智能科技有限公司,福州,0,制造业质量/检验（成本管理、抖音）,制造业质量/检验（图文平台、性能检测）
J2068,技术支持工程师,杭州海康威视数字技术股份有限公司,福州,0,制造业质量/检验（成本管理、抖音）,制造业质量/检验（图文平台、性能检测）
J2069,网络工程师,福建亿慧信息技术有限公司,福州,1,运维/云与网络（分布式电站、空调工程）,—
J2070,设备维修工程师,福耀集团,福州,0,制造业质量/检验（成本管理、抖音）,制造业质量/检验（图文平台、性能检测）
J2071,技术支持,盛辉物流,福州,0,制造业质量/检验（成本管理、抖音）,制造业质量/检验（图文平台、性能检测）
J2072,光伏集控平台电气工程师,福建德亚新能源科技有限公司,福州,0,制造业质量/检验（成本管理、抖音）,制造业质量/检验（图文平台、性能检测）
J2073,项目经理,福建恒智信息技术有限公司,福州,6,产品/项目管理（国内市场、需求分析）,—
J2074,风电技术经理,福建海电运维科技股份有限公司,福州,0,制造业质量/检验（成本管理、抖音）,制造业质量/检验（图文平台、性能检测）
J2075,售后工程师,福建森达电气股份有限公司,福州,0,制造业质量/检验（成本管理、抖音）,制造业质量/检验（图文平台、性能检测）
J2076,电力项目经理,华苏科技,福州,6,产品/项目管理（国内市场、需求分析）,—
J2077,设备维护工程师（上位机）,锐捷网络股份有限公司,福州,0,制造业质量/检验（成本管理、抖音）,制造业质量/检验（图文平台、性能检测）
J2078,电力实施工程师,安徽锐核电子科技有限公司,福州,1,运维/云与网络（分布式电站、空调工程）,—
J2079,ERP工程师,福建东恒新能源集团有限公司,福州,0,制造业质量/检验（成本管理、抖音）,制造业质量/检验（图文平台、性能检测）
J2080,ERP工程师（集团总部）,新大陆科技集团有限公司,福州,0,制造业质量/检验（成本管理、抖音）,制造业质量/检验（图文平台、性能检测）
J2081,核电防腐工程师,深圳瑞莱保核能技术发展有限公司,福州,0,制造业质量/检验（成本管理、抖音）,制造业质量/检验（图文平台、性能检测）
J2082,售后技术支持工程师（海外）,福建星云电子股份有限公司,福州,0,制造业质量/检验（成本管理、抖音）,制造业质量/检验（图文平台、性能检测）
J2083,小型机技术支持工程师（IBM Power方向）,福建方瀚科技有限公司,福州,0,制造业质量/检验（成本管理、抖音）,制造业质量/检验（图文平台、性能检测）
J2084,ERP主管,福建御味香冷冻食品有限公司,福州,0,制造业质量/检验（成本管理、抖音）,制造业质量/检验（图文平台、性能检测）
J2085,设备维护工程师,广东重仪机械工程服务有限公司宁波分公司,福州,0,制造业质量/检验（成本管理、抖音）,制造业质量/检验（图文平台、性能检测）
J2086,AGV工务工程师,福州恒美光电材料有限公司,福州,0,制造业质量/检验（成本管理、抖音）,制造业质量/检验（图文平台、性能检测）
J2087,诚招电工 优秀员工奖 有餐补,成都纽瑞特医疗科技股份有限公司,福州,0,制造业质量/检验（成本管理、抖音）,制造业质量/检验（图文平台、性能检测）
J2088,诚招电工,四川万和祥瑞消防工程有限公司,福州,0,制造业质量/检验（成本管理、抖音）,制造业质量/检验（图文平台、性能检测）
J2089,网络工程师,福建亿慧信息技术有限公司,福州,1,运维/云与网络（分布式电站、空调工程）,—
J2090,设备维护工程师,福建雪人集团股份有限公司,福州,0,制造业质量/检验（成本管理、抖音）,制造业质量/检验（图文平台、性能检测）
J2091,网络管理员,福建晴阳纺织材料科技有限公司,福州,0,制造业质量/检验（成本管理、抖音）,制造业质量/检验（图文平台、性能检测）
J2092,驻场工程师（电工证）,新华三,福州,0,制造业质量/检验（成本管理、抖音）,制造业质量/检验（图文平台、性能检测）
J2093,网络运维工程师（智泰公司）,合力泰科技股份有限公司福州分公司,福州,1,运维/云与网络（分布式电站、空调工程）,—
J2094,空压站现场运营人员,福建海电运维科技股份有限公司,福州,0,制造业质量/检验（成本管理、抖音）,供应链/物料/采购（物料管理、海外供应链）
J2095,网络工程师-罗源时代 (MJ048722),宁德时代新能源科技股份有限公司,福州,1,运维/云与网络（分布式电站、空调工程）,—
J2096,运维技术员,杭州恒畅环保科技有限公司,福州,1,运维/云与网络（分布式电站、空调工程）,—
J2097,设备运维工程师,兰州泰基离子技术有限公司,福州,1,运维/云与网络（分布式电站、空调工程）,—
J2098,网络工程师实习生（双休）,佛山市山水茶艺饮食有限公司,福州,1,运维/云与网络（分布式电站、空调工程）,—
J2099,网络工程师,福建信锐物联科技有限公司,福州,1,运维/云与网络（分布式电站、空调工程）,—
J2100,维修售后工程师,天津航大航空设备有限公司,福州,0,制造业质量/检验（成本管理、抖音）,硬件/仪器/自动化（组态软件、scratch）
J2101,诚聘电工-月入8000,福州高意光学有限公司,福州,0,制造业质量/检验（成本管理、抖音）,供应链/物料/采购（物料管理、海外供应链）
J2102,光储柴一体化系统工程师（薪资面谈）,福建肯特机电有限公司,福州,0,制造业质量/检验（成本管理、抖音）,制造业质量/检验（图文平台、性能检测）
J2103,售后服务工程师,福建雪人集团股份有限公司,福州,0,制造业质量/检验（成本管理、抖音）,制造业质量/检验（图文平台、性能检测）
J2104,售后工程师,福建信锐物联科技有限公司,福州,0,制造业质量/检验（成本管理、抖音）,制造业质量/检验（图文平台、性能检测）
J2105,数据统计员,福州宏隆贸易有限公司,福州,0,制造业质量/检验（成本管理、抖音）,制造业质量/检验（图文平台、性能检测）
J2106,兼职数据员,福建迪创投资有限公司,福州,0,制造业质量/检验（成本管理、抖音）,制造业质量/检验（图文平台、性能检测）
J2107,数据分析助理,福建凯森信息科技有限公司,福州,2,数据分析/BI（数仓开发、kettle）,—
J2108,数据岗,数据岗,福州,0,制造业质量/检验（成本管理、抖音）,数据/统计分析（数据建模、统计学）
J2109,数据统计员兼职,太原商邑企业管理咨询有限公司,福州,0,制造业质量/检验（成本管理、抖音）,制造业质量/检验（图文平台、性能检测）
J2110,数据标注,贵州安盛科技技术服务有限公司,福州,0,制造业质量/检验（成本管理、抖音）,制造业质量/检验（图文平台、性能检测）
J2111,业务数据化经理（经营分析）,海卖(福州)网络科技有限公司,福州,0,制造业质量/检验（成本管理、抖音）,制造业质量/检验（图文平台、性能检测）
J2112,数据标注,福州市仓山区福邻蒲公英诊所有限公司,福州,0,制造业质量/检验（成本管理、抖音）,制造业质量/检验（图文平台、性能检测）
J2113,物流运营（数据分析方向）,盛辉物流,福州,2,数据分析/BI（数仓开发、kettle）,—
J2114,FP&A/财务数据分析,福州高意光学有限公司,福州,2,数据分析/BI（数仓开发、kettle）,—
J2115,提示词专员/控图专员,小满联云(福建)农业科技有限公司,福州,0,制造业质量/检验（成本管理、抖音）,制造业质量/检验（图文平台、性能检测）
J2116,数据监测员,福州元九通讯技术有限公司,福州,0,制造业质量/检验（成本管理、抖音）,制造业质量/检验（图文平台、性能检测）
J2117,财务主管+偏向数据分析,上海讴丰实业有限公司,福州,2,数据分析/BI（数仓开发、kettle）,—
J2118,数据采集员,福建省闽江数据产业有限公司,福州,0,制造业质量/检验（成本管理、抖音）,制造业质量/检验（图文平台、性能检测）
J2119,非车险部数据分析及跟踪岗,海峡金桥财产保险股份有限公司,福州,2,数据分析/BI（数仓开发、kettle）,—
J2120,运营助理（试剂）(J17834),迈瑞,福州,0,制造业质量/检验（成本管理、抖音）,制造业质量/检验（图文平台、性能检测）
J2121,市场助理（福建）,贝恩医疗设备（广州）有限公司,福州,0,制造业质量/检验（成本管理、抖音）,制造业质量/检验（图文平台、性能检测）
J2122,市场企划行销专员（数据分析&洞察决策）,福州源丰海洋科技有限公司,福州,2,数据分析/BI（数仓开发、kettle）,—
J2123,仓库管理员,福州立盛兴电气科技有限公司,福州,0,制造业质量/检验（成本管理、抖音）,制造业质量/检验（图文平台、性能检测）
J2124,数据管理岗,福建省安然燃气投资有限公司,福州,0,制造业质量/检验（成本管理、抖音）,数据/统计分析（数据建模、统计学）
J2125,数据运营专员,内蒙古蒙牛乳业(集团)股份有限公司,福州,0,制造业质量/检验（成本管理、抖音）,制造业质量/检验（图文平台、性能检测）
J2126,淘宝天猫运营专员,福州市鼓楼区锐嘉电子商务有限公司,福州,0,制造业质量/检验（成本管理、抖音）,供应链/物料/采购（物料管理、海外供应链）
J2127,行政专员/助理,福州理工学院,福州,0,制造业质量/检验（成本管理、抖音）,数据/统计分析（数据建模、统计学）
J2128,运营分析专员,福建国药器械有限公司,福州,0,制造业质量/检验（成本管理、抖音）,数据/统计分析（数据建模、统计学）
J2129,麦当劳总监秘书,金拱门(中国)有限公司,福州,0,制造业质量/检验（成本管理、抖音）,数据/统计分析（数据建模、统计学）
J2130,企划分析岗,平安健康保险股份有限公司福建分公司,福州,0,制造业质量/检验（成本管理、抖音）,制造业质量/检验（图文平台、性能检测）
J2131,计划文员（包吃住）,福建鑫源欣纺织有限公司,福州,0,制造业质量/检验（成本管理、抖音）,制造业质量/检验（图文平台、性能检测）
J2132,商务经理,福建永荣控股集团有限公司,福州,0,制造业质量/检验（成本管理、抖音）,制造业质量/检验（图文平台、性能检测）
J2133,电子交易员,福州台江区绮晟商贸有限公司,福州,0,制造业质量/检验（成本管理、抖音）,制造业质量/检验（图文平台、性能检测）
J2134,天猫助理（有经验）,福州致尚汇贸科技有限公司,福州,0,制造业质量/检验（成本管理、抖音）,制造业质量/检验（图文平台、性能检测）
J2135,直播间运营助理，接受小白,星途自由树(福州)娱乐传媒有限公司,福州,0,制造业质量/检验（成本管理、抖音）,制造业质量/检验（图文平台、性能检测）
J2136,国企正编内勤（机构建设岗） (MJ009071),中国太平洋人寿保险股份有限公司,福州,0,制造业质量/检验（成本管理、抖音）,供应链/物料/采购（物料管理、海外供应链）
J2137,广告投放助理（接受无经验）,福州兜乐网络科技有限公司,福州,0,制造业质量/检验（成本管理、抖音）,制造业质量/检验（图文平台、性能检测）
J2138,储备人事,福建天宝矿业投资集团股份有限公司,福州,0,制造业质量/检验（成本管理、抖音）,供应链/物料/采购（物料管理、海外供应链）
J2139,数字化运营经理,大童保险销售服务有限公司福建分公司,福州,0,制造业质量/检验（成本管理、抖音）,制造业质量/检验（图文平台、性能检测）
J2140,教务专员,福州外语外贸学院,福州,0,制造业质量/检验（成本管理、抖音）,供应链/物料/采购（物料管理、海外供应链）
J2141,城市更新--规划建设岗,中建四局建设发展有限公司,福州,0,制造业质量/检验（成本管理、抖音）,制造业质量/检验（图文平台、性能检测）
J2142,福州仓管员+五险一金,湖南你好新鲜冷链供应链管理有限公司,福州,0,制造业质量/检验（成本管理、抖音）,制造业质量/检验（图文平台、性能检测）
J2143,销售支持,福建盛世百年达食品有限公司,福州,0,制造业质量/检验（成本管理、抖音）,供应链/物料/采购（物料管理、海外供应链）
J2144,成本分析专员,丰疆智能科技股份有限公司,福州,0,制造业质量/检验（成本管理、抖音）,供应链/物料/采购（物料管理、海外供应链）
J2145,车间统计员,福州新三捷光电技术有限公司,福州,0,制造业质量/检验（成本管理、抖音）,制造业质量/检验（图文平台、性能检测）
J2146,商务助理,厦门加华电力科技有限公司福州分公司,福州,0,制造业质量/检验（成本管理、抖音）,制造业质量/检验（图文平台、性能检测）
J2147,奶茶总部运营管理（具备美国签证）,福建宜润商业物业运营有限公司,福州,0,制造业质量/检验（成本管理、抖音）,制造业质量/检验（图文平台、性能检测）
J2148,软件产品经理,星网锐捷,福州,6,产品/项目管理（国内市场、需求分析）,—
J2149,ai产品经理,福建文达森信息科技有限公司,福州,6,产品/项目管理（国内市场、需求分析）,—
J2150,商务专员--福州,福建天马科技集团股份有限公司,福州,0,制造业质量/检验（成本管理、抖音）,制造业质量/检验（图文平台、性能检测）
J2151,DQE工程师,新大陆支付,福州,0,制造业质量/检验（成本管理、抖音）,制造业质量/检验（图文平台、性能检测）
J2152,极氪-体验经理,中升集团,福州,0,制造业质量/检验（成本管理、抖音）,制造业质量/检验（图文平台、性能检测）
J2153,产品助理,福州市联创智云信息科技有限公司,福州,6,产品/项目管理（国内市场、需求分析）,—
J2154,市场运营专员,青岛海信电器营销股份有限公司福州分公司,福州,0,制造业质量/检验（成本管理、抖音）,制造业质量/检验（图文平台、性能检测）
J2155,采购总监,福建省开源投资发展有限公司,福州,0,制造业质量/检验（成本管理、抖音）,制造业质量/检验（图文平台、性能检测）
J2156,大疆门店店长,深圳市天空领域实业发展有限公司,福州,0,制造业质量/检验（成本管理、抖音）,制造业质量/检验（图文平台、性能检测）
J2157,营运督导,飞鹤乳业,福州,0,制造业质量/检验（成本管理、抖音）,制造业质量/检验（图文平台、性能检测）
J2158,数据岗（内勤）,中国平安财产保险股份有限公司福建分公司,福州,0,制造业质量/检验（成本管理、抖音）,制造业质量/检验（图文平台、性能检测）
J2159,数据监测员,福州元九通讯技术有限公司,福州,0,制造业质量/检验（成本管理、抖音）,制造业质量/检验（图文平台、性能检测）
J2160,运营专员（内控/合规方向）,福建国药器械有限公司,福州,0,制造业质量/检验（成本管理、抖音）,供应链/物料/采购（物料管理、海外供应链）
J2161,费用审控专家(A236820),福州塔斯汀餐饮管理有限公司,福州,0,制造业质量/检验（成本管理、抖音）,制造业质量/检验（图文平台、性能检测）
J2162,总经理助理,方圆标志认证集团有限公司,福州,0,制造业质量/检验（成本管理、抖音）,制造业质量/检验（图文平台、性能检测）
J2163,沃尔玛运营助理,福州汉阁壹商业管理有限公司,福州,0,制造业质量/检验（成本管理、抖音）,制造业质量/检验（图文平台、性能检测）
J2164,项目运营助理（接受无经验）,福州兜乐网络科技有限公司,福州,0,制造业质量/检验（成本管理、抖音）,制造业质量/检验（图文平台、性能检测）
J2165,龙湖优选 新零售,龙湖集团,福州,0,制造业质量/检验（成本管理、抖音）,供应链/物料/采购（物料管理、海外供应链）
J2166,客服主管,福州兰悦地产有限公司,福州,0,制造业质量/检验（成本管理、抖音）,制造业质量/检验（图文平台、性能检测）
J2167,酒店ota运营,福建嘉凯希酒店管理有限公司,福州,0,制造业质量/检验（成本管理、抖音）,制造业质量/检验（图文平台、性能检测）
J2168,山东鲁花集团福建总公司电商专员,山东鲁花集团股份有限公司,福州,0,制造业质量/检验（成本管理、抖音）,制造业质量/检验（图文平台、性能检测）
J2169,办公室统计文员,福建省闽榕泰后勤服务有限公司,福州,0,制造业质量/检验（成本管理、抖音）,供应链/物料/采购（物料管理、海外供应链）
J2170,管培生(上市公司、职业经理方向培养）,福州绝味食品有限公司,福州,0,制造业质量/检验（成本管理、抖音）,供应链/物料/采购（物料管理、海外供应链）
J2171,国企平台运营专员（财务专业人才）,福建国药器械有限公司,福州,0,制造业质量/检验（成本管理、抖音）,供应链/物料/采购（物料管理、海外供应链）
J2172,数智运营专员（接受本人上镜直播）,飞鹤乳业,福州,0,制造业质量/检验（成本管理、抖音）,制造业质量/检验（图文平台、性能检测）
J2173,产品运营(小程序方向),福建凯森信息科技有限公司,福州,8,前端开发（web前端、erp项目）,—
J2174,供应商管理工程师,福建大东海实业集团有限公司,福州,0,制造业质量/检验（成本管理、抖音）,制造业质量/检验（图文平台、性能检测）
J2175,充电站运营经理,中建科工集团智慧停车科技有限公司,福州,0,制造业质量/检验（成本管理、抖音）,制造业质量/检验（图文平台、性能检测）
J2176,hrbp经理/总监,上海能良电子科技有限公司,福州,0,制造业质量/检验（成本管理、抖音）,制造业质量/检验（图文平台、性能检测）
J2177,市场专员,福建科莱安电子科技有限公司,福州,0,制造业质量/检验（成本管理、抖音）,制造业质量/检验（图文平台、性能检测）
J2178,促销主管（朝日啤酒）,外企德科,福州,0,制造业质量/检验（成本管理、抖音）,制造业质量/检验（图文平台、性能检测）
J2179,供应链经理,福建交能控股有限公司,福州,0,制造业质量/检验（成本管理、抖音）,制造业质量/检验（图文平台、性能检测）
J2180,生鲜采购主管/专员,顺丰速运,福州,0,制造业质量/检验（成本管理、抖音）,供应链/物料/采购（物料管理、海外供应链）
J2181,储备干部,福州田字格科技有限公司,福州,0,制造业质量/检验（成本管理、抖音）,制造业质量/检验（图文平台、性能检测）
J2182,物控计划员 (MJ056639),宁德时代新能源科技股份有限公司,福州,0,制造业质量/检验（成本管理、抖音）,制造业质量/检验（图文平台、性能检测）
J2183,证据材料收集与整理,福州市与行网络科技有限公司,福州,0,制造业质量/检验（成本管理、抖音）,制造业质量/检验（图文平台、性能检测）
J2184,助理督导,福建省华通市场研究公司,福州,0,制造业质量/检验（成本管理、抖音）,制造业质量/检验（图文平台、性能检测）
J2185,投资助理,福州赛纳达文化传媒有限公司,福州,0,制造业质量/检验（成本管理、抖音）,制造业质量/检验（图文平台、性能检测）
J2186,财务分析,福州榕供春伦数字科技有限公司,福州,0,制造业质量/检验（成本管理、抖音）,供应链/物料/采购（物料管理、海外供应链）
J2187,运营管理部副部长,福建蓝海物流有限公司,福州,0,制造业质量/检验（成本管理、抖音）,供应链/物料/采购（物料管理、海外供应链）
J2188,运营管理经理,福建盛禾能源科技股份有限公司,福州,0,制造业质量/检验（成本管理、抖音）,制造业质量/检验（图文平台、性能检测）
J2189,亚马逊运营，周末双休，要求有经验 待遇可详聊,福州瀚辰方舟电子商务有限公司,福州,0,制造业质量/检验（成本管理、抖音）,制造业质量/检验（图文平台、性能检测）
J2190,电力交易员,福建鑫泽环保设备工程有限公司,福州,0,制造业质量/检验（成本管理、抖音）,制造业质量/检验（图文平台、性能检测）
J2191,日内交易员,福州圆润优品贸易有限公司,福州,0,制造业质量/检验（成本管理、抖音）,制造业质量/检验（图文平台、性能检测）
J2192,城市更新--投资拓展岗,中建四局建设发展有限公司,福州,0,制造业质量/检验（成本管理、抖音）,制造业质量/检验（图文平台、性能检测）
J2193,需求分析师,福建罗德数字科技有限公司,福州,6,产品/项目管理（国内市场、需求分析）,—
J2194,电商专员,福建海峡企业管理服务有限公司,福州,0,制造业质量/检验（成本管理、抖音）,供应链/物料/采购（物料管理、海外供应链）
J2195,医学信息专员,福建蓝鲨生命科学研发中心有限公司,福州,0,制造业质量/检验（成本管理、抖音）,制造业质量/检验（图文平台、性能检测）
J2196,线上资料审核员,福建广方供应链有限公司,福州,0,制造业质量/检验（成本管理、抖音）,制造业质量/检验（图文平台、性能检测）
J2197,产品跟单文员,福州百良信息咨询有限公司,福州,6,产品/项目管理（国内市场、需求分析）,—
J2198,生产统计员,福融新材料股份有限公司,福州,0,制造业质量/检验（成本管理、抖音）,制造业质量/检验（图文平台、性能检测）
J2199,生产文员（可接收应届生）,威孚联华汽车部件(福州)有限公司,福州,0,制造业质量/检验（成本管理、抖音）,供应链/物料/采购（物料管理、海外供应链）
J2200,储备管理-福州,北京查博士科技股份有限公司,福州,0,制造业质量/检验（成本管理、抖音）,制造业质量/检验（图文平台、性能检测）
J2201,高级商务,飞毛腿集团,福州,0,制造业质量/检验（成本管理、抖音）,供应链/物料/采购（物料管理、海外供应链）
J2202,城市更新---投资岗（福州）,外企德科人力资源服务(福建)有限公司,福州,0,制造业质量/检验（成本管理、抖音）,制造业质量/检验（图文平台、性能检测）
J2203,新媒体运营岗,海峡金桥财产保险股份有限公司,福州,0,制造业质量/检验（成本管理、抖音）,供应链/物料/采购（物料管理、海外供应链）
J2204,资产运营（招商）负责人,福州市晋安金融投资有限公司,福州,0,制造业质量/检验（成本管理、抖音）,制造业质量/检验（图文平台、性能检测）
J2205,项目管理专员,福建海延科技发展有限公司,福州,6,产品/项目管理（国内市场、需求分析）,—
J2206,企划专员,福清益福康复医院有限公司,福州,0,制造业质量/检验（成本管理、抖音）,制造业质量/检验（图文平台、性能检测）
J2207,6k五险运营助理/专员,宿州美恒文化传媒有限公司,福州,0,制造业质量/检验（成本管理、抖音）,制造业质量/检验（图文平台、性能检测）
J2208,商务岗,福建省冠林科技有限公司,福州,0,制造业质量/检验（成本管理、抖音）,制造业质量/检验（图文平台、性能检测）
J2209,运营经理/副总经理（经营分析）,福州德塔电源技术有限公司,福州,0,制造业质量/检验（成本管理、抖音）,制造业质量/检验（图文平台、性能检测）
J2210,营销策划岗-春招,保利发展控股,福州,0,制造业质量/检验（成本管理、抖音）,制造业质量/检验（图文平台、性能检测）
J2211,运营专员（非销售岗，包住+餐补500元/月，base连江…,福建海峡厚丰国际农产品交易市场有限公司,福州,0,制造业质量/检验（成本管理、抖音）,数据/统计分析（数据建模、统计学）
J2212,统计员,福建省中隧建设工程有限公司,福州,0,制造业质量/检验（成本管理、抖音）,供应链/物料/采购（物料管理、海外供应链）
J2213,27届管培生（数据）,中国平安财产保险股份有限公司福建分公司,福州,0,制造业质量/检验（成本管理、抖音）,制造业质量/检验（图文平台、性能检测）
J2214,跨境电商运营专员（朝九晚六+6险1金+13薪）,福州咚米国际贸易有限公司,福州,0,制造业质量/检验（成本管理、抖音）,制造业质量/检验（图文平台、性能检测）
J2215,数据产品总监,福建博思数据技术有限公司,福州,6,产品/项目管理（国内市场、需求分析）,—
J2216,选品专员,福建伯特利投资控股集团有限公司,福州,0,制造业质量/检验（成本管理、抖音）,制造业质量/检验（图文平台、性能检测）
J2217,跨境电商专员,福州台江区泓研咨询服务有限公司,福州,0,制造业质量/检验（成本管理、抖音）,制造业质量/检验（图文平台、性能检测）
J2218,统计员,福建世高智能科技有限公司,福州,0,制造业质量/检验（成本管理、抖音）,制造业质量/检验（图文平台、性能检测）
J2219,新零售管理【央企/华为合作伙伴】,中电科太力通信科技有限公司,福州,0,制造业质量/检验（成本管理、抖音）,制造业质量/检验（图文平台、性能检测）
J2220,线上新媒体运营,福州红星商业管理有限公司,福州,0,制造业质量/检验（成本管理、抖音）,制造业质量/检验（图文平台、性能检测）
J2221,舆情分析师（党政-报告方向）,福建后方信息科技有限公司,福州,0,制造业质量/检验（成本管理、抖音）,制造业质量/检验（图文平台、性能检测）
J2222,数据治理工程师,福耀集团,福州,0,制造业质量/检验（成本管理、抖音）,制造业质量/检验（图文平台、性能检测）
J2223,品管员,宏东渔业股份有限公司,福州,0,制造业质量/检验（成本管理、抖音）,供应链/物料/采购（物料管理、海外供应链）
J2224,私域运营经理,福州美莱医疗美容医院有限公司,福州,0,制造业质量/检验（成本管理、抖音）,制造业质量/检验（图文平台、性能检测）
J2225,淘宝天猫运营专员,福建品冠家居有限公司,福州,0,制造业质量/检验（成本管理、抖音）,制造业质量/检验（图文平台、性能检测）
J2226,采购计划,扬腾创新(福建)信息科技股份有限公司,福州,0,制造业质量/检验（成本管理、抖音）,供应链/物料/采购（物料管理、海外供应链）
J2227,预算商务经理,福建东昇建筑工程有限公司,福州,0,制造业质量/检验（成本管理、抖音）,供应链/物料/采购（物料管理、海外供应链）
J2228,HRIS总监,福州朴朴电子商务有限公司,福州,0,制造业质量/检验（成本管理、抖音）,供应链/物料/采购（物料管理、海外供应链）
J2229,防异物专员（可接受应届毕业生）,江苏道众能源科技有限公司,福州,0,制造业质量/检验（成本管理、抖音）,供应链/物料/采购（物料管理、海外供应链）
J2230,市场营销主管,中免市内免税品(福州)有限公司,福州,0,制造业质量/检验（成本管理、抖音）,制造业质量/检验（图文平台、性能检测）
J2231,工厂仓库文员,四川联畅信通科技有限公司,福州,0,制造业质量/检验（成本管理、抖音）,供应链/物料/采购（物料管理、海外供应链）
J2232,区域培训BP(J16427),北京雍禾医疗科技集团有限公司,福州,0,制造业质量/检验（成本管理、抖音）,制造业质量/检验（图文平台、性能检测）
J2233,项目经理,未来电视有限公司,福州,6,产品/项目管理（国内市场、需求分析）,—
J2234,商务报价专员,福州康海物流有限公司,福州,0,制造业质量/检验（成本管理、抖音）,供应链/物料/采购（物料管理、海外供应链）
J2235,ai增长运营,福州小腕来也影视传媒有限公司,福州,0,制造业质量/检验（成本管理、抖音）,制造业质量/检验（图文平台、性能检测）
J2236,业务支持岗（职域BBC）,泰康养老保险股份有限公司福建分公司,福州,0,制造业质量/检验（成本管理、抖音）,制造业质量/检验（图文平台、性能检测）
J2237,（LPO）设备工程师,锐捷网络股份有限公司,福州,0,制造业质量/检验（成本管理、抖音）,制造业质量/检验（图文平台、性能检测）
J2238,仓库质量技术员 (MJ053164),宁德时代新能源科技股份有限公司,福州,0,制造业质量/检验（成本管理、抖音）,制造业质量/检验（图文平台、性能检测）
J2239,运营实习生（数创）,福建实达集团股份有限公司,福州,0,制造业质量/检验（成本管理、抖音）,制造业质量/检验（图文平台、性能检测）
J2240,财务统计员,福州和盛食品有限公司,福州,0,制造业质量/检验（成本管理、抖音）,供应链/物料/采购（物料管理、海外供应链）
J2241,企划经理,世纪金源方圆荟商业运营管理有限公司,福州,0,制造业质量/检验（成本管理、抖音）,制造业质量/检验（图文平台、性能检测）
J2242,供应链需求计划,扬腾创新(福建)信息科技股份有限公司,福州,0,制造业质量/检验（成本管理、抖音）,供应链/物料/采购（物料管理、海外供应链）
J2243,项目经理助理,广东聚彩智能科技股份有限公司,福州,6,产品/项目管理（国内市场、需求分析）,—
J2244,董事长助理,福建环信循环科技股份有限公司,福州,0,制造业质量/检验（成本管理、抖音）,制造业质量/检验（图文平台、性能检测）
J2245,生产战略执行经理(J11389),福建圣农集团,福州,0,制造业质量/检验（成本管理、抖音）,供应链/物料/采购（物料管理、海外供应链）
J2246,运营总监,福州榕供春伦数字科技有限公司,福州,0,制造业质量/检验（成本管理、抖音）,制造业质量/检验（图文平台、性能检测）
J2247,线上运营专员,华苏科技,福州,0,制造业质量/检验（成本管理、抖音）,制造业质量/检验（图文平台、性能检测）
J2248,高校食堂项目经理,福州永德鑫餐饮管理有限公司,福州,6,产品/项目管理（国内市场、需求分析）,—
J2249,跨境电商运营（光伏储能产品方向）,福建瑞达,福州,6,产品/项目管理（国内市场、需求分析）,—
J2250,副总助理,福建雪人集团股份有限公司,福州,0,制造业质量/检验（成本管理、抖音）,制造业质量/检验（图文平台、性能检测）
J2251,0381VO-人才发展岗,中国平安财产保险股份有限公司福建分公司,福州,0,制造业质量/检验（成本管理、抖音）,制造业质量/检验（图文平台、性能检测）
J2252,产品经理（公安/大数据）,福建中锐电子科技有限公司,福州,2,数据分析/BI（数仓开发、kettle）,—
J2253,轮机作业长,福建华东船厂有限公司,福州,0,制造业质量/检验（成本管理、抖音）,制造业质量/检验（图文平台、性能检测）
J2254,互联网运营部运营助理,福建康福医院后勤管理服务有限公司,福州,0,制造业质量/检验（成本管理、抖音）,制造业质量/检验（图文平台、性能检测）
J2255,福建分公司实习生,艾多美(中国)有限公司,福州,0,制造业质量/检验（成本管理、抖音）,制造业质量/检验（图文平台、性能检测）
J2256,电商运营专员,广州中广电电子科技有限公司,福州,0,制造业质量/检验（成本管理、抖音）,供应链/物料/采购（物料管理、海外供应链）
J2257,成本分析主管,福建骏鹏通信科技有限公司,福州,0,制造业质量/检验（成本管理、抖音）,供应链/物料/采购（物料管理、海外供应链）
J2258,资深TK运营员,佰图家居(福州)有限公司,福州,0,制造业质量/检验（成本管理、抖音）,制造业质量/检验（图文平台、性能检测）
J2259,电商运营,福州海林食品有限公司,福州,0,制造业质量/检验（成本管理、抖音）,供应链/物料/采购（物料管理、海外供应链）
J2260,教育产品运营（GTM）+双休+教培机构,福州市鼓楼区青檬艺术培训有限公司,福州,6,产品/项目管理（国内市场、需求分析）,—
J2261,亚马逊运营,福州出众电子商务有限公司,福州,0,制造业质量/检验（成本管理、抖音）,供应链/物料/采购（物料管理、海外供应链）
J2262,高校食堂经理,福州永德鑫餐饮管理有限公司,福州,0,制造业质量/检验（成本管理、抖音）,制造业质量/检验（图文平台、性能检测）
J2263,生产管理人员,福州中陆达机械制造有限公司,福州,0,制造业质量/检验（成本管理、抖音）,制造业质量/检验（图文平台、性能检测）
J2264,酒店客房经理,福建龙旺旅游发展有限公司,福州,0,制造业质量/检验（成本管理、抖音）,制造业质量/检验（图文平台、性能检测）
J2265,设备调试员,南平铝业,福州,0,制造业质量/检验（成本管理、抖音）,制造业质量/检验（图文平台、性能检测）
J2266,数据审核实习生,福建省闽东力捷迅药业股份有限公司福州分公司,福州,0,制造业质量/检验（成本管理、抖音）,制造业质量/检验（图文平台、性能检测）
J2267,商品运营经理,熹茗集团有限公司,福州,0,制造业质量/检验（成本管理、抖音）,供应链/物料/采购（物料管理、海外供应链）
J2268,沃尔玛运营助理,福建联动超能电子商务有限公司,福州,0,制造业质量/检验（成本管理、抖音）,制造业质量/检验（图文平台、性能检测）
J2269,商务专员,福州新兴家居用品有限公司,福州,0,制造业质量/检验（成本管理、抖音）,制造业质量/检验（图文平台、性能检测）
J2270,数据开发工程师（制造业）,福州兰悦地产有限公司,福州,4,后端开发（hibernate、linux开发）,—
J2271,PE（交换机整机工艺/制程工程师）,锐捷网络股份有限公司,福州,0,制造业质量/检验（成本管理、抖音）,制造业质量/检验（图文平台、性能检测）
J2272,区域交付经理,新大陆支付,福州,0,制造业质量/检验（成本管理、抖音）,制造业质量/检验（图文平台、性能检测）
J2273,蛋鸡养殖厂长,福建杉村现代农业集团有限公司,福州,0,制造业质量/检验（成本管理、抖音）,制造业质量/检验（图文平台、性能检测）
J2274,新能源运营经理,福建省远乐机电设备集团有限公司,福州,0,制造业质量/检验（成本管理、抖音）,数据/统计分析（数据建模、统计学）
J2275,研究员（统计调查）,福州市安菲信息科技有限公司,福州,0,制造业质量/检验（成本管理、抖音）,数据/统计分析（数据建模、统计学）
J2276,实验室分析员,恒申集团,福州,0,制造业质量/检验（成本管理、抖音）,制造业质量/检验（图文平台、性能检测）
J2277,风控,福建星驿支付科技有限公司,福州,0,制造业质量/检验（成本管理、抖音）,制造业质量/检验（图文平台、性能检测）
J2278,风控审核专员,福建广方供应链有限公司,福州,0,制造业质量/检验（成本管理、抖音）,制造业质量/检验（图文平台、性能检测）
J2279,销售行政专员,福州台江区泓研咨询服务有限公司,福州,0,制造业质量/检验（成本管理、抖音）,供应链/物料/采购（物料管理、海外供应链）
J2280,销售助理,福建闽仪自动化设备有限公司,福州,0,制造业质量/检验（成本管理、抖音）,制造业质量/检验（图文平台、性能检测）
J2281,茶叶招商总监,福州榕供春伦数字科技有限公司,福州,0,制造业质量/检验（成本管理、抖音）,制造业质量/检验（图文平台、性能检测）
J2282,运营专员（驻场）,山东天演智能科技有限公司,福州,0,制造业质量/检验（成本管理、抖音）,制造业质量/检验（图文平台、性能检测）
J2283,应届生储备干部,福州食全食美食品有限公司,福州,0,制造业质量/检验（成本管理、抖音）,制造业质量/检验（图文平台、性能检测）
J2284,仓库主管（派驻越南）,福州科瑞特纸品有限公司,福州,0,制造业质量/检验（成本管理、抖音）,制造业质量/检验（图文平台、性能检测）
J2285,制冷工程师,福建御冠食品有限公司,福州,0,制造业质量/检验（成本管理、抖音）,制造业质量/检验（图文平台、性能检测）
J2286,线上品类经理,茶花股份,福州,0,制造业质量/检验（成本管理、抖音）,制造业质量/检验（图文平台、性能检测）
J2287,电商运营专员（食品类）,福建艺佳鲜供应链有限公司,福州,0,制造业质量/检验（成本管理、抖音）,制造业质量/检验（图文平台、性能检测）
J2288,虾皮Shopee运营主管,福州麦斯顿科技有限公司,福州,0,制造业质量/检验（成本管理、抖音）,制造业质量/检验（图文平台、性能检测）
J2289,债权风控,福建世恒工程机械有限公司,福州,0,制造业质量/检验（成本管理、抖音）,制造业质量/检验（图文平台、性能检测）
J2290,电梯管理员/综合维修工,福建龙旺旅游发展有限公司,福州,0,制造业质量/检验（成本管理、抖音）,制造业质量/检验（图文平台、性能检测）
J2291,直播主播,泰禾(福建)集团有限公司,福州,0,制造业质量/检验（成本管理、抖音）,制造业质量/检验（图文平台、性能检测）
J2292,三坐标测量员,福州胜德汽车科技有限公司,福州,0,制造业质量/检验（成本管理、抖音）,制造业质量/检验（图文平台、性能检测）
J2293,天猫助理（海外旗舰店优先）,福州致尚汇贸科技有限公司,福州,0,制造业质量/检验（成本管理、抖音）,制造业质量/检验（图文平台、性能检测）
J2294,业务副总【信息化项目】,福建浩瑞通信工程有限公司,福州,0,制造业质量/检验（成本管理、抖音）,制造业质量/检验（图文平台、性能检测）
J2295,电商负责人,海欣食品,福州,0,制造业质量/检验（成本管理、抖音）,制造业质量/检验（图文平台、性能检测）
J2296,库存调拨计划专家Oracle,海卖(福州)网络科技有限公司,福州,0,制造业质量/检验（成本管理、抖音）,制造业质量/检验（图文平台、性能检测）
J2297,跨境电商运营,福建小斧科技有限公司,福州,0,制造业质量/检验（成本管理、抖音）,制造业质量/检验（图文平台、性能检测）
J2298,福州区域负责人,福建亿安智能技术股份有限公司,福州,0,制造业质量/检验（成本管理、抖音）,制造业质量/检验（图文平台、性能检测）
J2299,采购专员,福州华瑞供应链管理有限公司,福州,0,制造业质量/检验（成本管理、抖音）,制造业质量/检验（图文平台、性能检测）
J2300,生产及物料计划专员,福建联迪商用设备有限公司,福州,0,制造业质量/检验（成本管理、抖音）,制造业质量/检验（图文平台、性能检测）
J2301,国际物流操作,扬腾创新(福建)信息科技股份有限公司,福州,0,制造业质量/检验（成本管理、抖音）,供应链/物料/采购（物料管理、海外供应链）
J2302,期货业务主管（投研）,恒申集团,福州,0,制造业质量/检验（成本管理、抖音）,制造业质量/检验（图文平台、性能检测）
J2303,小红书运营专员,福州龙华巧和艺术有限公司,福州,0,制造业质量/检验（成本管理、抖音）,制造业质量/检验（图文平台、性能检测）
J2304,广告投放助理,福州兜乐网络科技有限公司,福州,0,制造业质量/检验（成本管理、抖音）,制造业质量/检验（图文平台、性能检测）
J2305,跨境合伙人（日本平台）,福建天成宝得智能科技有限公司,福州,0,制造业质量/检验（成本管理、抖音）,制造业质量/检验（图文平台、性能检测）
J2306,区域督导经理（上市公司/管理岗）,福州绝味食品有限公司,福州,0,制造业质量/检验（成本管理、抖音）,制造业质量/检验（图文平台、性能检测）
J2307,事业部负责人（K12校园餐监管业务）,山东威尔数据股份有限公司,福州,0,制造业质量/检验（成本管理、抖音）,制造业质量/检验（图文平台、性能检测）
J2308,采购经理,昇兴集团股份有限公司,福州,0,制造业质量/检验（成本管理、抖音）,制造业质量/检验（图文平台、性能检测）
J2309,拼多多运营,福建明麦电子商务有限公司,福州,0,制造业质量/检验（成本管理、抖音）,供应链/物料/采购（物料管理、海外供应链）
J2310,文员,福建航港针织品有限公司,福州,0,制造业质量/检验（成本管理、抖音）,供应链/物料/采购（物料管理、海外供应链）
J2311,区域管理部长(J20593),旺旺集团,福州,0,制造业质量/检验（成本管理、抖音）,制造业质量/检验（图文平台、性能检测）
J2312,水产养殖技术员,福建省开源投资发展有限公司,福州,0,制造业质量/检验（成本管理、抖音）,制造业质量/检验（图文平台、性能检测）
J2313,关务/跟单员,福建星云电子股份有限公司,福州,0,制造业质量/检验（成本管理、抖音）,制造业质量/检验（图文平台、性能检测）
J2314,营销内容运营专员,哪吒(福州)科技有限公司,福州,0,制造业质量/检验（成本管理、抖音）,制造业质量/检验（图文平台、性能检测）
J2315,助理安全管理工程师-福州,奇瑞汽车股份有限公司,福州,0,制造业质量/检验（成本管理、抖音）,制造业质量/检验（图文平台、性能检测）
J2316,销售管理专员,广生堂药业,福州,0,制造业质量/检验（成本管理、抖音）,数据/统计分析（数据建模、统计学）
J2317,政企业务运营经理,一通(河南)信息科技有限公司,福州,0,制造业质量/检验（成本管理、抖音）,供应链/物料/采购（物料管理、海外供应链）
J2318,外访催收主管,狮桥融资租赁（中国）有限公司,福州,0,制造业质量/检验（成本管理、抖音）,制造业质量/检验（图文平台、性能检测）
J2319,销售储备干部,泰康养老保险股份有限公司福建分公司,福州,0,制造业质量/检验（成本管理、抖音）,制造业质量/检验（图文平台、性能检测）
J2320,数据资产入表市场经理,福建鼎信联网络技术服务有限公司,福州,0,制造业质量/检验（成本管理、抖音）,数据/统计分析（数据建模、统计学）
J2321,商务分销,浙江一鸣食品股份有限公司,福州,0,制造业质量/检验（成本管理、抖音）,制造业质量/检验（图文平台、性能检测）
J2322,营运经理（贵安+包吃住）,世纪金源方圆荟商业运营管理有限公司,福州,0,制造业质量/检验（成本管理、抖音）,制造业质量/检验（图文平台、性能检测）
J2323,HRBP,盛丰物流,福州,0,制造业质量/检验（成本管理、抖音）,制造业质量/检验（图文平台、性能检测）
J2324,品宣经理,美亚百岁康健康产业集团有限公司,福州,0,制造业质量/检验（成本管理、抖音）,制造业质量/检验（图文平台、性能检测）
J2325,控制算法工程师岗,福建省国资康复医疗科技股份有限公司,福州,7,算法/人工智能（智能驾驶、传感器融合）,—
J2326,大模型AI应用开发-福州,鑫锡软件(朝阳)有限公司,福州,7,算法/人工智能（智能驾驶、传感器融合）,—
J2327,AI工程师,福建海创光电技术股份有限公司,福州,0,制造业质量/检验（成本管理、抖音）,算法/AI 应用（tensorflow、vit）
J2328,算法软件工程师,福建万润新能源科技有限公司,福州,7,算法/人工智能（智能驾驶、传感器融合）,—
J2329,嵌入式软件开发,福州盛博电子有限公司,福州,5,嵌入式/硬件（rtos、32位单片机）,—
J2330,嵌入式软件工程师（编码器）,福建睿能科技股份有限公司,福州,5,嵌入式/硬件（rtos、32位单片机）,—
J2331,软件工程师,腾景科技,福州,4,后端开发（hibernate、linux开发）,—
J2332,c语言工程师（银行）,软通动力信息技术(集团)股份有限公司,福州,0,制造业质量/检验（成本管理、抖音）,制造业质量/检验（图文平台、性能检测）
J2333,嵌入式软件工程师,福州智效重载科技有限公司,福州,5,嵌入式/硬件（rtos、32位单片机）,—
J2334,视觉部经理,福建坤华智能装备有限公司,福州,7,算法/人工智能（智能驾驶、传感器融合）,—
J2335,c++高级软件工程师,厦门亿联网络技术股份有限公司,福州,4,后端开发（hibernate、linux开发）,—
J2336,视觉工程师（薪资面议）,福建世高智能科技有限公司,福州,7,算法/人工智能（智能驾驶、传感器融合）,—
J2337,嵌入式算法工程师,丽声助听器（福州）有限公司,福州,7,算法/人工智能（智能驾驶、传感器融合）,—
J2338,AI应用开发工程师-福州,中电福富信息科技有限公司,福州,4,后端开发（hibernate、linux开发）,—
J2339,本体建模工程师,中电福富信息科技有限公司,福州,0,制造业质量/检验（成本管理、抖音）,算法/AI 应用（tensorflow、vit）
J2340,控制软件工程师,福建睿能科技股份有限公司,福州,4,后端开发（hibernate、linux开发）,—
J2341,高级机器视觉工程师（工业视觉）,福建坤华智能装备有限公司,福州,7,算法/人工智能（智能驾驶、传感器融合）,—
J2342,音频算法工程师,丽声助听器（福州）有限公司,福州,7,算法/人工智能（智能驾驶、传感器融合）,—
J2343,Java后端开发工程师（全栈方向）,福建亿安智能技术股份有限公司,漳州,8,前端开发（web前端、erp项目）,—
J2344,驻场运维工程师,福建鲸生数安信息科技有限公司,漳州,1,运维/云与网络（分布式电站、空调工程）,—
J2345,嵌入式软件高级工程师,福建利利普光电科技有限公司,漳州,5,嵌入式/硬件（rtos、32位单片机）,—
J2346,管培生it,天阳科技,漳州,0,制造业质量/检验（成本管理、抖音）,制造业质量/检验（图文平台、性能检测）
J2347,网络工程师,泉州市嘉华卫生用品有限公司,漳州,1,运维/云与网络（分布式电站、空调工程）,—
J2348,对日开发初级技术员到项目经理的全职位招聘,株式会社ProfaceSystems,漳州,6,产品/项目管理（国内市场、需求分析）,—
J2349,全栈开发工程师,氪行数字科技(漳州芗城)有限责任公司,漳州,8,前端开发（web前端、erp项目）,—
J2350,研发技术经理（汽车革）,安安(中国)有限公司,漳州,0,制造业质量/检验（成本管理、抖音）,制造业质量/检验（图文平台、性能检测）
J2351,IT技术/研发总监,成都锐科数智科技有限公司,漳州,0,制造业质量/检验（成本管理、抖音）,制造业质量/检验（图文平台、性能检测）
J2352,软件开发工程师,泉州市嘉华卫生用品有限公司,漳州,4,后端开发（hibernate、linux开发）,—
J2353,全栈开发工程师,氪行数字科技(漳州芗城)有限责任公司,漳州,8,前端开发（web前端、erp项目）,—
J2354,管培生（it方向）,天阳科技,漳州,0,制造业质量/检验（成本管理、抖音）,制造业质量/检验（图文平台、性能检测）
J2355,AI数据标注,福建嵘灿信息科技有限公司,漳州,0,制造业质量/检验（成本管理、抖音）,硬件/仪器/自动化（组态软件、scratch）
J2356,数据分析师,福建省漳州市浩创商贸有限公司,漳州,2,数据分析/BI（数仓开发、kettle）,—
J2357,环保工程师（走航监测方向）,广东中联兴环保科技有限公司,漳州,0,制造业质量/检验（成本管理、抖音）,供应链/物料/采购（物料管理、海外供应链）
J2358,总账会计（财务信息化方向）J10762,青蛙王子(中国)日化有限公司,漳州,0,制造业质量/检验（成本管理、抖音）,供应链/物料/采购（物料管理、海外供应链）
J2359,数据维护专员,福建省宇伦信息技术有限公司,漳州,0,制造业质量/检验（成本管理、抖音）,供应链/物料/采购（物料管理、海外供应链）
J2360,FLP新零售管培生,正大集团,漳州,0,制造业质量/检验（成本管理、抖音）,制造业质量/检验（图文平台、性能检测）
J2361,机器视觉工程师（包住提供吃）,福建宏泰智能工业互联网有限公司,漳州,7,算法/人工智能（智能驾驶、传感器融合）,—
J2362,计算机2027届实习生（福建福州上班）,福州云之景科技有限公司,漳州,0,制造业质量/检验（成本管理、抖音）,制造业质量/检验（图文平台、性能检测）
J2363,AI研发工程师（仪器仪表方向）,福建利利普光电科技有限公司,漳州,0,制造业质量/检验（成本管理、抖音）,算法/AI 应用（tensorflow、vit）
J2364,AI应用工程师,福建中集新能源科技有限公司,漳州,0,制造业质量/检验（成本管理、抖音）,制造业质量/检验（图文平台、性能检测）
J2365,嵌入式研发工程师,福建科能电子科技集团有限公司,漳州,5,嵌入式/硬件（rtos、32位单片机）,—
J2366,开发工程师,三龙集团有限公司,漳州,4,后端开发（hibernate、linux开发）,—
J2367,售后工程师,福建中集新能源科技有限公司,漳州,0,制造业质量/检验（成本管理、抖音）,制造业质量/检验（图文平台、性能检测）
J2368,市场开发专员（驻点漳州）,厦门甚好软件信息技术有限公司,漳州,0,制造业质量/检验（成本管理、抖音）,制造业质量/检验（图文平台、性能检测）
J2369,LED显示屏工程师,海峡彩亮(漳州)光电有限公司,漳州,0,制造业质量/检验（成本管理、抖音）,制造业质量/检验（图文平台、性能检测）
J2370,质量工程师（漳州长泰）,厦门松霖科技股份有限公司,漳州,3,软件测试（信号测试、安全测试）,—
J2371,品质工程师,日上集团,漳州,3,软件测试（信号测试、安全测试）,—
J2372,质量工程师,福建德睿工业科技集团有限公司,漳州,3,软件测试（信号测试、安全测试）,—
J2373,测试工程师,福建民翔半导体有限公司,漳州,3,软件测试（信号测试、安全测试）,—
J2374,测试工程师,漳州蒙发利实业有限公司,漳州,3,软件测试（信号测试、安全测试）,—
J2375,品质检验工程师 Quality Engineer / I…,广州威标商品检测技术服务有限公司,漳州,3,软件测试（信号测试、安全测试）,—
J2376,品控经理,福州姑奶奶餐饮管理有限公司,漳州,0,制造业质量/检验（成本管理、抖音）,制造业质量/检验（图文平台、性能检测）
J2377,质检主管（J10738）,青蛙王子(中国)日化有限公司,漳州,0,制造业质量/检验（成本管理、抖音）,制造业质量/检验（图文平台、性能检测）
J2378,现场品管,海欣食品,漳州,0,制造业质量/检验（成本管理、抖音）,制造业质量/检验（图文平台、性能检测）
J2379,质量工程师,福建中集新能源科技有限公司,漳州,3,软件测试（信号测试、安全测试）,—
J2380,品质工程师（PCBA）,福建科能电子科技集团有限公司,漳州,3,软件测试（信号测试、安全测试）,—
J2381,瓷砖品检主管/经理,福建省漳州建华陶瓷有限公司,漳州,0,制造业质量/检验（成本管理、抖音）,制造业质量/检验（图文平台、性能检测）
J2382,质量部经理,华东(福建)精炼糖有限公司,漳州,0,制造业质量/检验（成本管理、抖音）,制造业质量/检验（图文平台、性能检测）
J2383,供应商质量工程师,漳州锐腾电器有限公司,漳州,3,软件测试（信号测试、安全测试）,—
J2384,QE质量工程师,漳州雅宝电子股份有限公司厦门分公司,漳州,3,软件测试（信号测试、安全测试）,—
J2385,质量工程师,漳州新峰机电科技有限公司,漳州,3,软件测试（信号测试、安全测试）,—
J2386,食品现场品控主管,含羞草(江苏)食品有限公司,漳州,0,制造业质量/检验（成本管理、抖音）,质量检验（qa、qc）
J2387,品管部经理,漳州市宏香记食品有限公司,漳州,0,制造业质量/检验（成本管理、抖音）,制造业质量/检验（图文平台、性能检测）
J2388,食品质量工程师,多麦(福建)食品有限公司,漳州,3,软件测试（信号测试、安全测试）,—
J2389,可靠性测试技术员（漳州）,深圳市新旗滨科技有限公司,漳州,3,软件测试（信号测试、安全测试）,—
J2390,驻厂SQC或SQE(卫浴，汽车配件),漳州市湘美汽车部件有限公司,漳州,0,制造业质量/检验（成本管理、抖音）,质量检验（qa、qc）
J2391,品质QE工程师,福建固佰格包装制品有限公司,漳州,3,软件测试（信号测试、安全测试）,—
J2392,质量工程师,绿麒(厦门)海洋生物科技有限公司,漳州,3,软件测试（信号测试、安全测试）,—
J2393,食品品控经理,漳州明成食品有限公司,漳州,0,制造业质量/检验（成本管理、抖音）,质量检验（qa、qc）
J2394,现场品控主管,福建嘉荣食品有限公司,漳州,0,制造业质量/检验（成本管理、抖音）,制造业质量/检验（图文平台、性能检测）
J2395,qe质量工程师,漳州蒙发利实业有限公司,漳州,3,软件测试（信号测试、安全测试）,—
J2396,品质工程师/储干（钢结构）,日上集团,漳州,3,软件测试（信号测试、安全测试）,—
J2397,食品质量管理总监,福建省旺家福食品有限公司,漳州,3,软件测试（信号测试、安全测试）,—
J2398,品管主管,漳州宏诚五金塑胶工业有限公司,漳州,0,制造业质量/检验（成本管理、抖音）,制造业质量/检验（图文平台、性能检测）
J2399,食品品控主管,福建省慧谷食品有限公司,漳州,0,制造业质量/检验（成本管理、抖音）,质量检验（qa、qc）
J2400,品质经理（鞋材）,安安(中国)有限公司,漳州,3,软件测试（信号测试、安全测试）,—
J2401,招聘电工,福建中集新能源科技有限公司,漳州,0,制造业质量/检验（成本管理、抖音）,制造业质量/检验（图文平台、性能检测）
J2402,质量部副经理,华东(福建)精炼糖有限公司,漳州,0,制造业质量/检验（成本管理、抖音）,制造业质量/检验（图文平台、性能检测）
J2403,质量管理BP,福建科能电子科技集团有限公司,漳州,0,制造业质量/检验（成本管理、抖音）,质量检验（qa、qc）
J2404,qe质量工程师,漳州雅宝电子股份有限公司厦门分公司,漳州,3,软件测试（信号测试、安全测试）,—
J2405,IQC储干（品质工程师/管理储备）,福建宏泰智能工业互联网有限公司,漳州,3,软件测试（信号测试、安全测试）,—
J2406,新产线急招质检普工+保底7千+坐班,贵州弘盛云聘企业管理有限公司,漳州,0,制造业质量/检验（成本管理、抖音）,制造业质量/检验（图文平台、性能检测）
J2407,实验员（漳州劳务）,中国检验认证集团福建有限公司,漳州,0,制造业质量/检验（成本管理、抖音）,制造业质量/检验（图文平台、性能检测）
J2408,电气工程师（正式员工）,中粮糖业(漳州)有限公司,漳州,0,制造业质量/检验（成本管理、抖音）,电子/半导体/设备（测试、自动化设计）
J2409,产品质量工程师（高级QA）,青蛙王子(中国)日化有限公司,漳州,3,软件测试（信号测试、安全测试）,—
J2410,研发实验员/助理工程师,福建蓝海黑石新材料科技有限公司,漳州,0,制造业质量/检验（成本管理、抖音）,制造业质量/检验（图文平台、性能检测）
J2411,电气工程师,福建华振新能源科技有限公司,漳州,0,制造业质量/检验（成本管理、抖音）,电子/半导体/设备（测试、自动化设计）
J2412,plc电气设计工程师,福建侨龙应急装备股份有限公司,漳州,0,制造业质量/检验（成本管理、抖音）,电子/半导体/设备（测试、自动化设计）
J2413,资深分析工程师,厦门恒坤新材料科技股份有限公司,漳州,0,制造业质量/检验（成本管理、抖音）,制造业质量/检验（图文平台、性能检测）
J2414,本部--测试工程师,宏发,漳州,3,软件测试（信号测试、安全测试）,—
J2415,不穿无尘服普工检测员+坐班+260一天,贵州弘盛云聘企业管理有限公司,漳州,0,制造业质量/检验（成本管理、抖音）,制造业质量/检验（图文平台、性能检测）
J2416,研发实验员（电芯工艺组）base漳州,福建蓝海黑石新材料科技有限公司,漳州,0,制造业质量/检验（成本管理、抖音）,电子/半导体/设备（测试、自动化设计）
J2417,plc电气设计工程师,福建侨龙应急装备股份有限公司,漳州,0,制造业质量/检验（成本管理、抖音）,电子/半导体/设备（测试、自动化设计）
J2418,机械设计工程师,福建侨龙应急装备股份有限公司,漳州,0,制造业质量/检验（成本管理、抖音）,电子/半导体/设备（测试、自动化设计）
J2419,质量工程师,宏发,漳州,3,软件测试（信号测试、安全测试）,—
J2420,光伏运维项目盯盘员,盛隆电气(北京)有限公司,漳州,1,运维/云与网络（分布式电站、空调工程）,—
J2421,光伏运维副操,福建三宝钢铁有限公司,漳州,1,运维/云与网络（分布式电站、空调工程）,—
J2422,运维初级工,北控水务(中国)投资有限公司,漳州,1,运维/云与网络（分布式电站、空调工程）,—
J2423,立库运维专员,福建其亮食品科技有限公司,漳州,1,运维/云与网络（分布式电站、空调工程）,—
J2424,运维工程师（古雷）,广东中联兴环保科技有限公司,漳州,1,运维/云与网络（分布式电站、空调工程）,—
J2425,运维工程师（空气站设备运维方向）,安徽蓝盾光电子股份有限公司,漳州,1,运维/云与网络（分布式电站、空调工程）,—
J2426,it运维专员（云霄县）,漳州市万佳华盛化工有限公司,漳州,1,运维/云与网络（分布式电站、空调工程）,—
J2427,风电运维工程师,福建海电运维科技股份有限公司,漳州,1,运维/云与网络（分布式电站、空调工程）,—
J2428,环境自动监测设备运维工程师,华测检测认证集团股份有限公司,漳州,1,运维/云与网络（分布式电站、空调工程）,—
J2429,环保运维工程师,上海英凡环保科技股份有限公司,漳州,1,运维/云与网络（分布式电站、空调工程）,—
J2430,弱电运维,锦创科技股份有限公司,漳州,1,运维/云与网络（分布式电站、空调工程）,—
J2431,电力工程师,漳州盈特信信息技术服务有限公司,漳州,0,制造业质量/检验（成本管理、抖音）,制造业质量/检验（图文平台、性能检测）
J2432,漳州核电起重岗位,浙江万纳核电检修有限公司,漳州,0,制造业质量/检验（成本管理、抖音）,制造业质量/检验（图文平台、性能检测）
J2433,急招电工-加班费-包午餐,三龙集团有限公司,漳州,0,制造业质量/检验（成本管理、抖音）,制造业质量/检验（图文平台、性能检测）
J2434,招电工-底薪6600-意外险,武汉检安石化工程有限公司,漳州,0,制造业质量/检验（成本管理、抖音）,制造业质量/检验（图文平台、性能检测）
J2435,光伏运维主操,福建三宝钢铁有限公司,漳州,1,运维/云与网络（分布式电站、空调工程）,—
J2436,电力工程师/主管（漳州子公司）,福建海电运维科技股份有限公司,漳州,0,制造业质量/检验（成本管理、抖音）,制造业质量/检验（图文平台、性能检测）
J2437,数据统计员,福建恒顺通建设工程劳务有限公司,漳州,0,制造业质量/检验（成本管理、抖音）,供应链/物料/采购（物料管理、海外供应链）
J2438,运营助理/专员,漳州龙海屹兴森电子商务有限公司,漳州,0,制造业质量/检验（成本管理、抖音）,供应链/物料/采购（物料管理、海外供应链）
J2439,账务外包合作专员,唐山市盛软科技有限公司,漳州,0,制造业质量/检验（成本管理、抖音）,制造业质量/检验（图文平台、性能检测）
J2440,副总助理（数据分析方向）,厦门市富远贸易有限公司,漳州,2,数据分析/BI（数仓开发、kettle）,—
J2441,企管专员,三龙集团有限公司,漳州,0,制造业质量/检验（成本管理、抖音）,制造业质量/检验（图文平台、性能检测）
J2442,现场统计员,漳州兴威食品有限公司,漳州,0,制造业质量/检验（成本管理、抖音）,供应链/物料/采购（物料管理、海外供应链）
J2443,订单专员,漳州蒙发利实业有限公司,漳州,0,制造业质量/检验（成本管理、抖音）,制造业质量/检验（图文平台、性能检测）
J2444,AI数据标注,福建嵘灿信息科技有限公司,漳州,0,制造业质量/检验（成本管理、抖音）,制造业质量/检验（图文平台、性能检测）
J2445,仓管,漳州市宏香记食品有限公司,漳州,0,制造业质量/检验（成本管理、抖音）,制造业质量/检验（图文平台、性能检测）
J2446,仓库主管,商丘市宛珠农业科技有限公司,漳州,0,制造业质量/检验（成本管理、抖音）,制造业质量/检验（图文平台、性能检测）
J2447,运营助理/专员,调呗数字科技(漳州)有限公司,漳州,0,制造业质量/检验（成本管理、抖音）,制造业质量/检验（图文平台、性能检测）
J2448,化学分析,福建万安实业集团有限公司,漳州,0,制造业质量/检验（成本管理、抖音）,制造业质量/检验（图文平台、性能检测）
J2449,漳州仓管员+五险一金,湖南你好新鲜冷链供应链管理有限公司,漳州,0,制造业质量/检验（成本管理、抖音）,制造业质量/检验（图文平台、性能检测）
J2450,绩效主管,青蛙王子(中国)日化有限公司,漳州,0,制造业质量/检验（成本管理、抖音）,制造业质量/检验（图文平台、性能检测）
J2451,统计文员,福建九鹏生物科技有限公司,漳州,0,制造业质量/检验（成本管理、抖音）,供应链/物料/采购（物料管理、海外供应链）
J2452,销售运营(网格),青岛海信电器营销股份有限公司福州分公司,漳州,0,制造业质量/检验（成本管理、抖音）,制造业质量/检验（图文平台、性能检测）
J2453,销售支持专员,福建省小白心里软食品有限公司,漳州,0,制造业质量/检验（成本管理、抖音）,供应链/物料/采购（物料管理、海外供应链）
J2454,销售内勤,多麦(福建)食品有限公司,漳州,0,制造业质量/检验（成本管理、抖音）,供应链/物料/采购（物料管理、海外供应链）
J2455,国际结算岗,厦门银行股份有限公司,漳州,0,制造业质量/检验（成本管理、抖音）,制造业质量/检验（图文平台、性能检测）
J2456,生产总监助理,安安(中国)有限公司,漳州,0,制造业质量/检验（成本管理、抖音）,供应链/物料/采购（物料管理、海外供应链）
J2457,跨境电商,福建省漳州市浩创商贸有限公司,漳州,0,制造业质量/检验（成本管理、抖音）,制造业质量/检验（图文平台、性能检测）
J2458,拼多多运营,福建竹行天下运营管理有限公司,漳州,0,制造业质量/检验（成本管理、抖音）,制造业质量/检验（图文平台、性能检测）
J2459,微信私域运营,漳州黔致简礼酒业有限公司,漳州,0,制造业质量/检验（成本管理、抖音）,制造业质量/检验（图文平台、性能检测）
J2460,订单主管,漳州蒙发利实业有限公司,漳州,0,制造业质量/检验（成本管理、抖音）,制造业质量/检验（图文平台、性能检测）
J2461,内勤-系统开单,漳州芊鸿贸易有限公司,漳州,0,制造业质量/检验（成本管理、抖音）,制造业质量/检验（图文平台、性能检测）
J2462,生产跟单,深圳市环宇通电机维修有限公司福建分公司,漳州,0,制造业质量/检验（成本管理、抖音）,制造业质量/检验（图文平台、性能检测）
J2463,制造储干,日上集团,漳州,0,制造业质量/检验（成本管理、抖音）,制造业质量/检验（图文平台、性能检测）
J2464,采购开发专员（J10522）,青蛙王子(中国)日化有限公司,漳州,0,制造业质量/检验（成本管理、抖音）,供应链/物料/采购（物料管理、海外供应链）
J2465,污水处理员,福建蓝海黑石新材料科技股份有限公司,漳州,0,制造业质量/检验（成本管理、抖音）,制造业质量/检验（图文平台、性能检测）
J2466,采购与供应链管理专员,大连亚航物业管理有限公司,漳州,0,制造业质量/检验（成本管理、抖音）,供应链/物料/采购（物料管理、海外供应链）
J2467,hrbp经理,广东加福加德食品技术股份有限公司,漳州,0,制造业质量/检验（成本管理、抖音）,供应链/物料/采购（物料管理、海外供应链）
J2468,外派品质储干,漳州市华威电源科技有限公司,漳州,3,软件测试（信号测试、安全测试）,—
J2469,抖音运营,漳州市龙文区重新想电子商务有限公司,漳州,0,制造业质量/检验（成本管理、抖音）,制造业质量/检验（图文平台、性能检测）
J2470,销售助理,漳州百奥环保设备有限公司,漳州,0,制造业质量/检验（成本管理、抖音）,制造业质量/检验（图文平台、性能检测）
J2471,工艺研发工程师,厦门恒坤新材料科技股份有限公司,漳州,0,制造业质量/检验（成本管理、抖音）,制造业质量/检验（图文平台、性能检测）
J2472,注册安全工程师,苏州新星核电技术服务有限公司,漳州,0,制造业质量/检验（成本管理、抖音）,制造业质量/检验（图文平台、性能检测）
J2473,采购助理（双休+包食宿）,安安(中国)有限公司,漳州,0,制造业质量/检验（成本管理、抖音）,供应链/物料/采购（物料管理、海外供应链）
J2474,研发助理,漳州市宏香记食品有限公司,漳州,0,制造业质量/检验（成本管理、抖音）,制造业质量/检验（图文平台、性能检测）
J2475,全媒体运营,福建省漳州市浩创商贸有限公司,漳州,0,制造业质量/检验（成本管理、抖音）,制造业质量/检验（图文平台、性能检测）
J2476,天猫运营,福建竹行天下运营管理有限公司,漳州,0,制造业质量/检验（成本管理、抖音）,制造业质量/检验（图文平台、性能检测）
J2477,真姬菇调控技术员,南京金万辰生物科技有限公司,漳州,0,制造业质量/检验（成本管理、抖音）,制造业质量/检验（图文平台、性能检测）
J2478,运营经理（品牌连锁）,欢喜舍(漳州)数字科技有限公司,漳州,0,制造业质量/检验（成本管理、抖音）,制造业质量/检验（图文平台、性能检测）
J2479,机械工程师,福建德睿工业科技集团有限公司,漳州,0,制造业质量/检验（成本管理、抖音）,制造业质量/检验（图文平台、性能检测）
J2480,销售内勤,漳州市家佳食品有限公司,漳州,0,制造业质量/检验（成本管理、抖音）,制造业质量/检验（图文平台、性能检测）
J2481,组训岗,中国太平洋人寿保险股份有限公司,漳州,0,制造业质量/检验（成本管理、抖音）,制造业质量/检验（图文平台、性能检测）
J2482,采购员,漳州市湘美汽车部件有限公司,漳州,0,制造业质量/检验（成本管理、抖音）,制造业质量/检验（图文平台、性能检测）
J2483,人资专员,哈尔滨博实工业服务有限公司,漳州,0,制造业质量/检验（成本管理、抖音）,制造业质量/检验（图文平台、性能检测）
J2484,食品化验员,福建省柏禾食品有限公司,漳州,0,制造业质量/检验（成本管理、抖音）,制造业质量/检验（图文平台、性能检测）
J2485,福建区域经理（饮品）,广东轻上生物科技有限公司,漳州,0,制造业质量/检验（成本管理、抖音）,制造业质量/检验（图文平台、性能检测）
J2486,助理工程师（DB 固晶）,福建民翔半导体有限公司,漳州,0,制造业质量/检验（成本管理、抖音）,制造业质量/检验（图文平台、性能检测）
J2487,福建通信销售经理,中通建技术有限公司,漳州,0,制造业质量/检验（成本管理、抖音）,制造业质量/检验（图文平台、性能检测）
J2488,续保主管,漳州市中宝汽车销售有限公司,漳州,0,制造业质量/检验（成本管理、抖音）,制造业质量/检验（图文平台、性能检测）
J2489,ssc主管,福建蓝海黑石新材料科技股份有限公司,漳州,0,制造业质量/检验（成本管理、抖音）,制造业质量/检验（图文平台、性能检测）
J2490,财务会计,泉州福海粮油工业有限公司,漳州,0,制造业质量/检验（成本管理、抖音）,供应链/物料/采购（物料管理、海外供应链）
J2491,运营专员,轻食养(福建)健康科技有限公司,漳州,0,制造业质量/检验（成本管理、抖音）,制造业质量/检验（图文平台、性能检测）
J2492,驻外会计,宏德盛(福建)投资集团股份公司,漳州,0,制造业质量/检验（成本管理、抖音）,数据/统计分析（数据建模、统计学）
J2493,会计,漳浦漳龙顺工贸有限公司,漳州,0,制造业质量/检验（成本管理、抖音）,供应链/物料/采购（物料管理、海外供应链）
J2494,财务负责人,福建裕兴果蔬食品开发有限公司,漳州,0,制造业质量/检验（成本管理、抖音）,制造业质量/检验（图文平台、性能检测）
J2495,品牌总监,福建竹行天下运营管理有限公司,漳州,0,制造业质量/检验（成本管理、抖音）,制造业质量/检验（图文平台、性能检测）
J2496,环保技术工程师,华东(福建)精炼糖有限公司,漳州,0,制造业质量/检验（成本管理、抖音）,制造业质量/检验（图文平台、性能检测）
J2497,材料工程师,福州九州联创通信科技有限公司,漳州,0,制造业质量/检验（成本管理、抖音）,制造业质量/检验（图文平台、性能检测）
J2498,投标专员,漳州市华威电源科技有限公司,漳州,0,制造业质量/检验（成本管理、抖音）,制造业质量/检验（图文平台、性能检测）
J2499,配方软件管理员,大北农集团,漳州,0,制造业质量/检验（成本管理、抖音）,制造业质量/检验（图文平台、性能检测）
J2500,体系工程师,福建中集新能源科技有限公司,漳州,0,制造业质量/检验（成本管理、抖音）,制造业质量/检验（图文平台、性能检测）
J2501,电脑销售,福建省漳州市浩创商贸有限公司,漳州,0,制造业质量/检验（成本管理、抖音）,制造业质量/检验（图文平台、性能检测）
J2502,抽水蓄能电站现场项目技术负责人,浙江汇安工程质量检测有限公司,漳州,0,制造业质量/检验（成本管理、抖音）,制造业质量/检验（图文平台、性能检测）
J2503,研发技术经理/产品研发总监,漳州佳联化工有限公司,漳州,6,产品/项目管理（国内市场、需求分析）,—
J2504,高级财务会计,漳州磐兴商贸有限公司,漳州,0,制造业质量/检验（成本管理、抖音）,制造业质量/检验（图文平台、性能检测）
J2505,市场策划推广专员（双休）J10785,青蛙王子(中国)日化有限公司,漳州,0,制造业质量/检验（成本管理、抖音）,制造业质量/检验（图文平台、性能检测）
J2506,业务跟单员,漳州市湘美汽车部件有限公司,漳州,0,制造业质量/检验（成本管理、抖音）,供应链/物料/采购（物料管理、海外供应链）
J2507,光刻工艺工程师,厦门恒坤新材料科技股份有限公司,漳州,0,制造业质量/检验（成本管理、抖音）,制造业质量/检验（图文平台、性能检测）
J2508,组训岗,中国太平洋人寿保险股份有限公司,漳州,0,制造业质量/检验（成本管理、抖音）,制造业质量/检验（图文平台、性能检测）
J2509,生产经理（储备人才）,福建其亮食品科技有限公司,漳州,0,制造业质量/检验（成本管理、抖音）,制造业质量/检验（图文平台、性能检测）
J2510,销售区域经理,万华禾香集团股份有限公司,漳州,0,制造业质量/检验（成本管理、抖音）,制造业质量/检验（图文平台、性能检测）
J2511,成本分析/控制主管,安安(中国)有限公司,漳州,0,制造业质量/检验（成本管理、抖音）,供应链/物料/采购（物料管理、海外供应链）
J2512,设备主管,圆通速递有限公司,漳州,0,制造业质量/检验（成本管理、抖音）,制造业质量/检验（图文平台、性能检测）
J2513,闽南市场推广主管（饮品）,广东轻上生物科技有限公司,漳州,0,制造业质量/检验（成本管理、抖音）,制造业质量/检验（图文平台、性能检测）
J2514,招聘专员,漳州香洲皮革有限公司,漳州,0,制造业质量/检验（成本管理、抖音）,制造业质量/检验（图文平台、性能检测）
J2515,拼多多运营主管/经理,福建竹行天下运营管理有限公司,漳州,0,制造业质量/检验（成本管理、抖音）,制造业质量/检验（图文平台、性能检测）
J2516,AI视频创作（电商信息流方向）,漳州市宏香记食品有限公司,漳州,0,制造业质量/检验（成本管理、抖音）,制造业质量/检验（图文平台、性能检测）
J2517,营销服务部责任人,民生人寿保险股份有限公司,漳州,0,制造业质量/检验（成本管理、抖音）,供应链/物料/采购（物料管理、海外供应链）
J2518,全职新媒体网络运营,深圳市环宇通电机维修有限公司福建分公司,漳州,0,制造业质量/检验（成本管理、抖音）,制造业质量/检验（图文平台、性能检测）
J2519,食品销售代表,正大集团,漳州,0,制造业质量/检验（成本管理、抖音）,制造业质量/检验（图文平台、性能检测）
J2520,养殖生产储备干部（禽业） (MJ002873),温氏股份,漳州,0,制造业质量/检验（成本管理、抖音）,制造业质量/检验（图文平台、性能检测）
J2521,招聘经理,福建蓝海黑石新材料科技股份有限公司,漳州,0,制造业质量/检验（成本管理、抖音）,制造业质量/检验（图文平台、性能检测）
J2522,生产运营部高级经理,绿麒(厦门)海洋生物科技有限公司,漳州,0,制造业质量/检验（成本管理、抖音）,制造业质量/检验（图文平台、性能检测）
J2523,营销主任（福建漳浦）,广州立白企业集团有限公司,漳州,0,制造业质量/检验（成本管理、抖音）,制造业质量/检验（图文平台、性能检测）
J2524,快消品销售代表,福建省焙美奇食品有限公司,漳州,0,制造业质量/检验（成本管理、抖音）,制造业质量/检验（图文平台、性能检测）
J2525,销售（年薪25W+）,湖北聚汇农业开发有限公司,漳州,0,制造业质量/检验（成本管理、抖音）,制造业质量/检验（图文平台、性能检测）
J2526,生产运营总监,上海魁客智能科技发展有限公司,漳州,0,制造业质量/检验（成本管理、抖音）,制造业质量/检验（图文平台、性能检测）
J2527,储能销售经理,福建中集新能源科技有限公司,漳州,0,制造业质量/检验（成本管理、抖音）,制造业质量/检验（图文平台、性能检测）
J2528,中级财务会计（7-10k 六险一金）,漳州旗滨玻璃有限公司,漳州,0,制造业质量/检验（成本管理、抖音）,制造业质量/检验（图文平台、性能检测）
J2529,成本会计,福建德睿工业科技集团有限公司,漳州,0,制造业质量/检验（成本管理、抖音）,制造业质量/检验（图文平台、性能检测）
J2530,产品经理（休闲食品）,福建省腾星食品科技有限公司,漳州,6,产品/项目管理（国内市场、需求分析）,—
J2531,技术储干,漳州市华威电源科技有限公司,漳州,0,制造业质量/检验（成本管理、抖音）,制造业质量/检验（图文平台、性能检测）
J2532,驻点原料采购员/采购执行（漳州工厂-采购部）,北海逮虾记食品有限公司,漳州,0,制造业质量/检验（成本管理、抖音）,制造业质量/检验（图文平台、性能检测）
J2533,PE电气自动化工程师,顺丰速运,漳州,0,制造业质量/检验（成本管理、抖音）,制造业质量/检验（图文平台、性能检测）
J2534,大客户经理,福建华振新能源科技有限公司,漳州,0,制造业质量/检验（成本管理、抖音）,制造业质量/检验（图文平台、性能检测）
J2535,污水处理操作工,福建蓝海黑石新材料科技有限公司,漳州,0,制造业质量/检验（成本管理、抖音）,制造业质量/检验（图文平台、性能检测）
J2536,电商运营总监,福建竹行天下运营管理有限公司,漳州,0,制造业质量/检验（成本管理、抖音）,数据/统计分析（数据建模、统计学）
J2537,研发实验员,厦门市宏正化工有限公司,漳州,0,制造业质量/检验（成本管理、抖音）,制造业质量/检验（图文平台、性能检测）
J2538,资深工艺工程师,厦门恒坤新材料科技股份有限公司,漳州,0,制造业质量/检验（成本管理、抖音）,制造业质量/检验（图文平台、性能检测）
J2539,医药代表（福建）,九华华源药业股份有限公司深圳分公司,漳州,0,制造业质量/检验（成本管理、抖音）,制造业质量/检验（图文平台、性能检测）
J2540,新媒体运营,福建启跃碳素制品有限公司,漳州,0,制造业质量/检验（成本管理、抖音）,制造业质量/检验（图文平台、性能检测）
J2541,bd经理,深圳人人特惠科技有限公司,漳州,0,制造业质量/检验（成本管理、抖音）,制造业质量/检验（图文平台、性能检测）
J2542,石英砂研发工程师,深圳市新旗滨科技有限公司,漳州,0,制造业质量/检验（成本管理、抖音）,制造业质量/检验（图文平台、性能检测）
J2543,人力培训经理,安安(中国)有限公司,漳州,0,制造业质量/检验（成本管理、抖音）,制造业质量/检验（图文平台、性能检测）
J2544,电气工程师（J10685）,青蛙王子(中国)日化有限公司,漳州,0,制造业质量/检验（成本管理、抖音）,制造业质量/检验（图文平台、性能检测）
J2545,储备区总-漳州,北京查博士科技股份有限公司,漳州,0,制造业质量/检验（成本管理、抖音）,制造业质量/检验（图文平台、性能检测）
J2546,业务条线部门经理,中国太平洋人寿保险股份有限公司,漳州,0,制造业质量/检验（成本管理、抖音）,制造业质量/检验（图文平台、性能检测）
J2547,销售经理,广生堂药业,漳州,0,制造业质量/检验（成本管理、抖音）,制造业质量/检验（图文平台、性能检测）
J2548,手机销售导购,厦门市鑫旺欣贸易有限公司漳州台商投资区分公司,漳州,0,制造业质量/检验（成本管理、抖音）,制造业质量/检验（图文平台、性能检测）
J2549,市场销售主管,山江生态环境科技(漳州)有限公司,漳州,0,制造业质量/检验（成本管理、抖音）,制造业质量/检验（图文平台、性能检测）
J2550,会计,福建德睿工业科技集团有限公司,漳州,0,制造业质量/检验（成本管理、抖音）,供应链/物料/采购（物料管理、海外供应链）
J2551,自媒体运营经理（线上引流与运营）,欢喜舍(漳州)数字科技有限公司,漳州,0,制造业质量/检验（成本管理、抖音）,供应链/物料/采购（物料管理、海外供应链）
J2552,销售员,北京同仁堂(福建)医药有限公司,漳州,0,制造业质量/检验（成本管理、抖音）,制造业质量/检验（图文平台、性能检测）
J2553,注册安全工程师（福建漳州 ）,苏州新星核电技术服务有限公司,漳州,0,制造业质量/检验（成本管理、抖音）,制造业质量/检验（图文平台、性能检测）
J2554,储备财务主任（7-10k 六险一金）,漳州旗滨玻璃有限公司,漳州,0,制造业质量/检验（成本管理、抖音）,制造业质量/检验（图文平台、性能检测）
J2555,福建区域经理,湖北聚汇农业开发有限公司,漳州,0,制造业质量/检验（成本管理、抖音）,制造业质量/检验（图文平台、性能检测）
J2556,工艺研发工程师,福建蓝海黑石新材料科技有限公司,漳州,0,制造业质量/检验（成本管理、抖音）,制造业质量/检验（图文平台、性能检测）
J2557,精加工班组长,福建安泰新能源科技有限公司,漳州,0,制造业质量/检验（成本管理、抖音）,制造业质量/检验（图文平台、性能检测）
J2558,订单专员,漳州龙文楚宜贸易有限公司,漳州,0,制造业质量/检验（成本管理、抖音）,制造业质量/检验（图文平台、性能检测）
J2559,订单主管,漳州蒙发利实业有限公司,漳州,0,制造业质量/检验（成本管理、抖音）,制造业质量/检验（图文平台、性能检测）
J2560,采购订单员,漳州市龙文区诚利电子商务商行(个体工商户),漳州,0,制造业质量/检验（成本管理、抖音）,制造业质量/检验（图文平台、性能检测）
J2561,医院门店运营主管（超市/烘焙/医药）,漳州科永奥贸易有限公司,漳州,0,制造业质量/检验（成本管理、抖音）,制造业质量/检验（图文平台、性能检测）
J2562,新媒体专员,漳州闽新人装饰材料贸易有限公司,漳州,0,制造业质量/检验（成本管理、抖音）,制造业质量/检验（图文平台、性能检测）
J2563,销售运营,福建省漳州市浩创商贸有限公司,漳州,0,制造业质量/检验（成本管理、抖音）,制造业质量/检验（图文平台、性能检测）
J2564,国企财务高级经理（非部门经理岗）,建发房地产集团有限公司,漳州,0,制造业质量/检验（成本管理、抖音）,制造业质量/检验（图文平台、性能检测）
J2565,总账会计（财务信息化方向）J10762,青蛙王子(中国)日化有限公司,漳州,0,制造业质量/检验（成本管理、抖音）,制造业质量/检验（图文平台、性能检测）
J2566,薪酬绩效经理,安安(中国)有限公司,漳州,0,制造业质量/检验（成本管理、抖音）,制造业质量/检验（图文平台、性能检测）
J2567,支公司负责人,中国太平洋人寿保险股份有限公司,漳州,0,制造业质量/检验（成本管理、抖音）,制造业质量/检验（图文平台、性能检测）
J2568,新门类计划（25-26届毕业生优先）,宏发,漳州,0,制造业质量/检验（成本管理、抖音）,制造业质量/检验（图文平台、性能检测）
J2569,培训课长/经理（制造业双休）,安安(中国)有限公司,漳州,0,制造业质量/检验（成本管理、抖音）,制造业质量/检验（图文平台、性能检测）
J2570,新媒体运营总监,福建竹行天下运营管理有限公司,漳州,0,制造业质量/检验（成本管理、抖音）,数据/统计分析（数据建模、统计学）
J2571,物料副经理,漳州市华威电源科技有限公司,漳州,0,制造业质量/检验（成本管理、抖音）,制造业质量/检验（图文平台、性能检测）
J2572,设计员,漳州市华威电源科技有限公司,漳州,0,制造业质量/检验（成本管理、抖音）,制造业质量/检验（图文平台、性能检测）
J2573,海外财务经理,安安(中国)有限公司,漳州,0,制造业质量/检验（成本管理、抖音）,制造业质量/检验（图文平台、性能检测）
J2574,薪酬绩效经理,安安(中国)有限公司,漳州,0,制造业质量/检验（成本管理、抖音）,供应链/物料/采购（物料管理、海外供应链）
J2575,砂矿研发工程师,深圳市新旗滨科技有限公司,漳州,0,制造业质量/检验（成本管理、抖音）,制造业质量/检验（图文平台、性能检测）
J2576,销售经理,广生堂药业,漳州,0,制造业质量/检验（成本管理、抖音）,制造业质量/检验（图文平台、性能检测）
J2577,区域销售经理,湖北聚汇农业开发有限公司,漳州,0,制造业质量/检验（成本管理、抖音）,制造业质量/检验（图文平台、性能检测）
J2578,java开发,漳平市华洋网络科技有限公司,龙岩,4,后端开发（hibernate、linux开发）,—
J2579,经营管理岗,保定市长城蚂蚁物流有限公司,龙岩,0,制造业质量/检验（成本管理、抖音）,Java/后端（spring、mybatis）
J2580,研发技术员,福建省德泽新能源有限公司,龙岩,0,制造业质量/检验（成本管理、抖音）,制造业质量/检验（图文平台、性能检测）
J2581,数据工程师,河北中联钢信电子商务有限公司,龙岩,2,数据分析/BI（数仓开发、kettle）,—
J2582,MES工程师,国动网络通信集团股份有限公司,龙岩,0,制造业质量/检验（成本管理、抖音）,硬件/仪器/自动化（组态软件、scratch）
J2583,福建龙岩 实施工程师（E15）,山东天辉科技有限公司,龙岩,1,运维/云与网络（分布式电站、空调工程）,—
J2584,RTOS软件工程师（会FreeRTOS）,河南企宝宝企业管理咨询有限公司,龙岩,4,后端开发（hibernate、linux开发）,—
J2585,物联网数据采集工程师 / 工业物联网实施工程师,长城汽车,龙岩,1,运维/云与网络（分布式电站、空调工程）,—
J2586,数据分析师,京东集团,龙岩,2,数据分析/BI（数仓开发、kettle）,—
J2587,辅助驾驶数据实习生（在福州上班）2027届,福州云之景科技有限公司,龙岩,0,制造业质量/检验（成本管理、抖音）,制造业质量/检验（图文平台、性能检测）
J2588,电气工程师,福建伊普思实业有限公司广东科技研发分公司,龙岩,0,制造业质量/检验（成本管理、抖音）,硬件/仪器/自动化（组态软件、scratch）
J2589,辅助驾驶数据实习生2027届（在福建福州上班）,福州云之景科技有限公司,龙岩,0,制造业质量/检验（成本管理、抖音）,制造业质量/检验（图文平台、性能检测）
J2590,辅助驾驶数据2027届实习生（在福建福州上班）,福州云之景科技有限公司,龙岩,0,制造业质量/检验（成本管理、抖音）,制造业质量/检验（图文平台、性能检测）
J2591,计算机2027届实习生（在福建福州上班）,福州云之景科技有限公司,龙岩,0,制造业质量/检验（成本管理、抖音）,制造业质量/检验（图文平台、性能检测）
J2592,产品经理,河北中联钢信电子商务有限公司,龙岩,6,产品/项目管理（国内市场、需求分析）,—
J2593,售后工程师（换电）,北京三清互联科技股份有限公司珠海分公司,龙岩,0,制造业质量/检验（成本管理、抖音）,制造业质量/检验（图文平台、性能检测）
J2594,单片机开发工程师,福建希恩凯电子有限公司,龙岩,5,嵌入式/硬件（rtos、32位单片机）,—
J2595,车辆嵌入式控制器开发工程师(J11469),紫金龙净环保新能源股份有限公司,龙岩,5,嵌入式/硬件（rtos、32位单片机）,—
J2596,交付工程师,福建龙净量道储能科技有限公司,龙岩,0,制造业质量/检验（成本管理、抖音）,电子/半导体/设备（测试、自动化设计）
J2597,品质部经理,福建赛特新材股份有限公司,龙岩,3,软件测试（信号测试、安全测试）,—
J2598,质量安全总监,福建月山能源科技有限公司,龙岩,0,制造业质量/检验（成本管理、抖音）,数据/统计分析（数据建模、统计学）
J2599,质量管理,福建省帆盛机械有限公司,龙岩,0,制造业质量/检验（成本管理、抖音）,制造业质量/检验（图文平台、性能检测）
J2600,测试工程师,福建龙净量道储能科技有限公司,龙岩,3,软件测试（信号测试、安全测试）,—
J2601,质量技术/质量控制岗（福建龙岩）,长城汽车,龙岩,0,制造业质量/检验（成本管理、抖音）,制造业质量/检验（图文平台、性能检测）
J2602,过程质量工程师,福建贝思科电子材料股份有限公司,龙岩,3,软件测试（信号测试、安全测试）,—
J2603,质量副经理/主管、质检员,国动网络通信集团股份有限公司,龙岩,0,制造业质量/检验（成本管理、抖音）,制造业质量/检验（图文平台、性能检测）
J2604,工厂品控主管,福建信运冷藏物流有限公司,龙岩,0,制造业质量/检验（成本管理、抖音）,质量检验（qa、qc）
J2605,质量工程师,福建强纶新材料股份有限公司,龙岩,3,软件测试（信号测试、安全测试）,—
J2606,新产线急招质检普工+保底7千+坐班,贵州弘盛云聘企业管理有限公司,龙岩,0,制造业质量/检验（成本管理、抖音）,制造业质量/检验（图文平台、性能检测）
J2607,技术质量总监（光缆生产）,国动网络通信集团股份有限公司,龙岩,0,制造业质量/检验（成本管理、抖音）,制造业质量/检验（图文平台、性能检测）
J2608,焊装品质副主任,长城汽车,龙岩,3,软件测试（信号测试、安全测试）,—
J2609,新产线急招质检普工+保底7千+坐班,贵州弘盛云聘企业管理有限公司,龙岩,0,制造业质量/检验（成本管理、抖音）,制造业质量/检验（图文平台、性能检测）
J2610,空气站运维工程师-福建,河北赛默森环保科技有限公司,龙岩,1,运维/云与网络（分布式电站、空调工程）,—
J2611,网络运维工程师,福建龙岩闽雄生物科技股份有限公司,龙岩,1,运维/云与网络（分布式电站、空调工程）,—
J2612,化工厂人员定位系统技术支持工程师,青岛安然物联网科技有限公司,龙岩,0,制造业质量/检验（成本管理、抖音）,制造业质量/检验（图文平台、性能检测）
J2613,风电运维员,福建永福运维科技有限公司,龙岩,1,运维/云与网络（分布式电站、空调工程）,—
J2614,龙岩业务营运主任-（偏数据分析）,安利（中国）日用品有限公司,龙岩,2,数据分析/BI（数仓开发、kettle）,—
J2615,线上标注员,开封亦师科技有限公司,龙岩,0,制造业质量/检验（成本管理、抖音）,制造业质量/检验（图文平台、性能检测）
J2616,统计员,天守(福建)超纤科技股份有限公司,龙岩,0,制造业质量/检验（成本管理、抖音）,数据/统计分析（数据建模、统计学）
J2617,生产统计员,福建业晋集团有限公司,龙岩,0,制造业质量/检验（成本管理、抖音）,供应链/物料/采购（物料管理、海外供应链）
J2618,电商运营,龙岩市中肽农业科技发展有限公司,龙岩,0,制造业质量/检验（成本管理、抖音）,制造业质量/检验（图文平台、性能检测）
J2619,跨境电商运营,上杭鑫汇贸易有限公司,龙岩,0,制造业质量/检验（成本管理、抖音）,制造业质量/检验（图文平台、性能检测）
J2620,运营专员,龙岩新罗朗炽贸易有限公司,龙岩,0,制造业质量/检验（成本管理、抖音）,供应链/物料/采购（物料管理、海外供应链）
J2621,跨境运营专员,漳平市华洋网络科技有限公司,龙岩,0,制造业质量/检验（成本管理、抖音）,制造业质量/检验（图文平台、性能检测）
J2622,商务员,厦门新立基股份有限公司,龙岩,0,制造业质量/检验（成本管理、抖音）,制造业质量/检验（图文平台、性能检测）
J2623,运营助理,辘实国际贸易(义乌)有限公司,龙岩,0,制造业质量/检验（成本管理、抖音）,制造业质量/检验（图文平台、性能检测）
J2624,跨境电商运营,龙岩市新罗区圣代商贸有限公司,龙岩,0,制造业质量/检验（成本管理、抖音）,制造业质量/检验（图文平台、性能检测）
J2625,龙岩营销服务部支持专员,华泰保险集团股份有限公司,龙岩,0,制造业质量/检验（成本管理、抖音）,制造业质量/检验（图文平台、性能检测）
J2626,实验室实验员,国动网络通信集团股份有限公司,龙岩,0,制造业质量/检验（成本管理、抖音）,制造业质量/检验（图文平台、性能检测）
J2627,采购专员,福建浩中环保科技有限公司,龙岩,0,制造业质量/检验（成本管理、抖音）,制造业质量/检验（图文平台、性能检测）
J2628,外贸客服助理,福建伊普思实业有限公司广东科技研发分公司,龙岩,0,制造业质量/检验（成本管理、抖音）,供应链/物料/采购（物料管理、海外供应链）
J2629,投资专员 (MJ000232),福龙马集团股份有限公司,龙岩,0,制造业质量/检验（成本管理、抖音）,制造业质量/检验（图文平台、性能检测）
J2630,销售管培生（未来领导者）,正大集团,龙岩,0,制造业质量/检验（成本管理、抖音）,制造业质量/检验（图文平台、性能检测）
J2631,高级新媒体运营专员,福建凯美建设工程有限公司,龙岩,0,制造业质量/检验（成本管理、抖音）,制造业质量/检验（图文平台、性能检测）
J2632,化验员,福建铭麟科技有限公司,龙岩,0,制造业质量/检验（成本管理、抖音）,制造业质量/检验（图文平台、性能检测）
J2633,运营分析师(J11078),紫金龙净环保新能源股份有限公司,龙岩,0,制造业质量/检验（成本管理、抖音）,制造业质量/检验（图文平台、性能检测）
J2634,业务助理,天守(福建)超纤科技股份有限公司,龙岩,0,制造业质量/检验（成本管理、抖音）,供应链/物料/采购（物料管理、海外供应链）
J2635,采购专员,福建览泰环保科技有限公司,龙岩,0,制造业质量/检验（成本管理、抖音）,制造业质量/检验（图文平台、性能检测）
J2636,福建区域经理（饮品）,广东轻上生物科技有限公司,龙岩,0,制造业质量/检验（成本管理、抖音）,制造业质量/检验（图文平台、性能检测）
J2637,经营管理岗,保定市长城蚂蚁物流有限公司,龙岩,0,制造业质量/检验（成本管理、抖音）,制造业质量/检验（图文平台、性能检测）
J2638,财务总监（亿钻）,福建亿钻机械有限公司,龙岩,0,制造业质量/检验（成本管理、抖音）,制造业质量/检验（图文平台、性能检测）
J2639,招商营运经理,福建超创集团有限公司,龙岩,0,制造业质量/检验（成本管理、抖音）,制造业质量/检验（图文平台、性能检测）
J2640,设备管理员,长城汽车,龙岩,0,制造业质量/检验（成本管理、抖音）,制造业质量/检验（图文平台、性能检测）
J2641,银保业务培训岗（龙岩）,同方全球人寿保险有限公司福建分公司,龙岩,0,制造业质量/检验（成本管理、抖音）,供应链/物料/采购（物料管理、海外供应链）
J2642,外访催收主管,狮桥融资租赁（中国）有限公司,龙岩,0,制造业质量/检验（成本管理、抖音）,制造业质量/检验（图文平台、性能检测）
J2643,储备区总-龙岩,北京查博士科技股份有限公司,龙岩,0,制造业质量/检验（成本管理、抖音）,制造业质量/检验（图文平台、性能检测）
J2644,钠电工程师（钠离子电芯材料研发）,福建龙净储能电池有限公司,龙岩,0,制造业质量/检验（成本管理、抖音）,制造业质量/检验（图文平台、性能检测）
J2645,财务经理（水电中心）,福建业晋集团有限公司,龙岩,0,制造业质量/检验（成本管理、抖音）,制造业质量/检验（图文平台、性能检测）
J2646,销售主管,上杭县美英日杂店,龙岩,0,制造业质量/检验（成本管理、抖音）,制造业质量/检验（图文平台、性能检测）
J2647,常规二手车金融城市经理,东正金融,龙岩,0,制造业质量/检验（成本管理、抖音）,制造业质量/检验（图文平台、性能检测）
J2648,精益生产经理,福建伊普思实业有限公司广东科技研发分公司,龙岩,0,制造业质量/检验（成本管理、抖音）,供应链/物料/采购（物料管理、海外供应链）
J2649,PMC 经理（锂电池/PACK）,国动网络通信集团股份有限公司,龙岩,0,制造业质量/检验（成本管理、抖音）,制造业质量/检验（图文平台、性能检测）
J2650,区域业务代表,湖北博奥食品股份有限公司,龙岩,0,制造业质量/检验（成本管理、抖音）,供应链/物料/采购（物料管理、海外供应链）
J2651,区域销售经理,长汀良荣福食品有限公司,龙岩,0,制造业质量/检验（成本管理、抖音）,制造业质量/检验（图文平台、性能检测）
J2652,诚招电工 月入11000（包住 储物柜）,天守(福建)超纤科技股份有限公司,龙岩,0,制造业质量/检验（成本管理、抖音）,制造业质量/检验（图文平台、性能检测）
J2653,店长储备岗（家电、家居、3C方向）,京东集团,龙岩,0,制造业质量/检验（成本管理、抖音）,制造业质量/检验（图文平台、性能检测）
J2654,业务主任龙岩,安利（中国）日用品有限公司,龙岩,0,制造业质量/检验（成本管理、抖音）,制造业质量/检验（图文平台、性能检测）
J2655,人事专员,亿懿升辉生物医药(连城)有限公司,龙岩,0,制造业质量/检验（成本管理、抖音）,制造业质量/检验（图文平台、性能检测）
J2656,医药代表,海南大西洋制药厂有限公司,龙岩,0,制造业质量/检验（成本管理、抖音）,制造业质量/检验（图文平台、性能检测）
J2657,人事专员/薪酬绩效专员,福建业晋集团有限公司,龙岩,0,制造业质量/检验（成本管理、抖音）,供应链/物料/采购（物料管理、海外供应链）
J2658,市场营销主管（龙岩）,安利（中国）日用品有限公司,龙岩,0,制造业质量/检验（成本管理、抖音）,制造业质量/检验（图文平台、性能检测）
J2659,管培生,漳平市华洋网络科技有限公司,龙岩,0,制造业质量/检验（成本管理、抖音）,制造业质量/检验（图文平台、性能检测）
J2660,工艺工程师,天守(福建)超纤科技股份有限公司,龙岩,0,制造业质量/检验（成本管理、抖音）,制造业质量/检验（图文平台、性能检测）
J2661,DMF回收主管,天守(福建)超纤科技股份有限公司,龙岩,0,制造业质量/检验（成本管理、抖音）,制造业质量/检验（图文平台、性能检测）
J2662,新媒体运营,福建强纶新材料股份有限公司,龙岩,0,制造业质量/检验（成本管理、抖音）,制造业质量/检验（图文平台、性能检测）
J2663,DMF回收主管,天守(福建)超纤科技股份有限公司,龙岩,0,制造业质量/检验（成本管理、抖音）,制造业质量/检验（图文平台、性能检测）
J2664,财务经理（水电中心）,福建业晋集团有限公司,龙岩,0,制造业质量/检验（成本管理、抖音）,制造业质量/检验（图文平台、性能检测）
J2665,实习生（福建）(J10688),望海康信(北京)科技股份公司,南平,0,制造业质量/检验（成本管理、抖音）,制造业质量/检验（图文平台、性能检测）
J2666,it工程师,福建永晶科技股份有限公司,南平,0,制造业质量/检验（成本管理、抖音）,Java/后端（spring、mybatis）
J2667,计算机2027届实习生（福建福州上班）,福州云之景科技有限公司,南平,0,制造业质量/检验（成本管理、抖音）,制造业质量/检验（图文平台、性能检测）
J2668,财务管培生,江西陆恒食品有限公司,南平,0,制造业质量/检验（成本管理、抖音）,供应链/物料/采购（物料管理、海外供应链）
J2669,研发工程师,华闽南配集团股份有限公司,南平,0,制造业质量/检验（成本管理、抖音）,制造业质量/检验（图文平台、性能检测）
J2670,测试开发工程师（外派南平）,北京创四方电子集团股份有限公司,南平,3,软件测试（信号测试、安全测试）,—
J2671,品质工程师,华闽南配集团股份有限公司,南平,3,软件测试（信号测试、安全测试）,—
J2672,【2026】品管储备干部,福建圣农集团,南平,0,制造业质量/检验（成本管理、抖音）,质量检验（qa、qc）
J2673,质量专员,福建远翔新材料股份有限公司,南平,0,制造业质量/检验（成本管理、抖音）,制造业质量/检验（图文平台、性能检测）
J2674,质量工程师Quality Engineer,纳达瑞香料香精(浦城)有限公司,南平,3,软件测试（信号测试、安全测试）,—
J2675,质量管理工程师,福建省闽铝轻量化汽车制造有限公司,南平,0,制造业质量/检验（成本管理、抖音）,质量检验（qa、qc）
J2676,种子测试点业务员,福建省圆旺元种子集团有限公司,南平,3,软件测试（信号测试、安全测试）,—
J2677,福建质量主管(J10373),浙江吉宠控股集团有限公司,南平,0,制造业质量/检验（成本管理、抖音）,质量检验（qa、qc）
J2678,熟食品控经理,河南英才猎场信息咨询有限公司,南平,0,制造业质量/检验（成本管理、抖音）,质量检验（qa、qc）
J2679,质检专员,睿富昇(福建)科技有限公司,南平,0,制造业质量/检验（成本管理、抖音）,制造业质量/检验（图文平台、性能检测）
J2680,质量工程师,福建远翔新材料股份有限公司,南平,3,软件测试（信号测试、安全测试）,—
J2681,自有品牌技术支持经理(J11107),福建圣农集团,南平,0,制造业质量/检验（成本管理、抖音）,质量检验（qa、qc）
J2682,品管主管/副经理(J11512),福建圣农集团,南平,0,制造业质量/检验（成本管理、抖音）,质量检验（qa、qc）
J2683,品管经理/副经理(J10972),福建圣农集团,南平,0,制造业质量/检验（成本管理、抖音）,质量检验（qa、qc）
J2684,品管经理(J10170),福建圣农集团,南平,0,制造业质量/检验（成本管理、抖音）,质量检验（qa、qc）
J2685,肉鸡屠宰品控经理,河南英才猎场信息咨询有限公司,南平,0,制造业质量/检验（成本管理、抖音）,质量检验（qa、qc）
J2686,新媒体运维人员（驻点）,福建省海峡农业杂志社有限公司,南平,1,运维/云与网络（分布式电站、空调工程）,—
J2687,在线监测运维工程师,力合科技(湖南)股份有限公司,南平,1,运维/云与网络（分布式电站、空调工程）,—
J2688,局楼运维岗,福建海峡企业管理服务有限公司,南平,1,运维/云与网络（分布式电站、空调工程）,—
J2689,项目制·水质自动监测站点运维岗,中环(福建)环境科技有限公司,南平,1,运维/云与网络（分布式电站、空调工程）,—
J2690,热线运维服务,南平宇量信息科技有限公司,南平,1,运维/云与网络（分布式电站、空调工程）,—
J2691,运维工程师-福建圣农-六险一金,山东省工业设备安装集团有限公司,南平,1,运维/云与网络（分布式电站、空调工程）,—
J2692,福建南平 实施运维工程师（E14）,山东天辉科技有限公司,南平,1,运维/云与网络（分布式电站、空调工程）,—
J2693,光伏运维工程师-福建,厦门方胜众合企业服务有限公司,南平,1,运维/云与网络（分布式电站、空调工程）,—
J2694,设备工程师,江西陆恒食品有限公司,南平,0,制造业质量/检验（成本管理、抖音）,制造业质量/检验（图文平台、性能检测）
J2695,诚招电工-年终奖-有房补,华闽南配集团股份有限公司,南平,0,制造业质量/检验（成本管理、抖音）,制造业质量/检验（图文平台、性能检测）
J2696,光伏运维（五险一金）,福建永福运维科技有限公司,南平,1,运维/云与网络（分布式电站、空调工程）,—
J2697,融合台监控岗,福建海峡企业管理服务有限公司,南平,0,制造业质量/检验（成本管理、抖音）,制造业质量/检验（图文平台、性能检测）
J2698,制冷工程师,江西陆恒食品有限公司,南平,0,制造业质量/检验（成本管理、抖音）,制造业质量/检验（图文平台、性能检测）
J2699,业务营运-数据分析（南平）,安利（中国）日用品有限公司,南平,2,数据分析/BI（数仓开发、kettle）,—
J2700,调度中心稽核岗,福建海峡企业管理服务有限公司,南平,0,制造业质量/检验（成本管理、抖音）,制造业质量/检验（图文平台、性能检测）
J2701,设备调试员,南平铝业,南平,0,制造业质量/检验（成本管理、抖音）,制造业质量/检验（图文平台、性能检测）
J2702,开票员,华农恒青科技股份有限公司,南平,0,制造业质量/检验（成本管理、抖音）,制造业质量/检验（图文平台、性能检测）
J2703,笼养片区经理(J11784),福建圣农集团,南平,0,制造业质量/检验（成本管理、抖音）,制造业质量/检验（图文平台、性能检测）
J2704,销售储备干部（南平）,泰康养老保险股份有限公司福建分公司,南平,0,制造业质量/检验（成本管理、抖音）,制造业质量/检验（图文平台、性能检测）
J2705,计划员,福建海源新材料科技有限公司,南平,0,制造业质量/检验（成本管理、抖音）,制造业质量/检验（图文平台、性能检测）
J2706,计划文员(J10341),浙江吉宠控股集团有限公司,南平,0,制造业质量/检验（成本管理、抖音）,数据/统计分析（数据建模、统计学）
J2707,生产储备人才,驻马店华中正大有限公司,南平,0,制造业质量/检验（成本管理、抖音）,制造业质量/检验（图文平台、性能检测）
J2708,渠道营销（南平）,华润雪花,南平,0,制造业质量/检验（成本管理、抖音）,制造业质量/检验（图文平台、性能检测）
J2709,设备机修工,福建科能新材料有限公司,南平,0,制造业质量/检验（成本管理、抖音）,制造业质量/检验（图文平台、性能检测）
J2710,购物中心企划经理（武夷山项目）,羿鹏轨道交通开发(上海)有限公司,南平,0,制造业质量/检验（成本管理、抖音）,制造业质量/检验（图文平台、性能检测）
J2711,集团财务部经理,南孚电池,南平,0,制造业质量/检验（成本管理、抖音）,制造业质量/检验（图文平台、性能检测）
J2712,计量工程师（GMP）,福建永晶科技股份有限公司,南平,0,制造业质量/检验（成本管理、抖音）,制造业质量/检验（图文平台、性能检测）
J2713,环境监测项目经理（福建）,力合科技(湖南)股份有限公司,南平,6,产品/项目管理（国内市场、需求分析）,—
J2714,总经理助理,江西陆恒食品有限公司,南平,0,制造业质量/检验（成本管理、抖音）,供应链/物料/采购（物料管理、海外供应链）
J2715,国内电商运营,武夷山市砻心岩茶厂,南平,0,制造业质量/检验（成本管理、抖音）,制造业质量/检验（图文平台、性能检测）
J2716,商业文旅地产企划经理,武夷山宸境文旅发展有限责任公司,南平,0,制造业质量/检验（成本管理、抖音）,制造业质量/检验（图文平台、性能检测）
J2717,民宿经理/酒店经理,华祥苑茶业股份有限公司,南平,0,制造业质量/检验（成本管理、抖音）,制造业质量/检验（图文平台、性能检测）
J2718,综合人事专员,唐山丰南区康达化工新材料有限公司,南平,0,制造业质量/检验（成本管理、抖音）,制造业质量/检验（图文平台、性能检测）
J2719,招投标专员,福建文达森信息科技有限公司,南平,0,制造业质量/检验（成本管理、抖音）,制造业质量/检验（图文平台、性能检测）
J2720,市场营销主任（南平）,安利（中国）日用品有限公司,南平,0,制造业质量/检验（成本管理、抖音）,制造业质量/检验（图文平台、性能检测）
J2721,采购经理,江西瑞摩特智能科技有限公司,南平,0,制造业质量/检验（成本管理、抖音）,制造业质量/检验（图文平台、性能检测）
J2722,市场经理,南平市乐享信息服务有限公司,南平,0,制造业质量/检验（成本管理、抖音）,制造业质量/检验（图文平台、性能检测）
J2723,客服专员（出口）(J11717),福建圣农集团,南平,0,制造业质量/检验（成本管理、抖音）,制造业质量/检验（图文平台、性能检测）
J2724,集团财务部经理,福建海峡企业管理服务有限公司,南平,0,制造业质量/检验（成本管理、抖音）,制造业质量/检验（图文平台、性能检测）
J2725,成本财务经理,瑞普生物,南平,0,制造业质量/检验（成本管理、抖音）,供应链/物料/采购（物料管理、海外供应链）
J2726,生产工程师,纳达瑞香料香精(浦城)有限公司,南平,0,制造业质量/检验（成本管理、抖音）,制造业质量/检验（图文平台、性能检测）
J2727,作物育种研究员,福建省圆旺元种子集团有限公司,南平,0,制造业质量/检验（成本管理、抖音）,数据/统计分析（数据建模、统计学）
J2728,项目经理,深圳市玉龙环保产业有限公司,南平,6,产品/项目管理（国内市场、需求分析）,—
J2729,新能源汽车质量工程师,南平铝业,南平,3,软件测试（信号测试、安全测试）,—
J2730,财务经理,青岛禾邦农业集团有限公司,南平,0,制造业质量/检验（成本管理、抖音）,制造业质量/检验（图文平台、性能检测）
J2731,上汽大通销售经理（南平区域提供住宿）,福州万龙大通汽车有限公司,南平,0,制造业质量/检验（成本管理、抖音）,制造业质量/检验（图文平台、性能检测）
J2732,工程预算员（兼职）,羿鹏轨道交通开发(上海)有限公司,南平,0,制造业质量/检验（成本管理、抖音）,制造业质量/检验（图文平台、性能检测）
J2733,会计,邵武市锦乾代理记账有限责任公司,南平,0,制造业质量/检验（成本管理、抖音）,供应链/物料/采购（物料管理、海外供应链）
J2734,酒店房务总监,启天建设集团有限公司,南平,0,制造业质量/检验（成本管理、抖音）,制造业质量/检验（图文平台、性能检测）
J2735,采购运营总监,福建省鑫森炭业股份有限公司,南平,0,制造业质量/检验（成本管理、抖音）,制造业质量/检验（图文平台、性能检测）
J2736,总经理助理,江西陆恒食品有限公司,南平,0,制造业质量/检验（成本管理、抖音）,供应链/物料/采购（物料管理、海外供应链）
J2737,【2026】薪酬绩效专员（产线审核）(J11515),福建圣农集团,南平,0,制造业质量/检验（成本管理、抖音）,制造业质量/检验（图文平台、性能检测）
J2738,业务（高级）助理-营销策划（南平）,安利（中国）日用品有限公司,南平,0,制造业质量/检验（成本管理、抖音）,制造业质量/检验（图文平台、性能检测）
J2739,政和宰杀厂 食品九厂仓经理(J11786),福建圣农集团,南平,0,制造业质量/检验（成本管理、抖音）,制造业质量/检验（图文平台、性能检测）
J2740,【2026】供应链管培生(J11158),福建圣农集团,南平,0,制造业质量/检验（成本管理、抖音）,数据/统计分析（数据建模、统计学）
J2741,商业文旅地产招商专员/主管,武夷山宸境文旅发展有限责任公司,南平,0,制造业质量/检验（成本管理、抖音）,供应链/物料/采购（物料管理、海外供应链）
J2742,物流经理(J11781),福建圣农集团,南平,0,制造业质量/检验（成本管理、抖音）,供应链/物料/采购（物料管理、海外供应链）
J2743,人事行政总监,福建永晶科技股份有限公司,南平,0,制造业质量/检验（成本管理、抖音）,制造业质量/检验（图文平台、性能检测）
J2744,民宿经理/酒店经理,华祥苑茶业股份有限公司,南平,0,制造业质量/检验（成本管理、抖音）,制造业质量/检验（图文平台、性能检测）
J2745,浦城七 八厂仓负责人(J11711),福建圣农集团,南平,0,制造业质量/检验（成本管理、抖音）,制造业质量/检验（图文平台、性能检测）
J2746,仓储经理(J11675),福建圣农集团,南平,0,制造业质量/检验（成本管理、抖音）,制造业质量/检验（图文平台、性能检测）
J2747,生产管培生,福建圣农集团,南平,0,制造业质量/检验（成本管理、抖音）,数据/统计分析（数据建模、统计学）
J2748,外仓经理(J11780),福建圣农集团,南平,0,制造业质量/检验（成本管理、抖音）,制造业质量/检验（图文平台、性能检测）
J2749,电池研发工程师,南孚电池,南平,0,制造业质量/检验（成本管理、抖音）,制造业质量/检验（图文平台、性能检测）
J2750,研发工程师,南孚电池,南平,0,制造业质量/检验（成本管理、抖音）,制造业质量/检验（图文平台、性能检测）
J2751,采购策略与制度专家(J11680),福建圣农集团,南平,0,制造业质量/检验（成本管理、抖音）,制造业质量/检验（图文平台、性能检测）
J2752,【五险+单休】生产办公室经理,江西陆恒食品有限公司,南平,0,制造业质量/检验（成本管理、抖音）,制造业质量/检验（图文平台、性能检测）
J2753,设备自动分割线工程师(J11754),福建圣农集团,南平,0,制造业质量/检验（成本管理、抖音）,供应链/物料/采购（物料管理、海外供应链）
J2754,集团财务部经理,福建海峡企业管理服务有限公司,南平,0,制造业质量/检验（成本管理、抖音）,供应链/物料/采购（物料管理、海外供应链）
J2755,工程预算员,武夷山宸境文旅发展有限责任公司,南平,0,制造业质量/检验（成本管理、抖音）,供应链/物料/采购（物料管理、海外供应链）
J2756,肉鸡笼养场长（政和）(J11697),福建圣农集团,南平,0,制造业质量/检验（成本管理、抖音）,制造业质量/检验（图文平台、性能检测）
J2757,白羽肉鸡技术服务(R10694),福建圣农集团,南平,0,制造业质量/检验（成本管理、抖音）,制造业质量/检验（图文平台、性能检测）
J2758,工程预算员,羿鹏轨道交通开发(上海)有限公司,南平,0,制造业质量/检验（成本管理、抖音）,制造业质量/检验（图文平台、性能检测）
J2759,招商专员/主管,羿鹏轨道交通开发(上海)有限公司,南平,0,制造业质量/检验（成本管理、抖音）,供应链/物料/采购（物料管理、海外供应链）
J2760,孵化部长(J11471),福建圣农集团,南平,0,制造业质量/检验（成本管理、抖音）,制造业质量/检验（图文平台、性能检测）
J2761,汽车4s店销售经理&店长（五险一金，南平…,福州万龙大通汽车有限公司,南平,0,制造业质量/检验（成本管理、抖音）,制造业质量/检验（图文平台、性能检测）
J2762,兽医高级经理(J11470),福建圣农集团,南平,0,制造业质量/检验（成本管理、抖音）,制造业质量/检验（图文平台、性能检测）
J2763,食品设备总监(J11317),福建圣农集团,南平,0,制造业质量/检验（成本管理、抖音）,制造业质量/检验（图文平台、性能检测）
J2764,IT助理工程师(J10637),恒安集团,泉州,0,制造业质量/检验（成本管理、抖音）,Java/后端（spring、mybatis）
J2765,后端开发工程师,兴通海运股份有限公司,泉州,4,后端开发（hibernate、linux开发）,—
J2766,研发HRBP,寰球鞋服,泉州,0,制造业质量/检验（成本管理、抖音）,制造业质量/检验（图文平台、性能检测）
J2767,软件开发工程师（数字化项目方向）,惠泉啤酒,泉州,4,后端开发（hibernate、linux开发）,—
J2768,软件工程师（储备干部）,泉州市锐驰智能科技有限公司,泉州,4,后端开发（hibernate、linux开发）,—
J2769,后端开发工程师JAVA,泉州市本去电子商务有限公司,泉州,4,后端开发（hibernate、linux开发）,—
J2770,后端开发工程师,福建引征科技有限公司,泉州,4,后端开发（hibernate、linux开发）,—
J2771,软件工程师,福建省晋江自来水股份有限公司,泉州,4,后端开发（hibernate、linux开发）,—
J2772,java开发工程师,玄创(杭州)机器人有限公司,泉州,4,后端开发（hibernate、linux开发）,—
J2773,高级java工程师,米足(泉州)品牌管理有限公司,泉州,4,后端开发（hibernate、linux开发）,—
J2774,IT主管/信息主管（五险一金-周休1.5天）,福建奇鹭物联网科技股份公司,泉州,0,制造业质量/检验（成本管理、抖音）,Java/后端（spring、mybatis）
J2775,ERP工程师,浔兴股份,泉州,0,制造业质量/检验（成本管理、抖音）,Java/后端（spring、mybatis）
J2776,程序员,华鑫证券有限责任公司泉州宝洲路证券营业部,泉州,0,制造业质量/检验（成本管理、抖音）,硬件/仪器/自动化（组态软件、scratch）
J2777,道路工程资料员,南安市路港新型建材有限公司,泉州,0,制造业质量/检验（成本管理、抖音）,硬件/仪器/自动化（组态软件、scratch）
J2778,IT高级工程师,兴业皮革科技股份有限公司,泉州,0,制造业质量/检验（成本管理、抖音）,制造业质量/检验（图文平台、性能检测）
J2779,鞋底行业ERP开发,盛泰(福建)鞋材有限公司,泉州,0,制造业质量/检验（成本管理、抖音）,Java/后端（spring、mybatis）
J2780,软件工程师,合肥丽准科技有限公司,泉州,4,后端开发（hibernate、linux开发）,—
J2781,嵌入式软件工程师,泉州中国兵器装备集团特种机器人研发中心,泉州,5,嵌入式/硬件（rtos、32位单片机）,—
J2782,高级实时数据开发工程师,信泰（福建）科技有限公司,泉州,4,后端开发（hibernate、linux开发）,—
J2783,项目管理岗,福建海西金融租赁有限责任公司,泉州,6,产品/项目管理（国内市场、需求分析）,—
J2784,软件产品经理,泉州远东泉冠商务有限公司,泉州,6,产品/项目管理（国内市场、需求分析）,—
J2785,IT高级经理(J10607),恒安集团,泉州,0,制造业质量/检验（成本管理、抖音）,制造业质量/检验（图文平台、性能检测）
J2786,C++开发工程师(数据采集处理工程师),福建省嘉泰智能装备有限公司,泉州,4,后端开发（hibernate、linux开发）,—
J2787,C#上位机开发工程师,福建南方路面机械股份有限公司,泉州,4,后端开发（hibernate、linux开发）,—
J2788,物联网工程技术专业教师,泉州职业技术大学,泉州,0,制造业质量/检验（成本管理、抖音）,制造业质量/检验（图文平台、性能检测）
J2789,软件工程师,泉州市锐驰智能科技有限公司,泉州,4,后端开发（hibernate、linux开发）,—
J2790,应届管培生（双休）,福建引征科技有限公司,泉州,0,制造业质量/检验（成本管理、抖音）,硬件/仪器/自动化（组态软件、scratch）
J2791,地理信息系统工程师（GIS）,福建省晋江自来水股份有限公司,泉州,0,制造业质量/检验（成本管理、抖音）,制造业质量/检验（图文平台、性能检测）
J2792,app研发工程师,深圳市沃德芯科技有限公司,泉州,0,制造业质量/检验（成本管理、抖音）,制造业质量/检验（图文平台、性能检测）
J2793,全栈开发工程师,福建省晋华集成电路有限公司,泉州,8,前端开发（web前端、erp项目）,—
J2794,软件测试工程师（银行核心经验）,北京捷科智诚科技有限公司上海分公司,泉州,3,软件测试（信号测试、安全测试）,—
J2795,程序员,福建泉州大江物业管理有限公司,泉州,0,制造业质量/检验（成本管理、抖音）,Java/后端（spring、mybatis）
J2796,自动化工程师,福州九州联创通信科技有限公司,泉州,0,制造业质量/检验（成本管理、抖音）,硬件/仪器/自动化（组态软件、scratch）
J2797,嵌入式蓝牙软件工程师,泉州科缔恒电子科技有限公司,泉州,5,嵌入式/硬件（rtos、32位单片机）,—
J2798,大模型应用工程师,福建奇鹭物联网科技股份公司,泉州,7,算法/人工智能（智能驾驶、传感器融合）,—
J2799,上位机软件工程师,泉州市云箭测控与感知技术创新研究院,泉州,4,后端开发（hibernate、linux开发）,—
J2800,ai应用开发工程师,福建岁金产业发展集团有限公司,泉州,4,后端开发（hibernate、linux开发）,—
J2801,IT工程师,福建华清电子材料科技有限公司,泉州,0,制造业质量/检验（成本管理、抖音）,制造业质量/检验（图文平台、性能检测）
J2802,实时数仓高级工程师,信泰（福建）科技有限公司,泉州,2,数据分析/BI（数仓开发、kettle）,—
J2803,ERP实施实习生（泉州）,用友网络科技股份有限公司厦门分公司,泉州,1,运维/云与网络（分布式电站、空调工程）,—
J2804,金蝶erp实施顾问,福建省宾果云数字科技有限公司,泉州,1,运维/云与网络（分布式电站、空调工程）,—
J2805,IT总监,兴业皮革科技股份有限公司,泉州,0,制造业质量/检验（成本管理、抖音）,制造业质量/检验（图文平台、性能检测）
J2806,供应链系统技术员,石狮市荣誉实业发展有限公司,泉州,0,制造业质量/检验（成本管理、抖音）,制造业质量/检验（图文平台、性能检测）
J2807,IT高级经理(J10607),恒安集团,泉州,0,制造业质量/检验（成本管理、抖音）,制造业质量/检验（图文平台、性能检测）
J2808,嵌入式软件工程师,泉州市琪祥电子科技有限公司,泉州,5,嵌入式/硬件（rtos、32位单片机）,—
J2809,仓储管培生 (MJ001554),福建良瓷科技有限公司,泉州,0,制造业质量/检验（成本管理、抖音）,制造业质量/检验（图文平台、性能检测）
J2810,mes开发工程师,晶安光电,泉州,4,后端开发（hibernate、linux开发）,—
J2811,安卓应用开发工程师,泉州市锐驰智能科技有限公司,泉州,4,后端开发（hibernate、linux开发）,—
J2812,Python开发工程师,深度空间(福建)科技有限公司,泉州,4,后端开发（hibernate、linux开发）,—
J2813,研发工程师,福建迈特富科技发展有限公司,泉州,0,制造业质量/检验（成本管理、抖音）,制造业质量/检验（图文平台、性能检测）
J2814,技术研发部经理,厦门伯智人力资源管理有限公司,泉州,0,制造业质量/检验（成本管理、抖音）,制造业质量/检验（图文平台、性能检测）
J2815,软件工程师,泉州赛威科技有限公司,泉州,4,后端开发（hibernate、linux开发）,—
J2816,软件工程技术专业教师,泉州职业技术大学,泉州,0,制造业质量/检验（成本管理、抖音）,制造业质量/检验（图文平台、性能检测）
J2817,AI 开发工程师,泉州市哆啦树卫生用品有限公司,泉州,7,算法/人工智能（智能驾驶、传感器融合）,—
J2818,IT运维主管（五险一金、周休1.5天）,福建奇鹭物联网科技股份公司,泉州,1,运维/云与网络（分布式电站、空调工程）,—
J2819,软件测试工程师（it培养）,天阳科技,泉州,3,软件测试（信号测试、安全测试）,—
J2820,软件测试工程师,北京捷科智诚科技有限公司上海分公司,泉州,3,软件测试（信号测试、安全测试）,—
J2821,自动化测试工程师,福州九州联创通信科技有限公司,泉州,3,软件测试（信号测试、安全测试）,—
J2822,对讲机软件工程师,泉州科缔恒电子科技有限公司,泉州,4,后端开发（hibernate、linux开发）,—
J2823,技术研发总监,福建慧芯激光科技有限公司,泉州,0,制造业质量/检验（成本管理、抖音）,硬件/仪器/自动化（组态软件、scratch）
J2824,亚马逊产品开发（无经验4k）13薪,泉州市昊宸网络科技有限公司,泉州,6,产品/项目管理（国内市场、需求分析）,—
J2825,嵌入式工程师,泉州天津大学集成电路及人工智能研究院,泉州,5,嵌入式/硬件（rtos、32位单片机）,—
J2826,it技术支持,光安(福建)安全技术服务有限公司,泉州,0,制造业质量/检验（成本管理、抖音）,制造业质量/检验（图文平台、性能检测）
J2827,it技术支持,南安市刺客网络科技有限公司,泉州,0,制造业质量/检验（成本管理、抖音）,制造业质量/检验（图文平台、性能检测）
J2828,软件测试助理工程师,福州高新区才拓科技有限公司,泉州,3,软件测试（信号测试、安全测试）,—
J2829,对日开发初级技术员到项目经理的全职位招聘,株式会社ProfaceSystems,泉州,6,产品/项目管理（国内市场、需求分析）,—
J2830,HRBP,信泰（福建）科技有限公司,泉州,0,制造业质量/检验（成本管理、抖音）,制造业质量/检验（图文平台、性能检测）
J2831,项目经理（泉州）,用友网络科技股份有限公司厦门分公司,泉州,6,产品/项目管理（国内市场、需求分析）,—
J2832,IT实习生,福建省晋华集成电路有限公司,泉州,0,制造业质量/检验（成本管理、抖音）,制造业质量/检验（图文平台、性能检测）
J2833,IT管培生（无经验可培养）,天阳科技,泉州,0,制造业质量/检验（成本管理、抖音）,制造业质量/检验（图文平台、性能检测）
J2834,erp软件销售双休,福建省宾果云数字科技有限公司,泉州,0,制造业质量/检验（成本管理、抖音）,供应链/物料/采购（物料管理、海外供应链）
J2835,跨境电商产品开发专员（应届生）,泉州市昊宸网络科技有限公司,泉州,6,产品/项目管理（国内市场、需求分析）,—
J2836,跨境电商产品开发专员（4k）,泉州市昊宸网络科技有限公司,泉州,6,产品/项目管理（国内市场、需求分析）,—
J2837,电商数据分析师,泉州市携创美酷咨询服务有限责任公司,泉州,2,数据分析/BI（数仓开发、kettle）,—
J2838,数据分析师,泉州市丰泽区携创融亿信息服务部(个体工商户),泉州,2,数据分析/BI（数仓开发、kettle）,—
J2839,具身智能算法工程师,玄创(杭州)机器人有限公司,泉州,7,算法/人工智能（智能驾驶、传感器融合）,—
J2840,人工智能工程技术专任教师,泉州职业技术大学,泉州,7,算法/人工智能（智能驾驶、传感器融合）,—
J2841,人工智能工程师,福建省华创电力技术有限公司,泉州,7,算法/人工智能（智能驾驶、传感器融合）,—
J2842,软件算法工程师,泉州中国兵器装备集团特种机器人研发中心,泉州,7,算法/人工智能（智能驾驶、传感器融合）,—
J2843,数据分析/算法工程师,福建省晋华集成电路有限公司,泉州,7,算法/人工智能（智能驾驶、传感器融合）,—
J2844,数据处理,泉州汇吉兴贸易有限公司,泉州,0,制造业质量/检验（成本管理、抖音）,制造业质量/检验（图文平台、性能检测）
J2845,数据分析师,石狮市携创明德信息咨询服务部(个体工商户),泉州,2,数据分析/BI（数仓开发、kettle）,—
J2846,视频算法工程师,深圳市沃德芯科技有限公司,泉州,7,算法/人工智能（智能驾驶、传感器融合）,—
J2847,数据分析师（pmc方向）,福建省晋江市华宇织造有限公司,泉州,2,数据分析/BI（数仓开发、kettle）,—
J2848,数据工程师,福州众致力信息科技有限公司,泉州,2,数据分析/BI（数仓开发、kettle）,—
J2849,FDE/前沿部署工程师 / 大模型解决方案工程师,企福云寰球(福建)智慧科技有限公司,泉州,7,算法/人工智能（智能驾驶、传感器融合）,—
J2850,机器视觉算法工程师,福建南方路面机械股份有限公司,泉州,7,算法/人工智能（智能驾驶、传感器融合）,—
J2851,Jmp分析专员,信泰（福建）科技有限公司,泉州,0,制造业质量/检验（成本管理、抖音）,数据/统计分析（数据建模、统计学）
J2852,数据治理工程师,泉州海洋职业学院,泉州,0,制造业质量/检验（成本管理、抖音）,制造业质量/检验（图文平台、性能检测）
J2853,人工智能数据训练师2027届实习生（在福建福州上班）,福州云之景科技有限公司,泉州,7,算法/人工智能（智能驾驶、传感器融合）,—
J2854,导航高级工程师,泉州通维科技有限责任公司,泉州,0,制造业质量/检验（成本管理、抖音）,硬件/仪器/自动化（组态软件、scratch）
J2855,自动化测试工程师（工业控制/非标设备方向）,泉州云箭测控信息科技有限公司,泉州,3,软件测试（信号测试、安全测试）,—
J2856,视觉算法工程师,玄创(杭州)机器人有限公司,泉州,7,算法/人工智能（智能驾驶、传感器融合）,—
J2857,数据分析/算法工程师,福建省晋华集成电路有限公司,泉州,7,算法/人工智能（智能驾驶、传感器融合）,—
J2858,对讲机软件工程师,泉州科缔恒电子科技有限公司,泉州,4,后端开发（hibernate、linux开发）,—
J2859,半导体设备工艺工程师,镓创未来半导体科技(晋江)有限公司,泉州,0,制造业质量/检验（成本管理、抖音）,硬件/仪器/自动化（组态软件、scratch）
J2860,测试工程师,福建慧芯激光科技有限公司,泉州,3,软件测试（信号测试、安全测试）,—
J2861,机器视觉算法工程师,九牧厨卫股份有限公司,泉州,7,算法/人工智能（智能驾驶、传感器融合）,—
J2862,系统工艺工程师（泉州基地）,泉州时代新能源科技有限公司,泉州,0,制造业质量/检验（成本管理、抖音）,硬件/仪器/自动化（组态软件、scratch）
J2863,slam算法工程师,玄创(杭州)机器人有限公司,泉州,7,算法/人工智能（智能驾驶、传感器融合）,—
J2864,AI技术平台协同工程师（智能体开发方向）,泉州海洋职业学院,泉州,0,制造业质量/检验（成本管理、抖音）,制造业质量/检验（图文平台、性能检测）
J2865,AI技术平台协同工程师（智能体开发方向）,山东创合信息化教学设备有限公司,泉州,0,制造业质量/检验（成本管理、抖音）,制造业质量/检验（图文平台、性能检测）
J2866,计算机应用工程专业教师,泉州职业技术大学,泉州,0,制造业质量/检验（成本管理、抖音）,制造业质量/检验（图文平台、性能检测）
J2867,机器视觉工程师,福建(泉州)先进制造技术研究院,泉州,7,算法/人工智能（智能驾驶、传感器融合）,—
J2868,NS管培生（武将专项 ） 泉州,中国平安人寿保险股份有限公司泉州中心支公司,泉州,0,制造业质量/检验（成本管理、抖音）,制造业质量/检验（图文平台、性能检测）
J2869,上位机软件工程师,泉州市云箭测控与感知技术创新研究院,泉州,4,后端开发（hibernate、linux开发）,—
J2870,安卓应用开发工程师,泉州市锐驰智能科技有限公司,泉州,4,后端开发（hibernate、linux开发）,—
J2871,智慧驾驶数据实习生2027届（在福州上班）,福州云之景科技有限公司,泉州,0,制造业质量/检验（成本管理、抖音）,制造业质量/检验（图文平台、性能检测）
J2872,现货交易员,晋江市池店镇六二轩食品商行(个体工商户),泉州,0,制造业质量/检验（成本管理、抖音）,供应链/物料/采购（物料管理、海外供应链）
J2873,主办会计,火炬电子,泉州,0,制造业质量/检验（成本管理、抖音）,硬件/仪器/自动化（组态软件、scratch）
J2874,高薪急招电商储备人才（二本，985 211高薪）,泉州市众次方电子商务有限公司,泉州,0,制造业质量/检验（成本管理、抖音）,制造业质量/检验（图文平台、性能检测）
J2875,机器视觉测试工程师,泉州天津大学集成电路及人工智能研究院,泉州,3,软件测试（信号测试、安全测试）,—
J2876,DRAM电路验证工程师,福建省晋华集成电路有限公司,泉州,0,制造业质量/检验（成本管理、抖音）,硬件/仪器/自动化（组态软件、scratch）
J2877,软件测试工程师,泉州市锐驰智能科技有限公司,泉州,3,软件测试（信号测试、安全测试）,—
J2878,AI技术平台协同工程师（大模型运维方向）,山东创合信息化教学设备有限公司,泉州,1,运维/云与网络（分布式电站、空调工程）,—
J2879,AI技术平台协同工程师（大模型运维方向）,泉州海洋职业学院,泉州,1,运维/云与网络（分布式电站、空调工程）,—
J2880,首席工程师,山东创合信息化教学设备有限公司,泉州,0,制造业质量/检验（成本管理、抖音）,制造业质量/检验（图文平台、性能检测）
J2881,模型研究中级工程师-双休+13薪,信泰（福建）科技有限公司,泉州,0,制造业质量/检验（成本管理、抖音）,制造业质量/检验（图文平台、性能检测）
J2882,NS管培生（武将专项）,中国平安人寿保险股份有限公司泉州中心支公司,泉州,0,制造业质量/检验（成本管理、抖音）,制造业质量/检验（图文平台、性能检测）
J2883,主办会计,火炬电子,泉州,0,制造业质量/检验（成本管理、抖音）,硬件/仪器/自动化（组态软件、scratch）
J2884,前端接待,跨理优联(福建)质量技术有限公司,泉州,8,前端开发（web前端、erp项目）,—
J2885,app研发工程师,深圳市沃德芯科技有限公司,泉州,0,制造业质量/检验（成本管理、抖音）,制造业质量/检验（图文平台、性能检测）
J2886,嵌入式软件工程师,泉州市朗旭电子科技有限公司,泉州,5,嵌入式/硬件（rtos、32位单片机）,—
J2887,后端开发工程师,兴通海运股份有限公司,泉州,4,后端开发（hibernate、linux开发）,—
J2888,售前技术支持,福建南方路面机械股份有限公司,泉州,0,制造业质量/检验（成本管理、抖音）,制造业质量/检验（图文平台、性能检测）
J2889,打印机维修工程师,泉州市蜂擎电子商务有限公司,泉州,0,制造业质量/检验（成本管理、抖音）,制造业质量/检验（图文平台、性能检测）
J2890,律所销售专员,福建万畅律师事务所,泉州,0,制造业质量/检验（成本管理、抖音）,制造业质量/检验（图文平台、性能检测）
J2891,卫浴工厂店店员,福建亚陶汇科技股份有限公司,泉州,0,制造业质量/检验（成本管理、抖音）,制造业质量/检验（图文平台、性能检测）
J2892,品质工程师/品质主管/PQM,福建钰乘集团有限公司,泉州,3,软件测试（信号测试、安全测试）,—
J2893,电子软件工程师,九牧厨卫股份有限公司,泉州,4,后端开发（hibernate、linux开发）,—
J2894,事业合伙人,泉州市两只蚂蚁信息咨询有限公司,泉州,0,制造业质量/检验（成本管理、抖音）,制造业质量/检验（图文平台、性能检测）
J2895,数模混合IC设计工程师,福建省晋华集成电路有限公司,泉州,5,嵌入式/硬件（rtos、32位单片机）,—
J2896,配载调度跟单员,跨越速运,泉州,0,制造业质量/检验（成本管理、抖音）,供应链/物料/采购（物料管理、海外供应链）
J2897,技术支持工程师,福建泉工股份有限公司,泉州,0,制造业质量/检验（成本管理、抖音）,制造业质量/检验（图文平台、性能检测）
J2898,智能网联汽车工程技术专业教师,泉州职业技术大学,泉州,0,制造业质量/检验（成本管理、抖音）,制造业质量/检验（图文平台、性能检测）
J2899,印前资深经理,福建南王新材料科技有限公司,泉州,0,制造业质量/检验（成本管理、抖音）,制造业质量/检验（图文平台、性能检测）
J2900,业务主管（双休+五险）,泉州市金普盾财务咨询有限公司,泉州,0,制造业质量/检验（成本管理、抖音）,制造业质量/检验（图文平台、性能检测）
J2901,销售管理专员,福建南方路面机械股份有限公司,泉州,0,制造业质量/检验（成本管理、抖音）,制造业质量/检验（图文平台、性能检测）
J2902,Tiktok运营,泉州市石狮菲亚环球文化传播有限公司,泉州,0,制造业质量/检验（成本管理、抖音）,制造业质量/检验（图文平台、性能检测）
J2903,版图设计工程师,福建省晋华集成电路有限公司,泉州,0,制造业质量/检验（成本管理、抖音）,制造业质量/检验（图文平台、性能检测）
J2904,外延研发高级工程师,厦门三安光电有限公司,泉州,0,制造业质量/检验（成本管理、抖音）,制造业质量/检验（图文平台、性能检测）
J2905,技术支持工程师,南昌市双塔汽车零件有限公司,泉州,0,制造业质量/检验（成本管理、抖音）,制造业质量/检验（图文平台、性能检测）
J2906,区域软件销售,南京普讯管理软件有限公司,泉州,0,制造业质量/检验（成本管理、抖音）,制造业质量/检验（图文平台、性能检测）
J2907,ALD前驱体研发工程师,福建纯铭新材料科技有限公司,泉州,0,制造业质量/检验（成本管理、抖音）,制造业质量/检验（图文平台、性能检测）
J2908,版图高级主任工程师,福建省晋华集成电路有限公司,泉州,0,制造业质量/检验（成本管理、抖音）,制造业质量/检验（图文平台、性能检测）
J2909,高级java工程师,米足(泉州)品牌管理有限公司,泉州,4,后端开发（hibernate、linux开发）,—
J2910,ai应用开发工程师,福建岁金产业发展集团有限公司,泉州,4,后端开发（hibernate、linux开发）,—
J2911,售后服务工程师-管培生（2027届）,福建南方路面机械股份有限公司,泉州,0,制造业质量/检验（成本管理、抖音）,制造业质量/检验（图文平台、性能检测）
J2912,售后技术支持,泉州趣集喵科技有限公司,泉州,0,制造业质量/检验（成本管理、抖音）,制造业质量/检验（图文平台、性能检测）
J2913,售后工程师,火炬电子,泉州,0,制造业质量/检验（成本管理、抖音）,制造业质量/检验（图文平台、性能检测）
J2914,ai软件销售,宁波立明科技信息有限公司,泉州,0,制造业质量/检验（成本管理、抖音）,制造业质量/检验（图文平台、性能检测）
J2915,测试,河北艾钉科技有限公司,泉州,3,软件测试（信号测试、安全测试）,—
J2916,品控专员,信泰（福建）科技有限公司,泉州,0,制造业质量/检验（成本管理、抖音）,质量检验（qa、qc）
J2917,质检工程师,泉州中国兵器装备集团特种机器人研发中心,泉州,0,制造业质量/检验（成本管理、抖音）,制造业质量/检验（图文平台、性能检测）
J2918,品管工程师,泉州三安半导体科技有限公司,泉州,0,制造业质量/检验（成本管理、抖音）,制造业质量/检验（图文平台、性能检测）
J2919,质量储干,浔兴股份,泉州,0,制造业质量/检验（成本管理、抖音）,制造业质量/检验（图文平台、性能检测）
J2920,质量检验员,泉州市云箭测控与感知技术创新研究院,泉州,0,制造业质量/检验（成本管理、抖音）,制造业质量/检验（图文平台、性能检测）
J2921,质量管理/测试工程师,渠梁电子有限公司,泉州,3,软件测试（信号测试、安全测试）,—
J2922,品质工程师,中科华清(泉州)精细陶瓷研究院有限公司,泉州,3,软件测试（信号测试、安全测试）,—
J2923,客户质量工程师,福建省晋华集成电路有限公司,泉州,3,软件测试（信号测试、安全测试）,—
J2924,质量管理主管,圣元环保股份有限公司,泉州,0,制造业质量/检验（成本管理、抖音）,供应链/物料/采购（物料管理、海外供应链）
J2925,质量管理/品管经理,固美金属股份有限公司,泉州,0,制造业质量/检验（成本管理、抖音）,制造业质量/检验（图文平台、性能检测）
J2926,品质储干,九牧厨卫股份有限公司,泉州,3,软件测试（信号测试、安全测试）,—
J2927,硬件测试工程师,福州九州联创通信科技有限公司,泉州,3,软件测试（信号测试、安全测试）,—
J2928,质量经理,蜡笔小新(福建)食品工业有限公司,泉州,0,制造业质量/检验（成本管理、抖音）,制造业质量/检验（图文平台、性能检测）
J2929,品质经理,福建南王新材料科技有限公司,泉州,3,软件测试（信号测试、安全测试）,—
J2930,质量管理工程师,福建南方路面机械股份有限公司,泉州,0,制造业质量/检验（成本管理、抖音）,制造业质量/检验（图文平台、性能检测）
J2931,品质专员,裕忠(福建)新材料科技有限公司,泉州,3,软件测试（信号测试、安全测试）,—
J2932,质量经理,信和新材料,泉州,0,制造业质量/检验（成本管理、抖音）,质量检验（qa、qc）
J2933,测试工程师-泉州银行,鑫锡软件(朝阳)有限公司,泉州,3,软件测试（信号测试、安全测试）,—
J2934,IQC工程师,泉州时代新能源科技有限公司,泉州,0,制造业质量/检验（成本管理、抖音）,质量检验（qa、qc）
J2935,质量工程师,厦门长塑实业有限公司,泉州,3,软件测试（信号测试、安全测试）,—
J2936,质量部经理,福建北峰通信科技股份有限公司,泉州,0,制造业质量/检验（成本管理、抖音）,质量检验（qa、qc）
J2937,测试工程师,泉州赛威科技有限公司,泉州,3,软件测试（信号测试、安全测试）,—
J2938,品管工程师,泉州三安半导体科技有限公司,泉州,0,制造业质量/检验（成本管理、抖音）,制造业质量/检验（图文平台、性能检测）
J2939,质量工程师,福建省昌德胶业科技有限公司,泉州,3,软件测试（信号测试、安全测试）,—
J2940,测试工程师,军鹏特种装备股份公司,泉州,3,软件测试（信号测试、安全测试）,—
J2941,品保专员/主管,盼盼食品集团,泉州,0,制造业质量/检验（成本管理、抖音）,质量检验（qa、qc）
J2942,客诉专员,福建粒量科技有限公司,泉州,0,制造业质量/检验（成本管理、抖音）,质量检验（qa、qc）
J2943,品检,泉州市星捷智能机械有限公司,泉州,0,制造业质量/检验（成本管理、抖音）,质量检验（qa、qc）
J2944,QE质量工程师,固美金属股份有限公司,泉州,3,软件测试（信号测试、安全测试）,—
J2945,质量工程师,福建省晋华集成电路有限公司,泉州,3,软件测试（信号测试、安全测试）,—
J2946,质量百川生 (MJ003712),九牧厨卫股份有限公司,泉州,0,制造业质量/检验（成本管理、抖音）,制造业质量/检验（图文平台、性能检测）
J2947,质量工程师,博纯材料股份有限公司,泉州,3,软件测试（信号测试、安全测试）,—
J2948,质量工程师,福建精工半导体有限公司,泉州,3,软件测试（信号测试、安全测试）,—
J2949,食品品控经理,福建超佰味食品发展有限公司,泉州,0,制造业质量/检验（成本管理、抖音）,质量检验（qa、qc）
J2950,品质管理,厦门海佳科技有限公司,泉州,3,软件测试（信号测试、安全测试）,—
J2951,质量主管,赫步智能科技(福建)有限公司,泉州,0,制造业质量/检验（成本管理、抖音）,质量检验（qa、qc）
J2952,品质改善工程师,舒华体育股份有限公司,泉州,3,软件测试（信号测试、安全测试）,—
J2953,质量工程师,福建琦峰科技有限公司,泉州,3,软件测试（信号测试、安全测试）,—
J2954,品质主管,通达创智(厦门)股份有限公司,泉州,3,软件测试（信号测试、安全测试）,—
J2955,DQE工程师,渠梁电子有限公司,泉州,0,制造业质量/检验（成本管理、抖音）,制造业质量/检验（图文平台、性能检测）
J2956,DQE,通达(石狮)科技有限公司,泉州,0,制造业质量/检验（成本管理、抖音）,制造业质量/检验（图文平台、性能检测）
J2957,客诉工程师/品质工程师,泉州三安半导体科技有限公司,泉州,3,软件测试（信号测试、安全测试）,—
J2958,质量经理,蜡笔小新(福建)食品工业有限公司,泉州,0,制造业质量/检验（成本管理、抖音）,质量检验（qa、qc）
J2959,品控员,厦兴科技(浙江)有限公司,泉州,0,制造业质量/检验（成本管理、抖音）,质量检验（qa、qc）
J2960,现场品控,德康集团,泉州,0,制造业质量/检验（成本管理、抖音）,质量检验（qa、qc）
J2961,质量改善经理（总部）,福建亲亲股份有限公司,泉州,0,制造业质量/检验（成本管理、抖音）,制造业质量/检验（图文平台、性能检测）
J2962,现场品控（QC）,福建省渔家翁食品有限公司,泉州,0,制造业质量/检验（成本管理、抖音）,质量检验（qa、qc）
J2963,质量总监,福建华南重工机械制造有限公司,泉州,0,制造业质量/检验（成本管理、抖音）,质量检验（qa、qc）
J2964,质量经理,福建省伟志兴体育用品有限公司,泉州,0,制造业质量/检验（成本管理、抖音）,质量检验（qa、qc）
J2965,品质储干,九牧厨卫股份有限公司,泉州,3,软件测试（信号测试、安全测试）,—
J2966,QC主管（泉州基地）,泉州时代新能源科技有限公司,泉州,0,制造业质量/检验（成本管理、抖音）,质量检验（qa、qc）
J2967,质量主管,厦门长塑实业有限公司,泉州,0,制造业质量/检验（成本管理、抖音）,质量检验（qa、qc）
J2968,品质主管,泉州市华德机电设备有限公司,泉州,3,软件测试（信号测试、安全测试）,—
J2969,QE质量工程师,福建华清电子材料科技有限公司,泉州,3,软件测试（信号测试、安全测试）,—
J2970,品检组长,福建省兴诚达新材料有限公司,泉州,0,制造业质量/检验（成本管理、抖音）,制造业质量/检验（图文平台、性能检测）
J2971,质量经理,福建纯铭新材料科技有限公司,泉州,0,制造业质量/检验（成本管理、抖音）,质量检验（qa、qc）
J2972,设备质量工程师-XM,厦门时代新能动力科技有限公司,泉州,3,软件测试（信号测试、安全测试）,—
J2973,质量工程师,福建省昌德胶业科技有限公司,泉州,3,软件测试（信号测试、安全测试）,—
J2974,品质经理,福建慧芯激光科技有限公司,泉州,3,软件测试（信号测试、安全测试）,—
J2975,鞋底品质管理员,盛泰(福建)鞋材有限公司,泉州,3,软件测试（信号测试、安全测试）,—
J2976,品质总监,冠达星股份有限公司,泉州,3,软件测试（信号测试、安全测试）,—
J2977,质量体系文控,泉州恩力成汽车零部件有限公司,泉州,0,制造业质量/检验（成本管理、抖音）,供应链/物料/采购（物料管理、海外供应链）
J2978,品质制程课长--健身器材,舒华体育股份有限公司,泉州,3,软件测试（信号测试、安全测试）,—
J2979,品管员,福建省睿步智能装备有限公司,泉州,0,制造业质量/检验（成本管理、抖音）,质量检验（qa、qc）
J2980,pqe制程质量工程师,信泰（福建）科技有限公司,泉州,3,软件测试（信号测试、安全测试）,—
J2981,品质工程师,泉州恒泰晟智能科技有限公司,泉州,3,软件测试（信号测试、安全测试）,—
J2982,质量工程师,安溪县尚品千艺模型有限公司,泉州,3,软件测试（信号测试、安全测试）,—
J2983,品质经理,泉州同欣源新材料科技有限公司,泉州,3,软件测试（信号测试、安全测试）,—
J2984,量测设备工程师,福建省晋华集成电路有限公司,泉州,0,制造业质量/检验（成本管理、抖音）,制造业质量/检验（图文平台、性能检测）
J2985,CQE(客诉)工程师,九牧厨卫股份有限公司,泉州,0,制造业质量/检验（成本管理、抖音）,制造业质量/检验（图文平台、性能检测）
J2986,质量部经理,福建北峰通信科技股份有限公司,泉州,0,制造业质量/检验（成本管理、抖音）,制造业质量/检验（图文平台、性能检测）
J2987,PQE质量工程师（泉州基地）,泉州时代新能源科技有限公司,泉州,3,软件测试（信号测试、安全测试）,—
J2988,品质经理（电子通讯汽车电子制造行业）,泉州赛威科技有限公司,泉州,3,软件测试（信号测试、安全测试）,—
J2989,集团质量总监/总经理,蜡笔小新(福建)食品工业有限公司,泉州,0,制造业质量/检验（成本管理、抖音）,制造业质量/检验（图文平台、性能检测）
J2990,智能马桶品质总监,福建亚陶汇科技股份有限公司,泉州,3,软件测试（信号测试、安全测试）,—
J2991,品控经理,福建省力诚食品有限公司,泉州,0,制造业质量/检验（成本管理、抖音）,制造业质量/检验（图文平台、性能检测）
J2992,钮扣品质经理,浔兴股份,泉州,3,软件测试（信号测试、安全测试）,—
J2993,食品品控经理,福建省渔家翁食品有限公司,泉州,0,制造业质量/检验（成本管理、抖音）,质量检验（qa、qc）
J2994,质检员,北京中村宇极科技有限公司,泉州,0,制造业质量/检验（成本管理、抖音）,制造业质量/检验（图文平台、性能检测）
J2995,NDT技术员/助理工程师,胜科纳米科技(北京)有限公司,泉州,0,制造业质量/检验（成本管理、抖音）,制造业质量/检验（图文平台、性能检测）
J2996,玩具物理检测工程师,广东省中鼎检测技术有限公司,泉州,0,制造业质量/检验（成本管理、抖音）,制造业质量/检验（图文平台、性能检测）
J2997,检验员,嘉泰数控科技股份公司,泉州,0,制造业质量/检验（成本管理、抖音）,制造业质量/检验（图文平台、性能检测）
J2998,OQC检验员,泉州市琪祥电子科技有限公司,泉州,0,制造业质量/检验（成本管理、抖音）,制造业质量/检验（图文平台、性能检测）
J2999,半导体陶瓷部件研发工程师（ESC及CH方向）,福建华清电子材料科技有限公司,泉州,0,制造业质量/检验（成本管理、抖音）,制造业质量/检验（图文平台、性能检测）
J3000,电子工程师,泉州恒泰晟智能科技有限公司,泉州,0,制造业质量/检验（成本管理、抖音）,制造业质量/检验（图文平台、性能检测）
J3001,实验室初级技术员,福建朗为检测技术服务有限公司,泉州,0,制造业质量/检验（成本管理、抖音）,制造业质量/检验（图文平台、性能检测）
J3002,EFA电性分析技术员/助理工程师/高级工程师,胜科纳米(福建)有限公司,泉州,0,制造业质量/检验（成本管理、抖音）,制造业质量/检验（图文平台、性能检测）
J3003,电子工程师,厦门海佳科技有限公司,泉州,0,制造业质量/检验（成本管理、抖音）,制造业质量/检验（图文平台、性能检测）
J3004,实验室检测员,中关村硬创空间集团有限公司,泉州,0,制造业质量/检验（成本管理、抖音）,制造业质量/检验（图文平台、性能检测）
J3005,机械助理工程师,晋江积力机械有限公司,泉州,0,制造业质量/检验（成本管理、抖音）,电子/半导体/设备（测试、自动化设计）
J3006,资深可靠性工程师,福建慧芯激光科技有限公司,泉州,0,制造业质量/检验（成本管理、抖音）,制造业质量/检验（图文平台、性能检测）
J3007,电气工程师,福建省麦雅数控科技有限公司,泉州,0,制造业质量/检验（成本管理、抖音）,电子/半导体/设备（测试、自动化设计）
J3008,自动化项目负责人,福建孚诺泰环保设备有限公司,泉州,0,制造业质量/检验（成本管理、抖音）,电子/半导体/设备（测试、自动化设计）
J3009,机械高级工程师,泉州通维科技有限责任公司,泉州,0,制造业质量/检验（成本管理、抖音）,电子/半导体/设备（测试、自动化设计）
J3010,ipqc检验员,沂普光电(庐江)有限公司,泉州,0,制造业质量/检验（成本管理、抖音）,制造业质量/检验（图文平台、性能检测）
J3011,电气工程师,圣元环保股份有限公司,泉州,0,制造业质量/检验（成本管理、抖音）,电子/半导体/设备（测试、自动化设计）
J3012,数智化工程师（电气方向）,浔兴股份,泉州,0,制造业质量/检验（成本管理、抖音）,电子/半导体/设备（测试、自动化设计）
J3013,机械工程师,福建省基恩士机械科技有限公司,泉州,0,制造业质量/检验（成本管理、抖音）,电子/半导体/设备（测试、自动化设计）
J3014,机械设计师,力达(中国)机电有限公司,泉州,0,制造业质量/检验（成本管理、抖音）,电子/半导体/设备（测试、自动化设计）
J3015,质量工程师,火炬电子,泉州,3,软件测试（信号测试、安全测试）,—
J3016,品保部经理 (MJ004091),特步（中国）有限公司,泉州,0,制造业质量/检验（成本管理、抖音）,质量检验（qa、qc）
J3017,SQE质量工程师,九牧厨卫股份有限公司,泉州,3,软件测试（信号测试、安全测试）,—
J3018,质量百川生 (MJ003763),九牧厨卫股份有限公司,泉州,0,制造业质量/检验（成本管理、抖音）,制造业质量/检验（图文平台、性能检测）
J3019,测试工程师（可靠性测试）,泉州赛威科技有限公司,泉州,3,软件测试（信号测试、安全测试）,—
J3020,CQE(客户质量代表),通达创智(厦门)股份有限公司,泉州,0,制造业质量/检验（成本管理、抖音）,制造业质量/检验（图文平台、性能检测）
J3021,品质主管,舒华体育股份有限公司,泉州,3,软件测试（信号测试、安全测试）,—
J3022,新品研发质量百川生 (MJ003711),九牧厨卫股份有限公司,泉州,0,制造业质量/检验（成本管理、抖音）,制造业质量/检验（图文平台、性能检测）
J3023,测试经理,福建慧芯激光科技有限公司,泉州,3,软件测试（信号测试、安全测试）,—
J3024,资深DQE,通达(石狮)科技有限公司,泉州,0,制造业质量/检验（成本管理、抖音）,制造业质量/检验（图文平台、性能检测）
J3025,质量主管,福建琦峰科技有限公司,泉州,0,制造业质量/检验（成本管理、抖音）,制造业质量/检验（图文平台、性能检测）
J3026,DQE初级工程师,九牧厨卫股份有限公司,泉州,0,制造业质量/检验（成本管理、抖音）,制造业质量/检验（图文平台、性能检测）
J3027,MQE资深工程师,渠梁电子有限公司,泉州,0,制造业质量/检验（成本管理、抖音）,制造业质量/检验（图文平台、性能检测）
J3028,qe品质工程师,通达创智(厦门)股份有限公司,泉州,3,软件测试（信号测试、安全测试）,—
J3029,现场品控主管,厦兴科技(浙江)有限公司,泉州,0,制造业质量/检验（成本管理、抖音）,制造业质量/检验（图文平台、性能检测）
J3030,质量经理,福建省伟志兴体育用品有限公司,泉州,0,制造业质量/检验（成本管理、抖音）,质量检验（qa、qc）
J3031,质检班长/质检员,福建琦峰科技有限公司,泉州,0,制造业质量/检验（成本管理、抖音）,质量检验（qa、qc）
J3032,品控主任,福建亲亲股份有限公司,泉州,0,制造业质量/检验（成本管理、抖音）,制造业质量/检验（图文平台、性能检测）
J3033,qe质量工程师,九牧厨卫股份有限公司,泉州,3,软件测试（信号测试、安全测试）,—
J3034,pqe质量工程师,九牧厨卫股份有限公司,泉州,3,软件测试（信号测试、安全测试）,—
J3035,PQE质量主管,泉州时代新能源科技有限公司,泉州,0,制造业质量/检验（成本管理、抖音）,制造业质量/检验（图文平台、性能检测）
J3036,cqe客诉工程师,信泰（福建）科技有限公司,泉州,0,制造业质量/检验（成本管理、抖音）,制造业质量/检验（图文平台、性能检测）
J3037,DQE工程师,安溪县尚品千艺模型有限公司,泉州,0,制造业质量/检验（成本管理、抖音）,供应链/物料/采购（物料管理、海外供应链）
J3038,品质总监,冠达星股份有限公司,泉州,3,软件测试（信号测试、安全测试）,—
J3039,DQE,安溪县尚品千艺模型有限公司,泉州,0,制造业质量/检验（成本管理、抖音）,供应链/物料/采购（物料管理、海外供应链）
J3040,量测设备工程师,福建省晋华集成电路有限公司,泉州,0,制造业质量/检验（成本管理、抖音）,制造业质量/检验（图文平台、性能检测）
J3041,食品QC经理,福建省力诚食品有限公司,泉州,0,制造业质量/检验（成本管理、抖音）,质量检验（qa、qc）
J3042,高级PQC主管,泉州时代新能源科技有限公司,泉州,0,制造业质量/检验（成本管理、抖音）,制造业质量/检验（图文平台、性能检测）
J3043,自动化工程师,福州九州联创通信科技有限公司,泉州,0,制造业质量/检验（成本管理、抖音）,硬件/仪器/自动化（组态软件、scratch）
J3044,软件测试工程师,北京捷科智诚科技有限公司上海分公司,泉州,3,软件测试（信号测试、安全测试）,—
J3045,品保技术员,嘉泰数控科技股份公司,泉州,0,制造业质量/检验（成本管理、抖音）,制造业质量/检验（图文平台、性能检测）
J3046,物理检测工程师,广东省中鼎检测技术有限公司,泉州,0,制造业质量/检验（成本管理、抖音）,制造业质量/检验（图文平台、性能检测）
J3047,质检专员,福建省麦雅数控科技有限公司,泉州,0,制造业质量/检验（成本管理、抖音）,制造业质量/检验（图文平台、性能检测）
J3048,失效分析工程师,火炬电子,泉州,0,制造业质量/检验（成本管理、抖音）,制造业质量/检验（图文平台、性能检测）
J3049,运维工程师（空气站设备运维方向）,安徽蓝盾光电子股份有限公司,泉州,1,运维/云与网络（分布式电站、空调工程）,—
J3050,运维工程师,北京首创生态环保集团股份有限公司,泉州,1,运维/云与网络（分布式电站、空调工程）,—
J3051,信息运维专员,德康集团,泉州,1,运维/云与网络（分布式电站、空调工程）,—
J3052,变电站运维工程师,福建罗德数字科技有限公司,泉州,1,运维/云与网络（分布式电站、空调工程）,—
J3053,计算机网络管理员/办公行政,福建泉建研工程研究院有限公司,泉州,0,制造业质量/检验（成本管理、抖音）,供应链/物料/采购（物料管理、海外供应链）
J3054,发电运行巡检员,福建省晋江人力资本有限公司,泉州,0,制造业质量/检验（成本管理、抖音）,制造业质量/检验（图文平台、性能检测）
J3055,运维工程师(J11216),南威软件股份有限公司,泉州,1,运维/云与网络（分布式电站、空调工程）,—
J3056,现场运维工程师,福建(泉州)先进制造技术研究院,泉州,1,运维/云与网络（分布式电站、空调工程）,—
J3057,泉州蔚来换电站运维8-9K五险一金,浙江杰博人力资源股份有限公司,泉州,1,运维/云与网络（分布式电站、空调工程）,—
J3058,电脑技术员,福建一宁信息科技有限公司,泉州,0,制造业质量/检验（成本管理、抖音）,制造业质量/检验（图文平台、性能检测）
J3059,项目管理员,泉州通维科技有限责任公司,泉州,6,产品/项目管理（国内市场、需求分析）,—
J3060,运维工程师（泉州）,江西首科生态环境有限公司,泉州,1,运维/云与网络（分布式电站、空调工程）,—
J3061,污染源运维工程师,华测检测认证集团股份有限公司,泉州,1,运维/云与网络（分布式电站、空调工程）,—
J3062,打印机维修员,泉州市蜂擎电子商务有限公司,泉州,0,制造业质量/检验（成本管理、抖音）,制造业质量/检验（图文平台、性能检测）
J3063,系统管理员,福建省华创电力技术有限公司,泉州,1,运维/云与网络（分布式电站、空调工程）,—
J3064,外场运维工程师,中动智联(重庆)科技有限公司,泉州,1,运维/云与网络（分布式电站、空调工程）,—
J3065,现场运维人员,天津中福环保科技股份有限公司,泉州,1,运维/云与网络（分布式电站、空调工程）,—
J3066,招聘仪表工,中化泉州石化有限公司,泉州,0,制造业质量/检验（成本管理、抖音）,制造业质量/检验（图文平台、性能检测）
J3067,网络工程师（驻点泉州办事处）,福建浩瑞通信工程有限公司,泉州,1,运维/云与网络（分布式电站、空调工程）,—
J3068,桌面运维工程师,北京尚博信科技有限公司,泉州,1,运维/云与网络（分布式电站、空调工程）,—
J3069,电商平台技术支持专员,泉州锐饶德生物科技有限公司,泉州,0,制造业质量/检验（成本管理、抖音）,制造业质量/检验（图文平台、性能检测）
J3070,会议支持-桌面运维,苏州英格玛服务外包股份有限公司,泉州,1,运维/云与网络（分布式电站、空调工程）,—
J3071,光伏运维主管,福建能科新能源有限责任公司,泉州,1,运维/云与网络（分布式电站、空调工程）,—
J3072,制冷运维师,福建富邦食品有限公司,泉州,1,运维/云与网络（分布式电站、空调工程）,—
J3073,招聘电工-月入9000（五险一金）,浙江杰博人力资源股份有限公司,泉州,0,制造业质量/检验（成本管理、抖音）,制造业质量/检验（图文平台、性能检测）
J3074,网络管理员,泉州李陌茶业有限公司,泉州,0,制造业质量/检验（成本管理、抖音）,制造业质量/检验（图文平台、性能检测）
J3075,中国电信智慧家庭工程师,惠安县东桥碧霞电信客户服务部,泉州,0,制造业质量/检验（成本管理、抖音）,制造业质量/检验（图文平台、性能检测）
J3076,IT网络工程师,泉州时代新能源科技有限公司,泉州,1,运维/云与网络（分布式电站、空调工程）,—
J3077,行政网管,泉州太禾服饰有限公司,泉州,0,制造业质量/检验（成本管理、抖音）,制造业质量/检验（图文平台、性能检测）
J3078,agv实施工程师,泉州丞睿智能科技有限公司,泉州,1,运维/云与网络（分布式电站、空调工程）,—
J3079,电力工程师（泛能建设交付）,福建新奥能源发展有限公司,泉州,0,制造业质量/检验（成本管理、抖音）,制造业质量/检验（图文平台、性能检测）
J3080,生产运维操作工（晋江项目）,天津中福环保科技股份有限公司,泉州,1,运维/云与网络（分布式电站、空调工程）,—
J3081,招电工 五险一金,万宝盛华企业管理咨询（上海）有限公司,泉州,0,制造业质量/检验（成本管理、抖音）,制造业质量/检验（图文平台、性能检测）
J3082,软件实施工程师,舒华体育股份有限公司,泉州,1,运维/云与网络（分布式电站、空调工程）,—
J3083,急招电工 五险 包三餐,泉州市丰业投资集团有限公司,泉州,0,制造业质量/检验（成本管理、抖音）,制造业质量/检验（图文平台、性能检测）
J3084,FDC系统工程师,福建省晋华集成电路有限公司,泉州,0,制造业质量/检验（成本管理、抖音）,数据/统计分析（数据建模、统计学）
J3085,急招电工 底薪6500 全勤奖,泉州赛威科技有限公司,泉州,0,制造业质量/检验（成本管理、抖音）,制造业质量/检验（图文平台、性能检测）
J3086,光伏运维值班员-晋江,广州昆扬能源有限公司,泉州,1,运维/云与网络（分布式电站、空调工程）,—
J3087,桌面运维工程师,光安(福建)安全技术服务有限公司,泉州,1,运维/云与网络（分布式电站、空调工程）,—
J3088,大气运维工程师（泉州）,广州华粤科技有限公司,泉州,1,运维/云与网络（分布式电站、空调工程）,—
J3089,风电运维工程师,天津仁联企业管理有限公司,泉州,1,运维/云与网络（分布式电站、空调工程）,—
J3090,生产运维技术员（晋江项目）,天津中福环保科技股份有限公司,泉州,1,运维/云与网络（分布式电站、空调工程）,—
J3091,环保设备运维工程师（晋江）,天津中福环保科技股份有限公司,泉州,1,运维/云与网络（分布式电站、空调工程）,—
J3092,电力配网工程师（技术商务方向）,福建新奥能源发展有限公司,泉州,0,制造业质量/检验（成本管理、抖音）,制造业质量/检验（图文平台、性能检测）
J3093,光伏运维值班长-晋江,广州昆扬能源有限公司,泉州,1,运维/云与网络（分布式电站、空调工程）,—
J3094,数据分析师（英语）,信泰（福建）科技有限公司,泉州,2,数据分析/BI（数仓开发、kettle）,—
J3095,泉州中支城区本部业务支持(010583),华泰保险集团股份有限公司,泉州,0,制造业质量/检验（成本管理、抖音）,制造业质量/检验（图文平台、性能检测）
J3096,大气数据分析工程师,北京首创生态环保集团股份有限公司,泉州,2,数据分析/BI（数仓开发、kettle）,—
J3097,成本统计员,福建省力诚食品有限公司,泉州,0,制造业质量/检验（成本管理、抖音）,数据/统计分析（数据建模、统计学）
J3098,大气数据分析工程师（泉州）,江西首科生态环境有限公司,泉州,2,数据分析/BI（数仓开发、kettle）,—
J3099,城建宇呈公司运营总监,泉州海丝产业投资集团有限公司,泉州,0,制造业质量/检验（成本管理、抖音）,制造业质量/检验（图文平台、性能检测）
J3100,客服品质管理岗,安能物流,泉州,3,软件测试（信号测试、安全测试）,—
J3101,工厂薪资核算专员,福建好彩头营销管理有限公司,泉州,0,制造业质量/检验（成本管理、抖音）,供应链/物料/采购（物料管理、海外供应链）
J3102,跟单文员,泉州市康序健康管理有限公司,泉州,0,制造业质量/检验（成本管理、抖音）,制造业质量/检验（图文平台、性能检测）
J3103,【双休、五险一金】员工关系专员,厦门湾蓝贸易有限公司,泉州,0,制造业质量/检验（成本管理、抖音）,供应链/物料/采购（物料管理、海外供应链）
J3104,数据分析员,泉州市携创美酷咨询服务有限责任公司,泉州,2,数据分析/BI（数仓开发、kettle）,—
J3105,销售数据专员（总部）,福建亲亲股份有限公司,泉州,0,制造业质量/检验（成本管理、抖音）,数据/统计分析（数据建模、统计学）
J3106,拇指专员,圣元,泉州,0,制造业质量/检验（成本管理、抖音）,制造业质量/检验（图文平台、性能检测）
J3107,储备干部,环球石材(福建)有限公司,泉州,0,制造业质量/检验（成本管理、抖音）,供应链/物料/采购（物料管理、海外供应链）
J3108,区域运营BP(J16427),北京雍禾医疗科技集团有限公司,泉州,0,制造业质量/检验（成本管理、抖音）,制造业质量/检验（图文平台、性能检测）
J3109,商务部副经理,纳川股份,泉州,0,制造业质量/检验（成本管理、抖音）,制造业质量/检验（图文平台、性能检测）
J3110,客服经理,固美金属股份有限公司,泉州,0,制造业质量/检验（成本管理、抖音）,制造业质量/检验（图文平台、性能检测）
J3111,海外配件订单专员,福建南方路面机械股份有限公司,泉州,0,制造业质量/检验（成本管理、抖音）,供应链/物料/采购（物料管理、海外供应链）
J3112,综合办公室助理,泉州顽鹤科技有限公司,泉州,0,制造业质量/检验（成本管理、抖音）,制造业质量/检验（图文平台、性能检测）
J3113,城市运营负责人（停车）,松立控股集团股份有限公司,泉州,0,制造业质量/检验（成本管理、抖音）,制造业质量/检验（图文平台、性能检测）
J3114,物业工程主管,泉州市城市生活空间运营管理有限公司,泉州,0,制造业质量/检验（成本管理、抖音）,制造业质量/检验（图文平台、性能检测）
J3115,品牌经理,福建和润石业有限公司,泉州,0,制造业质量/检验（成本管理、抖音）,制造业质量/检验（图文平台、性能检测）
J3116,生产统计,福建省渔家翁食品有限公司,泉州,0,制造业质量/检验（成本管理、抖音）,供应链/物料/采购（物料管理、海外供应链）
J3117,国内路由规划专员,顺丰速运,泉州,0,制造业质量/检验（成本管理、抖音）,制造业质量/检验（图文平台、性能检测）
J3118,服装企划,北京好人好事人力资源有限公司,泉州,0,制造业质量/检验（成本管理、抖音）,制造业质量/检验（图文平台、性能检测）
J3119,制造业总助,泉州笠泊居电子商务有限公司,泉州,0,制造业质量/检验（成本管理、抖音）,制造业质量/检验（图文平台、性能检测）
J3120,电商数据分析师,泉州市携创美酷咨询服务有限责任公司,泉州,2,数据分析/BI（数仓开发、kettle）,—
J3121,可持续发展专员,信泰（福建）科技有限公司,泉州,0,制造业质量/检验（成本管理、抖音）,制造业质量/检验（图文平台、性能检测）
J3122,果蔬采购下单员,福建中禾食品科技有限责任公司,泉州,0,制造业质量/检验（成本管理、抖音）,供应链/物料/采购（物料管理、海外供应链）
J3123,跨境电商运营专员/主管(J11195),南威软件股份有限公司,泉州,0,制造业质量/检验（成本管理、抖音）,制造业质量/检验（图文平台、性能检测）
J3124,实习生,首汽租车,泉州,0,制造业质量/检验（成本管理、抖音）,制造业质量/检验（图文平台、性能检测）
J3125,统计文员(永春）,福建熙奇建材有限公司,泉州,0,制造业质量/检验（成本管理、抖音）,供应链/物料/采购（物料管理、海外供应链）
J3126,电商运营,泉州优袋塑料有限公司,泉州,0,制造业质量/检验（成本管理、抖音）,制造业质量/检验（图文平台、性能检测）
J3127,销售内勤经理,安安(中国)有限公司,泉州,0,制造业质量/检验（成本管理、抖音）,供应链/物料/采购（物料管理、海外供应链）
J3128,统计员,泉州同欣源新材料科技有限公司,泉州,0,制造业质量/检验（成本管理、抖音）,制造业质量/检验（图文平台、性能检测）
J3129,渠道营销（泉州）,华润雪花,泉州,0,制造业质量/检验（成本管理、抖音）,制造业质量/检验（图文平台、性能检测）
J3130,实验室检验员,泉州天智合金材料科技有限公司,泉州,0,制造业质量/检验（成本管理、抖音）,制造业质量/检验（图文平台、性能检测）
J3131,市场拓展经理,隆恩控股集团有限公司,泉州,0,制造业质量/检验（成本管理、抖音）,制造业质量/检验（图文平台、性能检测）
J3132,订单管理专员（双休）,泉州市鑫胜乐商贸有限公司,泉州,0,制造业质量/检验（成本管理、抖音）,制造业质量/检验（图文平台、性能检测）
J3133,内勤文员,泉州市亿佳财务咨询有限公司,泉州,0,制造业质量/检验（成本管理、抖音）,供应链/物料/采购（物料管理、海外供应链）
J3134,基地组织与人才发展专员,泉州时代新能源科技有限公司,泉州,0,制造业质量/检验（成本管理、抖音）,制造业质量/检验（图文平台、性能检测）
J3135,市场分析主管,安利（中国）日用品有限公司,泉州,0,制造业质量/检验（成本管理、抖音）,制造业质量/检验（图文平台、性能检测）
J3136,统计专员,东莞市胜源纸品有限公司,泉州,0,制造业质量/检验（成本管理、抖音）,制造业质量/检验（图文平台、性能检测）
J3137,IT工程师,福建华清电子材料科技有限公司,泉州,0,制造业质量/检验（成本管理、抖音）,制造业质量/检验（图文平台、性能检测）
J3138,薪酬绩效专员,福建奇鹭物联网科技股份公司,泉州,0,制造业质量/检验（成本管理、抖音）,制造业质量/检验（图文平台、性能检测）
J3139,产品专员,石狮市咛来夜语日用品商行(个体工商户),泉州,6,产品/项目管理（国内市场、需求分析）,—
J3140,城建宇呈公司副总经理,泉州海丝产业投资集团有限公司,泉州,0,制造业质量/检验（成本管理、抖音）,制造业质量/检验（图文平台、性能检测）
J3141,线上稽核专员,福建省力诚食品有限公司,泉州,0,制造业质量/检验（成本管理、抖音）,供应链/物料/采购（物料管理、海外供应链）
J3142,市场分析(美妆),厦门湾蓝贸易有限公司,泉州,0,制造业质量/检验（成本管理、抖音）,数据/统计分析（数据建模、统计学）
J3143,尿裤抖音运营,泉州市正大生活用品有限公司,泉州,0,制造业质量/检验（成本管理、抖音）,制造业质量/检验（图文平台、性能检测）
J3144,销售内勤经理,安安(中国)有限公司,泉州,0,制造业质量/检验（成本管理、抖音）,供应链/物料/采购（物料管理、海外供应链）
J3145,互联网投顾,大同证券,泉州,0,制造业质量/检验（成本管理、抖音）,制造业质量/检验（图文平台、性能检测）
J3146,环保工程师岗,北京首创生态环保集团股份有限公司,泉州,0,制造业质量/检验（成本管理、抖音）,供应链/物料/采购（物料管理、海外供应链）
J3147,商务副经理,纳川股份,泉州,0,制造业质量/检验（成本管理、抖音）,制造业质量/检验（图文平台、性能检测）
J3148,经营推动专员 (MJ003430),福建良瓷科技有限公司,泉州,0,制造业质量/检验（成本管理、抖音）,供应链/物料/采购（物料管理、海外供应链）
J3149,跨境电商业务员,泉州锐饶德生物科技有限公司,泉州,0,制造业质量/检验（成本管理、抖音）,制造业质量/检验（图文平台、性能检测）
J3150,良率工程师,渠梁电子有限公司,泉州,0,制造业质量/检验（成本管理、抖音）,制造业质量/检验（图文平台、性能检测）
J3151,新媒体运营,中天(中国)工业有限公司,泉州,0,制造业质量/检验（成本管理、抖音）,制造业质量/检验（图文平台、性能检测）
J3152,电商运营,泉州丰泽鲜锋水产品商行(个体工商户),泉州,0,制造业质量/检验（成本管理、抖音）,制造业质量/检验（图文平台、性能检测）
J3153,质检班长,通达创智(厦门)股份有限公司,泉州,0,制造业质量/检验（成本管理、抖音）,制造业质量/检验（图文平台、性能检测）
J3154,外贸SEO运营专员,浔兴股份,泉州,0,制造业质量/检验（成本管理、抖音）,数据/统计分析（数据建模、统计学）
J3155,总厨,九牧厨卫股份有限公司,泉州,0,制造业质量/检验（成本管理、抖音）,制造业质量/检验（图文平台、性能检测）
J3156,市场支持经理（无销售性质+六险二金）,义马腾盛商贸有限公司,泉州,0,制造业质量/检验（成本管理、抖音）,供应链/物料/采购（物料管理、海外供应链）
J3157,品牌策划主管,基业园林,泉州,0,制造业质量/检验（成本管理、抖音）,制造业质量/检验（图文平台、性能检测）
J3158,AI产品经理,福建岁金产业发展集团有限公司,泉州,6,产品/项目管理（国内市场、需求分析）,—
J3159,总对总项目经理,舒华体育股份有限公司,泉州,6,产品/项目管理（国内市场、需求分析）,—
J3160,【双休、五险一金】员工关系专家,厦门湾蓝贸易有限公司,泉州,0,制造业质量/检验（成本管理、抖音）,供应链/物料/采购（物料管理、海外供应链）
J3161,实验室检测员,泉州天智合金材料科技有限公司,泉州,0,制造业质量/检验（成本管理、抖音）,制造业质量/检验（图文平台、性能检测）
J3162,薪酬绩效主管/专员,福建则则服饰有限公司,泉州,0,制造业质量/检验（成本管理、抖音）,供应链/物料/采购（物料管理、海外供应链）
J3163,实验室检测员,信泰（福建）科技有限公司,泉州,0,制造业质量/检验（成本管理、抖音）,制造业质量/检验（图文平台、性能检测）
J3164,品牌经理,回头客食品集团股份有限公司,泉州,0,制造业质量/检验（成本管理、抖音）,制造业质量/检验（图文平台、性能检测）
J3165,信控风控专员,福建国晟祥商务咨询有限公司泉州分公司,泉州,0,制造业质量/检验（成本管理、抖音）,制造业质量/检验（图文平台、性能检测）
J3166,物业客服主管,泉州市城市生活空间运营管理有限公司,泉州,0,制造业质量/检验（成本管理、抖音）,制造业质量/检验（图文平台、性能检测）
J3167,查核,泉州欧积传媒有限公司,泉州,0,制造业质量/检验（成本管理、抖音）,供应链/物料/采购（物料管理、海外供应链）
J3168,人力总监,福建好彩头营销管理有限公司,泉州,0,制造业质量/检验（成本管理、抖音）,制造业质量/检验（图文平台、性能检测）
J3169,网约车运营经理,首汽租车,泉州,0,制造业质量/检验（成本管理、抖音）,供应链/物料/采购（物料管理、海外供应链）
J3170,电子/电器工艺/制程工程师,泉州市驰尔达电子通讯有限公司,泉州,0,制造业质量/检验（成本管理、抖音）,供应链/物料/采购（物料管理、海外供应链）
J3171,效益经理/主管,万石控股集团有限公司,泉州,0,制造业质量/检验（成本管理、抖音）,供应链/物料/采购（物料管理、海外供应链）
J3172,供应链运输过磅专员,中化蓝星安迪苏动物营养科技(泉州)有限公司,泉州,0,制造业质量/检验（成本管理、抖音）,制造业质量/检验（图文平台、性能检测）
J3173,财务BP,浔兴股份,泉州,0,制造业质量/检验（成本管理、抖音）,供应链/物料/采购（物料管理、海外供应链）
J3174,产品助理研究员-婴裤产品研发,恒安集团,泉州,6,产品/项目管理（国内市场、需求分析）,—
J3175,供应链主管,玄创(杭州)机器人有限公司,泉州,0,制造业质量/检验（成本管理、抖音）,供应链/物料/采购（物料管理、海外供应链）
J3176,国内电商运营,晋江市永和镇闽禾味食品商行(个体工商户),泉州,0,制造业质量/检验（成本管理、抖音）,制造业质量/检验（图文平台、性能检测）
J3177,生产内勤,泉州众志新材料科技有限公司,泉州,0,制造业质量/检验（成本管理、抖音）,制造业质量/检验（图文平台、性能检测）
J3178,车间统计员,九牧厨卫股份有限公司,泉州,0,制造业质量/检验（成本管理、抖音）,制造业质量/检验（图文平台、性能检测）
J3179,成本会计,蜡笔小新(福建)食品工业有限公司,泉州,0,制造业质量/检验（成本管理、抖音）,制造业质量/检验（图文平台、性能检测）
J3180,工艺工程师,福建华清电子材料科技有限公司,泉州,0,制造业质量/检验（成本管理、抖音）,制造业质量/检验（图文平台、性能检测）
J3181,可研、社稳、水保、湿地、土壤调查等方案编制,泉州市中地环科资环工程咨询有限公司,泉州,0,制造业质量/检验（成本管理、抖音）,制造业质量/检验（图文平台、性能检测）
J3182,申报专员,泉州合众咨询有限公司,泉州,0,制造业质量/检验（成本管理、抖音）,供应链/物料/采购（物料管理、海外供应链）
J3183,财务统计员,福建奇鹭物联网科技股份公司,泉州,0,制造业质量/检验（成本管理、抖音）,制造业质量/检验（图文平台、性能检测）
J3184,市场营销主任（泉州）,安利（中国）日用品有限公司,泉州,0,制造业质量/检验（成本管理、抖音）,制造业质量/检验（图文平台、性能检测）
J3185,设备维护工程师（ME）,江苏隐功科技有限公司,泉州,0,制造业质量/检验（成本管理、抖音）,制造业质量/检验（图文平台、性能检测）
J3186,跨境电商运营,泉州市丰泽区龄伍逅百货商行(个体工商户),泉州,0,制造业质量/检验（成本管理、抖音）,制造业质量/检验（图文平台、性能检测）
J3187,销售助理,泉州梵鑫信息咨询服务有限公司,泉州,0,制造业质量/检验（成本管理、抖音）,制造业质量/检验（图文平台、性能检测）
J3188,薪酬总监,福建新奥能源发展有限公司,泉州,0,制造业质量/检验（成本管理、抖音）,数据/统计分析（数据建模、统计学）
J3189,销售支持岗,首汽租车,泉州,0,制造业质量/检验（成本管理、抖音）,供应链/物料/采购（物料管理、海外供应链）
J3190,食品实验室检测员,泉州锐饶德生物科技有限公司,泉州,0,制造业质量/检验（成本管理、抖音）,制造业质量/检验（图文平台、性能检测）
J3191,园区碳排核查工程师,南安市华南师大绿色低碳研究院,泉州,0,制造业质量/检验（成本管理、抖音）,制造业质量/检验（图文平台、性能检测）
J3192,药店营业员,福建省民心医药连锁有限公司,泉州,0,制造业质量/检验（成本管理、抖音）,制造业质量/检验（图文平台、性能检测）
J3193,短视频运营专员,安踏体育用品集团有限公司,泉州,0,制造业质量/检验（成本管理、抖音）,制造业质量/检验（图文平台、性能检测）
J3194,跨境电商运营,晋江毅拓工业设备有限公司,泉州,0,制造业质量/检验（成本管理、抖音）,制造业质量/检验（图文平台、性能检测）
J3195,工厂财务行政专员,斯迈尔恩信息科技(沈阳)有限公司,泉州,0,制造业质量/检验（成本管理、抖音）,制造业质量/检验（图文平台、性能检测）
J3196,腾讯广告投手,中安维康(泉州)健康管理有限公司,泉州,0,制造业质量/检验（成本管理、抖音）,供应链/物料/采购（物料管理、海外供应链）
J3197,招聘高级专员8：30-17：30—社保+包食宿,圆通速递有限公司,泉州,0,制造业质量/检验（成本管理、抖音）,供应链/物料/采购（物料管理、海外供应链）
J3198,产品经理,蜡笔小新(福建)食品工业有限公司,泉州,6,产品/项目管理（国内市场、需求分析）,—
J3199,质量经理,福建纯铭新材料科技有限公司,泉州,0,制造业质量/检验（成本管理、抖音）,质量检验（qa、qc）
J3200,财务管培生,泉州运城制版有限公司,泉州,0,制造业质量/检验（成本管理、抖音）,制造业质量/检验（图文平台、性能检测）
J3201,钮扣产品经理,浔兴股份,泉州,6,产品/项目管理（国内市场、需求分析）,—
J3202,成本会计,福建华清电子材料科技有限公司,泉州,0,制造业质量/检验（成本管理、抖音）,供应链/物料/采购（物料管理、海外供应链）
J3203,pmc生产计划员,深圳市沃德芯科技有限公司,泉州,0,制造业质量/检验（成本管理、抖音）,制造业质量/检验（图文平台、性能检测）
J3204,涂装工艺工程师,福建华南重工机械制造有限公司,泉州,0,制造业质量/检验（成本管理、抖音）,制造业质量/检验（图文平台、性能检测）
J3205,PE工程师,江苏隐功科技有限公司,泉州,0,制造业质量/检验（成本管理、抖音）,制造业质量/检验（图文平台、性能检测）
J3206,仓配总监,福建中禾食品科技有限责任公司,泉州,0,制造业质量/检验（成本管理、抖音）,制造业质量/检验（图文平台、性能检测）
J3207,抖音后台运营专员,方圆建设集团有限公司,泉州,0,制造业质量/检验（成本管理、抖音）,制造业质量/检验（图文平台、性能检测）
J3208,实验室检测员（纺织）,信泰（福建）科技有限公司,泉州,0,制造业质量/检验（成本管理、抖音）,制造业质量/检验（图文平台、性能检测）
J3209,电商推广专员,安记食品股份有限公司,泉州,0,制造业质量/检验（成本管理、抖音）,供应链/物料/采购（物料管理、海外供应链）
J3210,生产跟单,信和新材料,泉州,0,制造业质量/检验（成本管理、抖音）,制造业质量/检验（图文平台、性能检测）
J3211,新媒体运营助理,泉州商正展示用品工贸有限公司,泉州,0,制造业质量/检验（成本管理、抖音）,制造业质量/检验（图文平台、性能检测）
J3212,销售内勤,泉州市伊洛科新材料有限公司,泉州,0,制造业质量/检验（成本管理、抖音）,制造业质量/检验（图文平台、性能检测）
J3213,抖音直播运营,福建文达森信息科技有限公司,泉州,0,制造业质量/检验（成本管理、抖音）,制造业质量/检验（图文平台、性能检测）
J3214,助理,跨理优联(福建)质量技术有限公司,泉州,0,制造业质量/检验（成本管理、抖音）,制造业质量/检验（图文平台、性能检测）
J3215,运输工程师,中化蓝星安迪苏动物营养科技(泉州)有限公司,泉州,0,制造业质量/检验（成本管理、抖音）,制造业质量/检验（图文平台、性能检测）
J3216,抖音团购直播运营,中安维康(泉州)健康管理有限公司,泉州,0,制造业质量/检验（成本管理、抖音）,制造业质量/检验（图文平台、性能检测）
J3217,仓储经理,固美金属股份有限公司,泉州,0,制造业质量/检验（成本管理、抖音）,制造业质量/检验（图文平台、性能检测）
J3218,闽南语（泉漳片）ASR标注,语言桥,泉州,0,制造业质量/检验（成本管理、抖音）,制造业质量/检验（图文平台、性能检测）
J3219,制程工程工程师(J10151),渠梁电子有限公司,泉州,0,制造业质量/检验（成本管理、抖音）,制造业质量/检验（图文平台、性能检测）
J3220,生产主管,通达创智(厦门)股份有限公司,泉州,0,制造业质量/检验（成本管理、抖音）,制造业质量/检验（图文平台、性能检测）
J3221,生产技术储备干部,舒华体育股份有限公司,泉州,0,制造业质量/检验（成本管理、抖音）,制造业质量/检验（图文平台、性能检测）
J3222,无人机总体工程师,泉州中国兵器装备集团特种机器人研发中心,泉州,0,制造业质量/检验（成本管理、抖音）,制造业质量/检验（图文平台、性能检测）
J3223,产品助理研究员-卫材产品研发(J10705),恒安集团,泉州,6,产品/项目管理（国内市场、需求分析）,—
J3224,销售内勤专员,福建省汇标认证咨询有限公司,泉州,0,制造业质量/检验（成本管理、抖音）,制造业质量/检验（图文平台、性能检测）
J3225,物流站长（顺丰同城）,南安市触手可得网络科技有限公司,泉州,0,制造业质量/检验（成本管理、抖音）,制造业质量/检验（图文平台、性能检测）
J3226,抖音直播运营,泉州市乐唐商贸发展有限公司,泉州,0,制造业质量/检验（成本管理、抖音）,制造业质量/检验（图文平台、性能检测）
J3227,品控科长（品管主管）,信泰（福建）科技有限公司,泉州,0,制造业质量/检验（成本管理、抖音）,制造业质量/检验（图文平台、性能检测）
J3228,采购专员,兴通海运股份有限公司,泉州,0,制造业质量/检验（成本管理、抖音）,制造业质量/检验（图文平台、性能检测）
J3229,餐饮经理/店长,安腾集团有限公司,泉州,0,制造业质量/检验（成本管理、抖音）,制造业质量/检验（图文平台、性能检测）
J3230,泉州仓管员+五险一金,湖南你好新鲜冷链供应链管理有限公司,泉州,0,制造业质量/检验（成本管理、抖音）,制造业质量/检验（图文平台、性能检测）
J3231,品牌运营（小红书方向）,泉州市善语堂工艺品制造有限公司,泉州,0,制造业质量/检验（成本管理、抖音）,制造业质量/检验（图文平台、性能检测）
J3232,商务主管,泉州市康序健康管理有限公司,泉州,0,制造业质量/检验（成本管理、抖音）,制造业质量/检验（图文平台、性能检测）
J3233,私域主管,泉州市洛江区汇丰妇幼用品有限公司,泉州,0,制造业质量/检验（成本管理、抖音）,制造业质量/检验（图文平台、性能检测）
J3234,抖音直播运营,福建文达森信息科技有限公司,泉州,0,制造业质量/检验（成本管理、抖音）,制造业质量/检验（图文平台、性能检测）
J3235,沃尔玛运营专员,泉州洛江阔步箱包制品有限公司,泉州,0,制造业质量/检验（成本管理、抖音）,制造业质量/检验（图文平台、性能检测）
J3236,招投标专员（泉州）,首汽租车,泉州,0,制造业质量/检验（成本管理、抖音）,供应链/物料/采购（物料管理、海外供应链）
J3237,跨境电商运营,晋江毅拓工业设备有限公司,泉州,0,制造业质量/检验（成本管理、抖音）,制造业质量/检验（图文平台、性能检测）
J3238,外贸网站运营专员,福建省泉州市华钻金刚石工具有限公司,泉州,0,制造业质量/检验（成本管理、抖音）,供应链/物料/采购（物料管理、海外供应链）
J3239,财务管培生,固美金属股份有限公司,泉州,0,制造业质量/检验（成本管理、抖音）,供应链/物料/采购（物料管理、海外供应链）
J3240,国内电商运营,福建万里路汽车服务有限公司,泉州,0,制造业质量/检验（成本管理、抖音）,供应链/物料/采购（物料管理、海外供应链）
J3241,铸造工艺工程师,泉州市鼎煜机械制造有限公司,泉州,0,制造业质量/检验（成本管理、抖音）,供应链/物料/采购（物料管理、海外供应链）
J3242,生产计划员,福建泉工股份有限公司,泉州,0,制造业质量/检验（成本管理、抖音）,供应链/物料/采购（物料管理、海外供应链）
J3243,车间文员,福建华南重工机械制造有限公司,泉州,0,制造业质量/检验（成本管理、抖音）,供应链/物料/采购（物料管理、海外供应链）
J3244,短视频运营,泉州丰泽鲜锋水产品商行(个体工商户),泉州,0,制造业质量/检验（成本管理、抖音）,供应链/物料/采购（物料管理、海外供应链）
J3245,跨境电商运营专员/主管(J11195),南威软件股份有限公司,泉州,0,制造业质量/检验（成本管理、抖音）,制造业质量/检验（图文平台、性能检测）
J3246,产品开发经理,金冠(中国)食品有限公司,泉州,6,产品/项目管理（国内市场、需求分析）,—
J3247,外协专员,信泰（福建）科技有限公司,泉州,0,制造业质量/检验（成本管理、抖音）,制造业质量/检验（图文平台、性能检测）
J3248,工业工程师,宁德时代新能源科技股份有限公司,泉州,0,制造业质量/检验（成本管理、抖音）,制造业质量/检验（图文平台、性能检测）
J3249,抖店运营,合肥骏松服装有限公司,泉州,0,制造业质量/检验（成本管理、抖音）,制造业质量/检验（图文平台、性能检测）
J3250,招商经理-泉州世界城,上海中骏置业有限公司,泉州,0,制造业质量/检验（成本管理、抖音）,制造业质量/检验（图文平台、性能检测）
J3251,电商运营专员,泉州锐饶德生物科技有限公司,泉州,0,制造业质量/检验（成本管理、抖音）,供应链/物料/采购（物料管理、海外供应链）
J3252,HRBP,福建统艺新型材料科技有限公司,泉州,0,制造业质量/检验（成本管理、抖音）,制造业质量/检验（图文平台、性能检测）
J3253,商务助理,易小淘(深圳)物联网科技有限公司,泉州,0,制造业质量/检验（成本管理、抖音）,制造业质量/检验（图文平台、性能检测）
J3254,物业客服主管,石狮市鼎盛物业管理有限公司,泉州,0,制造业质量/检验（成本管理、抖音）,制造业质量/检验（图文平台、性能检测）
J3255,管培生,汇鑫小贷,泉州,0,制造业质量/检验（成本管理、抖音）,制造业质量/检验（图文平台、性能检测）
J3256,战略规划经理,安踏体育用品集团有限公司,泉州,0,制造业质量/检验（成本管理、抖音）,制造业质量/检验（图文平台、性能检测）
J3257,人事招聘专员,通达创智(厦门)股份有限公司,泉州,0,制造业质量/检验（成本管理、抖音）,制造业质量/检验（图文平台、性能检测）
J3258,成本经理,福建雅客食品有限公司,泉州,0,制造业质量/检验（成本管理、抖音）,供应链/物料/采购（物料管理、海外供应链）
J3259,市场开发经理（具身智能服务机器人创新平台）,福建(泉州)先进制造技术研究院,泉州,0,制造业质量/检验（成本管理、抖音）,制造业质量/检验（图文平台、性能检测）
J3260,电商运营（淘宝/1688）,泉州商正展示用品工贸有限公司,泉州,0,制造业质量/检验（成本管理、抖音）,制造业质量/检验（图文平台、性能检测）
J3261,仓储物流主管(12-14k)-五险一金+免费食宿,圆通速递有限公司,泉州,0,制造业质量/检验（成本管理、抖音）,供应链/物料/采购（物料管理、海外供应链）
J3262,小红书内容运营,福建纬基科技有限公司,泉州,0,制造业质量/检验（成本管理、抖音）,制造业质量/检验（图文平台、性能检测）
J3263,注塑技师/领班,九牧厨卫股份有限公司,泉州,0,制造业质量/检验（成本管理、抖音）,制造业质量/检验（图文平台、性能检测）
J3264,HRBP（招聘方向）,泉州三安半导体科技有限公司,泉州,0,制造业质量/检验（成本管理、抖音）,制造业质量/检验（图文平台、性能检测）
J3265,物流经理,泉州致通物流有限公司,泉州,0,制造业质量/检验（成本管理、抖音）,制造业质量/检验（图文平台、性能检测）
J3266,电商运营经理,金冠(中国)食品有限公司,泉州,0,制造业质量/检验（成本管理、抖音）,制造业质量/检验（图文平台、性能检测）
J3267,抖音达人商务,泉州泓一食品有限公司,泉州,0,制造业质量/检验（成本管理、抖音）,制造业质量/检验（图文平台、性能检测）
J3268,工艺主管,福建南王新材料科技有限公司,泉州,0,制造业质量/检验（成本管理、抖音）,制造业质量/检验（图文平台、性能检测）
J3269,环评技术员,福建泉州融创环保科技有限公司,泉州,0,制造业质量/检验（成本管理、抖音）,制造业质量/检验（图文平台、性能检测）
J3270,厦门 泉州特通渠道（主管）,广东轻上生物科技有限公司,泉州,0,制造业质量/检验（成本管理、抖音）,制造业质量/检验（图文平台、性能检测）
J3271,税务专员,福建省晋江人力资本有限公司,泉州,0,制造业质量/检验（成本管理、抖音）,制造业质量/检验（图文平台、性能检测）
J3272,工厂财务行政专员,斯迈尔恩信息科技(沈阳)有限公司,泉州,0,制造业质量/检验（成本管理、抖音）,制造业质量/检验（图文平台、性能检测）
J3273,采购工程师,达昊(厦门)制造有限公司,泉州,0,制造业质量/检验（成本管理、抖音）,制造业质量/检验（图文平台、性能检测）
J3274,新媒体运营,泉州市企眼财税咨询有限公司,泉州,0,制造业质量/检验（成本管理、抖音）,制造业质量/检验（图文平台、性能检测）
J3275,总裁助理/总经理助理,福建省新宏运衣车贸易有限公司,泉州,0,制造业质量/检验（成本管理、抖音）,制造业质量/检验（图文平台、性能检测）
J3276,福建通信销售经理,中通建技术有限公司,泉州,0,制造业质量/检验（成本管理、抖音）,制造业质量/检验（图文平台、性能检测）
J3277,城市生活公司 招商经理,泉州市城市生活空间运营管理有限公司,泉州,0,制造业质量/检验（成本管理、抖音）,制造业质量/检验（图文平台、性能检测）
J3278,行政人事经理,福建迈特富科技发展有限公司,泉州,0,制造业质量/检验（成本管理、抖音）,制造业质量/检验（图文平台、性能检测）
J3279,总顾问助理,福建国信企业管理咨询有限公司,泉州,0,制造业质量/检验（成本管理、抖音）,供应链/物料/采购（物料管理、海外供应链）
J3280,qc质检员,通达创智(厦门)股份有限公司,泉州,0,制造业质量/检验（成本管理、抖音）,制造业质量/检验（图文平台、性能检测）
J3281,亚马孙运营,泉州市正大生活用品有限公司,泉州,0,制造业质量/检验（成本管理、抖音）,制造业质量/检验（图文平台、性能检测）
J3282,营销中心总监助理,福建香江石化有限公司,泉州,0,制造业质量/检验（成本管理、抖音）,制造业质量/检验（图文平台、性能检测）
J3283,业务（高级）助理-营销策划（泉州）,安利（中国）日用品有限公司,泉州,0,制造业质量/检验（成本管理、抖音）,制造业质量/检验（图文平台、性能检测）
J3284,销售财务高级BP,圣元环保股份有限公司,泉州,0,制造业质量/检验（成本管理、抖音）,制造业质量/检验（图文平台、性能检测）
J3285,达人媒介 / 新媒体媒介,零邦服饰有限公司,泉州,0,制造业质量/检验（成本管理、抖音）,制造业质量/检验（图文平台、性能检测）
J3286,供应链计划经理,泉州笠泊居电子商务有限公司,泉州,0,制造业质量/检验（成本管理、抖音）,供应链/物料/采购（物料管理、海外供应链）
J3287,工艺员,福建省钜港环保科技有限公司,泉州,0,制造业质量/检验（成本管理、抖音）,制造业质量/检验（图文平台、性能检测）
J3288,人事行政主管,金宏气体股份有限公司,泉州,0,制造业质量/检验（成本管理、抖音）,制造业质量/检验（图文平台、性能检测）
J3289,短视频运营,泉州鲤城区极境摄影工作室(个体工商户),泉州,0,制造业质量/检验（成本管理、抖音）,制造业质量/检验（图文平台、性能检测）
J3290,采购员,回头客食品集团股份有限公司,泉州,0,制造业质量/检验（成本管理、抖音）,制造业质量/检验（图文平台、性能检测）
J3291,服装商品主管,泉州市和与合电子商务有限公司,泉州,0,制造业质量/检验（成本管理、抖音）,供应链/物料/采购（物料管理、海外供应链）
J3292,招聘主管/招聘经理,泉州市洛江区汇丰妇幼用品有限公司,泉州,0,制造业质量/检验（成本管理、抖音）,制造业质量/检验（图文平台、性能检测）
J3293,管培生,汇鑫小贷,泉州,0,制造业质量/检验（成本管理、抖音）,制造业质量/检验（图文平台、性能检测）
J3294,分析员,泉州宇极新材料科技有限公司,泉州,0,制造业质量/检验（成本管理、抖音）,制造业质量/检验（图文平台、性能检测）
J3295,战略采购,福建钰乘集团有限公司,泉州,0,制造业质量/检验（成本管理、抖音）,制造业质量/检验（图文平台、性能检测）
J3296,人事处副处长,山东创合信息化教学设备有限公司,泉州,0,制造业质量/检验（成本管理、抖音）,制造业质量/检验（图文平台、性能检测）
J3297,外访催收主管,狮桥融资租赁（中国）有限公司,泉州,0,制造业质量/检验（成本管理、抖音）,制造业质量/检验（图文平台、性能检测）
J3298,跨境电商运营,泉州市静志商贸有限公司,泉州,0,制造业质量/检验（成本管理、抖音）,制造业质量/检验（图文平台、性能检测）
J3299,销售代表（泉州）,保利和润房地产投资顾问有限公司,泉州,0,制造业质量/检验（成本管理、抖音）,制造业质量/检验（图文平台、性能检测）
J3300,注塑课长,通达创智(厦门)股份有限公司,泉州,0,制造业质量/检验（成本管理、抖音）,制造业质量/检验（图文平台、性能检测）
J3301,基金综合专员（实习生）,福建豪山资产管理有限公司,泉州,0,制造业质量/检验（成本管理、抖音）,供应链/物料/采购（物料管理、海外供应链）
J3302,跟单员,信泰（福建）科技有限公司,泉州,0,制造业质量/检验（成本管理、抖音）,制造业质量/检验（图文平台、性能检测）
J3303,抖音运营,晋江蓓优商贸有限公司,泉州,0,制造业质量/检验（成本管理、抖音）,制造业质量/检验（图文平台、性能检测）
J3304,审计员,福建好彩头营销管理有限公司,泉州,0,制造业质量/检验（成本管理、抖音）,供应链/物料/采购（物料管理、海外供应链）
J3305,QC工程师(泉州基地）,泉州时代新能源科技有限公司,泉州,0,制造业质量/检验（成本管理、抖音）,制造业质量/检验（图文平台、性能检测）
J3306,缺陷检查设备工程师,福建省晋华集成电路有限公司,泉州,0,制造业质量/检验（成本管理、抖音）,制造业质量/检验（图文平台、性能检测）
J3307,新媒体专员,福建奇鹭物联网科技股份公司,泉州,0,制造业质量/检验（成本管理、抖音）,制造业质量/检验（图文平台、性能检测）
J3308,制造业成本会计主管,百锋(福建)服装有限公司,泉州,0,制造业质量/检验（成本管理、抖音）,供应链/物料/采购（物料管理、海外供应链）
J3309,产品经理（总部）,福建亲亲股份有限公司,泉州,6,产品/项目管理（国内市场、需求分析）,—
J3310,跨境电商运营,泉州市正大生活用品有限公司,泉州,0,制造业质量/检验（成本管理、抖音）,制造业质量/检验（图文平台、性能检测）
J3311,财务助理/统计员,泉州市泓海新材料科技有限公司,泉州,0,制造业质量/检验（成本管理、抖音）,制造业质量/检验（图文平台、性能检测）
J3312,仓储经理,冠达星股份有限公司,泉州,0,制造业质量/检验（成本管理、抖音）,制造业质量/检验（图文平台、性能检测）
J3313,成本会计,福建华清电子材料科技有限公司,泉州,0,制造业质量/检验（成本管理、抖音）,制造业质量/检验（图文平台、性能检测）
J3314,新媒体运营,福建省西海医药股份有限公司,泉州,0,制造业质量/检验（成本管理、抖音）,制造业质量/检验（图文平台、性能检测）
J3315,机械技术员,福建田中机械科技股份有限公司,泉州,0,制造业质量/检验（成本管理、抖音）,制造业质量/检验（图文平台、性能检测）
J3316,招商专员/招商主管（南安市云智领创科技有限公司）,京源中科科技股份有限公司,泉州,0,制造业质量/检验（成本管理、抖音）,制造业质量/检验（图文平台、性能检测）
J3317,经理业务助理,福建森大进出口贸易有限公司,泉州,0,制造业质量/检验（成本管理、抖音）,供应链/物料/采购（物料管理、海外供应链）
J3318,品牌运营招商总监,泉州指尖跳动文化传播有限公司,泉州,0,制造业质量/检验（成本管理、抖音）,制造业质量/检验（图文平台、性能检测）
J3319,抖音带货达人BD,泉州市洛江区汇丰妇幼用品有限公司,泉州,0,制造业质量/检验（成本管理、抖音）,制造业质量/检验（图文平台、性能检测）
J3320,财务经理,金冠(中国)食品有限公司,泉州,0,制造业质量/检验（成本管理、抖音）,制造业质量/检验（图文平台、性能检测）
J3321,人力资源经理,福建正通能源科技有限公司,泉州,0,制造业质量/检验（成本管理、抖音）,制造业质量/检验（图文平台、性能检测）
J3322,财务经理,北京中村宇极科技有限公司,泉州,0,制造业质量/检验（成本管理、抖音）,制造业质量/检验（图文平台、性能检测）
J3323,HRBP,福建则则服饰有限公司,泉州,0,制造业质量/检验（成本管理、抖音）,制造业质量/检验（图文平台、性能检测）
J3324,工业工程师（泉州基地）,泉州时代新能源科技有限公司,泉州,0,制造业质量/检验（成本管理、抖音）,制造业质量/检验（图文平台、性能检测）
J3325,设备采购工程师,福建省力诚食品有限公司,泉州,0,制造业质量/检验（成本管理、抖音）,制造业质量/检验（图文平台、性能检测）
J3326,财务统计专员,东莞市胜源纸品有限公司,泉州,0,制造业质量/检验（成本管理、抖音）,制造业质量/检验（图文平台、性能检测）
J3327,新媒体运营助理,泉州百分百财务咨询有限公司,泉州,0,制造业质量/检验（成本管理、抖音）,制造业质量/检验（图文平台、性能检测）
J3328,天猫店长,安记食品股份有限公司,泉州,0,制造业质量/检验（成本管理、抖音）,制造业质量/检验（图文平台、性能检测）
J3329,摄影师,布袋(福建)电子商务有限公司,泉州,0,制造业质量/检验（成本管理、抖音）,制造业质量/检验（图文平台、性能检测）
J3330,财务经理（地产/建筑）,冠达星股份有限公司,泉州,0,制造业质量/检验（成本管理、抖音）,供应链/物料/采购（物料管理、海外供应链）
J3331,新媒体策划/运营,福建岁金产业发展集团有限公司,泉州,0,制造业质量/检验（成本管理、抖音）,制造业质量/检验（图文平台、性能检测）
J3332,果冻/米酒产品经理（总部）,福建亲亲股份有限公司,泉州,6,产品/项目管理（国内市场、需求分析）,—
J3333,小红书店铺运营,福建省新鹏飞实业发展有限公司,泉州,0,制造业质量/检验（成本管理、抖音）,制造业质量/检验（图文平台、性能检测）
J3334,财务主管,兴通海运股份有限公司,泉州,0,制造业质量/检验（成本管理、抖音）,供应链/物料/采购（物料管理、海外供应链）
J3335,省区经理（怀酒）,天士力大健康产业投资集团有限公司,泉州,0,制造业质量/检验（成本管理、抖音）,制造业质量/检验（图文平台、性能检测）
J3336,营销管培生,广州小糊涂仙酒业有限公司,泉州,0,制造业质量/检验（成本管理、抖音）,制造业质量/检验（图文平台、性能检测）
J3337,抖音运营经理,泉州市洛江区汇丰妇幼用品有限公司,泉州,0,制造业质量/检验（成本管理、抖音）,制造业质量/检验（图文平台、性能检测）
J3338,采购经理/主管,兴业皮革科技股份有限公司,泉州,0,制造业质量/检验（成本管理、抖音）,供应链/物料/采购（物料管理、海外供应链）
J3339,新媒体运营,锐仕方达人才科技集团有限公司,泉州,0,制造业质量/检验（成本管理、抖音）,制造业质量/检验（图文平台、性能检测）
J3340,市场策划经理,石狮佳南热熔胶有限公司,泉州,0,制造业质量/检验（成本管理、抖音）,制造业质量/检验（图文平台、性能检测）
J3341,销售助理,中国人寿保险股份有限公司晋江市支公司第十七营销服务部(凌云职场团队),泉州,0,制造业质量/检验（成本管理、抖音）,制造业质量/检验（图文平台、性能检测）
J3342,研发工程师（晶体材料）,北京中村宇极科技有限公司,泉州,0,制造业质量/检验（成本管理、抖音）,制造业质量/检验（图文平台、性能检测）
J3343,实验室检测员（纺织面料）,信泰（福建）科技有限公司,泉州,0,制造业质量/检验（成本管理、抖音）,制造业质量/检验（图文平台、性能检测）
J3344,内容运营小红书/视频号/抖音,福州汉特进出口有限公司,泉州,0,制造业质量/检验（成本管理、抖音）,制造业质量/检验（图文平台、性能检测）
J3345,网络销售,泉州市鲤城区运阁工艺品商行,泉州,0,制造业质量/检验（成本管理、抖音）,制造业质量/检验（图文平台、性能检测）
J3346,内账会计,晋江市荣鑫妇幼用品有限公司,泉州,0,制造业质量/检验（成本管理、抖音）,制造业质量/检验（图文平台、性能检测）
J3347,销售行政专员,福建好彩头营销管理有限公司,泉州,0,制造业质量/检验（成本管理、抖音）,供应链/物料/采购（物料管理、海外供应链）
J3348,业务跟单员,泉州市武荣体育器材有限公司,泉州,0,制造业质量/检验（成本管理、抖音）,供应链/物料/采购（物料管理、海外供应链）
J3349,施工安全监督管理（HSE工程师）,中化泉州石化有限公司,泉州,0,制造业质量/检验（成本管理、抖音）,制造业质量/检验（图文平台、性能检测）
J3350,行政文员,福建奇鹭物联网科技股份公司,泉州,0,制造业质量/检验（成本管理、抖音）,供应链/物料/采购（物料管理、海外供应链）
J3351,研发助理工程师（工艺、材料、项目三大方向）,福建粒量科技有限公司,泉州,0,制造业质量/检验（成本管理、抖音）,制造业质量/检验（图文平台、性能检测）
J3352,电话销售主管（双休、五险一金）,深圳市欧链国际仓储服务有限公司,泉州,0,制造业质量/检验（成本管理、抖音）,供应链/物料/采购（物料管理、海外供应链）
J3353,外贸精英,泉州市哆啦树卫生用品有限公司,泉州,0,制造业质量/检验（成本管理、抖音）,制造业质量/检验（图文平台、性能检测）
J3354,管培生,汇鑫小贷,泉州,0,制造业质量/检验（成本管理、抖音）,制造业质量/检验（图文平台、性能检测）
J3355,男装电商运营总监,泉州市乐唐商贸发展有限公司,泉州,0,制造业质量/检验（成本管理、抖音）,制造业质量/检验（图文平台、性能检测）
J3356,技术带头人（博士）,福建(泉州)先进制造技术研究院,泉州,0,制造业质量/检验（成本管理、抖音）,算法/AI 应用（tensorflow、vit）
J3357,机器视觉应用工程师,泉州华中科技大学智能制造研究院,泉州,7,算法/人工智能（智能驾驶、传感器融合）,—
J3358,项目经理（福建）,江苏牛域科技有限公司,三明,6,产品/项目管理（国内市场、需求分析）,—
J3359,财务经理（大型上市公司）,南方新华,三明,0,制造业质量/检验（成本管理、抖音）,供应链/物料/采购（物料管理、海外供应链）
J3360,数据治理工程师,福建省海丝数字科技有限公司,三明,0,制造业质量/检验（成本管理、抖音）,供应链/物料/采购（物料管理、海外供应链）
J3361,Arcmap代画,河南企宝宝企业管理咨询有限公司,三明,0,制造业质量/检验（成本管理、抖音）,制造业质量/检验（图文平台、性能检测）
J3362,AI无人驾驶数据处理2027届实习生（在福建福州上班）,福州云之景科技有限公司,三明,0,制造业质量/检验（成本管理、抖音）,制造业质量/检验（图文平台、性能检测）
J3363,cnc数据编程,万动力(河南)网络科技有限公司,三明,0,制造业质量/检验（成本管理、抖音）,制造业质量/检验（图文平台、性能检测）
J3364,技术支持工程师,福建省尤溪小璇风贸易有限公司,三明,0,制造业质量/检验（成本管理、抖音）,制造业质量/检验（图文平台、性能检测）
J3365,财务经理/主管,南方新华,三明,0,制造业质量/检验（成本管理、抖音）,供应链/物料/采购（物料管理、海外供应链）
J3366,AI无人驾驶数据处理2027届实习生（在福建福州上班）,福州云之景科技有限公司,三明,0,制造业质量/检验（成本管理、抖音）,制造业质量/检验（图文平台、性能检测）
J3367,无人驾驶数据实习生2027届（在福州上班）,福州云之景科技有限公司,三明,0,制造业质量/检验（成本管理、抖音）,制造业质量/检验（图文平台、性能检测）
J3368,软件产品经理,尤溪县观观电脑店,三明,6,产品/项目管理（国内市场、需求分析）,—
J3369,AI算法开发工程师,福建闽光软件股份有限公司,三明,7,算法/人工智能（智能驾驶、传感器融合）,—
J3370,质量工程师,南方新华,三明,3,软件测试（信号测试、安全测试）,—
J3371,测试员,福建福碳新材料科技有限公司,三明,3,软件测试（信号测试、安全测试）,—
J3372,质量经理,福建科达新能源科技有限公司,三明,0,制造业质量/检验（成本管理、抖音）,制造业质量/检验（图文平台、性能检测）
J3373,测试工程师（永安贡川镇）,上海市翔丰华科技股份有限公司,三明,3,软件测试（信号测试、安全测试）,—
J3374,客诉工程师,福建科达新能源科技有限公司,三明,0,制造业质量/检验（成本管理、抖音）,制造业质量/检验（图文平台、性能检测）
J3375,【负极材料】质量总监,南方新华,三明,0,制造业质量/检验（成本管理、抖音）,质量检验（qa、qc）
J3376,cqe客户质量工程师,福建科达新能源科技有限公司,三明,3,软件测试（信号测试、安全测试）,—
J3377,运维工程师,福建海峡企业管理服务有限公司,三明,1,运维/云与网络（分布式电站、空调工程）,—
J3378,燃煤系统运维工程师,海南顺意德新能源科技有限公司,三明,1,运维/云与网络（分布式电站、空调工程）,—
J3379,污水运维项目主管,福建九五检测技术服务有限公司,三明,1,运维/云与网络（分布式电站、空调工程）,—
J3380,高压运行经理（侧高压）,上海市翔丰华科技股份有限公司,三明,0,制造业质量/检验（成本管理、抖音）,制造业质量/检验（图文平台、性能检测）
J3381,设备维护工程师（福建 / 空压机）,广东超级龙能源科技有限公司,三明,0,制造业质量/检验（成本管理、抖音）,制造业质量/检验（图文平台、性能检测）
J3382,三明业务营运主任-（偏数据分析）,安利（中国）日用品有限公司,三明,2,数据分析/BI（数仓开发、kettle）,—
J3383,生产统计员,福建三明万豪实业有限公司,三明,0,制造业质量/检验（成本管理、抖音）,供应链/物料/采购（物料管理、海外供应链）
J3384,三明仓管员+五险一金,湖南你好新鲜冷链供应链管理有限公司,三明,0,制造业质量/检验（成本管理、抖音）,制造业质量/检验（图文平台、性能检测）
J3385,运营专员,大田县卓睿电子商务有限公司,三明,0,制造业质量/检验（成本管理、抖音）,制造业质量/检验（图文平台、性能检测）
J3386,生产统计员,名佑(福建)食品有限公司,三明,0,制造业质量/检验（成本管理、抖音）,数据/统计分析（数据建模、统计学）
J3387,储备干部,三明淳之味食品科技有限公司,三明,0,制造业质量/检验（成本管理、抖音）,制造业质量/检验（图文平台、性能检测）
J3388,底薪3500&趋势分析师&周末双休&法定,厦门市虹约产品设计有限公司,三明,0,制造业质量/检验（成本管理、抖音）,制造业质量/检验（图文平台、性能检测）
J3389,国内电商运营,三明厨神食品有限公司,三明,0,制造业质量/检验（成本管理、抖音）,供应链/物料/采购（物料管理、海外供应链）
J3390,新媒体短视频运营,厨神(福建)食品科技有限公司,三明,0,制造业质量/检验（成本管理、抖音）,制造业质量/检验（图文平台、性能检测）
J3391,业务支持岗（职域BBC-三明）,泰康养老保险股份有限公司福建分公司,三明,0,制造业质量/检验（成本管理、抖音）,制造业质量/检验（图文平台、性能检测）
J3392,票据业务总监,中企云链股份有限公司,三明,0,制造业质量/检验（成本管理、抖音）,制造业质量/检验（图文平台、性能检测）
J3393,网络销售,建宁县闽源名犬基地经营店,三明,0,制造业质量/检验（成本管理、抖音）,制造业质量/检验（图文平台、性能检测）
J3394,数据治理工程师,福建省海丝数字科技有限公司,三明,0,制造业质量/检验（成本管理、抖音）,制造业质量/检验（图文平台、性能检测）
J3395,饲养经理/主管（驻地福建三明）,明一国际,三明,0,制造业质量/检验（成本管理、抖音）,制造业质量/检验（图文平台、性能检测）
J3396,储备区总-三明,北京查博士科技股份有限公司,三明,0,制造业质量/检验（成本管理、抖音）,制造业质量/检验（图文平台、性能检测）
J3397,驻外会计,宏德盛(福建)投资集团股份公司,三明,0,制造业质量/检验（成本管理、抖音）,数据/统计分析（数据建模、统计学）
J3398,业务（高级）助理-营销策划（三明）,安利（中国）日用品有限公司,三明,0,制造业质量/检验（成本管理、抖音）,制造业质量/检验（图文平台、性能检测）
J3399,人力副主任专员,福建科达新能源科技有限公司,三明,0,制造业质量/检验（成本管理、抖音）,制造业质量/检验（图文平台、性能检测）
J3400,主管会计,福建尤溪皓扬纺织有限公司,三明,0,制造业质量/检验（成本管理、抖音）,制造业质量/检验（图文平台、性能检测）
J3401,计划专员,名佑(福建)食品有限公司,三明,0,制造业质量/检验（成本管理、抖音）,制造业质量/检验（图文平台、性能检测）
J3402,会计（福建三明）,福建永诚育种科技集团有限公司,三明,0,制造业质量/检验（成本管理、抖音）,供应链/物料/采购（物料管理、海外供应链）
J3403,财务BP/税务会计,三明市海斯福化工有限责任公司,三明,0,制造业质量/检验（成本管理、抖音）,制造业质量/检验（图文平台、性能检测）
J3404,解决方案专家（氟化工/矿山等制造业）,福建闽光软件股份有限公司,三明,0,制造业质量/检验（成本管理、抖音）,制造业质量/检验（图文平台、性能检测）
J3405,食品销售代表,正大集团,三明,0,制造业质量/检验（成本管理、抖音）,制造业质量/检验（图文平台、性能检测）
J3406,市区业务部责任人,民生人寿保险股份有限公司,三明,0,制造业质量/检验（成本管理、抖音）,供应链/物料/采购（物料管理、海外供应链）
J3407,跨境电商事业共创伙伴,莆田市荔城区达克莱伊信息技术有限责任公司,三明,0,制造业质量/检验（成本管理、抖音）,制造业质量/检验（图文平台、性能检测）
J3408,淘宝闪购 市场专员 早九晚六,三明市见谦网络科技有限公司,三明,0,制造业质量/检验（成本管理、抖音）,制造业质量/检验（图文平台、性能检测）
J3409,市场营销主任（三明）,安利（中国）日用品有限公司,三明,0,制造业质量/检验（成本管理、抖音）,制造业质量/检验（图文平台、性能检测）
J3410,销售储备干部,泰康养老保险股份有限公司福建分公司,三明,0,制造业质量/检验（成本管理、抖音）,制造业质量/检验（图文平台、性能检测）
J3411,营养主管,明一国际,三明,0,制造业质量/检验（成本管理、抖音）,制造业质量/检验（图文平台、性能检测）
J3412,营养部长,明一国际,三明,0,制造业质量/检验（成本管理、抖音）,制造业质量/检验（图文平台、性能检测）
J3413,液态奶生产经理,明一国际,三明,0,制造业质量/检验（成本管理、抖音）,制造业质量/检验（图文平台、性能检测）
J3414,供应商质量工程师,福建科达新能源科技有限公司,三明,3,软件测试（信号测试、安全测试）,—
J3415,淘宝闪购市场专员（五险+无责底薪）,三明市见谦网络科技有限公司,三明,0,制造业质量/检验（成本管理、抖音）,制造业质量/检验（图文平台、性能检测）
J3416,软件开发工程师,福建栢合冷链仓储管理有限公司,莆田,4,后端开发（hibernate、linux开发）,—
J3417,后端开发工程师,三棵树涂料股份有限公司,莆田,4,后端开发（hibernate、linux开发）,—
J3418,软件工程师,佳通轮胎（中国）投资有限公司,莆田,4,后端开发（hibernate、linux开发）,—
J3419,系统技术员(布料系统部),华峰华锦有限公司,莆田,0,制造业质量/检验（成本管理、抖音）,Java/后端（spring、mybatis）
J3420,it专员,福建莆田意立得制鞋有限公司,莆田,0,制造业质量/检验（成本管理、抖音）,制造业质量/检验（图文平台、性能检测）
J3421,信息化项目工程师,福建基诺厚普生物科技有限公司,莆田,0,制造业质量/检验（成本管理、抖音）,Java/后端（spring、mybatis）
J3422,C++青少儿编程教师,莆田市城厢区学而知之校外托管服务有限公司,莆田,4,后端开发（hibernate、linux开发）,—
J3423,流程制度管培生,福建永荣控股集团有限公司,莆田,0,制造业质量/检验（成本管理、抖音）,制造业质量/检验（图文平台、性能检测）
J3424,ITBP,福建赛隆科技有限公司,莆田,0,制造业质量/检验（成本管理、抖音）,制造业质量/检验（图文平台、性能检测）
J3425,亚马逊产品开发专员,莆田君创网络科技有限公司,莆田,6,产品/项目管理（国内市场、需求分析）,—
J3426,ERP实施实习生（财务模块-BASE莆田）,用友网络科技股份有限公司厦门分公司,莆田,1,运维/云与网络（分布式电站、空调工程）,—
J3427,理财顾问,长城证券,莆田,0,制造业质量/检验（成本管理、抖音）,制造业质量/检验（图文平台、性能检测）
J3428,系统架构师,佳通轮胎（中国）投资有限公司,莆田,0,制造业质量/检验（成本管理、抖音）,制造业质量/检验（图文平台、性能检测）
J3429,IT经理,福建莆田意立得制鞋有限公司,莆田,0,制造业质量/检验（成本管理、抖音）,制造业质量/检验（图文平台、性能检测）
J3430,系统实施工程师（福建莆田）,华峰华锦有限公司,莆田,1,运维/云与网络（分布式电站、空调工程）,—
J3431,IT总监,华峰华锦有限公司,莆田,0,制造业质量/检验（成本管理、抖音）,制造业质量/检验（图文平台、性能检测）
J3432,中台数据专员,汕头市金帆信息技术有限公司,莆田,0,制造业质量/检验（成本管理、抖音）,数据/统计分析（数据建模、统计学）
J3433,数据分析师,莆田市曦盛嘉业科技有限公司,莆田,2,数据分析/BI（数仓开发、kettle）,—
J3434,数据分析专员,北京幸福口腔医院管理有限公司,莆田,2,数据分析/BI（数仓开发、kettle）,—
J3435,辅助驾驶数据实习生（在福建福州上班）,福州云之景科技有限公司,莆田,0,制造业质量/检验（成本管理、抖音）,制造业质量/检验（图文平台、性能检测）
J3436,网络运维工程师(J10507),南威软件股份有限公司,莆田,1,运维/云与网络（分布式电站、空调工程）,—
J3437,AI智能自动化工程师（会OPenclaw）,河南牛人设计网络科技有限公司,莆田,0,制造业质量/检验（成本管理、抖音）,制造业质量/检验（图文平台、性能检测）
J3438,数据库运维工程师,华峰华锦有限公司,莆田,1,运维/云与网络（分布式电站、空调工程）,—
J3439,AI软件销售经理,福建省金帆云信息技术咨询有限公司,莆田,0,制造业质量/检验（成本管理、抖音）,制造业质量/检验（图文平台、性能检测）
J3440,后端开发工程师,三棵树涂料股份有限公司,莆田,4,后端开发（hibernate、linux开发）,—
J3441,无人驾驶数据实习生（在福州上班）,福州云之景科技有限公司,莆田,0,制造业质量/检验（成本管理、抖音）,制造业质量/检验（图文平台、性能检测）
J3442,数据库运维工程师DBA,华峰华锦有限公司,莆田,1,运维/云与网络（分布式电站、空调工程）,—
J3443,UPS电池调试&售后工程师,福建省微行低空科技有限公司,莆田,0,制造业质量/检验（成本管理、抖音）,Java/后端（spring、mybatis）
J3444,食品厂品控经理,天喔(武汉)食品有限公司,莆田,0,制造业质量/检验（成本管理、抖音）,质量检验（qa、qc）
J3445,质量部长,福建省威诺数控有限公司,莆田,0,制造业质量/检验（成本管理、抖音）,制造业质量/检验（图文平台、性能检测）
J3446,品管主管,福建省水手食品有限公司,莆田,0,制造业质量/检验（成本管理、抖音）,制造业质量/检验（图文平台、性能检测）
J3447,质量管理经理,福建省红太阳精品有限公司,莆田,0,制造业质量/检验（成本管理、抖音）,质量检验（qa、qc）
J3448,不穿无尘服普工检测员+坐班+260一天,贵州弘盛云聘企业管理有限公司,莆田,0,制造业质量/检验（成本管理、抖音）,制造业质量/检验（图文平台、性能检测）
J3449,木材检测师,深圳市深国检珠宝检测有限公司,莆田,0,制造业质量/检验（成本管理、抖音）,制造业质量/检验（图文平台、性能检测）
J3450,品检,莆田市乾泓科技有限公司,莆田,0,制造业质量/检验（成本管理、抖音）,制造业质量/检验（图文平台、性能检测）
J3451,机械工程师,佳通轮胎（中国）投资有限公司,莆田,0,制造业质量/检验（成本管理、抖音）,电子/半导体/设备（测试、自动化设计）
J3452,品检员,莆田市浩源木业有限公司,莆田,0,制造业质量/检验（成本管理、抖音）,制造业质量/检验（图文平台、性能检测）
J3453,品管经理,福建省红太阳精品有限公司,莆田,0,制造业质量/检验（成本管理、抖音）,制造业质量/检验（图文平台、性能检测）
J3454,电气工程师,佳通轮胎（中国）投资有限公司,莆田,0,制造业质量/检验（成本管理、抖音）,制造业质量/检验（图文平台、性能检测）
J3455,大华派单-莆田,深圳舟航信息科技有限公司,莆田,0,制造业质量/检验（成本管理、抖音）,制造业质量/检验（图文平台、性能检测）
J3456,运维值班员-福建莆田,山东省工业设备安装集团有限公司,莆田,1,运维/云与网络（分布式电站、空调工程）,—
J3457,在线监测运营工程师（福建）,力合科技(湖南)股份有限公司,莆田,0,制造业质量/检验（成本管理、抖音）,制造业质量/检验（图文平台、性能检测）
J3458,污废水运维工,厦门绿湾环保科技有限公司,莆田,1,运维/云与网络（分布式电站、空调工程）,—
J3459,网络工程师,福建基诺厚普生物科技有限公司,莆田,1,运维/云与网络（分布式电站、空调工程）,—
J3460,大气运维工程师（莆田）,广州华粤科技有限公司,莆田,1,运维/云与网络（分布式电站、空调工程）,—
J3461,光伏电站运维值长-福建莆田-六险一金,山东省工业设备安装集团有限公司,莆田,1,运维/云与网络（分布式电站、空调工程）,—
J3462,光伏电站运维值长-福建莆田,山东省工业设备安装集团有限公司,莆田,1,运维/云与网络（分布式电站、空调工程）,—
J3463,污废水运维（夜班）,厦门绿湾环保科技有限公司,莆田,1,运维/云与网络（分布式电站、空调工程）,—
J3464,电力工程师,华峰华锦有限公司,莆田,0,制造业质量/检验（成本管理、抖音）,制造业质量/检验（图文平台、性能检测）
J3465,电力工程师,华峰华锦有限公司,莆田,0,制造业质量/检验（成本管理、抖音）,制造业质量/检验（图文平台、性能检测）
J3466,中台数据专员,汕头市金帆信息技术有限公司,莆田,0,制造业质量/检验（成本管理、抖音）,数据/统计分析（数据建模、统计学）
J3467,数据分析师,莆田市曦盛嘉业科技有限公司,莆田,2,数据分析/BI（数仓开发、kettle）,—
J3468,跨境电商运营助理,福建莆田市鸿云企业管理有限公司,莆田,0,制造业质量/检验（成本管理、抖音）,制造业质量/检验（图文平台、性能检测）
J3469,采购助理,莆田优品企业管理有限责任公司,莆田,0,制造业质量/检验（成本管理、抖音）,供应链/物料/采购（物料管理、海外供应链）
J3470,工艺工程师,佳通轮胎（中国）投资有限公司,莆田,0,制造业质量/检验（成本管理、抖音）,制造业质量/检验（图文平台、性能检测）
J3471,跨境电商运营,莆田湄洲湾北岸经济开发区棋泽贸易有限公司,莆田,0,制造业质量/检验（成本管理、抖音）,制造业质量/检验（图文平台、性能检测）
J3472,电商商务,福建省红太阳精品有限公司,莆田,0,制造业质量/检验（成本管理、抖音）,制造业质量/检验（图文平台、性能检测）
J3473,高级融资经理,三棵树涂料股份有限公司,莆田,0,制造业质量/检验（成本管理、抖音）,供应链/物料/采购（物料管理、海外供应链）
J3474,运动鞋报价业务助理,厦门阳捷进出口有限公司,莆田,0,制造业质量/检验（成本管理、抖音）,制造业质量/检验（图文平台、性能检测）
J3475,流程管理专家,福建赛隆科技有限公司,莆田,0,制造业质量/检验（成本管理、抖音）,供应链/物料/采购（物料管理、海外供应链）
J3476,电商助理,仙游县鲤城丰顺百货商行,莆田,0,制造业质量/检验（成本管理、抖音）,供应链/物料/采购（物料管理、海外供应链）
J3477,文员,福建省中伟体育用品有限公司,莆田,0,制造业质量/检验（成本管理、抖音）,制造业质量/检验（图文平台、性能检测）
J3478,拼多多运营,才子服饰股份有限公司,莆田,0,制造业质量/检验（成本管理、抖音）,制造业质量/检验（图文平台、性能检测）
J3479,薪酬绩效经理,河南淼泓信息工程有限公司,莆田,0,制造业质量/检验（成本管理、抖音）,供应链/物料/采购（物料管理、海外供应链）
J3480,营运主管,上海中骏置业有限公司,莆田,0,制造业质量/检验（成本管理、抖音）,供应链/物料/采购（物料管理、海外供应链）
J3481,电商运营,厦门应跃潮贸易有限公司,莆田,0,制造业质量/检验（成本管理、抖音）,制造业质量/检验（图文平台、性能检测）
J3482,研发技术员,亚明食品,莆田,0,制造业质量/检验（成本管理、抖音）,制造业质量/检验（图文平台、性能检测）
J3483,中台经理,汕头市金帆信息技术有限公司,莆田,0,制造业质量/检验（成本管理、抖音）,供应链/物料/采购（物料管理、海外供应链）
J3484,门店运营（莆田）,福建卓融信息技术有限公司,莆田,0,制造业质量/检验（成本管理、抖音）,制造业质量/检验（图文平台、性能检测）
J3485,温德姆酒店副总经理,福建旷远(集团)有限公司,莆田,0,制造业质量/检验（成本管理、抖音）,制造业质量/检验（图文平台、性能检测）
J3486,业务部副经理（仙游）,华润雪花,莆田,0,制造业质量/检验（成本管理、抖音）,供应链/物料/采购（物料管理、海外供应链）
J3487,售前商务支持,福建省莆田市执转破管理咨询有限公司,莆田,0,制造业质量/检验（成本管理、抖音）,制造业质量/检验（图文平台、性能检测）
J3488,短视频运营,上海视天广告有限公司,莆田,0,制造业质量/检验（成本管理、抖音）,制造业质量/检验（图文平台、性能检测）
J3489,跨境电商运营,莆田市荔城区宏远启航电子商务有限公司,莆田,0,制造业质量/检验（成本管理、抖音）,制造业质量/检验（图文平台、性能检测）
J3490,总助/CEO助理/董事长助理,福建省红太阳精品有限公司,莆田,0,制造业质量/检验（成本管理、抖音）,供应链/物料/采购（物料管理、海外供应链）
J3491,工程研发文员,莆田市万泰五金有限公司,莆田,0,制造业质量/检验（成本管理、抖音）,制造业质量/检验（图文平台、性能检测）
J3492,生产管理人员,福联集成,莆田,0,制造业质量/检验（成本管理、抖音）,制造业质量/检验（图文平台、性能检测）
J3493,微影制程工程师,福建华佳彩有限公司,莆田,0,制造业质量/检验（成本管理、抖音）,制造业质量/检验（图文平台、性能检测）
J3494,亚马逊选品开发（五险一金大小周）,莆田市希永贸易有限公司,莆田,0,制造业质量/检验（成本管理、抖音）,制造业质量/检验（图文平台、性能检测）
J3495,采购经理/主管,三棵树涂料股份有限公司,莆田,0,制造业质量/检验（成本管理、抖音）,供应链/物料/采购（物料管理、海外供应链）
J3496,外贸业务主管,澳普物联(福建)有限公司,莆田,0,制造业质量/检验（成本管理、抖音）,制造业质量/检验（图文平台、性能检测）
J3497,人才发展经理,华峰华锦有限公司,莆田,0,制造业质量/检验（成本管理、抖音）,制造业质量/检验（图文平台、性能检测）
J3498,电商商务总监助理,鲸动科技(莆田)有限公司,莆田,0,制造业质量/检验（成本管理、抖音）,供应链/物料/采购（物料管理、海外供应链）
J3499,主播运营,莆田市荔城区乐奇日用品店(个体工商户),莆田,0,制造业质量/检验（成本管理、抖音）,制造业质量/检验（图文平台、性能检测）
J3500,线上客服,莆田市荔城区西天尾镇余贤财小餐饮店(个体工商户),莆田,0,制造业质量/检验（成本管理、抖音）,制造业质量/检验（图文平台、性能检测）
J3501,销售管理经理,福建省水手食品有限公司,莆田,0,制造业质量/检验（成本管理、抖音）,供应链/物料/采购（物料管理、海外供应链）
J3502,电商财务BP经理,青春之家(福建)体育用品有限公司,莆田,0,制造业质量/检验（成本管理、抖音）,供应链/物料/采购（物料管理、海外供应链）
J3503,零售营销推动岗,厦门银行股份有限公司,莆田,0,制造业质量/检验（成本管理、抖音）,制造业质量/检验（图文平台、性能检测）
J3504,人事总监,福建基诺厚普生物科技有限公司,莆田,0,制造业质量/检验（成本管理、抖音）,制造业质量/检验（图文平台、性能检测）
J3505,SEA专员,福建莆田意立得制鞋有限公司,莆田,0,制造业质量/检验（成本管理、抖音）,制造业质量/检验（图文平台、性能检测）
J3506,天猫淘宝运营店长,莆田市杜伽略电子商务有限公司,莆田,0,制造业质量/检验（成本管理、抖音）,制造业质量/检验（图文平台、性能检测）
J3507,短视频编导,莆田市壹诺红木家具有限公司,莆田,0,制造业质量/检验（成本管理、抖音）,制造业质量/检验（图文平台、性能检测）
J3508,系列经理+7K+五险一金,广东千城人力资源有限公司,莆田,0,制造业质量/检验（成本管理、抖音）,制造业质量/检验（图文平台、性能检测）
J3509,亚马逊跨境电商运营,莆田君创网络科技有限公司,莆田,0,制造业质量/检验（成本管理、抖音）,供应链/物料/采购（物料管理、海外供应链）
J3510,人才发展经理,福建赛隆科技有限公司,莆田,0,制造业质量/检验（成本管理、抖音）,制造业质量/检验（图文平台、性能检测）
J3511,国内电商运营,仙游友幸鑫贸易有限公司,莆田,0,制造业质量/检验（成本管理、抖音）,制造业质量/检验（图文平台、性能检测）
J3512,储备区总-莆田,北京查博士科技股份有限公司,莆田,0,制造业质量/检验（成本管理、抖音）,制造业质量/检验（图文平台、性能检测）
J3513,汽车售后招揽专员,莆田锦宝汽车销售服务有限公司,莆田,0,制造业质量/检验（成本管理、抖音）,制造业质量/检验（图文平台、性能检测）
J3514,亚马逊运营专员,莆田市希永贸易有限公司,莆田,0,制造业质量/检验（成本管理、抖音）,制造业质量/检验（图文平台、性能检测）
J3515,总账会计,亚明食品,莆田,0,制造业质量/检验（成本管理、抖音）,制造业质量/检验（图文平台、性能检测）
J3516,行政物资管理（荔城区）,福建栢合冷链仓储管理有限公司,莆田,0,制造业质量/检验（成本管理、抖音）,制造业质量/检验（图文平台、性能检测）
J3517,招聘助理经理,赛得利（福建）纤维有限公司,莆田,0,制造业质量/检验（成本管理、抖音）,制造业质量/检验（图文平台、性能检测）
J3518,会计,东方海钾(莆田)海洋科技有限公司,莆田,0,制造业质量/检验（成本管理、抖音）,制造业质量/检验（图文平台、性能检测）
J3519,总经理肋理,庄严苑工艺品有限公司,莆田,0,制造业质量/检验（成本管理、抖音）,制造业质量/检验（图文平台、性能检测）
J3520,零售培训经理/主管,方家铺子,莆田,0,制造业质量/检验（成本管理、抖音）,制造业质量/检验（图文平台、性能检测）
J3521,新媒体运营,福建省颐硕企业管理有限公司,莆田,0,制造业质量/检验（成本管理、抖音）,制造业质量/检验（图文平台、性能检测）
J3522,原材料采购经理,三棵树涂料股份有限公司,莆田,0,制造业质量/检验（成本管理、抖音）,供应链/物料/采购（物料管理、海外供应链）
J3523,食品销售代表,正大集团,莆田,0,制造业质量/检验（成本管理、抖音）,制造业质量/检验（图文平台、性能检测）
J3524,生产主管,福建省红太阳精品有限公司,莆田,0,制造业质量/检验（成本管理、抖音）,制造业质量/检验（图文平台、性能检测）
J3525,会计,仙游县鸿腾财务咨询服务中心,莆田,0,制造业质量/检验（成本管理、抖音）,制造业质量/检验（图文平台、性能检测）
J3526,人力经理/人力高级经理,华峰华锦有限公司,莆田,0,制造业质量/检验（成本管理、抖音）,制造业质量/检验（图文平台、性能检测）
J3527,总账会计,福建基诺厚普生物科技有限公司,莆田,0,制造业质量/检验（成本管理、抖音）,制造业质量/检验（图文平台、性能检测）
J3528,会计,莆田市万盛工贸有限公司,莆田,0,制造业质量/检验（成本管理、抖音）,制造业质量/检验（图文平台、性能检测）
J3529,财税咨询师,福州智会云财税咨询有限公司,莆田,0,制造业质量/检验（成本管理、抖音）,制造业质量/检验（图文平台、性能检测）
J3530,沪闽赣市场推广经理（饮料）,广东轻上生物科技有限公司,莆田,0,制造业质量/检验（成本管理、抖音）,制造业质量/检验（图文平台、性能检测）
J3531,物理学科负责人,莆田市学必达文教投资管理有限公司,莆田,0,制造业质量/检验（成本管理、抖音）,制造业质量/检验（图文平台、性能检测）
J3532,区域业务代表,湖北博奥食品股份有限公司,莆田,0,制造业质量/检验（成本管理、抖音）,供应链/物料/采购（物料管理、海外供应链）
J3533,运营专员,莆田市曦盛嘉业科技有限公司,莆田,0,制造业质量/检验（成本管理、抖音）,制造业质量/检验（图文平台、性能检测）
J3534,亚马逊运营（五险一金大小周）,莆田市希永贸易有限公司,莆田,0,制造业质量/检验（成本管理、抖音）,制造业质量/检验（图文平台、性能检测）
J3535,私域运营助理,莆田市荔城区北梧集商贸商行(个体工商户),莆田,0,制造业质量/检验（成本管理、抖音）,制造业质量/检验（图文平台、性能检测）
J3536,众包经理,福建大成开慧商业管理有限公司,莆田,0,制造业质量/检验（成本管理、抖音）,制造业质量/检验（图文平台、性能检测）
J3537,能源工程师/总工程师,华峰华锦有限公司,莆田,0,制造业质量/检验（成本管理、抖音）,制造业质量/检验（图文平台、性能检测）
J3538,采购经理,三棵树涂料股份有限公司,莆田,0,制造业质量/检验（成本管理、抖音）,供应链/物料/采购（物料管理、海外供应链）
J3539,采购员,东方海钾(莆田)海洋科技有限公司,莆田,0,制造业质量/检验（成本管理、抖音）,供应链/物料/采购（物料管理、海外供应链）
J3540,售服工程师,福建赛隆科技有限公司,莆田,0,制造业质量/检验（成本管理、抖音）,制造业质量/检验（图文平台、性能检测）
J3541,财务经理（工作地点：莆田）,方家铺子,莆田,0,制造业质量/检验（成本管理、抖音）,制造业质量/检验（图文平台、性能检测）
J3542,采购经理,东方海钾(莆田)海洋科技有限公司,莆田,0,制造业质量/检验（成本管理、抖音）,供应链/物料/采购（物料管理、海外供应链）
J3543,采购主管/高级专员,东方海钾(莆田)海洋科技有限公司,莆田,0,制造业质量/检验（成本管理、抖音）,供应链/物料/采购（物料管理、海外供应链）
J3544,采购工程师,三棵树涂料股份有限公司,莆田,0,制造业质量/检验（成本管理、抖音）,供应链/物料/采购（物料管理、海外供应链）
J3545,原材料采购工程师,三棵树涂料股份有限公司,莆田,0,制造业质量/检验（成本管理、抖音）,供应链/物料/采购（物料管理、海外供应链）
J3546,财务经理,东方海钾(莆田)海洋科技有限公司,莆田,0,制造业质量/检验（成本管理、抖音）,供应链/物料/采购（物料管理、海外供应链）
J3547,招聘经理,华峰华锦有限公司,莆田,0,制造业质量/检验（成本管理、抖音）,制造业质量/检验（图文平台、性能检测）
J3548,销售文员,庄严苑工艺品有限公司,莆田,0,制造业质量/检验（成本管理、抖音）,制造业质量/检验（图文平台、性能检测）
J3549,招聘经理,华峰华锦有限公司,莆田,0,制造业质量/检验（成本管理、抖音）,制造业质量/检验（图文平台、性能检测）
J3550,制剂研究员（固体制剂）,福建基诺厚普生物科技有限公司,莆田,0,制造业质量/检验（成本管理、抖音）,制造业质量/检验（图文平台、性能检测）
J3551,制剂研究员（注射剂/冻干粉方向）,福建基诺厚普生物科技有限公司,莆田,0,制造业质量/检验（成本管理、抖音）,制造业质量/检验（图文平台、性能检测）
J3552,招聘主办/课长,华峰华锦有限公司,莆田,0,制造业质量/检验（成本管理、抖音）,制造业质量/检验（图文平台、性能检测）
J3553,会计,庄严苑工艺品有限公司,莆田,0,制造业质量/检验（成本管理、抖音）,制造业质量/检验（图文平台、性能检测）
J3554,高级软件开发工程师,常熟市奥特软件技术有限公司,苏州,4,后端开发（hibernate、linux开发）,—
J3555,.net软件工程师,苏州拓迪软件科技有限公司,苏州,4,后端开发（hibernate、linux开发）,—
J3556,嵌入式软件工程师,大豪科技,苏州,5,嵌入式/硬件（rtos、32位单片机）,—
J3557,mes开发,厦门至恒融兴信息技术股份有限公司,苏州,0,制造业质量/检验（成本管理、抖音）,Java/后端（spring、mybatis）
J3558,java软件开发工程师,苏州汇编智能科技有限公司,苏州,4,后端开发（hibernate、linux开发）,—
J3559,后端工程师,国能氢创科技(北京)有限责任公司,苏州,4,后端开发（hibernate、linux开发）,—
J3560,软件工程师,苏州小牛自动化设备有限公司,苏州,4,后端开发（hibernate、linux开发）,—
J3561,IT工程师（erp方向）,和谐山川电子科技(常熟)有限公司,苏州,0,制造业质量/检验（成本管理、抖音）,制造业质量/检验（图文平台、性能检测）
J3562,鼎捷ERP开发,江苏帝航工业科技股份有限公司,苏州,0,制造业质量/检验（成本管理、抖音）,制造业质量/检验（图文平台、性能检测）
J3563,软件开发工程师,苏州英特模科技股份有限公司,苏州,4,后端开发（hibernate、linux开发）,—
J3564,测试工程师,三一集团有限公司,苏州,3,软件测试（信号测试、安全测试）,—
J3565,MES运维高级工程师,优途人力资源(武汉)有限公司,苏州,1,运维/云与网络（分布式电站、空调工程）,—
J3566,AI应用开发工程师（3D方向）,苏州紫荆桃李科技有限公司,苏州,4,后端开发（hibernate、linux开发）,—
J3567,研发工程师（优先招录应届一本/211/985）,常熟市景弘盛通信科技股份有限公司,苏州,0,制造业质量/检验（成本管理、抖音）,制造业质量/检验（图文平台、性能检测）
J3568,嵌入式软件工程师（常熟）,兴威联电气SVLEC,苏州,5,嵌入式/硬件（rtos、32位单片机）,—
J3569,软件开发工程师（上位机C#）,芯慧联芯(江苏)科技有限公司,苏州,4,后端开发（hibernate、linux开发）,—
J3570,底层软件开发主任工程师,深圳市航盛电子股份有限公司,苏州,0,制造业质量/检验（成本管理、抖音）,制造业质量/检验（图文平台、性能检测）
J3571,软件工程师(J10321),江苏博涛智能热工股份有限公司,苏州,4,后端开发（hibernate、linux开发）,—
J3572,上位机软件开发工程师,苏州东衡数控电子有限公司,苏州,4,后端开发（hibernate、linux开发）,—
J3573,c#开发工程师（wms）,江苏中和动能科技有限公司,苏州,4,后端开发（hibernate、linux开发）,—
J3574,EPM/OPM（果链+英语）,立讯智造科技(常熟)有限公司,苏州,0,制造业质量/检验（成本管理、抖音）,制造业质量/检验（图文平台、性能检测）
J3575,技术开发总监,苏州易缆微半导体技术有限公司,苏州,0,制造业质量/检验（成本管理、抖音）,制造业质量/检验（图文平台、性能检测）
J3576,java工程师,厦门至恒融兴信息技术股份有限公司,苏州,4,后端开发（hibernate、linux开发）,—
J3577,MES开发工程师,苏州汇编智能科技有限公司,苏州,4,后端开发（hibernate、linux开发）,—
J3578,软件工程师,大豪科技,苏州,4,后端开发（hibernate、linux开发）,—
J3579,后端开发实习生,苏州杄云互联科技有限公司,苏州,4,后端开发（hibernate、linux开发）,—
J3580,软件工程师,苏州拓迪软件科技有限公司,苏州,4,后端开发（hibernate、linux开发）,—
J3581,系统管理员,陕西鸿程铭途建筑装饰有限公司,苏州,1,运维/云与网络（分布式电站、空调工程）,—
J3582,初级全栈工程师,温达(苏州)新风科技有限公司,苏州,8,前端开发（web前端、erp项目）,—
J3583,APS(高级生产排程系统)开发工程师,苏州汇编智能科技有限公司,苏州,4,后端开发（hibernate、linux开发）,—
J3584,上位机开发工程师,苏州汇编智能科技有限公司,苏州,4,后端开发（hibernate、linux开发）,—
J3585,C#软件工程师,苏州拓迪软件科技有限公司,苏州,4,后端开发（hibernate、linux开发）,—
J3586,c语言开发工程师,常熟市奥特软件技术有限公司,苏州,4,后端开发（hibernate、linux开发）,—
J3587,变速箱软件开发工程师,三一集团有限公司,苏州,4,后端开发（hibernate、linux开发）,—
J3588,变速箱软件开发工程师,三一集团有限公司,苏州,4,后端开发（hibernate、linux开发）,—
J3589,流程与项目开发工程师,江苏帝航工业科技股份有限公司,苏州,4,后端开发（hibernate、linux开发）,—
J3590,后端开发工程师,兴威联电气SVLEC,苏州,4,后端开发（hibernate、linux开发）,—
J3591,C#,苏州拓迪软件科技有限公司,苏州,0,制造业质量/检验（成本管理、抖音）,Java/后端（spring、mybatis）
J3592,java工程师助理,温达(苏州)新风科技有限公司,苏州,4,后端开发（hibernate、linux开发）,—
J3593,AI 数字化转型专员,中谷能源装备(江苏)有限公司,苏州,7,算法/人工智能（智能驾驶、传感器融合）,—
J3594,机器视觉算法工程师,芯慧联芯(江苏)科技有限公司,苏州,7,算法/人工智能（智能驾驶、传感器融合）,—
J3595,证券投资顾问,东吴证券股份有限公司常熟商城中路证券营业部,苏州,0,制造业质量/检验（成本管理、抖音）,数据/统计分析（数据建模、统计学）
J3596,有机合成研究员（ADC方向）,康羽生命科学技术(苏州)有限公司,苏州,0,制造业质量/检验（成本管理、抖音）,制造业质量/检验（图文平台、性能检测）
J3597,计算机视觉算法工程师,苏州汇编智能科技有限公司,苏州,7,算法/人工智能（智能驾驶、传感器融合）,—
J3598,FPC/PCBA产品治具测试工程师,江苏星连达精密工业设备有限公司,苏州,3,软件测试（信号测试、安全测试）,—
J3599,座舱开发-国际语音,达普信,苏州,0,制造业质量/检验（成本管理、抖音）,硬件/仪器/自动化（组态软件、scratch）
J3600,电控软件测试工程师,三一集团有限公司,苏州,3,软件测试（信号测试、安全测试）,—
J3601,软件调试工程师,哈尔滨船海智能装备科技有限公司,苏州,0,制造业质量/检验（成本管理、抖音）,硬件/仪器/自动化（组态软件、scratch）
J3602,（外包-头部医药行业）数据科学与AI实习生Digi…,上海任仕达人才服务有限公司,苏州,0,制造业质量/检验（成本管理、抖音）,算法/AI 应用（tensorflow、vit）
J3603,ai算法工程师,格物汽车科技(苏州)有限公司,苏州,7,算法/人工智能（智能驾驶、传感器融合）,—
J3604,机器学习与信号处理算法,锐仕方达人才科技集团有限公司,苏州,7,算法/人工智能（智能驾驶、传感器融合）,—
J3605,数字孪生UE开发工程师（UE5方向）,斗山(北京)系统集成有限公司,苏州,4,后端开发（hibernate、linux开发）,—
J3606,上位机软件开发工程师,苏州光科鑫电子科技有限公司,苏州,4,后端开发（hibernate、linux开发）,—
J3607,软件工程师,山东恒工智能制造有限公司,苏州,4,后端开发（hibernate、linux开发）,—
J3608,结构工程实习生,苏州紫荆桃李科技有限公司,苏州,0,制造业质量/检验（成本管理、抖音）,硬件/仪器/自动化（组态软件、scratch）
J3609,软件测试员,越田(上海)信息科技有限公司常熟分公司,苏州,3,软件测试（信号测试、安全测试）,—
J3610,测试类电子工程师,江苏星连达精密工业设备有限公司,苏州,3,软件测试（信号测试、安全测试）,—
J3611,互联网金融岗,常熟市启航创科科技有限公司,苏州,0,制造业质量/检验（成本管理、抖音）,制造业质量/检验（图文平台、性能检测）
J3612,网络运维,南京智银企业服务有限公司,苏州,1,运维/云与网络（分布式电站、空调工程）,—
J3613,金融数据分析,常熟市启航创科科技有限公司,苏州,2,数据分析/BI（数仓开发、kettle）,—
J3614,vue前端开发工程师,苏州汇编智能科技有限公司,苏州,8,前端开发（web前端、erp项目）,—
J3615,C#,苏州拓迪软件科技有限公司,苏州,0,制造业质量/检验（成本管理、抖音）,制造业质量/检验（图文平台、性能检测）
J3616,后端开发工程师,兴威联电气SVLEC,苏州,4,后端开发（hibernate、linux开发）,—
J3617,嵌入式软件工程师,苏州西斯派克检测科技有限公司,苏州,5,嵌入式/硬件（rtos、32位单片机）,—
J3618,市场营销专员,常熟招商力宝妇产医院有限公司,苏州,0,制造业质量/检验（成本管理、抖音）,制造业质量/检验（图文平台、性能检测）
J3619,业务助理销售,苏州龙时汇达商业设备股份有限公司,苏州,0,制造业质量/检验（成本管理、抖音）,制造业质量/检验（图文平台、性能检测）
J3620,单片机嵌入式软件工程师,华凌光电(常熟)有限公司,苏州,5,嵌入式/硬件（rtos、32位单片机）,—
J3621,外贸销售工程师,苏州沃赫科技有限公司,苏州,0,制造业质量/检验（成本管理、抖音）,制造业质量/检验（图文平台、性能检测）
J3622,.net软件工程师,苏州拓迪软件科技有限公司,苏州,4,后端开发（hibernate、linux开发）,—
J3623,售后技术支持,威斯特科技(淮安)有限公司,苏州,0,制造业质量/检验（成本管理、抖音）,制造业质量/检验（图文平台、性能检测）
J3624,上位机助理工程师,阿瑞思自动化科技(苏州)有限公司,苏州,0,制造业质量/检验（成本管理、抖音）,制造业质量/检验（图文平台、性能检测）
J3625,QT工程师,哈尔滨船海智能装备科技有限公司,苏州,0,制造业质量/检验（成本管理、抖音）,制造业质量/检验（图文平台、性能检测）
J3626,技术支持工程师,常熟卓辉光电科技股份有限公司,苏州,0,制造业质量/检验（成本管理、抖音）,制造业质量/检验（图文平台、性能检测）
J3627,售后技术支持,首镭激光半导体科技(苏州)有限公司,苏州,0,制造业质量/检验（成本管理、抖音）,制造业质量/检验（图文平台、性能检测）
J3628,计算机通信系统集成工程师,十方星链(苏州)航天科技有限公司,苏州,0,制造业质量/检验（成本管理、抖音）,Java/后端（spring、mybatis）
J3629,电控软件开发工程师,三一集团有限公司,苏州,4,后端开发（hibernate、linux开发）,—
J3630,视觉/软件工程师,湖南三兴精密工业股份有限公司,苏州,7,算法/人工智能（智能驾驶、传感器融合）,—
J3631,汽车产品开发工程师,上海适途汽车技术有限公司,苏州,4,后端开发（hibernate、linux开发）,—
J3632,3c售后调试工程师,上海赞华实业有限公司,苏州,0,制造业质量/检验（成本管理、抖音）,制造业质量/检验（图文平台、性能检测）
J3633,labview开发工程师,中国汽研,苏州,4,后端开发（hibernate、linux开发）,—
J3634,电路开发工程师,江苏苏焱电子科技有限公司,苏州,4,后端开发（hibernate、linux开发）,—
J3635,应用技术工程师（售后方向）,芯慧联芯(江苏)科技有限公司,苏州,0,制造业质量/检验（成本管理、抖音）,制造业质量/检验（图文平台、性能检测）
J3636,嵌入式软硬件工程师,苏州华冷科技有限公司,苏州,5,嵌入式/硬件（rtos、32位单片机）,—
J3637,单片机嵌入式软件开发工程师,华凌光电(常熟)有限公司,苏州,5,嵌入式/硬件（rtos、32位单片机）,—
J3638,项目管理（汽车电驱）,立讯智造科技(常熟)有限公司,苏州,6,产品/项目管理（国内市场、需求分析）,—
J3639,变速箱标定工程师,三一集团有限公司,苏州,0,制造业质量/检验（成本管理、抖音）,制造业质量/检验（图文平台、性能检测）
J3640,技术研发工程师（托盘、箱体产品）(J10505),江苏帝航工业科技股份有限公司,苏州,6,产品/项目管理（国内市场、需求分析）,—
J3641,底盘标定测试技术负责人,格物汽车科技(苏州)有限公司,苏州,3,软件测试（信号测试、安全测试）,—
J3642,冲压研发工程师,慈聚新材科技(江苏)有限公司,苏州,0,制造业质量/检验（成本管理、抖音）,制造业质量/检验（图文平台、性能检测）
J3643,PE产品开发工程师,常熟华隆人力资源有限公司,苏州,4,后端开发（hibernate、linux开发）,—
J3644,CNC数控系统服务工程师,苏州沃赫科技有限公司,苏州,0,制造业质量/检验（成本管理、抖音）,制造业质量/检验（图文平台、性能检测）
J3645,底盘踏板开发工程师,阿科德斯(上海)技术工程有限公司,苏州,4,后端开发（hibernate、linux开发）,—
J3646,软件工程师,苏州拓迪软件科技有限公司,苏州,4,后端开发（hibernate、linux开发）,—
J3647,MES运维高级工程师,优途人力资源(武汉)有限公司,苏州,1,运维/云与网络（分布式电站、空调工程）,—
J3648,服务器售后工程师,金石易服(北京)科技有限公司,苏州,0,制造业质量/检验（成本管理、抖音）,制造业质量/检验（图文平台、性能检测）
J3649,3C售后调试+线上面试+通过率高,上海赞华实业有限公司,苏州,0,制造业质量/检验（成本管理、抖音）,制造业质量/检验（图文平台、性能检测）
J3650,PD（连接器）,立讯智造科技(常熟)有限公司,苏州,0,制造业质量/检验（成本管理、抖音）,制造业质量/检验（图文平台、性能检测）
J3651,EPM工程师/高工,立讯智造科技(常熟)有限公司,苏州,0,制造业质量/检验（成本管理、抖音）,制造业质量/检验（图文平台、性能检测）
J3652,研发工程师（过滤器）,三一集团有限公司,苏州,0,制造业质量/检验（成本管理、抖音）,制造业质量/检验（图文平台、性能检测）
J3653,底盘测试工程师,格物汽车科技(苏州)有限公司,苏州,3,软件测试（信号测试、安全测试）,—
J3654,机械工程师（四轮一带/减速机/回转支承/过滤器方向）,三一集团有限公司,苏州,0,制造业质量/检验（成本管理、抖音）,制造业质量/检验（图文平台、性能检测）
J3655,PD经理（英文流利）,立讯智造科技(常熟)有限公司,苏州,0,制造业质量/检验（成本管理、抖音）,制造业质量/检验（图文平台、性能检测）
J3656,PD工程师/高工,立讯智造科技(常熟)有限公司,苏州,0,制造业质量/检验（成本管理、抖音）,制造业质量/检验（图文平台、性能检测）
J3657,混动软件控制工程师,三一集团有限公司,苏州,0,制造业质量/检验（成本管理、抖音）,制造业质量/检验（图文平台、性能检测）
J3658,品质主管,苏州玖思利新材料有限公司,苏州,3,软件测试（信号测试、安全测试）,—
J3659,督办专员,三一集团有限公司,苏州,0,制造业质量/检验（成本管理、抖音）,制造业质量/检验（图文平台、性能检测）
J3660,品质助理工程师,首镭激光半导体科技(苏州)有限公司,苏州,3,软件测试（信号测试、安全测试）,—
J3661,测试技师,苏州英特模科技股份有限公司,苏州,3,软件测试（信号测试、安全测试）,—
J3662,电子测试工程师,苏州光科鑫电子科技有限公司,苏州,3,软件测试（信号测试、安全测试）,—
J3663,生产质量工程师,法雷奥照明湖北技术中心有限公司,苏州,3,软件测试（信号测试、安全测试）,—
J3664,质量主管,苏州楚硕汽车科技有限公司,苏州,0,制造业质量/检验（成本管理、抖音）,制造业质量/检验（图文平台、性能检测）
J3665,充电测试工程师,中国汽研,苏州,3,软件测试（信号测试、安全测试）,—
J3666,品质助工/工程师,华凌光电(常熟)有限公司,苏州,3,软件测试（信号测试、安全测试）,—
J3667,质量工程师,威斯特科技(淮安)有限公司,苏州,3,软件测试（信号测试、安全测试）,—
J3668,质量工程师QE,江苏中翼汽车新材料科技有限公司,苏州,3,软件测试（信号测试、安全测试）,—
J3669,品质课长,常熟市皓吉达电子科技有限公司,苏州,3,软件测试（信号测试、安全测试）,—
J3670,品保员,苏州荣基精密电子有限公司,苏州,0,制造业质量/检验（成本管理、抖音）,制造业质量/检验（图文平台、性能检测）
J3671,pqe质量工程师,卡赫投资(中国)有限公司,苏州,3,软件测试（信号测试、安全测试）,—
J3672,品质助理工程师,苏州德良齐科技有限公司,苏州,3,软件测试（信号测试、安全测试）,—
J3673,机械测试助理工程师,苏州华冷科技有限公司,苏州,3,软件测试（信号测试、安全测试）,—
J3674,品质工程师,苏州明鑫金属科技有限公司,苏州,3,软件测试（信号测试、安全测试）,—
J3675,质量管理（海外）(J10169),江苏帝航工业科技股份有限公司,苏州,0,制造业质量/检验（成本管理、抖音）,制造业质量/检验（图文平台、性能检测）
J3676,QA实验室测试员,苏州雪电制冷科技股份有限公司,苏州,3,软件测试（信号测试、安全测试）,—
J3677,质量主管,苏州泰升金属制品有限公司,苏州,0,制造业质量/检验（成本管理、抖音）,质量检验（qa、qc）
J3678,品质主管,苏州新通盛科技有限公司,苏州,3,软件测试（信号测试、安全测试）,—
J3679,品质工程师/品质主管,邦德散热科技(苏州)有限公司,苏州,3,软件测试（信号测试、安全测试）,—
J3680,质量工程师,三一集团有限公司,苏州,3,软件测试（信号测试、安全测试）,—
J3681,质量经理,常熟市金华机械股份有限公司,苏州,0,制造业质量/检验（成本管理、抖音）,制造业质量/检验（图文平台、性能检测）
J3682,测试工程师,苏州英特模科技股份有限公司,苏州,3,软件测试（信号测试、安全测试）,—
J3683,品质经理,佩维迪(苏州)纳米科技有限公司,苏州,3,软件测试（信号测试、安全测试）,—
J3684,质量工程师,常熟市宇洲辊轴机械制造有限公司,苏州,3,软件测试（信号测试、安全测试）,—
J3685,质量主管,江苏圣珀新材料科技有限公司,苏州,0,制造业质量/检验（成本管理、抖音）,质量检验（qa、qc）
J3686,品质主管,常熟欧亚浩金属材料科技有限公司,苏州,3,软件测试（信号测试、安全测试）,—
J3687,品质经理,常熟祥鑫汽配有限公司,苏州,3,软件测试（信号测试、安全测试）,—
J3688,品质经理_高工,立讯智造科技(常熟)有限公司,苏州,3,软件测试（信号测试、安全测试）,—
J3689,qe品质工程师,兴威联电气SVLEC,苏州,3,软件测试（信号测试、安全测试）,—
J3690,新能源电池测试工程师,安迪(苏州)检测科技有限公司,苏州,3,软件测试（信号测试、安全测试）,—
J3691,品质经理（电子制造业）,华凌光电(常熟)有限公司,苏州,3,软件测试（信号测试、安全测试）,—
J3692,QE质量工程师,常熟华隆人力资源有限公司,苏州,3,软件测试（信号测试、安全测试）,—
J3693,质量主管,常熟信雅达光电有限公司,苏州,0,制造业质量/检验（成本管理、抖音）,制造业质量/检验（图文平台、性能检测）
J3694,质量管理,常熟永祥镀铝有限公司,苏州,0,制造业质量/检验（成本管理、抖音）,制造业质量/检验（图文平台、性能检测）
J3695,质量工程师,苏州宝昱来智能装备有限公司,苏州,3,软件测试（信号测试、安全测试）,—
J3696,品质工程师,苏州玉存电子科技有限公司,苏州,3,软件测试（信号测试、安全测试）,—
J3697,质量适航经理,珠海领航复合材料科技有限公司,苏州,0,制造业质量/检验（成本管理、抖音）,制造业质量/检验（图文平台、性能检测）
J3698,电控测试工程师-可靠性测试-常熟,苏州英格玛服务外包股份有限公司,苏州,3,软件测试（信号测试、安全测试）,—
J3699,品质工程师,常熟市佳德汽车零部件有限公司,苏州,3,软件测试（信号测试、安全测试）,—
J3700,质量管培生,三一集团有限公司,苏州,0,制造业质量/检验（成本管理、抖音）,制造业质量/检验（图文平台、性能检测）
J3701,实验测试技术员,苏州华冷科技有限公司,苏州,3,软件测试（信号测试、安全测试）,—
J3702,表面处理QE,江苏中翼汽车新材料科技有限公司,苏州,0,制造业质量/检验（成本管理、抖音）,供应链/物料/采购（物料管理、海外供应链）
J3703,品质管理专员（工作地：江苏常熟）,上海进征电子工业有限公司,苏州,3,软件测试（信号测试、安全测试）,—
J3704,FT测试设备技术员,弘润半导体(苏州)有限公司,苏州,3,软件测试（信号测试、安全测试）,—
J3705,新能源质量经理,博天环境,苏州,0,制造业质量/检验（成本管理、抖音）,制造业质量/检验（图文平台、性能检测）
J3706,质量管理主任,苏州瀚海新材料有限公司,苏州,0,制造业质量/检验（成本管理、抖音）,制造业质量/检验（图文平台、性能检测）
J3707,电子厂品质管理专员,苏州瑞煜华电子科技有限公司,苏州,3,软件测试（信号测试、安全测试）,—
J3708,质量工程师,苏州市易和工贸有限公司,苏州,3,软件测试（信号测试、安全测试）,—
J3709,QE质量工程师,江苏苏焱电子科技有限公司,苏州,3,软件测试（信号测试、安全测试）,—
J3710,质量检验员,常熟市奥迅机械制造有限公司,苏州,0,制造业质量/检验（成本管理、抖音）,制造业质量/检验（图文平台、性能检测）
J3711,pqe质量工程师,江苏宇昊新能源科技有限公司,苏州,3,软件测试（信号测试、安全测试）,—
J3712,质控课长,常熟市长发铝业有限公司,苏州,0,制造业质量/检验（成本管理、抖音）,质量检验（qa、qc）
J3713,现场品控主管,拼多多,苏州,0,制造业质量/检验（成本管理、抖音）,制造业质量/检验（图文平台、性能检测）
J3714,质量工程师（高温合金精密铸造）,苏州高晶新材料科技有限公司,苏州,3,软件测试（信号测试、安全测试）,—
J3715,线缆QC工程师,常熟市景弘盛通信科技股份有限公司,苏州,0,制造业质量/检验（成本管理、抖音）,质量检验（qa、qc）
J3716,质量部经理,苏州维杰纺织有限公司,苏州,0,制造业质量/检验（成本管理、抖音）,质量检验（qa、qc）
J3717,品保课长/质量主管,华凌光电(常熟)有限公司,苏州,0,制造业质量/检验（成本管理、抖音）,质量检验（qa、qc）
J3718,品质工程师,苏州玖思利新材料有限公司,苏州,3,软件测试（信号测试、安全测试）,—
J3719,质量师,南京聚变航天信息科技有限公司,苏州,0,制造业质量/检验（成本管理、抖音）,制造业质量/检验（图文平台、性能检测）
J3720,日语质量工程师,日立压缩机(常熟)有限公司,苏州,3,软件测试（信号测试、安全测试）,—
J3721,过程质量工程师,三一集团有限公司,苏州,3,软件测试（信号测试、安全测试）,—
J3722,品质科长,佩维迪(苏州)纳米科技有限公司,苏州,3,软件测试（信号测试、安全测试）,—
J3723,品质主管,常熟市佳德汽车零部件有限公司,苏州,3,软件测试（信号测试、安全测试）,—
J3724,QE（注塑/冲压/喷涂）,立讯智造科技(常熟)有限公司,苏州,0,制造业质量/检验（成本管理、抖音）,制造业质量/检验（图文平台、性能检测）
J3725,QC Supervisor 质量主管 （要求英语口语）,霍曼(北京)贸易有限公司,苏州,0,制造业质量/检验（成本管理、抖音）,质量检验（qa、qc）
J3726,cqe客户质量工程师,常熟市兆恒众力精密机械有限公司,苏州,3,软件测试（信号测试、安全测试）,—
J3727,质量工程师(CQE),弘润半导体(苏州)有限公司,苏州,3,软件测试（信号测试、安全测试）,—
J3728,质量主管,江苏墨迅科技有限公司,苏州,0,制造业质量/检验（成本管理、抖音）,制造业质量/检验（图文平台、性能检测）
J3729,品控/品质主管,苏州尚臻半导体设备有限公司,苏州,3,软件测试（信号测试、安全测试）,—
J3730,品质副经理/主管,苏州海博科技有限公司,苏州,3,软件测试（信号测试、安全测试）,—
J3731,品质组长,常熟信雅达光电有限公司,苏州,3,软件测试（信号测试、安全测试）,—
J3732,质检主管,上海奥索斯自动化科技有限公司,苏州,0,制造业质量/检验（成本管理、抖音）,制造业质量/检验（图文平台、性能检测）
J3733,质量工程师,苏州西斯派克检测科技有限公司,苏州,3,软件测试（信号测试、安全测试）,—
J3734,食品质量经理,苏州法兰卡科技有限公司,苏州,3,软件测试（信号测试、安全测试）,—
J3735,质量工程师,苏州良基电子科技有限公司,苏州,3,软件测试（信号测试、安全测试）,—
J3736,质量部门负责人,北京微焓科技有限公司,苏州,0,制造业质量/检验（成本管理、抖音）,制造业质量/检验（图文平台、性能检测）
J3737,cqe客户质量工程师,华凌光电(常熟)有限公司,苏州,3,软件测试（信号测试、安全测试）,—
J3738,pqe质量工程师,苏州尼隆机电科技有限公司,苏州,3,软件测试（信号测试、安全测试）,—
J3739,研发试验工程师(J10143),江苏博涛智能热工股份有限公司,苏州,0,制造业质量/检验（成本管理、抖音）,制造业质量/检验（图文平台、性能检测）
J3740,品质领班,苏州市易和工贸有限公司,苏州,3,软件测试（信号测试、安全测试）,—
J3741,品控/品质主管,苏州荣基精密电子有限公司,苏州,3,软件测试（信号测试、安全测试）,—
J3742,过程质量主管,苏州楚硕汽车科技有限公司,苏州,0,制造业质量/检验（成本管理、抖音）,制造业质量/检验（图文平台、性能检测）
J3743,cqe客户质量工程师,苏州市福鼎电器有限公司,苏州,3,软件测试（信号测试、安全测试）,—
J3744,PQE工程师/经理,立讯智造科技(常熟)有限公司,苏州,0,制造业质量/检验（成本管理、抖音）,制造业质量/检验（图文平台、性能检测）
J3745,品质工程师,常熟市奥迅机械制造有限公司,苏州,3,软件测试（信号测试、安全测试）,—
J3746,过程管理工程师,三一集团有限公司,苏州,0,制造业质量/检验（成本管理、抖音）,制造业质量/检验（图文平台、性能检测）
J3747,质量主管（高温合金精密铸造）,苏州高晶新材料科技有限公司,苏州,0,制造业质量/检验（成本管理、抖音）,质量检验（qa、qc）
J3748,品质主管（自动化方向）,江苏伟拓智能制造科技有限公司,苏州,3,软件测试（信号测试、安全测试）,—
J3749,pqe质量工程师,苏州晟丰电子科技有限公司,苏州,3,软件测试（信号测试、安全测试）,—
J3750,ATE测试开发项目经理,弘润半导体(苏州)有限公司,苏州,3,软件测试（信号测试、安全测试）,—
J3751,品质管理课班长（工作地：江苏常熟）,上海进征电子工业有限公司,苏州,3,软件测试（信号测试、安全测试）,—
J3752,Labview测试工程师主设计,苏州光科鑫电子科技有限公司,苏州,3,软件测试（信号测试、安全测试）,—
J3753,cqe客户质量工程师,苏州汇峰汽配科技有限公司,苏州,3,软件测试（信号测试、安全测试）,—
J3754,QC测试团队-各级研究员-常熟(J16007),常熟药明康德新药开发有限公司,苏州,3,软件测试（信号测试、安全测试）,—
J3755,质量主管,苏州华冷科技有限公司,苏州,0,制造业质量/检验（成本管理、抖音）,质量检验（qa、qc）
J3756,品质科长,苏州东衡数控电子有限公司,苏州,3,软件测试（信号测试、安全测试）,—
J3757,品质主管,苏州耀康医疗科技有限公司,苏州,3,软件测试（信号测试、安全测试）,—
J3758,CNC机加工质量主管,常熟市兆恒众力精密机械有限公司,苏州,0,制造业质量/检验（成本管理、抖音）,制造业质量/检验（图文平台、性能检测）
J3759,资深质量（日语/英语）,日立压缩机(常熟)有限公司,苏州,0,制造业质量/检验（成本管理、抖音）,制造业质量/检验（图文平台、性能检测）
J3760,PEU电机控制器环境类测试工程师-六险一金-上市外企,万宝盛华企业管理咨询（上海）有限公司,苏州,3,软件测试（信号测试、安全测试）,—
J3761,质量经理（连接器）,立讯智造科技(常熟)有限公司,苏州,0,制造业质量/检验（成本管理、抖音）,质量检验（qa、qc）
J3762,工程电子助理工程师,华凌光电(常熟)有限公司,苏州,0,制造业质量/检验（成本管理、抖音）,电子/半导体/设备（测试、自动化设计）
J3763,研发质量工程师,三一集团有限公司,苏州,3,软件测试（信号测试、安全测试）,—
J3764,cqe客户质量工程师,常熟信雅达光电有限公司,苏州,3,软件测试（信号测试、安全测试）,—
J3765,实验室助理,苏州英格玛服务外包股份有限公司,苏州,0,制造业质量/检验（成本管理、抖音）,制造业质量/检验（图文平台、性能检测）
J3766,可靠性工程师,蓝星光域(上海)航天科技有限公司,苏州,0,制造业质量/检验（成本管理、抖音）,制造业质量/检验（图文平台、性能检测）
J3767,ATE测试工程师,弘润半导体(苏州)有限公司,苏州,3,软件测试（信号测试、安全测试）,—
J3768,品质主管,常熟市佳德汽车零部件有限公司,苏州,3,软件测试（信号测试、安全测试）,—
J3769,诚聘电工 月入8000（包住）,上海奥索斯自动化科技有限公司,苏州,0,制造业质量/检验（成本管理、抖音）,制造业质量/检验（图文平台、性能检测）
J3770,实验室出货检验,苏州泰升金属制品有限公司,苏州,0,制造业质量/检验（成本管理、抖音）,制造业质量/检验（图文平台、性能检测）
J3771,电子研发工程师,常熟市奥特软件技术有限公司,苏州,0,制造业质量/检验（成本管理、抖音）,制造业质量/检验（图文平台、性能检测）
J3772,检测工程师,华维检测技术(苏州)有限公司,苏州,0,制造业质量/检验（成本管理、抖音）,制造业质量/检验（图文平台、性能检测）
J3773,电子技术员,苏州科中方源电子科技有限公司,苏州,0,制造业质量/检验（成本管理、抖音）,电子/半导体/设备（测试、自动化设计）
J3774,FQC检验员,苏州晟丰电子科技有限公司,苏州,0,制造业质量/检验（成本管理、抖音）,供应链/物料/采购（物料管理、海外供应链）
J3775,ipqc检验员,苏州恒电能源动力科技有限公司,苏州,0,制造业质量/检验（成本管理、抖音）,制造业质量/检验（图文平台、性能检测）
J3776,质检工程师/质检员,江苏投特新能源有限公司,苏州,0,制造业质量/检验（成本管理、抖音）,制造业质量/检验（图文平台、性能检测）
J3777,制程巡检员,苏州楚硕汽车科技有限公司,苏州,0,制造业质量/检验（成本管理、抖音）,制造业质量/检验（图文平台、性能检测）
J3778,电气工程师 (MJ000074),常熟市龙腾特种钢有限公司,苏州,0,制造业质量/检验（成本管理、抖音）,制造业质量/检验（图文平台、性能检测）
J3779,ipqc检验员,苏州明鑫金属科技有限公司,苏州,0,制造业质量/检验（成本管理、抖音）,制造业质量/检验（图文平台、性能检测）
J3780,plc电气工程师,苏州尼硕库电子科技有限公司,苏州,0,制造业质量/检验（成本管理、抖音）,电子/半导体/设备（测试、自动化设计）
J3781,IQC来料检验员,迈瑞特长春汽车电子有限公司,苏州,0,制造业质量/检验（成本管理、抖音）,制造业质量/检验（图文平台、性能检测）
J3782,电气调试工程师,江苏星连达精密工业设备有限公司,苏州,0,制造业质量/检验（成本管理、抖音）,供应链/物料/采购（物料管理、海外供应链）
J3783,资深质量检验,联优机械(常熟)有限公司,苏州,0,制造业质量/检验（成本管理、抖音）,制造业质量/检验（图文平台、性能检测）
J3784,医疗器械电子工程师,弘福瑞昇(苏州)微创医疗科技有限公司,苏州,0,制造业质量/检验（成本管理、抖音）,制造业质量/检验（图文平台、性能检测）
J3785,产品质检员,苏州华冷科技有限公司,苏州,3,软件测试（信号测试、安全测试）,—
J3786,电气调试工程师,艾瑞斯计算机科技(苏州)有限公司,苏州,0,制造业质量/检验（成本管理、抖音）,电子/半导体/设备（测试、自动化设计）
J3787,检验员,苏州小牛自动化设备有限公司,苏州,0,制造业质量/检验（成本管理、抖音）,制造业质量/检验（图文平台、性能检测）
J3788,半导体测试设备工程师,弘润半导体(苏州)有限公司,苏州,3,软件测试（信号测试、安全测试）,—
J3789,qpm品质工程师,立讯智造科技(常熟)有限公司,苏州,3,软件测试（信号测试、安全测试）,—
J3790,研发岗（电气方向）,昆山威胜达环保设备有限公司,苏州,0,制造业质量/检验（成本管理、抖音）,电子/半导体/设备（测试、自动化设计）
J3791,电气工程师,苏州扬博大田冷却技术有限公司,苏州,0,制造业质量/检验（成本管理、抖音）,电子/半导体/设备（测试、自动化设计）
J3792,电气工程师,苏州圣特斯智能装备有限公司,苏州,0,制造业质量/检验（成本管理、抖音）,电子/半导体/设备（测试、自动化设计）
J3793,一万+调试工程师 包住宿,上海赞华实业有限公司,苏州,0,制造业质量/检验（成本管理、抖音）,制造业质量/检验（图文平台、性能检测）
J3794,电气工程师,苏州西斯派克检测科技有限公司,苏州,0,制造业质量/检验（成本管理、抖音）,电子/半导体/设备（测试、自动化设计）
J3795,电气设计工程师,常熟市通闰电子技术有限公司,苏州,0,制造业质量/检验（成本管理、抖音）,电子/半导体/设备（测试、自动化设计）
J3796,产品规划工程师,三一集团有限公司,苏州,6,产品/项目管理（国内市场、需求分析）,—
J3797,机械设计师,苏州光科鑫电子科技有限公司,苏州,0,制造业质量/检验（成本管理、抖音）,制造业质量/检验（图文平台、性能检测）
J3798,电气系统工程师,上海易玖智能科技有限公司,苏州,0,制造业质量/检验（成本管理、抖音）,电子/半导体/设备（测试、自动化设计）
J3799,人机工程主管工程师,达普信,苏州,0,制造业质量/检验（成本管理、抖音）,制造业质量/检验（图文平台、性能检测）
J3800,煤传输机械资深专家 (Mechanical SME - Coal Handling),上海朗凯工程咨询有限公司,苏州,5,嵌入式/硬件（rtos、32位单片机）,—
J3801,电芯结构开发工程师,优途人力资源(武汉)有限公司,苏州,4,后端开发（hibernate、linux开发）,—
J3802,质量管理员,元欣泵(苏州)科技有限公司,苏州,0,制造业质量/检验（成本管理、抖音）,质量检验（qa、qc）
J3803,品控/品质主管,常熟市欧伏罱电子有限公司,苏州,3,软件测试（信号测试、安全测试）,—
J3804,产品检查员,上海日山国际贸易有限公司,苏州,6,产品/项目管理（国内市场、需求分析）,—
J3805,质检员,鑫辉智能制造(苏州)有限公司,苏州,0,制造业质量/检验（成本管理、抖音）,制造业质量/检验（图文平台、性能检测）
J3806,品质技术管理（日语/CAD/Solidworks/…,上海两桥人力资源管理有限公司,苏州,3,软件测试（信号测试、安全测试）,—
J3807,电路工程师/技术员,兴威联电气(苏州)有限公司,苏州,0,制造业质量/检验（成本管理、抖音）,电子/半导体/设备（测试、自动化设计）
J3808,诚聘普工/操作工-月入8000（五险一金）,弘润半导体(苏州)有限公司,苏州,0,制造业质量/检验（成本管理、抖音）,制造业质量/检验（图文平台、性能检测）
J3809,质量工程师,北京微焓科技有限公司,苏州,3,软件测试（信号测试、安全测试）,—
J3810,CP测试设备技术员,弘润半导体(苏州)有限公司,苏州,3,软件测试（信号测试、安全测试）,—
J3811,CP测试设备工程师,弘润半导体(苏州)有限公司,苏州,3,软件测试（信号测试、安全测试）,—
J3812,品质经理,立讯智造科技(常熟)有限公司,苏州,3,软件测试（信号测试、安全测试）,—
J3813,产品研发助理工程师,华凌光电(常熟)有限公司,苏州,6,产品/项目管理（国内市场、需求分析）,—
J3814,针卡技术员,弘润半导体(苏州)有限公司,苏州,0,制造业质量/检验（成本管理、抖音）,供应链/物料/采购（物料管理、海外供应链）
J3815,QE工程师（常熟）,立讯智造科技(常熟)有限公司,苏州,0,制造业质量/检验（成本管理、抖音）,制造业质量/检验（图文平台、性能检测）
J3816,电气工程师,艾瑞斯计算机科技(苏州)有限公司,苏州,0,制造业质量/检验（成本管理、抖音）,电子/半导体/设备（测试、自动化设计）
J3817,电子电气工程师,苏州科中方源电子科技有限公司,苏州,0,制造业质量/检验（成本管理、抖音）,电子/半导体/设备（测试、自动化设计）
J3818,机械助理工程师,苏州光科鑫电子科技有限公司,苏州,0,制造业质量/检验（成本管理、抖音）,制造业质量/检验（图文平台、性能检测）
J3819,变速箱齿轴工程师,三一集团有限公司,苏州,0,制造业质量/检验（成本管理、抖音）,电子/半导体/设备（测试、自动化设计）
J3820,过滤器机械工程师,三一集团有限公司,苏州,0,制造业质量/检验（成本管理、抖音）,电子/半导体/设备（测试、自动化设计）
J3821,机械设计师,上海易玖智能科技有限公司,苏州,0,制造业质量/检验（成本管理、抖音）,制造业质量/检验（图文平台、性能检测）
J3822,品质经理,常熟市欧伏罱电子有限公司,苏州,3,软件测试（信号测试、安全测试）,—
J3823,光伏运维专员,平谦(常熟)现代产业园有限公司,苏州,1,运维/云与网络（分布式电站、空调工程）,—
J3824,it运维,亚能商伴控股集团有限公司,苏州,1,运维/云与网络（分布式电站、空调工程）,—
J3825,erp运维专员/管理员,苏州东衡数控电子有限公司,苏州,1,运维/云与网络（分布式电站、空调工程）,—
J3826,运维值班长（值班员）,锐仕方达人才科技集团有限公司,苏州,1,运维/云与网络（分布式电站、空调工程）,—
J3827,值班长（IDC基础设施）,普洛斯投资(上海)有限公司,苏州,0,制造业质量/检验（成本管理、抖音）,制造业质量/检验（图文平台、性能检测）
J3828,运维工程师,苏州国诚检测技术有限公司,苏州,1,运维/云与网络（分布式电站、空调工程）,—
J3829,急招电工-五险一金,江苏景祐电力科技有限公司,苏州,0,制造业质量/检验（成本管理、抖音）,制造业质量/检验（图文平台、性能检测）
J3830,2027届校招-运维技术工程师（华东） (…,万国数据服务有限公司,苏州,1,运维/云与网络（分布式电站、空调工程）,—
J3831,mes运维工程师,苏州汇编智能科技有限公司,苏州,1,运维/云与网络（分布式电站、空调工程）,—
J3832,数据中心值班员（江苏常熟）,北京中科仙络智算科技股份有限公司,苏州,0,制造业质量/检验（成本管理、抖音）,制造业质量/检验（图文平台、性能检测）
J3833,cems运维工程师--常熟浦发,上海英凡环保科技股份有限公司,苏州,1,运维/云与网络（分布式电站、空调工程）,—
J3834,除湿系统维护人员,江苏瑞祥人才服务有限公司,苏州,0,制造业质量/检验（成本管理、抖音）,制造业质量/检验（图文平台、性能检测）
J3835,设备维护工程师,常熟微奢护理院有限公司,苏州,0,制造业质量/检验（成本管理、抖音）,制造业质量/检验（图文平台、性能检测）
J3836,常熟电信外包商客经理，装维工程师，营业员,中国电信苏州分公司,苏州,0,制造业质量/检验（成本管理、抖音）,制造业质量/检验（图文平台、性能检测）
J3837,急招电工-五险一金-包吃,上海云聚科技,苏州,0,制造业质量/检验（成本管理、抖音）,制造业质量/检验（图文平台、性能检测）
J3838,售后工程师-半导体(J10315),江苏博涛智能热工股份有限公司,苏州,0,制造业质量/检验（成本管理、抖音）,制造业质量/检验（图文平台、性能检测）
J3839,网络运维工程师,苏州工业园区小银星艺术培训有限公司,苏州,1,运维/云与网络（分布式电站、空调工程）,—
J3840,数据中心运维值班员,北京安锐华科信息技术有限公司,苏州,1,运维/云与网络（分布式电站、空调工程）,—
J3841,运维工程师主管,苏州国诚检测技术有限公司,苏州,1,运维/云与网络（分布式电站、空调工程）,—
J3842,电气运维工程师,万国数据服务有限公司,苏州,1,运维/云与网络（分布式电站、空调工程）,—
J3843,数据中心基础设施运维经理,万国数据服务有限公司,苏州,1,运维/云与网络（分布式电站、空调工程）,—
J3844,数据中心运维经理,万国数据服务有限公司,苏州,1,运维/云与网络（分布式电站、空调工程）,—
J3845,数据中心电气运维工程师,锐仕方达人才科技集团有限公司,苏州,1,运维/云与网络（分布式电站、空调工程）,—
J3846,运维工程师（暖通） (MJ000091),万国数据服务有限公司,苏州,1,运维/云与网络（分布式电站、空调工程）,—
J3847,暖通运维工程师（base江苏、IDC/化工）,锐仕方达人才科技集团有限公司,苏州,1,运维/云与网络（分布式电站、空调工程）,—
J3848,设备维护员,苏州国诚检测技术有限公司,苏州,0,制造业质量/检验（成本管理、抖音）,制造业质量/检验（图文平台、性能检测）
J3849,招聘电工 月入7000,上海云聚科技,苏州,0,制造业质量/检验（成本管理、抖音）,制造业质量/检验（图文平台、性能检测）
J3850,急聘电工-五险一金-有房补,北京安锐华科信息技术有限公司,苏州,0,制造业质量/检验（成本管理、抖音）,制造业质量/检验（图文平台、性能检测）
J3851,生产文员,苏州法兰卡科技有限公司,苏州,0,制造业质量/检验（成本管理、抖音）,制造业质量/检验（图文平台、性能检测）
J3852,销售内勤专员,江苏建程金属制造有限公司,苏州,0,制造业质量/检验（成本管理、抖音）,制造业质量/检验（图文平台、性能检测）
J3853,生产文员,苏州东衡数控电子有限公司,苏州,0,制造业质量/检验（成本管理、抖音）,供应链/物料/采购（物料管理、海外供应链）
J3854,物料计划主管,常熟药明康德新药开发有限公司,苏州,0,制造业质量/检验（成本管理、抖音）,制造业质量/检验（图文平台、性能检测）
J3855,招聘技工 底薪2500 五险一金,欣达瑞精密塑胶(苏州)股份有限公司,苏州,0,制造业质量/检验（成本管理、抖音）,制造业质量/检验（图文平台、性能检测）
J3856,三次元测量员,江苏智瑞博智能科技有限公司,苏州,0,制造业质量/检验（成本管理、抖音）,制造业质量/检验（图文平台、性能检测）
J3857,生产仓库文员,缔宜普电子材料(苏州)有限公司,苏州,0,制造业质量/检验（成本管理、抖音）,供应链/物料/采购（物料管理、海外供应链）
J3858,报告专员,常熟市兆恒众力精密机械有限公司,苏州,0,制造业质量/检验（成本管理、抖音）,制造业质量/检验（图文平台、性能检测）
J3859,厂务电气工程师,芯慧联芯(江苏)科技有限公司,苏州,0,制造业质量/检验（成本管理、抖音）,制造业质量/检验（图文平台、性能检测）
J3860,招聘培训主管/经理,三一集团有限公司,苏州,0,制造业质量/检验（成本管理、抖音）,制造业质量/检验（图文平台、性能检测）
J3861,市场专员,江苏华益核医药股份有限公司,苏州,0,制造业质量/检验（成本管理、抖音）,制造业质量/检验（图文平台、性能检测）
J3862,订单账务主管,山东泉能包装有限公司,苏州,0,制造业质量/检验（成本管理、抖音）,供应链/物料/采购（物料管理、海外供应链）
J3863,经管经理,立讯智造科技(常熟)有限公司,苏州,0,制造业质量/检验（成本管理、抖音）,供应链/物料/采购（物料管理、海外供应链）
J3864,生产助理文员,江苏永硕电子有限公司,苏州,0,制造业质量/检验（成本管理、抖音）,供应链/物料/采购（物料管理、海外供应链）
J3865,FA制程工程师,苏州易缆微半导体技术有限公司,苏州,0,制造业质量/检验（成本管理、抖音）,制造业质量/检验（图文平台、性能检测）
J3866,长白班售后客服（做六休一）,赛科斯信息技术(上海)有限公司,苏州,0,制造业质量/检验（成本管理、抖音）,制造业质量/检验（图文平台、性能检测）
J3867,运营经理,天顺风能（苏州）股份有限公司,苏州,0,制造业质量/检验（成本管理、抖音）,制造业质量/检验（图文平台、性能检测）
J3868,生产部主管,首镭激光半导体科技(苏州)有限公司,苏州,0,制造业质量/检验（成本管理、抖音）,制造业质量/检验（图文平台、性能检测）
J3869,运营管理专员,西安羚控电子科技有限公司,苏州,0,制造业质量/检验（成本管理、抖音）,供应链/物料/采购（物料管理、海外供应链）
J3870,运营专员,康羽生命科学技术(苏州)有限公司,苏州,0,制造业质量/检验（成本管理、抖音）,制造业质量/检验（图文平台、性能检测）
J3871,工艺工程师,日立压缩机(常熟)有限公司,苏州,0,制造业质量/检验（成本管理、抖音）,制造业质量/检验（图文平台、性能检测）
J3872,电商运营专员,舒汇食品(苏州)有限公司,苏州,0,制造业质量/检验（成本管理、抖音）,供应链/物料/采购（物料管理、海外供应链）
J3873,品质工程师,苏州玖思利新材料有限公司,苏州,3,软件测试（信号测试、安全测试）,—
J3874,车间生产文员,缔宜普电子材料(苏州)有限公司,苏州,0,制造业质量/检验（成本管理、抖音）,供应链/物料/采购（物料管理、海外供应链）
J3875,工艺工程师,嘉强(上海)智能科技股份公司,苏州,0,制造业质量/检验（成本管理、抖音）,制造业质量/检验（图文平台、性能检测）
J3876,生产技术员,北京微焓科技有限公司,苏州,0,制造业质量/检验（成本管理、抖音）,供应链/物料/采购（物料管理、海外供应链）
J3877,CMP工程师,苏州晶洲装备科技有限公司,苏州,0,制造业质量/检验（成本管理、抖音）,制造业质量/检验（图文平台、性能检测）
J3878,研发项目经理,三一集团有限公司,苏州,6,产品/项目管理（国内市场、需求分析）,—
J3879,短视频运营,卡赫投资(中国)有限公司,苏州,0,制造业质量/检验（成本管理、抖音）,制造业质量/检验（图文平台、性能检测）
J3880,实验室化验员,上海恒润商品检验有限公司,苏州,0,制造业质量/检验（成本管理、抖音）,制造业质量/检验（图文平台、性能检测）
J3881,经管专员/成本会计,立讯智造科技(常熟)有限公司,苏州,0,制造业质量/检验（成本管理、抖音）,制造业质量/检验（图文平台、性能检测）
J3882,表面处理工艺助理工程师,常熟市兆恒众力精密机械有限公司,苏州,0,制造业质量/检验（成本管理、抖音）,制造业质量/检验（图文平台、性能检测）
J3883,商品专员/主管,江苏中和动能科技有限公司,苏州,0,制造业质量/检验（成本管理、抖音）,数据/统计分析（数据建模、统计学）
J3884,工厂文员,上海宽民电缆科技有限公司,苏州,0,制造业质量/检验（成本管理、抖音）,制造业质量/检验（图文平台、性能检测）
J3885,生产物料管理（PMC）,苏州科雷迪特动力机械有限公司,苏州,0,制造业质量/检验（成本管理、抖音）,制造业质量/检验（图文平台、性能检测）
J3886,销售助理,江苏圣珀新材料科技有限公司,苏州,0,制造业质量/检验（成本管理、抖音）,供应链/物料/采购（物料管理、海外供应链）
J3887,生产助理文员,苏州大阳机器人有限公司,苏州,0,制造业质量/检验（成本管理、抖音）,供应链/物料/采购（物料管理、海外供应链）
J3888,检测员,百世孚(常熟)生物材料有限公司,苏州,0,制造业质量/检验（成本管理、抖音）,制造业质量/检验（图文平台、性能检测）
J3889,业务助理,苏州新通盛科技有限公司,苏州,0,制造业质量/检验（成本管理、抖音）,供应链/物料/采购（物料管理、海外供应链）
J3890,仓库管理文员,常熟市硬汉电器销售有限公司,苏州,0,制造业质量/检验（成本管理、抖音）,供应链/物料/采购（物料管理、海外供应链）
J3891,薪酬绩效专员（偏绩效）,常熟市景弘盛通信科技股份有限公司,苏州,0,制造业质量/检验（成本管理、抖音）,供应链/物料/采购（物料管理、海外供应链）
J3892,仓储逆退项目管理经理-鞋服方向,顺丰速运,苏州,6,产品/项目管理（国内市场、需求分析）,—
J3893,业务助理,苏州玖思利新材料有限公司,苏州,0,制造业质量/检验（成本管理、抖音）,制造业质量/检验（图文平台、性能检测）
J3894,选矿工程师 (MJ000138),常熟市龙腾特种钢有限公司,苏州,0,制造业质量/检验（成本管理、抖音）,制造业质量/检验（图文平台、性能检测）
J3895,在线客服 (打字回复),赛科斯信息技术(上海)有限公司,苏州,0,制造业质量/检验（成本管理、抖音）,制造业质量/检验（图文平台、性能检测）
J3896,财务专员,江苏江南商贸集团有限责任公司,苏州,0,制造业质量/检验（成本管理、抖音）,制造业质量/检验（图文平台、性能检测）
J3897,算法工程师,哈尔滨船海智能装备科技有限公司,苏州,7,算法/人工智能（智能驾驶、传感器融合）,—
J3898,急招电工,常熟市金华机械股份有限公司,苏州,0,制造业质量/检验（成本管理、抖音）,制造业质量/检验（图文平台、性能检测）
J3899,销售助理,苏州德良齐科技有限公司,苏州,0,制造业质量/检验（成本管理、抖音）,制造业质量/检验（图文平台、性能检测）
J3900,生产储备,常熟市龙特耐磨球有限公司,苏州,0,制造业质量/检验（成本管理、抖音）,制造业质量/检验（图文平台、性能检测）
J3901,发泡设备维修（汽车发泡坐垫靠背）,苏州臻境汽车科技有限公司,苏州,0,制造业质量/检验（成本管理、抖音）,制造业质量/检验（图文平台、性能检测）
J3902,产品研发工程师-连铸辊焊接工艺,达涅利中国,苏州,6,产品/项目管理（国内市场、需求分析）,—
J3903,品保课长/质量主管,华凌光电(常熟)有限公司,苏州,0,制造业质量/检验（成本管理、抖音）,质量检验（qa、qc）
J3904,阀门产品经理,苏州宜宸福诺泵阀科技有限公司,苏州,6,产品/项目管理（国内市场、需求分析）,—
J3905,实验室工程师,苏州楚硕汽车科技有限公司,苏州,0,制造业质量/检验（成本管理、抖音）,制造业质量/检验（图文平台、性能检测）
J3906,CQE工程师（线束产品）,科信成精密技术(江苏)有限公司,苏州,6,产品/项目管理（国内市场、需求分析）,—
J3907,私域内容运营转化专员,今韵华数字科技(苏州)有限公司,苏州,0,制造业质量/检验（成本管理、抖音）,制造业质量/检验（图文平台、性能检测）
J3908,生产统计员,常熟市佳德汽车零部件有限公司,苏州,0,制造业质量/检验（成本管理、抖音）,制造业质量/检验（图文平台、性能检测）
J3909,bom专员兼研发文员（食品行业）,苏州法兰卡科技有限公司,苏州,0,制造业质量/检验（成本管理、抖音）,制造业质量/检验（图文平台、性能检测）
J3910,散热仿真工程师,常熟市兆恒众力精密机械有限公司,苏州,0,制造业质量/检验（成本管理、抖音）,制造业质量/检验（图文平台、性能检测）
J3911,区域经理-苏州（渠道经验优先）,南京君佰丽智能科技有限公司,苏州,0,制造业质量/检验（成本管理、抖音）,制造业质量/检验（图文平台、性能检测）
J3912,销售助理,康羽生命科学技术(苏州)有限公司,苏州,0,制造业质量/检验（成本管理、抖音）,制造业质量/检验（图文平台、性能检测）
J3913,战略管理经理,三一集团有限公司,苏州,0,制造业质量/检验（成本管理、抖音）,供应链/物料/采购（物料管理、海外供应链）
J3914,me工程师,苏州汇峰汽配科技有限公司,苏州,0,制造业质量/检验（成本管理、抖音）,制造业质量/检验（图文平台、性能检测）
J3915,采购中心总监,山东恒工智能制造有限公司,苏州,0,制造业质量/检验（成本管理、抖音）,制造业质量/检验（图文平台、性能检测）
J3916,成本控制员,芜湖延锋云鹤汽车座椅有限公司,苏州,0,制造业质量/检验（成本管理、抖音）,制造业质量/检验（图文平台、性能检测）
J3917,视频电商运营（抖店 微店 快手）,友康(苏州)食品有限公司,苏州,0,制造业质量/检验（成本管理、抖音）,制造业质量/检验（图文平台、性能检测）
J3918,产品品质工程师,常熟三铉科技有限公司,苏州,3,软件测试（信号测试、安全测试）,—
J3919,成本会计,上海奥索斯自动化科技有限公司,苏州,0,制造业质量/检验（成本管理、抖音）,供应链/物料/采购（物料管理、海外供应链）
J3920,商品主管(国际品牌),江苏中和动能科技有限公司,苏州,0,制造业质量/检验（成本管理、抖音）,数据/统计分析（数据建模、统计学）
J3921,销售内勤,山东泉能包装有限公司,苏州,0,制造业质量/检验（成本管理、抖音）,制造业质量/检验（图文平台、性能检测）
J3922,采购专员,苏州第四制药厂有限公司,苏州,0,制造业质量/检验（成本管理、抖音）,制造业质量/检验（图文平台、性能检测）
J3923,QC工程师,百世孚(常熟)生物材料有限公司,苏州,0,制造业质量/检验（成本管理、抖音）,质量检验（qa、qc）
J3924,汽车零部件注塑生产车间主管,烟台佳德汽车零部件有限公司,苏州,0,制造业质量/检验（成本管理、抖音）,制造业质量/检验（图文平台、性能检测）
J3925,商品企划经理,湖北琢才人力资源服务有限公司,苏州,0,制造业质量/检验（成本管理、抖音）,制造业质量/检验（图文平台、性能检测）
J3926,跨境运营专员,苏州星路进出口有限公司,苏州,0,制造业质量/检验（成本管理、抖音）,制造业质量/检验（图文平台、性能检测）
J3927,品质科长,苏州东衡数控电子有限公司,苏州,3,软件测试（信号测试、安全测试）,—
J3928,铝挤出工艺工程师(J10504),江苏帝航工业科技股份有限公司,苏州,0,制造业质量/检验（成本管理、抖音）,制造业质量/检验（图文平台、性能检测）
J3929,体系工程师,卓研精密工业(苏州)有限公司,苏州,0,制造业质量/检验（成本管理、抖音）,制造业质量/检验（图文平台、性能检测）
J3930,物流运营专员（中班，物流经验）,跨越速运,苏州,0,制造业质量/检验（成本管理、抖音）,供应链/物料/采购（物料管理、海外供应链）
J3931,销售助理,苏州扬博大田冷却技术有限公司,苏州,0,制造业质量/检验（成本管理、抖音）,制造业质量/检验（图文平台、性能检测）
J3932,会员超市售后客服专员（做六休一）,赛科斯信息技术(上海)有限公司,苏州,0,制造业质量/检验（成本管理、抖音）,制造业质量/检验（图文平台、性能检测）
J3933,网络推广专员（常熟）,兴威联电气SVLEC,苏州,0,制造业质量/检验（成本管理、抖音）,供应链/物料/采购（物料管理、海外供应链）
J3934,测量技术员,常熟市皓吉达电子科技有限公司,苏州,0,制造业质量/检验（成本管理、抖音）,制造业质量/检验（图文平台、性能检测）
J3935,三坐标测量员,博众优浦(常熟)汽车部件科技有限公司,苏州,0,制造业质量/检验（成本管理、抖音）,制造业质量/检验（图文平台、性能检测）
J3936,设备工程师-半导体(J10131),江苏博涛智能热工股份有限公司,苏州,0,制造业质量/检验（成本管理、抖音）,制造业质量/检验（图文平台、性能检测）
J3937,餐厅副经理,千喜鹤,苏州,0,制造业质量/检验（成本管理、抖音）,制造业质量/检验（图文平台、性能检测）
J3938,人事行政经理,铭志国际物流有限公司,苏州,0,制造业质量/检验（成本管理、抖音）,制造业质量/检验（图文平台、性能检测）
J3939,采购主管,康羽生命科学技术(苏州)有限公司,苏州,0,制造业质量/检验（成本管理、抖音）,制造业质量/检验（图文平台、性能检测）
J3940,培训经理,江苏中和动能科技有限公司,苏州,0,制造业质量/检验（成本管理、抖音）,制造业质量/检验（图文平台、性能检测）
J3941,仓储逆退项目管理主管-鞋服方向,顺丰速运,苏州,6,产品/项目管理（国内市场、需求分析）,—
J3942,国内电商运营,江苏星好月圆家纺有限公司,苏州,0,制造业质量/检验（成本管理、抖音）,制造业质量/检验（图文平台、性能检测）
J3943,内贸业务员 (MJ000069),常熟市龙腾特种钢有限公司,苏州,0,制造业质量/检验（成本管理、抖音）,制造业质量/检验（图文平台、性能检测）
J3944,财务专员,智联猎头,苏州,0,制造业质量/检验（成本管理、抖音）,供应链/物料/采购（物料管理、海外供应链）
J3945,sqe供应商质量工程师,江苏忠明祥和精工股份有限公司,苏州,3,软件测试（信号测试、安全测试）,—
J3946,市场开发专员,上海玖薇尔科技有限责任公司常熟分公司,苏州,0,制造业质量/检验（成本管理、抖音）,制造业质量/检验（图文平台、性能检测）
J3947,成本会计,苏州德良齐科技有限公司,苏州,0,制造业质量/检验（成本管理、抖音）,制造业质量/检验（图文平台、性能检测）
J3948,DQE工程师（连接器产品）,科信成精密技术(江苏)有限公司,苏州,6,产品/项目管理（国内市场、需求分析）,—
J3949,仓管员仓库文员,苏州宜宸福诺泵阀科技有限公司,苏州,0,制造业质量/检验（成本管理、抖音）,供应链/物料/采购（物料管理、海外供应链）
J3950,计划存货专员,三一集团有限公司,苏州,0,制造业质量/检验（成本管理、抖音）,供应链/物料/采购（物料管理、海外供应链）
J3951,保税手册管理员,达尔曼研磨产品(常熟)有限公司,苏州,0,制造业质量/检验（成本管理、抖音）,供应链/物料/采购（物料管理、海外供应链）
J3952,硬件产品经理,上海奥索斯自动化科技有限公司,苏州,5,嵌入式/硬件（rtos、32位单片机）,—
J3953,pmc生产计划员,苏州良基电子科技有限公司,苏州,0,制造业质量/检验（成本管理、抖音）,制造业质量/检验（图文平台、性能检测）
J3954,惠普打印机售后技术支持客服（做六休一）,赛科斯信息技术(上海)有限公司,苏州,0,制造业质量/检验（成本管理、抖音）,制造业质量/检验（图文平台、性能检测）
J3955,采购专员/助理,苏州英特模科技股份有限公司,苏州,0,制造业质量/检验（成本管理、抖音）,制造业质量/检验（图文平台、性能检测）
J3956,压铸工艺工程师,江苏中翼汽车新材料科技有限公司,苏州,0,制造业质量/检验（成本管理、抖音）,制造业质量/检验（图文平台、性能检测）
J3957,人事经理,苏州晟丰电子科技有限公司,苏州,0,制造业质量/检验（成本管理、抖音）,制造业质量/检验（图文平台、性能检测）
J3958,仓储物流经理/主管,苏州尼隆机电科技有限公司,苏州,0,制造业质量/检验（成本管理、抖音）,制造业质量/检验（图文平台、性能检测）
J3959,财务专员,苏州普瑞萨服务外包有限公司,苏州,0,制造业质量/检验（成本管理、抖音）,供应链/物料/采购（物料管理、海外供应链）
J3960,车间质检员,常熟市贸赢汽车配件有限公司,苏州,0,制造业质量/检验（成本管理、抖音）,制造业质量/检验（图文平台、性能检测）
J3961,零售培训主管,江苏中和动能科技有限公司,苏州,0,制造业质量/检验（成本管理、抖音）,制造业质量/检验（图文平台、性能检测）
J3962,导热垫片现场工艺员,缔宜普电子材料(苏州)有限公司,苏州,0,制造业质量/检验（成本管理、抖音）,供应链/物料/采购（物料管理、海外供应链）
J3963,总账会计,苏州雪电制冷科技股份有限公司,苏州,0,制造业质量/检验（成本管理、抖音）,制造业质量/检验（图文平台、性能检测）
J3964,销售工程师,苏州恒松水处理科技有限公司,苏州,0,制造业质量/检验（成本管理、抖音）,制造业质量/检验（图文平台、性能检测）
J3965,生产经理/车间主任,苏州济和精密传动系统有限公司,苏州,0,制造业质量/检验（成本管理、抖音）,制造业质量/检验（图文平台、性能检测）
J3966,客服主管/经理（医药）,江苏华益核医药股份有限公司,苏州,0,制造业质量/检验（成本管理、抖音）,制造业质量/检验（图文平台、性能检测）
J3967,经管经理/综合运营经理,立讯智造科技(常熟)有限公司,苏州,0,制造业质量/检验（成本管理、抖音）,制造业质量/检验（图文平台、性能检测）
J3968,成本核算会计,苏州法兰卡科技有限公司,苏州,0,制造业质量/检验（成本管理、抖音）,制造业质量/检验（图文平台、性能检测）
J3969,仓库主管,上海凯凡石化设备有限公司,苏州,0,制造业质量/检验（成本管理、抖音）,制造业质量/检验（图文平台、性能检测）
J3970,工程机械产品经理,三一集团有限公司,苏州,6,产品/项目管理（国内市场、需求分析）,—
J3971,鼎捷ERP/MES实施经理,江苏帝航工业科技股份有限公司,苏州,1,运维/云与网络（分布式电站、空调工程）,—
J3972,pmc主管,上海宽民电缆科技有限公司,苏州,0,制造业质量/检验（成本管理、抖音）,供应链/物料/采购（物料管理、海外供应链）
J3973,账务会计,上海奥索斯自动化科技有限公司,苏州,0,制造业质量/检验（成本管理、抖音）,数据/统计分析（数据建模、统计学）
J3974,CNC机加工生产经理,常熟市兆恒众力精密机械有限公司,苏州,0,制造业质量/检验（成本管理、抖音）,制造业质量/检验（图文平台、性能检测）
J3975,SQE供应商质量工程师,昆山威胜达环保设备有限公司,苏州,3,软件测试（信号测试、安全测试）,—
J3976,亚马逊运营+年薪10万以上+高潜力店铺,苏州市路美清洁用品有限公司,苏州,0,制造业质量/检验（成本管理、抖音）,制造业质量/检验（图文平台、性能检测）
J3977,暖通工程师（上海、常熟）,锐仕方达人才科技集团有限公司,苏州,0,制造业质量/检验（成本管理、抖音）,制造业质量/检验（图文平台、性能检测）
J3978,医药中间体外贸销售人员,苏州市锦昌石化有限公司,苏州,0,制造业质量/检验（成本管理、抖音）,制造业质量/检验（图文平台、性能检测）
J3979,采购主管/经理,苏州尼隆机电科技有限公司,苏州,0,制造业质量/检验（成本管理、抖音）,供应链/物料/采购（物料管理、海外供应链）
J3980,质量工程师,烟台佳德汽车零部件有限公司,苏州,3,软件测试（信号测试、安全测试）,—
J3981,财务主管,苏州玖隆再生科技集团股份有限公司,苏州,0,制造业质量/检验（成本管理、抖音）,制造业质量/检验（图文平台、性能检测）
J3982,俄语区运营负责人,上海玖薇尔科技有限责任公司常熟分公司,苏州,0,制造业质量/检验（成本管理、抖音）,制造业质量/检验（图文平台、性能检测）
J3983,有机合成研究员,苏州第四制药厂有限公司,苏州,0,制造业质量/检验（成本管理、抖音）,制造业质量/检验（图文平台、性能检测）
J3984,驻场医生,江苏康瑞家医疗投资管理有限公司,苏州,0,制造业质量/检验（成本管理、抖音）,供应链/物料/采购（物料管理、海外供应链）
J3985,销售专员,苏州宜宸福诺泵阀科技有限公司,苏州,0,制造业质量/检验（成本管理、抖音）,制造业质量/检验（图文平台、性能检测）
J3986,业务销售员,连云港兴瑞连接技术有限公司,苏州,0,制造业质量/检验（成本管理、抖音）,供应链/物料/采购（物料管理、海外供应链）
J3987,商场招商主管,芜湖悦家置业有限公司,苏州,0,制造业质量/检验（成本管理、抖音）,制造业质量/检验（图文平台、性能检测）
J3988,钣金采购员,苏州圣鼎禾智能科技有限公司,苏州,0,制造业质量/检验（成本管理、抖音）,制造业质量/检验（图文平台、性能检测）
J3989,新媒体运营实习生（提供国内一流短视频运营培训课程）,苏州恒松水处理科技有限公司,苏州,0,制造业质量/检验（成本管理、抖音）,制造业质量/检验（图文平台、性能检测）
J3990,生产主管,常熟市龙特耐磨球有限公司,苏州,0,制造业质量/检验（成本管理、抖音）,制造业质量/检验（图文平台、性能检测）
J3991,销售总监助理,苏州东衡数控电子有限公司,苏州,0,制造业质量/检验（成本管理、抖音）,制造业质量/检验（图文平台、性能检测）
J3992,商品企划经理,湖北琢才人力资源服务有限公司,苏州,0,制造业质量/检验（成本管理、抖音）,制造业质量/检验（图文平台、性能检测）
J3993,区域零售主管,江苏中和动能科技有限公司,苏州,0,制造业质量/检验（成本管理、抖音）,制造业质量/检验（图文平台、性能检测）
J3994,设备技术工程师,顺丰速运,苏州,0,制造业质量/检验（成本管理、抖音）,供应链/物料/采购（物料管理、海外供应链）
J3995,市场经理,江苏建程金属制造有限公司,苏州,0,制造业质量/检验（成本管理、抖音）,制造业质量/检验（图文平台、性能检测）
J3996,精馏工程师（同位素分离）,江苏华益核医药股份有限公司,苏州,0,制造业质量/检验（成本管理、抖音）,制造业质量/检验（图文平台、性能检测）
J3997,会计主管,威斯特科技(淮安)有限公司,苏州,0,制造业质量/检验（成本管理、抖音）,供应链/物料/采购（物料管理、海外供应链）
J3998,制氢设备采购专员,苏州奥菲特氢能源科技有限公司,苏州,0,制造业质量/检验（成本管理、抖音）,制造业质量/检验（图文平台、性能检测）
J3999,生产经理（冷冻西点/新厂筹建）,苏州法兰卡科技有限公司,苏州,0,制造业质量/检验（成本管理、抖音）,制造业质量/检验（图文平台、性能检测）
J4000,营销大区总监,苏州傲威新能源车辆科技有限公司,苏州,0,制造业质量/检验（成本管理、抖音）,制造业质量/检验（图文平台、性能检测）
J4001,业务工程师/销售工程师,常熟市永强电气机械有限公司,苏州,0,制造业质量/检验（成本管理、抖音）,制造业质量/检验（图文平台、性能检测）
J4002,销售经理,苏州维杰纺织有限公司,苏州,0,制造业质量/检验（成本管理、抖音）,制造业质量/检验（图文平台、性能检测）
J4003,高级合成研究员,浙江九洲药业,苏州,0,制造业质量/检验（成本管理、抖音）,制造业质量/检验（图文平台、性能检测）
J4004,石化助剂销售专员,苏州市锦昌石化有限公司,苏州,0,制造业质量/检验（成本管理、抖音）,制造业质量/检验（图文平台、性能检测）
J4005,财务经理/财务主管,铭志国际物流有限公司,苏州,0,制造业质量/检验（成本管理、抖音）,制造业质量/检验（图文平台、性能检测）
J4006,主办会计,常熟市三恒建材有限责任公司,苏州,0,制造业质量/检验（成本管理、抖音）,制造业质量/检验（图文平台、性能检测）
J4007,精益工程师,三一集团有限公司,苏州,0,制造业质量/检验（成本管理、抖音）,制造业质量/检验（图文平台、性能检测）
J4008,账务会计（偏应付）,上海奥索斯自动化科技有限公司,苏州,0,制造业质量/检验（成本管理、抖音）,数据/统计分析（数据建模、统计学）
J4009,门店终端HRBP经理,江苏中和动能科技有限公司,苏州,0,制造业质量/检验（成本管理、抖音）,制造业质量/检验（图文平台、性能检测）
J4010,内容审核管理员,苏州昇瑞昕信息技术有限公司,苏州,0,制造业质量/检验（成本管理、抖音）,制造业质量/检验（图文平台、性能检测）
J4011,EV商务测算报价工程师,江苏正力新能电池技术股份有限公司,苏州,0,制造业质量/检验（成本管理、抖音）,制造业质量/检验（图文平台、性能检测）
J4012,内勤综合文职岗若干（有经验优先）,广州市增城区雄维汽车租赁有限公司,苏州,0,制造业质量/检验（成本管理、抖音）,供应链/物料/采购（物料管理、海外供应链）
J4013,生产技术员,上海日山国际贸易有限公司,苏州,0,制造业质量/检验（成本管理、抖音）,制造业质量/检验（图文平台、性能检测）
J4014,高端超市会员售后客服专员（双休）,赛科斯信息技术(上海)有限公司,苏州,0,制造业质量/检验（成本管理、抖音）,制造业质量/检验（图文平台、性能检测）
J4015,新媒体运营,苏州市于琰哲家具有限公司,苏州,0,制造业质量/检验（成本管理、抖音）,制造业质量/检验（图文平台、性能检测）
J4016,急聘电镀工 月入15000,上海两桥人力资源管理有限公司,苏州,0,制造业质量/检验（成本管理、抖音）,制造业质量/检验（图文平台、性能检测）
J4017,智能制造工程师,盖斯伊科技(苏州)有限公司,苏州,0,制造业质量/检验（成本管理、抖音）,制造业质量/检验（图文平台、性能检测）
J4018,质量管理体系工程师,苏州缔微致智能科技有限公司,苏州,0,制造业质量/检验（成本管理、抖音）,制造业质量/检验（图文平台、性能检测）
J4019,精益管理经理,三一集团有限公司,苏州,0,制造业质量/检验（成本管理、抖音）,制造业质量/检验（图文平台、性能检测）
J4020,正极材料研发工程师,合肥禾电科技有限责任公司,苏州,0,制造业质量/检验（成本管理、抖音）,制造业质量/检验（图文平台、性能检测）
J4021,资深招聘专员,常熟市欧伏罱电子有限公司,苏州,0,制造业质量/检验（成本管理、抖音）,制造业质量/检验（图文平台、性能检测）
J4022,知名商超资深客服（周休2天/非销售）,赛科斯信息技术(上海)有限公司,苏州,0,制造业质量/检验（成本管理、抖音）,制造业质量/检验（图文平台、性能检测）
J4023,生产计划员（PC）,上海奥索斯自动化科技有限公司,苏州,0,制造业质量/检验（成本管理、抖音）,制造业质量/检验（图文平台、性能检测）
J4024,产品设计高级工程师,立讯智造科技(常熟)有限公司,苏州,6,产品/项目管理（国内市场、需求分析）,—
J4025,打印机售后电话客服（长白班）,赛科斯信息技术(上海)有限公司,苏州,0,制造业质量/检验（成本管理、抖音）,制造业质量/检验（图文平台、性能检测）
J4026,PE工程师/经理,立讯智造科技(常熟)有限公司,苏州,0,制造业质量/检验（成本管理、抖音）,制造业质量/检验（图文平台、性能检测）
J4027,国际站运营|年薪十万+|行业头部平台,苏州市路美清洁用品有限公司,苏州,0,制造业质量/检验（成本管理、抖音）,制造业质量/检验（图文平台、性能检测）
J4028,工程机械产品规划工程师,三一集团有限公司,苏州,6,产品/项目管理（国内市场、需求分析）,—
J4029,资深PMC,苏州尼隆机电科技有限公司,苏州,0,制造业质量/检验（成本管理、抖音）,制造业质量/检验（图文平台、性能检测）
J4030,矿山技术服务工程师,常熟市龙特耐磨球有限公司,苏州,0,制造业质量/检验（成本管理、抖音）,制造业质量/检验（图文平台、性能检测）
J4031,商超会员资深售后客服（双休/包住）,赛科斯信息技术(上海)有限公司,苏州,0,制造业质量/检验（成本管理、抖音）,制造业质量/检验（图文平台、性能检测）
J4032,计算机视觉算法工程师,苏州汇编智能科技有限公司,苏州,7,算法/人工智能（智能驾驶、传感器融合）,—
J4033,java开发工程师,浙江链捷数字科技有限公司,宁波,4,后端开发（hibernate、linux开发）,—
J4034,erp实施助理,浙江致拓智能科技有限公司,宁波,1,运维/云与网络（分布式电站、空调工程）,—
J4035,Java中级开发（驻场宁波银行项目）,东华软件股份公司,宁波,4,后端开发（hibernate、linux开发）,—
J4036,应用测试岗（支付 / 国际结算方向）,宁波通商银行股份有限公司,宁波,3,软件测试（信号测试、安全测试）,—
J4037,java开发工程师,博彦科技承德有限公司,宁波,4,后端开发（hibernate、linux开发）,—
J4038,java后端开发工程师,中科软科技股份有限公司,宁波,4,后端开发（hibernate、linux开发）,—
J4039,JAVA金融科技岗,四川丹格芮商务信息咨询有限公司,宁波,4,后端开发（hibernate、linux开发）,—
J4040,物联网软件开发工程师,宁波鑫濠智能科技有限公司,宁波,4,后端开发（hibernate、linux开发）,—
J4041,软件开发,宁波国际物流发展股份有限公司,宁波,0,制造业质量/检验（成本管理、抖音）,Java/后端（spring、mybatis）
J4042,Java开发（对公业务/银行结算系统+正编）,上海杰艾企业管理咨询有限公司,宁波,4,后端开发（hibernate、linux开发）,—
J4043,初级java开发工程师,上海天正信息科技有限公司,宁波,4,后端开发（hibernate、linux开发）,—
J4044,全栈工程师（ai方向）,湖北聚博汇人力资源有限公司,宁波,8,前端开发（web前端、erp项目）,—
J4045,后端开发工程师,讯猫软件集团有限公司,宁波,4,后端开发（hibernate、linux开发）,—
J4046,软件开发工程师,华苏科技,宁波,4,后端开发（hibernate、linux开发）,—
J4047,Python程序员,杭州弈无忧科技有限公司,宁波,4,后端开发（hibernate、linux开发）,—
J4048,资深java开发工程师,软通动力信息技术(集团)股份有限公司,宁波,4,后端开发（hibernate、linux开发）,—
J4049,java软件开发工程师,外企德科数字技术有限公司,宁波,4,后端开发（hibernate、linux开发）,—
J4050,JAVA开发-宁波,北京领雁科技股份有限公司,宁波,4,后端开发（hibernate、linux开发）,—
J4051,Java（宁波）,润和软件,宁波,4,后端开发（hibernate、linux开发）,—
J4052,java软件开发工程师,宁波东海蓝帆科技有限公司,宁波,4,后端开发（hibernate、linux开发）,—
J4053,方太Java开发工程师,郑州乐驰软件科技有限公司,宁波,4,后端开发（hibernate、linux开发）,—
J4054,Java软件开发工程师P7-P8,吉利汽车研究院(宁波)有限公司,宁波,4,后端开发（hibernate、linux开发）,—
J4055,java开发工程师,浙江一木智能科技有限公司,宁波,4,后端开发（hibernate、linux开发）,—
J4056,应用研发岗（供应链方向）,宁波通商银行股份有限公司,宁波,0,制造业质量/检验（成本管理、抖音）,Java/后端（spring、mybatis）
J4057,java开发工程师,宁波聚联数字科技有限公司,宁波,4,后端开发（hibernate、linux开发）,—
J4058,中级软件工程师(J10360),甬江实验室,宁波,4,后端开发（hibernate、linux开发）,—
J4059,后端开发工程师(Java开发工程师),宁波世纪海洋信息科技有限公司,宁波,4,后端开发（hibernate、linux开发）,—
J4060,Java工程师,原树科创(宁波)科技有限公司,宁波,4,后端开发（hibernate、linux开发）,—
J4061,软件开发后端工程师,宁波淘金数智科技有限公司,宁波,4,后端开发（hibernate、linux开发）,—
J4062,Java工程师,湖南拓维云创科技有限责任公司,宁波,4,后端开发（hibernate、linux开发）,—
J4063,吉利驻场JAVA,彩虹无线,宁波,4,后端开发（hibernate、linux开发）,—
J4064,ERP系统管理员-双休、涨薪快、福利好,快招人才服务(深圳)集团有限公司,宁波,1,运维/云与网络（分布式电站、空调工程）,—
J4065,SAP开发工程师,东方电缆,宁波,4,后端开发（hibernate、linux开发）,—
J4066,后端开发工程师,易豹网络科技有限公司,宁波,4,后端开发（hibernate、linux开发）,—
J4067,Java开发工程师,上海天正信息科技有限公司,宁波,4,后端开发（hibernate、linux开发）,—
J4068,JAVA开发工程师（金融项目）,苏州安硕数科数据技术有限公司,宁波,4,后端开发（hibernate、linux开发）,—
J4069,JAVA开发工程师,浙江链捷数字科技有限公司,宁波,4,后端开发（hibernate、linux开发）,—
J4070,java开发工程师-宁波,厦门至恒融兴信息技术股份有限公司,宁波,4,后端开发（hibernate、linux开发）,—
J4071,Java开发工程师,安徽屹通信息科技发展有限公司,宁波,4,后端开发（hibernate、linux开发）,—
J4072,后端开发工程师,安华海洋智能装备(深圳)有限公司,宁波,4,后端开发（hibernate、linux开发）,—
J4073,Java开发,郑州乐驰软件科技有限公司,宁波,4,后端开发（hibernate、linux开发）,—
J4074,应用研发岗（信贷方向）,宁波通商银行股份有限公司,宁波,0,制造业质量/检验（成本管理、抖音）,Java/后端（spring、mybatis）
J4075,Java开发（正编+结算系统+金融项目）,上海杰艾企业管理咨询有限公司,宁波,4,后端开发（hibernate、linux开发）,—
J4076,Java开发工程师,宁波聚联数字科技有限公司,宁波,4,后端开发（hibernate、linux开发）,—
J4077,后端开发工程师,讯猫软件集团有限公司,宁波,4,后端开发（hibernate、linux开发）,—
J4078,java后端工程师,天津艾迪智绘网络科技有限公司,宁波,4,后端开发（hibernate、linux开发）,—
J4079,高级Java 开发工程师（银行金融方向）,河南扬荣信息科技有限公司,宁波,4,后端开发（hibernate、linux开发）,—
J4080,JAVA技术经理,金田铜业,宁波,4,后端开发（hibernate、linux开发）,—
J4081,JAVA开发工程师,氢氧碳(宁波)科技有限公司,宁波,4,后端开发（hibernate、linux开发）,—
J4082,软件工程师,拓普集团,宁波,4,后端开发（hibernate、linux开发）,—
J4083,java-线上面试,软通动力信息技术(集团)股份有限公司,宁波,4,后端开发（hibernate、linux开发）,—
J4084,it经理/信息技术经理-宁波,广东中奥物业管理有限公司杭州分公司,宁波,0,制造业质量/检验（成本管理、抖音）,Java/后端（spring、mybatis）
J4085,高级java开发工程师,苏州安硕数科数据技术有限公司,宁波,4,后端开发（hibernate、linux开发）,—
J4086,高级Java开发工程师（AI方向）,四川丹格芮商务信息咨询有限公司,宁波,4,后端开发（hibernate、linux开发）,—
J4087,java后端开发工程师,重庆软维科技有限公司,宁波,4,后端开发（hibernate、linux开发）,—
J4088,软件底层开发工程师,南京迈特望科技股份有限公司,宁波,4,后端开发（hibernate、linux开发）,—
J4089,IT（宁波）,上海精翰生物科技有限公司,宁波,0,制造业质量/检验（成本管理、抖音）,硬件/仪器/自动化（组态软件、scratch）
J4090,java开发工程师（中级）,宁波橙一信息科技有限公司,宁波,4,后端开发（hibernate、linux开发）,—
J4091,Java开发（驻场银行）,东华软件股份公司,宁波,4,后端开发（hibernate、linux开发）,—
J4092,Java开发,博彦科技承德有限公司,宁波,4,后端开发（hibernate、linux开发）,—
J4093,软件工程师,宁波尚进自动化科技有限公司,宁波,4,后端开发（hibernate、linux开发）,—
J4094,量化开发岗 (MJ000606),国泰君安期货,宁波,0,制造业质量/检验（成本管理、抖音）,硬件/仪器/自动化（组态软件、scratch）
J4095,JAVA开发工程师,福州众致力信息科技有限公司,宁波,4,后端开发（hibernate、linux开发）,—
J4096,java软件开发工程师,弧光数智科技(宁波)有限公司,宁波,4,后端开发（hibernate、linux开发）,—
J4097,微服务开发工程师,宁波晟匠信息科技有限公司,宁波,4,后端开发（hibernate、linux开发）,—
J4098,java开发工程师（吉利）,天津艾迪智绘网络科技有限公司,宁波,4,后端开发（hibernate、linux开发）,—
J4099,软件工程师（JAVA）-宁波（可提供住宿）,厦门至恒融兴信息技术股份有限公司,宁波,4,后端开发（hibernate、linux开发）,—
J4100,Java开发工程师,安徽屹通信息科技发展有限公司,宁波,4,后端开发（hibernate、linux开发）,—
J4101,初级JAVA开发工程师（宁波）,帆立科技,宁波,4,后端开发（hibernate、linux开发）,—
J4102,java软件开发工程师,北京神州数字科技有限公司,宁波,4,后端开发（hibernate、linux开发）,—
J4103,java工程师,宁波联河光子技术有限公司,宁波,4,后端开发（hibernate、linux开发）,—
J4104,Java（车载）,能科瑞元,宁波,4,后端开发（hibernate、linux开发）,—
J4105,跨境电商产品开发专员,宁波鲲元电子商务有限公司,宁波,6,产品/项目管理（国内市场、需求分析）,—
J4106,oa开发工程师,上海信息人才服务有限公司,宁波,4,后端开发（hibernate、linux开发）,—
J4107,应用研发岗（大数据）,宁波通商银行股份有限公司,宁波,2,数据分析/BI（数仓开发、kettle）,—
J4108,后端开发工程师(.net),思迈数字科技(宁波)有限公司,宁波,4,后端开发（hibernate、linux开发）,—
J4109,java（短期半年+大厂+双休+统招本科）,广东善世企业服务集团有限公司,宁波,4,后端开发（hibernate、linux开发）,—
J4110,java开发工程师,南京利智禾软件科技有限公司,宁波,4,后端开发（hibernate、linux开发）,—
J4111,软件开发(NET-C#）（宁波-国企）,宁波国际物流发展股份有限公司,宁波,0,制造业质量/检验（成本管理、抖音）,Java/后端（spring、mybatis）
J4112,高级Java开发工程师（宁波）,河南扬荣信息科技有限公司,宁波,4,后端开发（hibernate、linux开发）,—
J4113,C++软件工程师,宁波尚进自动化科技有限公司,宁波,4,后端开发（hibernate、linux开发）,—
J4114,嵌入式软件工程师(A224914),赛尔富电子有限公司,宁波,5,嵌入式/硬件（rtos、32位单片机）,—
J4115,java开发,博彦科技承德有限公司,宁波,4,后端开发（hibernate、linux开发）,—
J4116,后端开发工程师,讯猫软件集团有限公司,宁波,4,后端开发（hibernate、linux开发）,—
J4117,EMS软件工程师,东方日升新能源股份有限公司,宁波,4,后端开发（hibernate、linux开发）,—
J4118,嵌入式软件开发工程师,氢氧碳(宁波)科技有限公司,宁波,5,嵌入式/硬件（rtos、32位单片机）,—
J4119,全栈工程师,宁波芯核新测科技有限公司,宁波,8,前端开发（web前端、erp项目）,—
J4120,研发HRBP,宁波威奇尔电子有限公司,宁波,0,制造业质量/检验（成本管理、抖音）,制造业质量/检验（图文平台、性能检测）
J4121,java工程师（出差宁波/可提供住宿）,北京神州数字科技有限公司,宁波,4,后端开发（hibernate、linux开发）,—
J4122,高级java开发工程师,天津艾迪智绘网络科技有限公司,宁波,4,后端开发（hibernate、linux开发）,—
J4123,中级JAVA开发工程师（宁波）,帆立科技,宁波,4,后端开发（hibernate、linux开发）,—
J4124,python工程师（爬虫）,宁波渠成集团有限公司,宁波,4,后端开发（hibernate、linux开发）,—
J4125,全栈工程师,湖北聚博汇人力资源有限公司,宁波,8,前端开发（web前端、erp项目）,—
J4126,java开发（线上面试 欢迎咨询 面后定薪）,上海信息人才服务有限公司,宁波,4,后端开发（hibernate、linux开发）,—
J4127,javaweb开发工程师-线上面试,软通动力信息技术(集团)股份有限公司,宁波,8,前端开发（web前端、erp项目）,—
J4128,ai算法工程师,宁波鑫濠智能科技有限公司,宁波,7,算法/人工智能（智能驾驶、传感器融合）,—
J4129,系统集成与软件开发工程师—安华水智慧,某知名企业,宁波,4,后端开发（hibernate、linux开发）,—
J4130,手机软件开发工程师,慈溪市胜山饶为民电子商务经营部(个体工商户),宁波,4,后端开发（hibernate、linux开发）,—
J4131,全栈开发工程师,宁波市阿拉图数字科技有限公司,宁波,8,前端开发（web前端、erp项目）,—
J4132,ai算法工程师,宁波东海蓝帆科技有限公司,宁波,7,算法/人工智能（智能驾驶、传感器融合）,—
J4133,软件测试（接受小白+银行测试）,北京捷科智诚科技有限公司上海分公司,宁波,3,软件测试（信号测试、安全测试）,—
J4134,测试工程师,燧浦(上海)智能科技有限公司,宁波,3,软件测试（信号测试、安全测试）,—
J4135,IT系统运维开发（财务系统）,宁波尚势科技有限公司,宁波,1,运维/云与网络（分布式电站、空调工程）,—
J4136,IT应用工程师,浙江金业汽车部件有限公司,宁波,0,制造业质量/检验（成本管理、抖音）,Java/后端（spring、mybatis）
J4137,测试工程师,深圳南区人瑞人力资源服务有限公司,宁波,3,软件测试（信号测试、安全测试）,—
J4138,AI应用高级开发,宁波国际物流发展股份有限公司,宁波,0,制造业质量/检验（成本管理、抖音）,硬件/仪器/自动化（组态软件、scratch）
J4139,it系统运维工程师 1,海尔施生物医药股份有限公司,宁波,1,运维/云与网络（分布式电站、空调工程）,—
J4140,全栈开发工程师 (MJ001660),宁波力勤资源科技股份有限公司,宁波,8,前端开发（web前端、erp项目）,—
J4141,全栈研发工程师（AI应用方向）,天泽(宁波)数字科技有限公司,宁波,8,前端开发（web前端、erp项目）,—
J4142,java（支付/数币/收单）,北京神州数字科技有限公司,宁波,4,后端开发（hibernate、linux开发）,—
J4143,微服务高级开发工程师,宁波晟匠信息科技有限公司,宁波,4,后端开发（hibernate、linux开发）,—
J4144,高级JAVA开发工程师（宁波）,帆立科技,宁波,4,后端开发（hibernate、linux开发）,—
J4145,java开发工程师（短期半年项目，双休）,广东善世企业服务集团有限公司,宁波,4,后端开发（hibernate、linux开发）,—
J4146,it信息技术专员,硅翔技术(宁波)有限公司,宁波,0,制造业质量/检验（成本管理、抖音）,Java/后端（spring、mybatis）
J4147,运维工程师,讯猫软件集团有限公司,宁波,1,运维/云与网络（分布式电站、空调工程）,—
J4148,全栈开发工程师,氢氧碳(宁波)科技有限公司,宁波,8,前端开发（web前端、erp项目）,—
J4149,软件工程师（数据分析）,环球广电,宁波,2,数据分析/BI（数仓开发、kettle）,—
J4150,全栈工程师,上海锦创持续信息科技有限责任公司,宁波,8,前端开发（web前端、erp项目）,—
J4151,IT工程师,浙江正庄实业有限公司,宁波,0,制造业质量/检验（成本管理、抖音）,硬件/仪器/自动化（组态软件、scratch）
J4152,高级全栈开发工程师（ERP方向）,宁波良源包装科技有限公司,宁波,8,前端开发（web前端、erp项目）,—
J4153,hrbp（技术研发）(J10137),荷贝(宁波)家居有限公司,宁波,0,制造业质量/检验（成本管理、抖音）,制造业质量/检验（图文平台、性能检测）
J4154,it工程师,佛山市本嘉新材料科技有限公司,宁波,0,制造业质量/检验（成本管理、抖音）,制造业质量/检验（图文平台、性能检测）
J4155,安卓开发工程师,鑫锡软件(朝阳)有限公司,宁波,4,后端开发（hibernate、linux开发）,—
J4156,应用安全岗,宁波通商银行股份有限公司,宁波,0,制造业质量/检验（成本管理、抖音）,Java/后端（spring、mybatis）
J4157,软件助理开发工程师（上位机）,龙合智能装备制造有限公司厦门分公司,宁波,4,后端开发（hibernate、linux开发）,—
J4158,软件项目经理（（上海、杭州及杭州湾）,光庭信息,宁波,6,产品/项目管理（国内市场、需求分析）,—
J4159,软件开发工程师,锐仕方达人才科技集团有限公司,宁波,4,后端开发（hibernate、linux开发）,—
J4160,图像算法工程师,宁波聚联数字科技有限公司,宁波,7,算法/人工智能（智能驾驶、传感器融合）,—
J4161,遥感算法工程师（水环境多源遥感反演方向）,安华海洋智能装备(深圳)有限公司,宁波,7,算法/人工智能（智能驾驶、传感器融合）,—
J4162,高级软件测试工程师,上海天正信息科技有限公司,宁波,3,软件测试（信号测试、安全测试）,—
J4163,java开发工程师（宁波）,北京神州数字科技有限公司,宁波,4,后端开发（hibernate、linux开发）,—
J4164,it工程师,宁波威奇尔电子有限公司,宁波,0,制造业质量/检验（成本管理、抖音）,制造业质量/检验（图文平台、性能检测）
J4165,全栈工程师（无人机方向）,宁波市阿拉图数字科技有限公司,宁波,8,前端开发（web前端、erp项目）,—
J4166,自动化测试-AI方向-有背调,软通动力信息技术(集团)股份有限公司,宁波,3,软件测试（信号测试、安全测试）,—
J4167,AI软件开发工程师,宁波国际物流发展股份有限公司,宁波,4,后端开发（hibernate、linux开发）,—
J4168,云架构师,宁波申洲针织有限公司,宁波,0,制造业质量/检验（成本管理、抖音）,Java/后端（spring、mybatis）
J4169,IT工程师,宁波格上新能源有限公司,宁波,0,制造业质量/检验（成本管理、抖音）,硬件/仪器/自动化（组态软件、scratch）
J4170,系统架构师,氢氧碳(宁波)科技有限公司,宁波,0,制造业质量/检验（成本管理、抖音）,硬件/仪器/自动化（组态软件、scratch）
J4171,后端开发工程师（没经验勿扰）,宁波尚势科技有限公司,宁波,4,后端开发（hibernate、linux开发）,—
J4172,实施工程师,杭州承壹教育科技有限公司,宁波,1,运维/云与网络（分布式电站、空调工程）,—
J4173,嵌入式软件工程师,宁波杭州湾新区才博企业管理咨询有限公司,宁波,5,嵌入式/硬件（rtos、32位单片机）,—
J4174,信息化责任工程师,宁波明欣化工机械有限责任公司,宁波,0,制造业质量/检验（成本管理、抖音）,Java/后端（spring、mybatis）
J4175,HRIS 应用工程师,宁波高松电子有限公司,宁波,0,制造业质量/检验（成本管理、抖音）,供应链/物料/采购（物料管理、海外供应链）
J4176,erp实施工程师,深圳市正阳网络科技有限公司,宁波,1,运维/云与网络（分布式电站、空调工程）,—
J4177,高级全栈工程师,天津艾迪智绘网络科技有限公司,宁波,8,前端开发（web前端、erp项目）,—
J4178,软件工程师,甬江实验室,宁波,4,后端开发（hibernate、linux开发）,—
J4179,大数据开发工程师,燧浦(上海)智能科技有限公司,宁波,2,数据分析/BI（数仓开发、kettle）,—
J4180,全栈开发工程师,重庆软维科技有限公司,宁波,8,前端开发（web前端、erp项目）,—
J4181,AI算法开发工程师（分布式推理方向）,吉利汽车研究院(宁波)有限公司,宁波,7,算法/人工智能（智能驾驶、传感器融合）,—
J4182,AI大模型开发（银行项目）,北京神州数字科技有限公司,宁波,7,算法/人工智能（智能驾驶、传感器融合）,—
J4183,软件项目经理,宁波晟匠信息科技有限公司,宁波,6,产品/项目管理（国内市场、需求分析）,—
J4184,安卓开发,鑫锡软件(朝阳)有限公司,宁波,0,制造业质量/检验（成本管理、抖音）,制造业质量/检验（图文平台、性能检测）
J4185,人力资源主管,宁波兴博元智能技术有限公司,宁波,0,制造业质量/检验（成本管理、抖音）,制造业质量/检验（图文平台、性能检测）
J4186,车载安卓应用开发,孔像科技(苏州)有限公司,宁波,0,制造业质量/检验（成本管理、抖音）,制造业质量/检验（图文平台、性能检测）
J4187,全栈开发工程师(J10521),宁波生久科技有限公司,宁波,8,前端开发（web前端、erp项目）,—
J4188,软件产品经理 （财富业务）,宁波通商银行股份有限公司,宁波,6,产品/项目管理（国内市场、需求分析）,—
J4189,SaaS软件顾问+接受实习生+赚钱的风吹来了,珍岛集团,宁波,0,制造业质量/检验（成本管理、抖音）,制造业质量/检验（图文平台、性能检测）
J4190,车载SPM软件项目管理,南京迈特望科技股份有限公司,宁波,6,产品/项目管理（国内市场、需求分析）,—
J4191,erp运维工程师,宁波尚势科技有限公司,宁波,1,运维/云与网络（分布式电站、空调工程）,—
J4192,试验检测工程师,某公司,宁波,0,制造业质量/检验（成本管理、抖音）,硬件/仪器/自动化（组态软件、scratch）
J4193,嵌入式软件工程师,宁波威奇尔电子有限公司,宁波,5,嵌入式/硬件（rtos、32位单片机）,—
J4194,系统工程师,达普信,宁波,0,制造业质量/检验（成本管理、抖音）,硬件/仪器/自动化（组态软件、scratch）
J4195,MES实施工程师,浙江金业汽车部件有限公司,宁波,1,运维/云与网络（分布式电站、空调工程）,—
J4196,星务软件开发工程师,浙江洞一科技有限公司,宁波,4,后端开发（hibernate、linux开发）,—
J4197,OA开发,上海信息人才服务有限公司,宁波,0,制造业质量/检验（成本管理、抖音）,制造业质量/检验（图文平台、性能检测）
J4198,助理物联工程师,宁波东海蓝帆科技有限公司,宁波,0,制造业质量/检验（成本管理、抖音）,硬件/仪器/自动化（组态软件、scratch）
J4199,信息化产品经理(J10358),甬江实验室,宁波,6,产品/项目管理（国内市场、需求分析）,—
J4200,应用系统工程师,宁波高松电子有限公司,宁波,0,制造业质量/检验（成本管理、抖音）,Java/后端（spring、mybatis）
J4201,cto技术总监,湖北聚博汇人力资源有限公司,宁波,0,制造业质量/检验（成本管理、抖音）,制造业质量/检验（图文平台、性能检测）
J4202,软件项目管理,软通动力信息技术(集团)股份有限公司,宁波,6,产品/项目管理（国内市场、需求分析）,—
J4203,数据开发工程师（紧急招聘）,北京神州数字科技有限公司,宁波,4,后端开发（hibernate、linux开发）,—
J4204,数据中心电源软件工程师,宁波德业科技股份有限公司,宁波,4,后端开发（hibernate、linux开发）,—
J4205,安卓开发,鑫锡软件(朝阳)有限公司,宁波,0,制造业质量/检验（成本管理、抖音）,制造业质量/检验（图文平台、性能检测）
J4206,测试开发工程师(测开/SDET),重庆软维科技有限公司,宁波,3,软件测试（信号测试、安全测试）,—
J4207,软件开发工程师,宁波江丰生物信息技术有限公司,宁波,4,后端开发（hibernate、linux开发）,—
J4208,软件工程师(双休+年终奖+股权激励),赛维尔生物科技(宁波)有限公司,宁波,4,后端开发（hibernate、linux开发）,—
J4209,车载安卓开发工程师（吉利）,天津艾迪智绘网络科技有限公司,宁波,4,后端开发（hibernate、linux开发）,—
J4210,测试高级工程师-云服务器性能+安全测试方向(J23288),公牛集团股份有限公司,宁波,3,软件测试（信号测试、安全测试）,—
J4211,AMR实施工程师,宁波鼎飞致远科技有限公司,宁波,1,运维/云与网络（分布式电站、空调工程）,—
J4212,2026届 -博士-AI研究员-宁波,康龙化成,宁波,0,制造业质量/检验（成本管理、抖音）,算法/AI 应用（tensorflow、vit）
J4213,技术架构师（ToC用户中心 / 企业用户端）,四川科航人力资源服务有限公司,宁波,0,制造业质量/检验（成本管理、抖音）,Java/后端（spring、mybatis）
J4214,GO语言开发工程师,吉利汽车研究院(宁波)有限公司,宁波,4,后端开发（hibernate、linux开发）,—
J4215,web前端工程师,燧浦(上海)智能科技有限公司,宁波,8,前端开发（web前端、erp项目）,—
J4216,汽车底层软件开发工程师,万宝盛华企业管理咨询（上海）有限公司,宁波,4,后端开发（hibernate、linux开发）,—
J4217,前端开发工程师,安徽屹通信息科技发展有限公司,宁波,8,前端开发（web前端、erp项目）,—
J4218,GIS全栈开发工程师,安华海洋智能装备(深圳)有限公司,宁波,8,前端开发（web前端、erp项目）,—
J4219,技术经理（低代码平台）,宁波渠成集团有限公司,宁波,0,制造业质量/检验（成本管理、抖音）,制造业质量/检验（图文平台、性能检测）
J4220,前端开发（半年短期需本科）,广东善世企业服务集团有限公司,宁波,8,前端开发（web前端、erp项目）,—
J4221,IT系统测试与运维,宁波尚势科技有限公司,宁波,3,软件测试（信号测试、安全测试）,—
J4222,MES开发经理,日月重工股份有限公司,宁波,0,制造业质量/检验（成本管理、抖音）,Java/后端（spring、mybatis）
J4223,it信息技术专员,宁波万集达科技有限公司,宁波,0,制造业质量/检验（成本管理、抖音）,制造业质量/检验（图文平台、性能检测）
J4224,信息技术专员,宁波东方理工科技发展有限公司,宁波,0,制造业质量/检验（成本管理、抖音）,制造业质量/检验（图文平台、性能检测）
J4225,安卓开发工程师,鑫锡软件(朝阳)有限公司,宁波,4,后端开发（hibernate、linux开发）,—
J4226,ETL开发工程师（银行项目）,北京神州数字科技有限公司,宁波,2,数据分析/BI（数仓开发、kettle）,—
J4227,Java开发工程师,浙江华双信息科技有限公司,宁波,4,后端开发（hibernate、linux开发）,—
J4228,软件开发工程师,宁波家联科技股份有限公司,宁波,4,后端开发（hibernate、linux开发）,—
J4229,Java初级软件工程师,苏州七剑软件有限公司,宁波,4,后端开发（hibernate、linux开发）,—
J4230,java后端工程师,宁波摩咕云大数据技术发展有限公司,宁波,4,后端开发（hibernate、linux开发）,—
J4231,对日开发初级技术员到项目经理的全职位招聘,株式会社ProfaceSystems,宁波,6,产品/项目管理（国内市场、需求分析）,—
J4232,Java开发,江苏谷科软件有限公司,宁波,4,后端开发（hibernate、linux开发）,—
J4233,算法工程师/嵌入式开发/后端开发/测试,孔像科技(苏州)有限公司,宁波,3,软件测试（信号测试、安全测试）,—
J4234,IT工程师/ERP系统工程师,宁波万锦力和汽车零部件有限公司,宁波,0,制造业质量/检验（成本管理、抖音）,制造业质量/检验（图文平台、性能检测）
J4235,软件测试工程师,音王电声股份有限公司,宁波,3,软件测试（信号测试、安全测试）,—
J4236,C++工程师,宁波德图科技有限公司,宁波,4,后端开发（hibernate、linux开发）,—
J4237,java开发工程师,宁波神话信息科技有限公司,宁波,4,后端开发（hibernate、linux开发）,—
J4238,技术经理（宁波低代码平台）,宁波渠成集团有限公司,宁波,0,制造业质量/检验（成本管理、抖音）,制造业质量/检验（图文平台、性能检测）
J4239,AI Agent开发工程师,广东善世企业服务集团有限公司,宁波,7,算法/人工智能（智能驾驶、传感器融合）,—
J4240,java初级工程师,宁波万集达科技有限公司,宁波,4,后端开发（hibernate、linux开发）,—
J4241,管报开发负责人,日月重工股份有限公司,宁波,0,制造业质量/检验（成本管理、抖音）,Java/后端（spring、mybatis）
J4242,软件全栈工程师,宁波万集达科技有限公司,宁波,8,前端开发（web前端、erp项目）,—
J4243,C#初级软件工程师,苏州七剑软件有限公司,宁波,4,后端开发（hibernate、linux开发）,—
J4244,C#初级软件工程师(实习/应届),苏州七剑软件有限公司,宁波,4,后端开发（hibernate、linux开发）,—
J4245,web前端工程师,宁波东方理工科技发展有限公司,宁波,8,前端开发（web前端、erp项目）,—
J4246,html5前端开发,宁波东方理工科技发展有限公司,宁波,8,前端开发（web前端、erp项目）,—
J4247,Python程序员,杭州弈无忧科技有限公司,宁波,4,后端开发（hibernate、linux开发）,—
J4248,大模型工程师（服装制造垂类LLM方向）,浙江链捷数字科技有限公司,宁波,7,算法/人工智能（智能驾驶、传感器融合）,—
J4249,软件工程师（Java + AI Agent）(A72602),赛尔富电子有限公司,宁波,7,算法/人工智能（智能驾驶、传感器融合）,—
J4250,软件测试助理,浙江摩根集团有限公司,宁波,3,软件测试（信号测试、安全测试）,—
J4251,数据分析师,燧浦(上海)智能科技有限公司,宁波,2,数据分析/BI（数仓开发、kettle）,—
J4252,高级AI工程师,康龙化成,宁波,0,制造业质量/检验（成本管理、抖音）,算法/AI 应用（tensorflow、vit）
J4253,风控建模岗,宁波通商银行股份有限公司,宁波,0,制造业质量/检验（成本管理、抖音）,数据/统计分析（数据建模、统计学）
J4254,数据分析师 - 硕士实习生（base宁波）,中科聚信信息技术(北京)有限公司,宁波,2,数据分析/BI（数仓开发、kettle）,—
J4255,java后端开发工程师,重庆软维科技有限公司,宁波,4,后端开发（hibernate、linux开发）,—
J4256,数据分析师,陕西智析未来科技有限公司,宁波,2,数据分析/BI（数仓开发、kettle）,—
J4257,库存数据分析专员,宁波领拓沃供应链有限公司,宁波,2,数据分析/BI（数仓开发、kettle）,—
J4258,驻场工程师（自动驾驶）-头部大厂六险一金,科锐尔人力资源服务(苏州)有限公司,宁波,0,制造业质量/检验（成本管理、抖音）,硬件/仪器/自动化（组态软件、scratch）
J4259,测试工程师(J22517),公牛集团股份有限公司,宁波,3,软件测试（信号测试、安全测试）,—
J4260,work(线上回流数据标注),陕西汉唐数标科技有限公司,宁波,0,制造业质量/检验（成本管理、抖音）,硬件/仪器/自动化（组态软件、scratch）
J4261,IT工程师（AI相关）,宁波群志光电有限公司,宁波,0,制造业质量/检验（成本管理、抖音）,制造业质量/检验（图文平台、性能检测）
J4262,AI工程师,宁波容百新能源科技股份有限公司,宁波,0,制造业质量/检验（成本管理、抖音）,算法/AI 应用（tensorflow、vit）
J4263,数据开发工程师（紧急招聘）,北京神州数字科技有限公司,宁波,4,后端开发（hibernate、linux开发）,—
J4264,Java开发工程师,宁波聚联数字科技有限公司,宁波,4,后端开发（hibernate、linux开发）,—
J4265,测试工程师,燧浦(上海)智能科技有限公司,宁波,3,软件测试（信号测试、安全测试）,—
J4266,it工程师,宁波威奇尔电子有限公司,宁波,0,制造业质量/检验（成本管理、抖音）,硬件/仪器/自动化（组态软件、scratch）
J4267,测试工程师,宁波奢迈新能源科技有限公司,宁波,3,软件测试（信号测试、安全测试）,—
J4268,Java开发工程师,安徽屹通信息科技发展有限公司,宁波,4,后端开发（hibernate、linux开发）,—
J4269,ba管培生,杭州剑齿虎企业管理咨询有限公司,宁波,0,制造业质量/检验（成本管理、抖音）,数据/统计分析（数据建模、统计学）
J4270,软件测试工程师,讯猫软件集团有限公司,宁波,3,软件测试（信号测试、安全测试）,—
J4271,ai开发算法工程师（agent方向）,锐仕方达人才科技集团有限公司,宁波,7,算法/人工智能（智能驾驶、传感器融合）,—
J4272,机器视觉应用工程师,陕西智析未来科技有限公司,宁波,7,算法/人工智能（智能驾驶、传感器融合）,—
J4273,物流数据分析专员,宁波领拓沃供应链有限公司,宁波,2,数据分析/BI（数仓开发、kettle）,—
J4274,实施工程师,燧浦(上海)智能科技有限公司,宁波,1,运维/云与网络（分布式电站、空调工程）,—
J4275,Agents开发工程师（服装制造方向）,浙江链捷数字科技有限公司,宁波,4,后端开发（hibernate、linux开发）,—
J4276,计算机系统工程师,余姚太平洋称重工程有限公司,宁波,0,制造业质量/检验（成本管理、抖音）,制造业质量/检验（图文平台、性能检测）
J4277,遥感算法工程师（多方向）—安华水智慧,某知名企业,宁波,7,算法/人工智能（智能驾驶、传感器融合）,—
J4278,软件电子工程师助理,浙江明鹏新能源科技有限公司,宁波,0,制造业质量/检验（成本管理、抖音）,硬件/仪器/自动化（组态软件、scratch）
J4279,算法工程师,氢氧碳(宁波)科技有限公司,宁波,7,算法/人工智能（智能驾驶、传感器融合）,—
J4280,ai算法工程师,辽宁外联企业管理有限公司,宁波,7,算法/人工智能（智能驾驶、传感器融合）,—
J4281,车载软件集成测试工程师,南京迈特望科技股份有限公司,宁波,3,软件测试（信号测试、安全测试）,—
J4282,算法工程师,宁波尚泰电子有限公司,宁波,7,算法/人工智能（智能驾驶、传感器融合）,—
J4283,数据治理工程师(J10010),中科三环,宁波,0,制造业质量/检验（成本管理、抖音）,硬件/仪器/自动化（组态软件、scratch）
J4284,wms实施顾问,宁波晟匠信息科技有限公司,宁波,1,运维/云与网络（分布式电站、空调工程）,—
J4285,AI数字化运营（OPC小镇）(J10211),正大侨商房地产开发有限公司,宁波,0,制造业质量/检验（成本管理、抖音）,制造业质量/检验（图文平台、性能检测）
J4286,集成测试-驻场,猿圈圈智能技术(南京)有限公司,宁波,3,软件测试（信号测试、安全测试）,—
J4287,销售数据分析专员,宁波领拓沃供应链有限公司,宁波,2,数据分析/BI（数仓开发、kettle）,—
J4288,AI智能体开发&运维交付工程师（1名）,和光与时(珠海横琴)智慧能源有限公司,宁波,1,运维/云与网络（分布式电站、空调工程）,—
J4289,运维工程师,宁波国际物流发展股份有限公司,宁波,1,运维/云与网络（分布式电站、空调工程）,—
J4290,运维工程师,燧浦(上海)智能科技有限公司,宁波,1,运维/云与网络（分布式电站、空调工程）,—
J4291,车载网络测试工程师,光庭信息,宁波,3,软件测试（信号测试、安全测试）,—
J4292,运营管理,宁波市普惠保险公共服务中心,宁波,0,制造业质量/检验（成本管理、抖音）,Java/后端（spring、mybatis）
J4293,实施工程师（实习生）,杭州承壹教育科技有限公司,宁波,1,运维/云与网络（分布式电站、空调工程）,—
J4294,测试工程师（相关通信行业经验）,环球广电,宁波,3,软件测试（信号测试、安全测试）,—
J4295,SEND数据管理员,康龙化成,宁波,0,制造业质量/检验（成本管理、抖音）,数据/统计分析（数据建模、统计学）
J4296,上位机软件工程师,宁波芯核新测科技有限公司,宁波,4,后端开发（hibernate、linux开发）,—
J4297,java开发（线上面试 欢迎咨询 面后定薪）,上海信息人才服务有限公司,宁波,4,后端开发（hibernate、linux开发）,—
J4298,遥感实习生—安华水智慧,某知名企业,宁波,0,制造业质量/检验（成本管理、抖音）,硬件/仪器/自动化（组态软件、scratch）
J4299,信息化运维工程师(J10404),甬江实验室,宁波,1,运维/云与网络（分布式电站、空调工程）,—
J4300,博后研究员,浙江时空智子大数据有限公司,宁波,0,制造业质量/检验（成本管理、抖音）,算法/AI 应用（tensorflow、vit）
J4301,HRIS 应用工程师,宁波高松电子有限公司,宁波,0,制造业质量/检验（成本管理、抖音）,算法/AI 应用（tensorflow、vit）
J4302,数据开发 - 硕士实习生,中科聚信信息技术(北京)有限公司,宁波,0,制造业质量/检验（成本管理、抖音）,算法/AI 应用（tensorflow、vit）
J4303,几何算法实习生（秋招）,上海拓扑九章人工智能技术有限公司,宁波,7,算法/人工智能（智能驾驶、传感器融合）,—
J4304,AI前沿部署工程师,北京国基科技股份有限公司,宁波,0,制造业质量/检验（成本管理、抖音）,硬件/仪器/自动化（组态软件、scratch）
J4305,高级java开发工程师,宁波橙一信息科技有限公司,宁波,4,后端开发（hibernate、linux开发）,—
J4306,JAVA开发工程师,氢氧碳(宁波)科技有限公司,宁波,4,后端开发（hibernate、linux开发）,—
J4307,AI专家,重庆脉聘科技有限公司,宁波,0,制造业质量/检验（成本管理、抖音）,制造业质量/检验（图文平台、性能检测）
J4308,自动化开发工程师,奥克斯集团,宁波,4,后端开发（hibernate、linux开发）,—
J4309,TBOX测试工程师,上海适途汽车技术有限公司,宁波,3,软件测试（信号测试、安全测试）,—
J4310,AI产品与应用工程师(J10173),和利时集团,宁波,6,产品/项目管理（国内市场、需求分析）,—
J4311,总经理助理,宁波新容电器科技有限公司,宁波,0,制造业质量/检验（成本管理、抖音）,供应链/物料/采购（物料管理、海外供应链）
J4312,水体SAR遥感算法工程师,安华海洋智能装备(深圳)有限公司,宁波,7,算法/人工智能（智能驾驶、传感器融合）,—
J4313,信息娱乐测试工程师,莱本科技,宁波,3,软件测试（信号测试、安全测试）,—
J4314,高级AI工程师,康龙化成,宁波,0,制造业质量/检验（成本管理、抖音）,算法/AI 应用（tensorflow、vit）
J4315,测试工程师（相关通信行业经验）,环球广电,宁波,3,软件测试（信号测试、安全测试）,—
J4316,博后研究员,浙江时空智子大数据有限公司,宁波,0,制造业质量/检验（成本管理、抖音）,制造业质量/检验（图文平台、性能检测）
J4317,算法工程师,翌视科技(宁波)有限公司,宁波,7,算法/人工智能（智能驾驶、传感器融合）,—
J4318,高级算法开发工程师,信雅达,宁波,7,算法/人工智能（智能驾驶、传感器融合）,—
J4319,数据开发工程师（充电补能推荐方向）,天津艾迪智绘网络科技有限公司,宁波,7,算法/人工智能（智能驾驶、传感器融合）,—
J4320,大气遥感算法工程师,安华海洋智能装备(深圳)有限公司,宁波,7,算法/人工智能（智能驾驶、传感器融合）,—
J4321,人工智能大模型开发应用博士,浙江钰烯腐蚀控制股份有限公司,宁波,7,算法/人工智能（智能驾驶、传感器融合）,—
J4322,电源测试工程师（白盒测试/黑盒测试）,孔像科技(苏州)有限公司,宁波,3,软件测试（信号测试、安全测试）,—
J4323,AI资源部初级专员,宁波立太项目管理有限公司,宁波,0,制造业质量/检验（成本管理、抖音）,硬件/仪器/自动化（组态软件、scratch）
J4324,cryo-ET技术员,康龙化成,宁波,0,制造业质量/检验（成本管理、抖音）,硬件/仪器/自动化（组态软件、scratch）
J4325,算法工程师（本体建设）(J10169),和利时集团,宁波,7,算法/人工智能（智能驾驶、传感器融合）,—
J4326,嵌入式工程师（光模块通信行业）,环球广电,宁波,5,嵌入式/硬件（rtos、32位单片机）,—
J4327,FAE-功能匹配,科锐尔人力资源服务(苏州)有限公司,宁波,0,制造业质量/检验（成本管理、抖音）,硬件/仪器/自动化（组态软件、scratch）
J4328,图像处理算法工程师,杭州路基企业管理咨询服务有限公司,宁波,7,算法/人工智能（智能驾驶、传感器融合）,—
J4329,高级测试工程师,上海适途汽车技术有限公司,宁波,3,软件测试（信号测试、安全测试）,—
J4330,充电桩软件开发（Linux）,萃绩科技(上海)有限公司,宁波,0,制造业质量/检验（成本管理、抖音）,硬件/仪器/自动化（组态软件、scratch）
J4331,服务运营经理,沈阳宣腾人力资源有限公司,宁波,0,制造业质量/检验（成本管理、抖音）,硬件/仪器/自动化（组态软件、scratch）
J4332,多光谱/高光谱无人机遥感系统集成开发工程师,安华海洋智能装备(深圳)有限公司,宁波,4,后端开发（hibernate、linux开发）,—
J4333,it技术支持主管,宁波昊诚信息技术有限公司,宁波,0,制造业质量/检验（成本管理、抖音）,硬件/仪器/自动化（组态软件、scratch）
J4334,结构仿真工程师,奥克斯集团,宁波,0,制造业质量/检验（成本管理、抖音）,硬件/仪器/自动化（组态软件、scratch）
J4335,IT运维工程师,康龙化成,宁波,1,运维/云与网络（分布式电站、空调工程）,—
J4336,业务支持助理,招商银行股份有限公司信用卡中心,宁波,0,制造业质量/检验（成本管理、抖音）,供应链/物料/采购（物料管理、海外供应链）
J4337,相机制造测试工程师（英语听说良好）,成都迈思信息技术有限公司,宁波,3,软件测试（信号测试、安全测试）,—
J4338,MCU软件工程师,南京迈特望科技股份有限公司,宁波,4,后端开发（hibernate、linux开发）,—
J4339,3D画图编程,浙江知行新材料科技有限公司,宁波,0,制造业质量/检验（成本管理、抖音）,制造业质量/检验（图文平台、性能检测）
J4340,高级云端SRE 工程师（车联网 / 三电方向）,天津艾迪智绘网络科技有限公司,宁波,0,制造业质量/检验（成本管理、抖音）,硬件/仪器/自动化（组态软件、scratch）
J4341,实习生（战略情报分析）(J10389),甬江实验室,宁波,0,制造业质量/检验（成本管理、抖音）,硬件/仪器/自动化（组态软件、scratch）
J4342,车身软件测试工程师,无锡凡特物联技术有限公司,宁波,3,软件测试（信号测试、安全测试）,—
J4343,集成测试工程师（15-20K*12）,万宝盛华企业管理咨询（上海）有限公司,宁波,3,软件测试（信号测试、安全测试）,—
J4344,集成测试工程师（OBC\DCDC）,深圳克莱蒙特科技有限公司,宁波,3,软件测试（信号测试、安全测试）,—
J4345,软件质量与测试工程师,氢氧碳(宁波)科技有限公司,宁波,3,软件测试（信号测试、安全测试）,—
J4346,应用工程师（检测设备仪器方向）,宁波芯核新测科技有限公司,宁波,0,制造业质量/检验（成本管理、抖音）,硬件/仪器/自动化（组态软件、scratch）
J4347,AI视觉售前工程师（工业互联网方向）,浙江清大科技有限公司,宁波,7,算法/人工智能（智能驾驶、传感器融合）,—
J4348,车机软件框架工程师,孔像科技(苏州)有限公司,宁波,0,制造业质量/检验（成本管理、抖音）,硬件/仪器/自动化（组态软件、scratch）
J4349,电控测试工程师,宁波察微生物科技有限公司,宁波,3,软件测试（信号测试、安全测试）,—
J4350,时空数据产品融合算法工程师,安华海洋智能装备(深圳)有限公司,宁波,7,算法/人工智能（智能驾驶、传感器融合）,—
J4351,python自动化测试工程师,宁波神话信息科技有限公司,宁波,3,软件测试（信号测试、安全测试）,—
J4352,海洋水文数据分析及调查,浙江绿生控股(集团)有限公司,宁波,2,数据分析/BI（数仓开发、kettle）,—
J4353,管报开发负责人,日月重工股份有限公司,宁波,0,制造业质量/检验（成本管理、抖音）,数据/统计分析（数据建模、统计学）
J4354,全栈工程师,湖北聚博汇人力资源有限公司,宁波,8,前端开发（web前端、erp项目）,—
J4355,嵌入式软件工程师,安华海洋智能装备(深圳)有限公司,宁波,5,嵌入式/硬件（rtos、32位单片机）,—
J4356,光学工程师,安华海洋智能装备(深圳)有限公司,宁波,0,制造业质量/检验（成本管理、抖音）,硬件/仪器/自动化（组态软件、scratch）
J4357,光电MEMS方向博士后,甬江实验室,宁波,0,制造业质量/检验（成本管理、抖音）,硬件/仪器/自动化（组态软件、scratch）
J4358,ERP实施经理（Odoo系统）,万宝盛华企业管理咨询（上海）有限公司,宁波,1,运维/云与网络（分布式电站、空调工程）,—
J4359,博士后（界面聚合技术开发方向）(J10395),甬江实验室,宁波,0,制造业质量/检验（成本管理、抖音）,算法/AI 应用（tensorflow、vit）
J4360,色度学工程师,安华海洋智能装备(深圳)有限公司,宁波,0,制造业质量/检验（成本管理、抖音）,硬件/仪器/自动化（组态软件、scratch）
J4361,it技术支持,宁波神话信息科技有限公司,宁波,0,制造业质量/检验（成本管理、抖音）,制造业质量/检验（图文平台、性能检测）
J4362,信息技术工程师,宁波神话信息科技有限公司,宁波,0,制造业质量/检验（成本管理、抖音）,Java/后端（spring、mybatis）
J4363,软件全栈工程师,宁波万集达科技有限公司,宁波,8,前端开发（web前端、erp项目）,—
J4364,音视频开发测试工程师,音王电声股份有限公司,宁波,3,软件测试（信号测试、安全测试）,—
J4365,海洋水文数据处理与分析工程师,浙江绿生控股(集团)有限公司,宁波,0,制造业质量/检验（成本管理、抖音）,硬件/仪器/自动化（组态软件、scratch）
J4366,全栈工程师,湖北聚博汇人力资源有限公司,宁波,8,前端开发（web前端、erp项目）,—
J4367,ui前端开发工程师,氢氧碳(宁波)科技有限公司,宁波,8,前端开发（web前端、erp项目）,—
J4368,前端开发工程师,讯猫软件集团有限公司,宁波,8,前端开发（web前端、erp项目）,—
J4369,前端操作专员（美线）,宁波尚势科技有限公司,宁波,8,前端开发（web前端、erp项目）,—
J4370,前端操作专员（美线）,宁波英思物流有限公司,宁波,8,前端开发（web前端、erp项目）,—
J4371,管理培训生（干部通道+部门负责人/总经理带教）,宁波立明科技信息有限公司,宁波,0,制造业质量/检验（成本管理、抖音）,制造业质量/检验（图文平台、性能检测）
J4372,前端开发工程师,讯猫软件集团有限公司,宁波,8,前端开发（web前端、erp项目）,—
J4373,前端操作专员（美线）,宁波尚势科技有限公司,宁波,8,前端开发（web前端、erp项目）,—
J4374,前端操作组长（美线）,宁波尚势科技有限公司,宁波,8,前端开发（web前端、erp项目）,—
J4375,双休+五险一金 前端操作专员（美线）,宁波英思物流有限公司,宁波,8,前端开发（web前端、erp项目）,—
J4376,计算机开发工程师,云南广地建筑设计有限公司,宁波,4,后端开发（hibernate、linux开发）,—
J4377,后端开发工程师,讯猫软件集团有限公司,宁波,4,后端开发（hibernate、linux开发）,—
J4378,云端后端工程师（配置平台方向）,孔像科技(苏州)有限公司,宁波,4,后端开发（hibernate、linux开发）,—
J4379,底层软件工程师,拓普集团,宁波,4,后端开发（hibernate、linux开发）,—
J4380,java开发工程师（吉利）,天津艾迪智绘网络科技有限公司,宁波,4,后端开发（hibernate、linux开发）,—
J4381,IT系统运维开发（财务系统）,宁波尚势科技有限公司,宁波,1,运维/云与网络（分布式电站、空调工程）,—
J4382,车载视觉算法工程师,鑫锡软件(朝阳)有限公司,宁波,7,算法/人工智能（智能驾驶、传感器融合）,—
J4383,项目管理专家,宁波高松电子有限公司,宁波,6,产品/项目管理（国内市场、需求分析）,—
J4384,嵌入式开发工程师（车载SOC）,孔像科技(苏州)有限公司,宁波,5,嵌入式/硬件（rtos、32位单片机）,—
J4385,嵌入式软件工程师,森霸传感,宁波,5,嵌入式/硬件（rtos、32位单片机）,—
J4386,基金行业投资调研/研究员,宁波宝隽资产管理有限公司,宁波,0,制造业质量/检验（成本管理、抖音）,制造业质量/检验（图文平台、性能检测）
J4387,嵌入式软件工程师,宁波威奇尔电子有限公司,宁波,5,嵌入式/硬件（rtos、32位单片机）,—
J4388,java-线上面试,软通动力信息技术(集团)股份有限公司,宁波,4,后端开发（hibernate、linux开发）,—
J4389,BA需求分析师,杭州剑齿虎企业管理咨询有限公司,宁波,6,产品/项目管理（国内市场、需求分析）,—
J4390,礼盒开发,宁波依森纸制品有限公司,宁波,0,制造业质量/检验（成本管理、抖音）,制造业质量/检验（图文平台、性能检测）
J4391,应用研发岗（信贷方向）,宁波通商银行股份有限公司,宁波,0,制造业质量/检验（成本管理、抖音）,制造业质量/检验（图文平台、性能检测）
J4392,车载视觉算法工程师,鑫锡软件(朝阳)有限公司,宁波,7,算法/人工智能（智能驾驶、传感器融合）,—
J4393,招全国合伙人,宁波百悦谷信息科技有限公司,宁波,0,制造业质量/检验（成本管理、抖音）,制造业质量/检验（图文平台、性能检测）
J4394,软件工程师,浙江黎明智造股份有限公司,宁波,4,后端开发（hibernate、linux开发）,—
J4395,汽车智能网联测试,柳州市仁仪汽车技术服务有限公司,宁波,3,软件测试（信号测试、安全测试）,—
J4396,私募基金行业研究员,宁波宝隽资产管理有限公司,宁波,0,制造业质量/检验（成本管理、抖音）,制造业质量/检验（图文平台、性能检测）
J4397,FBA岗前客服,宁波中威国际物流有限公司,宁波,0,制造业质量/检验（成本管理、抖音）,制造业质量/检验（图文平台、性能检测）
J4398,车载视觉算法工程师,孔像科技(苏州)有限公司,宁波,7,算法/人工智能（智能驾驶、传感器融合）,—
J4399,多多买菜运营/操盘手（上海/浙江）,广东轻上生物科技有限公司,宁波,0,制造业质量/检验（成本管理、抖音）,制造业质量/检验（图文平台、性能检测）
J4400,商务BD,怡星(宁波)科技孵化器管理服务有限公司,宁波,0,制造业质量/检验（成本管理、抖音）,制造业质量/检验（图文平台、性能检测）
J4401,销售内勤,正大(慈溪)现代农业建设有限公司,宁波,0,制造业质量/检验（成本管理、抖音）,供应链/物料/采购（物料管理、海外供应链）
J4402,嵌入式软件工程师,宁波赫曼企业管理咨询有限公司,宁波,5,嵌入式/硬件（rtos、32位单片机）,—
J4403,车载视觉算法工程师,鑫锡软件(朝阳)有限公司,宁波,7,算法/人工智能（智能驾驶、传感器融合）,—
J4404,erp运维工程师,宁波尚势科技有限公司,宁波,1,运维/云与网络（分布式电站、空调工程）,—
J4405,嵌入式软件开发工程师,氢氧碳(宁波)科技有限公司,宁波,5,嵌入式/硬件（rtos、32位单片机）,—
J4406,小家电软件工程师,宁波伟能光电科技有限公司,宁波,4,后端开发（hibernate、linux开发）,—
J4407,财富经理/募集,宁波宝隽资产管理有限公司,宁波,0,制造业质量/检验（成本管理、抖音）,制造业质量/检验（图文平台、性能检测）
J4408,嵌入式软件工程师,浙江捷昌线性驱动科技股份有限公司,宁波,5,嵌入式/硬件（rtos、32位单片机）,—
J4409,车载视觉算法工程师,孔像科技(苏州)有限公司,宁波,7,算法/人工智能（智能驾驶、传感器融合）,—
J4410,应付会计,宁波众远新材料科技有限公司,宁波,0,制造业质量/检验（成本管理、抖音）,制造业质量/检验（图文平台、性能检测）
J4411,软件底层开发工程师,南京迈特望科技股份有限公司,宁波,4,后端开发（hibernate、linux开发）,—
J4412,软件工程师(江北，双休),宁波翔宏工贸有限公司,宁波,4,后端开发（hibernate、linux开发）,—
J4413,车载视觉算法工程师,鑫锡软件(朝阳)有限公司,宁波,7,算法/人工智能（智能驾驶、传感器融合）,—
J4414,销售团队经理,宁波百悦谷信息科技有限公司,宁波,0,制造业质量/检验（成本管理、抖音）,制造业质量/检验（图文平台、性能检测）
J4415,软件管理工程师,重庆软维科技有限公司,宁波,0,制造业质量/检验（成本管理、抖音）,制造业质量/检验（图文平台、性能检测）
J4416,车载视觉算法工程师,孔像科技(苏州)有限公司,宁波,7,算法/人工智能（智能驾驶、传感器融合）,—
J4417,智能驾驶测试工程师 (功能与数采开发),深圳南区人瑞人力资源服务有限公司,宁波,3,软件测试（信号测试、安全测试）,—
J4418,软件工程师（上位机开发）,环球广电,宁波,4,后端开发（hibernate、linux开发）,—
J4419,嵌入式软件开发工程师,宁波格上新能源有限公司,宁波,5,嵌入式/硬件（rtos、32位单片机）,—
J4420,高级嵌入式软件工程师（平台应用方向，杭州/宁波）,奥克斯集团,宁波,5,嵌入式/硬件（rtos、32位单片机）,—
J4421,移动端开发工程师（机器人APP）—腾达,某知名企业,宁波,4,后端开发（hibernate、linux开发）,—
J4422,安卓开发,鑫锡软件(朝阳)有限公司,宁波,0,制造业质量/检验（成本管理、抖音）,制造业质量/检验（图文平台、性能检测）
J4423,车载软件开发工程师(soc底软开发),天津艾迪智绘网络科技有限公司,宁波,4,后端开发（hibernate、linux开发）,—
J4424,Autosar软件工程师-驻场,猿圈圈智能技术(南京)有限公司,宁波,4,后端开发（hibernate、linux开发）,—
J4425,嵌入式软件开发工程师（汽车电子零部件方向）,浙江孚乔图科技有限公司,宁波,5,嵌入式/硬件（rtos、32位单片机）,—
J4426,汽车应用层软件工程师,拓普集团,宁波,4,后端开发（hibernate、linux开发）,—
J4427,技术应用工程师（数控刀具）,成都成林数控刀具股份有限公司,宁波,0,制造业质量/检验（成本管理、抖音）,制造业质量/检验（图文平台、性能检测）
J4428,MCU软件工程师-小家电,无锡和悦电子有限公司,宁波,4,后端开发（hibernate、linux开发）,—
J4429,DSP主任软件工程师,东方日升新能源股份有限公司,宁波,4,后端开发（hibernate、linux开发）,—
J4430,软件售后技术支持,浙江全中生态科技集团有限公司,宁波,0,制造业质量/检验（成本管理、抖音）,制造业质量/检验（图文平台、性能检测）
J4431,软件工程师,优泛得科技(珠海)有限公司,宁波,4,后端开发（hibernate、linux开发）,—
J4432,嵌入式软件工程师（ARM）,东方日升新能源股份有限公司,宁波,5,嵌入式/硬件（rtos、32位单片机）,—
J4433,车载软件开发（智能车控）,天津艾迪智绘网络科技有限公司,宁波,0,制造业质量/检验（成本管理、抖音）,制造业质量/检验（图文平台、性能检测）
J4434,MCU软件工程师,无锡和悦电子有限公司,宁波,4,后端开发（hibernate、linux开发）,—
J4435,dsp软件工程师,东方日升新能源股份有限公司,宁波,4,后端开发（hibernate、linux开发）,—
J4436,技术经理（低代码平台）,宁波渠成集团有限公司,宁波,0,制造业质量/检验（成本管理、抖音）,制造业质量/检验（图文平台、性能检测）
J4437,汽车电子底层软件工程师,孔像科技(苏州)有限公司,宁波,4,后端开发（hibernate、linux开发）,—
J4438,底盘测试工程师,浙江西图盟数字科技有限公司,宁波,3,软件测试（信号测试、安全测试）,—
J4439,嵌入式软件主任工程师（ARM）,东方日升新能源股份有限公司,宁波,5,嵌入式/硬件（rtos、32位单片机）,—
J4440,底盘设计开发工程师,浙江西图盟数字科技有限公司,宁波,4,后端开发（hibernate、linux开发）,—
J4441,质量管理测试,四川思美瑞人力资源管理有限公司,宁波,3,软件测试（信号测试、安全测试）,—
J4442,测试工程师（接受无经验，可培养）,北京捷科智诚科技有限公司上海分公司,宁波,3,软件测试（信号测试、安全测试）,—
J4443,测试员,宁波朗格照明电器有限公司,宁波,3,软件测试（信号测试、安全测试）,—
J4444,银行功能测试,北京汉克时代科技有限公司,宁波,3,软件测试（信号测试、安全测试）,—
J4445,质量巡检员,浙江华朔科技股份有限公司,宁波,0,制造业质量/检验（成本管理、抖音）,制造业质量/检验（图文平台、性能检测）
J4446,性能测试,览锐新材料(宁波)有限公司,宁波,3,软件测试（信号测试、安全测试）,—
J4447,性能测试岗,宁波通商银行股份有限公司,宁波,3,软件测试（信号测试、安全测试）,—
J4448,实验室测试员,康蒂(宁波)电器设备有限公司,宁波,3,软件测试（信号测试、安全测试）,—
J4449,测试工程师,宁波高松电子有限公司,宁波,3,软件测试（信号测试、安全测试）,—
J4450,测试工程师,安徽屹通信息科技发展有限公司,宁波,3,软件测试（信号测试、安全测试）,—
J4451,测试工程师,浙江华昕智能科技有限公司,宁波,3,软件测试（信号测试、安全测试）,—
J4452,测试工程师,上海天正信息科技有限公司,宁波,3,软件测试（信号测试、安全测试）,—
J4453,测试工程师（吉利办公）双休全额五险一金,软通动力信息技术(集团)股份有限公司,宁波,3,软件测试（信号测试、安全测试）,—
J4454,实验室测试员,宁波帕瓦莱斯智能科技有限公司,宁波,3,软件测试（信号测试、安全测试）,—
J4455,品质管理（双休，加班另计）,宁波富声达电机有限公司,宁波,3,软件测试（信号测试、安全测试）,—
J4456,测试工程师-银行-宁波,厦门至恒融兴信息技术股份有限公司,宁波,3,软件测试（信号测试、安全测试）,—
J4457,产品测试,览锐新材料(宁波)有限公司,宁波,3,软件测试（信号测试、安全测试）,—
J4458,智能驾驶-泊车测试,莱本科技,宁波,3,软件测试（信号测试、安全测试）,—
J4459,产品测试,宁波市优意美包装有限公司,宁波,3,软件测试（信号测试、安全测试）,—
J4460,VMM测试工程师,华苏科技,宁波,3,软件测试（信号测试、安全测试）,—
J4461,分析测试员,浙江隆发新材料科技有限公司,宁波,3,软件测试（信号测试、安全测试）,—
J4462,测试工程师,宁波理工环境能源科技股份有限公司,宁波,3,软件测试（信号测试、安全测试）,—
J4463,车载测试工程师,大连海蓝达科技有限公司,宁波,3,软件测试（信号测试、安全测试）,—
J4464,质量工程师,浙江仙成新材料科技有限公司,宁波,3,软件测试（信号测试、安全测试）,—
J4465,电池测试工程师,陕西智析未来科技有限公司,宁波,3,软件测试（信号测试、安全测试）,—
J4466,OTA测试工程师,浙江西图盟数字科技有限公司,宁波,3,软件测试（信号测试、安全测试）,—
J4467,测试工程师（接受小白）,北京捷科智诚科技有限公司上海分公司,宁波,3,软件测试（信号测试、安全测试）,—
J4468,质检/QC,浙江华昕智能科技有限公司,宁波,0,制造业质量/检验（成本管理、抖音）,制造业质量/检验（图文平台、性能检测）
J4469,车载测试工程师,天津艾迪智绘网络科技有限公司,宁波,3,软件测试（信号测试、安全测试）,—
J4470,质量工程师,拓普集团,宁波,3,软件测试（信号测试、安全测试）,—
J4471,软件集成测试,孔像科技(苏州)有限公司,宁波,3,软件测试（信号测试、安全测试）,—
J4472,软件测试工程师,宁波橙一信息科技有限公司,宁波,3,软件测试（信号测试、安全测试）,—
J4473,测试工程师【银行驻场】,京北方,宁波,3,软件测试（信号测试、安全测试）,—
J4474,测试助理工程师,览锐新材料(宁波)有限公司,宁波,3,软件测试（信号测试、安全测试）,—
J4475,测试工程师,讯猫软件集团有限公司,宁波,3,软件测试（信号测试、安全测试）,—
J4476,NPI工程师-测试新样品方向,环球广电,宁波,3,软件测试（信号测试、安全测试）,—
J4477,测试工程师,东方日升新能源股份有限公司,宁波,3,软件测试（信号测试、安全测试）,—
J4478,质量专员,宁波睿业科技有限公司,宁波,0,制造业质量/检验（成本管理、抖音）,制造业质量/检验（图文平台、性能检测）
J4479,检测试验员,星箭科技股份有限公司,宁波,3,软件测试（信号测试、安全测试）,—
J4480,测试工程师(A123017),赛尔富电子有限公司,宁波,3,软件测试（信号测试、安全测试）,—
J4481,测试工程师,易豹网络科技有限公司,宁波,3,软件测试（信号测试、安全测试）,—
J4482,MEA测试工程师,中兴精密,宁波,3,软件测试（信号测试、安全测试）,—
J4483,舱驾域测试工程师,浙江西图盟数字科技有限公司,宁波,3,软件测试（信号测试、安全测试）,—
J4484,质量工程师,中科三环,宁波,3,软件测试（信号测试、安全测试）,—
J4485,质量研发（江北，双休）,宁波翔宏工贸有限公司,宁波,0,制造业质量/检验（成本管理、抖音）,制造业质量/检验（图文平台、性能检测）
J4486,质量工程师（四厂）(J10457),浙江华朔科技股份有限公司,宁波,3,软件测试（信号测试、安全测试）,—
J4487,测试工程师(双休+年终奖+股权激励),赛维尔生物科技(宁波)有限公司,宁波,3,软件测试（信号测试、安全测试）,—
J4488,汽车网络测试工程师,上海博观汽车科技有限公司,宁波,3,软件测试（信号测试、安全测试）,—
J4489,研发测试员,宁波日新恒力科技有限公司,宁波,3,软件测试（信号测试、安全测试）,—
J4490,实验员（测试员）,浙江冰峰压缩机有限公司,宁波,3,软件测试（信号测试、安全测试）,—
J4491,QE工程师,宁波嘉乐智能科技股份有限公司,宁波,0,制造业质量/检验（成本管理、抖音）,制造业质量/检验（图文平台、性能检测）
J4492,产品测试工程师,东方日升新能源股份有限公司,宁波,3,软件测试（信号测试、安全测试）,—
J4493,品控工程师,兰洋(宁波)科技有限公司,宁波,0,制造业质量/检验（成本管理、抖音）,制造业质量/检验（图文平台、性能检测）
J4494,耐压测试,嘉润电气科技有限公司,宁波,3,软件测试（信号测试、安全测试）,—
J4495,测试工程师（27届）,宁波赛宝信息产业技术研究院有限公司,宁波,3,软件测试（信号测试、安全测试）,—
J4496,车载网络测试工程师,光庭信息,宁波,3,软件测试（信号测试、安全测试）,—
J4497,QE质量工程师,浙江睿达电器有限公司,宁波,3,软件测试（信号测试、安全测试）,—
J4498,制程质量工程师,宁波德昌电机股份有限公司,宁波,3,软件测试（信号测试、安全测试）,—
J4499,零部件安全测试工程师,中国汽研,宁波,3,软件测试（信号测试、安全测试）,—
J4500,OTA测试工程师,莱本科技,宁波,3,软件测试（信号测试、安全测试）,—
J4501,中级工程师,得力集团,宁波,0,制造业质量/检验（成本管理、抖音）,质量检验（qa、qc）
J4502,电源测试工程师,宁波亚翔电子科技有限公司,宁波,3,软件测试（信号测试、安全测试）,—
J4503,品控专员,宁波宏发工艺品有限公司,宁波,0,制造业质量/检验（成本管理、抖音）,质量检验（qa、qc）
J4504,车身域车载测试工程师,深圳南区人瑞人力资源服务有限公司,宁波,3,软件测试（信号测试、安全测试）,—
J4505,质量工程师,宁波华高信息科技股份有限公司,宁波,3,软件测试（信号测试、安全测试）,—
J4506,测试工程师-BMS,奥克斯集团,宁波,3,软件测试（信号测试、安全测试）,—
J4507,可靠性测试技术员,览锐新材料(宁波)有限公司,宁波,3,软件测试（信号测试、安全测试）,—
J4508,质量管理/QC,韩国爱特科有限公司宁波代表处,宁波,0,制造业质量/检验（成本管理、抖音）,供应链/物料/采购（物料管理、海外供应链）
J4509,品质主管,激智科技,宁波,3,软件测试（信号测试、安全测试）,—
J4510,SMT品质工程师,浙江摩根集团有限公司,宁波,3,软件测试（信号测试、安全测试）,—
J4511,无人机装调维修教练—云鹜航天,某知名企业,宁波,0,制造业质量/检验（成本管理、抖音）,制造业质量/检验（图文平台、性能检测）
J4512,品质工程师,阿能集团有限公司,宁波,3,软件测试（信号测试、安全测试）,—
J4513,品质工程师,金田铜业,宁波,3,软件测试（信号测试、安全测试）,—
J4514,质量/品质主管,浙江载驰科技股份有限公司,宁波,3,软件测试（信号测试、安全测试）,—
J4515,质量工程师,宁波天益医疗器械股份有限公司,宁波,3,软件测试（信号测试、安全测试）,—
J4516,车身域测试工程师（软件）,孔像科技(苏州)有限公司,宁波,3,软件测试（信号测试、安全测试）,—
J4517,现场测试工程师,萃绩科技(上海)有限公司,宁波,3,软件测试（信号测试、安全测试）,—
J4518,道路测试司机(轻卡，三轮车),北京易才博普奥管理顾问有限公司,宁波,3,软件测试（信号测试、安全测试）,—
J4519,环境测试工程师（可靠性）,万宝盛华企业管理咨询（上海）有限公司,宁波,3,软件测试（信号测试、安全测试）,—
J4520,质量工程师,宁波帅特龙汽车系统股份有限公司,宁波,3,软件测试（信号测试、安全测试）,—
J4521,质量控制工程师（可年后入职）,宁波诺云驱动科技有限公司,宁波,0,制造业质量/检验（成本管理、抖音）,制造业质量/检验（图文平台、性能检测）
J4522,质量管理,宁波延胜汽车零部件有限公司,宁波,0,制造业质量/检验（成本管理、抖音）,质量检验（qa、qc）
J4523,客户质量工程师,柏德皮革(中国)有限公司,宁波,3,软件测试（信号测试、安全测试）,—
J4524,语音测试（粤语口语）,上海爱辉通信技术有限公司,宁波,3,软件测试（信号测试、安全测试）,—
J4525,品质主管,慈溪市长河三和金属壳体有限公司,宁波,3,软件测试（信号测试、安全测试）,—
J4526,硬件测试工程师,览锐新材料(宁波)有限公司,宁波,3,软件测试（信号测试、安全测试）,—
J4527,品质主管,宁波科曼电子科技有限公司,宁波,3,软件测试（信号测试、安全测试）,—
J4528,质量主管,宁波崇友科技有限公司,宁波,0,制造业质量/检验（成本管理、抖音）,制造业质量/检验（图文平台、性能检测）
J4529,过程质量工程师(J10284),浙江华朔科技股份有限公司,宁波,3,软件测试（信号测试、安全测试）,—
J4530,车身自动化测试工程师,无锡凡特物联技术有限公司,宁波,3,软件测试（信号测试、安全测试）,—
J4531,质量工程师,重庆思普宁科技股份有限公司,宁波,3,软件测试（信号测试、安全测试）,—
J4532,分析测试工程师（金属离子检测方向）H8809,南大光电,宁波,3,软件测试（信号测试、安全测试）,—
J4533,品质工程师(J10064),卓力电器集团有限公司,宁波,3,软件测试（信号测试、安全测试）,—
J4534,测试工程师-银行,厦门至恒融兴信息技术股份有限公司,宁波,3,软件测试（信号测试、安全测试）,—
J4535,风扇品质经理-宁波(J10016),宁波生久科技有限公司,宁波,3,软件测试（信号测试、安全测试）,—
J4536,质量工程师,英威腾,宁波,3,软件测试（信号测试、安全测试）,—
J4537,质量工程师,宁波永久磁业有限公司,宁波,3,软件测试（信号测试、安全测试）,—
J4538,QE品质课长,浙江正庄实业有限公司,宁波,3,软件测试（信号测试、安全测试）,—
J4539,品质主管/专员,上海拓扑九章人工智能技术有限公司,宁波,3,软件测试（信号测试、安全测试）,—
J4540,pqe品质工程师,宁波宏硕电器电子有限公司,宁波,3,软件测试（信号测试、安全测试）,—
J4541,电化学测试工程师,浙江载驰科技股份有限公司,宁波,3,软件测试（信号测试、安全测试）,—
J4542,LED显示屏测试维修员（杭州湾地区）,GQY视讯,宁波,3,软件测试（信号测试、安全测试）,—
J4543,质量主管,拓普集团,宁波,0,制造业质量/检验（成本管理、抖音）,制造业质量/检验（图文平台、性能检测）
J4544,PQE制程质量工程师,宁波佳音机电科技股份有限公司,宁波,3,软件测试（信号测试、安全测试）,—
J4545,质量工程师/质量主管,宁波良源包装科技有限公司,宁波,3,软件测试（信号测试、安全测试）,—
J4546,产品测试工程师,览锐新材料(宁波)有限公司,宁波,3,软件测试（信号测试、安全测试）,—
J4547,QA,宁波伟立机器人科技有限公司,宁波,3,软件测试（信号测试、安全测试）,—
J4548,汽配质量经理,宁波利安科技股份有限公司,宁波,0,制造业质量/检验（成本管理、抖音）,制造业质量/检验（图文平台、性能检测）
J4549,质量工程师,浙江外企德科人力资源服务有限公司,宁波,3,软件测试（信号测试、安全测试）,—
J4550,qe质量工程师,慈溪市宜美佳铝业有限公司,宁波,3,软件测试（信号测试、安全测试）,—
J4551,品质检验工程师 Quality Engineer / I…,广州威标商品检测技术服务有限公司,宁波,3,软件测试（信号测试、安全测试）,—
J4552,EAP设备测试实施工程师,南京苏芯科技有限公司,宁波,3,软件测试（信号测试、安全测试）,—
J4553,注塑质量主管,宁波德昌电机股份有限公司,宁波,0,制造业质量/检验（成本管理、抖音）,质量检验（qa、qc）
J4554,质量管理,宁波市海晟医疗科技有限公司,宁波,0,制造业质量/检验（成本管理、抖音）,制造业质量/检验（图文平台、性能检测）
J4555,售后质量工程师,浙江黎明智造股份有限公司,宁波,3,软件测试（信号测试、安全测试）,—
J4556,小家电品质经理,宁波杭州湾新区才博企业管理咨询有限公司,宁波,3,软件测试（信号测试、安全测试）,—
J4557,品质工程师,博威合金,宁波,3,软件测试（信号测试、安全测试）,—
J4558,品质部经理(J10141),荷贝(宁波)家居有限公司,宁波,3,软件测试（信号测试、安全测试）,—
J4559,质量工程师（五险一金）,浙江科森生态科技股份有限公司,宁波,3,软件测试（信号测试、安全测试）,—
J4560,质量主管,合盛硅业,宁波,0,制造业质量/检验（成本管理、抖音）,制造业质量/检验（图文平台、性能检测）
J4561,信息安全测试工程师,柳州市仁仪汽车技术服务有限公司,宁波,3,软件测试（信号测试、安全测试）,—
J4562,质量工程师,宁波汉吉高分子材料有限公司,宁波,3,软件测试（信号测试、安全测试）,—
J4563,品质经理,宁波永逸电气有限公司,宁波,3,软件测试（信号测试、安全测试）,—
J4564,品质主管,怡星(宁波)科技孵化器管理服务有限公司,宁波,3,软件测试（信号测试、安全测试）,—
J4565,测试组长,览锐新材料(宁波)有限公司,宁波,3,软件测试（信号测试、安全测试）,—
J4566,产品质量工程师,拓普集团,宁波,3,软件测试（信号测试、安全测试）,—
J4567,车载视觉测试工程师,孔像科技(苏州)有限公司,宁波,3,软件测试（信号测试、安全测试）,—
J4568,NPI工程师-测试新样品方向,环球广电,宁波,3,软件测试（信号测试、安全测试）,—
J4569,品质经理,宁波赫曼企业管理咨询有限公司,宁波,3,软件测试（信号测试、安全测试）,—
J4570,车身自动化测试工程师,无锡凡特物联技术有限公司,宁波,3,软件测试（信号测试、安全测试）,—
J4571,品质主任工程师,金田铜业,宁波,3,软件测试（信号测试、安全测试）,—
J4572,PQE工程师,宁波高松电子有限公司,宁波,0,制造业质量/检验（成本管理、抖音）,制造业质量/检验（图文平台、性能检测）
J4573,质量工程师,宁波维伦智能科技有限公司,宁波,3,软件测试（信号测试、安全测试）,—
J4574,品控专员,宁波市斯丹妮进出口有限公司,宁波,0,制造业质量/检验（成本管理、抖音）,质量检验（qa、qc）
J4575,质量工程师,浙江品恩泰克科技有限公司,宁波,3,软件测试（信号测试、安全测试）,—
J4576,QE品质工程师,宁波利安科技股份有限公司,宁波,3,软件测试（信号测试、安全测试）,—
J4577,nvh测试工程师,拾音汽车科技(宁波)有限公司,宁波,3,软件测试（信号测试、安全测试）,—
J4578,工艺质量管理,宁波麦拉鸿基薄膜有限公司,宁波,0,制造业质量/检验（成本管理、抖音）,制造业质量/检验（图文平台、性能检测）
J4579,质量经理,宁波德昌电机股份有限公司,宁波,0,制造业质量/检验（成本管理、抖音）,质量检验（qa、qc）
J4580,质量经理,北京亦甬科技有限公司,宁波,0,制造业质量/检验（成本管理、抖音）,制造业质量/检验（图文平台、性能检测）
J4581,品质经理,宁波嘉纳电器有限公司,宁波,3,软件测试（信号测试、安全测试）,—
J4582,集成测试工程师（OBC\DCDC）,深圳克莱蒙特科技有限公司,宁波,3,软件测试（信号测试、安全测试）,—
J4583,高级质量工程师,宁波甬强科技有限公司,宁波,3,软件测试（信号测试、安全测试）,—
J4584,商储品质工程师,萃绩科技(上海)有限公司,宁波,3,软件测试（信号测试、安全测试）,—
J4585,品质经理,宁波新容电器科技有限公司,宁波,3,软件测试（信号测试、安全测试）,—
J4586,IPQC组长,浙江摩根集团有限公司,宁波,0,制造业质量/检验（成本管理、抖音）,质量检验（qa、qc）
J4587,品质工程师,环球广电,宁波,3,软件测试（信号测试、安全测试）,—
J4588,软件测试-【银行项目】-宁波,厦门至恒融兴信息技术股份有限公司,宁波,3,软件测试（信号测试、安全测试）,—
J4589,品质部部长,宁波德鹰精密机械有限公司,宁波,3,软件测试（信号测试、安全测试）,—
J4590,质量主管,宁波瑞丰汽车零部件有限公司,宁波,0,制造业质量/检验（成本管理、抖音）,制造业质量/检验（图文平台、性能检测）
J4591,质量监造-机加工,岚风新能源技术服务(北京)有限公司,宁波,0,制造业质量/检验（成本管理、抖音）,供应链/物料/采购（物料管理、海外供应链）
J4592,美妆包材质量工程师,宁波斐乐美业包装有限公司,宁波,3,软件测试（信号测试、安全测试）,—
J4593,过程质量工程师,合盛硅业,宁波,3,软件测试（信号测试、安全测试）,—
J4594,pqe质量工程师,宁波佳音机电科技股份有限公司,宁波,3,软件测试（信号测试、安全测试）,—
J4595,质量主管,重庆驭才企业管理咨询有限公司,宁波,0,制造业质量/检验（成本管理、抖音）,制造业质量/检验（图文平台、性能检测）
J4596,质量主管（13薪、涨薪快、发展好）,快招人才服务(深圳)集团有限公司,宁波,0,制造业质量/检验（成本管理、抖音）,质量检验（qa、qc）
J4597,质量工程师 (MJ001450),得力集团,宁波,3,软件测试（信号测试、安全测试）,—
J4598,前期质量工程师（个护）,宁波德昌电机股份有限公司,宁波,3,软件测试（信号测试、安全测试）,—
J4599,集成测试工程师,浙江西图盟数字科技有限公司,宁波,3,软件测试（信号测试、安全测试）,—
J4600,巡检员,宁波和鑫光电科技有限公司,宁波,0,制造业质量/检验（成本管理、抖音）,制造业质量/检验（图文平台、性能检测）
J4601,质量部经理,宁波汉吉高分子材料有限公司,宁波,0,制造业质量/检验（成本管理、抖音）,制造业质量/检验（图文平台、性能检测）
J4602,质量经理,宁波聚泰新材料科技有限公司,宁波,0,制造业质量/检验（成本管理、抖音）,质量检验（qa、qc）
J4603,te工程师,硅翔技术(宁波)有限公司,宁波,0,制造业质量/检验（成本管理、抖音）,制造业质量/检验（图文平台、性能检测）
J4604,品质经理,卓力电器集团有限公司,宁波,3,软件测试（信号测试、安全测试）,—
J4605,品质工程师,宁波市北仑旭日模具机械有限公司,宁波,3,软件测试（信号测试、安全测试）,—
J4606,生产测试组长,锦浪科技股份有限公司,宁波,3,软件测试（信号测试、安全测试）,—
J4607,银行测试工程师,厦门至恒融兴信息技术股份有限公司,宁波,3,软件测试（信号测试、安全测试）,—
J4608,质量项目经理,拓普集团,宁波,6,产品/项目管理（国内市场、需求分析）,—
J4609,IPQC组长,浙江捷昌线性驱动科技股份有限公司,宁波,0,制造业质量/检验（成本管理、抖音）,制造业质量/检验（图文平台、性能检测）
J4610,中级测试工程师（座舱域软件集成验证方向）,中科软科技股份有限公司,宁波,3,软件测试（信号测试、安全测试）,—
J4611,质量副经理,宁波可挺汽车零部件有限公司,宁波,0,制造业质量/检验（成本管理、抖音）,制造业质量/检验（图文平台、性能检测）
J4612,质量总监,水艺膜,宁波,0,制造业质量/检验（成本管理、抖音）,制造业质量/检验（图文平台、性能检测）
J4613,品质主管（工贸一体）,宁波瓦萨智能科技有限公司,宁波,3,软件测试（信号测试、安全测试）,—
J4614,DQE工程师,宁波高松电子有限公司,宁波,0,制造业质量/检验（成本管理、抖音）,制造业质量/检验（图文平台、性能检测）
J4615,质保工程师（宁波金七门）,汇添邦能源工程技术(苏州)有限公司,宁波,0,制造业质量/检验（成本管理、抖音）,质量检验（qa、qc）
J4616,CQE-风扇,宁波生久科技有限公司,宁波,0,制造业质量/检验（成本管理、抖音）,制造业质量/检验（图文平台、性能检测）
J4617,客户质量工程师CQE（宁波）,圣戈班集团,宁波,3,软件测试（信号测试、安全测试）,—
J4618,汽车ota测试工程师,浙江西图盟数字科技有限公司,宁波,3,软件测试（信号测试、安全测试）,—
J4619,测试组长,览锐新材料(宁波)有限公司,宁波,3,软件测试（信号测试、安全测试）,—
J4620,品质经理助理,宁波精磊汽车零部件有限公司,宁波,3,软件测试（信号测试、安全测试）,—
J4621,质量经理,宁波索普橡塑有限公司,宁波,0,制造业质量/检验（成本管理、抖音）,供应链/物料/采购（物料管理、海外供应链）
J4622,QE质量工程师,宁波赛派科技有限公司,宁波,3,软件测试（信号测试、安全测试）,—
J4623,商储现场测试主管,萃绩科技(上海)有限公司,宁波,3,软件测试（信号测试、安全测试）,—
J4624,品质主管,余姚市熠达电器有限公司,宁波,3,软件测试（信号测试、安全测试）,—
J4625,自行车电子变速器—品控师,西安智源电气有限公司,宁波,0,制造业质量/检验（成本管理、抖音）,质量检验（qa、qc）
J4626,品质工程师（光学膜裁切）,激智科技,宁波,3,软件测试（信号测试、安全测试）,—
J4627,客诉质量工程师,宁波威奇尔电子有限公司,宁波,3,软件测试（信号测试、安全测试）,—
J4628,质量工程师,锐仕方达人才科技集团有限公司,宁波,3,软件测试（信号测试、安全测试）,—
J4629,技术质量经理,佛山市本嘉新材料科技有限公司,宁波,0,制造业质量/检验（成本管理、抖音）,制造业质量/检验（图文平台、性能检测）
J4630,质量经理,宁波信远工业集团有限公司,宁波,0,制造业质量/检验（成本管理、抖音）,制造业质量/检验（图文平台、性能检测）
J4631,品质副主任工程师,金田铜业,宁波,3,软件测试（信号测试、安全测试）,—
J4632,质量部经理,宁波泓翔汽车零部件有限公司,宁波,0,制造业质量/检验（成本管理、抖音）,数据/统计分析（数据建模、统计学）
J4633,质量经理,宁波美品丰工艺品有限公司,宁波,0,制造业质量/检验（成本管理、抖音）,质量检验（qa、qc）
J4634,CQE主管,宁波新容电器科技有限公司,宁波,0,制造业质量/检验（成本管理、抖音）,供应链/物料/采购（物料管理、海外供应链）
J4635,品质经理,宁波森色光电科技有限公司,宁波,3,软件测试（信号测试、安全测试）,—
J4636,DQE工程师,宁波高松电子有限公司,宁波,0,制造业质量/检验（成本管理、抖音）,制造业质量/检验（图文平台、性能检测）
J4637,DQA经理,宁波诺云驱动科技有限公司,宁波,0,制造业质量/检验（成本管理、抖音）,制造业质量/检验（图文平台、性能检测）
J4638,"(Associate) Director, Quality Control, Biologics",康龙化成,宁波,2,数据分析/BI（数仓开发、kettle）,—
J4639,测试主管,览锐新材料(宁波)有限公司,宁波,3,软件测试（信号测试、安全测试）,—
J4640,品质工程师(J10064),卓力电器集团有限公司,宁波,3,软件测试（信号测试、安全测试）,—
J4641,品质工程师,浙江正庄实业有限公司,宁波,3,软件测试（信号测试、安全测试）,—
J4642,品质经理/主管,宁波德洲精密电子有限公司,宁波,3,软件测试（信号测试、安全测试）,—
J4643,IQE工程师（电子行业）,浙江摩根集团有限公司,宁波,0,制造业质量/检验（成本管理、抖音）,制造业质量/检验（图文平台、性能检测）
J4644,先期质量工程师,延锋国际座椅系统有限公司,宁波,3,软件测试（信号测试、安全测试）,—
J4645,质量经理,慈溪市英腾电器有限公司,宁波,0,制造业质量/检验（成本管理、抖音）,制造业质量/检验（图文平台、性能检测）
J4646,生化测试员（微生物&化学）,上海心辰脑康医疗科技有限公司,宁波,3,软件测试（信号测试、安全测试）,—
J4647,品质总监,宁波胜筹光电科技有限公司,宁波,3,软件测试（信号测试、安全测试）,—
J4648,CQE客户质量工程师,宁波美高五金科技有限公司,宁波,3,软件测试（信号测试、安全测试）,—
J4649,车载渗透测试工程师,天津艾迪智绘网络科技有限公司,宁波,3,软件测试（信号测试、安全测试）,—
J4650,质量工程师、质量主管,宁波嘉纳电器有限公司,宁波,3,软件测试（信号测试、安全测试）,—
J4651,检验主管/品质主管,嘉润电气科技有限公司,宁波,3,软件测试（信号测试、安全测试）,—
J4652,客户质量工程师(J12198),合盛硅业,宁波,3,软件测试（信号测试、安全测试）,—
J4653,质量主管（大平台）外企福利好,快招人才服务(深圳)集团有限公司,宁波,0,制造业质量/检验（成本管理、抖音）,供应链/物料/采购（物料管理、海外供应链）
J4654,品质主管,宁波梅西照明电器有限公司,宁波,3,软件测试（信号测试、安全测试）,—
J4655,DQA（设计质量保证工程师）/主管/经理,锐仕方达人才科技集团有限公司,宁波,3,软件测试（信号测试、安全测试）,—
J4656,品质工程师,佛山市本嘉新材料科技有限公司,宁波,3,软件测试（信号测试、安全测试）,—
J4657,食品品控经理,浙江荃盛食品有限公司,宁波,0,制造业质量/检验（成本管理、抖音）,质量检验（qa、qc）
J4658,DQE工程师,宁波高松电子有限公司,宁波,0,制造业质量/检验（成本管理、抖音）,制造业质量/检验（图文平台、性能检测）
J4659,质检主任,宁波瓦萨智能科技有限公司,宁波,0,制造业质量/检验（成本管理、抖音）,制造业质量/检验（图文平台、性能检测）
J4660,品质经理,宁波精磊汽车零部件有限公司,宁波,3,软件测试（信号测试、安全测试）,—
J4661,质量经理,青岛泰诺福伦机械有限公司,宁波,0,制造业质量/检验（成本管理、抖音）,质量检验（qa、qc）
J4662,质量经理,拓普集团,宁波,0,制造业质量/检验（成本管理、抖音）,制造业质量/检验（图文平台、性能检测）
J4663,质量主管,浙江黎明智造股份有限公司,宁波,0,制造业质量/检验（成本管理、抖音）,制造业质量/检验（图文平台、性能检测）
J4664,过程质量工程师(J23607),公牛集团股份有限公司,宁波,3,软件测试（信号测试、安全测试）,—
J4665,品质技术主管,浙江品恩泰克科技有限公司,宁波,3,软件测试（信号测试、安全测试）,—
J4666,品质经理,宁波优和办公文具有限公司,宁波,3,软件测试（信号测试、安全测试）,—
J4667,品质经理,浙江汇德隆家居用品有限公司,宁波,3,软件测试（信号测试、安全测试）,—
J4668,品保中级工程师（储能柜）,宁波信泰机械有限公司,宁波,0,制造业质量/检验（成本管理、抖音）,质量检验（qa、qc）
J4669,质量工程师,星箭科技股份有限公司,宁波,3,软件测试（信号测试、安全测试）,—
J4670,质量副部长,宁波奥博汽车电器有限公司,宁波,0,制造业质量/检验（成本管理、抖音）,制造业质量/检验（图文平台、性能检测）
J4671,质量工程师,宁波高灵电子有限公司,宁波,3,软件测试（信号测试、安全测试）,—
J4672,品质主管,宁波普泽机电有限公司,宁波,3,软件测试（信号测试、安全测试）,—
J4673,PQE工程师,卓力电器集团有限公司,宁波,0,制造业质量/检验（成本管理、抖音）,制造业质量/检验（图文平台、性能检测）
J4674,质量经理,宁波纬拓汽车配件有限公司,宁波,0,制造业质量/检验（成本管理、抖音）,质量检验（qa、qc）
J4675,质检主管,宁波友谊铜业有限公司,宁波,0,制造业质量/检验（成本管理、抖音）,质量检验（qa、qc）
J4676,品质经理,宁波辰轩机械有限公司,宁波,3,软件测试（信号测试、安全测试）,—
J4677,CQE工程师(J10205),宁波高松电子有限公司,宁波,0,制造业质量/检验（成本管理、抖音）,制造业质量/检验（图文平台、性能检测）
J4678,质量工程师PQE,北京亦甬科技有限公司,宁波,3,软件测试（信号测试、安全测试）,—
J4679,DQE工程师,宁波新容电器科技有限公司,宁波,0,制造业质量/检验（成本管理、抖音）,制造业质量/检验（图文平台、性能检测）
J4680,质量工程师,宁波祥路中天新材料科技股份有限公司,宁波,3,软件测试（信号测试、安全测试）,—
J4681,品控/品质主管,宁波柯尼金属制品有限公司,宁波,3,软件测试（信号测试、安全测试）,—
J4682,品质经理,浙江华胜智能家具实业有限公司,宁波,3,软件测试（信号测试、安全测试）,—
J4683,DQE工程师,宁波瑞卡电器有限公司,宁波,0,制造业质量/检验（成本管理、抖音）,质量检验（qa、qc）
J4684,电子质量工程师（DQE）,浙江摩根集团有限公司,宁波,3,软件测试（信号测试、安全测试）,—
J4685,PQM工程师,硅翔技术(宁波)有限公司,宁波,0,制造业质量/检验（成本管理、抖音）,制造业质量/检验（图文平台、性能检测）
J4686,轴承品质经理,宁波博时培林机械有限公司,宁波,3,软件测试（信号测试、安全测试）,—
J4687,质保工程师（宁波金七门）,汇添邦能源工程技术(苏州)有限公司,宁波,0,制造业质量/检验（成本管理、抖音）,质量检验（qa、qc）
J4688,巡检检测员,宁波晠昊金属制造有限公司,宁波,0,制造业质量/检验（成本管理、抖音）,制造业质量/检验（图文平台、性能检测）
J4689,网络运维专员,宁海无穹科技培训有限公司,宁波,1,运维/云与网络（分布式电站、空调工程）,—
J4690,运维工程师,华讯智慧科技有限公司,宁波,1,运维/云与网络（分布式电站、空调工程）,—
J4691,机房运维岗,宁波通商银行股份有限公司,宁波,1,运维/云与网络（分布式电站、空调工程）,—
J4692,mes运维工程师,拓普集团,宁波,1,运维/云与网络（分布式电站、空调工程）,—
J4693,现场运维工程师,杭州浅海科技有限责任公司,宁波,1,运维/云与网络（分布式电站、空调工程）,—
J4694,桌面运维工程师,广东南油服务有限公司,宁波,1,运维/云与网络（分布式电站、空调工程）,—
J4695,数据中心驻场值班员,润建股份,宁波,0,制造业质量/检验（成本管理、抖音）,制造业质量/检验（图文平台、性能检测）
J4696,海上风电运维工程师,陕西芮伯风光同创新能源科技有限公司,宁波,1,运维/云与网络（分布式电站、空调工程）,—
J4697,储能运维工程师（电站运维）,宁波共盛电气科技有限公司,宁波,1,运维/云与网络（分布式电站、空调工程）,—
J4698,工程运维,宁波磐石新能源科技有限公司,宁波,1,运维/云与网络（分布式电站、空调工程）,—
J4699,it网络运维工程师,宁波昊诚信息技术有限公司,宁波,1,运维/云与网络（分布式电站、空调工程）,—
J4700,新能源风电运维工程师,广西凌桂风电科技有限公司,宁波,1,运维/云与网络（分布式电站、空调工程）,—
J4701,网络维护工程师,宁波高通网络科技有限公司,宁波,0,制造业质量/检验（成本管理、抖音）,制造业质量/检验（图文平台、性能检测）
J4702,IT专员,余姚三升电器有限公司,宁波,0,制造业质量/检验（成本管理、抖音）,制造业质量/检验（图文平台、性能检测）
J4703,it运维专员,余姚市创丰毛皮制品有限公司,宁波,1,运维/云与网络（分布式电站、空调工程）,—
J4704,光伏运维专员（宁波区域）,河北希航电力安装工程有限公司,宁波,1,运维/云与网络（分布式电站、空调工程）,—
J4705,设备运维工程师,晶灵(宁波)新能源科技有限公司,宁波,1,运维/云与网络（分布式电站、空调工程）,—
J4706,（宁波慈溪）IDC值班工程师,杭州吉网通信技术有限公司,宁波,0,制造业质量/检验（成本管理、抖音）,制造业质量/检验（图文平台、性能检测）
J4707,水站设备运维工程师（宁波大市区内）,宁波理工环境能源科技股份有限公司,宁波,1,运维/云与网络（分布式电站、空调工程）,—
J4708,数据中心值班员（宁波慈溪）,润建股份,宁波,0,制造业质量/检验（成本管理、抖音）,制造业质量/检验（图文平台、性能检测）
J4709,桌面运维工程师-宁波,联想云领(成都)科技有限公司,宁波,1,运维/云与网络（分布式电站、空调工程）,—
J4710,自动化设备运维工程师,宁波硕罗德机电设备有限公司,宁波,1,运维/云与网络（分布式电站、空调工程）,—
J4711,CRM运维,宁波信泰机械有限公司,宁波,1,运维/云与网络（分布式电站、空调工程）,—
J4712,设备运维工程助理,纳华(宁波)新材料科技有限公司,宁波,1,运维/云与网络（分布式电站、空调工程）,—
J4713,运维主管,东方日升新能源股份有限公司,宁波,1,运维/云与网络（分布式电站、空调工程）,—
J4714,水利工程运维管理人员,浙江艮威水利建设有限公司,宁波,1,运维/云与网络（分布式电站、空调工程）,—
J4715,网络工程师,宁波晨鼎信息科技有限公司,宁波,1,运维/云与网络（分布式电站、空调工程）,—
J4716,运维工程师-门店零售,苏州英格玛服务外包股份有限公司,宁波,1,运维/云与网络（分布式电站、空调工程）,—
J4717,服务器运维工程师,安图特（北京）科技有限公司,宁波,1,运维/云与网络（分布式电站、空调工程）,—
J4718,环保运维组长（宁海）,无锡大禹科技有限公司,宁波,1,运维/云与网络（分布式电站、空调工程）,—
J4719,施工管理/运维（充电桩、光伏）,宁波市诚晖建筑劳务有限公司,宁波,1,运维/云与网络（分布式电站、空调工程）,—
J4720,mes运维工程师,博彦科技承德有限公司,宁波,1,运维/云与网络（分布式电站、空调工程）,—
J4721,驻场运维工程师,华奕新能源股份有限公司,宁波,1,运维/云与网络（分布式电站、空调工程）,—
J4722,售后运维工程师-停车场运维,四象网讯,宁波,1,运维/云与网络（分布式电站、空调工程）,—
J4723,化工厂人员定位系统技术支持工程师,青岛安然物联网科技有限公司,宁波,0,制造业质量/检验（成本管理、抖音）,制造业质量/检验（图文平台、性能检测）
J4724,设备运维技术工程师,安华海洋智能装备(深圳)有限公司,宁波,1,运维/云与网络（分布式电站、空调工程）,—
J4725,mes运维,润和软件,宁波,1,运维/云与网络（分布式电站、空调工程）,—
J4726,污水运维经理,水艺膜,宁波,1,运维/云与网络（分布式电站、空调工程）,—
J4727,海上风电运维工程师（广东、浙江、福建）,福建海电运维科技股份有限公司,宁波,1,运维/云与网络（分布式电站、空调工程）,—
J4728,通信维护施工员,中金汇通信技术有限公司,宁波,0,制造业质量/检验（成本管理、抖音）,制造业质量/检验（图文平台、性能检测）
J4729,it技术支持工程师,宁波美诺华药业股份有限公司,宁波,0,制造业质量/检验（成本管理、抖音）,制造业质量/检验（图文平台、性能检测）
J4730,硬件工程师,宁波量讯科技有限公司,宁波,5,嵌入式/硬件（rtos、32位单片机）,—
J4731,弱电智能化项目维护技术员,宁波鹏泰交通科技有限公司,宁波,0,制造业质量/检验（成本管理、抖音）,硬件/仪器/自动化（组态软件、scratch）
J4732,设备技术支持工程师,顺丰速运,宁波,0,制造业质量/检验（成本管理、抖音）,供应链/物料/采购（物料管理、海外供应链）
J4733,设施运行值班\维修员,康龙化成,宁波,0,制造业质量/检验（成本管理、抖音）,制造业质量/检验（图文平台、性能检测）
J4734,公用系统专员,海尔施生物医药股份有限公司,宁波,0,制造业质量/检验（成本管理、抖音）,制造业质量/检验（图文平台、性能检测）
J4735,海康agv实施工程师,浙江奥立威智能科技有限公司,宁波,1,运维/云与网络（分布式电站、空调工程）,—
J4736,售后支持工程师（储能行业）,萃绩科技(上海)有限公司,宁波,0,制造业质量/检验（成本管理、抖音）,制造业质量/检验（图文平台、性能检测）
J4737,光伏运维专员(宁波区域 ),河北希航电力安装工程有限公司,宁波,1,运维/云与网络（分布式电站、空调工程）,—
J4738,科研助理/助理工程师（真空设备运维）,甬江实验室,宁波,1,运维/云与网络（分布式电站、空调工程）,—
J4739,水站设备运维工程师（象山）,宁波理工环境能源科技股份有限公司,宁波,1,运维/云与网络（分布式电站、空调工程）,—
J4740,现场技术支持(J10817),宁波德业科技股份有限公司,宁波,0,制造业质量/检验（成本管理、抖音）,制造业质量/检验（图文平台、性能检测）
J4741,售后工程师/非标自动化设备维护,四川全程建业建筑劳务有限公司,宁波,0,制造业质量/检验（成本管理、抖音）,制造业质量/检验（图文平台、性能检测）
J4742,售后技术员,宁波锐盛电子科技有限公司,宁波,0,制造业质量/检验（成本管理、抖音）,制造业质量/检验（图文平台、性能检测）
J4743,桌面工程师-宁波,联想云领(成都)科技有限公司,宁波,0,制造业质量/检验（成本管理、抖音）,制造业质量/检验（图文平台、性能检测）
J4744,应用工程师（ERP）(J10154),荷贝(宁波)家居有限公司,宁波,0,制造业质量/检验（成本管理、抖音）,Java/后端（spring、mybatis）
J4745,售后调试工程师+五险一金,苏州苏汀达自动化科技有限公司,宁波,0,制造业质量/检验（成本管理、抖音）,制造业质量/检验（图文平台、性能检测）
J4746,agv实施工程师,沈阳瑞晟智能装备有限公司,宁波,1,运维/云与网络（分布式电站、空调工程）,—
J4747,宁海生物天然气项目运行专员（有机修经验优先）,浙江思锐电力科技有限公司,宁波,0,制造业质量/检验（成本管理、抖音）,制造业质量/检验（图文平台、性能检测）
J4748,厂务运维主管-宁波,康龙化成,宁波,1,运维/云与网络（分布式电站、空调工程）,—
J4749,急招电工-五险一金-有餐补,浙江艮威水利建设有限公司,宁波,0,制造业质量/检验（成本管理、抖音）,制造业质量/检验（图文平台、性能检测）
J4750,桌面运维工程师,北京中创启华财税管理有限公司,宁波,1,运维/云与网络（分布式电站、空调工程）,—
J4751,初级it桌面运维工程师,宁波奇凯科技集团有限公司,宁波,1,运维/云与网络（分布式电站、空调工程）,—
J4752,计算机硬件维护专员,浙江全中生态科技集团有限公司,宁波,5,嵌入式/硬件（rtos、32位单片机）,—
J4753,it运维工程师,宁波拓兴精密铸造有限公司,宁波,1,运维/云与网络（分布式电站、空调工程）,—
J4754,网络系统管理员,宁波万集达科技有限公司,宁波,1,运维/云与网络（分布式电站、空调工程）,—
J4755,光伏运维工程师,六合区诚兴优光伏经营部(个体工商户),宁波,1,运维/云与网络（分布式电站、空调工程）,—
J4756,helpdesk技术支持工程师,宁波东方理工科技发展有限公司,宁波,0,制造业质量/检验（成本管理、抖音）,制造业质量/检验（图文平台、性能检测）
J4757,立库维护工,江苏金发科技新材料有限公司,宁波,0,制造业质量/检验（成本管理、抖音）,制造业质量/检验（图文平台、性能检测）
J4758,厂务-运维高级主管,康龙化成,宁波,1,运维/云与网络（分布式电站、空调工程）,—
J4759,环保运维工程师（宁海）,无锡大禹科技有限公司,宁波,1,运维/云与网络（分布式电站、空调工程）,—
J4760,MES运维,博彦科技承德有限公司,宁波,1,运维/云与网络（分布式电站、空调工程）,—
J4761,设备运维工程师,宁波硕罗德机电设备有限公司,宁波,1,运维/云与网络（分布式电站、空调工程）,—
J4762,动力运维主管/经理-宁波,康龙化成,宁波,1,运维/云与网络（分布式电站、空调工程）,—
J4763,维修专员,康龙化成,宁波,0,制造业质量/检验（成本管理、抖音）,供应链/物料/采购（物料管理、海外供应链）
J4764,售后技术支持工程师,萃绩科技(上海)有限公司,宁波,0,制造业质量/检验（成本管理、抖音）,制造业质量/检验（图文平台、性能检测）
J4765,设施运行值班\维修员,康龙化成,宁波,0,制造业质量/检验（成本管理、抖音）,制造业质量/检验（图文平台、性能检测）
J4766,打印IT技术支持岗周休二,宁波万集达科技有限公司,宁波,0,制造业质量/检验（成本管理、抖音）,制造业质量/检验（图文平台、性能检测）
J4767,it技术员/系统管理员,宁波奇凯科技集团有限公司,宁波,1,运维/云与网络（分布式电站、空调工程）,—
J4768,it网络运维工程师,宁波万集达科技有限公司,宁波,1,运维/云与网络（分布式电站、空调工程）,—
J4769,helpdesk,浙江全中生态科技集团有限公司,宁波,0,制造业质量/检验（成本管理、抖音）,制造业质量/检验（图文平台、性能检测）
J4770,计算机硬件维护工程师,宁波东方理工科技发展有限公司,宁波,5,嵌入式/硬件（rtos、32位单片机）,—
J4771,网络工程师助理,宁波东方理工科技发展有限公司,宁波,1,运维/云与网络（分布式电站、空调工程）,—
J4772,网络工程师助理,浙江全中生态科技集团有限公司,宁波,1,运维/云与网络（分布式电站、空调工程）,—
J4773,it技术助理,浙江全中生态科技集团有限公司,宁波,0,制造业质量/检验（成本管理、抖音）,制造业质量/检验（图文平台、性能检测）
J4774,库房经理-宁波,康龙化成,宁波,0,制造业质量/检验（成本管理、抖音）,制造业质量/检验（图文平台、性能检测）
J4775,销售数据统计员,宁波依森纸制品有限公司,宁波,0,制造业质量/检验（成本管理、抖音）,制造业质量/检验（图文平台、性能检测）
J4776,居家商品数据采集,贵州鼎联数据有限公司,宁波,0,制造业质量/检验（成本管理、抖音）,制造业质量/检验（图文平台、性能检测）
J4777,车间统计员,宁波金山双鹿电池有限公司,宁波,0,制造业质量/检验（成本管理、抖音）,供应链/物料/采购（物料管理、海外供应链）
J4778,销售数据分析,招商银行股份有限公司信用卡中心,宁波,2,数据分析/BI（数仓开发、kettle）,—
J4779,数据分析师,宁波领拓沃供应链有限公司,宁波,2,数据分析/BI（数仓开发、kettle）,—
J4780,订单管理员,宁波汐汶文化科技有限公司,宁波,0,制造业质量/检验（成本管理、抖音）,制造业质量/检验（图文平台、性能检测）
J4781,数据统计员兼职,太原商邑企业管理咨询有限公司,宁波,0,制造业质量/检验（成本管理、抖音）,制造业质量/检验（图文平台、性能检测）
J4782,镇海庄市数据记录20/小时空调坐班,浙江杰博人力资源股份有限公司,宁波,0,制造业质量/检验（成本管理、抖音）,制造业质量/检验（图文平台、性能检测）
J4783,宁波-业务管理岗 (MJ009285),太平洋产险,宁波,0,制造业质量/检验（成本管理、抖音）,数据/统计分析（数据建模、统计学）
J4784,运营风险监控岗,宁波通商银行股份有限公司,宁波,0,制造业质量/检验（成本管理、抖音）,制造业质量/检验（图文平台、性能检测）
J4785,综合文员,宁波宏阳农副产品有限公司,宁波,0,制造业质量/检验（成本管理、抖音）,供应链/物料/采购（物料管理、海外供应链）
J4786,数据采集员,杭州禾宠网络科技有限公司,宁波,0,制造业质量/检验（成本管理、抖音）,制造业质量/检验（图文平台、性能检测）
J4787,订单跟踪（双休）,宁波爱立德科技集团有限公司,宁波,0,制造业质量/检验（成本管理、抖音）,供应链/物料/采购（物料管理、海外供应链）
J4788,内容审核,宁波燚煊信息咨询有限公司,宁波,0,制造业质量/检验（成本管理、抖音）,制造业质量/检验（图文平台、性能检测）
J4789,大厂办公室文职 月薪8000 周末双休,青岛井然企业管理有限公司,宁波,0,制造业质量/检验（成本管理、抖音）,制造业质量/检验（图文平台、性能检测）
J4790,绩效数据专员,荷贝(宁波)家居有限公司,宁波,0,制造业质量/检验（成本管理、抖音）,数据/统计分析（数据建模、统计学）
J4791,阿迪达斯宁波杉井店铺协调员,阿迪达斯,宁波,0,制造业质量/检验（成本管理、抖音）,供应链/物料/采购（物料管理、海外供应链）
J4792,便利店督导-京东正编,京东集团,宁波,0,制造业质量/检验（成本管理、抖音）,制造业质量/检验（图文平台、性能检测）
J4793,数据员,四川东原兴物流有限公司,宁波,0,制造业质量/检验（成本管理、抖音）,供应链/物料/采购（物料管理、海外供应链）
J4794,无损检测员,河南百铸科技有限公司,宁波,0,制造业质量/检验（成本管理、抖音）,制造业质量/检验（图文平台、性能检测）
J4795,宁波分公司业务管理部-业务支持岗,华福证券股份有限公司宁波人民路证券营业部,宁波,0,制造业质量/检验（成本管理、抖音）,制造业质量/检验（图文平台、性能检测）
J4796,仓库后勤库房打单员,宁波澄澜未来科技有限公司第二分公司,宁波,0,制造业质量/检验（成本管理、抖音）,供应链/物料/采购（物料管理、海外供应链）
J4797,证券分析,甬兴证券有限公司宁波奉化中山东路证券营业部,宁波,0,制造业质量/检验（成本管理、抖音）,制造业质量/检验（图文平台、性能检测）
J4798,erp实施助理,浙江致拓智能科技有限公司,宁波,1,运维/云与网络（分布式电站、空调工程）,—
J4799,长晶工艺工程师,合盛硅业,宁波,0,制造业质量/检验（成本管理、抖音）,制造业质量/检验（图文平台、性能检测）
J4800,连锁KTV门店店长,江西爱魅文化科技有限公司北京分公司,宁波,0,制造业质量/检验（成本管理、抖音）,制造业质量/检验（图文平台、性能检测）
J4801,订单处理员,宁波汐汶文化科技有限公司,宁波,0,制造业质量/检验（成本管理、抖音）,供应链/物料/采购（物料管理、海外供应链）
J4802,数据治理工程师(J10010),中科三环,宁波,0,制造业质量/检验（成本管理、抖音）,数据/统计分析（数据建模、统计学）
J4803,杉杉奥莱财务管培生 (MJ020160),杉杉商业集团有限公司,宁波,0,制造业质量/检验（成本管理、抖音）,制造业质量/检验（图文平台、性能检测）
J4804,生产计划专员,柯力电气,宁波,0,制造业质量/检验（成本管理、抖音）,制造业质量/检验（图文平台、性能检测）
J4805,选址拓展,浙江一鸣食品股份有限公司,宁波,0,制造业质量/检验（成本管理、抖音）,制造业质量/检验（图文平台、性能检测）
J4806,车间统计员,宁波普净科技有限公司,宁波,0,制造业质量/检验（成本管理、抖音）,供应链/物料/采购（物料管理、海外供应链）
J4807,职域业务支持岗（内勤+六险二金）,泰康养老保险股份有限公司,宁波,0,制造业质量/检验（成本管理、抖音）,制造业质量/检验（图文平台、性能检测）
J4808,助理研究员,远东资信评估有限公司,宁波,0,制造业质量/检验（成本管理、抖音）,制造业质量/检验（图文平台、性能检测）
J4809,质量工程师,博威合金,宁波,3,软件测试（信号测试、安全测试）,—
J4810,上海圆通新锐生——包吃住、晋升快,圆通速递有限公司,宁波,0,制造业质量/检验（成本管理、抖音）,制造业质量/检验（图文平台、性能检测）
J4811,业务合规治理运营岗,贝壳找房,宁波,0,制造业质量/检验（成本管理、抖音）,制造业质量/检验（图文平台、性能检测）
J4812,高级食堂管理/行政管理专员（周末双休）,宁波渠成集团有限公司,宁波,0,制造业质量/检验（成本管理、抖音）,制造业质量/检验（图文平台、性能检测）
J4813,安全药理数据分析员,康龙化成,宁波,2,数据分析/BI（数仓开发、kettle）,—
J4814,生产部长,宁波罗特电器有限公司,宁波,0,制造业质量/检验（成本管理、抖音）,制造业质量/检验（图文平台、性能检测）
J4815,生产文员,中兴精密,宁波,0,制造业质量/检验（成本管理、抖音）,供应链/物料/采购（物料管理、海外供应链）
J4816,PE工程师（智能家居方向）,浙江摩根集团有限公司,宁波,0,制造业质量/检验（成本管理、抖音）,制造业质量/检验（图文平台、性能检测）
J4817,物流车队调度,宁波贝联国际物流有限公司,宁波,0,制造业质量/检验（成本管理、抖音）,制造业质量/检验（图文平台、性能检测）
J4818,统计员（生产统计员）,宁波韵凯磁业有限公司,宁波,0,制造业质量/检验（成本管理、抖音）,数据/统计分析（数据建模、统计学）
J4819,库存供应链管理,浙江扉斯拓户外用品有限公司,宁波,0,制造业质量/检验（成本管理、抖音）,供应链/物料/采购（物料管理、海外供应链）
J4820,成本核价专员,宁波依森纸制品有限公司,宁波,0,制造业质量/检验（成本管理、抖音）,供应链/物料/采购（物料管理、海外供应链）
J4821,车间生产文员,拓普集团,宁波,0,制造业质量/检验（成本管理、抖音）,供应链/物料/采购（物料管理、海外供应链）
J4822,SMT工程师,宁波利顺达电源科技股份有限公司,宁波,0,制造业质量/检验（成本管理、抖音）,制造业质量/检验（图文平台、性能检测）
J4823,物流质量管理+面试定薪,浙江外企德科人力资源服务有限公司,宁波,0,制造业质量/检验（成本管理、抖音）,供应链/物料/采购（物料管理、海外供应链）
J4824,绩效数据专员(J10142),荷贝(宁波)家居有限公司,宁波,0,制造业质量/检验（成本管理、抖音）,数据/统计分析（数据建模、统计学）
J4825,仓经理-N5446I,京东集团,宁波,0,制造业质量/检验（成本管理、抖音）,制造业质量/检验（图文平台、性能检测）
J4826,企划专员,招商银行股份有限公司信用卡中心,宁波,0,制造业质量/检验（成本管理、抖音）,制造业质量/检验（图文平台、性能检测）
J4827,招物流公司中台管理,盛丰物流,宁波,0,制造业质量/检验（成本管理、抖音）,数据/统计分析（数据建模、统计学）
J4828,质检组长,成都康特恩科技集团有限公司,宁波,0,制造业质量/检验（成本管理、抖音）,制造业质量/检验（图文平台、性能检测）
J4829,储备干部/管培生（双休+五险一金+接受小白）,宁波同泽国际物流有限公司,宁波,0,制造业质量/检验（成本管理、抖音）,制造业质量/检验（图文平台、性能检测）
J4830,经营管理专员（流程管理）,宁波路宝科技实业集团有限公司,宁波,0,制造业质量/检验（成本管理、抖音）,制造业质量/检验（图文平台、性能检测）
J4831,预算分析岗（社招-内勤）,泰康养老保险股份有限公司,宁波,0,制造业质量/检验（成本管理、抖音）,制造业质量/检验（图文平台、性能检测）
J4832,团险支持岗 (MJ002228)--宁波,招商信诺,宁波,0,制造业质量/检验（成本管理、抖音）,制造业质量/检验（图文平台、性能检测）
J4833,仓管员,宁波华高信息科技股份有限公司,宁波,0,制造业质量/检验（成本管理、抖音）,供应链/物料/采购（物料管理、海外供应链）
J4834,君乐宝线上数字化专员,君乐宝乳业集团股份有限公司,宁波,0,制造业质量/检验（成本管理、抖音）,制造业质量/检验（图文平台、性能检测）
J4835,产品助理,天泽(宁波)数字科技有限公司,宁波,6,产品/项目管理（国内市场、需求分析）,—
J4836,市场运营经理（各医院）,浙江通策控股集团有限公司,宁波,0,制造业质量/检验（成本管理、抖音）,制造业质量/检验（图文平台、性能检测）
J4837,生产统计员,宁波博益坤精密五金制造有限公司,宁波,0,制造业质量/检验（成本管理、抖音）,制造业质量/检验（图文平台、性能检测）
J4838,采购助理,宁波察微生物科技有限公司,宁波,0,制造业质量/检验（成本管理、抖音）,供应链/物料/采购（物料管理、海外供应链）
J4839,成本核价专员,宁波高瑞照明有限公司,宁波,0,制造业质量/检验（成本管理、抖音）,供应链/物料/采购（物料管理、海外供应链）
J4840,项目管理工程师(J10132),荷贝(宁波)家居有限公司,宁波,6,产品/项目管理（国内市场、需求分析）,—
J4841,供应商管理专员,合盛硅业,宁波,0,制造业质量/检验（成本管理、抖音）,制造业质量/检验（图文平台、性能检测）
J4842,项目支持专员,康龙化成,宁波,0,制造业质量/检验（成本管理、抖音）,供应链/物料/采购（物料管理、海外供应链）
J4843,生产计划员,浙江摩根集团有限公司,宁波,0,制造业质量/检验（成本管理、抖音）,制造业质量/检验（图文平台、性能检测）
J4844,实验助理,东华能源,宁波,0,制造业质量/检验（成本管理、抖音）,制造业质量/检验（图文平台、性能检测）
J4845,社区商业运营经理,宁波江山万里置业有限公司,宁波,0,制造业质量/检验（成本管理、抖音）,制造业质量/检验（图文平台、性能检测）
J4846,经营计划管理师,东方日升新能源股份有限公司,宁波,0,制造业质量/检验（成本管理、抖音）,制造业质量/检验（图文平台、性能检测）
J4847,综合管理岗（运营）-五险一金-双休,宁波市普惠保险公共服务中心,宁波,0,制造业质量/检验（成本管理、抖音）,制造业质量/检验（图文平台、性能检测）
J4848,厨电顾问,宁波方太营销有限公司慈溪售后服务中心,宁波,0,制造业质量/检验（成本管理、抖音）,制造业质量/检验（图文平台、性能检测）
J4849,质量主管,宁波奢迈新能源科技有限公司,宁波,0,制造业质量/检验（成本管理、抖音）,制造业质量/检验（图文平台、性能检测）
J4850,央企运行管理部经营运行分析岗,中海工程建设总局有限公司,宁波,0,制造业质量/检验（成本管理、抖音）,制造业质量/检验（图文平台、性能检测）
J4851,价格专员,宁波高松电子有限公司,宁波,0,制造业质量/检验（成本管理、抖音）,制造业质量/检验（图文平台、性能检测）
J4852,杉杉奥莱企划管培生 (MJ020118),杉杉商业集团有限公司,宁波,0,制造业质量/检验（成本管理、抖音）,制造业质量/检验（图文平台、性能检测）
J4853,实验分析员,浙江普泽环保科技有限公司,宁波,0,制造业质量/检验（成本管理、抖音）,制造业质量/检验（图文平台、性能检测）
J4854,市场督训部负责人 (MJ002229)--宁波,招商信诺,宁波,0,制造业质量/检验（成本管理、抖音）,制造业质量/检验（图文平台、性能检测）
J4855,营销助理（宁波地区）,浙江宝井精密钢材科技有限公司,宁波,0,制造业质量/检验（成本管理、抖音）,制造业质量/检验（图文平台、性能检测）
J4856,客户服务部负责人,浙商财产保险股份有限公司,宁波,0,制造业质量/检验（成本管理、抖音）,制造业质量/检验（图文平台、性能检测）
J4857,投资顾问（偏技术分析方向）,华福证券股份有限公司宁波人民路证券营业部,宁波,0,制造业质量/检验（成本管理、抖音）,制造业质量/检验（图文平台、性能检测）
J4858,工程财务BP,浙江摩根集团有限公司,宁波,0,制造业质量/检验（成本管理、抖音）,制造业质量/检验（图文平台、性能检测）
J4859,销售助理,浙江亮心汽车部件有限公司,宁波,0,制造业质量/检验（成本管理、抖音）,制造业质量/检验（图文平台、性能检测）
J4860,注塑技术班长,宁波一彬电子科技股份有限公司,宁波,0,制造业质量/检验（成本管理、抖音）,制造业质量/检验（图文平台、性能检测）
J4861,工艺工程师,金田铜业,宁波,0,制造业质量/检验（成本管理、抖音）,制造业质量/检验（图文平台、性能检测）
J4862,电商合伙人,宁波莜趣网络科技有限公司,宁波,0,制造业质量/检验（成本管理、抖音）,制造业质量/检验（图文平台、性能检测）
J4863,行政主管,宁波昊德化工新材料股份有限公司,宁波,0,制造业质量/检验（成本管理、抖音）,供应链/物料/采购（物料管理、海外供应链）
J4864,工艺工程师（宁波梅山）,延锋国际座椅系统有限公司,宁波,0,制造业质量/检验（成本管理、抖音）,制造业质量/检验（图文平台、性能检测）
J4865,投诉处理经理,宁波正立企业咨询服务有限公司,宁波,0,制造业质量/检验（成本管理、抖音）,供应链/物料/采购（物料管理、海外供应链）
J4866,ER专员 (MJ001668),宁波力勤资源科技股份有限公司,宁波,0,制造业质量/检验（成本管理、抖音）,制造业质量/检验（图文平台、性能检测）
J4867,招商运营经理/主管 (MJ017444),杉杉商业集团有限公司,宁波,0,制造业质量/检验（成本管理、抖音）,制造业质量/检验（图文平台、性能检测）
J4868,战略规划专员,宁波容百新能源科技股份有限公司,宁波,0,制造业质量/检验（成本管理、抖音）,制造业质量/检验（图文平台、性能检测）
J4869,资产管理部主管,康龙化成,宁波,0,制造业质量/检验（成本管理、抖音）,制造业质量/检验（图文平台、性能检测）
J4870,生产职能储干,宁波申洲针织有限公司,宁波,0,制造业质量/检验（成本管理、抖音）,制造业质量/检验（图文平台、性能检测）
J4871,总经理助理（生产经营管理）(J10272),合盛硅业,宁波,0,制造业质量/检验（成本管理、抖音）,制造业质量/检验（图文平台、性能检测）
J4872,涂布技术员,览锐新材料(宁波)有限公司,宁波,0,制造业质量/检验（成本管理、抖音）,制造业质量/检验（图文平台、性能检测）
J4873,采购总监,浙江世纪万发餐饮管理有限公司,宁波,0,制造业质量/检验（成本管理、抖音）,制造业质量/检验（图文平台、性能检测）
J4874,IE工程师(J10194),宁波高松电子有限公司,宁波,0,制造业质量/检验（成本管理、抖音）,制造业质量/检验（图文平台、性能检测）
J4875,海务主管/经理,上海永之鑫航运技术有限公司,宁波,0,制造业质量/检验（成本管理、抖音）,制造业质量/检验（图文平台、性能检测）
J4876,央企运行管理部经营运行分析岗,中海工程建设总局有限公司,宁波,0,制造业质量/检验（成本管理、抖音）,制造业质量/检验（图文平台、性能检测）
J4877,产业分析师,宁波膜智信息科技有限公司,宁波,0,制造业质量/检验（成本管理、抖音）,制造业质量/检验（图文平台、性能检测）
J4878,水产养殖工艺主管,氢氧碳(宁波)科技有限公司,宁波,0,制造业质量/检验（成本管理、抖音）,制造业质量/检验（图文平台、性能检测）
J4879,大宗商品财务岗（BP培养方向）,海天同创(上海)实业有限公司,宁波,0,制造业质量/检验（成本管理、抖音）,制造业质量/检验（图文平台、性能检测）
J4880,水产养殖工艺主管,北京中生源科技集团有限公司,宁波,0,制造业质量/检验（成本管理、抖音）,制造业质量/检验（图文平台、性能检测）
J4881,总经理助理,宁波奥博汽车电器有限公司,宁波,0,制造业质量/检验（成本管理、抖音）,制造业质量/检验（图文平台、性能检测）
J4882,生产班长｜底薪 9000｜综合到手 1.5W+ 产线班组管理,湖南乐业人力资源有限公司,宁波,0,制造业质量/检验（成本管理、抖音）,制造业质量/检验（图文平台、性能检测）
J4883,AI产品经理,宁波聚联数字科技有限公司,宁波,6,产品/项目管理（国内市场、需求分析）,—
J4884,量化研究员,天津亚群科技有限公司,宁波,0,制造业质量/检验（成本管理、抖音）,制造业质量/检验（图文平台、性能检测）
J4885,生物分析专员,康龙化成(成都)临床研究服务有限公司,宁波,0,制造业质量/检验（成本管理、抖音）,制造业质量/检验（图文平台、性能检测）
J4886,隧道技术员,河南晟通公路工程有限公司,宁波,0,制造业质量/检验（成本管理、抖音）,制造业质量/检验（图文平台、性能检测）
J4887,箱管员（杭州工作）,浙江联运盒子物流科技有限公司,宁波,0,制造业质量/检验（成本管理、抖音）,供应链/物料/采购（物料管理、海外供应链）
J4888,仓库管理,宁波延胜汽车零部件有限公司,宁波,0,制造业质量/检验（成本管理、抖音）,供应链/物料/采购（物料管理、海外供应链）
J4889,写字楼新媒体运营主管,宁波中正控股有限公司,宁波,0,制造业质量/检验（成本管理、抖音）,制造业质量/检验（图文平台、性能检测）
J4890,生产助理,华科润(浙江)生物科技股份有限公司,宁波,0,制造业质量/检验（成本管理、抖音）,供应链/物料/采购（物料管理、海外供应链）
J4891,采购专员,宁波高松电子有限公司,宁波,0,制造业质量/检验（成本管理、抖音）,制造业质量/检验（图文平台、性能检测）
J4892,资产管理部主管,康龙化成,宁波,0,制造业质量/检验（成本管理、抖音）,制造业质量/检验（图文平台、性能检测）
J4893,高级成本分析经理,宁波申洲针织有限公司,宁波,0,制造业质量/检验（成本管理、抖音）,制造业质量/检验（图文平台、性能检测）
J4894,设备工程师,萃绩科技(上海)有限公司,宁波,0,制造业质量/检验（成本管理、抖音）,制造业质量/检验（图文平台、性能检测）
J4895,汽车项目经理,浙江海联金汇汽车零部件有限公司,宁波,6,产品/项目管理（国内市场、需求分析）,—
J4896,精益/IE工程师,博威合金,宁波,0,制造业质量/检验（成本管理、抖音）,制造业质量/检验（图文平台、性能检测）
J4897,投诉处理专员(J10497),宁波天益医疗器械股份有限公司,宁波,0,制造业质量/检验（成本管理、抖音）,供应链/物料/采购（物料管理、海外供应链）
J4898,京东店长,宁波渠成集团有限公司,宁波,0,制造业质量/检验（成本管理、抖音）,制造业质量/检验（图文平台、性能检测）
J4899,工艺工程师,宁波甬强科技有限公司,宁波,0,制造业质量/检验（成本管理、抖音）,制造业质量/检验（图文平台、性能检测）
J4900,注塑质量工程师,宁波德昌电机股份有限公司,宁波,3,软件测试（信号测试、安全测试）,—
J4901,木箱结构工程师,宁波东源音响器材有限公司,宁波,0,制造业质量/检验（成本管理、抖音）,制造业质量/检验（图文平台、性能检测）
J4902,规则运营,贝壳找房,宁波,0,制造业质量/检验（成本管理、抖音）,制造业质量/检验（图文平台、性能检测）
J4903,qc质检员,览锐新材料(宁波)有限公司,宁波,0,制造业质量/检验（成本管理、抖音）,供应链/物料/采购（物料管理、海外供应链）
J4904,工艺工程师,延锋国际座椅系统有限公司,宁波,0,制造业质量/检验（成本管理、抖音）,制造业质量/检验（图文平台、性能检测）
J4905,注册环境影响评价工程师,浙江和宸环保科技有限公司,宁波,0,制造业质量/检验（成本管理、抖音）,制造业质量/检验（图文平台、性能检测）
J4906,价格管理专家,宁波高松电子有限公司,宁波,0,制造业质量/检验（成本管理、抖音）,数据/统计分析（数据建模、统计学）
J4907,分析QA-宁波,康龙化成,宁波,3,软件测试（信号测试、安全测试）,—
J4908,涂布pe工程师,激智科技,宁波,0,制造业质量/检验（成本管理、抖音）,制造业质量/检验（图文平台、性能检测）
J4909,成本核算专家（兼部长特别助理）(J10034),宁波申洲针织有限公司,宁波,0,制造业质量/检验（成本管理、抖音）,数据/统计分析（数据建模、统计学）
J4910,酒店运营总（山林溪）,宁波江山万里置业有限公司,宁波,0,制造业质量/检验（成本管理、抖音）,制造业质量/检验（图文平台、性能检测）
J4911,智联招聘-跨境电商运营主管,智联猎头,宁波,0,制造业质量/检验（成本管理、抖音）,制造业质量/检验（图文平台、性能检测）
J4912,杉杉奥莱招商运营管培生 (MJ020113),杉杉商业集团有限公司,宁波,0,制造业质量/检验（成本管理、抖音）,制造业质量/检验（图文平台、性能检测）
J4913,生产订单运营 （跟单）,宁波瓦萨智能科技有限公司,宁波,0,制造业质量/检验（成本管理、抖音）,供应链/物料/采购（物料管理、海外供应链）
J4914,AI资源部初级专员,宁波立太项目管理有限公司,宁波,0,制造业质量/检验（成本管理、抖音）,数据/统计分析（数据建模、统计学）
J4915,生产管理岗（投资方向）,寰宇东方国际集装箱(宁波)有限公司,宁波,0,制造业质量/检验（成本管理、抖音）,数据/统计分析（数据建模、统计学）
J4916,智联猎头-品质工程师,智联招聘,宁波,3,软件测试（信号测试、安全测试）,—
J4917,跨境电商账号管理专员,宁波布兰德电子商务有限公司,宁波,0,制造业质量/检验（成本管理、抖音）,制造业质量/检验（图文平台、性能检测）
J4918,产品经理,宁波东源音响器材有限公司,宁波,6,产品/项目管理（国内市场、需求分析）,—
J4919,服装理单员,宁波市鄞州纽维制衣有限公司,宁波,0,制造业质量/检验（成本管理、抖音）,供应链/物料/采购（物料管理、海外供应链）
J4920,财经BP专员,宁波科航新材料有限公司,宁波,0,制造业质量/检验（成本管理、抖音）,制造业质量/检验（图文平台、性能检测）
J4921,海外经营计划主管,东方日升新能源股份有限公司,宁波,0,制造业质量/检验（成本管理、抖音）,制造业质量/检验（图文平台、性能检测）
J4922,AI智能体产品&业务运营专员（1名）,和光与时(珠海横琴)智慧能源有限公司,宁波,6,产品/项目管理（国内市场、需求分析）,—
J4923,电商运营,宁波百狮特威日用品有限公司,宁波,0,制造业质量/检验（成本管理、抖音）,供应链/物料/采购（物料管理、海外供应链）
J4924,销售助理,宁波米驰科技有限公司,宁波,0,制造业质量/检验（成本管理、抖音）,供应链/物料/采购（物料管理、海外供应链）
J4925,审计专员,宁波高松电子有限公司,宁波,0,制造业质量/检验（成本管理、抖音）,供应链/物料/采购（物料管理、海外供应链）
J4926,成本会计,宁波甬强科技有限公司,宁波,0,制造业质量/检验（成本管理、抖音）,供应链/物料/采购（物料管理、海外供应链）
J4927,生产班长（五险一金）,浙江科森生态科技股份有限公司,宁波,0,制造业质量/检验（成本管理、抖音）,制造业质量/检验（图文平台、性能检测）
J4928,业务管理岗 五险一金 双休,宁波市普惠保险公共服务中心,宁波,0,制造业质量/检验（成本管理、抖音）,制造业质量/检验（图文平台、性能检测）
J4929,医疗器械销售经理,浙江英特集团股份有限公司,宁波,0,制造业质量/检验（成本管理、抖音）,制造业质量/检验（图文平台、性能检测）
J4930,供应链成本会计,宁波领拓沃供应链有限公司,宁波,0,制造业质量/检验（成本管理、抖音）,供应链/物料/采购（物料管理、海外供应链）
J4931,餐饮总监,宁波江山万里置业有限公司,宁波,0,制造业质量/检验（成本管理、抖音）,制造业质量/检验（图文平台、性能检测）
J4932,运营实习生,开拓者智库(宁波)有限公司,宁波,0,制造业质量/检验（成本管理、抖音）,制造业质量/检验（图文平台、性能检测）
J4933,管理会计主管,金田铜业,宁波,0,制造业质量/检验（成本管理、抖音）,制造业质量/检验（图文平台、性能检测）
J4934,资产保全部 特资经营岗,四川丹格芮商务信息咨询有限公司,宁波,0,制造业质量/检验（成本管理、抖音）,制造业质量/检验（图文平台、性能检测）
J4935,董事长助理（有人事科长经验）,浙江亮心汽车部件有限公司,宁波,0,制造业质量/检验（成本管理、抖音）,制造业质量/检验（图文平台、性能检测）
J4936,仓库内勤,宁波聚邦医疗器械有限公司,宁波,0,制造业质量/检验（成本管理、抖音）,供应链/物料/采购（物料管理、海外供应链）
J4937,仓库负责人（保税）,顺丰速运,宁波,0,制造业质量/检验（成本管理、抖音）,制造业质量/检验（图文平台、性能检测）
J4938,数据员,四川东原兴物流有限公司,宁波,0,制造业质量/检验（成本管理、抖音）,供应链/物料/采购（物料管理、海外供应链）
J4939,采购跟单助理,宁波霖禾科技有限公司,宁波,0,制造业质量/检验（成本管理、抖音）,供应链/物料/采购（物料管理、海外供应链）
J4940,供应商管理专员(J11992),合盛硅业,宁波,0,制造业质量/检验（成本管理、抖音）,制造业质量/检验（图文平台、性能检测）
J4941,智联猎头-品质工程师,智联招聘,宁波,3,软件测试（信号测试、安全测试）,—
J4942,价格管理专家,宁波高松电子有限公司,宁波,0,制造业质量/检验（成本管理、抖音）,供应链/物料/采购（物料管理、海外供应链）
J4943,行政经理/主管,宁波渠成集团有限公司,宁波,0,制造业质量/检验（成本管理、抖音）,制造业质量/检验（图文平台、性能检测）
J4944,分析室主管（临山）,宁波容百新能源科技股份有限公司,宁波,0,制造业质量/检验（成本管理、抖音）,制造业质量/检验（图文平台、性能检测）
J4945,生产副总经理,宁波胜筹光电科技有限公司,宁波,0,制造业质量/检验（成本管理、抖音）,制造业质量/检验（图文平台、性能检测）
J4946,头部奥莱总部运营总监,山西三才人力资源有限公司,宁波,0,制造业质量/检验（成本管理、抖音）,制造业质量/检验（图文平台、性能检测）
J4947,生产计划专员,三生(中国)健康产业有限公司,宁波,0,制造业质量/检验（成本管理、抖音）,制造业质量/检验（图文平台、性能检测）
J4948,成本管理及费用报销,瑞众人寿保险有限责任公司宁波分公司,宁波,0,制造业质量/检验（成本管理、抖音）,供应链/物料/采购（物料管理、海外供应链）
J4949,标签及合规审核术支持工程师,SGS,宁波,0,制造业质量/检验（成本管理、抖音）,制造业质量/检验（图文平台、性能检测）
J4950,生产计划跟单,宁波锐刻激光科技有限公司,宁波,0,制造业质量/检验（成本管理、抖音）,制造业质量/检验（图文平台、性能检测）
J4951,业务管理支持专员,宁波爱立德科技集团有限公司,宁波,0,制造业质量/检验（成本管理、抖音）,供应链/物料/采购（物料管理、海外供应链）
J4952,数据开发 - 硕士实习生,中科聚信信息技术(北京)有限公司,宁波,0,制造业质量/检验（成本管理、抖音）,制造业质量/检验（图文平台、性能检测）
J4953,销售运营副经理,海尔施生物医药股份有限公司,宁波,0,制造业质量/检验（成本管理、抖音）,数据/统计分析（数据建模、统计学）
J4954,跨境电商运营,宁波腾拓科技有限公司,宁波,0,制造业质量/检验（成本管理、抖音）,制造业质量/检验（图文平台、性能检测）
J4955,投标资料分析专员（光储）(J12956),东方日升新能源股份有限公司,宁波,0,制造业质量/检验（成本管理、抖音）,制造业质量/检验（图文平台、性能检测）
J4956,闪电仓/前置仓业务经理 (MJ002096),得力集团,宁波,0,制造业质量/检验（成本管理、抖音）,制造业质量/检验（图文平台、性能检测）
J4957,跨境电商产品经理,宁波诺亚歌曼户外用品有限公司,宁波,6,产品/项目管理（国内市场、需求分析）,—
J4958,EL研发工程师,览锐新材料(宁波)有限公司,宁波,0,制造业质量/检验（成本管理、抖音）,制造业质量/检验（图文平台、性能检测）
J4959,产品经理（国内市场）,宁波渠成集团有限公司,宁波,6,产品/项目管理（国内市场、需求分析）,—
J4960,行政主管（餐饮方向）-宁波,康龙化成,宁波,0,制造业质量/检验（成本管理、抖音）,制造业质量/检验（图文平台、性能检测）
J4961,EHS安全体系管理专员,宁波申洲针织有限公司,宁波,0,制造业质量/检验（成本管理、抖音）,制造业质量/检验（图文平台、性能检测）
J4962,带货主播,宁波君橙网络科技有限公司,宁波,0,制造业质量/检验（成本管理、抖音）,制造业质量/检验（图文平台、性能检测）
J4963,博士,宁波路宝科技实业集团有限公司,宁波,0,制造业质量/检验（成本管理、抖音）,制造业质量/检验（图文平台、性能检测）
J4964,产品开发助理,宁波万时集团有限公司,宁波,6,产品/项目管理（国内市场、需求分析）,—
J4965,业务支持文员,招商银行股份有限公司信用卡中心,宁波,0,制造业质量/检验（成本管理、抖音）,制造业质量/检验（图文平台、性能检测）
J4966,培训科长/部长,浙江亮心汽车部件有限公司,宁波,0,制造业质量/检验（成本管理、抖音）,制造业质量/检验（图文平台、性能检测）
J4967,跨境电商运营,宁波市天启智能科技有限公司,宁波,0,制造业质量/检验（成本管理、抖音）,制造业质量/检验（图文平台、性能检测）
J4968,外贸运营业务员,宁波拓普森科学仪器有限公司,宁波,0,制造业质量/检验（成本管理、抖音）,供应链/物料/采购（物料管理、海外供应链）
J4969,仓储物流数据员（全国出差）,四川东原兴物流有限公司,宁波,0,制造业质量/检验（成本管理、抖音）,供应链/物料/采购（物料管理、海外供应链）
J4970,生物分析员-宁波,康龙化成(成都)临床研究服务有限公司,宁波,0,制造业质量/检验（成本管理、抖音）,制造业质量/检验（图文平台、性能检测）
J4971,合同部主管,快客电梯有限公司,宁波,0,制造业质量/检验（成本管理、抖音）,制造业质量/检验（图文平台、性能检测）
J4972,质量工程师（DQE）,宁波运宝电器有限公司,宁波,3,软件测试（信号测试、安全测试）,—
J4973,欧地海外物流专员(J10937),上海环世捷运物流有限公司,宁波,0,制造业质量/检验（成本管理、抖音）,制造业质量/检验（图文平台、性能检测）
J4974,ER主管 (MJ001666),宁波力勤资源科技股份有限公司,宁波,0,制造业质量/检验（成本管理、抖音）,制造业质量/检验（图文平台、性能检测）
J4975,采购员,迪康药业,宁波,0,制造业质量/检验（成本管理、抖音）,供应链/物料/采购（物料管理、海外供应链）
J4976,物控工程师-base宁德,宁德时代新能源科技股份有限公司,宁波,0,制造业质量/检验（成本管理、抖音）,制造业质量/检验（图文平台、性能检测）
J4977,DQE工程师(J10321),宁波高松电子有限公司,宁波,0,制造业质量/检验（成本管理、抖音）,制造业质量/检验（图文平台、性能检测）
J4978,销售助理,宁波霖禾科技有限公司,宁波,0,制造业质量/检验（成本管理、抖音）,制造业质量/检验（图文平台、性能检测）
J4979,绩效专员(J11514),合盛硅业,宁波,0,制造业质量/检验（成本管理、抖音）,制造业质量/检验（图文平台、性能检测）
J4980,急聘磨工-月入10000,宁波博时培林机械有限公司,宁波,0,制造业质量/检验（成本管理、抖音）,制造业质量/检验（图文平台、性能检测）
J4981,电池工程师,宁波容百新能源科技股份有限公司,宁波,0,制造业质量/检验（成本管理、抖音）,制造业质量/检验（图文平台、性能检测）
J4982,证券投资顾问,广发证券股份有限公司慈溪浒山路证券营业部,宁波,0,制造业质量/检验（成本管理、抖音）,制造业质量/检验（图文平台、性能检测）
J4983,销售内勤专员,宁波华力兴紧固件有限公司,宁波,0,制造业质量/检验（成本管理、抖音）,制造业质量/检验（图文平台、性能检测）
J4984,财务分析FP&A,紫缘文化(天津)有限责任公司,宁波,0,制造业质量/检验（成本管理、抖音）,供应链/物料/采购（物料管理、海外供应链）
J4985,审计助理,中汇会计师事务所（特殊普通合伙）,宁波,0,制造业质量/检验（成本管理、抖音）,制造业质量/检验（图文平台、性能检测）
J4986,仓库主管,浙江高杰斯智能科技有限公司,宁波,0,制造业质量/检验（成本管理、抖音）,制造业质量/检验（图文平台、性能检测）
J4987,生产计划/物料管理(PMC),宁波名派文具有限公司,宁波,0,制造业质量/检验（成本管理、抖音）,制造业质量/检验（图文平台、性能检测）
J4988,医院物业主管,浙江瑞新物业管理有限公司,宁波,0,制造业质量/检验（成本管理、抖音）,制造业质量/检验（图文平台、性能检测）
J4989,财务统计专员（宁波）,杭州纳酷国际供应链管理有限公司,宁波,0,制造业质量/检验（成本管理、抖音）,制造业质量/检验（图文平台、性能检测）
J4990,跨境电商运营,宁波维铭国际物流有限公司,宁波,0,制造业质量/检验（成本管理、抖音）,制造业质量/检验（图文平台、性能检测）
J4991,亚马逊运营主管,湖北聚博汇人力资源有限公司,宁波,0,制造业质量/检验（成本管理、抖音）,制造业质量/检验（图文平台、性能检测）
J4992,AI应用高级开发,宁波国际物流发展股份有限公司,宁波,0,制造业质量/检验（成本管理、抖音）,算法/AI 应用（tensorflow、vit）
J4993,运控算法工程师,宁波尚进自动化科技有限公司,宁波,7,算法/人工智能（智能驾驶、传感器融合）,—
J4994,算法工程师,宁波尚泰电子有限公司,宁波,7,算法/人工智能（智能驾驶、传感器融合）,—
J4995,视觉算法工程师,宁波海瑞马机电有限公司,宁波,7,算法/人工智能（智能驾驶、传感器融合）,—
J4996,光学传感与遥感研发工程师（博士）—安华水,某知名企业,宁波,0,制造业质量/检验（成本管理、抖音）,制造业质量/检验（图文平台、性能检测）
J4997,精密温控系统工程师,新芝生物,宁波,0,制造业质量/检验（成本管理、抖音）,制造业质量/检验（图文平台、性能检测）
J4998,高级视觉工程师/视觉工程师,宁波星河自动化设备有限公司,宁波,7,算法/人工智能（智能驾驶、传感器融合）,—
J4999,电机控制算法工程师,株洲菲仕绿能科技有限公司,宁波,7,算法/人工智能（智能驾驶、传感器融合）,—
J5000,变频器电机算法工程师,嘲风科技(宁波)有限公司,宁波,7,算法/人工智能（智能驾驶、传感器融合）,—
J5001,软件工程师（公司是宁波杜亚）,江苏维克特企业管理集团有限公司,宁波,4,后端开发（hibernate、linux开发）,—
J5002,嵌入式软件工程师,宁波察微生物科技有限公司,宁波,5,嵌入式/硬件（rtos、32位单片机）,—
J5003,嵌入式软件工程师,宁波帕瓦莱斯智能科技有限公司,宁波,5,嵌入式/硬件（rtos、32位单片机）,—
J5004,车载视觉算法工程师,鑫锡软件(朝阳)有限公司,宁波,7,算法/人工智能（智能驾驶、传感器融合）,—
J5005,智能驾驶-泊车测试,莱本科技,宁波,3,软件测试（信号测试、安全测试）,—
J5006,高级电控工程师,宁波英凯智能装备有限公司,宁波,0,制造业质量/检验（成本管理、抖音）,制造业质量/检验（图文平台、性能检测）
J5007,变频器软件工程师,浙江华昕智能科技有限公司,宁波,4,后端开发（hibernate、linux开发）,—
J5008,运动控制工程师,宁波尚进自动化科技有限公司,宁波,0,制造业质量/检验（成本管理、抖音）,制造业质量/检验（图文平台、性能检测）
J5009,嵌入式软件工程师（影像）,赛尔富电子有限公司,宁波,5,嵌入式/硬件（rtos、32位单片机）,—
J5010,嵌入式软件工程师（电表）,奥克斯集团,宁波,5,嵌入式/硬件（rtos、32位单片机）,—
J5011,嵌入式下位机软件工程师,宁波察微生物科技有限公司,宁波,5,嵌入式/硬件（rtos、32位单片机）,—
J5012,嵌入式下位机软件工程师（双休）,宁波察微生物科技有限公司,宁波,5,嵌入式/硬件（rtos、32位单片机）,—
J5013,机器视觉主任工程师,锐仕方达人才科技集团有限公司,宁波,7,算法/人工智能（智能驾驶、传感器融合）,—
J5014,pcs硬件工程师,东方日升新能源股份有限公司,宁波,5,嵌入式/硬件（rtos、32位单片机）,—
J5015,软件开发工程师,振石控股集团,嘉兴,4,后端开发（hibernate、linux开发）,—
J5016,技术开发工程师-人工智能,宁波信泰机械有限公司,嘉兴,7,算法/人工智能（智能驾驶、传感器融合）,—
J5017,AI开发工程师,浙江华友钴业股份有限公司,嘉兴,4,后端开发（hibernate、linux开发）,—
J5018,低代码开发工程师,浙江朝晖过滤技术股份有限公司,嘉兴,4,后端开发（hibernate、linux开发）,—
J5019,软件开发设计师(J10199),中国电子科技集团公司第三十六研究所,嘉兴,0,制造业质量/检验（成本管理、抖音）,硬件/仪器/自动化（组态软件、scratch）
J5020,软件测试（定向培养）,天阳科技,嘉兴,3,软件测试（信号测试、安全测试）,—
J5021,全栈智能体开发工程师,浙江映出科技有限公司,嘉兴,8,前端开发（web前端、erp项目）,—
J5022,开发工程师,福州众致力信息科技有限公司,嘉兴,4,后端开发（hibernate、linux开发）,—
J5023,Java开发工程师,上海邦芒人力资源有限公司,嘉兴,4,后端开发（hibernate、linux开发）,—
J5024,软件工程师助理,浙江沧田智能信息科技有限公司,嘉兴,4,后端开发（hibernate、linux开发）,—
J5025,软件工程师助理,珠海荣源电子科技有限公司,嘉兴,4,后端开发（hibernate、linux开发）,—
J5026,对日开发主任或项目经理（COBOL&JAVA）,日立解决方案(中国)有限公司,嘉兴,4,后端开发（hibernate、linux开发）,—
J5027,java（神州博海）,江苏风云科技服务有限公司,嘉兴,4,后端开发（hibernate、linux开发）,—
J5028,软件开发工程师,国科京禾能服科技(浙江)有限公司,嘉兴,4,后端开发（hibernate、linux开发）,—
J5029,erp实施工程师,上海大族富创得科技股份有限公司,嘉兴,1,运维/云与网络（分布式电站、空调工程）,—
J5030,Java开发（长期项目，统本）,深圳建广数字科技有限公司青岛分公司,嘉兴,4,后端开发（hibernate、linux开发）,—
J5031,Web前端、后端开发工程师,浙江浙健健康管理服务有限公司,嘉兴,8,前端开发（web前端、erp项目）,—
J5032,信息技术专员(J11198),卫星化学股份有限公司,嘉兴,0,制造业质量/检验（成本管理、抖音）,Java/后端（spring、mybatis）
J5033,整机测试工程师,嘉兴光弘科技电子有限公司,嘉兴,3,软件测试（信号测试、安全测试）,—
J5034,智能体开发工程师/AI工程师,双环传动(嘉兴)精密制造有限公司,嘉兴,4,后端开发（hibernate、linux开发）,—
J5035,软件工程师,宁波德业科技股份有限公司,嘉兴,4,后端开发（hibernate、linux开发）,—
J5036,软件测试工程师,拓荆键科(海宁)半导体设备有限公司,嘉兴,3,软件测试（信号测试、安全测试）,—
J5037,对日开发初级技术员到项目经理的全职位招聘,株式会社ProfaceSystems,嘉兴,6,产品/项目管理（国内市场、需求分析）,—
J5038,软件实施工程师（嘉兴）,浙江和达科技股份有限公司,嘉兴,1,运维/云与网络（分布式电站、空调工程）,—
J5039,C# 上位机开发工程师,杭州高泉科技有限公司,嘉兴,4,后端开发（hibernate、linux开发）,—
J5040,运维工程师,锐仕方达人才科技集团有限公司,嘉兴,1,运维/云与网络（分布式电站、空调工程）,—
J5041,资讯设计主管,嘉兴立晟自动化设备有限公司,嘉兴,0,制造业质量/检验（成本管理、抖音）,Java/后端（spring、mybatis）
J5042,it运维工程师,圆通速递有限公司,嘉兴,1,运维/云与网络（分布式电站、空调工程）,—
J5043,管培生应届,浙江朝晖过滤技术股份有限公司,嘉兴,0,制造业质量/检验（成本管理、抖音）,硬件/仪器/自动化（组态软件、scratch）
J5044,IT,浙江科恩特电机科技有限公司,嘉兴,0,制造业质量/检验（成本管理、抖音）,制造业质量/检验（图文平台、性能检测）
J5045,信息技术运维,上海邦芒人力资源有限公司,嘉兴,1,运维/云与网络（分布式电站、空调工程）,—
J5046,独立医疗软件工程师（医学影像/PACS方向）,泰格医药,嘉兴,4,后端开发（hibernate、linux开发）,—
J5047,软件工程师(J10067),中国电子科技集团公司第三十六研究所,嘉兴,4,后端开发（hibernate、linux开发）,—
J5048,IT管培生（MES）,宁波信泰机械有限公司,嘉兴,0,制造业质量/检验（成本管理、抖音）,Java/后端（spring、mybatis）
J5049,软件测试工程师（it方向）,天阳科技,嘉兴,3,软件测试（信号测试、安全测试）,—
J5050,全栈开发实习生,浙江映出科技有限公司,嘉兴,8,前端开发（web前端、erp项目）,—
J5051,IT工程师,宜兰汽车配件制造（平湖）有限公司,嘉兴,0,制造业质量/检验（成本管理、抖音）,制造业质量/检验（图文平台、性能检测）
J5052,嵌入式软件工程师,嘉兴市尚瑞电子科技有限公司,嘉兴,5,嵌入式/硬件（rtos、32位单片机）,—
J5053,整机软件测试工程师,浙江赛瑾半导体科技有限公司,嘉兴,3,软件测试（信号测试、安全测试）,—
J5054,QT软件开发工程师（实习生）,魔研匠造(浙江)科技有限公司,嘉兴,4,后端开发（hibernate、linux开发）,—
J5055,C++ QT软件工程师,上海大族富创得科技股份有限公司,嘉兴,4,后端开发（hibernate、linux开发）,—
J5056,后端开发工程师,浙江精创教育科技有限公司,嘉兴,4,后端开发（hibernate、linux开发）,—
J5057,嵌入式软件工程师,嘉兴市纳杰微电子技术有限公司,嘉兴,5,嵌入式/硬件（rtos、32位单片机）,—
J5058,软件项目经理（嘉兴）,浙江和达科技股份有限公司,嘉兴,6,产品/项目管理（国内市场、需求分析）,—
J5059,数据开发,上海吾索信息科技有限公司,嘉兴,0,制造业质量/检验（成本管理、抖音）,Java/后端（spring、mybatis）
J5060,sap实施顾问,科锐尔人力资源服务(苏州)有限公司,嘉兴,1,运维/云与网络（分布式电站、空调工程）,—
J5061,OutSystems开发,杭州优灿科技有限公司,嘉兴,0,制造业质量/检验（成本管理、抖音）,Java/后端（spring、mybatis）
J5062,实施工程师,福州众致力信息科技有限公司,嘉兴,1,运维/云与网络（分布式电站、空调工程）,—
J5063,MES开发工程师,日善电脑配件(嘉善)有限公司,嘉兴,4,后端开发（hibernate、linux开发）,—
J5064,视觉算法交付实习生,浙江领泽合希信息技术有限公司,嘉兴,7,算法/人工智能（智能驾驶、传感器融合）,—
J5065,技术项目经理 Technical Program Manager,上海永发印务有限公司,嘉兴,5,嵌入式/硬件（rtos、32位单片机）,—
J5066,MES应用工程师,浙江友山新材料科技有限公司,嘉兴,0,制造业质量/检验（成本管理、抖音）,Java/后端（spring、mybatis）
J5067,嵌入式软件工程师,国科京禾能服科技(浙江)有限公司,嘉兴,5,嵌入式/硬件（rtos、32位单片机）,—
J5068,资讯设计（软件）经理,嘉兴立晟自动化设备有限公司,嘉兴,0,制造业质量/检验（成本管理、抖音）,Java/后端（spring、mybatis）
J5069,实施交付中级工程师,宁波信泰机械有限公司,嘉兴,1,运维/云与网络（分布式电站、空调工程）,—
J5070,嵌入式开发工程师,浙江东鸿电子股份有限公司,嘉兴,5,嵌入式/硬件（rtos、32位单片机）,—
J5071,项目主管（对日PL）,日立解决方案(中国)有限公司,嘉兴,0,制造业质量/检验（成本管理、抖音）,制造业质量/检验（图文平台、性能检测）
J5072,Web开发工程师,深圳建广数字科技有限公司青岛分公司,嘉兴,8,前端开发（web前端、erp项目）,—
J5073,技术支持实习生(J10245),拓荆键科(海宁)半导体设备有限公司,嘉兴,0,制造业质量/检验（成本管理、抖音）,制造业质量/检验（图文平台、性能检测）
J5074,BIOS 开发工程师-昆山（长期派驻嘉善）,系微软件科技(上海)有限公司,嘉兴,2,数据分析/BI（数仓开发、kettle）,—
J5075,独立医疗软件工程师（医学影像/PACS方向）,泰格医药,嘉兴,4,后端开发（hibernate、linux开发）,—
J5076,财务共享中心系统运维,万向共享服务有限公司,嘉兴,1,运维/云与网络（分布式电站、空调工程）,—
J5077,老化测试程序开发工程师,中辉智造(天津)企业管理咨询有限公司,嘉兴,3,软件测试（信号测试、安全测试）,—
J5078,嵌入式软件开发工程师,豪中豪健康科技有限公司,嘉兴,5,嵌入式/硬件（rtos、32位单片机）,—
J5079,AI技术应用负责人(J10730),宁波德业科技股份有限公司,嘉兴,0,制造业质量/检验（成本管理、抖音）,算法/AI 应用（tensorflow、vit）
J5080,智能割草机软件经理,浙江亚特电器股份有限公司,嘉兴,0,制造业质量/检验（成本管理、抖音）,制造业质量/检验（图文平台、性能检测）
J5081,数据库设计师II,北京方胜远临医药科技有限公司,嘉兴,0,制造业质量/检验（成本管理、抖音）,制造业质量/检验（图文平台、性能检测）
J5082,IT服务工程师-浙江嘉兴,联想云领(成都)科技有限公司,嘉兴,0,制造业质量/检验（成本管理、抖音）,制造业质量/检验（图文平台、性能检测）
J5083,光学博后(共聚焦显微成像方向),长春长光辰英生物科学仪器有限公司,嘉兴,0,制造业质量/检验（成本管理、抖音）,硬件/仪器/自动化（组态软件、scratch）
J5084,上位机软件开发工程师,中科兆芯(浙江)半导体有限公司,嘉兴,4,后端开发（hibernate、linux开发）,—
J5085,软件实施工程师,上海辛格迪健康科技有限公司,嘉兴,1,运维/云与网络（分布式电站、空调工程）,—
J5086,软件项目经理,浙江和达科技股份有限公司,嘉兴,6,产品/项目管理（国内市场、需求分析）,—
J5087,程序开发工程师,天津芯成半导体有限公司,嘉兴,4,后端开发（hibernate、linux开发）,—
J5088,资讯设计工程师,嘉兴立晟自动化设备有限公司,嘉兴,0,制造业质量/检验（成本管理、抖音）,Java/后端（spring、mybatis）
J5089,开发项目经理-欧系(010526),宁波信泰机械有限公司,嘉兴,6,产品/项目管理（国内市场、需求分析）,—
J5090,软件项目实施工程师,浙江集光松皓科技有限公司,嘉兴,1,运维/云与网络（分布式电站、空调工程）,—
J5091,前端开发工程师,浙江精创教育科技有限公司,嘉兴,8,前端开发（web前端、erp项目）,—
J5092,项目开发储备干部,浙江泛源鑫才科技有限公司,嘉兴,0,制造业质量/检验（成本管理、抖音）,制造业质量/检验（图文平台、性能检测）
J5093,嵌入式软件项目经理,嘉兴致芯科技有限公司,嘉兴,5,嵌入式/硬件（rtos、32位单片机）,—
J5094,IT运维专员,正泰电气股份有限公司,嘉兴,1,运维/云与网络（分布式电站、空调工程）,—
J5095,ERP开发工程师,精基科技有限公司,嘉兴,4,后端开发（hibernate、linux开发）,—
J5096,it项目管理,日善电脑配件(嘉善)有限公司,嘉兴,6,产品/项目管理（国内市场、需求分析）,—
J5097,erp项目经理,用友网络科技股份有限公司绍兴分公司,嘉兴,6,产品/项目管理（国内市场、需求分析）,—
J5098,技术文档开发工程师,软通动力信息技术(集团)股份有限公司,嘉兴,4,后端开发（hibernate、linux开发）,—
J5099,上位机软件开发工程师（可接受应届毕业生）,上海芯诣电子科技有限公司,嘉兴,4,后端开发（hibernate、linux开发）,—
J5100,软件开发工程师（前端）,国科京禾能服科技(浙江)有限公司,嘉兴,8,前端开发（web前端、erp项目）,—
J5101,SECS上位机软件开发,浙江赛瑾半导体科技有限公司,嘉兴,0,制造业质量/检验（成本管理、抖音）,制造业质量/检验（图文平台、性能检测）
J5102,BMS软件开发主任工程师（应用层）(J12171),珠海冠宇电池股份有限公司,嘉兴,0,制造业质量/检验（成本管理、抖音）,制造业质量/检验（图文平台、性能检测）
J5103,软件工程师,华模智能装备(嘉兴)有限公司,嘉兴,4,后端开发（hibernate、linux开发）,—
J5104,NS管培生（武将专项）,中国平安人寿保险股份有限公司浙江分公司,嘉兴,0,制造业质量/检验（成本管理、抖音）,制造业质量/检验（图文平台、性能检测）
J5105,电子软件工程师,宜兰汽车配件制造（平湖）有限公司,嘉兴,4,后端开发（hibernate、linux开发）,—
J5106,系统架构师（嘉兴）,浙江和达科技股份有限公司,嘉兴,0,制造业质量/检验（成本管理、抖音）,Java/后端（spring、mybatis）
J5107,支付宝官方理财顾问+周末双休+六险一金,河北银聘企业管理咨询有限公司,嘉兴,0,制造业质量/检验（成本管理、抖音）,制造业质量/检验（图文平台、性能检测）
J5108,DCDC高级软件工程师,福建睿能科技股份有限公司,嘉兴,4,后端开发（hibernate、linux开发）,—
J5109,高级AI智能体架构师,浙江精创教育科技有限公司,嘉兴,0,制造业质量/检验（成本管理、抖音）,算法/AI 应用（tensorflow、vit）
J5110,VP/D/助理董事/董事/业务专家/业务开发-可base全国,重庆猎寻企业管理顾问有限公司,嘉兴,0,制造业质量/检验（成本管理、抖音）,算法/AI 应用（tensorflow、vit）
J5111,软件工程师(J10028),拓荆键科(海宁)半导体设备有限公司,嘉兴,4,后端开发（hibernate、linux开发）,—
J5112,高级java研发工程师,图聚智能,嘉兴,4,后端开发（hibernate、linux开发）,—
J5113,软件信息化产品经理,苏州新方丰科技有限公司,嘉兴,6,产品/项目管理（国内市场、需求分析）,—
J5114,软件工程师,海宁立昂东芯微电子有限公司,嘉兴,4,后端开发（hibernate、linux开发）,—
J5115,软件开发工程师(J11067),振石控股集团,嘉兴,4,后端开发（hibernate、linux开发）,—
J5116,电脑技术员,嘉兴晓禾汽车配件有限公司,嘉兴,0,制造业质量/检验（成本管理、抖音）,制造业质量/检验（图文平台、性能检测）
J5117,EE架构工程师,江西龙创汽车技术有限公司,嘉兴,0,制造业质量/检验（成本管理、抖音）,电子/半导体/设备（测试、自动化设计）
J5118,开发项目经理(010528),宁波信泰机械有限公司,嘉兴,6,产品/项目管理（国内市场、需求分析）,—
J5119,实施交付中级工程师-MM,宁波信泰机械有限公司,嘉兴,1,运维/云与网络（分布式电站、空调工程）,—
J5120,前端开发,浙江精创教育科技有限公司,嘉兴,8,前端开发（web前端、erp项目）,—
J5121,iOS开发工程师（嘉兴）,浙江和达科技股份有限公司,嘉兴,4,后端开发（hibernate、linux开发）,—
J5122,ERP开发工程师,精基科技有限公司,嘉兴,4,后端开发（hibernate、linux开发）,—
J5123,高级后端开发工程师（C#/Python）,浙江精创教育科技有限公司,嘉兴,4,后端开发（hibernate、linux开发）,—
J5124,saas软件销售,用友网络科技股份有限公司绍兴分公司,嘉兴,0,制造业质量/检验（成本管理、抖音）,供应链/物料/采购（物料管理、海外供应链）
J5125,上位机软件开发工程师,浙江赛瑾半导体科技有限公司,嘉兴,4,后端开发（hibernate、linux开发）,—
J5126,基础架构运维资深工程师-云服务,宁波信泰机械有限公司,嘉兴,1,运维/云与网络（分布式电站、空调工程）,—
J5127,前端产品开发工程师,图聚智能,嘉兴,8,前端开发（web前端、erp项目）,—
J5128,数据标注师,嘉兴熙睦智能科技有限公司,嘉兴,0,制造业质量/检验（成本管理、抖音）,制造业质量/检验（图文平台、性能检测）
J5129,信息技术类,浙江信汇新材料股份有限公司,嘉兴,0,制造业质量/检验（成本管理、抖音）,硬件/仪器/自动化（组态软件、scratch）
J5130,ai算法工程师,南湖实验室,嘉兴,7,算法/人工智能（智能驾驶、传感器融合）,—
J5131,算法工程师,国科京禾能服科技(浙江)有限公司,嘉兴,7,算法/人工智能（智能驾驶、传感器融合）,—
J5132,大数据中心-机器学习及算法应用工程师,浙江大学滨海产业技术研究院,嘉兴,7,算法/人工智能（智能驾驶、传感器融合）,—
J5133,调试工程师,嘉兴立石科技股份有限公司,嘉兴,0,制造业质量/检验（成本管理、抖音）,硬件/仪器/自动化（组态软件、scratch）
J5134,AI规划工程师,中国巨石,嘉兴,0,制造业质量/检验（成本管理、抖音）,算法/AI 应用（tensorflow、vit）
J5135,数据工程师,福州众致力信息科技有限公司,嘉兴,2,数据分析/BI（数仓开发、kettle）,—
J5136,2027校招-人工智能工程师(J11231),振石控股集团,嘉兴,7,算法/人工智能（智能驾驶、传感器融合）,—
J5137,算法工程师(J10396),中国电子科技集团公司第三十六研究所,嘉兴,7,算法/人工智能（智能驾驶、传感器融合）,—
J5138,生物信息学助理研究岗,南湖实验室,嘉兴,0,制造业质量/检验（成本管理、抖音）,算法/AI 应用（tensorflow、vit）
J5139,BMS软件测试工程师(J11875),珠海冠宇电池股份有限公司,嘉兴,3,软件测试（信号测试、安全测试）,—
J5140,功能测试（初级）,天阳科技,嘉兴,3,软件测试（信号测试、安全测试）,—
J5141,数据标注实习生-百度智能云项目,猿圈圈智能技术(南京)有限公司,嘉兴,0,制造业质量/检验（成本管理、抖音）,制造业质量/检验（图文平台、性能检测）
J5142,AI技术工程师（大模型智能体/AI for Science方向）,浙江大学杭州国际科创中心,嘉兴,7,算法/人工智能（智能驾驶、传感器融合）,—
J5143,运维工程师,杭州仕道企业管理咨询有限公司,嘉兴,1,运维/云与网络（分布式电站、空调工程）,—
J5144,数据工程师（跨境电商 / API自动化方向）,嘉兴市迪洋纺织品有限公司,嘉兴,2,数据分析/BI（数仓开发、kettle）,—
J5145,测试分析工程师,浙江众凌科技有限公司,嘉兴,3,软件测试（信号测试、安全测试）,—
J5146,测试工程师,浙江恒科实业有限公司,嘉兴,3,软件测试（信号测试、安全测试）,—
J5147,大模型蒸馏算法工程师,浙江映出科技有限公司,嘉兴,7,算法/人工智能（智能驾驶、传感器融合）,—
J5148,数字化工程师,宁波信泰机械有限公司,嘉兴,0,制造业质量/检验（成本管理、抖音）,制造业质量/检验（图文平台、性能检测）
J5149,报告专员,立讯智造(浙江)有限公司,嘉兴,0,制造业质量/检验（成本管理、抖音）,供应链/物料/采购（物料管理、海外供应链）
J5150,ROS开发工程师,智联猎头,嘉兴,4,后端开发（hibernate、linux开发）,—
J5151,机器视觉工程师,嘉兴嘉视智能装备有限公司,嘉兴,7,算法/人工智能（智能驾驶、传感器融合）,—
J5152,软件测试工程师（it方向）,天阳科技,嘉兴,3,软件测试（信号测试、安全测试）,—
J5153,数据采集应用工程师,双环传动(嘉兴)精密制造有限公司,嘉兴,0,制造业质量/检验（成本管理、抖音）,制造业质量/检验（图文平台、性能检测）
J5154,智能体研发工程师,振石控股集团,嘉兴,0,制造业质量/检验（成本管理、抖音）,算法/AI 应用（tensorflow、vit）
J5155,产品试验工程师 (MJ014714),正泰电气股份有限公司,嘉兴,6,产品/项目管理（国内市场、需求分析）,—
J5156,企宣运营专员,浙江税钉财务咨询有限公司,嘉兴,0,制造业质量/检验（成本管理、抖音）,硬件/仪器/自动化（组态软件、scratch）
J5157,助理临床数据管理员,广东杰纳医药科技有限公司,嘉兴,0,制造业质量/检验（成本管理、抖音）,硬件/仪器/自动化（组态软件、scratch）
J5158,智能割草机算法经理,浙江亚特电器股份有限公司,嘉兴,7,算法/人工智能（智能驾驶、传感器融合）,—
J5159,人工智能应用工程师,中国电子科技集团公司第三十六研究所,嘉兴,7,算法/人工智能（智能驾驶、传感器融合）,—
J5160,软件工程师,苏州远测智能技术有限公司,嘉兴,4,后端开发（hibernate、linux开发）,—
J5161,数字工程师,桐昆集团股份有限公司,嘉兴,0,制造业质量/检验（成本管理、抖音）,制造业质量/检验（图文平台、性能检测）
J5162,产品测试工程师,浙江恒科实业有限公司,嘉兴,3,软件测试（信号测试、安全测试）,—
J5163,算法工程师（智能装备中心）,浙江清华长三角研究院,嘉兴,7,算法/人工智能（智能驾驶、传感器融合）,—
J5164,视觉工程师,日善电脑配件(嘉善)有限公司,嘉兴,7,算法/人工智能（智能驾驶、传感器融合）,—
J5165,生信算法工程师,南湖实验室,嘉兴,7,算法/人工智能（智能驾驶、传感器融合）,—
J5166,高级AI算法工程师(J10032),拓荆键科(海宁)半导体设备有限公司,嘉兴,7,算法/人工智能（智能驾驶、传感器融合）,—
J5167,AI应用模型开发工程师,振石控股集团,嘉兴,4,后端开发（hibernate、linux开发）,—
J5168,医药数据协调员实习生-嘉兴（2027校招）,泰格医药,嘉兴,0,制造业质量/检验（成本管理、抖音）,数据/统计分析（数据建模、统计学）
J5169,售前应用工程师（985、211、海外留学应届生，英文流利）,上海大族富创得科技股份有限公司,嘉兴,0,制造业质量/检验（成本管理、抖音）,硬件/仪器/自动化（组态软件、scratch）
J5170,视觉软件开发工程师,金东唐,嘉兴,7,算法/人工智能（智能驾驶、传感器融合）,—
J5171,功能性应用评估测试工程师,上海交通大学桐乡高等研究院,嘉兴,3,软件测试（信号测试、安全测试）,—
J5172,车间统计员,海宁市艳美家居用品有限公司,嘉兴,0,制造业质量/检验（成本管理、抖音）,数据/统计分析（数据建模、统计学）
J5173,特聘副研究员,乌镇实验室,嘉兴,0,制造业质量/检验（成本管理、抖音）,制造业质量/检验（图文平台、性能检测）
J5174,粉体材料AI算法专家（机器学习与构效关系方向）,浙江友山新材料科技有限公司,嘉兴,7,算法/人工智能（智能驾驶、传感器融合）,—
J5175,财务管培生,宁波信泰机械有限公司,嘉兴,0,制造业质量/检验（成本管理、抖音）,供应链/物料/采购（物料管理、海外供应链）
J5176,工业AI与智能制造工程师（管培生）,浙江信汇新材料股份有限公司,嘉兴,0,制造业质量/检验（成本管理、抖音）,算法/AI 应用（tensorflow、vit）
J5177,AI研发专员,浙江精创教育科技有限公司,嘉兴,0,制造业质量/检验（成本管理、抖音）,制造业质量/检验（图文平台、性能检测）
J5178,智能割草机软件经理,浙江亚特电器股份有限公司,嘉兴,0,制造业质量/检验（成本管理、抖音）,制造业质量/检验（图文平台、性能检测）
J5179,统计编程师,广东杰纳医药科技有限公司,嘉兴,0,制造业质量/检验（成本管理、抖音）,制造业质量/检验（图文平台、性能检测）
J5180,自动化软件开发工程师,尼得科精密检测设备(浙江)有限公司,嘉兴,4,后端开发（hibernate、linux开发）,—
J5181,ESG数字化专员/主管,浙江华友钴业股份有限公司,嘉兴,0,制造业质量/检验（成本管理、抖音）,供应链/物料/采购（物料管理、海外供应链）
J5182,3D模型师（实习）,嘉兴超维信息技术有限公司,嘉兴,0,制造业质量/检验（成本管理、抖音）,制造业质量/检验（图文平台、性能检测）
J5183,2027校招-AI工程师（博士）(J11288),振石控股集团,嘉兴,0,制造业质量/检验（成本管理、抖音）,算法/AI 应用（tensorflow、vit）
J5184,生物信息工程师,南湖实验室,嘉兴,0,制造业质量/检验（成本管理、抖音）,硬件/仪器/自动化（组态软件、scratch）
J5185,智联猎头-ros工程师,智联猎头,嘉兴,0,制造业质量/检验（成本管理、抖音）,硬件/仪器/自动化（组态软件、scratch）
J5186,测试解析工程师,浙江众凌科技有限公司,嘉兴,3,软件测试（信号测试、安全测试）,—
J5187,AI智能工程师(J12162),合盛硅业,嘉兴,0,制造业质量/检验（成本管理、抖音）,制造业质量/检验（图文平台、性能检测）
J5188,ate自动化测试工程师（需出差）,成都中科四点零科技有限公司,嘉兴,3,软件测试（信号测试、安全测试）,—
J5189,储干（管培生）,上海大族富创得科技股份有限公司,嘉兴,0,制造业质量/检验（成本管理、抖音）,制造业质量/检验（图文平台、性能检测）
J5190,光学检测工程师,长春长光辰英生物科学仪器有限公司,嘉兴,0,制造业质量/检验（成本管理、抖音）,硬件/仪器/自动化（组态软件、scratch）
J5191,光学工程师(J10030),拓荆键科(海宁)半导体设备有限公司,嘉兴,0,制造业质量/检验（成本管理、抖音）,硬件/仪器/自动化（组态软件、scratch）
J5192,初级fico、mm顾问,科锐尔人力资源服务(苏州)有限公司,嘉兴,5,嵌入式/硬件（rtos、32位单片机）,—
J5193,晶圆测试主管,国科光芯(海宁)科技股份有限公司,嘉兴,3,软件测试（信号测试、安全测试）,—
J5194,波控设计师,中国电子科技集团公司第三十六研究所,嘉兴,0,制造业质量/检验（成本管理、抖音）,硬件/仪器/自动化（组态软件、scratch）
J5195,labview测试开发工程师,誉安智能装备(浙江)有限公司,嘉兴,3,软件测试（信号测试、安全测试）,—
J5196,电机设计与测试工程师,浙江科亿国际智能悬架技术有限公司,嘉兴,3,软件测试（信号测试、安全测试）,—
J5197,SaaS领头羊，等你来领！！！,浙江华企信息科技有限公司,嘉兴,0,制造业质量/检验（成本管理、抖音）,制造业质量/检验（图文平台、性能检测）
J5198,生物方向博士后,浙江清华长三角研究院,嘉兴,0,制造业质量/检验（成本管理、抖音）,数据/统计分析（数据建模、统计学）
J5199,智能体研发工程师,振石控股集团,嘉兴,0,制造业质量/检验（成本管理、抖音）,算法/AI 应用（tensorflow、vit）
J5200,数据互联工程师,双环传动(嘉兴)精密制造有限公司,嘉兴,0,制造业质量/检验（成本管理、抖音）,Java/后端（spring、mybatis）
J5201,pmc生产计划员 英语可作为工作语言,天津佩能能源科技发展有限公司,嘉兴,0,制造业质量/检验（成本管理、抖音）,供应链/物料/采购（物料管理、海外供应链）
J5202,自动化工程师,嘉兴坦程电子科技有限公司,嘉兴,0,制造业质量/检验（成本管理、抖音）,制造业质量/检验（图文平台、性能检测）
J5203,SAS程序师II,北京方胜远临医药科技有限公司,嘉兴,0,制造业质量/检验（成本管理、抖音）,数据/统计分析（数据建模、统计学）
J5204,数据标注(单休/包住/实习生/早九晚六),猿圈圈智能技术(南京)有限公司,嘉兴,0,制造业质量/检验（成本管理、抖音）,制造业质量/检验（图文平台、性能检测）
J5205,技术支持（嘉兴）,杭州容博教育科技有限公司,嘉兴,0,制造业质量/检验（成本管理、抖音）,供应链/物料/采购（物料管理、海外供应链）
J5206,agv技术工程师,桐乡质子机器人有限公司,嘉兴,0,制造业质量/检验（成本管理、抖音）,制造业质量/检验（图文平台、性能检测）
J5207,3d动画师,嘉兴市鹏亦腾人工智能科技有限公司,嘉兴,0,制造业质量/检验（成本管理、抖音）,制造业质量/检验（图文平台、性能检测）
J5208,博士后,乌镇实验室,嘉兴,0,制造业质量/检验（成本管理、抖音）,制造业质量/检验（图文平台、性能检测）
J5209,AI开发高级工程师,日善电脑配件(嘉善)有限公司,嘉兴,0,制造业质量/检验（成本管理、抖音）,算法/AI 应用（tensorflow、vit）
J5210,分析方法开发工程师（AD）,砹尔法纽克莱(宁波)医疗科技有限公司,嘉兴,4,后端开发（hibernate、linux开发）,—
J5211,大数据中心--嵌入式硬件开发工程师,浙江大学滨海产业技术研究院,嘉兴,2,数据分析/BI（数仓开发、kettle）,—
J5212,人工智能数据采集员,河北霖玄机器人科技有限公司,嘉兴,7,算法/人工智能（智能驾驶、传感器融合）,—
J5213,AI应用模型开发工程师(J11191),振石控股集团,嘉兴,4,后端开发（hibernate、linux开发）,—
J5214,测试工程师,桐乡清梧电子科技有限公司,嘉兴,3,软件测试（信号测试、安全测试）,—
J5215,用户研究,嘉兴市秀洲区高照街道君撷百货贸易商行,嘉兴,0,制造业质量/检验（成本管理、抖音）,制造业质量/检验（图文平台、性能检测）
J5216,农业技术管培生,嘉兴鑫泽农业科技有限公司,嘉兴,0,制造业质量/检验（成本管理、抖音）,制造业质量/检验（图文平台、性能检测）
J5217,2027校招-机器人控制算法工程师(J11243),振石控股集团,嘉兴,7,算法/人工智能（智能驾驶、传感器融合）,—
J5218,技术支持实习生(J10245),拓荆键科(海宁)半导体设备有限公司,嘉兴,0,制造业质量/检验（成本管理、抖音）,硬件/仪器/自动化（组态软件、scratch）
J5219,特聘副研究员/副研究员（碳中和）,乌镇实验室,嘉兴,0,制造业质量/检验（成本管理、抖音）,数据/统计分析（数据建模、统计学）
J5220,2027校招-机器人控制算法工程师（博士）(J11290),振石控股集团,嘉兴,7,算法/人工智能（智能驾驶、传感器融合）,—
J5221,高级ai产品经理,浙江精创教育科技有限公司,嘉兴,6,产品/项目管理（国内市场、需求分析）,—
J5222,助理统计编程师/统计程序员/SAS程序员,广东杰纳医药科技有限公司,嘉兴,0,制造业质量/检验（成本管理、抖音）,制造业质量/检验（图文平台、性能检测）
J5223,图像算法工程师 (J10024),拓荆键科(海宁)半导体设备有限公司,嘉兴,7,算法/人工智能（智能驾驶、传感器融合）,—
J5224,光学博后(拉曼光谱仪器方向),长春长光辰英生物科学仪器有限公司,嘉兴,0,制造业质量/检验（成本管理、抖音）,硬件/仪器/自动化（组态软件、scratch）
J5225,博士后（多源数据融合仿真平台软件系统开发）,浙江清华长三角研究院,嘉兴,0,制造业质量/检验（成本管理、抖音）,硬件/仪器/自动化（组态软件、scratch）
J5226,前端开发工程师,浙江精创教育科技有限公司,嘉兴,8,前端开发（web前端、erp项目）,—
J5227,前端软件工程师,北京英博电气股份有限公司,嘉兴,8,前端开发（web前端、erp项目）,—
J5228,电气设计师（前端）,兴光智联(浙江)科技有限公司,嘉兴,8,前端开发（web前端、erp项目）,—
J5229,电商运营,致皓财税服务有限公司,嘉兴,0,制造业质量/检验（成本管理、抖音）,制造业质量/检验（图文平台、性能检测）
J5230,生产主任（嘉兴）,浙江恒逸集团有限公司,嘉兴,0,制造业质量/检验（成本管理、抖音）,制造业质量/检验（图文平台、性能检测）
J5231,生产主管,多泰智能科技(浙江)有限公司,嘉兴,0,制造业质量/检验（成本管理、抖音）,数据/统计分析（数据建模、统计学）
J5232,采购高级专员,晶科能源,嘉兴,0,制造业质量/检验（成本管理、抖音）,制造业质量/检验（图文平台、性能检测）
J5233,软件测试工程师,兴土桥梁,嘉兴,3,软件测试（信号测试、安全测试）,—
J5234,售后服务专员（周末双休),中智经济技术合作股份有限公司,嘉兴,0,制造业质量/检验（成本管理、抖音）,制造业质量/检验（图文平台、性能检测）
J5235,保险康养顾问,中国平安人寿保险股份有限公司浙江分公司1,嘉兴,0,制造业质量/检验（成本管理、抖音）,制造业质量/检验（图文平台、性能检测）
J5236,嵌入式软件工程师,北京恒润泰医药科技有限公司,嘉兴,5,嵌入式/硬件（rtos、32位单片机）,—
J5237,整机采购工程师,浙江亚特电器股份有限公司,嘉兴,0,制造业质量/检验（成本管理、抖音）,制造业质量/检验（图文平台、性能检测）
J5238,嵌入式软件工程师,嘉兴坤拓智能技术有限公司,嘉兴,5,嵌入式/硬件（rtos、32位单片机）,—
J5239,国内电商运营,致皓财税服务有限公司,嘉兴,0,制造业质量/检验（成本管理、抖音）,制造业质量/检验（图文平台、性能检测）
J5240,采购高级专员（研发采购）,晶科能源,嘉兴,0,制造业质量/检验（成本管理、抖音）,制造业质量/检验（图文平台、性能检测）
J5241,产品开发工程师,浙江众凌科技有限公司,嘉兴,4,后端开发（hibernate、linux开发）,—
J5242,软件测试工程师,天津芯成半导体有限公司,嘉兴,3,软件测试（信号测试、安全测试）,—
J5243,售后工程师（可无经验）,三维海容(青岛)科技有限公司,嘉兴,0,制造业质量/检验（成本管理、抖音）,制造业质量/检验（图文平台、性能检测）
J5244,嵌入式软件工程师,福建睿能科技股份有限公司,嘉兴,5,嵌入式/硬件（rtos、32位单片机）,—
J5245,嵌入式软件工程师,嘉兴市纳杰微电子技术有限公司,嘉兴,5,嵌入式/硬件（rtos、32位单片机）,—
J5246,数据采集应用工程师,双环传动(嘉兴)精密制造有限公司,嘉兴,0,制造业质量/检验（成本管理、抖音）,硬件/仪器/自动化（组态软件、scratch）
J5247,嵌入式研发工程师,膜感科技(嘉兴)有限公司,嘉兴,5,嵌入式/硬件（rtos、32位单片机）,—
J5248,测试工程师\技术员,浙江宇视科技有限公司,嘉兴,3,软件测试（信号测试、安全测试）,—
J5249,采购高级专员（研发） (MJ007701),晶科能源,嘉兴,0,制造业质量/检验（成本管理、抖音）,制造业质量/检验（图文平台、性能检测）
J5250,营销工程师（租售委培）,兴土桥梁,嘉兴,0,制造业质量/检验（成本管理、抖音）,制造业质量/检验（图文平台、性能检测）
J5251,电子生产经理,多泰智能科技(浙江)有限公司,嘉兴,0,制造业质量/检验（成本管理、抖音）,数据/统计分析（数据建模、统计学）
J5252,光固化打印控制开发工程师,深圳市金石三维打印科技有限公司,嘉兴,4,后端开发（hibernate、linux开发）,—
J5253,FATP-TE测试工程师,立铠精密科技(黄石)有限公司,嘉兴,3,软件测试（信号测试、安全测试）,—
J5254,浙江平湖机器视觉软件工程师,英创人才服务(上海)有限公司,嘉兴,7,算法/人工智能（智能驾驶、传感器融合）,—
J5255,售后服务工程师(J10004),杭州美仪自动化技术股份有限公司,嘉兴,0,制造业质量/检验（成本管理、抖音）,制造业质量/检验（图文平台、性能检测）
J5256,机器视觉应用工程师,中科兆芯(浙江)半导体有限公司,嘉兴,7,算法/人工智能（智能驾驶、传感器融合）,—
J5257,产品测试工程师（紧固件）,德州明佳数控机械设备有限公司,嘉兴,3,软件测试（信号测试、安全测试）,—
J5258,挂篮/钢栈桥营销经理,兴土桥梁,嘉兴,0,制造业质量/检验（成本管理、抖音）,制造业质量/检验（图文平台、性能检测）
J5259,嵌入式软件设计师(J10218),中国电子科技集团公司第三十六研究所,嘉兴,5,嵌入式/硬件（rtos、32位单片机）,—
J5260,售后技术支持,浙江沧田智能信息科技有限公司,嘉兴,0,制造业质量/检验（成本管理、抖音）,制造业质量/检验（图文平台、性能检测）
J5261,嵌入式软件项目经理,嘉兴致芯科技有限公司,嘉兴,5,嵌入式/硬件（rtos、32位单片机）,—
J5262,SECS上位机软件开发,浙江赛瑾半导体科技有限公司,嘉兴,0,制造业质量/检验（成本管理、抖音）,制造业质量/检验（图文平台、性能检测）
J5263,嵌入式软件工程师（高级）（工作地：嘉兴）,福建睿能科技股份有限公司,嘉兴,5,嵌入式/硬件（rtos、32位单片机）,—
J5264,激光智能控制工程师（嵌入式软硬件）,福莱特玻璃集团股份有限公司,嘉兴,5,嵌入式/硬件（rtos、32位单片机）,—
J5265,硬件测试工程师,立讯智造(浙江)有限公司,嘉兴,3,软件测试（信号测试、安全测试）,—
J5266,产品研发工程师（紧固件）,德州明佳数控机械设备有限公司,嘉兴,6,产品/项目管理（国内市场、需求分析）,—
J5267,智能产品评测设计工程师,上海交通大学桐乡高等研究院,嘉兴,6,产品/项目管理（国内市场、需求分析）,—
J5268,贴片程序编程,海宁鐵三角科技有限公司,嘉兴,0,制造业质量/检验（成本管理、抖音）,制造业质量/检验（图文平台、性能检测）
J5269,IT专员,浙江美力汽车弹簧有限公司,嘉兴,0,制造业质量/检验（成本管理、抖音）,制造业质量/检验（图文平台、性能检测）
J5270,嵌入式 软件开发设计师（FPGA、DSP、GPU）(J10397),中国电子科技集团公司第三十六研究所,嘉兴,5,嵌入式/硬件（rtos、32位单片机）,—
J5271,硬件开发工程师,魔研匠造(浙江)科技有限公司,嘉兴,5,嵌入式/硬件（rtos、32位单片机）,—
J5272,led技术工程师,嘉兴新时达智能科技股份有限公司,嘉兴,0,制造业质量/检验（成本管理、抖音）,制造业质量/检验（图文平台、性能检测）
J5273,嵌入式软件工程师（伺服驱动）,福建睿能科技股份有限公司,嘉兴,5,嵌入式/硬件（rtos、32位单片机）,—
J5274,测试工程师（研发中心）,国科京禾能服科技(浙江)有限公司,嘉兴,3,软件测试（信号测试、安全测试）,—
J5275,售后工程师,深圳云智锐灵科技有限公司,嘉兴,0,制造业质量/检验（成本管理、抖音）,制造业质量/检验（图文平台、性能检测）
J5276,agv技术工程师,桐乡质子机器人有限公司,嘉兴,0,制造业质量/检验（成本管理、抖音）,制造业质量/检验（图文平台、性能检测）
J5277,硬件开发工程师,嘉兴致芯科技有限公司,嘉兴,5,嵌入式/硬件（rtos、32位单片机）,—
J5278,ERP售后服务,嘉兴汇智软件有限公司,嘉兴,0,制造业质量/检验（成本管理、抖音）,制造业质量/检验（图文平台、性能检测）
J5279,项目主管（对日PL）,日立解决方案(中国)有限公司,嘉兴,0,制造业质量/检验（成本管理、抖音）,制造业质量/检验（图文平台、性能检测）
J5280,诚聘技工-月入10000（有房补）,福赛轴承(嘉兴)有限公司,嘉兴,0,制造业质量/检验（成本管理、抖音）,制造业质量/检验（图文平台、性能检测）
J5281,labview软件工程师,爱德曼氢能源装备有限公司,嘉兴,4,后端开发（hibernate、linux开发）,—
J5282,产品开发工程师,日善电脑配件(嘉善)有限公司,嘉兴,4,后端开发（hibernate、linux开发）,—
J5283,嵌入式驱动开发设计师,中国电子科技集团公司第三十六研究所,嘉兴,5,嵌入式/硬件（rtos、32位单片机）,—
J5284,数控编程,深圳市顺发网络科技有限公司长沙分公司,嘉兴,0,制造业质量/检验（成本管理、抖音）,制造业质量/检验（图文平台、性能检测）
J5285,电控硬件工程师/嵌入式/电源开发,上海良幸商务咨询有限公司,嘉兴,5,嵌入式/硬件（rtos、32位单片机）,—
J5286,开发工程师,浙江新瑞昕科技股份有限公司,嘉兴,4,后端开发（hibernate、linux开发）,—
J5287,博士后,上海交通大学桐乡高等研究院,嘉兴,0,制造业质量/检验（成本管理、抖音）,制造业质量/检验（图文平台、性能检测）
J5288,售后工程师,浙江赛瑾半导体科技有限公司,嘉兴,0,制造业质量/检验（成本管理、抖音）,制造业质量/检验（图文平台、性能检测）
J5289,电力电子软件工程师(J13815),浙江天正电气股份有限公司,嘉兴,4,后端开发（hibernate、linux开发）,—
J5290,研发工程师（PAD）,浙江埃纳微电子材料有限公司,嘉兴,0,制造业质量/检验（成本管理、抖音）,制造业质量/检验（图文平台、性能检测）
J5291,调试工程师,魔研匠造(浙江)科技有限公司,嘉兴,0,制造业质量/检验（成本管理、抖音）,制造业质量/检验（图文平台、性能检测）
J5292,技术支持工程师,精基科技有限公司,嘉兴,0,制造业质量/检验（成本管理、抖音）,制造业质量/检验（图文平台、性能检测）
J5293,电控软件工程师,浙江艾利秀智能制造有限公司,嘉兴,4,后端开发（hibernate、linux开发）,—
J5294,大数据中心-雷达天线设计工程师,浙江大学滨海产业技术研究院,嘉兴,2,数据分析/BI（数仓开发、kettle）,—
J5295,研发工程师,众恒汽车部件有限公司,嘉兴,0,制造业质量/检验（成本管理、抖音）,制造业质量/检验（图文平台、性能检测）
J5296,开发工程师,浙江翱腾智能科技股份有限公司,嘉兴,4,后端开发（hibernate、linux开发）,—
J5297,agv实施工程师,桐乡质子机器人有限公司,嘉兴,1,运维/云与网络（分布式电站、空调工程）,—
J5298,研发ID工程师,浙江中科冠腾科技股份有限公司,嘉兴,0,制造业质量/检验（成本管理、抖音）,制造业质量/检验（图文平台、性能检测）
J5299,博士后（混动系统开发）,浙江清华长三角研究院,嘉兴,0,制造业质量/检验（成本管理、抖音）,制造业质量/检验（图文平台、性能检测）
J5300,售后服务工程师,无锡金兆节能科技有限公司,嘉兴,0,制造业质量/检验（成本管理、抖音）,制造业质量/检验（图文平台、性能检测）
J5301,汽车电子产品硬件开发工程师,嘉兴市尚瑞电子科技有限公司,嘉兴,5,嵌入式/硬件（rtos、32位单片机）,—
J5302,【ST2602】硅光芯片技术支持负责人,国科光芯(海宁)科技股份有限公司,嘉兴,0,制造业质量/检验（成本管理、抖音）,制造业质量/检验（图文平台、性能检测）
J5303,智联猎头-电驱总成集成设计工程师,智联猎头,嘉兴,0,制造业质量/检验（成本管理、抖音）,制造业质量/检验（图文平台、性能检测）
J5304,大客户软件销售,用友网络科技股份有限公司绍兴分公司,嘉兴,0,制造业质量/检验（成本管理、抖音）,供应链/物料/采购（物料管理、海外供应链）
J5305,资深SECS上位机软件工程师,浙江赛瑾半导体科技有限公司,嘉兴,4,后端开发（hibernate、linux开发）,—
J5306,机械研发工程师（单元）,嘉兴福可吉精密机械有限公司,嘉兴,0,制造业质量/检验（成本管理、抖音）,制造业质量/检验（图文平台、性能检测）
J5307,电池研发工程师（3D叠层-键合）,晶科能源,嘉兴,0,制造业质量/检验（成本管理、抖音）,制造业质量/检验（图文平台、性能检测）
J5308,高级java研发工程师,图聚智能,嘉兴,4,后端开发（hibernate、linux开发）,—
J5309,客户成功,华湖(浙江)航工科技有限公司,嘉兴,0,制造业质量/检验（成本管理、抖音）,Java/后端（spring、mybatis）
J5310,SST高级软件工程师,福建睿能科技股份有限公司,嘉兴,4,后端开发（hibernate、linux开发）,—
J5311,算法工程师,双环传动,嘉兴,7,算法/人工智能（智能驾驶、传感器融合）,—
J5312,产品研发岗,中国核工业二三建设有限公司秦山分公司,嘉兴,6,产品/项目管理（国内市场、需求分析）,—
J5313,c#上位机软件开发工程师,郑州博世智能科技有限公司,嘉兴,4,后端开发（hibernate、linux开发）,—
J5314,转轴研发工程师,浙江中科冠腾科技股份有限公司,嘉兴,0,制造业质量/检验（成本管理、抖音）,制造业质量/检验（图文平台、性能检测）
J5315,大数据中心-雷达天线设计工程师,浙江大学滨海产业技术研究院,嘉兴,2,数据分析/BI（数仓开发、kettle）,—
J5316,提升机技术支持工程师,精基科技有限公司,嘉兴,0,制造业质量/检验（成本管理、抖音）,制造业质量/检验（图文平台、性能检测）
J5317,博士后（动力电池开发航空/车载动力方向）,浙江清华长三角研究院,嘉兴,0,制造业质量/检验（成本管理、抖音）,制造业质量/检验（图文平台、性能检测）
J5318,皮带机技术支持工程师,精基科技有限公司,嘉兴,0,制造业质量/检验（成本管理、抖音）,制造业质量/检验（图文平台、性能检测）
J5319,电驱总成集成设计工程师-餐补-薪资可谈,智联猎头,嘉兴,0,制造业质量/检验（成本管理、抖音）,制造业质量/检验（图文平台、性能检测）
J5320,业务外包 复材工艺师（出裁切铺贴、检验方案与理论支撑）,华湖(浙江)航工科技有限公司,嘉兴,0,制造业质量/检验（成本管理、抖音）,制造业质量/检验（图文平台、性能检测）
J5321,cqe质量工程师-嘉兴平湖,上海大族富创得科技股份有限公司,嘉兴,3,软件测试（信号测试、安全测试）,—
J5322,双休+嘉兴+测试司机,河北魔方直聘人力资源有限公司,嘉兴,3,软件测试（信号测试、安全测试）,—
J5323,质量管理,浙江裕华木业股份有限公司,嘉兴,0,制造业质量/检验（成本管理、抖音）,制造业质量/检验（图文平台、性能检测）
J5324,审核测试助理,嘉兴市鹏亦腾人工智能科技有限公司,嘉兴,3,软件测试（信号测试、安全测试）,—
J5325,品质工程师,浙江豪声电子科技股份有限公司,嘉兴,3,软件测试（信号测试、安全测试）,—
J5326,质量工程师,浙江众凌科技有限公司,嘉兴,3,软件测试（信号测试、安全测试）,—
J5327,质量技术员/质量工程师,桂林福达股份有限公司,嘉兴,3,软件测试（信号测试、安全测试）,—
J5328,测试工程师,立臻科技(昆山)有限公司,嘉兴,3,软件测试（信号测试、安全测试）,—
J5329,品质经理,欣奕华,嘉兴,3,软件测试（信号测试、安全测试）,—
J5330,可靠度测试工程师,立讯智造(浙江)有限公司,嘉兴,3,软件测试（信号测试、安全测试）,—
J5331,测试工程师,嘉兴星程电子有限公司,嘉兴,3,软件测试（信号测试、安全测试）,—
J5332,测试工程师,国科京禾能服科技(浙江)有限公司,嘉兴,3,软件测试（信号测试、安全测试）,—
J5333,IQC工程师,晶科能源,嘉兴,0,制造业质量/检验（成本管理、抖音）,供应链/物料/采购（物料管理、海外供应链）
J5334,质量工程师,浙江上方食品科技有限公司,嘉兴,3,软件测试（信号测试、安全测试）,—
J5335,【ST2607】晶圆测试技术员,国科光芯(海宁)科技股份有限公司,嘉兴,3,软件测试（信号测试、安全测试）,—
J5336,品质控制员(J10407),中国巨石,嘉兴,3,软件测试（信号测试、安全测试）,—
J5337,光学测试工程师,宜兰汽车配件制造（平湖）有限公司,嘉兴,3,软件测试（信号测试、安全测试）,—
J5338,质量工程师,浙江博凡动力装备股份有限公司,嘉兴,3,软件测试（信号测试、安全测试）,—
J5339,测试工程师岗(J10791),宁波德业科技股份有限公司,嘉兴,3,软件测试（信号测试、安全测试）,—
J5340,质量运营 (MJ014329),正泰新能源,嘉兴,0,制造业质量/检验（成本管理、抖音）,制造业质量/检验（图文平台、性能检测）
J5341,质量工程师助理,嘉兴爱克斯机械技术有限公司,嘉兴,3,软件测试（信号测试、安全测试）,—
J5342,质量主管,浙江众凌科技有限公司,嘉兴,0,制造业质量/检验（成本管理、抖音）,制造业质量/检验（图文平台、性能检测）
J5343,质量工程师,双环传动(嘉兴)精密制造有限公司,嘉兴,3,软件测试（信号测试、安全测试）,—
J5344,品控/品质,晋吉金属(嘉兴)有限公司,嘉兴,3,软件测试（信号测试、安全测试）,—
J5345,质量总监,浙江意兰可电力电子科技有限公司,嘉兴,0,制造业质量/检验（成本管理、抖音）,质量检验（qa、qc）
J5346,品质经理,嘉兴耐通电子科技有限公司,嘉兴,3,软件测试（信号测试、安全测试）,—
J5347,质保工程师,浙江科路数据科技有限公司,嘉兴,0,制造业质量/检验（成本管理、抖音）,质量检验（qa、qc）
J5348,品控部经理,福莱特玻璃集团股份有限公司,嘉兴,0,制造业质量/检验（成本管理、抖音）,制造业质量/检验（图文平台、性能检测）
J5349,PQE制程质量工程师,立讯电子科技(昆山)有限公司,嘉兴,3,软件测试（信号测试、安全测试）,—
J5350,质量工程师,杭州美仪自动化技术股份有限公司,嘉兴,3,软件测试（信号测试、安全测试）,—
J5351,PQE制程质量工程师,正泰新能科技股份有限公司,嘉兴,3,软件测试（信号测试、安全测试）,—
J5352,底盘测试工程师,长春市宇创数字汽车科技有限责任公司,嘉兴,3,软件测试（信号测试、安全测试）,—
J5353,光伏测试工程师(嘉兴),中国信息通信研究院,嘉兴,3,软件测试（信号测试、安全测试）,—
J5354,三坐标领班（倒班）,欧络伊红高新技术(嘉兴)有限公司,嘉兴,0,制造业质量/检验（成本管理、抖音）,质量检验（qa、qc）
J5355,PQM工程师,瑞浦兰钧能源股份有限公司,嘉兴,0,制造业质量/检验（成本管理、抖音）,制造业质量/检验（图文平台、性能检测）
J5356,研发测试工程师,国科京禾能服科技(浙江)有限公司,嘉兴,3,软件测试（信号测试、安全测试）,—
J5357,可靠度测试项目管理,立讯智造(浙江)有限公司,嘉兴,3,软件测试（信号测试、安全测试）,—
J5358,硬件测试工程师,星沿微电子(嘉兴)有限公司,嘉兴,3,软件测试（信号测试、安全测试）,—
J5359,生产测试工程师,上海芯诣电子科技有限公司,嘉兴,3,软件测试（信号测试、安全测试）,—
J5360,质保工程师（质保部负责人）,嘉兴爱克斯机械技术有限公司,嘉兴,0,制造业质量/检验（成本管理、抖音）,制造业质量/检验（图文平台、性能检测）
J5361,质量主管/经理,双环传动(嘉兴)精密制造有限公司,嘉兴,0,制造业质量/检验（成本管理、抖音）,制造业质量/检验（图文平台、性能检测）
J5362,储能质量工程师QE,浙江宇视科技有限公司,嘉兴,3,软件测试（信号测试、安全测试）,—
J5363,品质检验工程师 Quality Engineer / I…,广州威标商品检测技术服务有限公司,嘉兴,3,软件测试（信号测试、安全测试）,—
J5364,生产质量保证（电池） (MJ014274),正泰新能源,嘉兴,0,制造业质量/检验（成本管理、抖音）,供应链/物料/采购（物料管理、海外供应链）
J5365,质量经理(J12037),圣奥科技股份有限公司,嘉兴,0,制造业质量/检验（成本管理、抖音）,制造业质量/检验（图文平台、性能检测）
J5366,测试工程师,浙江豪庭灯饰有限公司,嘉兴,3,软件测试（信号测试、安全测试）,—
J5367,质验员,嘉兴市广杰塑业股份有限公司,嘉兴,0,制造业质量/检验（成本管理、抖音）,制造业质量/检验（图文平台、性能检测）
J5368,系统测试工程师,南京芷铭企业管理咨询有限公司,嘉兴,3,软件测试（信号测试、安全测试）,—
J5369,电芯研发测试,正泰新能科技股份有限公司,嘉兴,3,软件测试（信号测试、安全测试）,—
J5370,质量工程师,福莱特玻璃集团股份有限公司,嘉兴,3,软件测试（信号测试、安全测试）,—
J5371,质量经理,振石控股集团,嘉兴,0,制造业质量/检验（成本管理、抖音）,质量检验（qa、qc）
J5372,质管科长(J10301),桐昆集团股份有限公司,嘉兴,0,制造业质量/检验（成本管理、抖音）,制造业质量/检验（图文平台、性能检测）
J5373,qe品质工程师,日善电脑配件(嘉善)有限公司,嘉兴,3,软件测试（信号测试、安全测试）,—
J5374,助理品质工程师,浙江恒科实业有限公司,嘉兴,3,软件测试（信号测试、安全测试）,—
J5375,品质技术工程师,长城汽车,嘉兴,3,软件测试（信号测试、安全测试）,—
J5376,质量工程师(J11201),卫星化学股份有限公司,嘉兴,3,软件测试（信号测试、安全测试）,—
J5377,生产测试操作工,上海芯诣电子科技有限公司,嘉兴,3,软件测试（信号测试、安全测试）,—
J5378,品质主管/品质经理,嘉兴飒恩科技有限公司,嘉兴,3,软件测试（信号测试、安全测试）,—
J5379,测试员,新艺机电,嘉兴,3,软件测试（信号测试、安全测试）,—
J5380,质量工程师,浙江睿索电子科技有限公司,嘉兴,3,软件测试（信号测试、安全测试）,—
J5381,质量负责人,首猎(重庆)企业管理咨询有限公司,嘉兴,0,制造业质量/检验（成本管理、抖音）,制造业质量/检验（图文平台、性能检测）
J5382,客户质量工程师,浙江友山新材料科技有限公司,嘉兴,3,软件测试（信号测试、安全测试）,—
J5383,成品检验质量工程师（成套设备方向）,正泰电气股份有限公司,嘉兴,3,软件测试（信号测试、安全测试）,—
J5384,售前质量工程师 (MJ014049),正泰新能源,嘉兴,3,软件测试（信号测试、安全测试）,—
J5385,质量工程师（PQE）,上海普利特复合材料股份有限公司,嘉兴,3,软件测试（信号测试、安全测试）,—
J5386,制程质量工程师,浙江新瑞昕科技股份有限公司,嘉兴,3,软件测试（信号测试、安全测试）,—
J5387,试验工程师,永锦电容器有限公司,嘉兴,0,制造业质量/检验（成本管理、抖音）,制造业质量/检验（图文平台、性能检测）
J5388,质量经理,嘉兴市安尼拓电气有限公司,嘉兴,0,制造业质量/检验（成本管理、抖音）,制造业质量/检验（图文平台、性能检测）
J5389,前期质量工程师,浙江欧迪恩传动科技股份有限公司,嘉兴,3,软件测试（信号测试、安全测试）,—
J5390,3C量测工程师,日善电脑配件(嘉善)有限公司,嘉兴,0,制造业质量/检验（成本管理、抖音）,质量检验（qa、qc）
J5391,测试工程师,南京芷铭企业管理咨询有限公司,嘉兴,3,软件测试（信号测试、安全测试）,—
J5392,质量经理,浙江赛思电子科技股份有限公司,嘉兴,0,制造业质量/检验（成本管理、抖音）,制造业质量/检验（图文平台、性能检测）
J5393,质量主管,嘉兴市成达医疗器械有限公司,嘉兴,0,制造业质量/检验（成本管理、抖音）,质量检验（qa、qc）
J5394,测试员,浙江励塑复合材料股份有限公司,嘉兴,3,软件测试（信号测试、安全测试）,—
J5395,2027校招-质量工程师(J11237),振石控股集团,嘉兴,3,软件测试（信号测试、安全测试）,—
J5396,质量工程师,中威航空材料有限公司,嘉兴,3,软件测试（信号测试、安全测试）,—
J5397,硬件测试工程师,上海帕特尼智能科技有限公司,嘉兴,3,软件测试（信号测试、安全测试）,—
J5398,PQE高级工程师 (FATP),立讯电子科技(昆山)有限公司,嘉兴,0,制造业质量/检验（成本管理、抖音）,制造业质量/检验（图文平台、性能检测）
J5399,质量工程师,嘉兴恩阔弗汽车零部件有限公司,嘉兴,3,软件测试（信号测试、安全测试）,—
J5400,DQE工程师（智能）,浙江亚特电器股份有限公司,嘉兴,0,制造业质量/检验（成本管理、抖音）,制造业质量/检验（图文平台、性能检测）
J5401,品质主任(工作地点嘉善大云镇大道1897号),浙江昌飞科技有限公司,嘉兴,3,软件测试（信号测试、安全测试）,—
J5402,产品试验工程师-中级 (MJ014473),正泰电气股份有限公司,嘉兴,6,产品/项目管理（国内市场、需求分析）,—
J5403,质量主管,宜兰汽车配件制造（平湖）有限公司,嘉兴,0,制造业质量/检验（成本管理、抖音）,制造业质量/检验（图文平台、性能检测）
J5404,质检部长,杭州德望纳米科技有限公司,嘉兴,0,制造业质量/检验（成本管理、抖音）,制造业质量/检验（图文平台、性能检测）
J5405,网络诊断测试工程师,珠海冠宇电池股份有限公司,嘉兴,3,软件测试（信号测试、安全测试）,—
J5406,质量工程师,嘉善意莱声电子有限公司,嘉兴,3,软件测试（信号测试、安全测试）,—
J5407,测试工程师,灵思泰恪(浙江)科技有限公司,嘉兴,3,软件测试（信号测试、安全测试）,—
J5408,质量工程师,北京赛晶电力电子科技有限公司,嘉兴,3,软件测试（信号测试、安全测试）,—
J5409,量测工程师,日善电脑配件(嘉善)有限公司,嘉兴,0,制造业质量/检验（成本管理、抖音）,供应链/物料/采购（物料管理、海外供应链）
J5410,质量检测工程师,河北众燚核电装备有限公司,嘉兴,0,制造业质量/检验（成本管理、抖音）,制造业质量/检验（图文平台、性能检测）
J5411,PQE的岗位（偏COB端，国内头部光模块上市大厂）,北京汉克时代科技有限公司,嘉兴,0,制造业质量/检验（成本管理、抖音）,制造业质量/检验（图文平台、性能检测）
J5412,质量工程师助理,浙江盛重新能源科技有限公司,嘉兴,3,软件测试（信号测试、安全测试）,—
J5413,质量创新主管工程师,浙江友山新材料科技有限公司,嘉兴,0,制造业质量/检验（成本管理、抖音）,制造业质量/检验（图文平台、性能检测）
J5414,质量工程师,浙江煜特智能科技有限公司,嘉兴,3,软件测试（信号测试、安全测试）,—
J5415,质量工程师,劢微机器人科技(深圳)有限公司,嘉兴,3,软件测试（信号测试、安全测试）,—
J5416,质量副经理,浙江赛瑾半导体科技有限公司,嘉兴,0,制造业质量/检验（成本管理、抖音）,制造业质量/检验（图文平台、性能检测）
J5417,质保工程师,山东海核电力设备有限公司,嘉兴,0,制造业质量/检验（成本管理、抖音）,质量检验（qa、qc）
J5418,质量工程师（CQE）,上海普利特复合材料股份有限公司,嘉兴,3,软件测试（信号测试、安全测试）,—
J5419,海外质量主管,浙江宏利汽配集团有限公司,嘉兴,0,制造业质量/检验（成本管理、抖音）,质量检验（qa、qc）
J5420,PQE工程师(J10269),为恒智能科技股份有限公司,嘉兴,0,制造业质量/检验（成本管理、抖音）,制造业质量/检验（图文平台、性能检测）
J5421,组包测试工程师,昆山英业特电子科技有限公司,嘉兴,3,软件测试（信号测试、安全测试）,—
J5422,QE工程师,嘉兴匠鑫医疗科技有限公司,嘉兴,0,制造业质量/检验（成本管理、抖音）,制造业质量/检验（图文平台、性能检测）
J5423,研发质量工程师（DQE）,世源科技(嘉兴)医疗电子有限公司,嘉兴,3,软件测试（信号测试、安全测试）,—
J5424,pqe质量工程师,嘉兴光弘科技电子有限公司,嘉兴,3,软件测试（信号测试、安全测试）,—
J5425,质量工程师,蓝箭航天,嘉兴,3,软件测试（信号测试、安全测试）,—
J5426,IPQC,美馨卫生用品有限公司,嘉兴,0,制造业质量/检验（成本管理、抖音）,制造业质量/检验（图文平台、性能检测）
J5427,品质主管,浙江蚕缘家纺股份有限公司,嘉兴,3,软件测试（信号测试、安全测试）,—
J5428,DQE品质工程师,日善电脑配件(嘉善)有限公司,嘉兴,3,软件测试（信号测试、安全测试）,—
J5429,DQE工程师,浙江亚特电器股份有限公司,嘉兴,0,制造业质量/检验（成本管理、抖音）,制造业质量/检验（图文平台、性能检测）
J5430,SMT测试工程师,立讯智造(浙江)有限公司,嘉兴,3,软件测试（信号测试、安全测试）,—
J5431,网络诊断测试工程师,珠海冠宇电池股份有限公司,嘉兴,3,软件测试（信号测试、安全测试）,—
J5432,工程课长,宜兰汽车配件制造（平湖）有限公司,嘉兴,0,制造业质量/检验（成本管理、抖音）,制造业质量/检验（图文平台、性能检测）
J5433,PQM高级工程师 (FATP),立讯电子科技(昆山)有限公司,嘉兴,0,制造业质量/检验（成本管理、抖音）,制造业质量/检验（图文平台、性能检测）
J5434,质量经理,中威航空材料有限公司,嘉兴,0,制造业质量/检验（成本管理、抖音）,制造业质量/检验（图文平台、性能检测）
J5435,测试工程师,星沿微电子(嘉兴)有限公司,嘉兴,3,软件测试（信号测试、安全测试）,—
J5436,调试工程师,魔研匠造(浙江)科技有限公司,嘉兴,0,制造业质量/检验（成本管理、抖音）,制造业质量/检验（图文平台、性能检测）
J5437,客户质量工程师(J10250),杭州美仪自动化技术股份有限公司,嘉兴,3,软件测试（信号测试、安全测试）,—
J5438,质量工程师CQE,拓荆键科(海宁)半导体设备有限公司,嘉兴,3,软件测试（信号测试、安全测试）,—
J5439,品质工程师（扩编）,浙江环世创新材料有限公司,嘉兴,3,软件测试（信号测试、安全测试）,—
J5440,质量工程师,浙江晶阳机电股份有限公司,嘉兴,3,软件测试（信号测试、安全测试）,—
J5441,客户质量工程师,绍兴德汇半导体材料有限公司,嘉兴,3,软件测试（信号测试、安全测试）,—
J5442,质量经理,嘉兴福可吉精密机械有限公司,嘉兴,0,制造业质量/检验（成本管理、抖音）,制造业质量/检验（图文平台、性能检测）
J5443,试验员（派遣编制）,金盘电气集团(上海)有限公司,嘉兴,0,制造业质量/检验（成本管理、抖音）,制造业质量/检验（图文平台、性能检测）
J5444,成套电气质量工程师,正泰电气股份有限公司,嘉兴,3,软件测试（信号测试、安全测试）,—
J5445,过程质量工程师,浙江金易达机械股份有限公司,嘉兴,3,软件测试（信号测试、安全测试）,—
J5446,质量保证部部长,浙江友山新材料科技有限公司,嘉兴,0,制造业质量/检验（成本管理、抖音）,制造业质量/检验（图文平台、性能检测）
J5447,售前质量工程师 (MJ014054),正泰新能源,嘉兴,3,软件测试（信号测试、安全测试）,—
J5448,质检部经理,杭州博里曼专业音响制造有限公司,嘉兴,0,制造业质量/检验（成本管理、抖音）,质量检验（qa、qc）
J5449,PQE,日善电脑配件(嘉善)有限公司,嘉兴,0,制造业质量/检验（成本管理、抖音）,供应链/物料/采购（物料管理、海外供应链）
J5450,智能产品测试经理,浙江亚特电器股份有限公司,嘉兴,3,软件测试（信号测试、安全测试）,—
J5451,品质主任(工作地点嘉善大云镇大道1897号),浙江昌飞科技有限公司,嘉兴,3,软件测试（信号测试、安全测试）,—
J5452,客户质量工程师,裕钦精密拉深技术(苏州)有限公司,嘉兴,3,软件测试（信号测试、安全测试）,—
J5453,产品测试工程师(985/211),浙江赛瑾半导体科技有限公司,嘉兴,3,软件测试（信号测试、安全测试）,—
J5454,质量主管,浙江野牛工具有限公司,嘉兴,0,制造业质量/检验（成本管理、抖音）,制造业质量/检验（图文平台、性能检测）
J5455,发动机测试工程师,浙江沧龙动力机械有限公司,嘉兴,3,软件测试（信号测试、安全测试）,—
J5456,压力容器质保工程师,浙江盛诚机械科技有限公司,嘉兴,0,制造业质量/检验（成本管理、抖音）,质量检验（qa、qc）
J5457,测试技术员,科锐尔人力资源服务(苏州)有限公司,嘉兴,3,软件测试（信号测试、安全测试）,—
J5458,SQE 工程师（驻场海宁・委外工厂）,英创人才服务(上海)有限公司,嘉兴,0,制造业质量/检验（成本管理、抖音）,制造业质量/检验（图文平台、性能检测）
J5459,部品质量工程师,尼得科精密部件(浙江)有限公司,嘉兴,3,软件测试（信号测试、安全测试）,—
J5460,质量经理,浙江泛达思驱动电气有限公司,嘉兴,0,制造业质量/检验（成本管理、抖音）,制造业质量/检验（图文平台、性能检测）
J5461,品质工程师(J10821),宁波德业科技股份有限公司,嘉兴,3,软件测试（信号测试、安全测试）,—
J5462,品保部总监,嘉兴市华严花边织造有限公司,嘉兴,0,制造业质量/检验（成本管理、抖音）,制造业质量/检验（图文平台、性能检测）
J5463,品质主管,奔轮新材料(嘉兴)股份有限公司,嘉兴,3,软件测试（信号测试、安全测试）,—
J5464,品质主管,嘉兴谊合精密五金机械有限公司,嘉兴,3,软件测试（信号测试、安全测试）,—
J5465,智联猎头-质量工程师,智联招聘,嘉兴,3,软件测试（信号测试、安全测试）,—
J5466,cqe客户质量工程师,浙江磁达电子科技有限公司,嘉兴,3,软件测试（信号测试、安全测试）,—
J5467,PQE品质工程师,日善电脑配件(嘉善)有限公司,嘉兴,3,软件测试（信号测试、安全测试）,—
J5468,质量经理,劢微机器人科技(深圳)有限公司,嘉兴,0,制造业质量/检验（成本管理、抖音）,质量检验（qa、qc）
J5469,质量工程师,昆山英业特电子科技有限公司,嘉兴,3,软件测试（信号测试、安全测试）,—
J5470,质量经理,浙江蚕缘家纺股份有限公司,嘉兴,0,制造业质量/检验（成本管理、抖音）,质量检验（qa、qc）
J5471,品保中级工程师-海外（英语）,宁波信泰机械有限公司,嘉兴,0,制造业质量/检验（成本管理、抖音）,制造业质量/检验（图文平台、性能检测）
J5472,pqe制程质量工程师（晶圆制造）,博瑞集信(西安)电子科技股份有限公司,嘉兴,3,软件测试（信号测试、安全测试）,—
J5473,质量工程师,浙江盛重新能源科技有限公司,嘉兴,3,软件测试（信号测试、安全测试）,—
J5474,品质管理,浙江万阳电子有限公司,嘉兴,3,软件测试（信号测试、安全测试）,—
J5475,质量主管,中创微(浙江)半导体科技有限公司,嘉兴,0,制造业质量/检验（成本管理、抖音）,质量检验（qa、qc）
J5476,PQE工程师（SMT+组包）,立铠精密科技(黄石)有限公司,嘉兴,0,制造业质量/检验（成本管理、抖音）,制造业质量/检验（图文平台、性能检测）
J5477,质量工程师,嘉兴鼎实机械制造股份有限公司,嘉兴,3,软件测试（信号测试、安全测试）,—
J5478,质量工程师,浙江东通光网物联科技有限公司,嘉兴,3,软件测试（信号测试、安全测试）,—
J5479,品质管理主管,浙江爱尔达实业有限公司,嘉兴,3,软件测试（信号测试、安全测试）,—
J5480,诚聘普工/操作工 月入7000,上海芯诣电子科技有限公司,嘉兴,0,制造业质量/检验（成本管理、抖音）,供应链/物料/采购（物料管理、海外供应链）
J5481,晶振质量经理-双休五险一金 提供食宿,浙江赛思电子科技股份有限公司,嘉兴,0,制造业质量/检验（成本管理、抖音）,制造业质量/检验（图文平台、性能检测）
J5482,质保部长（KPR）(J10177),浙江宏利汽配集团有限公司,嘉兴,0,制造业质量/检验（成本管理、抖音）,制造业质量/检验（图文平台、性能检测）
J5483,PQE工程师/资深工程师,浙江友山新材料科技有限公司,嘉兴,0,制造业质量/检验（成本管理、抖音）,制造业质量/检验（图文平台、性能检测）
J5484,pqe过程质量工程师,浙江东鸿电子股份有限公司,嘉兴,3,软件测试（信号测试、安全测试）,—
J5485,品质主管,浙江美力凯光电科技有限公司,嘉兴,3,软件测试（信号测试、安全测试）,—
J5486,质量工程师,浙江弘安纸业股份有限公司,嘉兴,3,软件测试（信号测试、安全测试）,—
J5487,品质部经理,日善电脑配件(嘉善)有限公司,嘉兴,3,软件测试（信号测试、安全测试）,—
J5488,前期质量工程师,宜兰汽车配件制造（平湖）有限公司,嘉兴,3,软件测试（信号测试、安全测试）,—
J5489,整机综合测试员,魔研匠造(浙江)科技有限公司,嘉兴,3,软件测试（信号测试、安全测试）,—
J5490,DQE工程师（园林工具）,浙江亚特电器股份有限公司,嘉兴,0,制造业质量/检验（成本管理、抖音）,制造业质量/检验（图文平台、性能检测）
J5491,质量工程师,浙江赛瑾半导体科技有限公司,嘉兴,3,软件测试（信号测试、安全测试）,—
J5492,超低温实验室实验员（阀门测试方向）,瑟维斯泵阀制造(浙江)有限公司,嘉兴,3,软件测试（信号测试、安全测试）,—
J5493,质量经理,安闻科技集团股份有限公司,嘉兴,0,制造业质量/检验（成本管理、抖音）,制造业质量/检验（图文平台、性能检测）
J5494,品质主管,海宁诚欣塑业股份有限公司,嘉兴,3,软件测试（信号测试、安全测试）,—
J5495,品质工程师,科谟(浙江)新材料科技有限公司,嘉兴,3,软件测试（信号测试、安全测试）,—
J5496,生产质量保证 (MJ013619),正泰电气股份有限公司,嘉兴,0,制造业质量/检验（成本管理、抖音）,制造业质量/检验（图文平台、性能检测）
J5497,品控/品质主管,浙江多元纺织科技(集团)有限公司,嘉兴,3,软件测试（信号测试、安全测试）,—
J5498,分析测试员,美馨卫生用品有限公司,嘉兴,3,软件测试（信号测试、安全测试）,—
J5499,质量主管,泛亚生物医药股份有限公司,嘉兴,0,制造业质量/检验（成本管理、抖音）,质量检验（qa、qc）
J5500,品质主管（英语）,宁波信泰机械有限公司,嘉兴,3,软件测试（信号测试、安全测试）,—
J5501,资深质量工程师,浙江前程照明有限公司,嘉兴,3,软件测试（信号测试、安全测试）,—
J5502,制程质量工程师,圣奥科技股份有限公司,嘉兴,3,软件测试（信号测试、安全测试）,—
J5503,质量改善专业工程师,浙江友山新材料科技有限公司,嘉兴,0,制造业质量/检验（成本管理、抖音）,制造业质量/检验（图文平台、性能检测）
J5504,pqe质量工程师,绍兴德汇半导体材料有限公司,嘉兴,3,软件测试（信号测试、安全测试）,—
J5505,质量工程师,金盘电气集团(上海)有限公司,嘉兴,3,软件测试（信号测试、安全测试）,—
J5506,PQE 过程质量工程师,长春佛吉亚公司,嘉兴,3,软件测试（信号测试、安全测试）,—
J5507,OEM质量工程师,浙江弘安纸业股份有限公司,嘉兴,3,软件测试（信号测试、安全测试）,—
J5508,品质工程师,日善电脑配件(嘉善)有限公司,嘉兴,3,软件测试（信号测试、安全测试）,—
J5509,生产测试主管（急招）,上海芯诣电子科技有限公司,嘉兴,3,软件测试（信号测试、安全测试）,—
J5510,CQE客户质量科长（SMT行业）,上海良幸商务咨询有限公司,嘉兴,0,制造业质量/检验（成本管理、抖音）,制造业质量/检验（图文平台、性能检测）
J5511,质量主管,浙江存余电气科技有限公司,嘉兴,0,制造业质量/检验（成本管理、抖音）,制造业质量/检验（图文平台、性能检测）
J5512,PQE质量工程师,浙江联超光电有限公司,嘉兴,3,软件测试（信号测试、安全测试）,—
J5513,【ST2611】PQE质量工程师,国科光芯(海宁)科技股份有限公司,嘉兴,3,软件测试（信号测试、安全测试）,—
J5514,品质组长,海宁诚欣塑业股份有限公司,嘉兴,3,软件测试（信号测试、安全测试）,—
J5515,品质工程师,浙江格罗瑞实业股份有限公司,嘉兴,3,软件测试（信号测试、安全测试）,—
J5516,品质主管,鸥哈希化学(上海)贸易有限公司,嘉兴,3,软件测试（信号测试、安全测试）,—
J5517,品质主管,海宁博华照明电器有限公司,嘉兴,3,软件测试（信号测试、安全测试）,—
J5518,新能源动力总成测试工程师(J10434),浙江宏利汽配集团有限公司,嘉兴,3,软件测试（信号测试、安全测试）,—
J5519,实验员(J10197),北京朗视仪器股份有限公司,嘉兴,0,制造业质量/检验（成本管理、抖音）,制造业质量/检验（图文平台、性能检测）
J5520,生产质量保证 (MJ013994),正泰新能源,嘉兴,0,制造业质量/检验（成本管理、抖音）,数据/统计分析（数据建模、统计学）
J5521,磷酸铁锂品质副部长（派驻）,浙江友山新材料科技有限公司,嘉兴,3,软件测试（信号测试、安全测试）,—
J5522,品保经理（海外委培）,宁波信泰机械有限公司,嘉兴,0,制造业质量/检验（成本管理、抖音）,制造业质量/检验（图文平台、性能检测）
J5523,质量总监,浙江盛重新能源科技有限公司,嘉兴,0,制造业质量/检验（成本管理、抖音）,制造业质量/检验（图文平台、性能检测）
J5524,QPM工程师,立讯电子科技(昆山)有限公司,嘉兴,0,制造业质量/检验（成本管理、抖音）,数据/统计分析（数据建模、统计学）
J5525,质量工程师,天津江锡智能科技有限公司,嘉兴,3,软件测试（信号测试、安全测试）,—
J5526,cqe客户质量工程师,朗松珂利(上海)仪器仪表有限公司,嘉兴,3,软件测试（信号测试、安全测试）,—
J5527,质量经理,浙江汇通电气有限公司,嘉兴,0,制造业质量/检验（成本管理、抖音）,制造业质量/检验（图文平台、性能检测）
J5528,生产测试技术员【包吃住】,科锐尔人力资源服务(苏州)有限公司,嘉兴,3,软件测试（信号测试、安全测试）,—
J5529,质量经理/主管（晶圆制造）,博瑞集信(西安)电子科技股份有限公司,嘉兴,0,制造业质量/检验（成本管理、抖音）,质量检验（qa、qc）
J5530,半导体封装工艺与可靠性测试工程师,浙江信汇新材料股份有限公司,嘉兴,3,软件测试（信号测试、安全测试）,—
J5531,品质主管,嘉兴福可吉精密机械有限公司,嘉兴,3,软件测试（信号测试、安全测试）,—
J5532,【ST2604】晶圆测试负责人,国科光芯(海宁)科技股份有限公司,嘉兴,3,软件测试（信号测试、安全测试）,—
J5533,QE品质工程师,日善电脑配件(嘉善)有限公司,嘉兴,3,软件测试（信号测试、安全测试）,—
J5534,纤维成分测试工程师,浙江为华检测技术服务有限公司,嘉兴,3,软件测试（信号测试、安全测试）,—
J5535,KA质量副经理,浙江今味生物技术有限公司,嘉兴,0,制造业质量/检验（成本管理、抖音）,制造业质量/检验（图文平台、性能检测）
J5536,品质主管（滤光片方向）,浙江联超光电有限公司,嘉兴,3,软件测试（信号测试、安全测试）,—
J5537,食品品控主管,上海味创香料有限公司,嘉兴,0,制造业质量/检验（成本管理、抖音）,质量检验（qa、qc）
J5538,质量主管,特力佳（天津）风电设备零部件有限公司,嘉兴,0,制造业质量/检验（成本管理、抖音）,制造业质量/检验（图文平台、性能检测）
J5539,招聘技工 月入5000,长春市宇创数字汽车科技有限责任公司,嘉兴,0,制造业质量/检验（成本管理、抖音）,制造业质量/检验（图文平台、性能检测）
J5540,压电器件研发及测试工程师,乌镇实验室,嘉兴,3,软件测试（信号测试、安全测试）,—
J5541,外资著名汽车电子巨头-PQE质量科长（SMT）,上海良幸商务咨询有限公司,嘉兴,0,制造业质量/检验（成本管理、抖音）,制造业质量/检验（图文平台、性能检测）
J5542,质量创新主管工程师,浙江友山新材料科技有限公司,嘉兴,0,制造业质量/检验（成本管理、抖音）,制造业质量/检验（图文平台、性能检测）
J5543,新能源动力总成测试技师(J10433),浙江宏利汽配集团有限公司,嘉兴,3,软件测试（信号测试、安全测试）,—
J5544,研发骨干工程师（光通信测试仪表）,上海光维通信技术股份有限公司,嘉兴,3,软件测试（信号测试、安全测试）,—
J5545,品质副经理（纺织 / 染整行业）,浙江亦阳新材料有限公司,嘉兴,3,软件测试（信号测试、安全测试）,—
J5546,质量经理,泛亚生物医药股份有限公司,嘉兴,0,制造业质量/检验（成本管理、抖音）,质量检验（qa、qc）
J5547,pqe产品质量工程师,天津江锡智能科技有限公司,嘉兴,3,软件测试（信号测试、安全测试）,—
J5548,波峰焊治具测试治具工程,嘉善瑾艺电子有限公司,嘉兴,3,软件测试（信号测试、安全测试）,—
J5549,SMT测试高级工程师（主管）,立铠精密科技(黄石)有限公司,嘉兴,3,软件测试（信号测试、安全测试）,—
J5550,自动化设备/测试设备维护8.5-13k （长期稳定，…,苏州智汇人才服务集团有限公司,嘉兴,3,软件测试（信号测试、安全测试）,—
J5551,环境可靠性检测员,浙江科路数据科技有限公司,嘉兴,0,制造业质量/检验（成本管理、抖音）,制造业质量/检验（图文平台、性能检测）
J5552,半导体助理工程师,上海汤申半导体科技有限公司,嘉兴,0,制造业质量/检验（成本管理、抖音）,制造业质量/检验（图文平台、性能检测）
J5553,qpm质量项目管理,日善电脑配件(嘉善)有限公司,嘉兴,6,产品/项目管理（国内市场、需求分析）,—
J5554,质量经理,宁波信泰机械有限公司,嘉兴,0,制造业质量/检验（成本管理、抖音）,质量检验（qa、qc）
J5555,质量主管,安闻科技集团股份有限公司,嘉兴,0,制造业质量/检验（成本管理、抖音）,制造业质量/检验（图文平台、性能检测）
J5556,cqe客户质量工程师,绍兴德汇半导体材料有限公司,嘉兴,3,软件测试（信号测试、安全测试）,—
J5557,可靠度实验室设备专员,立讯智造(浙江)有限公司,嘉兴,0,制造业质量/检验（成本管理、抖音）,制造业质量/检验（图文平台、性能检测）
J5558,检测员,浙江聚森检测科技有限公司嘉兴第一分公司,嘉兴,0,制造业质量/检验（成本管理、抖音）,制造业质量/检验（图文平台、性能检测）
J5559,光谱与核磁共振技术岗,上海交通大学桐乡高等研究院,嘉兴,0,制造业质量/检验（成本管理、抖音）,制造业质量/检验（图文平台、性能检测）
J5560,研发助理工程师（工作地：浙江嘉善）,浙江旗声电子科技股份有限公司,嘉兴,0,制造业质量/检验（成本管理、抖音）,制造业质量/检验（图文平台、性能检测）
J5561,试验技师,灵思泰恪(浙江)科技有限公司,嘉兴,0,制造业质量/检验（成本管理、抖音）,制造业质量/检验（图文平台、性能检测）
J5562,检测员,浙江友山新材料科技有限公司,嘉兴,0,制造业质量/检验（成本管理、抖音）,制造业质量/检验（图文平台、性能检测）
J5563,自动化项目管理工程师,立讯电子科技(昆山)有限公司,嘉兴,6,产品/项目管理（国内市场、需求分析）,—
J5564,iqc质检员,欣奕华,嘉兴,0,制造业质量/检验（成本管理、抖音）,供应链/物料/采购（物料管理、海外供应链）
J5565,机械技术助理,浙江可正汽车科技有限公司,嘉兴,0,制造业质量/检验（成本管理、抖音）,电子/半导体/设备（测试、自动化设计）
J5566,检验员,永锦电容器有限公司,嘉兴,0,制造业质量/检验（成本管理、抖音）,制造业质量/检验（图文平台、性能检测）
J5567,质检员,海德罗航空设备(北京)有限公司,嘉兴,0,制造业质量/检验（成本管理、抖音）,供应链/物料/采购（物料管理、海外供应链）
J5568,质检员,浙江纪堂科技有限公司,嘉兴,0,制造业质量/检验（成本管理、抖音）,供应链/物料/采购（物料管理、海外供应链）
J5569,质检员（电动工具）,杭州巨星科技股份有限公司,嘉兴,0,制造业质量/检验（成本管理、抖音）,制造业质量/检验（图文平台、性能检测）
J5570,质检员IQC/OQC,上海芯诣电子科技有限公司,嘉兴,0,制造业质量/检验（成本管理、抖音）,制造业质量/检验（图文平台、性能检测）
J5571,品检员,浙江环世创新材料有限公司,嘉兴,0,制造业质量/检验（成本管理、抖音）,制造业质量/检验（图文平台、性能检测）
J5572,高压试验工程师,浙江晶阳机电股份有限公司,嘉兴,0,制造业质量/检验（成本管理、抖音）,供应链/物料/采购（物料管理、海外供应链）
J5573,精测员,浙江宏利汽配集团有限公司,嘉兴,0,制造业质量/检验（成本管理、抖音）,制造业质量/检验（图文平台、性能检测）
J5574,自动化工程师(电气方向)(RD34),浙江宇视科技有限公司,嘉兴,0,制造业质量/检验（成本管理、抖音）,电子/半导体/设备（测试、自动化设计）
J5575,品保中级工程师,宁波信泰机械有限公司,嘉兴,0,制造业质量/检验（成本管理、抖音）,制造业质量/检验（图文平台、性能检测）
J5576,DQE工程师,浙江联超光电有限公司,嘉兴,0,制造业质量/检验（成本管理、抖音）,制造业质量/检验（图文平台、性能检测）
J5577,质量经理,浙江存余电气科技有限公司,嘉兴,0,制造业质量/检验（成本管理、抖音）,制造业质量/检验（图文平台、性能检测）
J5578,自动化调试工程师/包吃住，五险,河南神豪人力资源服务有限公司,嘉兴,0,制造业质量/检验（成本管理、抖音）,电子/半导体/设备（测试、自动化设计）
J5579,电子研发工程师,嘉兴军胜电子科技有限公司,嘉兴,0,制造业质量/检验（成本管理、抖音）,制造业质量/检验（图文平台、性能检测）
J5580,电子工程师,美弗莱克斯控制系统(嘉兴)有限公司,嘉兴,0,制造业质量/检验（成本管理、抖音）,制造业质量/检验（图文平台、性能检测）
J5581,软体家具QA,上海万木生源家居有限公司,嘉兴,3,软件测试（信号测试、安全测试）,—
J5582,高压电气试验工程师/技术员,国科京禾能服科技(浙江)有限公司,嘉兴,0,制造业质量/检验（成本管理、抖音）,电子/半导体/设备（测试、自动化设计）
J5583,研发助理工程师（会韩语）,浙江旗声电子科技股份有限公司,嘉兴,0,制造业质量/检验（成本管理、抖音）,制造业质量/检验（图文平台、性能检测）
J5584,成品出货检验员,科东自动化科技(嘉善)有限公司,嘉兴,0,制造业质量/检验（成本管理、抖音）,制造业质量/检验（图文平台、性能检测）
J5585,DCS工程师(J10847),振石控股集团,嘉兴,0,制造业质量/检验（成本管理、抖音）,电子/半导体/设备（测试、自动化设计）
J5586,机械工程师,嘉兴昭元科技有限公司,嘉兴,0,制造业质量/检验（成本管理、抖音）,电子/半导体/设备（测试、自动化设计）
J5587,信息维护/网络运维,嘉兴荟萃商业经营管理有限公司,嘉兴,1,运维/云与网络（分布式电站、空调工程）,—
J5588,网络运维员,嘉兴锦明传动科技有限公司,嘉兴,1,运维/云与网络（分布式电站、空调工程）,—
J5589,储能运维值班员,浙江易能数智科技有限公司,嘉兴,1,运维/云与网络（分布式电站、空调工程）,—
J5590,数据中心值班长(浙江嘉兴),润建股份,嘉兴,0,制造业质量/检验（成本管理、抖音）,制造业质量/检验（图文平台、性能检测）
J5591,设备运维工程师,日善电脑配件(嘉善)有限公司,嘉兴,1,运维/云与网络（分布式电站、空调工程）,—
J5592,运维工程师 (MJ014052),正泰新能源,嘉兴,1,运维/云与网络（分布式电站、空调工程）,—
J5593,IT运维操作岗,北京亚康智算科技有限公司,嘉兴,1,运维/云与网络（分布式电站、空调工程）,—
J5594,电厂值长,深圳市新旗滨科技有限公司,嘉兴,0,制造业质量/检验（成本管理、抖音）,制造业质量/检验（图文平台、性能检测）
J5595,新能源运维工程师,陕西华隆兴新基建科技有限公司,嘉兴,1,运维/云与网络（分布式电站、空调工程）,—
J5596,污水运维人员,苏州睿佳净化设备有限公司,嘉兴,1,运维/云与网络（分布式电站、空调工程）,—
J5597,光伏运维专员（浙江-嘉兴项目）,兴正伟科技控股集团有限公司,嘉兴,1,运维/云与网络（分布式电站、空调工程）,—
J5598,运维工程师（嘉兴）,特来电新能源股份有限公司,嘉兴,1,运维/云与网络（分布式电站、空调工程）,—
J5599,嘉善驻厂运维工程师,成都蜀云物连科技有限公司,嘉兴,1,运维/云与网络（分布式电站、空调工程）,—
J5600,水站运维工程师,厦门隆力德环境技术开发有限公司,嘉兴,1,运维/云与网络（分布式电站、空调工程）,—
J5601,实施运维工程师,精基科技有限公司,嘉兴,1,运维/云与网络（分布式电站、空调工程）,—
J5602,IT桌面运维,联想云领(成都)科技有限公司,嘉兴,1,运维/云与网络（分布式电站、空调工程）,—
J5603,设备运维专员,合肥曦合超导科技股份有限公司,嘉兴,1,运维/云与网络（分布式电站、空调工程）,—
J5604,设备运维工程师,圆通速递有限公司,嘉兴,1,运维/云与网络（分布式电站、空调工程）,—
J5605,光伏运维工程师,国科京禾能服科技(浙江)有限公司,嘉兴,1,运维/云与网络（分布式电站、空调工程）,—
J5606,光储运维工程师,河北金风电控设备有限公司,嘉兴,1,运维/云与网络（分布式电站、空调工程）,—
J5607,光伏运维工程师,苏州汇起云企业管理咨询有限公司,嘉兴,1,运维/云与网络（分布式电站、空调工程）,—
J5608,桌面运维 (MJ014221),正泰电气股份有限公司,嘉兴,1,运维/云与网络（分布式电站、空调工程）,—
J5609,设备运维专员,浙江光禾智谷生态农业有限公司,嘉兴,1,运维/云与网络（分布式电站、空调工程）,—
J5610,系统运维工程师（工厂信息化/自动化）,和得科技(浙江)有限公司,嘉兴,1,运维/云与网络（分布式电站、空调工程）,—
J5611,网络安全运维工程师,中能汇科(南京)科技有限公司,嘉兴,1,运维/云与网络（分布式电站、空调工程）,—
J5612,新能源光伏风电运维师,六安岑禾科技有限公司,嘉兴,1,运维/云与网络（分布式电站、空调工程）,—
J5613,桌面运维工程师,宁波信泰机械有限公司,嘉兴,1,运维/云与网络（分布式电站、空调工程）,—
J5614,运维项目经理,浙江爱迪曼环保科技股份有限公司,嘉兴,1,运维/云与网络（分布式电站、空调工程）,—
J5615,自动化设备运维工程师,安徽源业自动化科技有限公司,嘉兴,1,运维/云与网络（分布式电站、空调工程）,—
J5616,变电站值班员,振石集团东方特钢有限公司,嘉兴,0,制造业质量/检验（成本管理、抖音）,制造业质量/检验（图文平台、性能检测）
J5617,技术支持工程师----桐乡岗,朗松珂利(上海)仪器仪表有限公司,嘉兴,0,制造业质量/检验（成本管理、抖音）,制造业质量/检验（图文平台、性能检测）
J5618,FAE（偏运维）,上海芯诣电子科技有限公司,嘉兴,1,运维/云与网络（分布式电站、空调工程）,—
J5619,空气站运维工程师,厦门隆力德环境技术开发有限公司,嘉兴,1,运维/云与网络（分布式电站、空调工程）,—
J5620,高效过滤器和碘吸附器调试领域负责人,浙江秦核新能核工程技术有限公司,嘉兴,0,制造业质量/检验（成本管理、抖音）,制造业质量/检验（图文平台、性能检测）
J5621,现场IT工程师,鼎欣汇智科技（北京）股份有限公司,嘉兴,0,制造业质量/检验（成本管理、抖音）,制造业质量/检验（图文平台、性能检测）
J5622,安防设备安装工程师,浙江亿诺交通科技有限公司,嘉兴,0,制造业质量/检验（成本管理、抖音）,制造业质量/检验（图文平台、性能检测）
J5623,网络工程师（津巴布韦）,浙江华友钴业股份有限公司,嘉兴,1,运维/云与网络（分布式电站、空调工程）,—
J5624,实施工程师,欣奕华,嘉兴,1,运维/云与网络（分布式电站、空调工程）,—
J5625,技术支持工程师,柯贝尔电能质量技术(上海)有限公司,嘉兴,0,制造业质量/检验（成本管理、抖音）,制造业质量/检验（图文平台、性能检测）
J5626,厂务工程师/技术员,浙江赛瑾半导体科技有限公司,嘉兴,0,制造业质量/检验（成本管理、抖音）,制造业质量/检验（图文平台、性能检测）
J5627,技术支持（嘉兴）,杭州容博教育科技有限公司,嘉兴,0,制造业质量/检验（成本管理、抖音）,供应链/物料/采购（物料管理、海外供应链）
J5628,光伏站长,国科京禾能服科技(浙江)有限公司,嘉兴,0,制造业质量/检验（成本管理、抖音）,制造业质量/检验（图文平台、性能检测）
J5629,招普工/操作工 五险一金,浙江彩皇精细化工有限公司,嘉兴,0,制造业质量/检验（成本管理、抖音）,供应链/物料/采购（物料管理、海外供应链）
J5630,设备维护工程师,成都蜀云物连科技有限公司,嘉兴,0,制造业质量/检验（成本管理、抖音）,制造业质量/检验（图文平台、性能检测）
J5631,MES开发工程师,日善电脑配件(嘉善)有限公司,嘉兴,4,后端开发（hibernate、linux开发）,—
J5632,急招电工,天津万御保安服务有限公司,嘉兴,0,制造业质量/检验（成本管理、抖音）,制造业质量/检验（图文平台、性能检测）
J5633,水质监测运维工程师,厦门隆力德环境技术开发有限公司,嘉兴,1,运维/云与网络（分布式电站、空调工程）,—
J5634,变电站正值/副值,振石集团东方特钢有限公司,嘉兴,0,制造业质量/检验（成本管理、抖音）,供应链/物料/采购（物料管理、海外供应链）
J5635,变电房高配值班电工（嘉兴南湖机场项目）,杭州极能科技有限公司,嘉兴,0,制造业质量/检验（成本管理、抖音）,制造业质量/检验（图文平台、性能检测）
J5636,嘉兴-提供住宿-桌面运维-周末双休,联想云领(成都)科技有限公司,嘉兴,1,运维/云与网络（分布式电站、空调工程）,—
J5637,运维项目经理（常驻温州苍南）,浙江爱迪曼环保科技股份有限公司,嘉兴,1,运维/云与网络（分布式电站、空调工程）,—
J5638,充电桩运维工程师（杭州、湖州、嘉兴）,特来电新能源股份有限公司,嘉兴,1,运维/云与网络（分布式电站、空调工程）,—
J5639,分布式光伏运维工程师,苏州汇起云企业管理咨询有限公司,嘉兴,1,运维/云与网络（分布式电站、空调工程）,—
J5640,设备运维工程师（厂务设备）,和得科技(浙江)有限公司,嘉兴,1,运维/云与网络（分布式电站、空调工程）,—
J5641,售后工程师,费莱(浙江)科技有限公司,嘉兴,0,制造业质量/检验（成本管理、抖音）,制造业质量/检验（图文平台、性能检测）
J5642,急招电工 月入7000（有房补）,浙江三君电力工程有限公司,嘉兴,0,制造业质量/检验（成本管理、抖音）,制造业质量/检验（图文平台、性能检测）
J5643,设备维护工程师（制药方向）,天津渤力石油化工科技有限公司杭州分公司,嘉兴,0,制造业质量/检验（成本管理、抖音）,电子/半导体/设备（测试、自动化设计）
J5644,储能PCS海外售后工程师（不坐班）,北京英博电气股份有限公司,嘉兴,0,制造业质量/检验（成本管理、抖音）,制造业质量/检验（图文平台、性能检测）
J5645,招聘电工 月入13000,合力光桥智慧科技(北京)有限公司,嘉兴,0,制造业质量/检验（成本管理、抖音）,制造业质量/检验（图文平台、性能检测）
J5646,设备工程师（电池 PACK）,珠海冠宇电池股份有限公司,嘉兴,0,制造业质量/检验（成本管理、抖音）,制造业质量/检验（图文平台、性能检测）
J5647,维保运营工程师,双环传动,嘉兴,0,制造业质量/检验（成本管理、抖音）,制造业质量/检验（图文平台、性能检测）
J5648,诚聘电工 底薪6000 五险,中科电墨智能科技(杭州)有限公司,嘉兴,0,制造业质量/检验（成本管理、抖音）,制造业质量/检验（图文平台、性能检测）
J5649,招电工 月入6000,杭州越海电力工程技术有限公司,嘉兴,0,制造业质量/检验（成本管理、抖音）,制造业质量/检验（图文平台、性能检测）
J5650,变电站值班员,振石集团东方特钢有限公司,嘉兴,0,制造业质量/检验（成本管理、抖音）,制造业质量/检验（图文平台、性能检测）
J5651,设备技术员,宁波信泰机械有限公司,嘉兴,0,制造业质量/检验（成本管理、抖音）,制造业质量/检验（图文平台、性能检测）
J5652,诚招电工 月入6000（包住）,天津万御保安服务有限公司,嘉兴,0,制造业质量/检验（成本管理、抖音）,制造业质量/检验（图文平台、性能检测）
J5653,继电保护调试工程师/技术员,国科京禾能服科技(浙江)有限公司,嘉兴,0,制造业质量/检验（成本管理、抖音）,制造业质量/检验（图文平台、性能检测）
J5654,实施交付中级工程师 — MES,宁波信泰机械有限公司,嘉兴,1,运维/云与网络（分布式电站、空调工程）,—
J5655,erp运维工程师,精基科技有限公司,嘉兴,1,运维/云与网络（分布式电站、空调工程）,—
J5656,数据分析岗【国企内勤非销售正式编】,新华人寿保险股份有限公司浙江分公司,嘉兴,2,数据分析/BI（数仓开发、kettle）,—
J5657,嘉兴话数据标注,安徽百得思维信息科技有限公司,嘉兴,0,制造业质量/检验（成本管理、抖音）,制造业质量/检验（图文平台、性能检测）
J5658,统计分析员-嘉兴,泰格医药,嘉兴,0,制造业质量/检验（成本管理、抖音）,数据/统计分析（数据建模、统计学）
J5659,报告数据录入,浙江东方绿谷检测技术有限公司,嘉兴,0,制造业质量/检验（成本管理、抖音）,制造业质量/检验（图文平台、性能检测）
J5660,统计员,浙江焕美科技有限公司,嘉兴,0,制造业质量/检验（成本管理、抖音）,数据/统计分析（数据建模、统计学）
J5661,数据处理小能手文职无压力,山西省综改示范区法瑞科技有限公司,嘉兴,0,制造业质量/检验（成本管理、抖音）,制造业质量/检验（图文平台、性能检测）
J5662,财务数据分析,斯达半导,嘉兴,2,数据分析/BI（数仓开发、kettle）,—
J5663,物料管理,长春市宇创数字汽车科技有限责任公司,嘉兴,0,制造业质量/检验（成本管理、抖音）,供应链/物料/采购（物料管理、海外供应链）
J5664,统计员（印尼）,华友控股集团有限公司,嘉兴,0,制造业质量/检验（成本管理、抖音）,制造业质量/检验（图文平台、性能检测）
J5665,投放助理,嘉兴云栖文化传媒有限公司,嘉兴,0,制造业质量/检验（成本管理、抖音）,制造业质量/检验（图文平台、性能检测）
J5666,国内电商运营,桐乡市梓希家纺有限公司,嘉兴,0,制造业质量/检验（成本管理、抖音）,供应链/物料/采购（物料管理、海外供应链）
J5667,统计分析员-漯河,泰格医药,嘉兴,0,制造业质量/检验（成本管理、抖音）,数据/统计分析（数据建模、统计学）
J5668,天猫助理/运营,浙江诸老大食品贸易有限公司,嘉兴,0,制造业质量/检验（成本管理、抖音）,制造业质量/检验（图文平台、性能检测）
J5669,助理统计编程师,广东杰纳医药科技有限公司,嘉兴,0,制造业质量/检验（成本管理、抖音）,制造业质量/检验（图文平台、性能检测）
J5670,来料检验工程师,圣奥科技股份有限公司,嘉兴,0,制造业质量/检验（成本管理、抖音）,质量检验（qa、qc）
J5671,质验员,嘉兴市广杰塑业股份有限公司,嘉兴,0,制造业质量/检验（成本管理、抖音）,制造业质量/检验（图文平台、性能检测）
J5672,物业主管,浙江智想大成物业服务集团有限公司科技城分公司,嘉兴,0,制造业质量/检验（成本管理、抖音）,制造业质量/检验（图文平台、性能检测）
J5673,综合事务专员（经营分析/项目管理方向）,沃尔德,嘉兴,6,产品/项目管理（国内市场、需求分析）,—
J5674,一件代发,绍兴贝瑞果业有限公司,嘉兴,0,制造业质量/检验（成本管理、抖音）,供应链/物料/采购（物料管理、海外供应链）
J5675,车间生产文员,高富高新材料(浙江)有限公司,嘉兴,0,制造业质量/检验（成本管理、抖音）,供应链/物料/采购（物料管理、海外供应链）
J5676,酯化工艺员,新凤鸣集团,嘉兴,0,制造业质量/检验（成本管理、抖音）,制造业质量/检验（图文平台、性能检测）
J5677,医院客服5K-7K（嘉兴）,杭州人民口腔医院集团有限公司,嘉兴,0,制造业质量/检验（成本管理、抖音）,供应链/物料/采购（物料管理、海外供应链）
J5678,统计助理,浙江中铭会计师事务所有限公司,嘉兴,0,制造业质量/检验（成本管理、抖音）,数据/统计分析（数据建模、统计学）
J5679,生产跟单,宁波信泰机械有限公司,嘉兴,0,制造业质量/检验（成本管理、抖音）,制造业质量/检验（图文平台、性能检测）
J5680,农产品现货交易员,嘉兴市秀洲区新城街道茗期汇茶叶商行(个体工商户),嘉兴,6,产品/项目管理（国内市场、需求分析）,—
J5681,车间线长,奥的斯电梯(中国)有限公司,嘉兴,0,制造业质量/检验（成本管理、抖音）,制造业质量/检验（图文平台、性能检测）
J5682,需求计划,宁波凯耀电器制造有限公司,嘉兴,0,制造业质量/检验（成本管理、抖音）,供应链/物料/采购（物料管理、海外供应链）
J5683,设计高级工程师,浙江众凌科技有限公司,嘉兴,0,制造业质量/检验（成本管理、抖音）,制造业质量/检验（图文平台、性能检测）
J5684,统计编程师,广东杰纳医药科技有限公司,嘉兴,0,制造业质量/检验（成本管理、抖音）,制造业质量/检验（图文平台、性能检测）
J5685,跨境电商运营,嘉善安鸿汇贸易商行(个体工商户),嘉兴,0,制造业质量/检验（成本管理、抖音）,制造业质量/检验（图文平台、性能检测）
J5686,胶黏剂研发工程师,浙江纪堂科技有限公司,嘉兴,0,制造业质量/检验（成本管理、抖音）,制造业质量/检验（图文平台、性能检测）
J5687,2027届实习生,振石集团东方特钢有限公司,嘉兴,0,制造业质量/检验（成本管理、抖音）,制造业质量/检验（图文平台、性能检测）
J5688,质量经理,嘉兴市安尼拓电气有限公司,嘉兴,0,制造业质量/检验（成本管理、抖音）,算法/AI 应用（tensorflow、vit）
J5689,报告专员,立讯智造(浙江)有限公司,嘉兴,0,制造业质量/检验（成本管理、抖音）,算法/AI 应用（tensorflow、vit）
J5690,生产计划员,浙江欧迪恩传动科技股份有限公司,嘉兴,0,制造业质量/检验（成本管理、抖音）,制造业质量/检验（图文平台、性能检测）
J5691,品类运营,桐乡市濮院谦巽西餐厅(个体工商户),嘉兴,0,制造业质量/检验（成本管理、抖音）,制造业质量/检验（图文平台、性能检测）
J5692,产品试验 (MJ014630),正泰电气股份有限公司,嘉兴,6,产品/项目管理（国内市场、需求分析）,—
J5693,pmc生产计划员（单双休）,明新旭腾,嘉兴,0,制造业质量/检验（成本管理、抖音）,供应链/物料/采购（物料管理、海外供应链）
J5694,综合行政后勤专员,青岛凯盛浩丰智慧农业科技有限公司,嘉兴,0,制造业质量/检验（成本管理、抖音）,制造业质量/检验（图文平台、性能检测）
J5695,机械设备经理,精基科技有限公司,嘉兴,0,制造业质量/检验（成本管理、抖音）,制造业质量/检验（图文平台、性能检测）
J5696,经营管理主管,华友控股集团有限公司,嘉兴,0,制造业质量/检验（成本管理、抖音）,供应链/物料/采购（物料管理、海外供应链）
J5697,市场活动专员,威格(中国)仪表有限公司,嘉兴,0,制造业质量/检验（成本管理、抖音）,供应链/物料/采购（物料管理、海外供应链）
J5698,土耳其倒班工艺（湿法、高温、镀膜、丝网）,正泰新能科技股份有限公司,嘉兴,0,制造业质量/检验（成本管理、抖音）,供应链/物料/采购（物料管理、海外供应链）
J5699,储备干部,平湖市景兴包装材料有限公司,嘉兴,0,制造业质量/检验（成本管理、抖音）,制造业质量/检验（图文平台、性能检测）
J5700,冲压工艺员（接受应届毕业生）,嘉兴唯创五金股份有限公司,嘉兴,0,制造业质量/检验（成本管理、抖音）,制造业质量/检验（图文平台、性能检测）
J5701,投放专员-接受小白,嘉兴云栖文化传媒有限公司,嘉兴,0,制造业质量/检验（成本管理、抖音）,制造业质量/检验（图文平台、性能检测）
J5702,跨境电商选品开发,嘉兴市耘诚进出口有限公司,嘉兴,0,制造业质量/检验（成本管理、抖音）,制造业质量/检验（图文平台、性能检测）
J5703,社群运营,桐乡市恒学品牌管理有限公司,嘉兴,0,制造业质量/检验（成本管理、抖音）,制造业质量/检验（图文平台、性能检测）
J5704,财务BP（经营分析）,兴土桥梁,嘉兴,0,制造业质量/检验（成本管理、抖音）,供应链/物料/采购（物料管理、海外供应链）
J5705,数据管理员（BOM）,宁波信泰机械有限公司,嘉兴,0,制造业质量/检验（成本管理、抖音）,制造业质量/检验（图文平台、性能检测）
J5706,购物中心招商营运经理,嘉兴荟萃商业经营管理有限公司,嘉兴,0,制造业质量/检验（成本管理、抖音）,制造业质量/检验（图文平台、性能检测）
J5707,市场分析员,卫星化学股份有限公司,嘉兴,0,制造业质量/检验（成本管理、抖音）,制造业质量/检验（图文平台、性能检测）
J5708,智联猎头-涂层工程师,智联招聘,嘉兴,0,制造业质量/检验（成本管理、抖音）,制造业质量/检验（图文平台、性能检测）
J5709,总经理助理,浙江京兰环保科技有限公司,嘉兴,0,制造业质量/检验（成本管理、抖音）,制造业质量/检验（图文平台、性能检测）
J5710,业务品质初核岗,中国大地财产保险股份有限公司浙江分公司,嘉兴,3,软件测试（信号测试、安全测试）,—
J5711,针织面料工程师,宏达高科,嘉兴,0,制造业质量/检验（成本管理、抖音）,制造业质量/检验（图文平台、性能检测）
J5712,工艺工程师,浙江科博达工业有限公司,嘉兴,0,制造业质量/检验（成本管理、抖音）,制造业质量/检验（图文平台、性能检测）
J5713,食品研发助理,浙江诸老大食品贸易有限公司,嘉兴,0,制造业质量/检验（成本管理、抖音）,制造业质量/检验（图文平台、性能检测）
J5714,财务分析统计员,嘉兴奥兹化工有限公司,嘉兴,0,制造业质量/检验（成本管理、抖音）,供应链/物料/采购（物料管理、海外供应链）
J5715,项目经理,尼得科艾莱希斯电子(浙江)有限公司,嘉兴,6,产品/项目管理（国内市场、需求分析）,—
J5716,质量创新主管工程师,浙江友山新材料科技有限公司,嘉兴,0,制造业质量/检验（成本管理、抖音）,供应链/物料/采购（物料管理、海外供应链）
J5717,2027校招-研发/工艺工程师（博士）(J11238),振石控股集团,嘉兴,0,制造业质量/检验（成本管理、抖音）,制造业质量/检验（图文平台、性能检测）
J5718,市场专员,浙江桐舜科技发展有限公司,嘉兴,0,制造业质量/检验（成本管理、抖音）,制造业质量/检验（图文平台、性能检测）
J5719,经管专员,日善电脑配件(嘉善)有限公司,嘉兴,0,制造业质量/检验（成本管理、抖音）,供应链/物料/采购（物料管理、海外供应链）
J5720,总助兼人事,海宁博华照明电器有限公司,嘉兴,0,制造业质量/检验（成本管理、抖音）,供应链/物料/采购（物料管理、海外供应链）
J5721,销管主管(J10820),宁波德业科技股份有限公司,嘉兴,0,制造业质量/检验（成本管理、抖音）,制造业质量/检验（图文平台、性能检测）
J5722,绩效专员,浙江柔震科技有限公司,嘉兴,0,制造业质量/检验（成本管理、抖音）,制造业质量/检验（图文平台、性能检测）
J5723,交付专员,宁波信泰机械有限公司,嘉兴,0,制造业质量/检验（成本管理、抖音）,制造业质量/检验（图文平台、性能检测）
J5724,科研助理（智能装备中心）,浙江清华长三角研究院,嘉兴,0,制造业质量/检验（成本管理、抖音）,供应链/物料/采购（物料管理、海外供应链）
J5725,运营专员,嘉兴市美嘉机电有限公司,嘉兴,0,制造业质量/检验（成本管理、抖音）,制造业质量/检验（图文平台、性能检测）
J5726,生管/工艺工程师,浙江绿龙新材料有限公司,嘉兴,0,制造业质量/检验（成本管理、抖音）,制造业质量/检验（图文平台、性能检测）
J5727,浙江省嘉兴市区域经理,广东轻上生物科技有限公司,嘉兴,0,制造业质量/检验（成本管理、抖音）,制造业质量/检验（图文平台、性能检测）
J5728,研磨工艺工程师,沃尔德,嘉兴,0,制造业质量/检验（成本管理、抖音）,供应链/物料/采购（物料管理、海外供应链）
J5729,组装工艺工程师-欣威电子（金华）,欣旺达电子,嘉兴,0,制造业质量/检验（成本管理、抖音）,供应链/物料/采购（物料管理、海外供应链）
J5730,10000+销售助理！朝八点半晚五+周末双休,首习选聘(山东)网络科技有限公司,嘉兴,0,制造业质量/检验（成本管理、抖音）,制造业质量/检验（图文平台、性能检测）
J5731,销售文案部助理,赫德碳素材料(浙江)有限公司,嘉兴,0,制造业质量/检验（成本管理、抖音）,制造业质量/检验（图文平台、性能检测）
J5732,计划员,宁波信泰机械有限公司,嘉兴,0,制造业质量/检验（成本管理、抖音）,制造业质量/检验（图文平台、性能检测）
J5733,材料开发资深工程师,浙江众凌科技有限公司,嘉兴,0,制造业质量/检验（成本管理、抖音）,制造业质量/检验（图文平台、性能检测）
J5734,码头调度员,振石集团东方特钢有限公司,嘉兴,0,制造业质量/检验（成本管理、抖音）,制造业质量/检验（图文平台、性能检测）
J5735,生产统计员-浙江莎布蕾,嘉兴友享食品有限公司,嘉兴,0,制造业质量/检验（成本管理、抖音）,供应链/物料/采购（物料管理、海外供应链）
J5736,行政主管,圆通速递有限公司,嘉兴,0,制造业质量/检验（成本管理、抖音）,制造业质量/检验（图文平台、性能检测）
J5737,SMT工艺工程师,上海良幸商务咨询有限公司,嘉兴,0,制造业质量/检验（成本管理、抖音）,制造业质量/检验（图文平台、性能检测）
J5738,招商经理,镇江八佰伴商业管理有限公司,嘉兴,0,制造业质量/检验（成本管理、抖音）,制造业质量/检验（图文平台、性能检测）
J5739,仓库综合文员,浙江嘉和新材料股份有限公司,嘉兴,0,制造业质量/检验（成本管理、抖音）,制造业质量/检验（图文平台、性能检测）
J5740,营销助理（海宁地区）,浙江宝井精密钢材科技有限公司,嘉兴,0,制造业质量/检验（成本管理、抖音）,制造业质量/检验（图文平台、性能检测）
J5741,招商总监,智联猎头,嘉兴,0,制造业质量/检验（成本管理、抖音）,制造业质量/检验（图文平台、性能检测）
J5742,文员,明迈智能科技股份有限公司,嘉兴,0,制造业质量/检验（成本管理、抖音）,供应链/物料/采购（物料管理、海外供应链）
J5743,销售助理,嘉兴雅博电器有限公司,嘉兴,0,制造业质量/检验（成本管理、抖音）,制造业质量/检验（图文平台、性能检测）
J5744,采购工程师,锐仕方达人才科技集团有限公司,嘉兴,0,制造业质量/检验（成本管理、抖音）,制造业质量/检验（图文平台、性能检测）
J5745,材料分析工程师,浙江芥衡科技有限公司,嘉兴,0,制造业质量/检验（成本管理、抖音）,制造业质量/检验（图文平台、性能检测）
J5746,天猫运营/助理,浙江诸老大食品贸易有限公司,嘉兴,0,制造业质量/检验（成本管理、抖音）,制造业质量/检验（图文平台、性能检测）
J5747,生产计划/物料管理(PMC),浙江赛瑾半导体科技有限公司,嘉兴,0,制造业质量/检验（成本管理、抖音）,制造业质量/检验（图文平台、性能检测）
J5748,雷达硬件工程师,浙江大学滨海产业技术研究院,嘉兴,5,嵌入式/硬件（rtos、32位单片机）,—
J5749,质量分析员(J10402),中国巨石,嘉兴,0,制造业质量/检验（成本管理、抖音）,制造业质量/检验（图文平台、性能检测）
J5750,直营连锁餐饮店长,嘉兴市犇腾餐饮管理有限公司,嘉兴,0,制造业质量/检验（成本管理、抖音）,制造业质量/检验（图文平台、性能检测）
J5751,品保工程师/质量工程师,宁波信泰机械有限公司,嘉兴,3,软件测试（信号测试、安全测试）,—
J5752,高级库房物流专员（物流主管）,拓荆键科(海宁)半导体设备有限公司,嘉兴,0,制造业质量/检验（成本管理、抖音）,制造业质量/检验（图文平台、性能检测）
J5753,射频工程师,立讯电子科技(昆山)有限公司,嘉兴,0,制造业质量/检验（成本管理、抖音）,制造业质量/检验（图文平台、性能检测）
J5754,跨境电商运营,上海史瓦森建筑科技有限公司,嘉兴,0,制造业质量/检验（成本管理、抖音）,制造业质量/检验（图文平台、性能检测）
J5755,实验工程师(J11200),卫星化学股份有限公司,嘉兴,0,制造业质量/检验（成本管理、抖音）,制造业质量/检验（图文平台、性能检测）
J5756,产品经理,世源科技(嘉兴)医疗电子有限公司,嘉兴,6,产品/项目管理（国内市场、需求分析）,—
J5757,新媒体运营,上海摩文自动化工程有限公司,嘉兴,0,制造业质量/检验（成本管理、抖音）,制造业质量/检验（图文平台、性能检测）
J5758,技术助理工程师,浙江德鸿碳纤维复合材料有限公司,嘉兴,0,制造业质量/检验（成本管理、抖音）,供应链/物料/采购（物料管理、海外供应链）
J5759,镀膜外观PE,浙江联超光电有限公司,嘉兴,0,制造业质量/检验（成本管理、抖音）,制造业质量/检验（图文平台、性能检测）
J5760,总裁助理,浙江精创教育科技有限公司,嘉兴,0,制造业质量/检验（成本管理、抖音）,制造业质量/检验（图文平台、性能检测）
J5761,财务专员,嘉兴奥兹化工有限公司,嘉兴,0,制造业质量/检验（成本管理、抖音）,供应链/物料/采购（物料管理、海外供应链）
J5762,电商助理,嘉兴市比弗服饰有限公司,嘉兴,0,制造业质量/检验（成本管理、抖音）,制造业质量/检验（图文平台、性能检测）
J5763,生产计划员,雅斯科仪器仪表(嘉兴)有限公司,嘉兴,0,制造业质量/检验（成本管理、抖音）,供应链/物料/采购（物料管理、海外供应链）
J5764,【双休+五险】采购商务专员（项目采购+成本核算）,浙江融信科技发展有限公司,嘉兴,0,制造业质量/检验（成本管理、抖音）,供应链/物料/采购（物料管理、海外供应链）
J5765,人力资源招聘主管,嘉兴荟萃商业经营管理有限公司,嘉兴,0,制造业质量/检验（成本管理、抖音）,制造业质量/检验（图文平台、性能检测）
J5766,冲压设计工程师,山东硒科智能科技有限公司,嘉兴,0,制造业质量/检验（成本管理、抖音）,制造业质量/检验（图文平台、性能检测）
J5767,8000+销售助理！早九晚五周末双休！缴纳五险…,首习选聘(山东)网络科技有限公司,嘉兴,0,制造业质量/检验（成本管理、抖音）,制造业质量/检验（图文平台、性能检测）
J5768,生产助理主管（扩编）,浙江环世创新材料有限公司,嘉兴,0,制造业质量/检验（成本管理、抖音）,制造业质量/检验（图文平台、性能检测）
J5769,市场分析经理,浙江友山新材料科技有限公司,嘉兴,0,制造业质量/检验（成本管理、抖音）,制造业质量/检验（图文平台、性能检测）
J5770,环境检测报告审核员,浙江东方绿谷检测技术有限公司,嘉兴,0,制造业质量/检验（成本管理、抖音）,制造业质量/检验（图文平台、性能检测）
J5771,财务分析,天津华康健商贸有限公司,嘉兴,0,制造业质量/检验（成本管理、抖音）,供应链/物料/采购（物料管理、海外供应链）
J5772,产品研发员（电子布）,中国巨石,嘉兴,6,产品/项目管理（国内市场、需求分析）,—
J5773,家用纺织品成本核算专员,浙江维美投资集团有限公司,嘉兴,0,制造业质量/检验（成本管理、抖音）,供应链/物料/采购（物料管理、海外供应链）
J5774,材料研发工程师,浙江晶阳机电股份有限公司,嘉兴,0,制造业质量/检验（成本管理、抖音）,制造业质量/检验（图文平台、性能检测）
J5775,生产计划（浙江平湖）,多乐之日(北京)食品有限公司,嘉兴,0,制造业质量/检验（成本管理、抖音）,制造业质量/检验（图文平台、性能检测）
J5776,销售助理,浙江新恒泰新材料股份有限公司,嘉兴,0,制造业质量/检验（成本管理、抖音）,供应链/物料/采购（物料管理、海外供应链）
J5777,新媒体运营,嘉兴摩文智能科技有限公司,嘉兴,0,制造业质量/检验（成本管理、抖音）,制造业质量/检验（图文平台、性能检测）
J5778,新媒体运营,平湖市宏山羽绒经营部,嘉兴,0,制造业质量/检验（成本管理、抖音）,制造业质量/检验（图文平台、性能检测）
J5779,半导体清洗工艺工程师,沃尔德,嘉兴,0,制造业质量/检验（成本管理、抖音）,制造业质量/检验（图文平台、性能检测）
J5780,采购经理,浙江今顶家居股份有限公司,嘉兴,0,制造业质量/检验（成本管理、抖音）,制造业质量/检验（图文平台、性能检测）
J5781,生产助理,浙江恒沐复合材料股份有限公司,嘉兴,0,制造业质量/检验（成本管理、抖音）,供应链/物料/采购（物料管理、海外供应链）
J5782,生管,浙江磁达电子科技有限公司,嘉兴,0,制造业质量/检验（成本管理、抖音）,制造业质量/检验（图文平台、性能检测）
J5783,生产统计（针织服装）,浙江汇港时装有限公司,嘉兴,0,制造业质量/检验（成本管理、抖音）,供应链/物料/采购（物料管理、海外供应链）
J5784,注塑工程师,日善电脑配件(嘉善)有限公司,嘉兴,0,制造业质量/检验（成本管理、抖音）,制造业质量/检验（图文平台、性能检测）
J5785,采购专员,世源科技(嘉兴)医疗电子有限公司,嘉兴,0,制造业质量/检验（成本管理、抖音）,制造业质量/检验（图文平台、性能检测）
J5786,中控岗位,江苏旭福集成科技有限公司,嘉兴,0,制造业质量/检验（成本管理、抖音）,制造业质量/检验（图文平台、性能检测）
J5787,酒店事业部销售主管（双休，中央空调产品）,浙江迈金环境科技股份有限公司,嘉兴,6,产品/项目管理（国内市场、需求分析）,—
J5788,新媒体运营,致皓财税服务有限公司,嘉兴,0,制造业质量/检验（成本管理、抖音）,制造业质量/检验（图文平台、性能检测）
J5789,2027校招-复材研发工程师(J11239),振石控股集团,嘉兴,0,制造业质量/检验（成本管理、抖音）,制造业质量/检验（图文平台、性能检测）
J5790,质量文员,骅特汽车配件(浙江)有限公司,嘉兴,0,制造业质量/检验（成本管理、抖音）,供应链/物料/采购（物料管理、海外供应链）
J5791,经管专员/成本会计,立讯电子科技(昆山)有限公司,嘉兴,0,制造业质量/检验（成本管理、抖音）,制造业质量/检验（图文平台、性能检测）
J5792,急招模具工 六险一金 包住,宁波信泰机械有限公司,嘉兴,0,制造业质量/检验（成本管理、抖音）,制造业质量/检验（图文平台、性能检测）
J5793,业务助理（转业务）,嘉兴福可吉精密机械有限公司,嘉兴,0,制造业质量/检验（成本管理、抖音）,供应链/物料/采购（物料管理、海外供应链）
J5794,亚马逊运营（大件家具、童车类目）,嘉兴海发进出口有限公司,嘉兴,0,制造业质量/检验（成本管理、抖音）,制造业质量/检验（图文平台、性能检测）
J5795,高分子材料研发工程师,浙江圆通新材料有限公司,嘉兴,0,制造业质量/检验（成本管理、抖音）,制造业质量/检验（图文平台、性能检测）
J5796,采购经理（原料采购）,浙江友山新材料科技有限公司,嘉兴,0,制造业质量/检验（成本管理、抖音）,制造业质量/检验（图文平台、性能检测）
J5797,机修工,浙江康贝德智能家居有限公司,嘉兴,0,制造业质量/检验（成本管理、抖音）,制造业质量/检验（图文平台、性能检测）
J5798,应用技术工程师,传化智联,嘉兴,0,制造业质量/检验（成本管理、抖音）,制造业质量/检验（图文平台、性能检测）
J5799,总经办秘书,嘉兴军胜电子科技有限公司,嘉兴,0,制造业质量/检验（成本管理、抖音）,制造业质量/检验（图文平台、性能检测）
J5800,大宗贸易岗,卫星化学股份有限公司,嘉兴,0,制造业质量/检验（成本管理、抖音）,制造业质量/检验（图文平台、性能检测）
J5801,制程工艺工程师,正泰新能科技股份有限公司,嘉兴,0,制造业质量/检验（成本管理、抖音）,制造业质量/检验（图文平台、性能检测）
J5802,食品研发助理,浙江诸老大食品贸易有限公司,嘉兴,0,制造业质量/检验（成本管理、抖音）,制造业质量/检验（图文平台、性能检测）
J5803,产品经理,浙江光禾智谷生态农业有限公司,嘉兴,6,产品/项目管理（国内市场、需求分析）,—
J5804,业务助理(J10894),振石控股集团,嘉兴,0,制造业质量/检验（成本管理、抖音）,制造业质量/检验（图文平台、性能检测）
J5805,外贸文员,嘉兴胜邦机械设备有限公司,嘉兴,0,制造业质量/检验（成本管理、抖音）,制造业质量/检验（图文平台、性能检测）
J5806,成本会计,嘉兴立石科技股份有限公司,嘉兴,0,制造业质量/检验（成本管理、抖音）,供应链/物料/采购（物料管理、海外供应链）
J5807,人事科专员5k-7k（嘉兴）,杭州人民口腔医院集团有限公司,嘉兴,0,制造业质量/检验（成本管理、抖音）,供应链/物料/采购（物料管理、海外供应链）
J5808,薪酬绩效专员/主管,晨丰科技,嘉兴,0,制造业质量/检验（成本管理、抖音）,供应链/物料/采购（物料管理、海外供应链）
J5809,环境咨询工程师（环境所）,浙江清华长三角研究院,嘉兴,0,制造业质量/检验（成本管理、抖音）,制造业质量/检验（图文平台、性能检测）
J5810,塑料生产计划员,宁波信泰机械有限公司,嘉兴,0,制造业质量/检验（成本管理、抖音）,制造业质量/检验（图文平台、性能检测）
J5811,内勤文员,振石集团东方特钢有限公司,嘉兴,0,制造业质量/检验（成本管理、抖音）,制造业质量/检验（图文平台、性能检测）
J5812,SMT设备工程师-欣威电子（金华）,欣旺达电子,嘉兴,0,制造业质量/检验（成本管理、抖音）,供应链/物料/采购（物料管理、海外供应链）
J5813,营运管培生,圆通速递有限公司,嘉兴,0,制造业质量/检验（成本管理、抖音）,制造业质量/检验（图文平台、性能检测）
J5814,生产文员,卓高泰(嘉兴)材料科技有限公司,嘉兴,0,制造业质量/检验（成本管理、抖音）,供应链/物料/采购（物料管理、海外供应链）
J5815,信息优化师,嘉兴云栖文化传媒有限公司,嘉兴,0,制造业质量/检验（成本管理、抖音）,制造业质量/检验（图文平台、性能检测）
J5816,财务信息化专员,新澳股份,嘉兴,0,制造业质量/检验（成本管理、抖音）,制造业质量/检验（图文平台、性能检测）
J5817,生产储备干部,福建万安实业集团有限公司,嘉兴,0,制造业质量/检验（成本管理、抖音）,制造业质量/检验（图文平台、性能检测）
J5818,订单部门组长,浙江合马商用设备有限公司,嘉兴,0,制造业质量/检验（成本管理、抖音）,供应链/物料/采购（物料管理、海外供应链）
J5819,设备动力部副经理,泛亚生物医药股份有限公司,嘉兴,0,制造业质量/检验（成本管理、抖音）,制造业质量/检验（图文平台、性能检测）
J5820,PQE质量工程师,浙江联超光电有限公司,嘉兴,3,软件测试（信号测试、安全测试）,—
J5821,总裁助理/总经理助理,浙江鲲秀科技有限公司,嘉兴,0,制造业质量/检验（成本管理、抖音）,制造业质量/检验（图文平台、性能检测）
J5822,资深成本分析专员,浙江前程照明有限公司,嘉兴,0,制造业质量/检验（成本管理、抖音）,供应链/物料/采购（物料管理、海外供应链）
J5823,营运经理,镇江八佰伴商业管理有限公司,嘉兴,0,制造业质量/检验（成本管理、抖音）,制造业质量/检验（图文平台、性能检测）
J5824,市场营销主管/经理,福建睿能科技股份有限公司,嘉兴,0,制造业质量/检验（成本管理、抖音）,制造业质量/检验（图文平台、性能检测）
J5825,IE主管,浙江亚特电器股份有限公司,嘉兴,0,制造业质量/检验（成本管理、抖音）,制造业质量/检验（图文平台、性能检测）
J5826,渠道跟单员,浙江知源认证检测有限公司,嘉兴,0,制造业质量/检验（成本管理、抖音）,制造业质量/检验（图文平台、性能检测）
J5827,外贸跟单,世源科技(嘉兴)医疗电子有限公司,嘉兴,0,制造业质量/检验（成本管理、抖音）,制造业质量/检验（图文平台、性能检测）
J5828,综合内勤,民生人寿保险股份有限公司,嘉兴,0,制造业质量/检验（成本管理、抖音）,制造业质量/检验（图文平台、性能检测）
J5829,工程物资采购经理,华友控股集团有限公司,嘉兴,0,制造业质量/检验（成本管理、抖音）,制造业质量/检验（图文平台、性能检测）
J5830,大客户经理（科创大数据）,创启云(上海)科技有限公司,嘉兴,2,数据分析/BI（数仓开发、kettle）,—
J5831,人事招聘专员,立讯电子科技(昆山)有限公司,嘉兴,0,制造业质量/检验（成本管理、抖音）,制造业质量/检验（图文平台、性能检测）
J5832,新媒体招聘专员,圆通速递有限公司,嘉兴,0,制造业质量/检验（成本管理、抖音）,制造业质量/检验（图文平台、性能检测）
J5833,招钳工 月入13000,宁波信泰机械有限公司,嘉兴,0,制造业质量/检验（成本管理、抖音）,制造业质量/检验（图文平台、性能检测）
J5834,产品研发员,中国巨石,嘉兴,6,产品/项目管理（国内市场、需求分析）,—
J5835,机械结构研发工程师,日善电脑配件(嘉善)有限公司,嘉兴,0,制造业质量/检验（成本管理、抖音）,制造业质量/检验（图文平台、性能检测）
J5836,人事行政经理,晨丰科技,嘉兴,0,制造业质量/检验（成本管理、抖音）,制造业质量/检验（图文平台、性能检测）
J5837,外贸网站运营/跨境电商运营,嘉兴胜邦机械设备有限公司,嘉兴,0,制造业质量/检验（成本管理、抖音）,制造业质量/检验（图文平台、性能检测）
J5838,水果采购,陕西大秦果果商贸有限公司,嘉兴,0,制造业质量/检验（成本管理、抖音）,制造业质量/检验（图文平台、性能检测）
J5839,销售助理,上海帕特尼智能科技有限公司,嘉兴,0,制造业质量/检验（成本管理、抖音）,供应链/物料/采购（物料管理、海外供应链）
J5840,安全工程师-海盐秦山,山东海核电力设备有限公司,嘉兴,0,制造业质量/检验（成本管理、抖音）,制造业质量/检验（图文平台、性能检测）
J5841,天猫运营助理,嘉兴市比弗服饰有限公司,嘉兴,0,制造业质量/检验（成本管理、抖音）,制造业质量/检验（图文平台、性能检测）
J5842,电话邀约顾问,北京国樽(嘉兴)律师事务所,嘉兴,0,制造业质量/检验（成本管理、抖音）,制造业质量/检验（图文平台、性能检测）
J5843,内控稽查经理,浙江华友钴业股份有限公司,嘉兴,0,制造业质量/检验（成本管理、抖音）,制造业质量/检验（图文平台、性能检测）
J5844,采购经理,浙江友山新材料科技有限公司,嘉兴,0,制造业质量/检验（成本管理、抖音）,制造业质量/检验（图文平台、性能检测）
J5845,财务专员(J11195),卫星化学股份有限公司,嘉兴,0,制造业质量/检验（成本管理、抖音）,数据/统计分析（数据建模、统计学）
J5846,新营销运营,品格卫厨（浙江）有限公司,嘉兴,0,制造业质量/检验（成本管理、抖音）,制造业质量/检验（图文平台、性能检测）
J5847,人力资源经理/主管,嘉澳环保,嘉兴,0,制造业质量/检验（成本管理、抖音）,供应链/物料/采购（物料管理、海外供应链）
J5848,地毯厂采购工程师,浙江美大实业股份有限公司,嘉兴,0,制造业质量/检验（成本管理、抖音）,供应链/物料/采购（物料管理、海外供应链）
J5849,品控计划管理,青岛凯盛浩丰智慧农业科技有限公司,嘉兴,0,制造业质量/检验（成本管理、抖音）,供应链/物料/采购（物料管理、海外供应链）
J5850,项目采购供应商开发工程师,正泰新能科技股份有限公司,嘉兴,4,后端开发（hibernate、linux开发）,—
J5851,管培生(电气自动化),浙江意兰可电力电子科技有限公司,嘉兴,0,制造业质量/检验（成本管理、抖音）,制造业质量/检验（图文平台、性能检测）
J5852,资深工艺工程师,浙江前程照明有限公司,嘉兴,0,制造业质量/检验（成本管理、抖音）,制造业质量/检验（图文平台、性能检测）
J5853,交管课长,日善电脑配件(嘉善)有限公司,嘉兴,0,制造业质量/检验（成本管理、抖音）,供应链/物料/采购（物料管理、海外供应链）
J5854,生产管理员,浙江晶阳机电股份有限公司,嘉兴,0,制造业质量/检验（成本管理、抖音）,供应链/物料/采购（物料管理、海外供应链）
J5855,总账会计,中国巨石,嘉兴,0,制造业质量/检验（成本管理、抖音）,制造业质量/检验（图文平台、性能检测）
J5856,8000+急招销售助理！！早九晚五周末双休！！,首习选聘(山东)网络科技有限公司,嘉兴,0,制造业质量/检验（成本管理、抖音）,制造业质量/检验（图文平台、性能检测）
J5857,物流规划工程师,双环传动(嘉兴)精密制造有限公司,嘉兴,0,制造业质量/检验（成本管理、抖音）,供应链/物料/采购（物料管理、海外供应链）
J5858,电商运营专员（含直播出镜）,浙江光禾智谷生态农业有限公司,嘉兴,0,制造业质量/检验（成本管理、抖音）,供应链/物料/采购（物料管理、海外供应链）
J5859,人事薪酬专员,晨丰科技,嘉兴,0,制造业质量/检验（成本管理、抖音）,供应链/物料/采购（物料管理、海外供应链）
J5860,BPM,立讯电子科技(昆山)有限公司,嘉兴,0,制造业质量/检验（成本管理、抖音）,制造业质量/检验（图文平台、性能检测）
J5861,PACK产品经理(J11730),珠海冠宇电池股份有限公司,嘉兴,6,产品/项目管理（国内市场、需求分析）,—
J5862,电商运营助理,浙江诸老大食品贸易有限公司,嘉兴,0,制造业质量/检验（成本管理、抖音）,供应链/物料/采购（物料管理、海外供应链）
J5863,薪酬绩效经理,浙江弘安纸业股份有限公司,嘉兴,0,制造业质量/检验（成本管理、抖音）,供应链/物料/采购（物料管理、海外供应链）
J5864,合成生物学研究助理（蝉花虫草方向）,泛亚生物医药股份有限公司,嘉兴,0,制造业质量/检验（成本管理、抖音）,制造业质量/检验（图文平台、性能检测）
J5865,外贸业务员,卫星化学股份有限公司,嘉兴,0,制造业质量/检验（成本管理、抖音）,制造业质量/检验（图文平台、性能检测）
J5866,项目管理员,金盘电气集团(上海)有限公司,嘉兴,6,产品/项目管理（国内市场、需求分析）,—
J5867,成本会计,福建睿能科技股份有限公司,嘉兴,0,制造业质量/检验（成本管理、抖音）,供应链/物料/采购（物料管理、海外供应链）
J5868,有机产品研发工程师,传化智联,嘉兴,6,产品/项目管理（国内市场、需求分析）,—
J5869,仓库主管,浙江赛思电子科技股份有限公司,嘉兴,0,制造业质量/检验（成本管理、抖音）,供应链/物料/采购（物料管理、海外供应链）
J5870,仓储物流规划工程师,北京兆驰供应链管理有限公司,嘉兴,0,制造业质量/检验（成本管理、抖音）,供应链/物料/采购（物料管理、海外供应链）
J5871,电商运营,嘉兴格洛锶科技有限公司,嘉兴,0,制造业质量/检验（成本管理、抖音）,制造业质量/检验（图文平台、性能检测）
J5872,QA质量管理员,诚达药业股份有限公司,嘉兴,0,制造业质量/检验（成本管理、抖音）,质量检验（qa、qc）
J5873,算法工程师,国科京禾能服科技(浙江)有限公司,嘉兴,7,算法/人工智能（智能驾驶、传感器融合）,—
J5874,专职工程人员,上海交通大学桐乡高等研究院,嘉兴,0,制造业质量/检验（成本管理、抖音）,制造业质量/检验（图文平台、性能检测）
J5875,算法工程师,浙江科亿国际智能悬架技术有限公司,嘉兴,7,算法/人工智能（智能驾驶、传感器融合）,—
J5876,海洋声学算法工程师,嘉兴易声电子科技有限公司,嘉兴,7,算法/人工智能（智能驾驶、传感器融合）,—
J5877,多物理场仿真工程师,河南牛人设计网络科技有限公司,嘉兴,0,制造业质量/检验（成本管理、抖音）,制造业质量/检验（图文平台、性能检测）
J5878,科研岗（数字医学教育部工程研究中心桐乡基地平台）,上海交通大学桐乡高等研究院,嘉兴,0,制造业质量/检验（成本管理、抖音）,制造业质量/检验（图文平台、性能检测）
J5879,博士后（科研管理）,浙江清华长三角研究院,嘉兴,0,制造业质量/检验（成本管理、抖音）,数据/统计分析（数据建模、统计学）
J5880,机器视觉工程师,上海唯尔思自动化控制设备有限公司,嘉兴,7,算法/人工智能（智能驾驶、传感器融合）,—
J5881,视觉软件工程师,尼得科精密检测设备(浙江)有限公司,嘉兴,7,算法/人工智能（智能驾驶、传感器融合）,—
J5882,信号处理算法设计师,中国电子科技集团公司第三十六研究所,嘉兴,7,算法/人工智能（智能驾驶、传感器融合）,—
J5883,专职科研人员,上海交通大学桐乡高等研究院,嘉兴,0,制造业质量/检验（成本管理、抖音）,制造业质量/检验（图文平台、性能检测）
J5884,求解器开发工程师(J10128),拓荆键科(海宁)半导体设备有限公司,嘉兴,4,后端开发（hibernate、linux开发）,—
J5885,特聘副研究员（陶瓷）,乌镇实验室,嘉兴,0,制造业质量/检验（成本管理、抖音）,制造业质量/检验（图文平台、性能检测）
J5886,博士后,上海交通大学桐乡高等研究院,嘉兴,0,制造业质量/检验（成本管理、抖音）,制造业质量/检验（图文平台、性能检测）
J5887,2027校招-AI工程师(博士),振石控股集团,嘉兴,0,制造业质量/检验（成本管理、抖音）,算法/AI 应用（tensorflow、vit）
J5888,后端软件工程师,三一集团有限公司,湖州,4,后端开发（hibernate、linux开发）,—
J5889,AI应用开发工程师,浙江长安仁恒科技股份有限公司上海分公司,湖州,4,后端开发（hibernate、linux开发）,—
J5890,ERP实施顾问,湖州金云蝶数智技术有限公司,湖州,1,运维/云与网络（分布式电站、空调工程）,—
J5891,java开发工程师,诺力智能装备股份有限公司,湖州,4,后端开发（hibernate、linux开发）,—
J5892,Java高级开发工程师,浙江兆弟控股有限公司,湖州,4,后端开发（hibernate、linux开发）,—
J5893,it信息技术员,浙江德奥智能装备有限公司,湖州,0,制造业质量/检验（成本管理、抖音）,Java/后端（spring、mybatis）
J5894,RAG/大模型应用开发工程师,浙江大学湖州研究院,湖州,7,算法/人工智能（智能驾驶、传感器融合）,—
J5895,软件测试工程师（培养）,天阳科技,湖州,3,软件测试（信号测试、安全测试）,—
J5896,嵌入式软件工程师,浙江隆泰医疗科技有限公司,湖州,5,嵌入式/硬件（rtos、32位单片机）,—
J5897,IT工程师,且浦电子(上海)有限公司,湖州,0,制造业质量/检验（成本管理、抖音）,硬件/仪器/自动化（组态软件、scratch）
J5898,软件测试工程师,湖州起杭信息技术有限公司,湖州,3,软件测试（信号测试、安全测试）,—
J5899,软件高级工程师（湖州）,湖州申科生物技术股份有限公司,湖州,0,制造业质量/检验（成本管理、抖音）,算法/AI 应用（tensorflow、vit）
J5900,医疗AI算法工程师（实习生）,湖州恩美谛人工智能科技有限公司,湖州,7,算法/人工智能（智能驾驶、传感器融合）,—
J5901,嵌入式软件开发工程师,杭州字景数科电子有限公司,湖州,5,嵌入式/硬件（rtos、32位单片机）,—
J5902,对日开发初级技术员到项目经理的全职位招聘,株式会社ProfaceSystems,湖州,6,产品/项目管理（国内市场、需求分析）,—
J5903,嵌入式软件开发工程师,浙江氢源智能科技有限公司,湖州,5,嵌入式/硬件（rtos、32位单片机）,—
J5904,研发助理实习生（湖州安吉）,辰创科技,湖州,0,制造业质量/检验（成本管理、抖音）,制造业质量/检验（图文平台、性能检测）
J5905,软件设计工程师,马丁科瑞电子科技(浙江)有限公司,湖州,0,制造业质量/检验（成本管理、抖音）,制造业质量/检验（图文平台、性能检测）
J5906,程序设计工程师,湖州精确科技有限公司,湖州,0,制造业质量/检验（成本管理、抖音）,硬件/仪器/自动化（组态软件、scratch）
J5907,高级研发工程师,威固乐真空设备(浙江)有限公司,湖州,0,制造业质量/检验（成本管理、抖音）,硬件/仪器/自动化（组态软件、scratch）
J5908,ROS开发工程师,青岛蓝巨人信息技术有限公司,湖州,4,后端开发（hibernate、linux开发）,—
J5909,后端软件工程师,三一集团有限公司,湖州,4,后端开发（hibernate、linux开发）,—
J5910,c++软件工程师 周末双休 五险一金,浙江桃园智能科技有限公司,湖州,4,后端开发（hibernate、linux开发）,—
J5911,开发顾问,湖州金云蝶数智技术有限公司,湖州,0,制造业质量/检验（成本管理、抖音）,Java/后端（spring、mybatis）
J5912,OA开发工程师,诺力智能装备股份有限公司,湖州,4,后端开发（hibernate、linux开发）,—
J5913,IT运维实习生,宁波信泰机械有限公司,湖州,1,运维/云与网络（分布式电站、空调工程）,—
J5914,erp实施顾问,湖州云图数科信息技术有限公司,湖州,1,运维/云与网络（分布式电站、空调工程）,—
J5915,it主管（湖州长兴）,申江集团有限公司,湖州,0,制造业质量/检验（成本管理、抖音）,制造业质量/检验（图文平台、性能检测）
J5916,erp运维工程师,浙江锐鼎金工科技有限公司,湖州,1,运维/云与网络（分布式电站、空调工程）,—
J5917,上位机开发（湖州）,苏州艾隆科技股份有限公司,湖州,0,制造业质量/检验（成本管理、抖音）,制造业质量/检验（图文平台、性能检测）
J5918,mes开发运维工程师,盐城鸿石智能科技有限公司,湖州,1,运维/云与网络（分布式电站、空调工程）,—
J5919,IT负责人,江苏铬莱铂数字科技有限公司,湖州,0,制造业质量/检验（成本管理、抖音）,制造业质量/检验（图文平台、性能检测）
J5920,技术经理,上海骅众信息技术有限公司杭州分公司,湖州,0,制造业质量/检验（成本管理、抖音）,制造业质量/检验（图文平台、性能检测）
J5921,计算机应用技术类学科带头人,浙江宇翔职业技术学院,湖州,0,制造业质量/检验（成本管理、抖音）,制造业质量/检验（图文平台、性能检测）
J5922,理财规划师（应届生）,中信建投证券股份有限公司,湖州,0,制造业质量/检验（成本管理、抖音）,制造业质量/检验（图文平台、性能检测）
J5923,c++软件研发工程师,北京现龙科技有限公司,湖州,4,后端开发（hibernate、linux开发）,—
J5924,资深IT工程师,诺力智能装备股份有限公司,湖州,0,制造业质量/检验（成本管理、抖音）,制造业质量/检验（图文平台、性能检测）
J5925,数据开发工程师,诺力智能装备股份有限公司,湖州,4,后端开发（hibernate、linux开发）,—
J5926,安卓开发工程师,诺力智能装备股份有限公司,湖州,4,后端开发（hibernate、linux开发）,—
J5927,云控系统工程师,三一集团有限公司,湖州,0,制造业质量/检验（成本管理、抖音）,制造业质量/检验（图文平台、性能检测）
J5928,资深嵌入式软件开发工程师,浙江氢源智能科技有限公司,湖州,5,嵌入式/硬件（rtos、32位单片机）,—
J5929,控制软件工程师,三一集团有限公司,湖州,4,后端开发（hibernate、linux开发）,—
J5930,研发助理（湖州安吉）,辰创科技,湖州,0,制造业质量/检验（成本管理、抖音）,制造业质量/检验（图文平台、性能检测）
J5931,it运维技术员,马丁科瑞电子科技(浙江)有限公司,湖州,1,运维/云与网络（分布式电站、空调工程）,—
J5932,前端软件工程师,三一集团有限公司,湖州,8,前端开发（web前端、erp项目）,—
J5933,应用层软件开发工程师,三一集团有限公司,湖州,4,后端开发（hibernate、linux开发）,—
J5934,Python 高级开发工程师,江苏铬莱铂数字科技有限公司,湖州,4,后端开发（hibernate、linux开发）,—
J5935,AI应用开发工程师,浙江长安仁恒科技股份有限公司上海分公司,湖州,4,后端开发（hibernate、linux开发）,—
J5936,AI大模型应用工程师,四川丹格芮商务信息咨询有限公司,湖州,7,算法/人工智能（智能驾驶、传感器融合）,—
J5937,AI工程师,中国移动通信集团浙江有限公司湖州分公司,湖州,0,制造业质量/检验（成本管理、抖音）,算法/AI 应用（tensorflow、vit）
J5938,自动驾驶行为决策工程师,浙江舜泰汽车有限公司,湖州,0,制造业质量/检验（成本管理、抖音）,硬件/仪器/自动化（组态软件、scratch）
J5939,ai算法工程师,浙江佳森科技有限公司,湖州,7,算法/人工智能（智能驾驶、传感器融合）,—
J5940,具身智能数据采集员,北京京亓科技有限公司,湖州,0,制造业质量/检验（成本管理、抖音）,制造业质量/检验（图文平台、性能检测）
J5941,算法研发实习生（无人机专项）,浙江大学湖州研究院,湖州,7,算法/人工智能（智能驾驶、传感器融合）,—
J5942,遥感实习生,中科卫星应用德清研究院,湖州,0,制造业质量/检验（成本管理、抖音）,算法/AI 应用（tensorflow、vit）
J5943,机器人数据采集（假期工可以）,河北起聘信息科技有限责任公司,湖州,0,制造业质量/检验（成本管理、抖音）,制造业质量/检验（图文平台、性能检测）
J5944,数据处理工程师 实习生,北京国遥新天地信息技术股份有限公司,湖州,0,制造业质量/检验（成本管理、抖音）,制造业质量/检验（图文平台、性能检测）
J5945,应届硕士,诺力智能装备股份有限公司,湖州,0,制造业质量/检验（成本管理、抖音）,硬件/仪器/自动化（组态软件、scratch）
J5946,信息科技部-AI人工智能岗（博士岗）国企,某知名企业,湖州,7,算法/人工智能（智能驾驶、传感器融合）,—
J5947,AI工程师,浙江莱宝显示科技有限公司,湖州,0,制造业质量/检验（成本管理、抖音）,硬件/仪器/自动化（组态软件、scratch）
J5948,数据处理/测绘调查（实习生）,明途科技(浙江)有限公司,湖州,0,制造业质量/检验（成本管理、抖音）,制造业质量/检验（图文平台、性能检测）
J5949,机器人工程师,浙江豪斯特新能源汽车零部件有限公司,湖州,0,制造业质量/检验（成本管理、抖音）,硬件/仪器/自动化（组态软件、scratch）
J5950,ERP数据运维工程师,浙江鼎力,湖州,1,运维/云与网络（分布式电站、空调工程）,—
J5951,自动驾驶感知算法工程师,浙江舜泰汽车有限公司,湖州,7,算法/人工智能（智能驾驶、传感器融合）,—
J5952,仓库数据分析师,马贝建筑材料（广州）有限公司,湖州,2,数据分析/BI（数仓开发、kettle）,—
J5953,sap运维工程师（PP模块）,蜂巢能源,湖州,1,运维/云与网络（分布式电站、空调工程）,—
J5954,大模型工程师（类仿真）,三一集团有限公司,湖州,7,算法/人工智能（智能驾驶、传感器融合）,—
J5955,大数据与会计专任教师,浙江宇翔职业技术学院,湖州,2,数据分析/BI（数仓开发、kettle）,—
J5956,自主导航算法实习生,浙江大学湖州研究院,湖州,7,算法/人工智能（智能驾驶、传感器融合）,—
J5957,直播运营专员,浙江超威动力能源有限公司,湖州,0,制造业质量/检验（成本管理、抖音）,硬件/仪器/自动化（组态软件、scratch）
J5958,合成工程师,绿能纤材(重庆)科技有限公司,湖州,0,制造业质量/检验（成本管理、抖音）,硬件/仪器/自动化（组态软件、scratch）
J5959,电气自动化工程师（机器人和视觉方向）,德清万通汽车职业技能培训学校有限公司,湖州,7,算法/人工智能（智能驾驶、传感器融合）,—
J5960,电机算法工程师,广州友田纵横管理咨询有限公司,湖州,7,算法/人工智能（智能驾驶、传感器融合）,—
J5961,ATE/FCT自动化视觉测试方案工程师,浙江安显智能科技有限公司,湖州,3,软件测试（信号测试、安全测试）,—
J5962,电池产品开发工程师（湖州）,四川星空钠电电池有限公司,湖州,4,后端开发（hibernate、linux开发）,—
J5963,控制算法工程师,三一集团有限公司,湖州,7,算法/人工智能（智能驾驶、传感器融合）,—
J5964,激光雷达与视觉算法工程师,浙江兆弟控股有限公司,湖州,7,算法/人工智能（智能驾驶、传感器融合）,—
J5965,雷达算法工程师,浙江兆弟控股有限公司,湖州,7,算法/人工智能（智能驾驶、传感器融合）,—
J5966,定位算法工程师,三一集团有限公司,湖州,7,算法/人工智能（智能驾驶、传感器融合）,—
J5967,测试调试工程师,浙江舜泰汽车有限公司,湖州,3,软件测试（信号测试、安全测试）,—
J5968,算法工程师,三一集团有限公司,湖州,7,算法/人工智能（智能驾驶、传感器融合）,—
J5969,雷达算法工程师,浙江兆弟控股有限公司,湖州,7,算法/人工智能（智能驾驶、传感器融合）,—
J5970,自动驾驶定位算法工程师,浙江舜泰汽车有限公司,湖州,7,算法/人工智能（智能驾驶、传感器融合）,—
J5971,感知算法工程师,三一集团有限公司,湖州,7,算法/人工智能（智能驾驶、传感器融合）,—
J5972,机器人算法工程师（规控方向）,浙江大学湖州研究院,湖州,7,算法/人工智能（智能驾驶、传感器融合）,—
J5973,感知算法工程师（智能叉车/工业车辆方向）,浙江舜泰汽车有限公司,湖州,7,算法/人工智能（智能驾驶、传感器融合）,—
J5974,感知算法工程师,浙江舜泰汽车有限公司,湖州,7,算法/人工智能（智能驾驶、传感器融合）,—
J5975,ARRAY良率工程师,浙江莱宝显示科技有限公司,湖州,0,制造业质量/检验（成本管理、抖音）,制造业质量/检验（图文平台、性能检测）
J5976,机器人导航定位工程师,诺力智能装备股份有限公司,湖州,0,制造业质量/检验（成本管理、抖音）,硬件/仪器/自动化（组态软件、scratch）
J5977,服务器运营工程师,浙江舜泰汽车有限公司,湖州,0,制造业质量/检验（成本管理、抖音）,制造业质量/检验（图文平台、性能检测）
J5978,规划控制算法工程师,浙江舜泰汽车有限公司,湖州,7,算法/人工智能（智能驾驶、传感器融合）,—
J5979,无人机算法开发实习生（集群机器人）,浙江大学湖州研究院,湖州,7,算法/人工智能（智能驾驶、传感器融合）,—
J5980,自动驾驶定位算法工程师,浙江舜泰汽车有限公司,湖州,7,算法/人工智能（智能驾驶、传感器融合）,—
J5981,算法控制实习生（飞行器专项）,浙江大学湖州研究院,湖州,7,算法/人工智能（智能驾驶、传感器融合）,—
J5982,自动驾驶定位算法工程师（智能叉车/工业车辆方向）,浙江舜泰汽车有限公司,湖州,7,算法/人工智能（智能驾驶、传感器融合）,—
J5983,非标自动化程控设计,江苏铬莱铂数字科技有限公司,湖州,0,制造业质量/检验（成本管理、抖音）,硬件/仪器/自动化（组态软件、scratch）
J5984,感知算法工程师（激光/slam）,三一集团有限公司,湖州,7,算法/人工智能（智能驾驶、传感器融合）,—
J5985,软件测试工程师（培养）,天阳科技,湖州,3,软件测试（信号测试、安全测试）,—
J5986,AI应用开发工程师,浙江长安仁恒科技股份有限公司上海分公司,湖州,4,后端开发（hibernate、linux开发）,—
J5987,研发工程师（医美三类医疗器械）,湘雅生物医药(湖州)有限公司,湖州,0,制造业质量/检验（成本管理、抖音）,制造业质量/检验（图文平台、性能检测）
J5988,售后服务经理,北京德普罗尔科技有限公司,湖州,0,制造业质量/检验（成本管理、抖音）,制造业质量/检验（图文平台、性能检测）
J5989,饮料后段设备工程师,乐源健康科技(湖州)有限公司,湖州,0,制造业质量/检验（成本管理、抖音）,制造业质量/检验（图文平台、性能检测）
J5990,smt工程工艺主管,且浦格物(浙江)智能制造有限公司,湖州,0,制造业质量/检验（成本管理、抖音）,制造业质量/检验（图文平台、性能检测）
J5991,嵌入式软件工程师,杭州度能新能源有限公司,湖州,5,嵌入式/硬件（rtos、32位单片机）,—
J5992,机械运维工程师/高工,凯金能源,湖州,1,运维/云与网络（分布式电站、空调工程）,—
J5993,BMS软件开发工程师,浙江天能储能科技发展有限公司,湖州,4,后端开发（hibernate、linux开发）,—
J5994,赋能工程师（软件实施方向）,沈阳运和软件开发有限公司,湖州,1,运维/云与网络（分布式电站、空调工程）,—
J5995,软控工程师--湖州,北京海精高创科技有限公司,湖州,0,制造业质量/检验（成本管理、抖音）,Java/后端（spring、mybatis）
J5996,锂电售后技术支持,天能电池集团(江西)有限公司,湖州,0,制造业质量/检验（成本管理、抖音）,制造业质量/检验（图文平台、性能检测）
J5997,研发工程师,浙江天马精工集团股份有限公司,湖州,0,制造业质量/检验（成本管理、抖音）,制造业质量/检验（图文平台、性能检测）
J5998,嵌入式下位机软件工程师（摩托车 / 电动车 TFT 仪表）,浙江安显智能科技有限公司,湖州,5,嵌入式/硬件（rtos、32位单片机）,—
J5999,售后专职工程师（全国调配）,浙江超威动力能源有限公司,湖州,0,制造业质量/检验（成本管理、抖音）,供应链/物料/采购（物料管理、海外供应链）
J6000,机器视觉开发调试工程师,江西豪斯特汽车零部件有限公司,湖州,7,算法/人工智能（智能驾驶、传感器融合）,—
J6001,轴承行业工程师,人本集团上海轴承有限公司,湖州,0,制造业质量/检验（成本管理、抖音）,制造业质量/检验（图文平台、性能检测）
J6002,一万+售后调试 线上面试,上海赞华实业有限公司,湖州,0,制造业质量/检验（成本管理、抖音）,制造业质量/检验（图文平台、性能检测）
J6003,物联网专任教师,浙江宇翔职业技术学院,湖州,0,制造业质量/检验（成本管理、抖音）,制造业质量/检验（图文平台、性能检测）
J6004,发动机冷试测控工程师(A24901),蓝箭航天,湖州,0,制造业质量/检验（成本管理、抖音）,制造业质量/检验（图文平台、性能检测）
J6005,MCU硬件工程师,深向科技股份有限公司,湖州,5,嵌入式/硬件（rtos、32位单片机）,—
J6006,售后工程师（安吉）,青岛海汇德电气有限公司,湖州,0,制造业质量/检验（成本管理、抖音）,制造业质量/检验（图文平台、性能检测）
J6007,减速器开发工程师,浙江中力机械股份有限公司杭州分公司,湖州,4,后端开发（hibernate、linux开发）,—
J6008,膜类研发工程师,洁美科技,湖州,0,制造业质量/检验（成本管理、抖音）,制造业质量/检验（图文平台、性能检测）
J6009,初级测试工程师,天阳科技,湖州,3,软件测试（信号测试、安全测试）,—
J6010,控制软件工程师,三一集团有限公司,湖州,4,后端开发（hibernate、linux开发）,—
J6011,自动驾驶行为决策工程师,浙江舜泰汽车有限公司,湖州,0,制造业质量/检验（成本管理、抖音）,硬件/仪器/自动化（组态软件、scratch）
J6012,研发助理（湖州安吉）,辰创科技,湖州,0,制造业质量/检验（成本管理、抖音）,制造业质量/检验（图文平台、性能检测）
J6013,定位算法工程师,三一集团有限公司,湖州,7,算法/人工智能（智能驾驶、传感器融合）,—
J6014,软件集成工程师,三一集团有限公司,湖州,0,制造业质量/检验（成本管理、抖音）,制造业质量/检验（图文平台、性能检测）
J6015,HIL测试高级工程师,三一集团有限公司,湖州,3,软件测试（信号测试、安全测试）,—
J6016,标定工程师,三一集团有限公司,湖州,0,制造业质量/检验（成本管理、抖音）,制造业质量/检验（图文平台、性能检测）
J6017,ARRAY新产品工程师,浙江莱宝显示科技有限公司,湖州,6,产品/项目管理（国内市场、需求分析）,—
J6018,轴承行业工程师,人本集团上海轴承有限公司,湖州,0,制造业质量/检验（成本管理、抖音）,制造业质量/检验（图文平台、性能检测）
J6019,网联工程师,三一集团有限公司,湖州,0,制造业质量/检验（成本管理、抖音）,制造业质量/检验（图文平台、性能检测）
J6020,轴承应用工程师,人本集团上海轴承有限公司,湖州,0,制造业质量/检验（成本管理、抖音）,制造业质量/检验（图文平台、性能检测）
J6021,标定开发工程师,三一集团有限公司,湖州,4,后端开发（hibernate、linux开发）,—
J6022,智能称重系统工程师,三一集团有限公司,湖州,0,制造业质量/检验（成本管理、抖音）,制造业质量/检验（图文平台、性能检测）
J6023,发动机整机工程师,三一集团有限公司,湖州,0,制造业质量/检验（成本管理、抖音）,制造业质量/检验（图文平台、性能检测）
J6024,电控低压硬件工程师,深向科技股份有限公司,湖州,5,嵌入式/硬件（rtos、32位单片机）,—
J6025,12k+售后调试/包吃住,上海赞华实业有限公司,湖州,0,制造业质量/检验（成本管理、抖音）,制造业质量/检验（图文平台、性能检测）
J6026,智能控制工程师,三一集团有限公司,湖州,0,制造业质量/检验（成本管理、抖音）,制造业质量/检验（图文平台、性能检测）
J6027,控制软件工程师（智能运维）,三一集团有限公司,湖州,1,运维/云与网络（分布式电站、空调工程）,—
J6028,发动机控制工程师（电气自动化）,蓝箭航天,湖州,0,制造业质量/检验（成本管理、抖音）,制造业质量/检验（图文平台、性能检测）
J6029,车载DCDC软件工程师,深向科技股份有限公司,湖州,4,后端开发（hibernate、linux开发）,—
J6030,电驱、电机系统工程师,三一集团有限公司,湖州,0,制造业质量/检验（成本管理、抖音）,制造业质量/检验（图文平台、性能检测）
J6031,轴承行业工程师,人本集团上海轴承有限公司,湖州,0,制造业质量/检验（成本管理、抖音）,制造业质量/检验（图文平台、性能检测）
J6032,游戏测试,南浔翻车鱼网络科技工作室(个体工商户),湖州,3,软件测试（信号测试、安全测试）,—
J6033,初级测试工程师,天阳科技,湖州,3,软件测试（信号测试、安全测试）,—
J6034,测试工程师,三一集团有限公司,湖州,3,软件测试（信号测试、安全测试）,—
J6035,质量助理工程师,广州弘泽汽车科技有限公司,湖州,0,制造业质量/检验（成本管理、抖音）,制造业质量/检验（图文平台、性能检测）
J6036,品控综合文员,味斯美食品科技(安吉)有限公司,湖州,0,制造业质量/检验（成本管理、抖音）,供应链/物料/采购（物料管理、海外供应链）
J6037,质量工程师,亨通集团有限公司,湖州,3,软件测试（信号测试、安全测试）,—
J6038,制程质量工程师,蜂巢能源,湖州,3,软件测试（信号测试、安全测试）,—
J6039,质量经理,浙江八方电信有限公司,湖州,0,制造业质量/检验（成本管理、抖音）,质量检验（qa、qc）
J6040,质量主管,法兰泰克,湖州,0,制造业质量/检验（成本管理、抖音）,供应链/物料/采购（物料管理、海外供应链）
J6041,电测工程师,湖州东尼新能源有限公司,湖州,0,制造业质量/检验（成本管理、抖音）,制造业质量/检验（图文平台、性能检测）
J6042,芯片测试工程师,上海锐森晶创科技有限公司,湖州,3,软件测试（信号测试、安全测试）,—
J6043,检验工程师(J14779),香飘飘食品股份有限公司,湖州,0,制造业质量/检验（成本管理、抖音）,质量检验（qa、qc）
J6044,质量管理,浙江优时代智能科技有限公司,湖州,0,制造业质量/检验（成本管理、抖音）,制造业质量/检验（图文平台、性能检测）
J6045,质量管理(J12855),北京四方继保自动化股份有限公司,湖州,0,制造业质量/检验（成本管理、抖音）,质量检验（qa、qc）
J6046,样品制备质量管理员,浙江双银特材科技有限公司,湖州,0,制造业质量/检验（成本管理、抖音）,制造业质量/检验（图文平台、性能检测）
J6047,测试技术员高薪招聘有吃住,湖州汇东人力资源服务有限公司,湖州,3,软件测试（信号测试、安全测试）,—
J6048,质量主管,杭叉集团,湖州,0,制造业质量/检验（成本管理、抖音）,制造业质量/检验（图文平台、性能检测）
J6049,设备监造,广东联兴建设有限公司,湖州,0,制造业质量/检验（成本管理、抖音）,制造业质量/检验（图文平台、性能检测）
J6050,测试工程师,三一集团有限公司,湖州,3,软件测试（信号测试、安全测试）,—
J6051,质量技术员,浙江华熔科技股份有限公司,湖州,0,制造业质量/检验（成本管理、抖音）,供应链/物料/采购（物料管理、海外供应链）
J6052,燃料电池产品测试主管,浙江氢源智能科技有限公司,湖州,3,软件测试（信号测试、安全测试）,—
J6053,成品检验工程师,杭州路弘科技有限公司,湖州,0,制造业质量/检验（成本管理、抖音）,制造业质量/检验（图文平台、性能检测）
J6054,CQE工程师/客户质量工程师,深向科技股份有限公司,湖州,3,软件测试（信号测试、安全测试）,—
J6055,质量助理工程师,西湖烟山科技(杭州)有限公司,湖州,0,制造业质量/检验（成本管理、抖音）,制造业质量/检验（图文平台、性能检测）
J6056,质量管培生,浙江绿储科技有限公司,湖州,0,制造业质量/检验（成本管理、抖音）,供应链/物料/采购（物料管理、海外供应链）
J6057,力学试验员,蓝箭航天,湖州,0,制造业质量/检验（成本管理、抖音）,制造业质量/检验（图文平台、性能检测）
J6058,品质经理,浙江长兴和良智能装备有限公司,湖州,3,软件测试（信号测试、安全测试）,—
J6059,质量工程师,浙江超威动力能源有限公司,湖州,3,软件测试（信号测试、安全测试）,—
J6060,ict测试工程师,浙江洛杭智能制造有限公司,湖州,3,软件测试（信号测试、安全测试）,—
J6061,芯片开发测试工程师,上海锐森晶创科技有限公司,湖州,3,软件测试（信号测试、安全测试）,—
J6062,BMS测试工程师,浙江天能储能科技发展有限公司,湖州,3,软件测试（信号测试、安全测试）,—
J6063,水泵装配工、测试工,上海南泵流体机械有限公司,湖州,3,软件测试（信号测试、安全测试）,—
J6064,混凝土工艺质量部经理,浙江兆弟控股有限公司,湖州,0,制造业质量/检验（成本管理、抖音）,制造业质量/检验（图文平台、性能检测）
J6065,质量负责人,浙江汉维通信器材有限公司,湖州,0,制造业质量/检验（成本管理、抖音）,质量检验（qa、qc）
J6066,品质工程师,浙江三时纪新材科技有限公司,湖州,3,软件测试（信号测试、安全测试）,—
J6067,成品检验主管,浙江鼎力,湖州,0,制造业质量/检验（成本管理、抖音）,制造业质量/检验（图文平台、性能检测）
J6068,质量工程师,成都派铂宇航科技发展有限公司,湖州,3,软件测试（信号测试、安全测试）,—
J6069,质量工程师,科佳(长兴)模架制造有限公司,湖州,3,软件测试（信号测试、安全测试）,—
J6070,质量工程师,温州联嘉科技有限公司,湖州,3,软件测试（信号测试、安全测试）,—
J6071,测试工程师,三一集团有限公司,湖州,3,软件测试（信号测试、安全测试）,—
J6072,品质管理专员,浙江亚宏医疗器材有限公司,湖州,3,软件测试（信号测试、安全测试）,—
J6073,质量经理,乐源健康科技(湖州)有限公司,湖州,0,制造业质量/检验（成本管理、抖音）,制造业质量/检验（图文平台、性能检测）
J6074,质量工程师,法兰泰克,湖州,3,软件测试（信号测试、安全测试）,—
J6075,质量工程师,人本集团上海轴承有限公司,湖州,3,软件测试（信号测试、安全测试）,—
J6076,材料性能验证工程师,江苏铬莱铂数字科技有限公司,湖州,0,制造业质量/检验（成本管理、抖音）,制造业质量/检验（图文平台、性能检测）
J6077,质量专员,中包物联网科技(天津)有限公司,湖州,0,制造业质量/检验（成本管理、抖音）,质量检验（qa、qc）
J6078,OQC工程师,浙江莱宝显示科技有限公司,湖州,0,制造业质量/检验（成本管理、抖音）,质量检验（qa、qc）
J6079,控制器生产质量工程师,深向科技股份有限公司,湖州,3,软件测试（信号测试、安全测试）,—
J6080,质量工程师（湖州）(J8V5V),蓝箭航天,湖州,3,软件测试（信号测试、安全测试）,—
J6081,电气品质科长,浙江津荣新能源科技有限公司,湖州,3,软件测试（信号测试、安全测试）,—
J6082,PQE,南京佳力图,湖州,0,制造业质量/检验（成本管理、抖音）,制造业质量/检验（图文平台、性能检测）
J6083,化学测试工程师,浙江中越检测技术服务有限公司,湖州,3,软件测试（信号测试、安全测试）,—
J6084,DQE,浙江泰普森实业集团有限公司,湖州,0,制造业质量/检验（成本管理、抖音）,制造业质量/检验（图文平台、性能检测）
J6085,品质主管,天赢精密机械科技(浙江)有限公司,湖州,3,软件测试（信号测试、安全测试）,—
J6086,fqc工程师,杭州路弘科技有限公司,湖州,0,制造业质量/检验（成本管理、抖音）,制造业质量/检验（图文平台、性能检测）
J6087,品质科长,天津津荣天宇精密机械股份有限公司,湖州,3,软件测试（信号测试、安全测试）,—
J6088,品质经理,且浦电子(上海)有限公司,湖州,3,软件测试（信号测试、安全测试）,—
J6089,卤制品品控经理,味斯美食品科技(安吉)有限公司,湖州,0,制造业质量/检验（成本管理、抖音）,制造业质量/检验（图文平台、性能检测）
J6090,质量管理/测试,睿泊(湖州)环保新材料有限公司,湖州,3,软件测试（信号测试、安全测试）,—
J6091,过程质量工程师,三一集团有限公司,湖州,3,软件测试（信号测试、安全测试）,—
J6092,电芯制程质量工程师,北京卫蓝新能源科技股份有限公司,湖州,3,软件测试（信号测试、安全测试）,—
J6093,品控经理,香飘飘食品股份有限公司,湖州,0,制造业质量/检验（成本管理、抖音）,制造业质量/检验（图文平台、性能检测）
J6094,质量总监,温州联嘉科技有限公司,湖州,0,制造业质量/检验（成本管理、抖音）,制造业质量/检验（图文平台、性能检测）
J6095,SQE质量工程师,诺力智能装备股份有限公司,湖州,3,软件测试（信号测试、安全测试）,—
J6096,质量工程师,江苏维克特企业管理集团有限公司,湖州,3,软件测试（信号测试、安全测试）,—
J6097,高级质量工程师,上海瑞晨环保科技股份有限公司,湖州,3,软件测试（信号测试、安全测试）,—
J6098,质量工程师,浙江久功新能源科技有限公司,湖州,3,软件测试（信号测试、安全测试）,—
J6099,研发测试员,长兴皆替环保设备有限公司,湖州,3,软件测试（信号测试、安全测试）,—
J6100,质量分析工程师,人本集团上海轴承有限公司,湖州,0,制造业质量/检验（成本管理、抖音）,制造业质量/检验（图文平台、性能检测）
J6101,质量经理,浙江金辰玻璃有限公司,湖州,0,制造业质量/检验（成本管理、抖音）,制造业质量/检验（图文平台、性能检测）
J6102,化妆品质量经理,苏州凡尔赛化妆品有限公司,湖州,3,软件测试（信号测试、安全测试）,—
J6103,品质经理,且浦格物(浙江)智能制造有限公司,湖州,3,软件测试（信号测试、安全测试）,—
J6104,品质经理,浙江韬普新材料科技有限公司,湖州,3,软件测试（信号测试、安全测试）,—
J6105,DQ工程师,浙江莱宝显示科技有限公司,湖州,0,制造业质量/检验（成本管理、抖音）,制造业质量/检验（图文平台、性能检测）
J6106,质量管理工程师,浙江舜泰汽车有限公司,湖州,0,制造业质量/检验（成本管理、抖音）,制造业质量/检验（图文平台、性能检测）
J6107,品质部部长,玉龙车业(长兴)有限公司,湖州,3,软件测试（信号测试、安全测试）,—
J6108,质量管理,乐源健康科技(湖州)有限公司,湖州,0,制造业质量/检验（成本管理、抖音）,质量检验（qa、qc）
J6109,PACK研发质量工程师,深向科技股份有限公司,湖州,3,软件测试（信号测试、安全测试）,—
J6110,质量工程师,湖州大匠智能科技有限公司,湖州,3,软件测试（信号测试、安全测试）,—
J6111,质量工程师,浙江中力机械股份有限公司杭州分公司,湖州,3,软件测试（信号测试、安全测试）,—
J6112,测试工程师,三一集团有限公司,湖州,3,软件测试（信号测试、安全测试）,—
J6113,制程质量工程师,浙江省长兴天能电源有限公司,湖州,3,软件测试（信号测试、安全测试）,—
J6114,质量主管,浙江佳森科技有限公司,湖州,0,制造业质量/检验（成本管理、抖音）,制造业质量/检验（图文平台、性能检测）
J6115,质量工程师,浙江润阳新材料科技股份有限公司,湖州,3,软件测试（信号测试、安全测试）,—
J6116,质量工程师（稀土永磁行业）,上海磁建实业有限公司,湖州,3,软件测试（信号测试、安全测试）,—
J6117,质量工程师,浙江卡波恩新材料有限公司,湖州,3,软件测试（信号测试、安全测试）,—
J6118,工厂质量经理,香飘飘食品股份有限公司,湖州,0,制造业质量/检验（成本管理、抖音）,制造业质量/检验（图文平台、性能检测）
J6119,品质经理,浙江长兴和良智能装备有限公司,湖州,3,软件测试（信号测试、安全测试）,—
J6120,QC工程师 （侧重检测与CNAS合规）,杭州唐维过滤器材有限公司,湖州,0,制造业质量/检验（成本管理、抖音）,制造业质量/检验（图文平台、性能检测）
J6121,质量经理,湖州慧金材料科技有限公司,湖州,0,制造业质量/检验（成本管理、抖音）,供应链/物料/采购（物料管理、海外供应链）
J6122,质量经理,丰汇新材料科技(湖州)有限公司,湖州,0,制造业质量/检验（成本管理、抖音）,制造业质量/检验（图文平台、性能检测）
J6123,质量工程师,河南百铸科技有限公司,湖州,3,软件测试（信号测试、安全测试）,—
J6124,质量经理,广州弘泽汽车科技有限公司,湖州,0,制造业质量/检验（成本管理、抖音）,制造业质量/检验（图文平台、性能检测）
J6125,食品厂品控主管,浙江中科中创功能食品有限公司,湖州,0,制造业质量/检验（成本管理、抖音）,制造业质量/检验（图文平台、性能检测）
J6126,pqe过程质量工程师（品质）,浙江莱宝显示科技有限公司,湖州,3,软件测试（信号测试、安全测试）,—
J6127,品质部经理,浙江浙港科技股份有限公司,湖州,3,软件测试（信号测试、安全测试）,—
J6128,品质部经理,钜普汽车零部件(长兴)有限公司,湖州,3,软件测试（信号测试、安全测试）,—
J6129,QC主管,湖州锐镁精密金属有限公司,湖州,0,制造业质量/检验（成本管理、抖音）,制造业质量/检验（图文平台、性能检测）
J6130,质量经理,艾瑞汽车科技(哈尔滨)股份有限公司,湖州,0,制造业质量/检验（成本管理、抖音）,制造业质量/检验（图文平台、性能检测）
J6131,智联猎头-品质经理,智联招聘,湖州,3,软件测试（信号测试、安全测试）,—
J6132,控制器过程质量工程师,深向科技股份有限公司,湖州,3,软件测试（信号测试、安全测试）,—
J6133,整机测试工程师,三一集团有限公司,湖州,3,软件测试（信号测试、安全测试）,—
J6134,产品质量经理,浙江大祥,湖州,3,软件测试（信号测试、安全测试）,—
J6135,pqe质量工程师,浙江亚能能源科技有限公司,湖州,3,软件测试（信号测试、安全测试）,—
J6136,工艺测试工程师,马丁科瑞电子科技(浙江)有限公司,湖州,3,软件测试（信号测试、安全测试）,—
J6137,烘培品控经理,味斯美食品科技(安吉)有限公司,湖州,0,制造业质量/检验（成本管理、抖音）,质量检验（qa、qc）
J6138,质量工程师,杭州华塑科技股份有限公司,湖州,3,软件测试（信号测试、安全测试）,—
J6139,质量总监（汽车橡胶密封件/IATF16949）——中国高端橡…,人本集团上海轴承有限公司,湖州,0,制造业质量/检验（成本管理、抖音）,制造业质量/检验（图文平台、性能检测）
J6140,PQE质量工程师,成都派铂宇航科技发展有限公司,湖州,3,软件测试（信号测试、安全测试）,—
J6141,DQE,浙江七星电子股份有限公司,湖州,0,制造业质量/检验（成本管理、抖音）,制造业质量/检验（图文平台、性能检测）
J6142,金属3D打印设备质检主管,江苏铬莱铂数字科技有限公司,湖州,0,制造业质量/检验（成本管理、抖音）,供应链/物料/采购（物料管理、海外供应链）
J6143,电芯品质工程师,四川星空钠电电池有限公司,湖州,3,软件测试（信号测试、安全测试）,—
J6144,质量经理,杭州幄肯新材料科技股份有限公司,湖州,0,制造业质量/检验（成本管理、抖音）,制造业质量/检验（图文平台、性能检测）
J6145,品质主管,绮丽华美妆制品(湖州)有限公司,湖州,3,软件测试（信号测试、安全测试）,—
J6146,电机测试工程师,浙江海川电气科技有限公司,湖州,3,软件测试（信号测试、安全测试）,—
J6147,品检科长,浙江长兴和良智能装备有限公司,湖州,0,制造业质量/检验（成本管理、抖音）,制造业质量/检验（图文平台、性能检测）
J6148,质量经理（SMT),苏州申博电子科技有限公司,湖州,0,制造业质量/检验（成本管理、抖音）,制造业质量/检验（图文平台、性能检测）
J6149,彩涂品质经理（湖州长兴）,申江集团有限公司,湖州,3,软件测试（信号测试、安全测试）,—
J6150,质量工程师（机械）,浙江创凯机电科技有限公司,湖州,3,软件测试（信号测试、安全测试）,—
J6151,品质部经理,浙江金柏利卫浴有限公司,湖州,3,软件测试（信号测试、安全测试）,—
J6152,质量工程师,浙江快易智能制造有限公司,湖州,3,软件测试（信号测试、安全测试）,—
J6153,测控工程师（浙江湖州）(V2455),蓝箭航天,湖州,0,制造业质量/检验（成本管理、抖音）,制造业质量/检验（图文平台、性能检测）
J6154,测试工程师,三一集团有限公司,湖州,3,软件测试（信号测试、安全测试）,—
J6155,PQE主管,浙江中匠智能装备有限公司,湖州,0,制造业质量/检验（成本管理、抖音）,质量检验（qa、qc）
J6156,水产品食品/品控/品质主管,福建省瀚腾渔业有限公司,湖州,3,软件测试（信号测试、安全测试）,—
J6157,质量总监,镇江英钠新能源材料有限公司,湖州,0,制造业质量/检验（成本管理、抖音）,制造业质量/检验（图文平台、性能检测）
J6158,实验室技术员,浙江莱宝显示科技有限公司,湖州,0,制造业质量/检验（成本管理、抖音）,制造业质量/检验（图文平台、性能检测）
J6159,实验室工程师,湖州东尼新能源有限公司,湖州,0,制造业质量/检验（成本管理、抖音）,制造业质量/检验（图文平台、性能检测）
J6160,研发实验员/化验员,浙江铭天电子新材料有限公司,湖州,0,制造业质量/检验（成本管理、抖音）,制造业质量/检验（图文平台、性能检测）
J6161,PACK质检员,北京卫蓝新能源科技股份有限公司,湖州,0,制造业质量/检验（成本管理、抖音）,制造业质量/检验（图文平台、性能检测）
J6162,中级电子产品维护工程师,湖州安迪特科技有限公司,湖州,6,产品/项目管理（国内市场、需求分析）,—
J6163,智联猎头-成品检验,智联招聘,湖州,0,制造业质量/检验（成本管理、抖音）,制造业质量/检验（图文平台、性能检测）
J6164,检验员,浙江昱升个人护理用品有限公司,湖州,0,制造业质量/检验（成本管理、抖音）,制造业质量/检验（图文平台、性能检测）
J6165,电气工程师技术员,鼎御智能装备(嘉兴)有限公司,湖州,0,制造业质量/检验（成本管理、抖音）,电子/半导体/设备（测试、自动化设计）
J6166,巡检员,德清创智科技股份有限公司,湖州,0,制造业质量/检验（成本管理、抖音）,制造业质量/检验（图文平台、性能检测）
J6167,质量检验员,今朝联合有限公司,湖州,0,制造业质量/检验（成本管理、抖音）,制造业质量/检验（图文平台、性能检测）
J6168,胶水质检员,浙江星华新材料集团股份有限公司,湖州,0,制造业质量/检验（成本管理、抖音）,供应链/物料/采购（物料管理、海外供应链）
J6169,质检员,浙江乐邦建设有限公司,湖州,0,制造业质量/检验（成本管理、抖音）,供应链/物料/采购（物料管理、海外供应链）
J6170,质检员,嘉兴市沪东日用助剂有限公司,湖州,0,制造业质量/检验（成本管理、抖音）,制造业质量/检验（图文平台、性能检测）
J6171,检测工程师,赛迈科先进材料股份有限公司,湖州,0,制造业质量/检验（成本管理、抖音）,制造业质量/检验（图文平台、性能检测）
J6172,热管理测试工程师,三一集团有限公司,湖州,3,软件测试（信号测试、安全测试）,—
J6173,三坐标测量员,湖州锐镁精密金属有限公司,湖州,0,制造业质量/检验（成本管理、抖音）,制造业质量/检验（图文平台、性能检测）
J6174,急招PLC维修工程师+包吃住,上海邦芒人力资源有限公司,湖州,0,制造业质量/检验（成本管理、抖音）,电子/半导体/设备（测试、自动化设计）
J6175,电气工程师,浙江东腾智能装备有限公司,湖州,0,制造业质量/检验（成本管理、抖音）,电子/半导体/设备（测试、自动化设计）
J6176,电气工程师,浙江旭派克智能科技有限公司,湖州,0,制造业质量/检验（成本管理、抖音）,电子/半导体/设备（测试、自动化设计）
J6177,电气工程师,浙江中匠智能装备有限公司,湖州,0,制造业质量/检验（成本管理、抖音）,电子/半导体/设备（测试、自动化设计）
J6178,机械质量检验员,湖州速得云机电科技有限公司,湖州,0,制造业质量/检验（成本管理、抖音）,制造业质量/检验（图文平台、性能检测）
J6179,滤波器研发工程师,浙江富霖新材科技有限公司,湖州,0,制造业质量/检验（成本管理、抖音）,制造业质量/检验（图文平台、性能检测）
J6180,机械大学生,诺力智能装备股份有限公司,湖州,0,制造业质量/检验（成本管理、抖音）,电子/半导体/设备（测试、自动化设计）
J6181,液冷电气工程师,浙江慧昇液冷科技有限公司,湖州,0,制造业质量/检验（成本管理、抖音）,电子/半导体/设备（测试、自动化设计）
J6182,WET工程师,浙江莱宝显示科技有限公司,湖州,0,制造业质量/检验（成本管理、抖音）,制造业质量/检验（图文平台、性能检测）
J6183,电气工程师,马丁科瑞电子科技(浙江)有限公司,湖州,0,制造业质量/检验（成本管理、抖音）,电子/半导体/设备（测试、自动化设计）
J6184,质量检验员,湖州迈斯精密科技有限公司,湖州,0,制造业质量/检验（成本管理、抖音）,制造业质量/检验（图文平台、性能检测）
J6185,电气工程师,芜湖永盛汽车内饰有限公司,湖州,0,制造业质量/检验（成本管理、抖音）,电子/半导体/设备（测试、自动化设计）
J6186,电气工程师,人本集团上海轴承有限公司,湖州,0,制造业质量/检验（成本管理、抖音）,电子/半导体/设备（测试、自动化设计）
J6187,资深测量工程师,蓝箭航天,湖州,0,制造业质量/检验（成本管理、抖音）,制造业质量/检验（图文平台、性能检测）
J6188,高级电子工程师,湖州安迪特科技有限公司,湖州,0,制造业质量/检验（成本管理、抖音）,制造业质量/检验（图文平台、性能检测）
J6189,电气调试工程师,江苏美客鼎嵘智能装备制造有限公司,湖州,0,制造业质量/检验（成本管理、抖音）,电子/半导体/设备（测试、自动化设计）
J6190,机械工程师,浙江绿储科技有限公司,湖州,0,制造业质量/检验（成本管理、抖音）,电子/半导体/设备（测试、自动化设计）
J6191,电气工程师（2024-2）,浙江长兴和良智能装备有限公司,湖州,0,制造业质量/检验（成本管理、抖音）,电子/半导体/设备（测试、自动化设计）
J6192,载荷谱测试工程师,三一集团有限公司,湖州,3,软件测试（信号测试、安全测试）,—
J6193,质量工程师,法兰泰克,湖州,3,软件测试（信号测试、安全测试）,—
J6194,质量管理,浙江优时代智能科技有限公司,湖州,0,制造业质量/检验（成本管理、抖音）,制造业质量/检验（图文平台、性能检测）
J6195,质量工程师,杭叉集团,湖州,3,软件测试（信号测试、安全测试）,—
J6196,有源检测,东点(杭州)医学科技有限公司,湖州,0,制造业质量/检验（成本管理、抖音）,制造业质量/检验（图文平台、性能检测）
J6197,分析工程师,杭州唐维过滤器材有限公司,湖州,0,制造业质量/检验（成本管理、抖音）,制造业质量/检验（图文平台、性能检测）
J6198,电气工程师,浙江中力机械股份有限公司杭州分公司,湖州,0,制造业质量/检验（成本管理、抖音）,电子/半导体/设备（测试、自动化设计）
J6199,非标自动化项目研发经理（工业机器人）,浙江兆弟控股有限公司,湖州,0,制造业质量/检验（成本管理、抖音）,电子/半导体/设备（测试、自动化设计）
J6200,机械设计,行进物流设备科技(杭州)有限公司,湖州,0,制造业质量/检验（成本管理、抖音）,电子/半导体/设备（测试、自动化设计）
J6201,品质工程师（质量管理专业）,洁美科技,湖州,3,软件测试（信号测试、安全测试）,—
J6202,质量主管,湖州汉天下电子有限公司,湖州,0,制造业质量/检验（成本管理、抖音）,质量检验（qa、qc）
J6203,质量工程师,浙江嘉睿动力有限公司,湖州,3,软件测试（信号测试、安全测试）,—
J6204,硬件工程师,浙江胜骥科技有限公司,湖州,5,嵌入式/硬件（rtos、32位单片机）,—
J6205,电气工程师,华方信智能科技(江苏)有限公司,湖州,0,制造业质量/检验（成本管理、抖音）,电子/半导体/设备（测试、自动化设计）
J6206,品质副总监,道一(天津)企业管理咨询有限公司,湖州,3,软件测试（信号测试、安全测试）,—
J6207,qc组长,浙江星泽新能源科技有限公司,湖州,0,制造业质量/检验（成本管理、抖音）,质量检验（qa、qc）
J6208,电推试验工程师(A96249),蓝箭航天,湖州,0,制造业质量/检验（成本管理、抖音）,制造业质量/检验（图文平台、性能检测）
J6209,测试工程师,三一集团有限公司,湖州,3,软件测试（信号测试、安全测试）,—
J6210,质量工程师（FQC）,杭州路弘科技有限公司,湖州,3,软件测试（信号测试、安全测试）,—
J6211,轴承质量工程师,人本集团上海轴承有限公司,湖州,3,软件测试（信号测试、安全测试）,—
J6212,品管经理,浙江泰普森实业集团有限公司,湖州,0,制造业质量/检验（成本管理、抖音）,制造业质量/检验（图文平台、性能检测）
J6213,质量主管,睿泊(湖州)环保新材料有限公司,湖州,0,制造业质量/检验（成本管理、抖音）,制造业质量/检验（图文平台、性能检测）
J6214,QC主管,乐源健康科技(湖州)有限公司,湖州,0,制造业质量/检验（成本管理、抖音）,质量检验（qa、qc）
J6215,质量主管,浙江中力机械股份有限公司杭州分公司,湖州,0,制造业质量/检验（成本管理、抖音）,制造业质量/检验（图文平台、性能检测）
J6216,品检科长,浙江长兴和良智能装备有限公司,湖州,0,制造业质量/检验（成本管理、抖音）,质量检验（qa、qc）
J6217,PQE工程师-LCD（Array/CF/Cell/Module）,浙江莱宝显示科技有限公司,湖州,0,制造业质量/检验（成本管理、抖音）,质量检验（qa、qc）
J6218,NVH测试工程师,三一集团有限公司,湖州,3,软件测试（信号测试、安全测试）,—
J6219,质量总监（橡胶产品）,人本集团上海轴承有限公司,湖州,6,产品/项目管理（国内市场、需求分析）,—
J6220,卤制品品控经理,味斯美食品科技(安吉)有限公司,湖州,0,制造业质量/检验（成本管理、抖音）,质量检验（qa、qc）
J6221,轴承密封件质量总监,人本集团上海轴承有限公司,湖州,0,制造业质量/检验（成本管理、抖音）,制造业质量/检验（图文平台、性能检测）
J6222,品质主管,浙江亚能能源科技有限公司,湖州,3,软件测试（信号测试、安全测试）,—
J6223,低温肉品控经理,味斯美食品科技(安吉)有限公司,湖州,0,制造业质量/检验（成本管理、抖音）,质量检验（qa、qc）
J6224,CQE客户质量工程师,浙江七星电子股份有限公司,湖州,3,软件测试（信号测试、安全测试）,—
J6225,食品品控经理（烘焙西点类）,味斯美食品科技(安吉)有限公司,湖州,0,制造业质量/检验（成本管理、抖音）,质量检验（qa、qc）
J6226,智能化工程师,三一集团有限公司,湖州,0,制造业质量/检验（成本管理、抖音）,制造业质量/检验（图文平台、性能检测）
J6227,智联猎头-电子工程师,智联招聘,湖州,0,制造业质量/检验（成本管理、抖音）,制造业质量/检验（图文平台、性能检测）
J6228,助理产品维护工程师,湖州安迪特科技有限公司,湖州,6,产品/项目管理（国内市场、需求分析）,—
J6229,DRY工程师,浙江莱宝显示科技有限公司,湖州,0,制造业质量/检验（成本管理、抖音）,制造业质量/检验（图文平台、性能检测）
J6230,解析实验室主管/工程师,浙江莱宝显示科技有限公司,湖州,0,制造业质量/检验（成本管理、抖音）,制造业质量/检验（图文平台、性能检测）
J6231,急招变电站电气工程师+年终奖金,上海邦芒人力资源有限公司,湖州,0,制造业质量/检验（成本管理、抖音）,电子/半导体/设备（测试、自动化设计）
J6232,解析工程师/主管,浙江莱宝显示科技有限公司,湖州,0,制造业质量/检验（成本管理、抖音）,制造业质量/检验（图文平台、性能检测）
J6233,算法工程师,三一集团有限公司,湖州,7,算法/人工智能（智能驾驶、传感器融合）,—
J6234,电动推杆高级电子工程师,湖州安迪特科技有限公司,湖州,0,制造业质量/检验（成本管理、抖音）,制造业质量/检验（图文平台、性能检测）
J6235,品质副总监,洁美科技,湖州,3,软件测试（信号测试、安全测试）,—
J6236,品质工程师,洁美科技,湖州,3,软件测试（信号测试、安全测试）,—
J6237,注塑品质工程师,洁美科技,湖州,3,软件测试（信号测试、安全测试）,—
J6238,非标电气经理,华方信智能科技(江苏)有限公司,湖州,0,制造业质量/检验（成本管理、抖音）,制造业质量/检验（图文平台、性能检测）
J6239,运维值班员,浙江熊创微电网科技有限公司,湖州,1,运维/云与网络（分布式电站、空调工程）,—
J6240,it网络管理员,湖州机床厂有限公司,湖州,0,制造业质量/检验（成本管理、抖音）,制造业质量/检验（图文平台、性能检测）
J6241,急聘电工,上海蔚来汽车有限公司,湖州,0,制造业质量/检验（成本管理、抖音）,制造业质量/检验（图文平台、性能检测）
J6242,服务器运维工程师,浙江莱宝显示科技有限公司,湖州,1,运维/云与网络（分布式电站、空调工程）,—
J6243,招聘电工 月入6000,杭州飞豹新能源科技有限公司,湖州,0,制造业质量/检验（成本管理、抖音）,制造业质量/检验（图文平台、性能检测）
J6244,设备维修岗（暖通运维）,蜂巢能源,湖州,1,运维/云与网络（分布式电站、空调工程）,—
J6245,IT工程师,湖州申科生物技术股份有限公司,湖州,0,制造业质量/检验（成本管理、抖音）,制造业质量/检验（图文平台、性能检测）
J6246,it运维,江苏树云工程科技有限公司,湖州,1,运维/云与网络（分布式电站、空调工程）,—
J6247,动力运维工程师,中国移动通信集团浙江有限公司湖州分公司,湖州,1,运维/云与网络（分布式电站、空调工程）,—
J6248,运维保障工程师（源水尾水）,浙江商达公用集团有限公司,湖州,1,运维/云与网络（分布式电站、空调工程）,—
J6249,变电站运行维护工程师,浙江永达电力实业股份有限公司,湖州,0,制造业质量/检验（成本管理、抖音）,制造业质量/检验（图文平台、性能检测）
J6250,光伏运维实习生,浙江柚橙新能源科技有限公司,湖州,1,运维/云与网络（分布式电站、空调工程）,—
J6251,诚聘电工 月入7000,上海邦芒人力资源有限公司,湖州,0,制造业质量/检验（成本管理、抖音）,制造业质量/检验（图文平台、性能检测）
J6252,空气站环保/运维工程师（湖州）,碧兴物联科技(深圳)股份有限公司,湖州,1,运维/云与网络（分布式电站、空调工程）,—
J6253,MES软件运维工程师,乐源健康科技(湖州)有限公司,湖州,1,运维/云与网络（分布式电站、空调工程）,—
J6254,项目工程师广东海南,江苏欧讯能源科技有限公司,湖州,0,制造业质量/检验（成本管理、抖音）,制造业质量/检验（图文平台、性能检测）
J6255,招聘电工,杭州飞豹新能源科技有限公司,湖州,0,制造业质量/检验（成本管理、抖音）,制造业质量/检验（图文平台、性能检测）
J6256,硬件运维工程师（弱电）,浙江莱宝显示科技有限公司,湖州,1,运维/云与网络（分布式电站、空调工程）,—
J6257,工商业分布式光伏电站运维值班员,浙江熊创微电网科技有限公司,湖州,1,运维/云与网络（分布式电站、空调工程）,—
J6258,通信工程师,北京昊普康科技股份有限公司,湖州,0,制造业质量/检验（成本管理、抖音）,供应链/物料/采购（物料管理、海外供应链）
J6259,储能售后工程师,杭州度能新能源有限公司,湖州,0,制造业质量/检验（成本管理、抖音）,制造业质量/检验（图文平台、性能检测）
J6260,锂电池售后工程师（户储）,浙江天能储能科技发展有限公司,湖州,0,制造业质量/检验（成本管理、抖音）,制造业质量/检验（图文平台、性能检测）
J6261,网络管理工程师,浙江鼎力,湖州,0,制造业质量/检验（成本管理、抖音）,制造业质量/检验（图文平台、性能检测）
J6262,厂务工程师,马丁科瑞电子科技(浙江)有限公司,湖州,0,制造业质量/检验（成本管理、抖音）,制造业质量/检验（图文平台、性能检测）
J6263,现场工程师,十足集团有限公司,湖州,0,制造业质量/检验（成本管理、抖音）,制造业质量/检验（图文平台、性能检测）
J6264,设备工程师（倒班）,湖州东尼新能源有限公司,湖州,0,制造业质量/检验（成本管理、抖音）,供应链/物料/采购（物料管理、海外供应链）
J6265,变电站站长,河北广安机电安装工程有限公司,湖州,0,制造业质量/检验（成本管理、抖音）,制造业质量/检验（图文平台、性能检测）
J6266,设备维护工程师（新能源控制器产线）,深向科技股份有限公司,湖州,0,制造业质量/检验（成本管理、抖音）,制造业质量/检验（图文平台、性能检测）
J6267,CIM PC/BC工程师,浙江莱宝显示科技有限公司,湖州,0,制造业质量/检验（成本管理、抖音）,制造业质量/检验（图文平台、性能检测）
J6268,MES工程师,浙江莱宝显示科技有限公司,湖州,0,制造业质量/检验（成本管理、抖音）,制造业质量/检验（图文平台、性能检测）
J6269,cim pc 工程师,浙江莱宝显示科技有限公司,湖州,0,制造业质量/检验（成本管理、抖音）,制造业质量/检验（图文平台、性能检测）
J6270,cim pc 工程师,浙江莱宝显示科技有限公司,湖州,0,制造业质量/检验（成本管理、抖音）,制造业质量/检验（图文平台、性能检测）
J6271,厂务工程师（电工证）,马丁科瑞电子科技(浙江)有限公司,湖州,0,制造业质量/检验（成本管理、抖音）,制造业质量/检验（图文平台、性能检测）
J6272,数据统计员,蜂巢能源,湖州,0,制造业质量/检验（成本管理、抖音）,制造业质量/检验（图文平台、性能检测）
J6273,湖州话数据标注,安徽百得思维信息科技有限公司,湖州,0,制造业质量/检验（成本管理、抖音）,制造业质量/检验（图文平台、性能检测）
J6274,数据专员,诺力智能装备股份有限公司,湖州,0,制造业质量/检验（成本管理、抖音）,制造业质量/检验（图文平台、性能检测）
J6275,数据统计员,马丁科瑞电子科技(浙江)有限公司,湖州,0,制造业质量/检验（成本管理、抖音）,供应链/物料/采购（物料管理、海外供应链）
J6276,成本核算员,老娘舅餐饮股份有限公司,湖州,0,制造业质量/检验（成本管理、抖音）,数据/统计分析（数据建模、统计学）
J6277,生产统计（湖州长兴）,申江集团有限公司,湖州,0,制造业质量/检验（成本管理、抖音）,数据/统计分析（数据建模、统计学）
J6278,营销负责人,浙江盛源文旅发展有限公司,湖州,0,制造业质量/检验（成本管理、抖音）,制造业质量/检验（图文平台、性能检测）
J6279,生产车间统计员,浙江双银特材科技有限公司,湖州,0,制造业质量/检验（成本管理、抖音）,制造业质量/检验（图文平台、性能检测）
J6280,运营管理-结算业务管理岗—湖州国企,某知名企业,湖州,0,制造业质量/检验（成本管理、抖音）,制造业质量/检验（图文平台、性能检测）
J6281,商务专员,湖州申科生物技术股份有限公司,湖州,0,制造业质量/检验（成本管理、抖音）,制造业质量/检验（图文平台、性能检测）
J6282,铸造工程师助理,湖州美迈科技有限公司,湖州,0,制造业质量/检验（成本管理、抖音）,制造业质量/检验（图文平台、性能检测）
J6283,分析员,浙江中蓝新能源材料有限公司,湖州,0,制造业质量/检验（成本管理、抖音）,制造业质量/检验（图文平台、性能检测）
J6284,仓储吉利（汽车仓）-C2508U,京东集团,湖州,0,制造业质量/检验（成本管理、抖音）,制造业质量/检验（图文平台、性能检测）
J6285,PACK 生产班长,浙江天能储能科技发展有限公司,湖州,0,制造业质量/检验（成本管理、抖音）,制造业质量/检验（图文平台、性能检测）
J6286,三坐标工程师,赛迈科先进材料股份有限公司,湖州,0,制造业质量/检验（成本管理、抖音）,供应链/物料/采购（物料管理、海外供应链）
J6287,工艺工程师,蜂巢能源,湖州,0,制造业质量/检验（成本管理、抖音）,制造业质量/检验（图文平台、性能检测）
J6288,711便利店（梅地亚广场店）储备店长,湖州市财聚商业管理有限责任公司,湖州,0,制造业质量/检验（成本管理、抖音）,制造业质量/检验（图文平台、性能检测）
J6289,内贸业务员（半导体存储芯片行业）,浙江新大集团有限公司,湖州,0,制造业质量/检验（成本管理、抖音）,制造业质量/检验（图文平台、性能检测）
J6290,瓜子二手车检测商务BD,金瓜子科技发展(北京)有限公司,湖州,0,制造业质量/检验（成本管理、抖音）,制造业质量/检验（图文平台、性能检测）
J6291,国内销售助理,东方生物,湖州,0,制造业质量/检验（成本管理、抖音）,供应链/物料/采购（物料管理、海外供应链）
J6292,集散综合质控,丽迅企业发展(上海)有限公司,湖州,0,制造业质量/检验（成本管理、抖音）,供应链/物料/采购（物料管理、海外供应链）
J6293,激光工艺工程师,湖州晶洲半导体科技有限公司,湖州,0,制造业质量/检验（成本管理、抖音）,制造业质量/检验（图文平台、性能检测）
J6294,财务统计,湖州申通物流有限公司,湖州,0,制造业质量/检验（成本管理、抖音）,供应链/物料/采购（物料管理、海外供应链）
J6295,集团薪酬绩效经理,浙江兆弟控股有限公司,湖州,0,制造业质量/检验（成本管理、抖音）,供应链/物料/采购（物料管理、海外供应链）
J6296,金刚石长晶工程师,合肥昆仑芯星半导体有限公司,湖州,0,制造业质量/检验（成本管理、抖音）,制造业质量/检验（图文平台、性能检测）
J6297,销售助理,浙江中力机械股份有限公司杭州分公司,湖州,0,制造业质量/检验（成本管理、抖音）,制造业质量/检验（图文平台、性能检测）
J6298,生产管培生,浙江华宝油墨有限公司,湖州,0,制造业质量/检验（成本管理、抖音）,供应链/物料/采购（物料管理、海外供应链）
J6299,QA专员,浙江康润制药有限公司,湖州,0,制造业质量/检验（成本管理、抖音）,制造业质量/检验（图文平台、性能检测）
J6300,仓库经理,浙江天能储能科技发展有限公司,湖州,0,制造业质量/检验（成本管理、抖音）,制造业质量/检验（图文平台、性能检测）
J6301,结构仓组长,浙江富特科技股份有限公司,湖州,0,制造业质量/检验（成本管理、抖音）,制造业质量/检验（图文平台、性能检测）
J6302,童装买手,江西省小时代服饰有限公司,湖州,0,制造业质量/检验（成本管理、抖音）,制造业质量/检验（图文平台、性能检测）
J6303,新媒体运营（品牌/策划/创意方向）,浙江鼎力,湖州,0,制造业质量/检验（成本管理、抖音）,制造业质量/检验（图文平台、性能检测）
J6304,材料工艺工程师,浙江超威动力能源有限公司,湖州,0,制造业质量/检验（成本管理、抖音）,制造业质量/检验（图文平台、性能检测）
J6305,急聘折弯工 月入17000（空调 三人间）,赛腾股份,湖州,0,制造业质量/检验（成本管理、抖音）,制造业质量/检验（图文平台、性能检测）
J6306,设备工程师,亨通集团有限公司,湖州,0,制造业质量/检验（成本管理、抖音）,供应链/物料/采购（物料管理、海外供应链）
J6307,NPI工程师,且浦电子(上海)有限公司,湖州,0,制造业质量/检验（成本管理、抖音）,制造业质量/检验（图文平台、性能检测）
J6308,PE工程师,永艺股份,湖州,0,制造业质量/检验（成本管理、抖音）,制造业质量/检验（图文平台、性能检测）
J6309,PIE主管,浙江中匠智能装备有限公司,湖州,0,制造业质量/检验（成本管理、抖音）,制造业质量/检验（图文平台、性能检测）
J6310,分析员（央企直招）,浙江中蓝新能源材料有限公司,湖州,0,制造业质量/检验（成本管理、抖音）,制造业质量/检验（图文平台、性能检测）
J6311,生产助理,浙江正导技术股份有限公司,湖州,0,制造业质量/检验（成本管理、抖音）,制造业质量/检验（图文平台、性能检测）
J6312,淘宝拼多多运营,浙江越宏新材料有限公司,湖州,0,制造业质量/检验（成本管理、抖音）,制造业质量/检验（图文平台、性能检测）
J6313,仓库主管,屹丰汽车科技集团有限公司,湖州,0,制造业质量/检验（成本管理、抖音）,制造业质量/检验（图文平台、性能检测）
J6314,HRBP,上海瑞晨环保科技股份有限公司,湖州,0,制造业质量/检验（成本管理、抖音）,制造业质量/检验（图文平台、性能检测）
J6315,总经理助理,浙江泰普森实业集团有限公司,湖州,0,制造业质量/检验（成本管理、抖音）,制造业质量/检验（图文平台、性能检测）
J6316,铝压铸班长,天津津荣天宇精密机械股份有限公司,湖州,0,制造业质量/检验（成本管理、抖音）,制造业质量/检验（图文平台、性能检测）
J6317,三坐标检验员,杭州佳菱机械制造有限公司,湖州,0,制造业质量/检验（成本管理、抖音）,制造业质量/检验（图文平台、性能检测）
J6318,现场工艺工程师,浙江韬普新材料科技有限公司,湖州,0,制造业质量/检验（成本管理、抖音）,制造业质量/检验（图文平台、性能检测）
J6319,现场工程师（精益方向）,诺力智能装备股份有限公司,湖州,0,制造业质量/检验（成本管理、抖音）,制造业质量/检验（图文平台、性能检测）
J6320,高校专业带头人/专任教师,湖州鑫远投资有限公司,湖州,0,制造业质量/检验（成本管理、抖音）,制造业质量/检验（图文平台、性能检测）
J6321,品管员,浙江元界智造科技有限公司,湖州,0,制造业质量/检验（成本管理、抖音）,制造业质量/检验（图文平台、性能检测）
J6322,充电机 PIE 工程师,杭州度能新能源有限公司,湖州,0,制造业质量/检验（成本管理、抖音）,制造业质量/检验（图文平台、性能检测）
J6323,物流管培生,味斯美食品科技(安吉)有限公司,湖州,0,制造业质量/检验（成本管理、抖音）,制造业质量/检验（图文平台、性能检测）
J6324,计划主管,屹丰汽车科技集团有限公司,湖州,0,制造业质量/检验（成本管理、抖音）,供应链/物料/采购（物料管理、海外供应链）
J6325,网络推广主管,浙江越宏新材料有限公司,湖州,0,制造业质量/检验（成本管理、抖音）,制造业质量/检验（图文平台、性能检测）
J6326,环保运营专员,浙江美欣达欣启源环保科技有限公司,湖州,0,制造业质量/检验（成本管理、抖音）,制造业质量/检验（图文平台、性能检测）
J6327,物流调度员,浙江畅宇物流股份有限公司,湖州,0,制造业质量/检验（成本管理、抖音）,制造业质量/检验（图文平台、性能检测）
J6328,设备工程师,浙江德奥智能装备有限公司,湖州,0,制造业质量/检验（成本管理、抖音）,制造业质量/检验（图文平台、性能检测）
J6329,技术工程师（微生物检测、水系检测、环境检测方向）,湖州申科生物技术股份有限公司,湖州,0,制造业质量/检验（成本管理、抖音）,供应链/物料/采购（物料管理、海外供应链）
J6330,中信保专员,天能电池集团(江西)有限公司,湖州,0,制造业质量/检验（成本管理、抖音）,供应链/物料/采购（物料管理、海外供应链）
J6331,新媒体运营,浙江普康智慧养老产业科技有限公司,湖州,0,制造业质量/检验（成本管理、抖音）,制造业质量/检验（图文平台、性能检测）
J6332,成本管控专员,三一集团有限公司,湖州,0,制造业质量/检验（成本管理、抖音）,制造业质量/检验（图文平台、性能检测）
J6333,电商商务BD,湘雅生物医药(湖州)有限公司,湖州,0,制造业质量/检验（成本管理、抖音）,制造业质量/检验（图文平台、性能检测）
J6334,hr人事专员,天能股份,湖州,0,制造业质量/检验（成本管理、抖音）,制造业质量/检验（图文平台、性能检测）
J6335,机械技术员,浙江金辰玻璃有限公司,湖州,0,制造业质量/检验（成本管理、抖音）,制造业质量/检验（图文平台、性能检测）
J6336,运营交付经理,安迈特科技(北京)有限公司,湖州,0,制造业质量/检验（成本管理、抖音）,制造业质量/检验（图文平台、性能检测）
J6337,设备技术专家,乐源健康科技(湖州)有限公司,湖州,0,制造业质量/检验（成本管理、抖音）,制造业质量/检验（图文平台、性能检测）
J6338,门店店长,味斯美食品科技(安吉)有限公司,湖州,0,制造业质量/检验（成本管理、抖音）,制造业质量/检验（图文平台、性能检测）
J6339,PACK设备工程师,深向科技股份有限公司,湖州,0,制造业质量/检验（成本管理、抖音）,制造业质量/检验（图文平台、性能检测）
J6340,人资主管,浙江宏创轻合金汽车零部件有限公司,湖州,0,制造业质量/检验（成本管理、抖音）,供应链/物料/采购（物料管理、海外供应链）
J6341,项目管培生（浙江安吉）,北科(北京)药物研究院有限公司,湖州,0,制造业质量/检验（成本管理、抖音）,制造业质量/检验（图文平台、性能检测）
J6342,总经理助理（生产运营方向）,浙江泰普森实业集团有限公司,湖州,0,制造业质量/检验（成本管理、抖音）,制造业质量/检验（图文平台、性能检测）
J6343,生产车间储备干部,诺力智能装备股份有限公司,湖州,0,制造业质量/检验（成本管理、抖音）,制造业质量/检验（图文平台、性能检测）
J6344,新媒体运营,丰汇新材料科技(湖州)有限公司,湖州,0,制造业质量/检验（成本管理、抖音）,制造业质量/检验（图文平台、性能检测）
J6345,董事长秘书,赛迈科先进材料股份有限公司,湖州,0,制造业质量/检验（成本管理、抖音）,制造业质量/检验（图文平台、性能检测）
J6346,采购助理,浙江中匠智能装备有限公司,湖州,0,制造业质量/检验（成本管理、抖音）,供应链/物料/采购（物料管理、海外供应链）
J6347,电芯工艺工程师,辽宁宏成电力股份有限公司,湖州,0,制造业质量/检验（成本管理、抖音）,制造业质量/检验（图文平台、性能检测）
J6348,立库维护工程师,南方泵业股份有限公司,湖州,0,制造业质量/检验（成本管理、抖音）,制造业质量/检验（图文平台、性能检测）
J6349,薪酬绩效专员,浙江佳森科技有限公司,湖州,0,制造业质量/检验（成本管理、抖音）,制造业质量/检验（图文平台、性能检测）
J6350,储备干部,浙江旺能生态科技有限公司,湖州,0,制造业质量/检验（成本管理、抖音）,制造业质量/检验（图文平台、性能检测）
J6351,人力资源部管培生—湖州银行总行,湖州银行股份有限公司,湖州,0,制造业质量/检验（成本管理、抖音）,制造业质量/检验（图文平台、性能检测）
J6352,tiktok运营助理（双休）,湖州市倍优择国际贸易有限公司,湖州,0,制造业质量/检验（成本管理、抖音）,供应链/物料/采购（物料管理、海外供应链）
J6353,采购工程师,浙江莱宝显示科技有限公司,湖州,0,制造业质量/检验（成本管理、抖音）,制造业质量/检验（图文平台、性能检测）
J6354,业务助理,浙江韬普新材料科技有限公司,湖州,0,制造业质量/检验（成本管理、抖音）,制造业质量/检验（图文平台、性能检测）
J6355,经营管理部经理,屹丰汽车科技集团有限公司,湖州,0,制造业质量/检验（成本管理、抖音）,供应链/物料/采购（物料管理、海外供应链）
J6356,生产计划助理专员,天能股份,湖州,0,制造业质量/检验（成本管理、抖音）,供应链/物料/采购（物料管理、海外供应链）
J6357,设备技术员,浙江超威动力能源有限公司,湖州,0,制造业质量/检验（成本管理、抖音）,制造业质量/检验（图文平台、性能检测）
J6358,招聘专员,三一集团有限公司,湖州,0,制造业质量/检验（成本管理、抖音）,制造业质量/检验（图文平台、性能检测）
J6359,成本总监,浙江景尚鸿途建设有限公司,湖州,0,制造业质量/检验（成本管理、抖音）,制造业质量/检验（图文平台、性能检测）
J6360,仓库经理,美丽健乳业集团有限公司,湖州,0,制造业质量/检验（成本管理、抖音）,制造业质量/检验（图文平台、性能检测）
J6361,机械研发工程师,诺力智能装备股份有限公司,湖州,0,制造业质量/检验（成本管理、抖音）,制造业质量/检验（图文平台、性能检测）
J6362,HRBP,浙江中匠智能装备有限公司,湖州,0,制造业质量/检验（成本管理、抖音）,制造业质量/检验（图文平台、性能检测）
J6363,设备技术员,浙江富特科技股份有限公司,湖州,0,制造业质量/检验（成本管理、抖音）,制造业质量/检验（图文平台、性能检测）
J6364,生产计划跟单员,浙江峰赫纺织有限公司,湖州,0,制造业质量/检验（成本管理、抖音）,供应链/物料/采购（物料管理、海外供应链）
J6365,生产文员,浙江佳森科技有限公司,湖州,0,制造业质量/检验（成本管理、抖音）,制造业质量/检验（图文平台、性能检测）
J6366,厂务主管,赛迈科先进材料股份有限公司,湖州,0,制造业质量/检验（成本管理、抖音）,制造业质量/检验（图文平台、性能检测）
J6367,压铸班长,浙江津荣新能源科技有限公司,湖州,0,制造业质量/检验（成本管理、抖音）,制造业质量/检验（图文平台、性能检测）
J6368,PC工程师,永艺股份,湖州,0,制造业质量/检验（成本管理、抖音）,制造业质量/检验（图文平台、性能检测）
J6369,销售支持部经理,易初特种电线电缆（昆山）有限公司,湖州,0,制造业质量/检验（成本管理、抖音）,制造业质量/检验（图文平台、性能检测）
J6370,金刚石长晶研发工程师,合肥昆仑芯星半导体有限公司,湖州,0,制造业质量/检验（成本管理、抖音）,制造业质量/检验（图文平台、性能检测）
J6371,质量专员,浙江臻萃生物科技有限公司,湖州,0,制造业质量/检验（成本管理、抖音）,制造业质量/检验（图文平台、性能检测）
J6372,销售副总经理,广州市必用企业管理咨询有限公司,湖州,0,制造业质量/检验（成本管理、抖音）,制造业质量/检验（图文平台、性能检测）
J6373,品牌与健康教育运营经理,爱尔眼科,湖州,0,制造业质量/检验（成本管理、抖音）,制造业质量/检验（图文平台、性能检测）
J6374,城市经理（湖州市）,香飘飘食品股份有限公司,湖州,0,制造业质量/检验（成本管理、抖音）,制造业质量/检验（图文平台、性能检测）
J6375,质量过程检验员,深向科技股份有限公司,湖州,0,制造业质量/检验（成本管理、抖音）,制造业质量/检验（图文平台、性能检测）
J6376,项目管理工程师（PM）,浙江莱宝显示科技有限公司,湖州,6,产品/项目管理（国内市场、需求分析）,—
J6377,亚马逊助理,湖州市倍优择国际贸易有限公司,湖州,0,制造业质量/检验（成本管理、抖音）,制造业质量/检验（图文平台、性能检测）
J6378,标准化工程师,三一集团有限公司,湖州,0,制造业质量/检验（成本管理、抖音）,制造业质量/检验（图文平台、性能检测）
J6379,仓库主管,微芯新材料(湖州)有限公司,湖州,0,制造业质量/检验（成本管理、抖音）,制造业质量/检验（图文平台、性能检测）
J6380,TO C电商运营,江苏铬莱铂数字科技有限公司,湖州,0,制造业质量/检验（成本管理、抖音）,制造业质量/检验（图文平台、性能检测）
J6381,生产计划工程师,北京卫蓝新能源科技股份有限公司,湖州,0,制造业质量/检验（成本管理、抖音）,供应链/物料/采购（物料管理、海外供应链）
J6382,计划专员（物控）,乐源健康科技(湖州)有限公司,湖州,0,制造业质量/检验（成本管理、抖音）,供应链/物料/采购（物料管理、海外供应链）
J6383,加工中心生产管理,浙江科赛新材料科技有限公司,湖州,0,制造业质量/检验（成本管理、抖音）,制造业质量/检验（图文平台、性能检测）
J6384,新能源材料产品工程师,浙江卡波恩新材料有限公司,湖州,6,产品/项目管理（国内市场、需求分析）,—
J6385,研发助理,浙江三时纪新材科技有限公司,湖州,0,制造业质量/检验（成本管理、抖音）,制造业质量/检验（图文平台、性能检测）
J6386,销售行政助理,南京宝能智慧能源有限公司,湖州,0,制造业质量/检验（成本管理、抖音）,制造业质量/检验（图文平台、性能检测）
J6387,生产计划专员,赛迈科先进材料股份有限公司,湖州,0,制造业质量/检验（成本管理、抖音）,数据/统计分析（数据建模、统计学）
J6388,文员,石家庄问航科技有限公司,湖州,0,制造业质量/检验（成本管理、抖音）,制造业质量/检验（图文平台、性能检测）
J6389,研发助理,湖州申科生物技术股份有限公司,湖州,0,制造业质量/检验（成本管理、抖音）,制造业质量/检验（图文平台、性能检测）
J6390,市场推广专员,东方生物,湖州,0,制造业质量/检验（成本管理、抖音）,制造业质量/检验（图文平台、性能检测）
J6391,仓储部经理,上海磁建实业有限公司,湖州,0,制造业质量/检验（成本管理、抖音）,制造业质量/检验（图文平台、性能检测）
J6392,门店店长,味斯美食品科技(安吉)有限公司,湖州,0,制造业质量/检验（成本管理、抖音）,制造业质量/检验（图文平台、性能检测）
J6393,新媒体运营专员,浙江道玛润滑技术有限公司,湖州,0,制造业质量/检验（成本管理、抖音）,制造业质量/检验（图文平台、性能检测）
J6394,采购专员（化工方向）,北京华亘安邦科技有限公司,湖州,0,制造业质量/检验（成本管理、抖音）,供应链/物料/采购（物料管理、海外供应链）
J6395,食品采购专员,老娘舅餐饮股份有限公司,湖州,0,制造业质量/检验（成本管理、抖音）,制造业质量/检验（图文平台、性能检测）
J6396,销售主任/客户主任,上海锐澳酒业有限公司,湖州,0,制造业质量/检验（成本管理、抖音）,制造业质量/检验（图文平台、性能检测）
J6397,物业多种经营主管/经理,碧桂园生活服务集团股份有限公司,湖州,0,制造业质量/检验（成本管理、抖音）,制造业质量/检验（图文平台、性能检测）
J6398,急招化工试验员+双休,上海邦芒人力资源有限公司,湖州,0,制造业质量/检验（成本管理、抖音）,制造业质量/检验（图文平台、性能检测）
J6399,研发助理,浙江华熔科技股份有限公司,湖州,0,制造业质量/检验（成本管理、抖音）,制造业质量/检验（图文平台、性能检测）
J6400,计划物控主管,浙江天能储能科技发展有限公司,湖州,0,制造业质量/检验（成本管理、抖音）,制造业质量/检验（图文平台、性能检测）
J6401,总账会计,亨通集团有限公司,湖州,0,制造业质量/检验（成本管理、抖音）,供应链/物料/采购（物料管理、海外供应链）
J6402,物控工程师,永艺股份,湖州,0,制造业质量/检验（成本管理、抖音）,制造业质量/检验（图文平台、性能检测）
J6403,研发与质量管控工程师（材料及产品方向）,杭州群乐包装有限公司,湖州,6,产品/项目管理（国内市场、需求分析）,—
J6404,现场制造工程师,人本集团上海轴承有限公司,湖州,0,制造业质量/检验（成本管理、抖音）,供应链/物料/采购（物料管理、海外供应链）
J6405,运营交付经理（生产运营及产品交付经理）,安迈特科技(北京)有限公司,湖州,6,产品/项目管理（国内市场、需求分析）,—
J6406,生产厂长,浙江丰虹新材料股份有限公司,湖州,0,制造业质量/检验（成本管理、抖音）,制造业质量/检验（图文平台、性能检测）
J6407,设备机修工,浙江越宏新材料有限公司,湖州,0,制造业质量/检验（成本管理、抖音）,制造业质量/检验（图文平台、性能检测）
J6408,城市主管（湖州）,西麦食品,湖州,0,制造业质量/检验（成本管理、抖音）,制造业质量/检验（图文平台、性能检测）
J6409,产品经理,浙江兆弟控股有限公司,湖州,6,产品/项目管理（国内市场、需求分析）,—
J6410,制造工程师,浙江久功新能源科技有限公司,湖州,0,制造业质量/检验（成本管理、抖音）,制造业质量/检验（图文平台、性能检测）
J6411,生产计划员,浙江七星电子股份有限公司,湖州,0,制造业质量/检验（成本管理、抖音）,制造业质量/检验（图文平台、性能检测）
J6412,海外运营专员,味斯美食品科技(安吉)有限公司,湖州,0,制造业质量/检验（成本管理、抖音）,制造业质量/检验（图文平台、性能检测）
J6413,CVD/DE/曝光设备技术员,浙江莱宝显示科技有限公司,湖州,0,制造业质量/检验（成本管理、抖音）,制造业质量/检验（图文平台、性能检测）
J6414,仓储部经理,东方生物,湖州,0,制造业质量/检验（成本管理、抖音）,制造业质量/检验（图文平台、性能检测）
J6415,工艺工程师（华莹公司）,中国电子科技集团公司第五十五研究所,湖州,0,制造业质量/检验（成本管理、抖音）,制造业质量/检验（图文平台、性能检测）
J6416,销售业务助理,浙江曙光体育用品有限公司,湖州,0,制造业质量/检验（成本管理、抖音）,制造业质量/检验（图文平台、性能检测）
J6417,驱动电机工艺工程师,深向科技股份有限公司,湖州,5,嵌入式/硬件（rtos、32位单片机）,—
J6418,银行人力资源部-管理培训生,智联猎头,湖州,0,制造业质量/检验（成本管理、抖音）,制造业质量/检验（图文平台、性能检测）
J6419,多孔碳研发工程师,浙江华熔科技股份有限公司,湖州,0,制造业质量/检验（成本管理、抖音）,制造业质量/检验（图文平台、性能检测）
J6420,新媒体运营,上海润科具能科技有限公司,湖州,0,制造业质量/检验（成本管理、抖音）,制造业质量/检验（图文平台、性能检测）
J6421,药化研究员,浙江径科医药有限公司,湖州,0,制造业质量/检验（成本管理、抖音）,制造业质量/检验（图文平台、性能检测）
J6422,采购专员,上海磁建实业有限公司,湖州,0,制造业质量/检验（成本管理、抖音）,制造业质量/检验（图文平台、性能检测）
J6423,外贸经理,浙江安工智创科技有限公司,湖州,0,制造业质量/检验（成本管理、抖音）,制造业质量/检验（图文平台、性能检测）
J6424,微生物实验员,杭州唐维过滤器材有限公司,湖州,0,制造业质量/检验（成本管理、抖音）,制造业质量/检验（图文平台、性能检测）
J6425,成套配电柜、PLC报价,湖州肯诺环保设备有限公司,湖州,0,制造业质量/检验（成本管理、抖音）,供应链/物料/采购（物料管理、海外供应链）
J6426,浙江湖州德清县业代,广东轻上生物科技有限公司,湖州,0,制造业质量/检验（成本管理、抖音）,制造业质量/检验（图文平台、性能检测）
J6427,商务技术支持,浙江立泰复合材料股份有限公司,湖州,0,制造业质量/检验（成本管理、抖音）,供应链/物料/采购（物料管理、海外供应链）
J6428,项目运营工程师,中包物联网科技(天津)有限公司,湖州,0,制造业质量/检验（成本管理、抖音）,供应链/物料/采购（物料管理、海外供应链）
J6429,新媒体运营,久光(湖州)新媒体科技有限公司,湖州,0,制造业质量/检验（成本管理、抖音）,制造业质量/检验（图文平台、性能检测）
J6430,招聘培训专员,浙江超威动力能源有限公司,湖州,0,制造业质量/检验（成本管理、抖音）,制造业质量/检验（图文平台、性能检测）
J6431,ESG高级工程师,诺力智能装备股份有限公司,湖州,0,制造业质量/检验（成本管理、抖音）,制造业质量/检验（图文平台、性能检测）
J6432,生产计划+司机,天能电池集团(江西)有限公司,湖州,0,制造业质量/检验（成本管理、抖音）,供应链/物料/采购（物料管理、海外供应链）
J6433,国际融资风控经理,三一集团有限公司,湖州,0,制造业质量/检验（成本管理、抖音）,制造业质量/检验（图文平台、性能检测）
J6434,交付计划,钜普汽车零部件(长兴)有限公司,湖州,0,制造业质量/检验（成本管理、抖音）,供应链/物料/采购（物料管理、海外供应链）
J6435,物料采购,浙江越宏新材料有限公司,湖州,0,制造业质量/检验（成本管理、抖音）,制造业质量/检验（图文平台、性能检测）
J6436,乳制品研发工程师,美丽健乳业集团有限公司,湖州,0,制造业质量/检验（成本管理、抖音）,制造业质量/检验（图文平台、性能检测）
J6437,电驱桥装配工艺工程师,深向科技股份有限公司,湖州,0,制造业质量/检验（成本管理、抖音）,制造业质量/检验（图文平台、性能检测）
J6438,解析主管,浙江莱宝显示科技有限公司,湖州,0,制造业质量/检验（成本管理、抖音）,制造业质量/检验（图文平台、性能检测）
J6439,成本会计,微流科技(湖州)有限公司,湖州,0,制造业质量/检验（成本管理、抖音）,供应链/物料/采购（物料管理、海外供应链）
J6440,生产设备管理,湖州慧金材料科技有限公司,湖州,0,制造业质量/检验（成本管理、抖音）,制造业质量/检验（图文平台、性能检测）
J6441,原料采购经理,乐源健康科技(湖州)有限公司,湖州,0,制造业质量/检验（成本管理、抖音）,供应链/物料/采购（物料管理、海外供应链）
J6442,金属增材打印工艺(A105714),蓝箭航天,湖州,0,制造业质量/检验（成本管理、抖音）,供应链/物料/采购（物料管理、海外供应链）
J6443,资深药化研究员,浙江径科医药有限公司,湖州,0,制造业质量/检验（成本管理、抖音）,制造业质量/检验（图文平台、性能检测）
J6444,面辅料采购经理,浙江泰普森实业集团有限公司,湖州,0,制造业质量/检验（成本管理、抖音）,制造业质量/检验（图文平台、性能检测）
J6445,财务总监,浙江佳森科技有限公司,湖州,0,制造业质量/检验（成本管理、抖音）,制造业质量/检验（图文平台、性能检测）
J6446,采购主管（稀土永磁行业）,上海磁建实业有限公司,湖州,0,制造业质量/检验（成本管理、抖音）,制造业质量/检验（图文平台、性能检测）
J6447,能源工程师（能耗设计与回收再利用方向）,浙江华熔科技股份有限公司,湖州,0,制造业质量/检验（成本管理、抖音）,制造业质量/检验（图文平台、性能检测）
J6448,k3操作员（湖州长兴）,申江集团有限公司,湖州,0,制造业质量/检验（成本管理、抖音）,供应链/物料/采购（物料管理、海外供应链）
J6449,新媒体运营,湖州长马汽车销售服务有限公司,湖州,0,制造业质量/检验（成本管理、抖音）,制造业质量/检验（图文平台、性能检测）
J6450,材料工艺研发工程师,浙江氢源智能科技有限公司,湖州,0,制造业质量/检验（成本管理、抖音）,供应链/物料/采购（物料管理、海外供应链）
J6451,浙江湖州长兴县业代,广东轻上生物科技有限公司,湖州,0,制造业质量/检验（成本管理、抖音）,制造业质量/检验（图文平台、性能检测）
J6452,会计,浙江诚聚自动化科技股份有限公司,湖州,0,制造业质量/检验（成本管理、抖音）,制造业质量/检验（图文平台、性能检测）
J6453,新媒体兼票务专员,耀有光科技集团有限公司,湖州,0,制造业质量/检验（成本管理、抖音）,制造业质量/检验（图文平台、性能检测）
J6454,冶炼技术员,浙江亿邦通信科技股份有限公司,湖州,0,制造业质量/检验（成本管理、抖音）,制造业质量/检验（图文平台、性能检测）
J6455,网店运营店长,浙江越宏新材料有限公司,湖州,0,制造业质量/检验（成本管理、抖音）,供应链/物料/采购（物料管理、海外供应链）
J6456,PMC总监,浙江中匠智能装备有限公司,湖州,0,制造业质量/检验（成本管理、抖音）,供应链/物料/采购（物料管理、海外供应链）
J6457,HRBP,天津津荣天宇精密机械股份有限公司,湖州,0,制造业质量/检验（成本管理、抖音）,制造业质量/检验（图文平台、性能检测）
J6458,纯化工艺工程师,赛迈科先进材料股份有限公司,湖州,0,制造业质量/检验（成本管理、抖音）,制造业质量/检验（图文平台、性能检测）
J6459,亚马逊运营经理,浙江温徕斯新材料科技有限公司,湖州,0,制造业质量/检验（成本管理、抖音）,制造业质量/检验（图文平台、性能检测）
J6460,成本会计,湖州慧金材料科技有限公司,湖州,0,制造业质量/检验（成本管理、抖音）,供应链/物料/采购（物料管理、海外供应链）
J6461,行政人事主管,浙江润阳新材料科技股份有限公司,湖州,0,制造业质量/检验（成本管理、抖音）,制造业质量/检验（图文平台、性能检测）
J6462,外贸业务员,浙江立泰复合材料股份有限公司,湖州,0,制造业质量/检验（成本管理、抖音）,制造业质量/检验（图文平台、性能检测）
J6463,餐饮品牌管理经理,重庆梧桐子商业管理有限公司,湖州,0,制造业质量/检验（成本管理、抖音）,制造业质量/检验（图文平台、性能检测）
J6464,产品经理-业务/项管方向,浙江舜泰汽车有限公司,湖州,6,产品/项目管理（国内市场、需求分析）,—
J6465,财务助理（双休）,湖州市倍优择国际贸易有限公司,湖州,0,制造业质量/检验（成本管理、抖音）,供应链/物料/采购（物料管理、海外供应链）
J6466,采购主管,浙江鼎力,湖州,0,制造业质量/检验（成本管理、抖音）,制造业质量/检验（图文平台、性能检测）
J6467,体系工程师,钜普汽车零部件(长兴)有限公司,湖州,0,制造业质量/检验（成本管理、抖音）,制造业质量/检验（图文平台、性能检测）
J6468,成本会计（湖州长兴）,申江集团有限公司,湖州,0,制造业质量/检验（成本管理、抖音）,供应链/物料/采购（物料管理、海外供应链）
J6469,生产计划经理（稀土永磁行业）,上海磁建实业有限公司,湖州,0,制造业质量/检验（成本管理、抖音）,供应链/物料/采购（物料管理、海外供应链）
J6470,果汁原料采购经理,乐源健康科技(湖州)有限公司,湖州,0,制造业质量/检验（成本管理、抖音）,供应链/物料/采购（物料管理、海外供应链）
J6471,全国控销经理,爱诺药业,湖州,0,制造业质量/检验（成本管理、抖音）,制造业质量/检验（图文平台、性能检测）
J6472,制造业外贸,苏州中南智能装备有限公司,湖州,0,制造业质量/检验（成本管理、抖音）,制造业质量/检验（图文平台、性能检测）
J6473,车间工艺员,佐力药业,湖州,0,制造业质量/检验（成本管理、抖音）,供应链/物料/采购（物料管理、海外供应链）
J6474,仓管员,江苏铬莱铂数字科技有限公司,湖州,0,制造业质量/检验（成本管理、抖音）,制造业质量/检验（图文平台、性能检测）
J6475,叉车行业生产主管,浙江亚能能源科技有限公司,湖州,0,制造业质量/检验（成本管理、抖音）,制造业质量/检验（图文平台、性能检测）
J6476,人力资源专员,湖州机床厂有限公司,湖州,0,制造业质量/检验（成本管理、抖音）,制造业质量/检验（图文平台、性能检测）
J6477,ie工业工程师,浙江泰普森实业集团有限公司,湖州,0,制造业质量/检验（成本管理、抖音）,制造业质量/检验（图文平台、性能检测）
J6478,电气工厂PMC科长,浙江津荣新能源科技有限公司,湖州,0,制造业质量/检验（成本管理、抖音）,制造业质量/检验（图文平台、性能检测）
J6479,生产主管,苏州凡尔赛化妆品有限公司,湖州,0,制造业质量/检验（成本管理、抖音）,供应链/物料/采购（物料管理、海外供应链）
J6480,运营经理,渔雅科技(上海)有限公司,湖州,0,制造业质量/检验（成本管理、抖音）,供应链/物料/采购（物料管理、海外供应链）
J6481,厂房安装预算,人本集团上海轴承有限公司,湖州,0,制造业质量/检验（成本管理、抖音）,供应链/物料/采购（物料管理、海外供应链）
J6482,生产计划员,浙江快易智能制造有限公司,湖州,0,制造业质量/检验（成本管理、抖音）,供应链/物料/采购（物料管理、海外供应链）
J6483,社区金融销售主管,中国平安人寿保险股份有限公司浙江分公司2,湖州,0,制造业质量/检验（成本管理、抖音）,制造业质量/检验（图文平台、性能检测）
J6484,文创销售员,天图文化创意产业集团,湖州,0,制造业质量/检验（成本管理、抖音）,制造业质量/检验（图文平台、性能检测）
J6485,生产工艺工程师,浙江华熔科技股份有限公司,湖州,0,制造业质量/检验（成本管理、抖音）,制造业质量/检验（图文平台、性能检测）
J6486,电控供应商质量工程师,深向科技股份有限公司,湖州,3,软件测试（信号测试、安全测试）,—
J6487,财务经理（湖州长兴）,申江集团有限公司,湖州,0,制造业质量/检验（成本管理、抖音）,制造业质量/检验（图文平台、性能检测）
J6488,辅料采购经理,乐源健康科技(湖州)有限公司,湖州,0,制造业质量/检验（成本管理、抖音）,供应链/物料/采购（物料管理、海外供应链）
J6489,客户经理,浙江诸老大食品贸易有限公司,湖州,0,制造业质量/检验（成本管理、抖音）,制造业质量/检验（图文平台、性能检测）
J6490,会计,浙江园润智能装备有限公司,湖州,0,制造业质量/检验（成本管理、抖音）,制造业质量/检验（图文平台、性能检测）
J6491,跨境电商运营经理（户外 / 3C / 智能科技）,浙江温徕斯新材料科技有限公司,湖州,0,制造业质量/检验（成本管理、抖音）,供应链/物料/采购（物料管理、海外供应链）
J6492,高级产品经理,三一集团有限公司,湖州,6,产品/项目管理（国内市场、需求分析）,—
J6493,成本会计主管,湖州慧金材料科技有限公司,湖州,0,制造业质量/检验（成本管理、抖音）,供应链/物料/采购（物料管理、海外供应链）
J6494,外贸业务员（西班牙语）,浙江巨美家科技股份有限公司,湖州,0,制造业质量/检验（成本管理、抖音）,制造业质量/检验（图文平台、性能检测）
J6495,快消品渠道经理,威海松龄诺可佳中药饮片股份有限公司,湖州,0,制造业质量/检验（成本管理、抖音）,制造业质量/检验（图文平台、性能检测）
J6496,研发工程师（合成生物和结构生物学方向）,湘雅生物医药(湖州)有限公司,湖州,0,制造业质量/检验（成本管理、抖音）,制造业质量/检验（图文平台、性能检测）
J6497,过程质量工程师,宁波信泰机械有限公司,湖州,3,软件测试（信号测试、安全测试）,—
J6498,产品研发经理,美丽健乳业集团有限公司,湖州,6,产品/项目管理（国内市场、需求分析）,—
J6499,ie工程师,浙江莱宝显示科技有限公司,湖州,0,制造业质量/检验（成本管理、抖音）,制造业质量/检验（图文平台、性能检测）
J6500,动力主管 （电气自动化）,浙江亿邦通信科技股份有限公司,湖州,0,制造业质量/检验（成本管理、抖音）,制造业质量/检验（图文平台、性能检测）
J6501,销售主管/销售工程师,浙江玉龙车业有限公司,湖州,0,制造业质量/检验（成本管理、抖音）,制造业质量/检验（图文平台、性能检测）
J6502,高级药化研究员,浙江径科医药有限公司,湖州,0,制造业质量/检验（成本管理、抖音）,制造业质量/检验（图文平台、性能检测）
J6503,财务经理,北京文达思源信息技术有限公司,湖州,0,制造业质量/检验（成本管理、抖音）,供应链/物料/采购（物料管理、海外供应链）
J6504,审计部部长（工业品行业）,上海磁建实业有限公司,湖州,0,制造业质量/检验（成本管理、抖音）,制造业质量/检验（图文平台、性能检测）
J6505,财务经理,浙江锐鼎金工科技有限公司,湖州,0,制造业质量/检验（成本管理、抖音）,制造业质量/检验（图文平台、性能检测）
J6506,高级IE工程师,永艺股份,湖州,0,制造业质量/检验（成本管理、抖音）,制造业质量/检验（图文平台、性能检测）
J6507,包材采购经理（包材专家）,乐源健康科技(湖州)有限公司,湖州,0,制造业质量/检验（成本管理、抖音）,供应链/物料/采购（物料管理、海外供应链）
J6508,财务经理,杭州口腔医院集团南浔口腔门诊部有限公司,湖州,0,制造业质量/检验（成本管理、抖音）,制造业质量/检验（图文平台、性能检测）
J6509,新媒体运营,湖州嘉信财务咨询有限公司,湖州,0,制造业质量/检验（成本管理、抖音）,制造业质量/检验（图文平台、性能检测）
J6510,机械工程师,英瓦曼德起重设备(上海)有限公司,湖州,0,制造业质量/检验（成本管理、抖音）,制造业质量/检验（图文平台、性能检测）
J6511,主办会计,杭州中嘉建设工程有限公司,湖州,0,制造业质量/检验（成本管理、抖音）,制造业质量/检验（图文平台、性能检测）
J6512,销售内勤文员,浙江世佳科技股份有限公司,湖州,0,制造业质量/检验（成本管理、抖音）,制造业质量/检验（图文平台、性能检测）
J6513,财务主管/主办会计,浙江丰帆数控机械有限公司,湖州,0,制造业质量/检验（成本管理、抖音）,制造业质量/检验（图文平台、性能检测）
J6514,财务会计,浙江瑞特良微电子材料股份有限公司,湖州,0,制造业质量/检验（成本管理、抖音）,制造业质量/检验（图文平台、性能检测）
J6515,医药代表,威海松龄诺可佳中药饮片股份有限公司,湖州,0,制造业质量/检验（成本管理、抖音）,制造业质量/检验（图文平台、性能检测）
J6516,AI工程师,中国移动通信集团浙江有限公司湖州分公司,湖州,0,制造业质量/检验（成本管理、抖音）,硬件/仪器/自动化（组态软件、scratch）
J6517,视觉算法/光学工程师,马丁科瑞电子科技(浙江)有限公司,湖州,7,算法/人工智能（智能驾驶、传感器融合）,—
J6518,视觉应用工程师,浙江三信机电工程有限公司,湖州,7,算法/人工智能（智能驾驶、传感器融合）,—
J6519,雷达算法工程师,浙江兆弟控股有限公司,湖州,7,算法/人工智能（智能驾驶、传感器融合）,—
J6520,规划控制算法工程师（智能叉车/工业车辆方向）,浙江舜泰汽车有限公司,湖州,7,算法/人工智能（智能驾驶、传感器融合）,—
J6521,遥控操作系统工程师,三一集团有限公司,湖州,0,制造业质量/检验（成本管理、抖音）,制造业质量/检验（图文平台、性能检测）
J6522,IT工程师(A102058),安庆英科医疗有限公司,安庆,0,制造业质量/检验（成本管理、抖音）,制造业质量/检验（图文平台、性能检测）
J6523,软件测试工程师（it培养）,天阳科技,安庆,3,软件测试（信号测试、安全测试）,—
J6524,AI应用开发工程师,安徽华茂集团有限公司,安庆,4,后端开发（hibernate、linux开发）,—
J6525,对日开发初级技术员到项目经理的全职位招聘,株式会社ProfaceSystems,安庆,6,产品/项目管理（国内市场、需求分析）,—
J6526,软件算法工程师,安徽瑞林精科股份有限公司,安庆,7,算法/人工智能（智能驾驶、传感器融合）,—
J6527,IT运维工程师,安庆瑞泰汽车零部件有限公司,安庆,1,运维/云与网络（分布式电站、空调工程）,—
J6528,软件工程师,安徽北斗智航科技有限公司,安庆,4,后端开发（hibernate、linux开发）,—
J6529,it工程师,合肥力翔电池科技有限责任公司,安庆,0,制造业质量/检验（成本管理、抖音）,制造业质量/检验（图文平台、性能检测）
J6530,AI 实施工程师（跨境/电商）,安徽金枪鱼网络科技有限公司,安庆,1,运维/云与网络（分布式电站、空调工程）,—
J6531,资深IT工程师,安徽思伟奇智能科技有限公司,安庆,0,制造业质量/检验（成本管理、抖音）,Java/后端（spring、mybatis）
J6532,软件测试工程师（it培养）,天阳科技,安庆,3,软件测试（信号测试、安全测试）,—
J6533,数据训练师2027届（在福建福州上班）可签三方协议,福州云之景科技有限公司,安庆,0,制造业质量/检验（成本管理、抖音）,制造业质量/检验（图文平台、性能检测）
J6534,运维工程师,安徽乾圆科技有限公司,安庆,1,运维/云与网络（分布式电站、空调工程）,—
J6535,辅助驾驶数据实习生（在福建福州上班）2027届,福州云之景科技有限公司,安庆,0,制造业质量/检验（成本管理、抖音）,制造业质量/检验（图文平台、性能检测）
J6536,校招-硬件运维工程师,安庆英科医疗有限公司,安庆,1,运维/云与网络（分布式电站、空调工程）,—
J6537,药店渠道医药代表,和仁同康医疗器械有限公司,安庆,0,制造业质量/检验（成本管理、抖音）,制造业质量/检验（图文平台、性能检测）
J6538,软件测试工程师（it培养）,天阳科技,安庆,3,软件测试（信号测试、安全测试）,—
J6539,电商采销经理,安庆市尧乾文化传媒有限责任公司,安庆,0,制造业质量/检验（成本管理、抖音）,制造业质量/检验（图文平台、性能检测）
J6540,售后服务工程师,经纬纺织机械股份有限公司,安庆,0,制造业质量/检验（成本管理、抖音）,制造业质量/检验（图文平台、性能检测）
J6541,光跳线产品开发工程师,合肥兴联通讯有限公司,安庆,4,后端开发（hibernate、linux开发）,—
J6542,汽车项目管理工程师 驱动电机方向,安徽实日驱动科技有限公司,安庆,5,嵌入式/硬件（rtos、32位单片机）,—
J6543,产品开发工程师,安庆市恒瑞达汽车零部件制造有限公司,安庆,4,后端开发（hibernate、linux开发）,—
J6544,初级测试工程师,天阳科技,安庆,3,软件测试（信号测试、安全测试）,—
J6545,新能源驱动电机工艺工程师,安徽实日驱动科技有限公司,安庆,5,嵌入式/硬件（rtos、32位单片机）,—
J6546,产品开发工程师,安庆市恒瑞达汽车零部件制造有限公司,安庆,4,后端开发（hibernate、linux开发）,—
J6547,QE工程师,桐城信邦电子有限公司,安庆,0,制造业质量/检验（成本管理、抖音）,制造业质量/检验（图文平台、性能检测）
J6548,质量管理,安庆市中创工程技术有限责任公司,安庆,0,制造业质量/检验（成本管理、抖音）,制造业质量/检验（图文平台、性能检测）
J6549,品质工程师,会通新材料股份有限公司,安庆,3,软件测试（信号测试、安全测试）,—
J6550,品质工程师,国轩高科股份有限公司,安庆,3,软件测试（信号测试、安全测试）,—
J6551,质量工程师,芜湖毅昌科技有限公司,安庆,3,软件测试（信号测试、安全测试）,—
J6552,品质专员,安庆英科医疗有限公司,安庆,3,软件测试（信号测试、安全测试）,—
J6553,质量工程师,芜湖亚奇汽车部件有限公司,安庆,3,软件测试（信号测试、安全测试）,—
J6554,质量副经理,安徽中核桐源科技有限公司,安庆,0,制造业质量/检验（成本管理、抖音）,制造业质量/检验（图文平台、性能检测）
J6555,品质检验工程师 Quality Engineer / I…,广州威标商品检测技术服务有限公司,安庆,3,软件测试（信号测试、安全测试）,—
J6556,车载摄像头测试工程师,安徽荣徽科技有限公司,安庆,3,软件测试（信号测试、安全测试）,—
J6557,质量经理,艾坚蒙(安庆)科技发展有限公司,安庆,0,制造业质量/检验（成本管理、抖音）,质量检验（qa、qc）
J6558,品质部经理,微五科技(安徽)有限公司,安庆,3,软件测试（信号测试、安全测试）,—
J6559,品质工程师,安徽乾圆科技有限公司,安庆,3,软件测试（信号测试、安全测试）,—
J6560,质量主管,上海飞凯材料科技股份有限公司,安庆,0,制造业质量/检验（成本管理、抖音）,制造业质量/检验（图文平台、性能检测）
J6561,质量工程师,安徽瑞林精科股份有限公司,安庆,3,软件测试（信号测试、安全测试）,—
J6562,质量技术工程师(二级公司-中船安柴),中船动力(集团)有限公司,安庆,0,制造业质量/检验（成本管理、抖音）,质量检验（qa、qc）
J6563,品质工程师,合肥力翔电池科技有限责任公司,安庆,3,软件测试（信号测试、安全测试）,—
J6564,质量工程师,安徽相达轻合金科技有限公司,安庆,3,软件测试（信号测试、安全测试）,—
J6565,质量工程师,祥瑞利尔(青岛)智能装备有限公司,安庆,3,软件测试（信号测试、安全测试）,—
J6566,品控主管（双休）,青岛凯盛浩丰智慧农业科技有限公司,安庆,0,制造业质量/检验（成本管理、抖音）,制造业质量/检验（图文平台、性能检测）
J6567,品控类岗位 （专员/主管）,广东爱健康农牧集团有限公司,安庆,0,制造业质量/检验（成本管理、抖音）,制造业质量/检验（图文平台、性能检测）
J6568,质量工程师,北京威亚新材料股份有限公司,安庆,3,软件测试（信号测试、安全测试）,—
J6569,品质,会通新材料股份有限公司,安庆,3,软件测试（信号测试、安全测试）,—
J6570,品控/品质主管,安徽康味然食品科技有限公司,安庆,3,软件测试（信号测试、安全测试）,—
J6571,食品品控经理,上海元湃生物科技有限公司,安庆,0,制造业质量/检验（成本管理、抖音）,质量检验（qa、qc）
J6572,品质管理(A93779),安庆英科医疗有限公司,安庆,3,软件测试（信号测试、安全测试）,—
J6573,客户质量工程师,国轩高科股份有限公司,安庆,3,软件测试（信号测试、安全测试）,—
J6574,品质经理,安徽联盈控电子科技有限公司,安庆,3,软件测试（信号测试、安全测试）,—
J6575,品管部经理,四川圣迪乐村生态食品股份有限公司,安庆,0,制造业质量/检验（成本管理、抖音）,质量检验（qa、qc）
J6576,质检员五险一金,安庆新泉汽车零部件有限公司,安庆,0,制造业质量/检验（成本管理、抖音）,制造业质量/检验（图文平台、性能检测）
J6577,电气工程师助理,安徽亿思特通信股份有限公司,安庆,0,制造业质量/检验（成本管理、抖音）,电子/半导体/设备（测试、自动化设计）
J6578,化工实验室技术员,安徽菲力姆科技有限公司,安庆,0,制造业质量/检验（成本管理、抖音）,制造业质量/检验（图文平台、性能检测）
J6579,检测员,安徽乾圆科技有限公司,安庆,0,制造业质量/检验（成本管理、抖音）,供应链/物料/采购（物料管理、海外供应链）
J6580,电气工程师,普迈仕精密技术(安徽)有限公司,安庆,0,制造业质量/检验（成本管理、抖音）,电子/半导体/设备（测试、自动化设计）
J6581,电气工程师,安庆经翰绿色建筑材料有限公司,安庆,0,制造业质量/检验（成本管理、抖音）,电子/半导体/设备（测试、自动化设计）
J6582,实验室工程师,安徽思伟奇智能科技有限公司,安庆,0,制造业质量/检验（成本管理、抖音）,制造业质量/检验（图文平台、性能检测）
J6583,质量经理/总监,国轩高科股份有限公司,安庆,0,制造业质量/检验（成本管理、抖音）,制造业质量/检验（图文平台、性能检测）
J6584,绩效质量工程师,国轩高科股份有限公司,安庆,3,软件测试（信号测试、安全测试）,—
J6585,制程与产品可靠性管理（PQE）,安徽荣徽科技有限公司,安庆,6,产品/项目管理（国内市场、需求分析）,—
J6586,清洁度质量管理,国轩高科股份有限公司,安庆,0,制造业质量/检验（成本管理、抖音）,制造业质量/检验（图文平台、性能检测）
J6587,质量主任工程师/高级质量经理,安徽瑞林精科股份有限公司,安庆,0,制造业质量/检验（成本管理、抖音）,制造业质量/检验（图文平台、性能检测）
J6588,质量主管,祥瑞利尔(青岛)智能装备有限公司,安庆,0,制造业质量/检验（成本管理、抖音）,制造业质量/检验（图文平台、性能检测）
J6589,质量保证工程师,上海飞凯材料科技股份有限公司,安庆,0,制造业质量/检验（成本管理、抖音）,质量检验（qa、qc）
J6590,品质经理,安徽乾圆科技有限公司,安庆,3,软件测试（信号测试、安全测试）,—
J6591,品质工程师,安徽乾圆科技有限公司,安庆,3,软件测试（信号测试、安全测试）,—
J6592,客户质量与持续改进（CQE）,安徽荣徽科技有限公司,安庆,0,制造业质量/检验（成本管理、抖音）,制造业质量/检验（图文平台、性能检测）
J6593,品控总监（五险一金）,安徽康味然食品科技有限公司,安庆,0,制造业质量/检验（成本管理、抖音）,制造业质量/检验（图文平台、性能检测）
J6594,品质主管/经理,合肥力翔电池科技有限责任公司,安庆,3,软件测试（信号测试、安全测试）,—
J6595,自动化工程师,安庆英科医疗有限公司,安庆,0,制造业质量/检验（成本管理、抖音）,电子/半导体/设备（测试、自动化设计）
J6596,通信网络维护专员,中智(安徽)科技服务有限公司,安庆,0,制造业质量/检验（成本管理、抖音）,制造业质量/检验（图文平台、性能检测）
J6597,高薪运维技术员（安庆）,南京贝毅环保科技有限公司,安庆,1,运维/云与网络（分布式电站、空调工程）,—
J6598,设备运维工程师,圆通速递有限公司,安庆,1,运维/云与网络（分布式电站、空调工程）,—
J6599,水质监测运维工程师（安徽安庆）,广西先得环保科技有限公司,安庆,1,运维/云与网络（分布式电站、空调工程）,—
J6600,设备运维专员,安徽富通环保节能科技股份有限公司,安庆,1,运维/云与网络（分布式电站、空调工程）,—
J6601,皖鄂渝风电运维工程师,常州圣轩风电科技有限公司,安庆,1,运维/云与网络（分布式电站、空调工程）,—
J6602,化工厂人员定位系统技术支持工程师,青岛安然物联网科技有限公司,安庆,0,制造业质量/检验（成本管理、抖音）,制造业质量/检验（图文平台、性能检测）
J6603,污染源环保在线仪表运维人员,南京杰思尔环保智能科技有限公司,安庆,1,运维/云与网络（分布式电站、空调工程）,—
J6604,招聘电工,山东国信电力科技有限公司,安庆,0,制造业质量/检验（成本管理、抖音）,制造业质量/检验（图文平台、性能检测）
J6605,急招普工/操作工-加班费-四人间,蓝岗无虑企业管理咨询服务(重庆)有限公司,安庆,0,制造业质量/检验（成本管理、抖音）,制造业质量/检验（图文平台、性能检测）
J6606,桌面工程师（安庆）,源晨动力,安庆,0,制造业质量/检验（成本管理、抖音）,制造业质量/检验（图文平台、性能检测）
J6607,系统工程师,安徽京桥智能工程有限公司,安庆,0,制造业质量/检验（成本管理、抖音）,制造业质量/检验（图文平台、性能检测）
J6608,招电工-优秀员工奖-包午餐,安徽荣徽科技有限公司,安庆,0,制造业质量/检验（成本管理、抖音）,制造业质量/检验（图文平台、性能检测）
J6609,招普工/操作工 五险一金,合肥中科科乐新材料有限责任公司,安庆,0,制造业质量/检验（成本管理、抖音）,制造业质量/检验（图文平台、性能检测）
J6610,高薪运维技术员（安庆怀宁）,南京贝毅环保科技有限公司,安庆,1,运维/云与网络（分布式电站、空调工程）,—
J6611,调度员,京东集团,安庆,0,制造业质量/检验（成本管理、抖音）,供应链/物料/采购（物料管理、海外供应链）
J6612,销售助理,安徽敬同药业股份有限公司,安庆,0,制造业质量/检验（成本管理、抖音）,供应链/物料/采购（物料管理、海外供应链）
J6613,生产助理,洽洽食品股份有限公司,安庆,0,制造业质量/检验（成本管理、抖音）,制造业质量/检验（图文平台、性能检测）
J6614,生产统计员,安徽瑞程机械设备有限公司,安庆,0,制造业质量/检验（成本管理、抖音）,数据/统计分析（数据建模、统计学）
J6615,统计员,安徽成飞集成瑞鹄汽车模具有限公司,安庆,0,制造业质量/检验（成本管理、抖音）,数据/统计分析（数据建模、统计学）
J6616,运营专员,安徽尤品新材料有限公司,安庆,0,制造业质量/检验（成本管理、抖音）,制造业质量/检验（图文平台、性能检测）
J6617,生产文员,合肥力翔电池科技有限责任公司,安庆,0,制造业质量/检验（成本管理、抖音）,数据/统计分析（数据建模、统计学）
J6618,国内电商运营,安徽映天健康科技有限公司,安庆,0,制造业质量/检验（成本管理、抖音）,制造业质量/检验（图文平台、性能检测）
J6619,后勤主管 (食堂管理 国企-万人汽车工厂）,振宜汽车有限公司,安庆,0,制造业质量/检验（成本管理、抖音）,制造业质量/检验（图文平台、性能检测）
J6620,三坐标检验员,宁波可挺汽车零部件有限公司,安庆,0,制造业质量/检验（成本管理、抖音）,制造业质量/检验（图文平台、性能检测）
J6621,抖音店铺运营专员,安庆市尧乾文化传媒有限责任公司,安庆,0,制造业质量/检验（成本管理、抖音）,制造业质量/检验（图文平台、性能检测）
J6622,项目经理,安庆瑞泰汽车零部件有限公司,安庆,6,产品/项目管理（国内市场、需求分析）,—
J6623,新媒体运营,宿松县融核台球俱乐部(个体工商户),安庆,0,制造业质量/检验（成本管理、抖音）,制造业质量/检验（图文平台、性能检测）
J6624,（安庆）营销管培生 (MJ011563),烟台欣和企业食品有限公司,安庆,0,制造业质量/检验（成本管理、抖音）,制造业质量/检验（图文平台、性能检测）
J6625,新媒体运营,安庆目青西生物科技有限公司,安庆,0,制造业质量/检验（成本管理、抖音）,制造业质量/检验（图文平台、性能检测）
J6626,急招锅炉工-月入6000,安徽柏晨新材料科技有限公司,安庆,0,制造业质量/检验（成本管理、抖音）,制造业质量/检验（图文平台、性能检测）
J6627,仓库经理（安庆项目）,浙江罗兵云仓科技有限公司,安庆,0,制造业质量/检验（成本管理、抖音）,制造业质量/检验（图文平台、性能检测）
J6628,tob物流销售,京东集团,安庆,0,制造业质量/检验（成本管理、抖音）,制造业质量/检验（图文平台、性能检测）
J6629,生产文员,安徽瑞程机械设备有限公司,安庆,0,制造业质量/检验（成本管理、抖音）,供应链/物料/采购（物料管理、海外供应链）
J6630,大专,怀宁县永丰超市有限公司,安庆,0,制造业质量/检验（成本管理、抖音）,制造业质量/检验（图文平台、性能检测）
J6631,原料采购(J10148),宁波申洲针织有限公司,安庆,0,制造业质量/检验（成本管理、抖音）,制造业质量/检验（图文平台、性能检测）
J6632,外贸助理,上海耀勘化工有限公司,安庆,0,制造业质量/检验（成本管理、抖音）,供应链/物料/采购（物料管理、海外供应链）
J6633,生产专员,安徽映天健康科技有限公司,安庆,0,制造业质量/检验（成本管理、抖音）,制造业质量/检验（图文平台、性能检测）
J6634,食堂管理行政专员,振宜汽车有限公司,安庆,0,制造业质量/检验（成本管理、抖音）,制造业质量/检验（图文平台、性能检测）
J6635,生产订单计划员,安庆汇通汽车部件股份有限公司,安庆,0,制造业质量/检验（成本管理、抖音）,供应链/物料/采购（物料管理、海外供应链）
J6636,蔚来乐道汽车销售,上海蔚来汽车有限公司,安庆,0,制造业质量/检验（成本管理、抖音）,制造业质量/检验（图文平台、性能检测）
J6637,仓库账务组长,广东冠盛新材料股份有限公司,安庆,0,制造业质量/检验（成本管理、抖音）,制造业质量/检验（图文平台、性能检测）
J6638,焊接工艺工程师,安徽大洋机械制造有限公司,安庆,0,制造业质量/检验（成本管理、抖音）,制造业质量/检验（图文平台、性能检测）
J6639,销售内勤跟单,安徽相达轻合金科技有限公司,安庆,0,制造业质量/检验（成本管理、抖音）,制造业质量/检验（图文平台、性能检测）
J6640,分析实验员,安庆新核源医药科技有限公司,安庆,0,制造业质量/检验（成本管理、抖音）,制造业质量/检验（图文平台、性能检测）
J6641,物控计划主管,安徽中环控股集团有限公司,安庆,0,制造业质量/检验（成本管理、抖音）,制造业质量/检验（图文平台、性能检测）
J6642,抖音商务专员,安庆市一行电子商务有限责任公司,安庆,0,制造业质量/检验（成本管理、抖音）,制造业质量/检验（图文平台、性能检测）
J6643,生产计划主管,安庆瑞泰汽车零部件有限公司,安庆,0,制造业质量/检验（成本管理、抖音）,制造业质量/检验（图文平台、性能检测）
J6644,项目经理（汽车行业）,安徽荣徽科技有限公司,安庆,6,产品/项目管理（国内市场、需求分析）,—
J6645,跨境电商运营,安徽创诺医疗器械有限责任公司,安庆,0,制造业质量/检验（成本管理、抖音）,制造业质量/检验（图文平台、性能检测）
J6646,化学分析主管,安徽泽升科技股份有限公司上海分公司,安庆,0,制造业质量/检验（成本管理、抖音）,制造业质量/检验（图文平台、性能检测）
J6647,物流主管,沈阳金杯锦恒汽车安全系统有限公司,安庆,0,制造业质量/检验（成本管理、抖音）,制造业质量/检验（图文平台、性能检测）
J6648,新媒体运营,安徽瑞尔鑫防护用品有限公司,安庆,0,制造业质量/检验（成本管理、抖音）,制造业质量/检验（图文平台、性能检测）
J6649,人力经理,国科能源技术创新中心(合肥)有限公司,安庆,0,制造业质量/检验（成本管理、抖音）,制造业质量/检验（图文平台、性能检测）
J6650,【芜湖】物流规划（安庆基地） (MJ000666),芜湖达敖汽车智能底盘系统有限公司,安庆,0,制造业质量/检验（成本管理、抖音）,供应链/物料/采购（物料管理、海外供应链）
J6651,成本员,振宜汽车有限公司,安庆,0,制造业质量/检验（成本管理、抖音）,供应链/物料/采购（物料管理、海外供应链）
J6652,高薪聘永丰超市管理干部,怀宁县永丰超市有限公司,安庆,0,制造业质量/检验（成本管理、抖音）,制造业质量/检验（图文平台、性能检测）
J6653,工艺工程师（侧重焊接）,宁波可挺汽车零部件有限公司,安庆,0,制造业质量/检验（成本管理、抖音）,制造业质量/检验（图文平台、性能检测）
J6654,财务主管,安徽联盈控电子科技有限公司,安庆,0,制造业质量/检验（成本管理、抖音）,供应链/物料/采购（物料管理、海外供应链）
J6655,物流经理,芜湖市常春汽车内饰件有限公司,安庆,0,制造业质量/检验（成本管理、抖音）,制造业质量/检验（图文平台、性能检测）
J6656,短视频运营,安庆时代机器人科技有限公司,安庆,0,制造业质量/检验（成本管理、抖音）,制造业质量/检验（图文平台、性能检测）
J6657,分析项目负责人,安庆新核源医药科技有限公司,安庆,0,制造业质量/检验（成本管理、抖音）,制造业质量/检验（图文平台、性能检测）
J6658,电商全渠道平台运营与策划+高提成+社保+工作餐,安徽果不离生物科技有限公司,安庆,0,制造业质量/检验（成本管理、抖音）,供应链/物料/采购（物料管理、海外供应链）
J6659,工艺员（安庆/鹤壁）两班倒,上海回天新材料有限公司,安庆,0,制造业质量/检验（成本管理、抖音）,制造业质量/检验（图文平台、性能检测）
J6660,生产经理,凌云工业股份(芜湖)有限公司安庆分公司,安庆,0,制造业质量/检验（成本管理、抖音）,制造业质量/检验（图文平台、性能检测）
J6661,园区业务销售专家,传化物流,安庆,0,制造业质量/检验（成本管理、抖音）,制造业质量/检验（图文平台、性能检测）
J6662,TPM工程师,国轩高科股份有限公司,安庆,0,制造业质量/检验（成本管理、抖音）,制造业质量/检验（图文平台、性能检测）
J6663,人力资源经理 （五险+食宿）,安徽省青园工贸有限公司,安庆,0,制造业质量/检验（成本管理、抖音）,制造业质量/检验（图文平台、性能检测）
J6664,电话销售 不加班精准数据,杭州惠远众兴数字科技有限公司,安庆,0,制造业质量/检验（成本管理、抖音）,制造业质量/检验（图文平台、性能检测）
J6665,成本会计主管,芜湖红方包装科技股份有限公司,安庆,0,制造业质量/检验（成本管理、抖音）,制造业质量/检验（图文平台、性能检测）
J6666,工艺工程师,安徽乾圆科技有限公司,安庆,0,制造业质量/检验（成本管理、抖音）,制造业质量/检验（图文平台、性能检测）
J6667,冲压工艺工程师,安徽大洋机械制造有限公司,安庆,0,制造业质量/检验（成本管理、抖音）,制造业质量/检验（图文平台、性能检测）
J6668,工厂成本会计,安徽尤品新材料有限公司,安庆,0,制造业质量/检验（成本管理、抖音）,制造业质量/检验（图文平台、性能检测）
J6669,蔚来顾问实习生,上海蔚来汽车有限公司,安庆,0,制造业质量/检验（成本管理、抖音）,制造业质量/检验（图文平台、性能检测）
J6670,财务主管,雨润集团,安庆,0,制造业质量/检验（成本管理、抖音）,制造业质量/检验（图文平台、性能检测）
J6671,成本会计,沈阳金杯锦恒汽车安全系统有限公司,安庆,0,制造业质量/检验（成本管理、抖音）,制造业质量/检验（图文平台、性能检测）
J6672,高级人力资源专员（舆情/员工管理/绩效方向）,振宜汽车有限公司,安庆,0,制造业质量/检验（成本管理、抖音）,供应链/物料/采购（物料管理、海外供应链）
J6673,风资源工程师,杭州睿匠人才服务有限公司,安庆,0,制造业质量/检验（成本管理、抖音）,制造业质量/检验（图文平台、性能检测）
J6674,高薪聘永丰超市生鲜采购主管,怀宁县永丰超市有限公司,安庆,0,制造业质量/检验（成本管理、抖音）,制造业质量/检验（图文平台、性能检测）
J6675,财务部长,安徽瑞林精科股份有限公司,安庆,0,制造业质量/检验（成本管理、抖音）,制造业质量/检验（图文平台、性能检测）
J6676,区域销售经理-V7648O,京东集团,安庆,0,制造业质量/检验（成本管理、抖音）,制造业质量/检验（图文平台、性能检测）
J6677,高分子材料研发工程师,安庆英科医疗有限公司,安庆,0,制造业质量/检验（成本管理、抖音）,制造业质量/检验（图文平台、性能检测）
J6678,材料员光伏风电项目,四川康乾禹硕建设工程有限公司,安庆,0,制造业质量/检验（成本管理、抖音）,制造业质量/检验（图文平台、性能检测）
J6679,省区销售总监-安庆(J10158),旺旺集团,安庆,0,制造业质量/检验（成本管理、抖音）,制造业质量/检验（图文平台、性能检测）
J6680,体系工程师,北京威亚新材料股份有限公司,安庆,0,制造业质量/检验（成本管理、抖音）,制造业质量/检验（图文平台、性能检测）
J6681,汽配厂质量体系工程师,凌云工业股份(芜湖)有限公司安庆分公司,安庆,0,制造业质量/检验（成本管理、抖音）,制造业质量/检验（图文平台、性能检测）
J6682,市场经理5-10K+社保缴纳+法定节假日,日照瑞弘嘉信息技术有限公司,安庆,0,制造业质量/检验（成本管理、抖音）,制造业质量/检验（图文平台、性能检测）
J6683,主办会计,安庆明邦财务咨询有限公司,安庆,0,制造业质量/检验（成本管理、抖音）,制造业质量/检验（图文平台、性能检测）
J6684,人事经理（异地招聘）,安徽菁科生物科技有限公司,安庆,0,制造业质量/检验（成本管理、抖音）,制造业质量/检验（图文平台、性能检测）
J6685,驻外会计,安徽康味然食品科技有限公司,安庆,0,制造业质量/检验（成本管理、抖音）,供应链/物料/采购（物料管理、海外供应链）
J6686,医药代表,江苏恒瑞医药股份有限公司,安庆,0,制造业质量/检验（成本管理、抖音）,制造业质量/检验（图文平台、性能检测）
J6687,车间班组长,安庆经翰绿色建筑材料有限公司,安庆,0,制造业质量/检验（成本管理、抖音）,制造业质量/检验（图文平台、性能检测）
J6688,工艺主管,国科能源技术创新中心(合肥)有限公司,安庆,0,制造业质量/检验（成本管理、抖音）,制造业质量/检验（图文平台、性能检测）
J6689,销售代表（安庆） (MJ011739),烟台欣和企业食品有限公司,安庆,0,制造业质量/检验（成本管理、抖音）,制造业质量/检验（图文平台、性能检测）
J6690,薪酬考勤专员（国企直招）,振宜汽车有限公司,安庆,0,制造业质量/检验（成本管理、抖音）,供应链/物料/采购（物料管理、海外供应链）
J6691,电芯工艺工程师,国轩高科股份有限公司,安庆,0,制造业质量/检验（成本管理、抖音）,制造业质量/检验（图文平台、性能检测）
J6692,零售代表（安徽安庆/铜陵/池州）,神威药业集团,安庆,0,制造业质量/检验（成本管理、抖音）,制造业质量/检验（图文平台、性能检测）
J6693,成本会计,沈阳金杯锦恒汽车安全系统有限公司,安庆,0,制造业质量/检验（成本管理、抖音）,制造业质量/检验（图文平台、性能检测）
J6694,出纳,安徽不凡智造科技有限公司,安庆,0,制造业质量/检验（成本管理、抖音）,供应链/物料/采购（物料管理、海外供应链）
J6695,动销经理（特医奶粉/安庆）,宜品营养健康食品(青岛)集团股份有限公司,安庆,0,制造业质量/检验（成本管理、抖音）,制造业质量/检验（图文平台、性能检测）
J6696,总账会计+社保+工作餐,安徽果不离生物科技有限公司,安庆,0,制造业质量/检验（成本管理、抖音）,供应链/物料/采购（物料管理、海外供应链）
J6697,会计,安徽柯建科技有限公司,安庆,0,制造业质量/检验（成本管理、抖音）,供应链/物料/采购（物料管理、海外供应链）
J6698,区域销售工程师,中安智创环保科技有限公司,安庆,0,制造业质量/检验（成本管理、抖音）,供应链/物料/采购（物料管理、海外供应链）
J6699,会计,安徽凯瑞包装有限公司,安庆,0,制造业质量/检验（成本管理、抖音）,制造业质量/检验（图文平台、性能检测）
J6700,主办会计,安徽香叶建材科技有限公司,安庆,0,制造业质量/检验（成本管理、抖音）,制造业质量/检验（图文平台、性能检测）
J6701,电脑操作员,桐城市浩诚金诺电子商务有限公司,安庆,0,制造业质量/检验（成本管理、抖音）,供应链/物料/采购（物料管理、海外供应链）
J6702,综合内勤（纯内勤，五险一金，双休）,和谐健康保险股份有限公司,安庆,0,制造业质量/检验（成本管理、抖音）,制造业质量/检验（图文平台、性能检测）
J6703,跨境电商运营,安徽金枪鱼网络科技有限公司,安庆,0,制造业质量/检验（成本管理、抖音）,制造业质量/检验（图文平台、性能检测）
J6704,尺寸工程师（主机厂）,武汉佰思特信息科技有限公司,安庆,0,制造业质量/检验（成本管理、抖音）,制造业质量/检验（图文平台、性能检测）
J6705,采购工程师,安徽大昌科技股份有限公司,安庆,0,制造业质量/检验（成本管理、抖音）,制造业质量/检验（图文平台、性能检测）
J6706,车企财务专员（成本、存货）,振宜汽车有限公司,安庆,0,制造业质量/检验（成本管理、抖音）,制造业质量/检验（图文平台、性能检测）
J6707,质量目标主管,振宜汽车有限公司,安庆,0,制造业质量/检验（成本管理、抖音）,制造业质量/检验（图文平台、性能检测）
J6708,生产计划/物料管理(PMC),振宜汽车有限公司,安庆,0,制造业质量/检验（成本管理、抖音）,制造业质量/检验（图文平台、性能检测）
J6709,装配工艺工程师,沈阳金杯锦恒汽车安全系统有限公司,安庆,0,制造业质量/检验（成本管理、抖音）,制造业质量/检验（图文平台、性能检测）
J6710,生产经理,国轩高科股份有限公司,安庆,0,制造业质量/检验（成本管理、抖音）,制造业质量/检验（图文平台、性能检测）
J6711,人事专员,国轩高科股份有限公司,安庆,0,制造业质量/检验（成本管理、抖音）,供应链/物料/采购（物料管理、海外供应链）
J6712,运营经理,安徽乾圆科技有限公司,安庆,0,制造业质量/检验（成本管理、抖音）,制造业质量/检验（图文平台、性能检测）
J6713,焊装质量工程师,振宜汽车有限公司,安庆,3,软件测试（信号测试、安全测试）,—
J6714,本科,怀宁县永丰超市有限公司,安庆,0,制造业质量/检验（成本管理、抖音）,供应链/物料/采购（物料管理、海外供应链）
J6715,检测工程师,安徽乾圆科技有限公司,安庆,0,制造业质量/检验（成本管理、抖音）,制造业质量/检验（图文平台、性能检测）
J6716,物流部长,沈阳金杯锦恒汽车安全系统有限公司,安庆,0,制造业质量/检验（成本管理、抖音）,制造业质量/检验（图文平台、性能检测）
J6717,仓储副经理,国轩高科股份有限公司,安庆,0,制造业质量/检验（成本管理、抖音）,制造业质量/检验（图文平台、性能检测）
J6718,HRBP,安徽乾圆科技有限公司,安庆,0,制造业质量/检验（成本管理、抖音）,制造业质量/检验（图文平台、性能检测）
J6719,人事经理,安徽省青园工贸有限公司,安庆,0,制造业质量/检验（成本管理、抖音）,制造业质量/检验（图文平台、性能检测）
J6720,食品原辅料采购专员,安徽果不离生物科技有限公司,安庆,0,制造业质量/检验（成本管理、抖音）,制造业质量/检验（图文平台、性能检测）
J6721,HRBP,安徽乾圆科技有限公司,安庆,0,制造业质量/检验（成本管理、抖音）,制造业质量/检验（图文平台、性能检测）
J6722,行政接待专员（国企-万人汽车工厂）,振宜汽车有限公司,安庆,0,制造业质量/检验（成本管理、抖音）,制造业质量/检验（图文平台、性能检测）
J6723,体系工程师,安徽乾圆科技有限公司,安庆,0,制造业质量/检验（成本管理、抖音）,制造业质量/检验（图文平台、性能检测）
J6724,体系工程师,安徽乾圆科技有限公司,安庆,0,制造业质量/检验（成本管理、抖音）,制造业质量/检验（图文平台、性能检测）
J6725,成本会计,芜湖红方包装科技股份有限公司,安庆,0,制造业质量/检验（成本管理、抖音）,制造业质量/检验（图文平台、性能检测）
J6726,研发总监,安徽乾圆科技有限公司,安庆,0,制造业质量/检验（成本管理、抖音）,制造业质量/检验（图文平台、性能检测）
J6727,研发经理,安徽乾圆科技有限公司,安庆,0,制造业质量/检验（成本管理、抖音）,制造业质量/检验（图文平台、性能检测）
J6728,校招-材料研发工程师,安庆英科医疗有限公司,安庆,0,制造业质量/检验（成本管理、抖音）,制造业质量/检验（图文平台、性能检测）
J6729,水热法钛酸钡微粉工艺工程师,安徽尤品新材料有限公司,安庆,0,制造业质量/检验（成本管理、抖音）,制造业质量/检验（图文平台、性能检测）
J6730,会计,沈阳金杯锦恒汽车安全系统有限公司,安庆,0,制造业质量/检验（成本管理、抖音）,制造业质量/检验（图文平台、性能检测）
J6731,会计,雨润集团,安庆,0,制造业质量/检验（成本管理、抖音）,供应链/物料/采购（物料管理、海外供应链）
J6732,车企焊装车间效率员,振宜汽车有限公司,安庆,0,制造业质量/检验（成本管理、抖音）,供应链/物料/采购（物料管理、海外供应链）
J6733,工艺工程师,安徽乾圆科技有限公司,安庆,0,制造业质量/检验（成本管理、抖音）,制造业质量/检验（图文平台、性能检测）
J6734,汽车质量工程师,振宜汽车有限公司,安庆,3,软件测试（信号测试、安全测试）,—
J6735,过程质量工程师,振宜汽车有限公司,安庆,3,软件测试（信号测试、安全测试）,—
J6736,工艺工程师,安徽乾圆科技有限公司,安庆,0,制造业质量/检验（成本管理、抖音）,制造业质量/检验（图文平台、性能检测）
J6737,资深研发工程师,安徽乾圆科技有限公司,安庆,0,制造业质量/检验（成本管理、抖音）,制造业质量/检验（图文平台、性能检测）
J6738,农产品交易员,桐城市浩诚金诺电子商务有限公司,安庆,6,产品/项目管理（国内市场、需求分析）,—
J6739,Java,安徽省即幂人工智能科技有限公司,滁州,4,后端开发（hibernate、linux开发）,—
J6740,嵌入式软件助理工程师,北京航星传动科技有限公司,滁州,5,嵌入式/硬件（rtos、32位单片机）,—
J6741,IT工程师（滁州）,安徽明豪精密工业有限公司,滁州,0,制造业质量/检验（成本管理、抖音）,制造业质量/检验（图文平台、性能检测）
J6742,MES系统开发工程师,北海惠科光电显示有限公司,滁州,4,后端开发（hibernate、linux开发）,—
J6743,IT工程师,尤提乐电气有限公司,滁州,0,制造业质量/检验（成本管理、抖音）,制造业质量/检验（图文平台、性能检测）
J6744,ERP专员,安徽智安芯创科技有限公司,滁州,0,制造业质量/检验（成本管理、抖音）,供应链/物料/采购（物料管理、海外供应链）
J6745,U3D客户端开发工程师,安徽斯劳特网络科技有限公司,滁州,4,后端开发（hibernate、linux开发）,—
J6746,研发工程师TU70040,达亮电子(滁州)有限公司,滁州,0,制造业质量/检验（成本管理、抖音）,供应链/物料/采购（物料管理、海外供应链）
J6747,系统测试助理工程师,北京航星传动科技有限公司,滁州,3,软件测试（信号测试、安全测试）,—
J6748,数据采集,滁州康众健康管理有限公司,滁州,0,制造业质量/检验（成本管理、抖音）,制造业质量/检验（图文平台、性能检测）
J6749,数据标注,滁州诺纳建筑工程有限公司,滁州,0,制造业质量/检验（成本管理、抖音）,制造业质量/检验（图文平台、性能检测）
J6750,算法工程师,北海惠科光电显示有限公司,滁州,7,算法/人工智能（智能驾驶、传感器融合）,—
J6751,数据标注,滁州煜智信息技术有限公司,滁州,0,制造业质量/检验（成本管理、抖音）,制造业质量/检验（图文平台、性能检测）
J6752,保底7k机器人数据采集员长白班,上海赞华实业有限公司,滁州,0,制造业质量/检验（成本管理、抖音）,制造业质量/检验（图文平台、性能检测）
J6753,测试工程师,北京中科导控科技有限公司,滁州,3,软件测试（信号测试、安全测试）,—
J6754,Linux+oracle数据库 运维工程师,南京六瑞电力自动化科技有限公司,滁州,1,运维/云与网络（分布式电站、空调工程）,—
J6755,智能仪器控制模块研发工程师（五险一金+双休，天长、南…,江元科技集团股份有限公司,滁州,0,制造业质量/检验（成本管理、抖音）,制造业质量/检验（图文平台、性能检测）
J6756,管培生（27届应届毕业生，非应届勿扰）,大咖国际食品有限公司,滁州,0,制造业质量/检验（成本管理、抖音）,制造业质量/检验（图文平台、性能检测）
J6757,应届/往届研究生、211/985本科生,滁州市经纬装备科技有限公司,滁州,0,制造业质量/检验（成本管理、抖音）,制造业质量/检验（图文平台、性能检测）
J6758,数据采集员,天长市智为数据服务有限公司,滁州,0,制造业质量/检验（成本管理、抖音）,制造业质量/检验（图文平台、性能检测）
J6759,硬件测试工程师,北京航星传动科技有限公司,滁州,3,软件测试（信号测试、安全测试）,—
J6760,上位机工程师--薪资面议,北京航星传动科技有限公司,滁州,0,制造业质量/检验（成本管理、抖音）,硬件/仪器/自动化（组态软件、scratch）
J6761,38/时+数据采集+不限性别接受无经验+酒店住…,上海赞华实业有限公司,滁州,0,制造业质量/检验（成本管理、抖音）,制造业质量/检验（图文平台、性能检测）
J6762,Java,安徽省即幂人工智能科技有限公司,滁州,4,后端开发（hibernate、linux开发）,—
J6763,物流运输专员,佳怡物流,滁州,0,制造业质量/检验（成本管理、抖音）,制造业质量/检验（图文平台、性能检测）
J6764,化成段设备维修技术员,中汽新能电池科技有限公司,滁州,0,制造业质量/检验（成本管理、抖音）,制造业质量/检验（图文平台、性能检测）
J6765,嵌入式软件工程师,北京中科导控科技有限公司,滁州,5,嵌入式/硬件（rtos、32位单片机）,—
J6766,嵌入式系统软件工程师,芯北电子科技(南京)有限公司,滁州,5,嵌入式/硬件（rtos、32位单片机）,—
J6767,小家电开发工程师,滁州东菱电器有限公司,滁州,4,后端开发（hibernate、linux开发）,—
J6768,售后工程师（滁州）,成都思越智能装备股份有限公司,滁州,0,制造业质量/检验（成本管理、抖音）,制造业质量/检验（图文平台、性能检测）
J6769,产品开发工程师,安徽唯晟电器有限公司,滁州,4,后端开发（hibernate、linux开发）,—
J6770,售后经理,国科能源技术创新中心(合肥)有限公司,滁州,0,制造业质量/检验（成本管理、抖音）,制造业质量/检验（图文平台、性能检测）
J6771,产品开发工程师,安徽凯撒新能源科技有限公司,滁州,4,后端开发（hibernate、linux开发）,—
J6772,惯导技术支持 滁州,北京中科导控科技有限公司,滁州,0,制造业质量/检验（成本管理、抖音）,制造业质量/检验（图文平台、性能检测）
J6773,小家电开发工程师,滁州东菱电器有限公司,滁州,4,后端开发（hibernate、linux开发）,—
J6774,模具维修（冷弯）,安徽凯撒新能源科技有限公司,滁州,0,制造业质量/检验（成本管理、抖音）,制造业质量/检验（图文平台、性能检测）
J6775,测试员,安徽智安芯创科技有限公司,滁州,3,软件测试（信号测试、安全测试）,—
J6776,储能质量工程师,天合光能股份有限公司,滁州,3,软件测试（信号测试、安全测试）,—
J6777,品质组长,安徽金锘科技有限公司,滁州,3,软件测试（信号测试、安全测试）,—
J6778,品质部管培生,宁波华彩电器有限公司,滁州,3,软件测试（信号测试、安全测试）,—
J6779,测试工程师,尚特杰电力科技有限公司,滁州,3,软件测试（信号测试、安全测试）,—
J6780,质量经理,安徽鑫铂铝业股份有限公司,滁州,0,制造业质量/检验（成本管理、抖音）,制造业质量/检验（图文平台、性能检测）
J6781,绿色产品管理工程师,北海惠科光电显示有限公司,滁州,6,产品/项目管理（国内市场、需求分析）,—
J6782,质量工程师,安徽省恒马电器科技有限公司,滁州,3,软件测试（信号测试、安全测试）,—
J6783,显示模组品质工程师,安徽盛诺科技集团股份有限公司,滁州,3,软件测试（信号测试、安全测试）,—
J6784,质量经理,昇兴集团股份有限公司,滁州,0,制造业质量/检验（成本管理、抖音）,制造业质量/检验（图文平台、性能检测）
J6785,QC质检,安徽赛诚创科技有限公司,滁州,0,制造业质量/检验（成本管理、抖音）,制造业质量/检验（图文平台、性能检测）
J6786,化成质量主管,中汽新能电池科技有限公司,滁州,0,制造业质量/检验（成本管理、抖音）,制造业质量/检验（图文平台、性能检测）
J6787,电芯测试工程师,国科能源技术创新中心(合肥)有限公司,滁州,3,软件测试（信号测试、安全测试）,—
J6788,品质组长,安徽金锘电子科技有限公司,滁州,3,软件测试（信号测试、安全测试）,—
J6789,测试技术员（家电 园林电动工具）,滁州东菱电器有限公司,滁州,3,软件测试（信号测试、安全测试）,—
J6790,质量主管,安徽恒创智能装备有限公司,滁州,0,制造业质量/检验（成本管理、抖音）,制造业质量/检验（图文平台、性能检测）
J6791,高级/品质工程师,比亚迪股份有限公司,滁州,3,软件测试（信号测试、安全测试）,—
J6792,无人机装配工程师,航天国器智能装备(江苏)有限公司,滁州,0,制造业质量/检验（成本管理、抖音）,制造业质量/检验（图文平台、性能检测）
J6793,品质检验工程师 Quality Engineer / I…,广州威标商品检测技术服务有限公司,滁州,3,软件测试（信号测试、安全测试）,—
J6794,品质工程师,上海必胜人力资源有限公司,滁州,3,软件测试（信号测试、安全测试）,—
J6795,品质主任,晋阳电子(滁州)有限公司,滁州,3,软件测试（信号测试、安全测试）,—
J6796,质保部经理,南京达迈科技实业股份有限公司,滁州,0,制造业质量/检验（成本管理、抖音）,制造业质量/检验（图文平台、性能检测）
J6797,无人机测试工程师,尚特杰电力科技有限公司,滁州,3,软件测试（信号测试、安全测试）,—
J6798,测试工艺工程师,深圳辰达半导体有限公司,滁州,3,软件测试（信号测试、安全测试）,—
J6799,品控员-光明牧业ZB178,光明乳业,滁州,0,制造业质量/检验（成本管理、抖音）,制造业质量/检验（图文平台、性能检测）
J6800,托盘质量经理,安徽智安芯创科技有限公司,滁州,0,制造业质量/检验（成本管理、抖音）,制造业质量/检验（图文平台、性能检测）
J6801,质量经理,安徽晖泓新材料科技有限公司,滁州,0,制造业质量/检验（成本管理、抖音）,制造业质量/检验（图文平台、性能检测）
J6802,质量主管,戴卡优艾希杰渤铝汽车零部件(滁州)有限公司,滁州,0,制造业质量/检验（成本管理、抖音）,制造业质量/检验（图文平台、性能检测）
J6803,IPQE资深工程师（滁州基地）,浙江爱旭太阳能科技有限公司,滁州,0,制造业质量/检验（成本管理、抖音）,质量检验（qa、qc）
J6804,DQE,新宝电器,滁州,0,制造业质量/检验（成本管理、抖音）,制造业质量/检验（图文平台、性能检测）
J6805,车间质量专员,江苏美特林科特殊合金股份有限公司,滁州,0,制造业质量/检验（成本管理、抖音）,制造业质量/检验（图文平台、性能检测）
J6806,PQE 过程质量工程师,中汽新能电池科技有限公司,滁州,3,软件测试（信号测试、安全测试）,—
J6807,CQE,安徽中体新材料科技有限公司,滁州,0,制造业质量/检验（成本管理、抖音）,制造业质量/检验（图文平台、性能检测）
J6808,QE,深圳市泰科动力系统有限公司,滁州,0,制造业质量/检验（成本管理、抖音）,制造业质量/检验（图文平台、性能检测）
J6809,QC工程师,北海惠科光电显示有限公司,滁州,0,制造业质量/检验（成本管理、抖音）,质量检验（qa、qc）
J6810,测试评价工程师/质量工程师,滁州东菱电器有限公司,滁州,3,软件测试（信号测试、安全测试）,—
J6811,品质工程师（定远）,国科能源技术创新中心(合肥)有限公司,滁州,3,软件测试（信号测试、安全测试）,—
J6812,电芯品质工程师,国轩高科股份有限公司,滁州,3,软件测试（信号测试、安全测试）,—
J6813,品管主任,喜多多集团有限公司,滁州,0,制造业质量/检验（成本管理、抖音）,制造业质量/检验（图文平台、性能检测）
J6814,质检部长,全椒科利德电子材料有限公司,滁州,0,制造业质量/检验（成本管理、抖音）,制造业质量/检验（图文平台、性能检测）
J6815,技术质量主管,来安县珙武机械制造有限公司,滁州,0,制造业质量/检验（成本管理、抖音）,质量检验（qa、qc）
J6816,发动机质量保证工程师,奇瑞控股集团有限公司,滁州,0,制造业质量/检验（成本管理、抖音）,制造业质量/检验（图文平台、性能检测）
J6817,技术质检部长,大禹防水建材集团有限公司,滁州,0,制造业质量/检验（成本管理、抖音）,制造业质量/检验（图文平台、性能检测）
J6818,CQE工程师,常州市科伶洁园林科技有限公司,滁州,0,制造业质量/检验（成本管理、抖音）,制造业质量/检验（图文平台、性能检测）
J6819,品质经理,天津市玺丰机械配件有限公司,滁州,3,软件测试（信号测试、安全测试）,—
J6820,品质主管,江苏宣之禾包装科技实业有限公司,滁州,3,软件测试（信号测试、安全测试）,—
J6821,装配式建筑品质经理,金鹏控股集团有限公司,滁州,3,软件测试（信号测试、安全测试）,—
J6822,测试工程师（TE),芯北电子科技(南京)有限公司,滁州,3,软件测试（信号测试、安全测试）,—
J6823,质量主管,戴卡优艾希杰渤铝汽车零部件有限公司,滁州,0,制造业质量/检验（成本管理、抖音）,制造业质量/检验（图文平台、性能检测）
J6824,PQE质量工程师,海四达钠星(四川)新能源科技有限公司,滁州,3,软件测试（信号测试、安全测试）,—
J6825,质量工程师,滁州市豪润科技有限公司,滁州,3,软件测试（信号测试、安全测试）,—
J6826,FQC倒班主管（TOPcon）,东方日升新能源股份有限公司,滁州,0,制造业质量/检验（成本管理、抖音）,制造业质量/检验（图文平台、性能检测）
J6827,品质工程师,安徽心连心重型封头有限公司,滁州,3,软件测试（信号测试、安全测试）,—
J6828,质量主管,滁州巨业新材料有限公司,滁州,0,制造业质量/检验（成本管理、抖音）,制造业质量/检验（图文平台、性能检测）
J6829,OQC高级工程师（滁州基地）,浙江爱旭太阳能科技有限公司,滁州,0,制造业质量/检验（成本管理、抖音）,质量检验（qa、qc）
J6830,射频测试工程师5g+双休+大厂急招+远程面试,上海杰艾企业管理咨询有限公司,滁州,3,软件测试（信号测试、安全测试）,—
J6831,过程品质工程师,滁州东菱电器有限公司,滁州,3,软件测试（信号测试、安全测试）,—
J6832,硬件测试工程师,北京航星传动科技有限公司,滁州,3,软件测试（信号测试、安全测试）,—
J6833,CQE客户质量工程师,中汽新能电池科技有限公司,滁州,3,软件测试（信号测试、安全测试）,—
J6834,PACK质量主管,国轩高科股份有限公司,滁州,0,制造业质量/检验（成本管理、抖音）,制造业质量/检验（图文平台、性能检测）
J6835,质量经理,江苏微迈思半导体科技有限公司,滁州,0,制造业质量/检验（成本管理、抖音）,质量检验（qa、qc）
J6836,质量经理,安徽亚格盛电子新材料股份有限公司,滁州,0,制造业质量/检验（成本管理、抖音）,质量检验（qa、qc）
J6837,qc质量工程师,全椒科利德电子材料有限公司,滁州,3,软件测试（信号测试、安全测试）,—
J6838,品质经理,国科能源技术创新中心(合肥)有限公司,滁州,3,软件测试（信号测试、安全测试）,—
J6839,质量工程师,凤阳爱尔思轻合金精密成型有限公司,滁州,3,软件测试（信号测试、安全测试）,—
J6840,品控组长,大咖国际食品有限公司,滁州,0,制造业质量/检验（成本管理、抖音）,制造业质量/检验（图文平台、性能检测）
J6841,质量主管,安徽沛愉包装科技有限公司,滁州,0,制造业质量/检验（成本管理、抖音）,制造业质量/检验（图文平台、性能检测）
J6842,质量副经理,尚特杰电力科技有限公司,滁州,0,制造业质量/检验（成本管理、抖音）,制造业质量/检验（图文平台、性能检测）
J6843,质量经理,北京恩兴动力电池有限公司,滁州,0,制造业质量/检验（成本管理、抖音）,质量检验（qa、qc）
J6844,质量工程师,中裕软管科技股份有限公司,滁州,3,软件测试（信号测试、安全测试）,—
J6845,质量部主管/经理,滁州市经纬装备科技有限公司,滁州,0,制造业质量/检验（成本管理、抖音）,制造业质量/检验（图文平台、性能检测）
J6846,品控/品质主管,辽宁森宇科技集团股份有限公司,滁州,3,软件测试（信号测试、安全测试）,—
J6847,电芯PQE主管工程师,天合光能股份有限公司,滁州,0,制造业质量/检验（成本管理、抖音）,制造业质量/检验（图文平台、性能检测）
J6848,售后服务质量工程师（安徽定远）,青岛亿利滚塑科技有限公司,滁州,3,软件测试（信号测试、安全测试）,—
J6849,质量经理（金属部件制造）,安徽祥东高端装备股份有限公司,滁州,0,制造业质量/检验（成本管理、抖音）,制造业质量/检验（图文平台、性能检测）
J6850,三坐标实验员,安徽智安芯创科技有限公司,滁州,0,制造业质量/检验（成本管理、抖音）,制造业质量/检验（图文平台、性能检测）
J6851,机器人系统工程师（懂电气）,滁州通合昇业科技有限公司,滁州,0,制造业质量/检验（成本管理、抖音）,电子/半导体/设备（测试、自动化设计）
J6852,品质工程师,滁州东菱电器有限公司,滁州,3,软件测试（信号测试、安全测试）,—
J6853,电池质量QC助理工程师（TOPcon）,东方日升新能源股份有限公司,滁州,0,制造业质量/检验（成本管理、抖音）,制造业质量/检验（图文平台、性能检测）
J6854,过程质量工程师（国资央企）,中汽新能电池科技有限公司,滁州,3,软件测试（信号测试、安全测试）,—
J6855,模组测试工程师,北海惠科光电显示有限公司,滁州,3,软件测试（信号测试、安全测试）,—
J6856,TQE技师,浙江爱旭太阳能科技有限公司,滁州,0,制造业质量/检验（成本管理、抖音）,制造业质量/检验（图文平台、性能检测）
J6857,QC主管,常州市科伶洁园林科技有限公司,滁州,0,制造业质量/检验（成本管理、抖音）,质量检验（qa、qc）
J6858,品质检验员,南京思宇电气技术有限公司,滁州,3,软件测试（信号测试、安全测试）,—
J6859,电气工程师（接受无经验应届生）,安邦电气股份有限公司,滁州,0,制造业质量/检验（成本管理、抖音）,电子/半导体/设备（测试、自动化设计）
J6860,质量检验员,安徽凯撒新能源科技有限公司,滁州,0,制造业质量/检验（成本管理、抖音）,制造业质量/检验（图文平台、性能检测）
J6861,技术员,永谐科技(滁州)有限公司,滁州,0,制造业质量/检验（成本管理、抖音）,制造业质量/检验（图文平台、性能检测）
J6862,成品检验员,安徽吉光新材料有限公司,滁州,0,制造业质量/检验（成本管理、抖音）,供应链/物料/采购（物料管理、海外供应链）
J6863,qc质检员,定远县鑫宇体育股份有限公司,滁州,0,制造业质量/检验（成本管理、抖音）,制造业质量/检验（图文平台、性能检测）
J6864,质检员,安徽心连心重型封头有限公司,滁州,0,制造业质量/检验（成本管理、抖音）,制造业质量/检验（图文平台、性能检测）
J6865,电气工程师,北京鸿鹏伟业科技有限公司,滁州,0,制造业质量/检验（成本管理、抖音）,电子/半导体/设备（测试、自动化设计）
J6866,售后电气工程师,湖南建能集团有限公司,滁州,0,制造业质量/检验（成本管理、抖音）,电子/半导体/设备（测试、自动化设计）
J6867,质检员,滁州巨业新材料有限公司,滁州,0,制造业质量/检验（成本管理、抖音）,制造业质量/检验（图文平台、性能检测）
J6868,电气工程师,安徽可陆装备有限公司,滁州,0,制造业质量/检验（成本管理、抖音）,电子/半导体/设备（测试、自动化设计）
J6869,PLC工程师（工作环境安全舒适、个人成长空间大、…,南京华源水处理工业设备有限公司,滁州,0,制造业质量/检验（成本管理、抖音）,电子/半导体/设备（测试、自动化设计）
J6870,化验室分析专员,滁州康华电子材料有限公司,滁州,0,制造业质量/检验（成本管理、抖音）,制造业质量/检验（图文平台、性能检测）
J6871,电气软件工程师,江苏美客鼎嵘智能装备制造有限公司,滁州,4,后端开发（hibernate、linux开发）,—
J6872,理化仪器分析检测员,安徽天凯生物科技有限公司,滁州,0,制造业质量/检验（成本管理、抖音）,制造业质量/检验（图文平台、性能检测）
J6873,机械设计,安徽昆仑生物基包装材料有限公司,滁州,0,制造业质量/检验（成本管理、抖音）,电子/半导体/设备（测试、自动化设计）
J6874,品质管理员,康佳集团股份有限公司,滁州,3,软件测试（信号测试、安全测试）,—
J6875,锂电储能集装箱质量工程师,中汽新能电池科技有限公司,滁州,3,软件测试（信号测试、安全测试）,—
J6876,电性能测试工程师（电池单体检测）,国轩高科股份有限公司,滁州,3,软件测试（信号测试、安全测试）,—
J6877,TQE工程师,浙江爱旭太阳能科技有限公司,滁州,0,制造业质量/检验（成本管理、抖音）,供应链/物料/采购（物料管理、海外供应链）
J6878,测试工程师,滁州乾钼智能制造有限责任公司,滁州,3,软件测试（信号测试、安全测试）,—
J6879,供料机械工程师（中央供料/塑胶自动输送设备方向）,安徽雄亚塑胶科技有限公司,滁州,0,制造业质量/检验（成本管理、抖音）,电子/半导体/设备（测试、自动化设计）
J6880,CQE客户质量工程师,中汽新能电池科技有限公司,滁州,3,软件测试（信号测试、安全测试）,—
J6881,CQE客户质量工程师（国资央企）,中汽新能电池科技有限公司,滁州,3,软件测试（信号测试、安全测试）,—
J6882,过程质量工程师,戴卡优艾希杰渤铝汽车零部件有限公司,滁州,3,软件测试（信号测试、安全测试）,—
J6883,CQE客户质量工程师（锂电/储能方向）,中汽新能电池科技有限公司,滁州,3,软件测试（信号测试、安全测试）,—
J6884,PQE 过程质量工程师（国资央企）,中汽新能电池科技有限公司,滁州,3,软件测试（信号测试、安全测试）,—
J6885,过程质量工程师 / PQE（锂电/储能方向）,中汽新能电池科技有限公司,滁州,3,软件测试（信号测试、安全测试）,—
J6886,储能集装箱质量工程师（CQE）,中汽新能电池科技有限公司,滁州,3,软件测试（信号测试、安全测试）,—
J6887,pack品质主管,国轩高科股份有限公司,滁州,3,软件测试（信号测试、安全测试）,—
J6888,储能集装箱质量工程师,中汽新能电池科技有限公司,滁州,3,软件测试（信号测试、安全测试）,—
J6889,CQE客户质量工程师（国资央企）,中汽新能电池科技有限公司,滁州,3,软件测试（信号测试、安全测试）,—
J6890,质量工程师,全椒科利德电子材料有限公司,滁州,3,软件测试（信号测试、安全测试）,—
J6891,QC组长/主管,滁州东菱电器有限公司,滁州,0,制造业质量/检验（成本管理、抖音）,质量检验（qa、qc）
J6892,DQE(英语书面能力，家电行业）,滁州东菱电器有限公司,滁州,0,制造业质量/检验（成本管理、抖音）,制造业质量/检验（图文平台、性能检测）
J6893,pack集成pqe经理,天合光能股份有限公司,滁州,0,制造业质量/检验（成本管理、抖音）,制造业质量/检验（图文平台、性能检测）
J6894,来料检测助理工程师,国科能源技术创新中心(合肥)有限公司,滁州,0,制造业质量/检验（成本管理、抖音）,制造业质量/检验（图文平台、性能检测）
J6895,储能集装箱质检员,中汽新能电池科技有限公司,滁州,0,制造业质量/检验（成本管理、抖音）,制造业质量/检验（图文平台、性能检测）
J6896,TQE助理/工程师,浙江爱旭太阳能科技有限公司,滁州,0,制造业质量/检验（成本管理、抖音）,供应链/物料/采购（物料管理、海外供应链）
J6897,电气技术员,安邦电气股份有限公司,滁州,0,制造业质量/检验（成本管理、抖音）,供应链/物料/采购（物料管理、海外供应链）
J6898,分析室主管,滁州康华电子材料有限公司,滁州,0,制造业质量/检验（成本管理、抖音）,制造业质量/检验（图文平台、性能检测）
J6899,质量工程师,滁州乾钼智能制造有限责任公司,滁州,3,软件测试（信号测试、安全测试）,—
J6900,风电光伏运维技术员,天津博航新能科技有限公司,滁州,1,运维/云与网络（分布式电站、空调工程）,—
J6901,风电运维工程师,徐州帆诺科技有限公司,滁州,1,运维/云与网络（分布式电站、空调工程）,—
J6902,配网主站运维工程师,安徽中楚电力科技有限公司,滁州,1,运维/云与网络（分布式电站、空调工程）,—
J6903,光伏运维工程师,安徽承美建设工程有限公司,滁州,1,运维/云与网络（分布式电站、空调工程）,—
J6904,运维工程师（滁州）,无锡大禹科技有限公司,滁州,1,运维/云与网络（分布式电站、空调工程）,—
J6905,驻场运维工程师（驻场-工厂数据中心）,万宝盛华企业管理咨询（上海）有限公司,滁州,1,运维/云与网络（分布式电站、空调工程）,—
J6906,视频会议运维工程师,安徽祺盛智能科技有限公司,滁州,1,运维/云与网络（分布式电站、空调工程）,—
J6907,MES运维工程师,宁波华彩电器有限公司,滁州,1,运维/云与网络（分布式电站、空调工程）,—
J6908,急聘电工-五险,安徽舒阳新能源科技有限公司,滁州,0,制造业质量/检验（成本管理、抖音）,制造业质量/检验（图文平台、性能检测）
J6909,服务器运维工程师,北海惠科光电显示有限公司,滁州,1,运维/云与网络（分布式电站、空调工程）,—
J6910,设备维护维修（滁州本地的直接来公司面聊）,安徽德澳莱茵电机有限公司,滁州,0,制造业质量/检验（成本管理、抖音）,制造业质量/检验（图文平台、性能检测）
J6911,兼职售后运维（定远县）,山东易扬科技有限公司,滁州,1,运维/云与网络（分布式电站、空调工程）,—
J6912,通信技术工程师,滁州瑶光科技有限公司,滁州,0,制造业质量/检验（成本管理、抖音）,制造业质量/检验（图文平台、性能检测）
J6913,装维业务员,中智(安徽)科技服务有限公司,滁州,0,制造业质量/检验（成本管理、抖音）,制造业质量/检验（图文平台、性能检测）
J6914,文员,苏州叹云兮网络科技有限公司,滁州,0,制造业质量/检验（成本管理、抖音）,制造业质量/检验（图文平台、性能检测）
J6915,研发项目助理,滁州通合昇业科技有限公司,滁州,0,制造业质量/检验（成本管理、抖音）,制造业质量/检验（图文平台、性能检测）
J6916,厂务助工-技师-工程师,浙江爱旭太阳能科技有限公司,滁州,0,制造业质量/检验（成本管理、抖音）,制造业质量/检验（图文平台、性能检测）
J6917,风机设备维护（接受无经验）,徐州帆诺科技有限公司,滁州,0,制造业质量/检验（成本管理、抖音）,制造业质量/检验（图文平台、性能检测）
J6918,售后工程师,山东鲁发科技有限公司,滁州,0,制造业质量/检验（成本管理、抖音）,制造业质量/检验（图文平台、性能检测）
J6919,生产系统工程师,苏州明谷纳科技有限公司吴中分公司,滁州,0,制造业质量/检验（成本管理、抖音）,制造业质量/检验（图文平台、性能检测）
J6920,设备工程师,江苏海四达电源有限公司,滁州,0,制造业质量/检验（成本管理、抖音）,制造业质量/检验（图文平台、性能检测）
J6921,调试工程师,安徽金龙机械有限公司,滁州,0,制造业质量/检验（成本管理、抖音）,制造业质量/检验（图文平台、性能检测）
J6922,【软包半固态电池】化成设备工程师/高工,北京恩兴动力电池有限公司,滁州,0,制造业质量/检验（成本管理、抖音）,制造业质量/检验（图文平台、性能检测）
J6923,电气设备工程师,中汽新能电池科技有限公司,滁州,0,制造业质量/检验（成本管理、抖音）,制造业质量/检验（图文平台、性能检测）
J6924,电芯电极设备高级工程师,天合光能股份有限公司,滁州,0,制造业质量/检验（成本管理、抖音）,制造业质量/检验（图文平台、性能检测）
J6925,急招电工 五险,安徽凯承源电子科技有限公司,滁州,0,制造业质量/检验（成本管理、抖音）,制造业质量/检验（图文平台、性能检测）
J6926,滁州文员月薪8500五险一金包吃住双休,太康县雇员百货商行,滁州,0,制造业质量/检验（成本管理、抖音）,制造业质量/检验（图文平台、性能检测）
J6927,生产班组长,安徽柯诚智能装备有限公司,滁州,0,制造业质量/检验（成本管理、抖音）,制造业质量/检验（图文平台、性能检测）
J6928,样板员,滁州东菱电器有限公司,滁州,0,制造业质量/检验（成本管理、抖音）,制造业质量/检验（图文平台、性能检测）
J6929,电商运营,安徽绿生源食品有限公司,滁州,0,制造业质量/检验（成本管理、抖音）,制造业质量/检验（图文平台、性能检测）
J6930,运营专员(J10003),安徽新锐控股集团有限公司,滁州,0,制造业质量/检验（成本管理、抖音）,供应链/物料/采购（物料管理、海外供应链）
J6931,销售经理-J1748Q,京东集团,滁州,0,制造业质量/检验（成本管理、抖音）,供应链/物料/采购（物料管理、海外供应链）
J6932,生产文员,安徽智安芯创科技有限公司,滁州,0,制造业质量/检验（成本管理、抖音）,供应链/物料/采购（物料管理、海外供应链）
J6933,统计主管-光明牧业ZB179,光明乳业,滁州,0,制造业质量/检验（成本管理、抖音）,制造业质量/检验（图文平台、性能检测）
J6934,销售助理内勤（双休）,滁州康华电子材料有限公司,滁州,0,制造业质量/检验（成本管理、抖音）,制造业质量/检验（图文平台、性能检测）
J6935,行政内勤,安徽华创医药有限公司,滁州,0,制造业质量/检验（成本管理、抖音）,制造业质量/检验（图文平台、性能检测）
J6936,电商运营助理,滁州京雷贸易有限公司,滁州,0,制造业质量/检验（成本管理、抖音）,供应链/物料/采购（物料管理、海外供应链）
J6937,pmc生产计划员,安徽恒创智能装备有限公司,滁州,0,制造业质量/检验（成本管理、抖音）,制造业质量/检验（图文平台、性能检测）
J6938,文员/计划,今麦郎饮品,滁州,0,制造业质量/检验（成本管理、抖音）,供应链/物料/采购（物料管理、海外供应链）
J6939,工程文员,深圳市伟昊净化设备有限公司,滁州,0,制造业质量/检验（成本管理、抖音）,制造业质量/检验（图文平台、性能检测）
J6940,机械质检员/检验员,安徽柯诚智能装备有限公司,滁州,0,制造业质量/检验（成本管理、抖音）,制造业质量/检验（图文平台、性能检测）
J6941,商管专员,安徽锦秀太平文旅演艺有限责任公司,滁州,0,制造业质量/检验（成本管理、抖音）,制造业质量/检验（图文平台、性能检测）
J6942,经营分析经理 (MJ001957),淮安捷泰新能源科技有限公司,滁州,0,制造业质量/检验（成本管理、抖音）,供应链/物料/采购（物料管理、海外供应链）
J6943,PE工程师,常州市科伶洁园林科技有限公司,滁州,0,制造业质量/检验（成本管理、抖音）,制造业质量/检验（图文平台、性能检测）
J6944,质量检验员,南京贝特空调设备有限公司,滁州,0,制造业质量/检验（成本管理、抖音）,制造业质量/检验（图文平台、性能检测）
J6945,设备主管,安徽和天包装科技有限公司,滁州,0,制造业质量/检验（成本管理、抖音）,制造业质量/检验（图文平台、性能检测）
J6946,国内电商运营,凤阳探维体育用品有限公司,滁州,0,制造业质量/检验（成本管理、抖音）,制造业质量/检验（图文平台、性能检测）
J6947,采购专员/助理,安徽旭合新能源科技有限公司,滁州,0,制造业质量/检验（成本管理、抖音）,制造业质量/检验（图文平台、性能检测）
J6948,生产文员,江苏海四达电源有限公司,滁州,0,制造业质量/检验（成本管理、抖音）,供应链/物料/采购（物料管理、海外供应链）
J6949,销售跟单助理,安徽航展自动化科技有限公司,滁州,0,制造业质量/检验（成本管理、抖音）,供应链/物料/采购（物料管理、海外供应链）
J6950,计划调度员,北京航星传动科技有限公司,滁州,0,制造业质量/检验（成本管理、抖音）,制造业质量/检验（图文平台、性能检测）
J6951,研发工程师-锅炉,安徽热景锅炉有限公司,滁州,0,制造业质量/检验（成本管理、抖音）,制造业质量/检验（图文平台、性能检测）
J6952,IE工程师,海四达钠星(四川)新能源科技有限公司,滁州,0,制造业质量/检验（成本管理、抖音）,制造业质量/检验（图文平台、性能检测）
J6953,生产计划,安徽沛愉包装科技有限公司,滁州,0,制造业质量/检验（成本管理、抖音）,制造业质量/检验（图文平台、性能检测）
J6954,电商仓库主管（乌衣）,安徽柯诚智能装备有限公司,滁州,0,制造业质量/检验（成本管理、抖音）,供应链/物料/采购（物料管理、海外供应链）
J6955,车间计划员,君乐宝乳业集团股份有限公司,滁州,0,制造业质量/检验（成本管理、抖音）,制造业质量/检验（图文平台、性能检测）
J6956,发酵设备工程师,合曜生物科技(南京)有限公司,滁州,0,制造业质量/检验（成本管理、抖音）,制造业质量/检验（图文平台、性能检测）
J6957,蔚来乐道汽车销售（滁州）,上海蔚来汽车有限公司,滁州,0,制造业质量/检验（成本管理、抖音）,制造业质量/检验（图文平台、性能检测）
J6958,出纳会计,滁州惠邻优选市场管理有限公司,滁州,0,制造业质量/检验（成本管理、抖音）,制造业质量/检验（图文平台、性能检测）
J6959,实验室化验员,安徽禾美环保集团股份有限公司,滁州,0,制造业质量/检验（成本管理、抖音）,制造业质量/检验（图文平台、性能检测）
J6960,汽车质量工程师,安徽智安芯创科技有限公司,滁州,3,软件测试（信号测试、安全测试）,—
J6961,设备工程师/技术员,国科能源技术创新中心(合肥)有限公司,滁州,0,制造业质量/检验（成本管理、抖音）,制造业质量/检验（图文平台、性能检测）
J6962,电商运营,安徽七彩丁香家居用品有限公司,滁州,0,制造业质量/检验（成本管理、抖音）,制造业质量/检验（图文平台、性能检测）
J6963,仓库收发货员,南京贝特空调设备有限公司,滁州,0,制造业质量/检验（成本管理、抖音）,供应链/物料/采购（物料管理、海外供应链）
J6964,办公室文员 出纳,安徽德博新材料科技有限公司,滁州,0,制造业质量/检验（成本管理、抖音）,制造业质量/检验（图文平台、性能检测）
J6965,急聘模具工 月入14000,安徽明豪精密工业有限公司,滁州,0,制造业质量/检验（成本管理、抖音）,制造业质量/检验（图文平台、性能检测）
J6966,新媒体短视频运营专员,安徽伊食佳农业科技有限公司,滁州,0,制造业质量/检验（成本管理、抖音）,制造业质量/检验（图文平台、性能检测）
J6967,仓储经理,今麦郎饮品,滁州,0,制造业质量/检验（成本管理、抖音）,制造业质量/检验（图文平台、性能检测）
J6968,仓库主管,神州节能科技集团有限公司,滁州,0,制造业质量/检验（成本管理、抖音）,制造业质量/检验（图文平台、性能检测）
J6969,设备经理,北京恩兴动力电池有限公司,滁州,0,制造业质量/检验（成本管理、抖音）,制造业质量/检验（图文平台、性能检测）
J6970,水果采购,大咖国际食品有限公司,滁州,0,制造业质量/检验（成本管理、抖音）,制造业质量/检验（图文平台、性能检测）
J6971,QA专员,安徽天凯生物科技有限公司,滁州,0,制造业质量/检验（成本管理、抖音）,质量检验（qa、qc）
J6972,商务助理,南京新筛分科技实业有限公司,滁州,0,制造业质量/检验（成本管理、抖音）,制造业质量/检验（图文平台、性能检测）
J6973,电芯工艺工程师,国轩高科股份有限公司,滁州,0,制造业质量/检验（成本管理、抖音）,制造业质量/检验（图文平台、性能检测）
J6974,采购经理,工大开元(安徽)环保技术服务有限公司,滁州,0,制造业质量/检验（成本管理、抖音）,制造业质量/检验（图文平台、性能检测）
J6975,生物质燃料采购员,安徽惠冉嘉能新能源科技有限公司,滁州,0,制造业质量/检验（成本管理、抖音）,制造业质量/检验（图文平台、性能检测）
J6976,ehs工程师/环保工程师,东鹏饮料,滁州,0,制造业质量/检验（成本管理、抖音）,制造业质量/检验（图文平台、性能检测）
J6977,仓库组长,乐岁(上海)实业有限公司,滁州,0,制造业质量/检验（成本管理、抖音）,制造业质量/检验（图文平台、性能检测）
J6978,人事专员(J10002),安徽新锐控股集团有限公司,滁州,0,制造业质量/检验（成本管理、抖音）,制造业质量/检验（图文平台、性能检测）
J6979,厂务电气技师-工程师,浙江爱旭太阳能科技有限公司,滁州,0,制造业质量/检验（成本管理、抖音）,制造业质量/检验（图文平台、性能检测）
J6980,生产文员,南京贝特空调设备有限公司,滁州,0,制造业质量/检验（成本管理、抖音）,供应链/物料/采购（物料管理、海外供应链）
J6981,商业招商运营总监,安徽德通房地产发展有限公司,滁州,0,制造业质量/检验（成本管理、抖音）,制造业质量/检验（图文平台、性能检测）
J6982,生产管培生,北新防水有限公司,滁州,0,制造业质量/检验（成本管理、抖音）,供应链/物料/采购（物料管理、海外供应链）
J6983,酒店店长,安邦电气股份有限公司,滁州,0,制造业质量/检验（成本管理、抖音）,制造业质量/检验（图文平台、性能检测）
J6984,质量检验员,安徽壹石通材料科学研究院有限公司,滁州,0,制造业质量/检验（成本管理、抖音）,制造业质量/检验（图文平台、性能检测）
J6985,投融资经理,安徽明瑞智能科技股份有限公司,滁州,0,制造业质量/检验（成本管理、抖音）,制造业质量/检验（图文平台、性能检测）
J6986,蔚来顾问实习生,上海蔚来汽车有限公司,滁州,0,制造业质量/检验（成本管理、抖音）,制造业质量/检验（图文平台、性能检测）
J6987,分析工程师,安徽亚格盛电子新材料股份有限公司,滁州,0,制造业质量/检验（成本管理、抖音）,制造业质量/检验（图文平台、性能检测）
J6988,人力资源管培生,安徽阿喜绿色科技有限公司,滁州,0,制造业质量/检验（成本管理、抖音）,制造业质量/检验（图文平台、性能检测）
J6989,网络运营主管（工业品）,安徽恒创智能装备有限公司,滁州,0,制造业质量/检验（成本管理、抖音）,制造业质量/检验（图文平台、性能检测）
J6990,cell整合工程师,北海惠科光电显示有限公司,滁州,0,制造业质量/检验（成本管理、抖音）,制造业质量/检验（图文平台、性能检测）
J6991,研发工程师,宜兴市锦泰耐火材料有限公司,滁州,0,制造业质量/检验（成本管理、抖音）,制造业质量/检验（图文平台、性能检测）
J6992,供应链管理部主管（计划与运营方向）,滁州巨业新材料有限公司,滁州,0,制造业质量/检验（成本管理、抖音）,制造业质量/检验（图文平台、性能检测）
J6993,仪器分析研究员,安徽天凯生物科技有限公司,滁州,0,制造业质量/检验（成本管理、抖音）,制造业质量/检验（图文平台、性能检测）
J6994,电芯工艺工程师/资深,江苏海四达电源有限公司,滁州,0,制造业质量/检验（成本管理、抖音）,制造业质量/检验（图文平台、性能检测）
J6995,采购专员/助理,安徽智安芯创科技有限公司,滁州,0,制造业质量/检验（成本管理、抖音）,供应链/物料/采购（物料管理、海外供应链）
J6996,锂电池工艺工程师,中汽新能电池科技有限公司,滁州,0,制造业质量/检验（成本管理、抖音）,供应链/物料/采购（物料管理、海外供应链）
J6997,mc主管,滁州东菱电器有限公司,滁州,0,制造业质量/检验（成本管理、抖音）,供应链/物料/采购（物料管理、海外供应链）
J6998,短视频剪辑/运营/编剧/导演,滁州锐艺装饰有限公司,滁州,0,制造业质量/检验（成本管理、抖音）,制造业质量/检验（图文平台、性能检测）
J6999,水质分析仪表产品经理（五险一金+双休）,江元科技集团股份有限公司,滁州,6,产品/项目管理（国内市场、需求分析）,—
J7000,实验室主任,滁州通合昇业科技有限公司,滁州,0,制造业质量/检验（成本管理、抖音）,制造业质量/检验（图文平台、性能检测）
J7001,成本会计,意德丽塔(滁州)水晶玻璃有限公司,滁州,0,制造业质量/检验（成本管理、抖音）,制造业质量/检验（图文平台、性能检测）
J7002,pmc,安徽中体新材料科技有限公司,滁州,0,制造业质量/检验（成本管理、抖音）,供应链/物料/采购（物料管理、海外供应链）
J7003,PMC主管/经理,深圳辰达半导体有限公司,滁州,0,制造业质量/检验（成本管理、抖音）,制造业质量/检验（图文平台、性能检测）
J7004,生产经理（胶黏剂）,安徽晖泓新材料科技有限公司,滁州,0,制造业质量/检验（成本管理、抖音）,制造业质量/检验（图文平台、性能检测）
J7005,新媒体运营专员,滁州市中航未来职业培训学校有限公司北京咨询分公司,滁州,0,制造业质量/检验（成本管理、抖音）,制造业质量/检验（图文平台、性能检测）
J7006,区域销售经理,京东集团,滁州,0,制造业质量/检验（成本管理、抖音）,制造业质量/检验（图文平台、性能检测）
J7007,半导体设备电话销售居家办公,苏州格盈电子有限公司,滁州,0,制造业质量/检验（成本管理、抖音）,供应链/物料/采购（物料管理、海外供应链）
J7008,品质工程师,安徽汉普斯智控科技有限公司,滁州,3,软件测试（信号测试、安全测试）,—
J7009,营业所业务专员-大米产线,益海嘉里金龙鱼食品集团股份有限公司,滁州,0,制造业质量/检验（成本管理、抖音）,供应链/物料/采购（物料管理、海外供应链）
J7010,电商客服组长/客服专员,滁州丰曦科技有限公司,滁州,0,制造业质量/检验（成本管理、抖音）,供应链/物料/采购（物料管理、海外供应链）
J7011,基地财务部长,宜宾英发德耀科技有限公司,滁州,0,制造业质量/检验（成本管理、抖音）,制造业质量/检验（图文平台、性能检测）
J7012,自媒体制作运营专员（SMT行业方向）,科思技术(滁州)有限公司,滁州,0,制造业质量/检验（成本管理、抖音）,制造业质量/检验（图文平台、性能检测）
J7013,MNT新产品整合课长,北海惠科光电显示有限公司,滁州,6,产品/项目管理（国内市场、需求分析）,—
J7014,新媒体销售运营,浙江汇盛果品有限公司,滁州,0,制造业质量/检验（成本管理、抖音）,制造业质量/检验（图文平台、性能检测）
J7015,质检员（电气产品）,西朗电工有限公司,滁州,6,产品/项目管理（国内市场、需求分析）,—
J7016,物流计划管培生,安徽智安芯创科技有限公司,滁州,0,制造业质量/检验（成本管理、抖音）,供应链/物料/采购（物料管理、海外供应链）
J7017,直流舱生产经理,天合光能股份有限公司,滁州,0,制造业质量/检验（成本管理、抖音）,制造业质量/检验（图文平台、性能检测）
J7018,生产车间主管,滁州市加佰加新材料有限公司,滁州,0,制造业质量/检验（成本管理、抖音）,制造业质量/检验（图文平台、性能检测）
J7019,销售文员,安徽络特斯科技有限公司,滁州,0,制造业质量/检验（成本管理、抖音）,供应链/物料/采购（物料管理、海外供应链）
J7020,内贸业务员（大墅）,安徽美世嘉新材料有限公司,滁州,0,制造业质量/检验（成本管理、抖音）,制造业质量/检验（图文平台、性能检测）
J7021,生产主操,中汽新能电池科技有限公司,滁州,0,制造业质量/检验（成本管理、抖音）,制造业质量/检验（图文平台、性能检测）
J7022,城市经理-糖果-滁州,旺旺集团,滁州,0,制造业质量/检验（成本管理、抖音）,制造业质量/检验（图文平台、性能检测）
J7023,滁州城市经理,合肥韦宝母婴用品有限公司,滁州,0,制造业质量/检验（成本管理、抖音）,制造业质量/检验（图文平台、性能检测）
J7024,采购工程师,常州市科伶洁园林科技有限公司,滁州,0,制造业质量/检验（成本管理、抖音）,供应链/物料/采购（物料管理、海外供应链）
J7025,pmc主管,江苏微迈思半导体科技有限公司,滁州,0,制造业质量/检验（成本管理、抖音）,制造业质量/检验（图文平台、性能检测）
J7026,工艺工程师,贵州威顿晶磷电子材料股份有限公司,滁州,0,制造业质量/检验（成本管理、抖音）,制造业质量/检验（图文平台、性能检测）
J7027,涂料研发工程师,全椒亮克威泽工业涂料有限公司,滁州,0,制造业质量/检验（成本管理、抖音）,制造业质量/检验（图文平台、性能检测）
J7028,直播运营主管,滁州市中航未来职业培训学校有限公司北京咨询分公司,滁州,0,制造业质量/检验（成本管理、抖音）,制造业质量/检验（图文平台、性能检测）
J7029,sqe工程师,深圳市德兰明海新能源股份有限公司,滁州,0,制造业质量/检验（成本管理、抖音）,制造业质量/检验（图文平台、性能检测）
J7030,外贸产品经理,金鹏控股集团有限公司,滁州,6,产品/项目管理（国内市场、需求分析）,—
J7031,成本/主办会计,尤提乐电气有限公司,滁州,0,制造业质量/检验（成本管理、抖音）,制造业质量/检验（图文平台、性能检测）
J7032,sqe供应商质量管理工程师,南京索瑞思电子科技有限公司,滁州,0,制造业质量/检验（成本管理、抖音）,制造业质量/检验（图文平台、性能检测）
J7033,化工厂厂长,滁州康华电子材料有限公司,滁州,0,制造业质量/检验（成本管理、抖音）,制造业质量/检验（图文平台、性能检测）
J7034,会计主管,安徽众兴菌业科技有限公司,滁州,0,制造业质量/检验（成本管理、抖音）,制造业质量/检验（图文平台、性能检测）
J7035,电磁工程师（滁州）,麦格昆磁(天津)有限公司,滁州,0,制造业质量/检验（成本管理、抖音）,制造业质量/检验（图文平台、性能检测）
J7036,财务主管,天水众兴菌业科技股份有限公司,滁州,0,制造业质量/检验（成本管理、抖音）,制造业质量/检验（图文平台、性能检测）
J7037,ie工程师或精益工程师,安徽智安芯创科技有限公司,滁州,0,制造业质量/检验（成本管理、抖音）,供应链/物料/采购（物料管理、海外供应链）
J7038,cqe客户质量工程师,滁州西埃新材料有限公司,滁州,3,软件测试（信号测试、安全测试）,—
J7039,市场推广经理,安徽沛愉包装科技有限公司,滁州,0,制造业质量/检验（成本管理、抖音）,制造业质量/检验（图文平台、性能检测）
J7040,财务主管（日语）,苏州明谷纳科技有限公司吴中分公司,滁州,0,制造业质量/检验（成本管理、抖音）,制造业质量/检验（图文平台、性能检测）
J7041,维修工程师,马鞍山奥特佳科技有限公司,滁州,0,制造业质量/检验（成本管理、抖音）,制造业质量/检验（图文平台、性能检测）
J7042,工厂全盘会计,天长市润冶陶粒有限公司,滁州,0,制造业质量/检验（成本管理、抖音）,供应链/物料/采购（物料管理、海外供应链）
J7043,总账会计,安徽东晟铝业科技集团有限公司,滁州,0,制造业质量/检验（成本管理、抖音）,供应链/物料/采购（物料管理、海外供应链）
J7044,电芯设备主任工程师,天合光能股份有限公司,滁州,0,制造业质量/检验（成本管理、抖音）,制造业质量/检验（图文平台、性能检测）
J7045,区域销售经理,辽宁森宇科技集团股份有限公司,滁州,0,制造业质量/检验（成本管理、抖音）,制造业质量/检验（图文平台、性能检测）
J7046,拼多多电运营助理,唐山景菡科技有限公司,滁州,0,制造业质量/检验（成本管理、抖音）,制造业质量/检验（图文平台、性能检测）
J7047,销售助理,安徽清致科技发展有限公司,滁州,0,制造业质量/检验（成本管理、抖音）,制造业质量/检验（图文平台、性能检测）
J7048,生产文员,安徽研鑫电力科技有限公司,滁州,0,制造业质量/检验（成本管理、抖音）,制造业质量/检验（图文平台、性能检测）
J7049,前期质量工程师,安徽鑫铂新能源汽车零部件有限公司,滁州,3,软件测试（信号测试、安全测试）,—
J7050,成本会计,滁州乾钼智能制造有限责任公司,滁州,0,制造业质量/检验（成本管理、抖音）,供应链/物料/采购（物料管理、海外供应链）
J7051,全盘会计,镇江馨星环保科技有限公司,滁州,0,制造业质量/检验（成本管理、抖音）,供应链/物料/采购（物料管理、海外供应链）
J7052,设备工程师（光刻）,广东先导稀材股份有限公司,滁州,0,制造业质量/检验（成本管理、抖音）,制造业质量/检验（图文平台、性能检测）
J7053,主办会计,安徽金纬智能科技有限公司,滁州,0,制造业质量/检验（成本管理、抖音）,供应链/物料/采购（物料管理、海外供应链）
J7054,电商销售（乌衣+不打电话+不出差应酬+正常8小时制…,安徽柯诚智能装备有限公司,滁州,0,制造业质量/检验（成本管理、抖音）,制造业质量/检验（图文平台、性能检测）
J7055,工艺工程师,海四达钠星(四川)新能源科技有限公司,滁州,0,制造业质量/检验（成本管理、抖音）,制造业质量/检验（图文平台、性能检测）
J7056,工艺策划工程师,安徽智安芯创科技有限公司,滁州,0,制造业质量/检验（成本管理、抖音）,制造业质量/检验（图文平台、性能检测）
J7057,锂电设备工程师,中汽新能电池科技有限公司,滁州,0,制造业质量/检验（成本管理、抖音）,制造业质量/检验（图文平台、性能检测）
J7058,电商店铺运营,安徽柯诚智能装备有限公司,滁州,0,制造业质量/检验（成本管理、抖音）,供应链/物料/采购（物料管理、海外供应链）
J7059,销售助理,安徽智安芯创科技有限公司,滁州,0,制造业质量/检验（成本管理、抖音）,供应链/物料/采购（物料管理、海外供应链）
J7060,跨境电商运营,安徽七彩丁香家居用品有限公司,滁州,0,制造业质量/检验（成本管理、抖音）,供应链/物料/采购（物料管理、海外供应链）
J7061,采购文员,安徽智安芯创科技有限公司,滁州,0,制造业质量/检验（成本管理、抖音）,供应链/物料/采购（物料管理、海外供应链）
J7062,仓储物流管理岗,大咖国际食品有限公司,滁州,0,制造业质量/检验（成本管理、抖音）,供应链/物料/采购（物料管理、海外供应链）
J7063,锂电工艺工程师（央企）,中汽新能电池科技有限公司,滁州,0,制造业质量/检验（成本管理、抖音）,供应链/物料/采购（物料管理、海外供应链）
J7064,法务与秘书专员(J10013),安徽新锐控股集团有限公司,滁州,0,制造业质量/检验（成本管理、抖音）,供应链/物料/采购（物料管理、海外供应链）
J7065,人力资源经理,东鹏饮料,滁州,0,制造业质量/检验（成本管理、抖音）,制造业质量/检验（图文平台、性能检测）
J7066,物控工程师,浙江爱旭太阳能科技有限公司,滁州,0,制造业质量/检验（成本管理、抖音）,供应链/物料/采购（物料管理、海外供应链）
J7067,物流管理岗,大咖国际食品有限公司,滁州,0,制造业质量/检验（成本管理、抖音）,供应链/物料/采购（物料管理、海外供应链）
J7068,pmc工程师,安徽智安芯创科技有限公司,滁州,0,制造业质量/检验（成本管理、抖音）,供应链/物料/采购（物料管理、海外供应链）
J7069,锂电工艺主任/经理,中汽新能电池科技有限公司,滁州,0,制造业质量/检验（成本管理、抖音）,供应链/物料/采购（物料管理、海外供应链）
J7070,财务主管/总账主管,深圳辰达半导体有限公司,滁州,0,制造业质量/检验（成本管理、抖音）,供应链/物料/采购（物料管理、海外供应链）
J7071,新媒体综合运营岗,滁州市中航未来职业培训学校有限公司北京咨询分公司,滁州,0,制造业质量/检验（成本管理、抖音）,制造业质量/检验（图文平台、性能检测）
J7072,新媒体运营策划,滁州市中航未来职业培训学校有限公司北京咨询分公司,滁州,0,制造业质量/检验（成本管理、抖音）,供应链/物料/采购（物料管理、海外供应链）
J7073,生产计划pmc主管,江苏微迈思半导体科技有限公司,滁州,0,制造业质量/检验（成本管理、抖音）,制造业质量/检验（图文平台、性能检测）
J7074,电商运营助理,唐山景菡科技有限公司,滁州,0,制造业质量/检验（成本管理、抖音）,制造业质量/检验（图文平台、性能检测）
J7075,工艺工程师,安徽清致科技发展有限公司,滁州,0,制造业质量/检验（成本管理、抖音）,制造业质量/检验（图文平台、性能检测）
J7076,软件开发工程师,丽水市宏志数码科技有限公司,丽水,4,后端开发（hibernate、linux开发）,—
J7077,信息化工程师,智汇法雷奥(浙江)汽车零部件有限公司,丽水,0,制造业质量/检验（成本管理、抖音）,算法/AI 应用（tensorflow、vit）
J7078,实施实习生(J10651),望海康信(北京)科技股份公司,丽水,1,运维/云与网络（分布式电站、空调工程）,—
J7079,数据标注(单休/包住/实习生/早九晚六),猿圈圈智能技术(南京)有限公司,丽水,0,制造业质量/检验（成本管理、抖音）,制造业质量/检验（图文平台、性能检测）
J7080,it运维工程师,替科斯科技集团有限责任公司,丽水,1,运维/云与网络（分布式电站、空调工程）,—
J7081,电控主管（双休、个护电器）,南方新华,丽水,0,制造业质量/检验（成本管理、抖音）,制造业质量/检验（图文平台、性能检测）
J7082,软件开发工程师,丽水市宏志数码科技有限公司,丽水,4,后端开发（hibernate、linux开发）,—
J7083,汽车电源硬件研发工程师,芯溯科技(丽水)有限公司,丽水,5,嵌入式/硬件（rtos、32位单片机）,—
J7084,丽水-SAAS销售经理-软件销售,用友网络科技股份有限公司绍兴分公司,丽水,0,制造业质量/检验（成本管理、抖音）,制造业质量/检验（图文平台、性能检测）
J7085,测试助理工程师,浙江麟酷科技有限公司,丽水,3,软件测试（信号测试、安全测试）,—
J7086,组装测试工程师,鱼快创领智能科技(南京)有限公司,丽水,3,软件测试（信号测试、安全测试）,—
J7087,品质检验工程师,浙江富乐德传感技术有限公司,丽水,3,软件测试（信号测试、安全测试）,—
J7088,电子测试工程师,缙云县辰阳电子有限公司,丽水,3,软件测试（信号测试、安全测试）,—
J7089,前期质量工程师,智汇法雷奥(浙江)汽车零部件有限公司,丽水,3,软件测试（信号测试、安全测试）,—
J7090,质量工程师,浙江博禧科技有限公司,丽水,3,软件测试（信号测试、安全测试）,—
J7091,生产测试工程师,朗润医疗,丽水,3,软件测试（信号测试、安全测试）,—
J7092,26品质,爱玛科技集团股份有限公司,丽水,3,软件测试（信号测试、安全测试）,—
J7093,质量工程师,浙江科思达新材科技有限公司,丽水,3,软件测试（信号测试、安全测试）,—
J7094,质量工程师,大佳集团有限公司,丽水,3,软件测试（信号测试、安全测试）,—
J7095,品质经理,杭州百炼泰然科技有限公司,丽水,3,软件测试（信号测试、安全测试）,—
J7096,品技工程师,浙江嘉利(丽水)工业股份有限公司,丽水,0,制造业质量/检验（成本管理、抖音）,制造业质量/检验（图文平台、性能检测）
J7097,品控/品质主管,浙江优尼特科技有限公司,丽水,3,软件测试（信号测试、安全测试）,—
J7098,质量经理/质量总监,浙江欧菲石油设备有限公司,丽水,0,制造业质量/检验（成本管理、抖音）,制造业质量/检验（图文平台、性能检测）
J7099,品质工程师（丽水）(J10957),上海申和投资有限公司,丽水,3,软件测试（信号测试、安全测试）,—
J7100,品质经理,怡亚通(浙江)液压科技有限公司,丽水,3,软件测试（信号测试、安全测试）,—
J7101,三电测试（电摩方向）,华锐新擎动力科技(苏州)有限公司,丽水,3,软件测试（信号测试、安全测试）,—
J7102,质保部经理,丽水欧意阀门有限公司,丽水,0,制造业质量/检验（成本管理、抖音）,质量检验（qa、qc）
J7103,质检经理,浙江博盛钢业集团有限公司,丽水,0,制造业质量/检验（成本管理、抖音）,质量检验（qa、qc）
J7104,品质经理,浙江精久轴承工业有限公司,丽水,3,软件测试（信号测试、安全测试）,—
J7105,自动化工程师,丽水山哈精密制造有限公司,丽水,0,制造业质量/检验（成本管理、抖音）,制造业质量/检验（图文平台、性能检测）
J7106,EOL测试工程师,鱼快创领智能科技(南京)有限公司,丽水,3,软件测试（信号测试、安全测试）,—
J7107,理化员,华迪特材(松阳)有限公司,丽水,0,制造业质量/检验（成本管理、抖音）,制造业质量/检验（图文平台、性能检测）
J7108,理化实验员,浙江银隆不锈钢有限公司,丽水,0,制造业质量/检验（成本管理、抖音）,制造业质量/检验（图文平台、性能检测）
J7109,质量工程师,智汇法雷奥(浙江)汽车零部件有限公司,丽水,3,软件测试（信号测试、安全测试）,—
J7110,门窗五金开发工程师,浙江瑞德建筑五金有限公司,丽水,4,后端开发（hibernate、linux开发）,—
J7111,应届毕业生（品质方向）,爱玛科技集团股份有限公司,丽水,3,软件测试（信号测试、安全测试）,—
J7112,品质课长(J10902),上海申和投资有限公司,丽水,3,软件测试（信号测试、安全测试）,—
J7113,实验室测试工程师（丽水传感器）(J10775),上海申和投资有限公司,丽水,3,软件测试（信号测试、安全测试）,—
J7114,质检部经理,丽水欧意阀门有限公司,丽水,0,制造业质量/检验（成本管理、抖音）,质量检验（qa、qc）
J7115,质检员,杭州百炼泰然科技有限公司,丽水,0,制造业质量/检验（成本管理、抖音）,制造业质量/检验（图文平台、性能检测）
J7116,电子技术员,缙云县辰阳电子有限公司,丽水,0,制造业质量/检验（成本管理、抖音）,电子/半导体/设备（测试、自动化设计）
J7117,实验室助理工程师,浙江嘉利(丽水)工业股份有限公司,丽水,0,制造业质量/检验（成本管理、抖音）,制造业质量/检验（图文平台、性能检测）
J7118,电控验证工程师,智汇法雷奥(浙江)汽车零部件有限公司,丽水,0,制造业质量/检验（成本管理、抖音）,电子/半导体/设备（测试、自动化设计）
J7119,新能源光伏风电运维,六安岑禾科技有限公司,丽水,1,运维/云与网络（分布式电站、空调工程）,—
J7120,水站运维工程师,厦门隆力德环境技术开发有限公司,丽水,1,运维/云与网络（分布式电站、空调工程）,—
J7121,运维工程师,北京昊普康科技股份有限公司,丽水,1,运维/云与网络（分布式电站、空调工程）,—
J7122,It专员,浙江茗叶植物科技有限公司,丽水,0,制造业质量/检验（成本管理、抖音）,制造业质量/检验（图文平台、性能检测）
J7123,应届生（设备、检验）,爱玛科技集团股份有限公司,丽水,0,制造业质量/检验（成本管理、抖音）,制造业质量/检验（图文平台、性能检测）
J7124,电力工程师,浙江晶睿电子科技有限公司,丽水,0,制造业质量/检验（成本管理、抖音）,制造业质量/检验（图文平台、性能检测）
J7125,光伏运维主管,杭州曜川新能源科技有限公司,丽水,1,运维/云与网络（分布式电站、空调工程）,—
J7126,商品专员,意尔康股份有限公司,丽水,0,制造业质量/检验（成本管理、抖音）,制造业质量/检验（图文平台、性能检测）
J7127,数据修改文员，早九晚六，工作简单,上海仁联企业服务(集团)有限公司,丽水,0,制造业质量/检验（成本管理、抖音）,制造业质量/检验（图文平台、性能检测）
J7128,统计分析岗(J11577),浙江民泰商业银行,丽水,0,制造业质量/检验（成本管理、抖音）,制造业质量/检验（图文平台、性能检测）
J7129,丽水市事业单位驻点人员,南京文和立鑫信息咨询有限公司,丽水,0,制造业质量/检验（成本管理、抖音）,制造业质量/检验（图文平台、性能检测）
J7130,生产统计员,浙江茗叶植物科技有限公司,丽水,0,制造业质量/检验（成本管理、抖音）,数据/统计分析（数据建模、统计学）
J7131,超声波无损检测员,替科斯科技集团有限责任公司,丽水,0,制造业质量/检验（成本管理、抖音）,制造业质量/检验（图文平台、性能检测）
J7132,巡检员,浙江浩道健身器材有限公司,丽水,0,制造业质量/检验（成本管理、抖音）,制造业质量/检验（图文平台、性能检测）
J7133,无损检测技术员,福建青山特材有限公司,丽水,0,制造业质量/检验（成本管理、抖音）,制造业质量/检验（图文平台、性能检测）
J7134,统计员,丽水市杰祥科技有限公司,丽水,0,制造业质量/检验（成本管理、抖音）,供应链/物料/采购（物料管理、海外供应链）
J7135,房建生产/项目经理,山西文达建筑装饰工程有限公司,丽水,6,产品/项目管理（国内市场、需求分析）,—
J7136,电商运营,浙江科思达新材科技有限公司,丽水,0,制造业质量/检验（成本管理、抖音）,制造业质量/检验（图文平台、性能检测）
J7137,有机分析技术人员,丽水海关技术中心,丽水,0,制造业质量/检验（成本管理、抖音）,制造业质量/检验（图文平台、性能检测）
J7138,设备维修工程师,浙江博禧科技有限公司,丽水,0,制造业质量/检验（成本管理、抖音）,制造业质量/检验（图文平台、性能检测）
J7139,实验室研发助理,丽水市润生苔藓科技有限公司,丽水,0,制造业质量/检验（成本管理、抖音）,制造业质量/检验（图文平台、性能检测）
J7140,拇指专员,圣元,丽水,0,制造业质量/检验（成本管理、抖音）,制造业质量/检验（图文平台、性能检测）
J7141,电商运营专员,浙江悠谷春农业开发有限公司,丽水,0,制造业质量/检验（成本管理、抖音）,制造业质量/检验（图文平台、性能检测）
J7142,电喷标定工程师（摩托车）,浙江华洋赛车股份有限公司天津分公司,丽水,0,制造业质量/检验（成本管理、抖音）,制造业质量/检验（图文平台、性能检测）
J7143,仓库主管,浙江精久轴承工业有限公司,丽水,0,制造业质量/检验（成本管理、抖音）,制造业质量/检验（图文平台、性能检测）
J7144,【无内卷】文职岗 框框图 月入6000+,上海仁联企业服务(集团)有限公司,丽水,0,制造业质量/检验（成本管理、抖音）,制造业质量/检验（图文平台、性能检测）
J7145,内账会计,浙江橡果休闲用品有限公司,丽水,0,制造业质量/检验（成本管理、抖音）,制造业质量/检验（图文平台、性能检测）
J7146,主办会计,浙江碳足迹科技集团有限公司,丽水,0,制造业质量/检验（成本管理、抖音）,制造业质量/检验（图文平台、性能检测）
J7147,工艺工程师（丽水）(J10882),上海申和投资有限公司,丽水,0,制造业质量/检验（成本管理、抖音）,供应链/物料/采购（物料管理、海外供应链）
J7148,中控技术员,浙江旭川树脂有限公司,丽水,0,制造业质量/检验（成本管理、抖音）,制造业质量/检验（图文平台、性能检测）
J7149,自媒体运营主管,青田拾二餐饮管理有限公司,丽水,0,制造业质量/检验（成本管理、抖音）,制造业质量/检验（图文平台、性能检测）
J7150,生产统计文员,浙江茗叶植物科技有限公司,丽水,0,制造业质量/检验（成本管理、抖音）,制造业质量/检验（图文平台、性能检测）
J7151,机加工车间主任,河南百铸科技有限公司,丽水,0,制造业质量/检验（成本管理、抖音）,制造业质量/检验（图文平台、性能检测）
J7152,工艺技术员,浙江富乐德传感技术有限公司,丽水,0,制造业质量/检验（成本管理、抖音）,制造业质量/检验（图文平台、性能检测）
J7153,BPO基地运营经理,山东如常信息科技有限公司,丽水,0,制造业质量/检验（成本管理、抖音）,制造业质量/检验（图文平台、性能检测）
J7154,财务部会计,绿地城市投资集团有限公司,丽水,0,制造业质量/检验（成本管理、抖音）,制造业质量/检验（图文平台、性能检测）
J7155,招商营运副总经理,浙江万地房产投资集团有限公司,丽水,0,制造业质量/检验（成本管理、抖音）,制造业质量/检验（图文平台、性能检测）
J7156,总助,浙江博禧科技有限公司,丽水,0,制造业质量/检验（成本管理、抖音）,制造业质量/检验（图文平台、性能检测）
J7157,新媒体运营,丽水市风云广告装潢有限公司,丽水,0,制造业质量/检验（成本管理、抖音）,制造业质量/检验（图文平台、性能检测）
J7158,应收应付会计,意尔康股份有限公司,丽水,0,制造业质量/检验（成本管理、抖音）,供应链/物料/采购（物料管理、海外供应链）
J7159,拉单晶班长,浙江晶睿电子科技有限公司,丽水,0,制造业质量/检验（成本管理、抖音）,制造业质量/检验（图文平台、性能检测）
J7160,技术员,浙江阿佩克斯能源科技有限公司,丽水,0,制造业质量/检验（成本管理、抖音）,制造业质量/检验（图文平台、性能检测）
J7161,生产主管,智汇法雷奥(浙江)汽车零部件有限公司,丽水,0,制造业质量/检验（成本管理、抖音）,制造业质量/检验（图文平台、性能检测）
J7162,浙江省丽水市业务主管,广东轻上生物科技有限公司,丽水,0,制造业质量/检验（成本管理、抖音）,制造业质量/检验（图文平台、性能检测）
J7163,汽车质量工程师,浙江德明汽车部件有限公司,丽水,3,软件测试（信号测试、安全测试）,—
J7164,研发主管（UV墨水厂）,缙云轩墨新材料科技有限公司,丽水,0,制造业质量/检验（成本管理、抖音）,制造业质量/检验（图文平台、性能检测）
J7165,成本会计,浙江博盛钢业集团有限公司,丽水,0,制造业质量/检验（成本管理、抖音）,制造业质量/检验（图文平台、性能检测）
J7166,人事专员,浙江旭川树脂有限公司,丽水,0,制造业质量/检验（成本管理、抖音）,制造业质量/检验（图文平台、性能检测）
J7167,总账会计,福建青山特材有限公司,丽水,0,制造业质量/检验（成本管理、抖音）,供应链/物料/采购（物料管理、海外供应链）
J7168,药品销售,浙江天量生物医药科技有限公司,丽水,0,制造业质量/检验（成本管理、抖音）,制造业质量/检验（图文平台、性能检测）
J7169,销售主管,浙江省丽水传人笔业有限公司,丽水,0,制造业质量/检验（成本管理、抖音）,供应链/物料/采购（物料管理、海外供应链）
J7170,银保客户经理,中邮人寿保险股份有限公司浙江分公司,丽水,0,制造业质量/检验（成本管理、抖音）,制造业质量/检验（图文平台、性能检测）
J7171,上市公司’牛马文职岗位” 双休 无销售,上海仁联企业服务(集团)有限公司,丽水,0,制造业质量/检验（成本管理、抖音）,制造业质量/检验（图文平台、性能检测）
J7172,数据统计员,浙江瑞浦精密金属制品有限公司,丽水,0,制造业质量/检验（成本管理、抖音）,制造业质量/检验（图文平台、性能检测）
J7173,丽水文员月薪8500双休五险一金包吃包住,太康县雇员百货商行,丽水,0,制造业质量/检验（成本管理、抖音）,制造业质量/检验（图文平台、性能检测）
J7174,采购部长,浙江博禧科技有限公司,丽水,0,制造业质量/检验（成本管理、抖音）,制造业质量/检验（图文平台、性能检测）
J7175,设备技术员,浙江广芯微电子有限公司,丽水,0,制造业质量/检验（成本管理、抖音）,制造业质量/检验（图文平台、性能检测）
J7176,运营专员（定期体检/开工红包/节假日福利）,浙江思普锯业有限公司,丽水,0,制造业质量/检验（成本管理、抖音）,制造业质量/检验（图文平台、性能检测）
J7177,设备工程师（自动化机械设计/丽水）(J10550),上海申和投资有限公司,丽水,0,制造业质量/检验（成本管理、抖音）,制造业质量/检验（图文平台、性能检测）
J7178,工艺技术副课长(J11005),上海申和投资有限公司,丽水,0,制造业质量/检验（成本管理、抖音）,供应链/物料/采购（物料管理、海外供应链）
J7179,审计员,意尔康股份有限公司,丽水,0,制造业质量/检验（成本管理、抖音）,数据/统计分析（数据建模、统计学）
J7180,研发主管工程师,智汇法雷奥(浙江)汽车零部件有限公司,丽水,0,制造业质量/检验（成本管理、抖音）,制造业质量/检验（图文平台、性能检测）
J7181,浙江省丽水市区域经理,广东轻上生物科技有限公司,丽水,0,制造业质量/检验（成本管理、抖音）,制造业质量/检验（图文平台、性能检测）
J7182,浙江丽水市莲都区业代,广东轻上生物科技有限公司,丽水,0,制造业质量/检验（成本管理、抖音）,制造业质量/检验（图文平台、性能检测）
J7183,设备主管,浙江晶睿电子科技有限公司,丽水,0,制造业质量/检验（成本管理、抖音）,制造业质量/检验（图文平台、性能检测）
J7184,浙江丽水市遂昌县业代,广东轻上生物科技有限公司,丽水,0,制造业质量/检验（成本管理、抖音）,制造业质量/检验（图文平台、性能检测）
J7185,研发工程师,浙江旭川树脂有限公司,丽水,0,制造业质量/检验（成本管理、抖音）,制造业质量/检验（图文平台、性能检测）
J7186,树脂研发工程师,浙江旭川树脂有限公司,丽水,0,制造业质量/检验（成本管理、抖音）,制造业质量/检验（图文平台、性能检测）
J7187,浙江丽水市庆元业代,广东轻上生物科技有限公司,丽水,0,制造业质量/检验（成本管理、抖音）,制造业质量/检验（图文平台、性能检测）
J7188,Java后端开发工程师,无锡博浩信息科技有限公司,舟山,4,后端开发（hibernate、linux开发）,—
J7189,软件测试工程师（it培养）,天阳科技,舟山,3,软件测试（信号测试、安全测试）,—
J7190,高级软件工程师,浙江欣挪瑞海洋科技有限公司,舟山,4,后端开发（hibernate、linux开发）,—
J7191,软件架构师（base舟山）,浪潮集团,舟山,0,制造业质量/检验（成本管理、抖音）,Java/后端（spring、mybatis）
J7192,软件架构师,浪潮集团,舟山,0,制造业质量/检验（成本管理、抖音）,制造业质量/检验（图文平台、性能检测）
J7193,IT产品经理,浙江黎明智造股份有限公司,舟山,6,产品/项目管理（国内市场、需求分析）,—
J7194,舟山话数据标注,安徽百得思维信息科技有限公司,舟山,0,制造业质量/检验（成本管理、抖音）,数据/统计分析（数据建模、统计学）
J7195,AI产品助理,中化(舟山)兴海建设有限公司,舟山,6,产品/项目管理（国内市场、需求分析）,—
J7196,电力交易员,浙江联禾能科电力有限公司,舟山,0,制造业质量/检验（成本管理、抖音）,供应链/物料/采购（物料管理、海外供应链）
J7197,扫描数据处理/逆向工程师,大连信嘉船舶技术有限公司,舟山,0,制造业质量/检验（成本管理、抖音）,制造业质量/检验（图文平台、性能检测）
J7198,定海应急局驻点技术服务（外包）,浙江雷博人力资源开发有限公司,舟山,0,制造业质量/检验（成本管理、抖音）,制造业质量/检验（图文平台、性能检测）
J7199,实施工程师,舟山市定海富洋电子有限公司,舟山,1,运维/云与网络（分布式电站、空调工程）,—
J7200,质量助理工程师,浙江黎明智造股份有限公司,舟山,0,制造业质量/检验（成本管理、抖音）,制造业质量/检验（图文平台、性能检测）
J7201,品控,草根同创资本(北京)有限公司,舟山,0,制造业质量/检验（成本管理、抖音）,制造业质量/检验（图文平台、性能检测）
J7202,质量部主管/经理,宁波博雅聚力新材料科技有限公司,舟山,0,制造业质量/检验（成本管理、抖音）,制造业质量/检验（图文平台、性能检测）
J7203,舟山-质量监督,天津佩能能源科技发展有限公司,舟山,0,制造业质量/检验（成本管理、抖音）,制造业质量/检验（图文平台、性能检测）
J7204,品保主管/经理,福建坤兴海洋股份有限公司,舟山,0,制造业质量/检验（成本管理、抖音）,质量检验（qa、qc）
J7205,电气工程师,浙江青山数科科技有限公司,舟山,0,制造业质量/检验（成本管理、抖音）,电子/半导体/设备（测试、自动化设计）
J7206,精测员三坐标测量,浙江黎明智造股份有限公司,舟山,0,制造业质量/检验（成本管理、抖音）,制造业质量/检验（图文平台、性能检测）
J7207,运维工程师,北京昊普康科技股份有限公司,舟山,1,运维/云与网络（分布式电站、空调工程）,—
J7208,电力运维项目负责人（变电站站长）,上海富楷电器有限公司,舟山,1,运维/云与网络（分布式电站、空调工程）,—
J7209,弱电系统运维工程师,青岛光谷联合发展有限公司,舟山,1,运维/云与网络（分布式电站、空调工程）,—
J7210,光伏电站运维工程师（负责人）,宁波晨江电力集团有限公司,舟山,1,运维/云与网络（分布式电站、空调工程）,—
J7211,项目实施,东华医为科技有限公司,舟山,1,运维/云与网络（分布式电站、空调工程）,—
J7212,腐蚀工程师,中创(天津)技术服务有限公司,舟山,0,制造业质量/检验（成本管理、抖音）,制造业质量/检验（图文平台、性能检测）
J7213,风电运维工程师,河南凯沧能源科技有限公司,舟山,1,运维/云与网络（分布式电站、空调工程）,—
J7214,生产文员,浙江华康药业股份有限公司,舟山,0,制造业质量/检验（成本管理、抖音）,供应链/物料/采购（物料管理、海外供应链）
J7215,舟山话数据标注,安徽百得思维信息科技有限公司,舟山,0,制造业质量/检验（成本管理、抖音）,供应链/物料/采购（物料管理、海外供应链）
J7216,供应链助理（五险一金+双休）,草根同创资本(北京)有限公司,舟山,0,制造业质量/检验（成本管理、抖音）,制造业质量/检验（图文平台、性能检测）
J7217,统计文员,宁波旭舟涌进出口有限公司,舟山,0,制造业质量/检验（成本管理、抖音）,供应链/物料/采购（物料管理、海外供应链）
J7218,生产文员,广州海涟液压设备有限公司,舟山,0,制造业质量/检验（成本管理、抖音）,供应链/物料/采购（物料管理、海外供应链）
J7219,资金管理专员(000845),浙江卧龙矿业有限公司,舟山,0,制造业质量/检验（成本管理、抖音）,供应链/物料/采购（物料管理、海外供应链）
J7220,医院管理人员（医保负责人）,绿城理想小镇建设集团有限公司,舟山,0,制造业质量/检验（成本管理、抖音）,供应链/物料/采购（物料管理、海外供应链）
J7221,研发助理,宁波精研良造新能源科技有限公司,舟山,0,制造业质量/检验（成本管理、抖音）,制造业质量/检验（图文平台、性能检测）
J7222,化验分析员,浙江聚泰新能源材料有限公司,舟山,0,制造业质量/检验（成本管理、抖音）,供应链/物料/采购（物料管理、海外供应链）
J7223,财务专员（应届生）,万邦船舶重工(舟山)有限公司,舟山,0,制造业质量/检验（成本管理、抖音）,制造业质量/检验（图文平台、性能检测）
J7224,会计,和海建设科技集团有限公司,舟山,0,制造业质量/检验（成本管理、抖音）,制造业质量/检验（图文平台、性能检测）
J7225,仓库管理员,史河科技,舟山,0,制造业质量/检验（成本管理、抖音）,制造业质量/检验（图文平台、性能检测）
J7226,人力资源管理专员,中铁宝桥(舟山)有限公司,舟山,0,制造业质量/检验（成本管理、抖音）,制造业质量/检验（图文平台、性能检测）
J7227,生产计划主管（后道工序-搭载/舾装/涂装方向）,舟山宁兴船舶修造有限公司,舟山,0,制造业质量/检验（成本管理、抖音）,供应链/物料/采购（物料管理、海外供应链）
J7228,会计,浙江粮得丰农业有限公司,舟山,0,制造业质量/检验（成本管理、抖音）,制造业质量/检验（图文平台、性能检测）
J7229,舟山文员月薪8500双休五险一金包吃包住,太康县雇员百货商行,舟山,0,制造业质量/检验（成本管理、抖音）,制造业质量/检验（图文平台、性能检测）
J7230,业务专员（可兼职/居家办公）,中曼石油,舟山,0,制造业质量/检验（成本管理、抖音）,供应链/物料/采购（物料管理、海外供应链）
J7231,高级招聘专员/招聘主管,舟山市鑫亚船舶修造有限公司,舟山,0,制造业质量/检验（成本管理、抖音）,制造业质量/检验（图文平台、性能检测）
J7232,研发实验员,宁波精研良造新能源科技有限公司,舟山,0,制造业质量/检验（成本管理、抖音）,制造业质量/检验（图文平台、性能检测）
J7233,生产储备技术岗,浙江黎明智造股份有限公司,舟山,0,制造业质量/检验（成本管理、抖音）,制造业质量/检验（图文平台、性能检测）
J7234,综合办公室主任,宁波旭舟涌进出口有限公司,舟山,0,制造业质量/检验（成本管理、抖音）,制造业质量/检验（图文平台、性能检测）
J7235,销售管理,浙江黎明智造股份有限公司,舟山,0,制造业质量/检验（成本管理、抖音）,制造业质量/检验（图文平台、性能检测）
J7236,渠道助理（五险一金+双休）,草根同创资本(北京)有限公司,舟山,0,制造业质量/检验（成本管理、抖音）,供应链/物料/采购（物料管理、海外供应链）
J7237,CAE分析工程师,浙江黎明智造股份有限公司,舟山,0,制造业质量/检验（成本管理、抖音）,制造业质量/检验（图文平台、性能检测）
J7238,土建造价工程师,浙江联禾能科电力有限公司,舟山,0,制造业质量/检验（成本管理、抖音）,制造业质量/检验（图文平台、性能检测）
J7239,会计专业经理/主管（工程施工方向）,中化(舟山)兴海建设有限公司,舟山,0,制造业质量/检验（成本管理、抖音）,制造业质量/检验（图文平台、性能检测）
J7240,车间副主任,史河科技,舟山,0,制造业质量/检验（成本管理、抖音）,制造业质量/检验（图文平台、性能检测）
J7241,招聘主管,舟山市鑫亚船舶修造有限公司,舟山,0,制造业质量/检验（成本管理、抖音）,制造业质量/检验（图文平台、性能检测）
J7242,高级招聘主管,舟山市鑫亚船舶修造有限公司,舟山,0,制造业质量/检验（成本管理、抖音）,制造业质量/检验（图文平台、性能检测）
J7243,软件工程师助理,江苏微技科技有限公司,苏州,4,后端开发（hibernate、linux开发）,—
J7244,初级开发工程师,南昌辰睿科技服务有限公司,苏州,4,后端开发（hibernate、linux开发）,—
J7245,java开发工程师,深圳南区人瑞人力资源服务有限公司,苏州,4,后端开发（hibernate、linux开发）,—
J7246,Java初级开发工程师,苏州众壳科技有限公司,苏州,4,后端开发（hibernate、linux开发）,—
J7247,java实习生,江苏中景信息技术有限公司,苏州,4,后端开发（hibernate、linux开发）,—
J7248,资讯服务专员(IT开发方向),中泰融资租赁(苏州)有限公司,苏州,0,制造业质量/检验（成本管理、抖音）,Java/后端（spring、mybatis）
J7249,Java开发工程师,新拓尼克科技研发中心 / Syntronic Beijing R&D Center,苏州,4,后端开发（hibernate、linux开发）,—
J7250,Java工程师,上海天正信息科技有限公司,苏州,4,后端开发（hibernate、linux开发）,—
J7251,苏州Java程序员,江苏双马智能科技有限公司,苏州,4,后端开发（hibernate、linux开发）,—
J7252,Java开发工程师（大厂 稳定）,万宝盛华企业管理咨询（上海）有限公司,苏州,4,后端开发（hibernate、linux开发）,—
J7253,java初级工程师,苏州瑞泰信息技术有限公司,苏州,4,后端开发（hibernate、linux开发）,—
J7254,软件工程师,南京亿科人群健康研究院有限公司,苏州,4,后端开发（hibernate、linux开发）,—
J7255,java mes开发,成都聚思亿科技有限公司,苏州,4,后端开发（hibernate、linux开发）,—
J7256,java开发,青岛未来互连信息科技有限公司,苏州,4,后端开发（hibernate、linux开发）,—
J7257,Java高级开发工程师,再发现(北京)科技有限公司,苏州,4,后端开发（hibernate、linux开发）,—
J7258,软件开发工程师（大数据/人工智能）,机械工业第六设计研究院有限公司,苏州,7,算法/人工智能（智能驾驶、传感器融合）,—
J7259,后端开发工程师,同序科技发展(上海)有限公司,苏州,4,后端开发（hibernate、linux开发）,—
J7260,Java全栈工程师,苏州拓达智安科技有限公司,苏州,8,前端开发（web前端、erp项目）,—
J7261,java开发工程师,苏州光格科技股份有限公司,苏州,4,后端开发（hibernate、linux开发）,—
J7262,Java/C/C++/Python/JS 接受无经验,外企德科数字技术有限公司,苏州,4,后端开发（hibernate、linux开发）,—
J7263,Java后台开发（苏州多项目、远程面试、入职即缴纳五险一金）,维恩贝特科技有限公司,苏州,4,后端开发（hibernate、linux开发）,—
J7264,Java开发与AI Agent应用工程师（项目维护 / 测试…,胥瓷信息科技(苏州)有限公司,苏州,3,软件测试（信号测试、安全测试）,—
J7265,Java开发-苏州 (MJ004554),广电运通,苏州,4,后端开发（hibernate、linux开发）,—
J7266,Java工程师,京北方,苏州,4,后端开发（hibernate、linux开发）,—
J7267,java软件开发,江苏中景信息技术有限公司,苏州,4,后端开发（hibernate、linux开发）,—
J7268,2027届对日开发实习生（Java ）,凌志软件,苏州,4,后端开发（hibernate、linux开发）,—
J7269,Java开发工程师,苏州交运物流有限公司,苏州,4,后端开发（hibernate、linux开发）,—
J7270,Java开发（苏州）,武汉宝信信息技术有限公司,苏州,4,后端开发（hibernate、linux开发）,—
J7271,初级java开发工程师,上海天正信息科技有限公司,苏州,4,后端开发（hibernate、linux开发）,—
J7272,初中级JAVA开发（租赁经验优先）,苏州安硕数科数据技术有限公司,苏州,4,后端开发（hibernate、linux开发）,—
J7273,架构师java,中亿丰控股集团有限公司,苏州,4,后端开发（hibernate、linux开发）,—
J7274,Java开发工程师,北京鼎腾科技有限公司,苏州,4,后端开发（hibernate、linux开发）,—
J7275,JAVA外包,赢时胜,苏州,4,后端开发（hibernate、linux开发）,—
J7276,web全栈工程师,江苏久众新视智能科技有限公司,苏州,8,前端开发（web前端、erp项目）,—
J7277,java软件开发工程师,苏州速充新能源科技有限公司,苏州,4,后端开发（hibernate、linux开发）,—
J7278,软件工程师,太原市奥特莱物流科技有限公司,苏州,4,后端开发（hibernate、linux开发）,—
J7279,Java开发工程师,苏州品创互联信息技术有限公司,苏州,4,后端开发（hibernate、linux开发）,—
J7280,JAVA开发工程师（苏州）,帆立科技,苏州,4,后端开发（hibernate、linux开发）,—
J7281,Java开发工程师,广州友田纵横管理咨询有限公司,苏州,4,后端开发（hibernate、linux开发）,—
J7282,软件开发（Java c c++ python）,外企德科数字技术有限公司,苏州,4,后端开发（hibernate、linux开发）,—
J7283,java开发,软通动力信息技术(集团)股份有限公司,苏州,4,后端开发（hibernate、linux开发）,—
J7284,java开发工程师,新大洲本田摩托有限公司,苏州,4,后端开发（hibernate、linux开发）,—
J7285,Java开发工程师（英语口语）,新拓尼克科技研发中心 / Syntronic Beijing R&D Center,苏州,4,后端开发（hibernate、linux开发）,—
J7286,Java开发工程师,苏州浩宇南天信息科技有限公司,苏州,4,后端开发（hibernate、linux开发）,—
J7287,后端开发工程师（Java+python）,中达电子(江苏)有限公司,苏州,4,后端开发（hibernate、linux开发）,—
J7288,对日软件开发工程师（COBOL&JAVA）,日立解决方案(中国)有限公司,苏州,4,后端开发（hibernate、linux开发）,—
J7289,java软件开发工程师,航天电器,苏州,4,后端开发（hibernate、linux开发）,—
J7290,java开发工程师,北京青麦科技有限公司,苏州,4,后端开发（hibernate、linux开发）,—
J7291,PLM开发工程师,杰信软件科技(苏州)有限公司,苏州,4,后端开发（hibernate、linux开发）,—
J7292,中级后端工程师,星景科技有限公司,苏州,4,后端开发（hibernate、linux开发）,—
J7293,软件助理工程师,苏州车邦智能科技有限公司,苏州,0,制造业质量/检验（成本管理、抖音）,Java/后端（spring、mybatis）
J7294,软件工程师,江苏微技科技有限公司,苏州,4,后端开发（hibernate、linux开发）,—
J7295,对日开发PM,凌志软件,苏州,0,制造业质量/检验（成本管理、抖音）,Java/后端（spring、mybatis）
J7296,Java软件研发工程师,元动未来(北京)科技有限公司,苏州,4,后端开发（hibernate、linux开发）,—
J7297,java软件工程师,苏州冠锐信息科技有限公司,苏州,4,后端开发（hibernate、linux开发）,—
J7298,java开发工程师,苏州千机智能技术有限公司,苏州,4,后端开发（hibernate、linux开发）,—
J7299,初级Java工程师,苏州阿基米德智能科技有限公司,苏州,4,后端开发（hibernate、linux开发）,—
J7300,智能体开发工程师,苏州人瑞普惠人力资源服务有限公司,苏州,4,后端开发（hibernate、linux开发）,—
J7301,java开发工程师,京北方,苏州,4,后端开发（hibernate、linux开发）,—
J7302,赴日软件开发工程师,株式会社NQ系统,苏州,4,后端开发（hibernate、linux开发）,—
J7303,【高薪兜底｜应届可冲】Java/Python/C C+…,外企德科数字技术有限公司,苏州,4,后端开发（hibernate、linux开发）,—
J7304,java开发软件工程师,维恩贝特科技有限公司,苏州,4,后端开发（hibernate、linux开发）,—
J7305,软件研发工程师,南京爱迪信环境技术有限公司,苏州,0,制造业质量/检验（成本管理、抖音）,Java/后端（spring、mybatis）
J7306,java开发工程师,江苏瑞视朗智能装备有限公司,苏州,4,后端开发（hibernate、linux开发）,—
J7307,高级java开发（苏州/资金资管领域）,赢时胜,苏州,4,后端开发（hibernate、linux开发）,—
J7308,开发工程师,软通动力信息技术(集团)股份有限公司,苏州,4,后端开发（hibernate、linux开发）,—
J7309,Java开发工程师（线上面试+易面过+稳定）,中科软科技股份有限公司,苏州,4,后端开发（hibernate、linux开发）,—
J7310,Java开发工程师,江苏拓普森房地产资产评估规划测绘有限公司,苏州,4,后端开发（hibernate、linux开发）,—
J7311,java软件开发工程师,苏州思萃熔接技术研究所有限公司,苏州,4,后端开发（hibernate、linux开发）,—
J7312,软件开发工程师【缴纳五险一金】,苏州汇思企业服务有限公司,苏州,4,后端开发（hibernate、linux开发）,—
J7313,全栈开发或java开发,东华软件股份公司,苏州,8,前端开发（web前端、erp项目）,—
J7314,软件专业工程师,新代科技(苏州)有限公司,苏州,0,制造业质量/检验（成本管理、抖音）,制造业质量/检验（图文平台、性能检测）
J7315,软件开发工程师（JAVA/C#）(J10207),苏州纽威阀门股份有限公司,苏州,4,后端开发（hibernate、linux开发）,—
J7316,MES工程师,苏州车邦智能科技有限公司,苏州,0,制造业质量/检验（成本管理、抖音）,Java/后端（spring、mybatis）
J7317,CRM开发工程师,盖母(上海)软件服务有限公司,苏州,4,后端开发（hibernate、linux开发）,—
J7318,软件开发工程师,华至云链科技(苏州)有限公司,苏州,4,后端开发（hibernate、linux开发）,—
J7319,后端开发工程师,江苏宇彤智能科技有限公司,苏州,4,后端开发（hibernate、linux开发）,—
J7320,软件工程师（苏州代招）,浙江竞科工程机械有限公司,苏州,4,后端开发（hibernate、linux开发）,—
J7321,Java开发工程师,苏州七岭山信息科技有限公司,苏州,4,后端开发（hibernate、linux开发）,—
J7322,java开发工程师,华美浩联,苏州,4,后端开发（hibernate、linux开发）,—
J7323,软件开发通用（Java/c++/python）,外企德科数字技术有限公司,苏州,4,后端开发（hibernate、linux开发）,—
J7324,Java开发（银行驻场）,京北方,苏州,4,后端开发（hibernate、linux开发）,—
J7325,Teamcenter开发工程师,苏州维信电子,苏州,4,后端开发（hibernate、linux开发）,—
J7326,java开发工程师,北京开科唯识技术股份有限公司深圳分公司,苏州,4,后端开发（hibernate、linux开发）,—
J7327,Java开发,软通动力信息技术(集团)股份有限公司,苏州,4,后端开发（hibernate、linux开发）,—
J7328,对日软件开发实习生（27届）,凌志软件,苏州,0,制造业质量/检验（成本管理、抖音）,制造业质量/检验（图文平台、性能检测）
J7329,后端技术负责人,启迪设计,苏州,4,后端开发（hibernate、linux开发）,—
J7330,Java开发工程师（苏州）,南京苏易物联技术有限公司,苏州,4,后端开发（hibernate、linux开发）,—
J7331,java开发工程师(实验室自动化系统方向）,汇像信息,苏州,4,后端开发（hibernate、linux开发）,—
J7332,后端/前端/测试/算法工程师,科锐尔人力资源服务(苏州)有限公司,苏州,3,软件测试（信号测试、安全测试）,—
J7333,中级Java-短期五个月-统本,江苏种梦客网络科技有限公司,苏州,4,后端开发（hibernate、linux开发）,—
J7334,对日JAVA,上海朗裕信息科技有限公司,苏州,4,后端开发（hibernate、linux开发）,—
J7335,软件开发工程师,南京爱迪信环境技术有限公司,苏州,4,后端开发（hibernate、linux开发）,—
J7336,高级java开发工程师,苏州安硕数科数据技术有限公司,苏州,4,后端开发（hibernate、linux开发）,—
J7337,java高级开发工程师,苏州一际智能科技有限公司,苏州,4,后端开发（hibernate、linux开发）,—
J7338,软件工程师（线上面试，全国有岗）,外企德科数字技术有限公司,苏州,4,后端开发（hibernate、linux开发）,—
J7339,java开发经理,昆山瀚宇国际物流服务有限公司,苏州,4,后端开发（hibernate、linux开发）,—
J7340,中高级java工程师-base无锡,常州程耀数字科技有限公司,苏州,4,后端开发（hibernate、linux开发）,—
J7341,赴日开发软件工程师,常州发创软件有限公司,苏州,4,后端开发（hibernate、linux开发）,—
J7342,系统软件开发工程师（Java后端｜产品方向）,深圳南区人瑞人力资源服务有限公司,苏州,4,后端开发（hibernate、linux开发）,—
J7343,NC开发工程师,福州众致力信息科技有限公司,苏州,4,后端开发（hibernate、linux开发）,—
J7344,4001_对日/赴日java软件开发工程师（苏州）,河南一剑信息科技有限公司,苏州,4,后端开发（hibernate、linux开发）,—
J7345,后端开发工程师,钢研纳克江苏检测技术研究院有限公司,苏州,4,后端开发（hibernate、linux开发）,—
J7346,java开发工程师,北京百米互联科技有限公司,苏州,4,后端开发（hibernate、linux开发）,—
J7347,高级后端开发工程师,苏州思得普信息科技有限公司,苏州,4,后端开发（hibernate、linux开发）,—
J7348,软件工程师,苏州车邦智能科技有限公司,苏州,4,后端开发（hibernate、linux开发）,—
J7349,Ai应用开发工程师实习,苏州众壳科技有限公司,苏州,4,后端开发（hibernate、linux开发）,—
J7350,数据算力技术员,苏州福泽能源科技有限公司,苏州,0,制造业质量/检验（成本管理、抖音）,算法/AI 应用（tensorflow、vit）
J7351,AI Agent应用开发工程师,苏州优谱德精密仪器科技有限公司,苏州,7,算法/人工智能（智能驾驶、传感器融合）,—
J7352,MES开发（后端）,成都聚思亿科技有限公司,苏州,4,后端开发（hibernate、linux开发）,—
J7353,AI Agent开发工程师 / 资深AI全栈工程师,江苏开拓信息与系统有限公司,苏州,7,算法/人工智能（智能驾驶、传感器融合）,—
J7354,全栈工程师实习生,中科星图股份有限公司,苏州,8,前端开发（web前端、erp项目）,—
J7355,软件开发工程师,中亿丰控股集团有限公司,苏州,4,后端开发（hibernate、linux开发）,—
J7356,软件测试工程师,软通动力信息技术(集团)股份有限公司,苏州,3,软件测试（信号测试、安全测试）,—
J7357,AI全栈工程师,嘉驰英才(上海)信息科技有限公司合肥分公司,苏州,8,前端开发（web前端、erp项目）,—
J7358,软件开发（可接受25届26届+无经验同学）周末双休,外企德科数字技术有限公司,苏州,0,制造业质量/检验（成本管理、抖音）,硬件/仪器/自动化（组态软件、scratch）
J7359,后端开发工程师,苏州泰思特电子科技有限公司,苏州,4,后端开发（hibernate、linux开发）,—
J7360,全栈工程师,苏州埃捷思特软件技术有限公司,苏州,8,前端开发（web前端、erp项目）,—
J7361,软件开发工程师,苏州水星环保工业系统有限公司,苏州,4,后端开发（hibernate、linux开发）,—
J7362,IT实习工程师（2027届）,牧田(中国)有限公司,苏州,0,制造业质量/检验（成本管理、抖音）,硬件/仪器/自动化（组态软件、scratch）
J7363,全栈开发工程师（金融业方向）,济南予星电子有限公司,苏州,8,前端开发（web前端、erp项目）,—
J7364,全栈开发工程师,上海之几信息科技有限公司,苏州,8,前端开发（web前端、erp项目）,—
J7365,mes开发工程师,苏州高迎检测技术有限公司,苏州,4,后端开发（hibernate、linux开发）,—
J7366,高级研发工程师（人工智能方向）,苏州钧灏电力有限公司,苏州,7,算法/人工智能（智能驾驶、传感器融合）,—
J7367,全栈工程师,苏州佳祺仕科技股份有限公司,苏州,8,前端开发（web前端、erp项目）,—
J7368,OA系统工程师,江苏亨通数字智能科技有限公司,苏州,0,制造业质量/检验（成本管理、抖音）,Java/后端（spring、mybatis）
J7369,工业数字化运维工程师,广泰电机(吴江)有限公司,苏州,1,运维/云与网络（分布式电站、空调工程）,—
J7370,MES交付工程师,深圳市华磊迅拓科技有限公司,苏州,0,制造业质量/检验（成本管理、抖音）,Java/后端（spring、mybatis）
J7371,嵌入式工程师,中国科学院过程工程研究所,苏州,5,嵌入式/硬件（rtos、32位单片机）,—
J7372,系统运维工程师,江苏长顺集团有限公司,苏州,1,运维/云与网络（分布式电站、空调工程）,—
J7373,运维工程师,胜科纳米(苏州)股份有限公司,苏州,1,运维/云与网络（分布式电站、空调工程）,—
J7374,无人驾驶工程师,江苏行之途智能科技有限公司,苏州,0,制造业质量/检验（成本管理、抖音）,制造业质量/检验（图文平台、性能检测）
J7375,物联网平台开发工程师,苏州溯驭技术有限公司,苏州,4,后端开发（hibernate、linux开发）,—
J7376,高级全栈工程师（云原生物联网与 AI 应用）,万宝盛华企业管理咨询（上海）有限公司,苏州,7,算法/人工智能（智能驾驶、传感器融合）,—
J7377,后/前端开发、测试【24/25/无经验也可投】接受jav…,外企德科数字技术有限公司,苏州,3,软件测试（信号测试、安全测试）,—
J7378,软件开发实习生（27届）,凌志软件,苏州,0,制造业质量/检验（成本管理、抖音）,制造业质量/检验（图文平台、性能检测）
J7379,开发实习,苏州冠锐信息科技有限公司,苏州,0,制造业质量/检验（成本管理、抖音）,Java/后端（spring、mybatis）
J7380,物联网测试工程师,科锐尔人力资源服务(苏州)有限公司,苏州,3,软件测试（信号测试、安全测试）,—
J7381,AI全栈工程师（跨境物流/快递方向）,苏州肯亚国际货运代理有限公司,苏州,8,前端开发（web前端、erp项目）,—
J7382,自动化助理工程师,芯苏半导体技术(苏州)有限公司,苏州,0,制造业质量/检验（成本管理、抖音）,硬件/仪器/自动化（组态软件、scratch）
J7383,AI开发专员,江苏新广华机电工程有限公司,苏州,0,制造业质量/检验（成本管理、抖音）,硬件/仪器/自动化（组态软件、scratch）
J7384,erp实施顾问,上海睿沃数字科技有限公司,苏州,1,运维/云与网络（分布式电站、空调工程）,—
J7385,全栈工程师,昆山汉唐金缘文化发展有限公司,苏州,8,前端开发（web前端、erp项目）,—
J7386,大数据工程师+五险一金,江苏微技科技有限公司,苏州,2,数据分析/BI（数仓开发、kettle）,—
J7387,AI小程序必须全栈开发工程师,苏州博朗仕无尘科技有限公司,苏州,8,前端开发（web前端、erp项目）,—
J7388,QC测试工程师(J10118),强一半导体(苏州)股份有限公司,苏州,3,软件测试（信号测试、安全测试）,—
J7389,测试工程师(常驻银行/线上面试),京北方,苏州,3,软件测试（信号测试、安全测试）,—
J7390,测试工程师（自动化）(J12543),英威腾,苏州,3,软件测试（信号测试、安全测试）,—
J7391,ai算法工程师,苏州奥泓创自动化科技有限公司,苏州,7,算法/人工智能（智能驾驶、传感器融合）,—
J7392,IT运维实习生,泰康之家经营管理有限公司,苏州,1,运维/云与网络（分布式电站、空调工程）,—
J7393,渗透测试工程师,XX公司,苏州,3,软件测试（信号测试、安全测试）,—
J7394,软件工程师,昆山维开安电子科技有限公司,苏州,4,后端开发（hibernate、linux开发）,—
J7395,WCS/WMS 软件开发工程师,苏州光斯奥光电科技有限公司,苏州,4,后端开发（hibernate、linux开发）,—
J7396,CIM工程师,苏州芯曌科技有限公司,苏州,0,制造业质量/检验（成本管理、抖音）,Java/后端（spring、mybatis）
J7397,软件开发工程师(JAVA/C++/C/Pyt…,外企德科数字技术有限公司,苏州,4,后端开发（hibernate、linux开发）,—
J7398,java开发工程师,软通动力信息技术(集团)股份有限公司,苏州,4,后端开发（hibernate、linux开发）,—
J7399,IT运维工程师（接受加班）,东部超导科技(苏州)有限公司,苏州,1,运维/云与网络（分布式电站、空调工程）,—
J7400,AI开发工程师,苏州麦科斯数字科技有限公司,苏州,4,后端开发（hibernate、linux开发）,—
J7401,软件开发工程师,苏州爱意胜自动化科技有限公司,苏州,4,后端开发（hibernate、linux开发）,—
J7402,MES运维工程师（倒班）,力神电池(苏州)有限公司,苏州,1,运维/云与网络（分布式电站、空调工程）,—
J7403,上位机软件开发工程师,江苏地标检测认证技术有限公司,苏州,4,后端开发（hibernate、linux开发）,—
J7404,软件测试专员,上海写妙信息科技有限公司,苏州,3,软件测试（信号测试、安全测试）,—
J7405,全栈开发工程师,上海之几信息科技有限公司,苏州,8,前端开发（web前端、erp项目）,—
J7406,软件开发工程师,明基逐鹿软件（苏州）有限公司,苏州,4,后端开发（hibernate、linux开发）,—
J7407,Web开发工程师实习生,苏州锐武微电子有限公司,苏州,8,前端开发（web前端、erp项目）,—
J7408,MES开发工程师(J10170),苏州纽威阀门股份有限公司,苏州,4,后端开发（hibernate、linux开发）,—
J7409,软件开发技术总监,梦享空间(苏州)文化科技有限公司,苏州,0,制造业质量/检验（成本管理、抖音）,Java/后端（spring、mybatis）
J7410,AI应用开发工程师（平台开发）,东吴服务产业集团(江苏)有限公司,苏州,4,后端开发（hibernate、linux开发）,—
J7411,软件工程师-TSC,富士康电子工业发展(昆山)有限公司,苏州,4,后端开发（hibernate、linux开发）,—
J7412,C#上位机/PLC机器人视觉助理讲师,江苏和讯自动化设备有限公司,苏州,7,算法/人工智能（智能驾驶、传感器融合）,—
J7413,MES实施工程师,江苏北人,苏州,1,运维/云与网络（分布式电站、空调工程）,—
J7414,软件工程师,江苏明益信智能设备股份有限公司,苏州,4,后端开发（hibernate、linux开发）,—
J7415,储能ems系统工程师,汇川技术,苏州,0,制造业质量/检验（成本管理、抖音）,制造业质量/检验（图文平台、性能检测）
J7416,软件开发工程师,外企德科数字技术有限公司,苏州,4,后端开发（hibernate、linux开发）,—
J7417,java后端开发工程师,软通动力信息技术(集团)股份有限公司,苏州,4,后端开发（hibernate、linux开发）,—
J7418,.net上位机软件开发工程师,XX公司,苏州,4,后端开发（hibernate、linux开发）,—
J7419,测试研发工程师,圣邦微电子(北京)股份有限公司,苏州,3,软件测试（信号测试、安全测试）,—
J7420,IT技术支持工程师,苏州佰仕朗智能科技有限公司,苏州,0,制造业质量/检验（成本管理、抖音）,制造业质量/检验（图文平台、性能检测）
J7421,软件实施工程师,苏州星微迅科技有限公司,苏州,1,运维/云与网络（分布式电站、空调工程）,—
J7422,测试工程师,微迈科技(苏州)有限公司,苏州,3,软件测试（信号测试、安全测试）,—
J7423,人工智能应用工程师1（苏州市）,鹏劳人力,苏州,7,算法/人工智能（智能驾驶、传感器融合）,—
J7424,软件验证工程师（成都、上海、东莞、西安、苏州、南京、杭…,郑州联创优聘信息科技有限公司,苏州,0,制造业质量/检验（成本管理、抖音）,硬件/仪器/自动化（组态软件、scratch）
J7425,视觉调试工程师,华域智能科技(徐州)有限公司,苏州,7,算法/人工智能（智能驾驶、传感器融合）,—
J7426,技术经理,苏州智数信息科技有限公司,苏州,0,制造业质量/检验（成本管理、抖音）,Java/后端（spring、mybatis）
J7427,MES实施工程师,苏州埃捷思特软件技术有限公司,苏州,1,运维/云与网络（分布式电站、空调工程）,—
J7428,信息专员（IT运营）,国药控股苏州市医疗器械有限公司,苏州,0,制造业质量/检验（成本管理、抖音）,制造业质量/检验（图文平台、性能检测）
J7429,立库软件实施工程师,苏州穗柯智能科技有限公司,苏州,1,运维/云与网络（分布式电站、空调工程）,—
J7430,软件开发工程师【缴纳五险一金】,江苏盛德汇思企业管理有限公司,苏州,4,后端开发（hibernate、linux开发）,—
J7431,大模型算法工程师,苏州人瑞普惠人力资源服务有限公司,苏州,7,算法/人工智能（智能驾驶、传感器融合）,—
J7432,PLM/PDM系统开发工程师,浙江自贸区杰汐能源有限公司,苏州,4,后端开发（hibernate、linux开发）,—
J7433,系统交付需求工程师,新拓尼克科技研发中心 / Syntronic Beijing R&D Center,苏州,0,制造业质量/检验（成本管理、抖音）,Java/后端（spring、mybatis）
J7434,FAE工程师（苏州）,深圳市瑞微智能有限责任公司,苏州,0,制造业质量/检验（成本管理、抖音）,硬件/仪器/自动化（组态软件、scratch）
J7435,Python工程师,苏州丰航精密金属有限公司,苏州,4,后端开发（hibernate、linux开发）,—
J7436,需求分析工程师,汇像信息,苏州,6,产品/项目管理（国内市场、需求分析）,—
J7437,软件开发/嵌入式工程师（接受应届 双休 高薪 2-4…,外企德科数字技术有限公司,苏州,5,嵌入式/硬件（rtos、32位单片机）,—
J7438,ATE上位机开发工程师,苏州威龙霸电子有限公司,苏州,4,后端开发（hibernate、linux开发）,—
J7439,自动化测试,软通动力信息技术(集团)股份有限公司,苏州,3,软件测试（信号测试、安全测试）,—
J7440,云桌面、网络集成方向技术实习生,江苏易纬电子科技有限公司,苏州,0,制造业质量/检验（成本管理、抖音）,硬件/仪器/自动化（组态软件、scratch）
J7441,Web系统集成工程师,清研达维汽车科技(苏州)有限公司,苏州,8,前端开发（web前端、erp项目）,—
J7442,急招 技术员组长 包吃包住 1w+,江苏职接说人才服务有限公司,苏州,0,制造业质量/检验（成本管理、抖音）,硬件/仪器/自动化（组态软件、scratch）
J7443,TE 测试工程师,中达电子(江苏)有限公司,苏州,3,软件测试（信号测试、安全测试）,—
J7444,高级软件工程师,天津普利方舟医疗科技有限公司,苏州,4,后端开发（hibernate、linux开发）,—
J7445,软件研发工程师（WMS/WCS方向）,上海荣炳国际货运代理有限公司,苏州,0,制造业质量/检验（成本管理、抖音）,算法/AI 应用（tensorflow、vit）
J7446,高级软件工程师,四川鸿洲合创科技有限公司,苏州,4,后端开发（hibernate、linux开发）,—
J7447,AI全栈工程师-数字化——天启猎头推荐,杭州天启企业管理有限公司,苏州,7,算法/人工智能（智能驾驶、传感器融合）,—
J7448,后端开发工程师（多模态开源数据平台）,苏州睿星朗电器有限公司,苏州,4,后端开发（hibernate、linux开发）,—
J7449,AGV调度工程师,苏州快捷机器人有限公司,苏州,0,制造业质量/检验（成本管理、抖音）,Java/后端（spring、mybatis）
J7450,软件开发/软件测试工程师,科锐尔人力资源服务(苏州)有限公司,苏州,3,软件测试（信号测试、安全测试）,—
J7451,中级测试工程师,沈阳市合纵卓越科技有限公司,苏州,3,软件测试（信号测试、安全测试）,—
J7452,软件开发工程师（具身后端开发）,江苏北人,苏州,4,后端开发（hibernate、linux开发）,—
J7453,系统集成项目经理,苏州广联通信科技有限公司,苏州,6,产品/项目管理（国内市场、需求分析）,—
J7454,高级c#.net软件工程师,明基逐鹿软件（苏州）有限公司,苏州,4,后端开发（hibernate、linux开发）,—
J7455,软件开发+不限语言（全程线上+双休+全额社保）,外企德科数字技术有限公司,苏州,0,制造业质量/检验（成本管理、抖音）,算法/AI 应用（tensorflow、vit）
J7456,Java后端开发（信贷方向）,维恩贝特科技有限公司,苏州,4,后端开发（hibernate、linux开发）,—
J7457,嵌入式软件工程师,中广核智造科技(苏州)有限公司,苏州,5,嵌入式/硬件（rtos、32位单片机）,—
J7458,IT技术支持,江苏新天国际物流有限公司,苏州,0,制造业质量/检验（成本管理、抖音）,Java/后端（spring、mybatis）
J7459,labview测试开发工程师,立讯智造科技(苏州)有限公司,苏州,3,软件测试（信号测试、安全测试）,—
J7460,初级前端工程师,苏州阿基米德智能科技有限公司,苏州,8,前端开发（web前端、erp项目）,—
J7461,软件实施工程师,苏州鲲航信息科技有限公司,苏州,1,运维/云与网络（分布式电站、空调工程）,—
J7462,机器人软件架构工程师,江苏行之途智能科技有限公司,苏州,0,制造业质量/检验（成本管理、抖音）,硬件/仪器/自动化（组态软件、scratch）
J7463,APP开发工程师（光谱测试仪）,上海传国光电科技有限公司,苏州,3,软件测试（信号测试、安全测试）,—
J7464,自动化测试,软通动力信息技术(集团)股份有限公司,苏州,3,软件测试（信号测试、安全测试）,—
J7465,IT开发工程师（HR绩效考核方向）,苏州维信电子,苏州,4,后端开发（hibernate、linux开发）,—
J7466,项目经理（对日）（苏州/如皋/无锡）,凌志软件,苏州,6,产品/项目管理（国内市场、需求分析）,—
J7467,信息化软件工程师（苏州浙远）,山东新华医疗器械股份有限公司,苏州,4,后端开发（hibernate、linux开发）,—
J7468,信息化经理,健大电业制品（昆山）有限公司,苏州,0,制造业质量/检验（成本管理、抖音）,硬件/仪器/自动化（组态软件、scratch）
J7469,软件工程师,科恩斯(苏州)汽车零配件有限公司,苏州,4,后端开发（hibernate、linux开发）,—
J7470,测试工程师-外包（短期3个月）,北京青钱信息技术有限公司,苏州,3,软件测试（信号测试、安全测试）,—
J7471,数据分析与挖掘工程师1（苏州）,鹏劳人力,苏州,2,数据分析/BI（数仓开发、kettle）,—
J7472,车载android开发,天津艾迪智绘网络科技有限公司,苏州,0,制造业质量/检验（成本管理、抖音）,制造业质量/检验（图文平台、性能检测）
J7473,后端开发工程师-不限技术栈,外企德科数字技术有限公司,苏州,4,后端开发（hibernate、linux开发）,—
J7474,java后端工程师,苏州冠锐信息科技有限公司,苏州,4,后端开发（hibernate、linux开发）,—
J7475,软件开发工程师（具身后端开发）,江苏北人,苏州,4,后端开发（hibernate、linux开发）,—
J7476,自动化软件工程师,苏州奥泓创自动化科技有限公司,苏州,4,后端开发（hibernate、linux开发）,—
J7477,CIT软件维护测试工程师 / Application Suppo…,富士康电子工业发展(昆山)有限公司,苏州,3,软件测试（信号测试、安全测试）,—
J7478,PC端运动控制工程师,目为智能装备(苏州)有限公司,苏州,0,制造业质量/检验（成本管理、抖音）,Java/后端（spring、mybatis）
J7479,IT经理,江苏众钠能源科技有限公司,苏州,0,制造业质量/检验（成本管理、抖音）,制造业质量/检验（图文平台、性能检测）
J7480,全栈开发,郑州海奥软件科技有限公司,苏州,8,前端开发（web前端、erp项目）,—
J7481,研发助理,苏州霨冉智能装备有限公司,苏州,0,制造业质量/检验（成本管理、抖音）,硬件/仪器/自动化（组态软件、scratch）
J7482,智慧防汛模型预报平台交付工程师,苏州泛鸿水务科技有限公司,苏州,0,制造业质量/检验（成本管理、抖音）,硬件/仪器/自动化（组态软件、scratch）
J7483,FDE前端部署工程师（应届生 / 可实习）,苏州埃捷思特软件技术有限公司,苏州,8,前端开发（web前端、erp项目）,—
J7484,python自动化测试工程师（双休+五险一金）,软通动力信息技术(集团)股份有限公司,苏州,3,软件测试（信号测试、安全测试）,—
J7485,MES系统开发工程师(J10232),青岛华世洁新材料科技集团股份有限公司,苏州,4,后端开发（hibernate、linux开发）,—
J7486,CIM工程师(J10134),强一半导体(苏州)股份有限公司,苏州,0,制造业质量/检验（成本管理、抖音）,制造业质量/检验（图文平台、性能检测）
J7487,中国区IT 项目经理,中达电子(江苏)有限公司,苏州,6,产品/项目管理（国内市场、需求分析）,—
J7488,临床数据库开发管培生,江苏恒瑞医药股份有限公司,苏州,0,制造业质量/检验（成本管理、抖音）,Java/后端（spring、mybatis）
J7489,技术总监,上海定之方信息科技有限公司,苏州,0,制造业质量/检验（成本管理、抖音）,硬件/仪器/自动化（组态软件、scratch）
J7490,c#.net开发工程师,苏州芯安氪科技有限公司,苏州,4,后端开发（hibernate、linux开发）,—
J7491,测试工程师-短期项目-银行项目,北京青钱信息技术有限公司,苏州,3,软件测试（信号测试、安全测试）,—
J7492,AIOps研发运维&系统管理工程师,浙江自贸区杰汐能源有限公司,苏州,1,运维/云与网络（分布式电站、空调工程）,—
J7493,软件开发工程师,外企德科数字技术有限公司,苏州,4,后端开发（hibernate、linux开发）,—
J7494,java开发工程师,苏州冠锐信息科技有限公司,苏州,4,后端开发（hibernate、linux开发）,—
J7495,工程技术总监,汇像信息,苏州,0,制造业质量/检验（成本管理、抖音）,硬件/仪器/自动化（组态软件、scratch）
J7496,项目经理,苏州涩谷智能科技有限公司,苏州,6,产品/项目管理（国内市场、需求分析）,—
J7497,高级软件开发工程师,安徽明讯新材料科技股份有限公司,苏州,4,后端开发（hibernate、linux开发）,—
J7498,软件项目助理,苏州车邦智能科技有限公司,苏州,0,制造业质量/检验（成本管理、抖音）,制造业质量/检验（图文平台、性能检测）
J7499,软件开发项目经理（对日）,凌志软件,苏州,6,产品/项目管理（国内市场、需求分析）,—
J7500,高级技术软件工程师,苏州慧至智能科技有限公司,苏州,4,后端开发（hibernate、linux开发）,—
J7501,资深DBA架构工程师（数据架构师）,新代科技(苏州)有限公司,苏州,1,运维/云与网络（分布式电站、空调工程）,—
J7502,机器人/机械臂二次开发,爱江山(昆山)科技有限公司,苏州,0,制造业质量/检验（成本管理、抖音）,硬件/仪器/自动化（组态软件、scratch）
J7503,系统集成工程师,东霖智行(十堰)汽车技术有限公司,苏州,0,制造业质量/检验（成本管理、抖音）,Java/后端（spring、mybatis）
J7504,实施工程师,上海神剑铁路通信信号有限公司,苏州,1,运维/云与网络（分布式电站、空调工程）,—
J7505,工程师,北京易企保科技有限公司,苏州,0,制造业质量/检验（成本管理、抖音）,Java/后端（spring、mybatis）
J7506,探针卡应用测试工程师(J10067),强一半导体(苏州)股份有限公司,苏州,3,软件测试（信号测试、安全测试）,—
J7507,体系平台工程师,苏州长风航空电子有限公司,苏州,0,制造业质量/检验（成本管理、抖音）,硬件/仪器/自动化（组态软件、scratch）
J7508,高级软件工程师,瑞石心禾(河北)医疗科技有限公司,苏州,4,后端开发（hibernate、linux开发）,—
J7509,嵌入式软件工程师,江苏浩凯丰环保科技有限公司,苏州,5,嵌入式/硬件（rtos、32位单片机）,—
J7510,电机测试工程师,鸣志电器,苏州,3,软件测试（信号测试、安全测试）,—
J7511,上位机软件工程师,苏州美思朗自动化设备有限公司,苏州,4,后端开发（hibernate、linux开发）,—
J7512,SMT系统工程师,源卓微纳科技(苏州)股份有限公司,苏州,0,制造业质量/检验（成本管理、抖音）,硬件/仪器/自动化（组态软件、scratch）
J7513,软件通用岗位【零经验+考研失败】,外企德科数字技术有限公司,苏州,0,制造业质量/检验（成本管理、抖音）,硬件/仪器/自动化（组态软件、scratch）
J7514,java开发工程师-反馈快速-稳定,中科软科技股份有限公司,苏州,4,后端开发（hibernate、linux开发）,—
J7515,java开发工程师（银行）,软通动力信息技术(集团)股份有限公司,苏州,4,后端开发（hibernate、linux开发）,—
J7516,自动化售后调试工程师,科尼自动化技术(苏州)有限公司,苏州,0,制造业质量/检验（成本管理、抖音）,硬件/仪器/自动化（组态软件、scratch）
J7517,资深前端工程师,科锐尔人力资源服务(苏州)有限公司,苏州,8,前端开发（web前端、erp项目）,—
J7518,研发工程师（电力物联网方向）,苏州新吴源电力工程有限公司,苏州,0,制造业质量/检验（成本管理、抖音）,制造业质量/检验（图文平台、性能检测）
J7519,安卓开发工程师,天津艾迪智绘网络科技有限公司,苏州,4,后端开发（hibernate、linux开发）,—
J7520,初级数据开发工程师,北京昌聚亿科技有限公司河南分公司,苏州,4,后端开发（hibernate、linux开发）,—
J7521,苏州 Python 程序员,江苏双马智能科技有限公司,苏州,4,后端开发（hibernate、linux开发）,—
J7522,python开发工程师,纳龙健康科技股份有限公司,苏州,4,后端开发（hibernate、linux开发）,—
J7523,python工程师（agent方向，秋招、实习皆…,苏州格物数智科技有限责任公司,苏州,4,后端开发（hibernate、linux开发）,—
J7524,Python开发,软通动力信息技术(集团)股份有限公司,苏州,4,后端开发（hibernate、linux开发）,—
J7525,应用算法工程师（苏州）,北京阿丘机器人科技有限公司,苏州,7,算法/人工智能（智能驾驶、传感器融合）,—
J7526,python后端开发工程师,南京诗远启科技有限公司,苏州,4,后端开发（hibernate、linux开发）,—
J7527,AI应用开发工程师（平台开发）,东吴服务产业集团(江苏)有限公司,苏州,4,后端开发（hibernate、linux开发）,—
J7528,python脚本开发工程师,苏州欧康利信息技术有限公司,苏州,4,后端开发（hibernate、linux开发）,—
J7529,python开发工程师,苏州威思测电子科技有限公司,苏州,4,后端开发（hibernate、linux开发）,—
J7530,软件开发工程师,凯捷中国,苏州,4,后端开发（hibernate、linux开发）,—
J7531,ETL工程师,长亮科技,苏州,2,数据分析/BI（数仓开发、kettle）,—
J7532,点云处理算法工程师,苏州赫芯科技有限公司,苏州,7,算法/人工智能（智能驾驶、传感器融合）,—
J7533,中级数据开发工程师,北京昌聚亿科技有限公司河南分公司,苏州,4,后端开发（hibernate、linux开发）,—
J7534,python/c++老师,昆山伯乐码教育科技有限公司,苏州,4,后端开发（hibernate、linux开发）,—
J7535,设备采集工程师,苏州精采智调工业物联网科技有限公司,苏州,0,制造业质量/检验（成本管理、抖音）,Java/后端（spring、mybatis）
J7536,开发工程师（ComfyUI）,梦享空间(苏州)文化科技有限公司,苏州,8,前端开发（web前端、erp项目）,—
J7537,数据分析师（智能软件 k12）,苏州瀚易特信息技术股份有限公司,苏州,2,数据分析/BI（数仓开发、kettle）,—
J7538,高级全栈工程师（云原生、物联网与 AI 应用）,软通动力信息技术(集团)股份有限公司,苏州,7,算法/人工智能（智能驾驶、传感器融合）,—
J7539,AI算法开发工程师,俐玛精密测量技术(苏州)有限公司,苏州,7,算法/人工智能（智能驾驶、传感器融合）,—
J7540,中级BI工程师,深圳市数云信息技术有限公司,苏州,2,数据分析/BI（数仓开发、kettle）,—
J7541,C++ 3D图形工程师,苏州橘杏科技有限公司,苏州,4,后端开发（hibernate、linux开发）,—
J7542,数仓及软件开发工程师,奥本运动科技(苏州)有限公司,苏州,2,数据分析/BI（数仓开发、kettle）,—
J7543,软件工程师,苏州车邦智能科技有限公司,苏州,4,后端开发（hibernate、linux开发）,—
J7544,BI开发工程师,峻研数字科技(江苏)有限公司,苏州,2,数据分析/BI（数仓开发、kettle）,—
J7545,帆软开发工程师,科珠(广州)科技有限公司,苏州,4,后端开发（hibernate、linux开发）,—
J7546,数据挖掘研究员（环境大数据科学中心） G00628,清华苏州环境创新研究院,苏州,2,数据分析/BI（数仓开发、kettle）,—
J7547,图像算法工程师,飓蜂科技(苏州)有限公司,苏州,7,算法/人工智能（智能驾驶、传感器融合）,—
J7548,Python测试开发工程师（存储产品/客户支持方向）,苏州德伽存储科技有限公司,苏州,3,软件测试（信号测试、安全测试）,—
J7549,图像开发工程师,XX公司,苏州,4,后端开发（hibernate、linux开发）,—
J7550,软件工程师（上位机、测控、C#、PYTHON),慧灵科技(深圳)股份有限公司,苏州,4,后端开发（hibernate、linux开发）,—
J7551,高级软件工程师（C# / C++ / Python）,天津普利方舟医疗科技有限公司,苏州,4,后端开发（hibernate、linux开发）,—
J7552,AI应用工程师,科芃智能科技(苏州)有限公司,苏州,0,制造业质量/检验（成本管理、抖音）,算法/AI 应用（tensorflow、vit）
J7553,AI / LLM 大模型应用开发工程师,友达光电(昆山)有限公司,苏州,7,算法/人工智能（智能驾驶、传感器融合）,—
J7554,AI算法应届毕业生,创材深造(天津)科技有限公司,苏州,7,算法/人工智能（智能驾驶、传感器融合）,—
J7555,IT实习工程师,牧田(中国)有限公司,苏州,0,制造业质量/检验（成本管理、抖音）,硬件/仪器/自动化（组态软件、scratch）
J7556,初级开发工程师,南昌辰睿科技服务有限公司,苏州,4,后端开发（hibernate、linux开发）,—
J7557,数据采集,苏州沃沃科技服务有限公司,苏州,0,制造业质量/检验（成本管理、抖音）,数据/统计分析（数据建模、统计学）
J7558,大数据工程师,苏州四九云智科技有限公司,苏州,2,数据分析/BI（数仓开发、kettle）,—
J7559,数据分析师,新代科技(苏州)有限公司,苏州,2,数据分析/BI（数仓开发、kettle）,—
J7560,算法工程师,昆山华恒焊接股份有限公司,苏州,7,算法/人工智能（智能驾驶、传感器融合）,—
J7561,大模型应用工程师1（苏州）,鹏劳人力,苏州,7,算法/人工智能（智能驾驶、传感器融合）,—
J7562,故障诊断算法工程师,苏州光格科技股份有限公司,苏州,7,算法/人工智能（智能驾驶、传感器融合）,—
J7563,大模型应用研发（环境大数据科学中心） G00721,清华苏州环境创新研究院,苏州,7,算法/人工智能（智能驾驶、传感器融合）,—
J7564,苏州 LLM 程序员,江苏双马智能科技有限公司,苏州,0,制造业质量/检验（成本管理、抖音）,硬件/仪器/自动化（组态软件、scratch）
J7565,软件工程师,苏州普热斯勒科技集团股份有限公司,苏州,4,后端开发（hibernate、linux开发）,—
J7566,软件应用工程师,苏州伊欧陆系统集成有限公司,苏州,0,制造业质量/检验（成本管理、抖音）,硬件/仪器/自动化（组态软件、scratch）
J7567,AI应用开发工程师,苏州英诺威视半导体设备有限公司,苏州,4,后端开发（hibernate、linux开发）,—
J7568,图像算法工程师(J10163),强一半导体(苏州)股份有限公司,苏州,7,算法/人工智能（智能驾驶、传感器融合）,—
J7569,ai算法工程师,中利科威(苏州)新材料有限公司,苏州,7,算法/人工智能（智能驾驶、传感器融合）,—
J7570,AI Agent 开发工程师,上海宽文是风软件有限公司,苏州,7,算法/人工智能（智能驾驶、传感器融合）,—
J7571,AI 大模型与智能体研发工程师,光动互联科技(苏州)有限公司,苏州,7,算法/人工智能（智能驾驶、传感器融合）,—
J7572,质量工程师(SI),米巴精密零部件（中国）有限公司,苏州,3,软件测试（信号测试、安全测试）,—
J7573,生信工程师,上海仁新医学检验实验室有限公司,苏州,0,制造业质量/检验（成本管理、抖音）,硬件/仪器/自动化（组态软件、scratch）
J7574,python自动化测试,软通动力信息技术(集团)股份有限公司,苏州,3,软件测试（信号测试、安全测试）,—
J7575,高级数据开发工程师,北京昌聚亿科技有限公司河南分公司,苏州,4,后端开发（hibernate、linux开发）,—
J7576,软件算法工程师,优联检测,苏州,7,算法/人工智能（智能驾驶、传感器融合）,—
J7577,软件测试工程师,陕西玄度智能科技有限公司,苏州,3,软件测试（信号测试、安全测试）,—
J7578,测试工程师,华业检测技术服务有限公司,苏州,3,软件测试（信号测试、安全测试）,—
J7579,全栈开发工程师,上海之几信息科技有限公司,苏州,8,前端开发（web前端、erp项目）,—
J7580,上位机软件开发工程师,苏州航凯微电子技术有限公司,苏州,4,后端开发（hibernate、linux开发）,—
J7581,嵌入式软件开发工程师,邦纳电子(苏州)有限公司上海分公司,苏州,5,嵌入式/硬件（rtos、32位单片机）,—
J7582,嵌入式 Linux 音视频工程师,江苏圆和医疗科技有限公司,苏州,5,嵌入式/硬件（rtos、32位单片机）,—
J7583,赴日软件开发工程师,株式会社NQ系统,苏州,4,后端开发（hibernate、linux开发）,—
J7584,智能体开发工程师,苏州维信电子,苏州,4,后端开发（hibernate、linux开发）,—
J7585,软件助理工程师,华域智能科技(徐州)有限公司,苏州,0,制造业质量/检验（成本管理、抖音）,硬件/仪器/自动化（组态软件、scratch）
J7586,软件工程师c/c++/python/java+双休,外企德科数字技术有限公司,苏州,4,后端开发（hibernate、linux开发）,—
J7587,应用算法工程师,苏州沐光技术有限公司,苏州,7,算法/人工智能（智能驾驶、传感器融合）,—
J7588,工艺算法工程师（2027届）,江苏北人,苏州,7,算法/人工智能（智能驾驶、传感器融合）,—
J7589,测试工程师（苏州）,软通动力信息技术(集团)股份有限公司,苏州,3,软件测试（信号测试、安全测试）,—
J7590,嵌入式软件开发工程师,苏州矽凯力科技有限公司,苏州,5,嵌入式/硬件（rtos、32位单片机）,—
J7591,Linux 上位机工程师,广东汇成真空科技股份有限公司,苏州,0,制造业质量/检验（成本管理、抖音）,硬件/仪器/自动化（组态软件、scratch）
J7592,软件工程师 (控制与数据采集),国创科学仪器(苏州)有限公司,苏州,4,后端开发（hibernate、linux开发）,—
J7593,算法工程师,因格(北京)智能技术有限公司,苏州,7,算法/人工智能（智能驾驶、传感器融合）,—
J7594,数据分析师,吴江华丰电子科技有限公司,苏州,2,数据分析/BI（数仓开发、kettle）,—
J7595,音视频算法实习生,苏州智为欣声学科技有限公司,苏州,7,算法/人工智能（智能驾驶、传感器融合）,—
J7596,软件测试工程师,上海琨悟智能科技有限公司,苏州,3,软件测试（信号测试、安全测试）,—
J7597,软件测试工程师,苏州门海微电子科技有限公司,苏州,3,软件测试（信号测试、安全测试）,—
J7598,软件助理工程师,赛腾股份,苏州,0,制造业质量/检验（成本管理、抖音）,硬件/仪器/自动化（组态软件、scratch）
J7599,it专员,江苏共生供应链服务有限公司,苏州,0,制造业质量/检验（成本管理、抖音）,硬件/仪器/自动化（组态软件、scratch）
J7600,自动化工程师助理,江苏微技科技有限公司,苏州,0,制造业质量/检验（成本管理、抖音）,硬件/仪器/自动化（组态软件、scratch）
J7601,JAVA/C++/C/Python 14薪双休 应届生可投,外企德科数字技术有限公司,苏州,4,后端开发（hibernate、linux开发）,—
J7602,计算机视觉/图像处理工程师,苏州橘杏科技有限公司,苏州,7,算法/人工智能（智能驾驶、传感器融合）,—
J7603,AI平台工程师,苏州丰联精密制造有限公司,苏州,0,制造业质量/检验（成本管理、抖音）,硬件/仪器/自动化（组态软件、scratch）
J7604,软件工程师,捷普科技(上海)有限公司,苏州,4,后端开发（hibernate、linux开发）,—
J7605,机器人软体工程师,捷螺智能设备(苏州)有限公司,苏州,0,制造业质量/检验（成本管理、抖音）,硬件/仪器/自动化（组态软件、scratch）
J7606,机器视觉,苏州欧兆自动化设备有限公司,苏州,7,算法/人工智能（智能驾驶、传感器融合）,—
J7607,C++软件开发工程师,苏州千机智能技术有限公司,苏州,4,后端开发（hibernate、linux开发）,—
J7608,全栈开发工程师 (高级后端 & AI 应用方向),苏州埃捷思特软件技术有限公司,苏州,7,算法/人工智能（智能驾驶、传感器融合）,—
J7609,软件研发工程师,南京爱迪信环境技术有限公司,苏州,0,制造业质量/检验（成本管理、抖音）,Java/后端（spring、mybatis）
J7610,测试工程师,微迈科技(苏州)有限公司,苏州,3,软件测试（信号测试、安全测试）,—
J7611,自动化测试,软通动力信息技术(集团)股份有限公司,苏州,3,软件测试（信号测试、安全测试）,—
J7612,算法工程师,上海平食科技有限公司,苏州,7,算法/人工智能（智能驾驶、传感器融合）,—
J7613,机器人编程,安徽壹烁智能科技有限公司,苏州,0,制造业质量/检验（成本管理、抖音）,硬件/仪器/自动化（组态软件、scratch）
J7614,嵌入式软件工程师,苏州晶格电子有限公司,苏州,5,嵌入式/硬件（rtos、32位单片机）,—
J7615,IT工程师（智能制造方向）,苏州新业电子股份有限公司,苏州,0,制造业质量/检验（成本管理、抖音）,硬件/仪器/自动化（组态软件、scratch）
J7616,软件开发工程师（Java/C/C++/python/JS）,外企德科数字技术有限公司,苏州,4,后端开发（hibernate、linux开发）,—
J7617,算法工程师,广州焕兴科技有限公司,苏州,7,算法/人工智能（智能驾驶、传感器融合）,—
J7618,嵌入式软件工程师（社招）,苏州明义微电子技术有限公司,苏州,5,嵌入式/硬件（rtos、32位单片机）,—
J7619,上位机软件测试工程师,苏信半导体科技(苏州)有限公司,苏州,3,软件测试（信号测试、安全测试）,—
J7620,人工智能工程师,江苏微技科技有限公司,苏州,7,算法/人工智能（智能驾驶、传感器融合）,—
J7621,故障诊断算法工程师,苏州光格科技股份有限公司,苏州,7,算法/人工智能（智能驾驶、传感器融合）,—
J7622,机器视觉工程师,昆山爱睿迪自动化科技有限公司,苏州,7,算法/人工智能（智能驾驶、传感器融合）,—
J7623,视觉算法工程师1（苏州）,鹏劳人力,苏州,7,算法/人工智能（智能驾驶、传感器融合）,—
J7624,系统 / 通信算法高级工程师(合肥办公),合肥新线通信科技有限公司,苏州,7,算法/人工智能（智能驾驶、传感器融合）,—
J7625,图像处理算法工程师,苏州桑泰海洋仪器研发有限责任公司,苏州,7,算法/人工智能（智能驾驶、传感器融合）,—
J7626,视觉算法工程师（3D视觉/物理AI方向）,苏州嘉实倍斯工业科技有限公司,苏州,7,算法/人工智能（智能驾驶、传感器融合）,—
J7627,嵌入式软件工程师（电源方向）,苏州矽凯力科技有限公司,苏州,5,嵌入式/硬件（rtos、32位单片机）,—
J7628,AI辅助等离子体模拟,安东聚变(太仓)科技有限公司,苏州,0,制造业质量/检验（成本管理、抖音）,硬件/仪器/自动化（组态软件、scratch）
J7629,软件工程师,苏州芯晟半导体科技有限公司,苏州,4,后端开发（hibernate、linux开发）,—
J7630,java/c++/C/Python/前端开发工程师,外企德科数字技术有限公司,苏州,8,前端开发（web前端、erp项目）,—
J7631,技术测试工程师,微迈科技(苏州)有限公司,苏州,3,软件测试（信号测试、安全测试）,—
J7632,CAM策略算法工程师,苏州千机智能技术有限公司,苏州,7,算法/人工智能（智能驾驶、传感器融合）,—
J7633,图像算法工程师,合肥谱睿源智能制造有限公司,苏州,7,算法/人工智能（智能驾驶、传感器融合）,—
J7634,软件测试工程师,软通动力信息技术(集团)股份有限公司,苏州,3,软件测试（信号测试、安全测试）,—
J7635,算法测试工程师,苏州一际智能科技有限公司,苏州,3,软件测试（信号测试、安全测试）,—
J7636,仿真软件研发工程师,北京格瑞纳电子产品有限公司,苏州,0,制造业质量/检验（成本管理、抖音）,算法/AI 应用（tensorflow、vit）
J7637,软硬件测试工程师,东霖智行(十堰)汽车技术有限公司,苏州,3,软件测试（信号测试、安全测试）,—
J7638,人工智能开发工程师,华苏科技,苏州,7,算法/人工智能（智能驾驶、传感器融合）,—
J7639,上位机软件工程师,苏州极速光学科技有限公司,苏州,4,后端开发（hibernate、linux开发）,—
J7640,生物信息分析员,健路生物科技(苏州)有限公司,苏州,0,制造业质量/检验（成本管理、抖音）,硬件/仪器/自动化（组态软件、scratch）
J7641,嵌入式软件工程师,中广核智造科技(苏州)有限公司,苏州,5,嵌入式/硬件（rtos、32位单片机）,—
J7642,金融量化研究员,金麦科技(苏州)有限公司,苏州,0,制造业质量/检验（成本管理、抖音）,数据/统计分析（数据建模、统计学）
J7643,车载自动化测试工程师,天津艾迪智绘网络科技有限公司,苏州,3,软件测试（信号测试、安全测试）,—
J7644,Java/C/C++/Python/前端/测试（接受应届）,外企德科数字技术有限公司,苏州,3,软件测试（信号测试、安全测试）,—
J7645,python自动化测试工程师,软通动力信息技术(集团)股份有限公司,苏州,3,软件测试（信号测试、安全测试）,—
J7646,视觉工程师,苏州晟成智能装备有限公司,苏州,7,算法/人工智能（智能驾驶、传感器融合）,—
J7647,AI 开发工程师,上海鹏武电子科技有限公司,苏州,7,算法/人工智能（智能驾驶、传感器融合）,—
J7648,QT开发工程师,苏州冠锐信息科技有限公司,苏州,4,后端开发（hibernate、linux开发）,—
J7649,AI算法工程师,苏州赫芯科技有限公司,苏州,7,算法/人工智能（智能驾驶、传感器融合）,—
J7650,嵌入式软件工程师,奥克福(苏州)科技有限公司,苏州,5,嵌入式/硬件（rtos、32位单片机）,—
J7651,软件研发工程师,安东聚变(太仓)科技有限公司,苏州,0,制造业质量/检验（成本管理、抖音）,硬件/仪器/自动化（组态软件、scratch）
J7652,系统运维工程师（昆山）,杭州明讯软件技术有限公司,苏州,1,运维/云与网络（分布式电站、空调工程）,—
J7653,机器视觉工程师,苏州巴荒科技有限公司,苏州,7,算法/人工智能（智能驾驶、传感器融合）,—
J7654,算法工程师（SLAM/VSLAM/感知/运…,江苏东成机电工具有限公司,苏州,7,算法/人工智能（智能驾驶、传感器融合）,—
J7655,电源测试工程师,东莞立讯技术股份有限公司,苏州,3,软件测试（信号测试、安全测试）,—
J7656,Codesys软件测试工程师(J10895),研华(中国)公司,苏州,3,软件测试（信号测试、安全测试）,—
J7657,java/Python/C/C++/JS/AI算法/软件测试,外企德科数字技术有限公司,苏州,3,软件测试（信号测试、安全测试）,—
J7658,软件开发工程师,立讯智造科技(苏州)有限公司,苏州,4,后端开发（hibernate、linux开发）,—
J7659,视觉研发工程师助理,昆山信达自动化工程有限公司,苏州,7,算法/人工智能（智能驾驶、传感器融合）,—
J7660,软件测试工程师,天镜韵湖(昆山)科技有限公司,苏州,3,软件测试（信号测试、安全测试）,—
J7661,机器人老师,星之翼(苏州)科技有限公司,苏州,0,制造业质量/检验（成本管理、抖音）,硬件/仪器/自动化（组态软件、scratch）
J7662,AI工程师,苏州维信电子,苏州,0,制造业质量/检验（成本管理、抖音）,硬件/仪器/自动化（组态软件、scratch）
J7663,linux软件工程师（EMS/BAU）,固德威技术股份有限公司,苏州,4,后端开发（hibernate、linux开发）,—
J7664,AI 模型训练师（PCB 视觉检测）,苏州沐光技术有限公司,苏州,7,算法/人工智能（智能驾驶、传感器融合）,—
J7665,后端开发工程师（多模态开源数据平台）,苏州睿星朗电器有限公司,苏州,4,后端开发（hibernate、linux开发）,—
J7666,上位机软件开发工程师,苏州荣耀安捷医疗科技有限公司,苏州,4,后端开发（hibernate、linux开发）,—
J7667,算法工程师,华工激光,苏州,7,算法/人工智能（智能驾驶、传感器融合）,—
J7668,质量经理,苏州艾郁林精密科技有限公司,苏州,0,制造业质量/检验（成本管理、抖音）,硬件/仪器/自动化（组态软件、scratch）
J7669,算法工程师,苏州振畅智能科技有限公司,苏州,7,算法/人工智能（智能驾驶、传感器融合）,—
J7670,软件测试工程师,软通动力信息技术(集团)股份有限公司,苏州,3,软件测试（信号测试、安全测试）,—
J7671,储能-AI算法高级工程师,隆基绿能科技股份有限公司,苏州,7,算法/人工智能（智能驾驶、传感器融合）,—
J7672,视觉工程师,苏州洽盈自动化科技有限公司,苏州,7,算法/人工智能（智能驾驶、传感器融合）,—
J7673,软件工程师（线上面试）,外企德科数字技术有限公司,苏州,4,后端开发（hibernate、linux开发）,—
J7674,软件开发技术总监,梦享空间(苏州)文化科技有限公司,苏州,0,制造业质量/检验（成本管理、抖音）,硬件/仪器/自动化（组态软件、scratch）
J7675,SAR几何处理算法工程师,中科宇达(北京)科技有限公司,苏州,7,算法/人工智能（智能驾驶、传感器融合）,—
J7676,运营技术支持工程师,元动未来(北京)科技有限公司,苏州,0,制造业质量/检验（成本管理、抖音）,Java/后端（spring、mybatis）
J7677,视觉应用工程师,江苏明益信智能设备股份有限公司,苏州,7,算法/人工智能（智能驾驶、传感器融合）,—
J7678,AOI算法工程师,苏州佳智彩光电科技有限公司,苏州,7,算法/人工智能（智能驾驶、传感器融合）,—
J7679,嵌入式软件工程师—云平台设备 Agent,仲琦科技(苏州工业园区)有限公司,苏州,5,嵌入式/硬件（rtos、32位单片机）,—
J7680,AI 研发工程师-苏州 (具备模型工程化经验),江苏牛域科技有限公司,苏州,7,算法/人工智能（智能驾驶、传感器融合）,—
J7681,机器人及视觉工程师,江苏科能工业科技有限公司,苏州,7,算法/人工智能（智能驾驶、传感器融合）,—
J7682,机器学习工程师,科芃智能科技(苏州)有限公司,苏州,7,算法/人工智能（智能驾驶、传感器融合）,—
J7683,软件开发工程师,苏州乾仪衡准科技有限公司,苏州,4,后端开发（hibernate、linux开发）,—
J7684,上位机工程师,江苏三里盛鑫工程技术有限公司,苏州,0,制造业质量/检验（成本管理、抖音）,Java/后端（spring、mybatis）
J7685,高级应用算法工程师（苏州）,北京阿丘机器人科技有限公司,苏州,7,算法/人工智能（智能驾驶、传感器融合）,—
J7686,AI高级工程师,仁景(苏州)生物科技有限公司,苏州,0,制造业质量/检验（成本管理、抖音）,算法/AI 应用（tensorflow、vit）
J7687,Java/Python/C/C++/Web/测试工程师,外企德科数字技术有限公司,苏州,3,软件测试（信号测试、安全测试）,—
J7688,AI算法技术经理,英诺赛科(苏州)半导体有限公司,苏州,7,算法/人工智能（智能驾驶、传感器融合）,—
J7689,机器视觉工程师,苏州威度自动化设备有限公司,苏州,7,算法/人工智能（智能驾驶、传感器融合）,—
J7690,高级软件工程师,天津普利方舟医疗科技有限公司,苏州,4,后端开发（hibernate、linux开发）,—
J7691,机器人调试工程师,芯苏半导体技术(苏州)有限公司,苏州,0,制造业质量/检验（成本管理、抖音）,算法/AI 应用（tensorflow、vit）
J7692,APS算法工程师,苏州墨融科技有限公司,苏州,7,算法/人工智能（智能驾驶、传感器融合）,—
J7693,上位机软件开发工程师,鹤壁海昌智能科技股份有限公司,苏州,4,后端开发（hibernate、linux开发）,—
J7694,软件工程师,精元电脑（江苏）有限公司,苏州,4,后端开发（hibernate、linux开发）,—
J7695,机械狗应用工程师,北京绿洲清能科技有限公司,苏州,0,制造业质量/检验（成本管理、抖音）,硬件/仪器/自动化（组态软件、scratch）
J7696,AI算法工程师,广州焕兴科技有限公司,苏州,7,算法/人工智能（智能驾驶、传感器融合）,—
J7697,C++医学几何图形工程师,苏州橘杏科技有限公司,苏州,4,后端开发（hibernate、linux开发）,—
J7698,人力资源专员,江苏博云塑业股份有限公司,苏州,0,制造业质量/检验（成本管理、抖音）,数据/统计分析（数据建模、统计学）
J7699,上机位开发工程师,国创科学仪器(苏州)有限公司,苏州,4,后端开发（hibernate、linux开发）,—
J7700,苏州测试工程师（银行项目）,软通动力信息技术(集团)股份有限公司,苏州,3,软件测试（信号测试、安全测试）,—
J7701,机器视觉工程师,立讯电子科技(昆山)有限公司,苏州,7,算法/人工智能（智能驾驶、传感器融合）,—
J7702,JAVA/ Python/C/C++/Go/测试-智能汽车解决方案…,外企德科数字技术有限公司,苏州,3,软件测试（信号测试、安全测试）,—
J7703,软件工程师,苏州市东拓新能源有限公司,苏州,4,后端开发（hibernate、linux开发）,—
J7704,赴日JAVA开发工程师,凌志软件,苏州,4,后端开发（hibernate、linux开发）,—
J7705,研发助理（噪声污染防治实验室） G00699,清华苏州环境创新研究院,苏州,0,制造业质量/检验（成本管理、抖音）,供应链/物料/采购（物料管理、海外供应链）
J7706,FCT测试工程师,苏州市极合智能科技有限公司,苏州,3,软件测试（信号测试、安全测试）,—
J7707,AI图像算法工程师,苏州一际智能科技有限公司,苏州,7,算法/人工智能（智能驾驶、传感器融合）,—
J7708,视觉应用工程师（物理AI表面处理项目方向）,苏州嘉实倍斯工业科技有限公司,苏州,7,算法/人工智能（智能驾驶、传感器融合）,—
J7709,车联网运维工程师,新大洲本田摩托有限公司,苏州,1,运维/云与网络（分布式电站、空调工程）,—
J7710,财经BP,苏州正雄企业发展有限公司,苏州,0,制造业质量/检验（成本管理、抖音）,硬件/仪器/自动化（组态软件、scratch）
J7711,AI算法工程师（实习生）,苏州英格玛服务外包股份有限公司,苏州,7,算法/人工智能（智能驾驶、传感器融合）,—
J7712,功能测试及功能安全测试工程师,中国汽研,苏州,3,软件测试（信号测试、安全测试）,—
J7713,Java/C/C++/Python/前端/测试（线上面试）,外企德科数字技术有限公司,苏州,3,软件测试（信号测试、安全测试）,—
J7714,web前端开发,上海陉途网络科技有限公司,苏州,8,前端开发（web前端、erp项目）,—
J7715,前端开发工程师,苏州中鑫新能源有限公司,苏州,8,前端开发（web前端、erp项目）,—
J7716,前端开发工程师,江苏微技科技有限公司,苏州,8,前端开发（web前端、erp项目）,—
J7717,web前端开发工程师,邦鼎智能科技(苏州)有限公司,苏州,8,前端开发（web前端、erp项目）,—
J7718,数字前端工程师,苏州赛可为信息科技有限公司,苏州,8,前端开发（web前端、erp项目）,—
J7719,前端开发工程师,同序科技发展(上海)有限公司,苏州,8,前端开发（web前端、erp项目）,—
J7720,前端开发工程师,中科星图股份有限公司,苏州,8,前端开发（web前端、erp项目）,—
J7721,前端开发工程师,北京鼎腾科技有限公司,苏州,8,前端开发（web前端、erp项目）,—
J7722,前端开发工程师,苏州众壳科技有限公司,苏州,8,前端开发（web前端、erp项目）,—
J7723,前端软件开发工程师,苏州优谱德精密仪器科技有限公司,苏州,8,前端开发（web前端、erp项目）,—
J7724,前端工程师（智能驾驶）,软通动力信息技术(集团)股份有限公司,苏州,8,前端开发（web前端、erp项目）,—
J7725,前端工程师,苏州冠锐信息科技有限公司,苏州,8,前端开发（web前端、erp项目）,—
J7726,高级web前端工程师,苏州一际智能科技有限公司,苏州,8,前端开发（web前端、erp项目）,—
J7727,FDE前沿部署工程师,智联招聘杭州分公司,苏州,0,制造业质量/检验（成本管理、抖音）,硬件/仪器/自动化（组态软件、scratch）
J7728,web前端开发【银行驻场】,京北方,苏州,8,前端开发（web前端、erp项目）,—
J7729,前端开发工程师,汇像信息,苏州,8,前端开发（web前端、erp项目）,—
J7730,智驾前端开发工程师【热招岗】,四川智服人力资源有限公司,苏州,8,前端开发（web前端、erp项目）,—
J7731,前端开发工程师,苏州泰思特电子科技有限公司,苏州,8,前端开发（web前端、erp项目）,—
J7732,苏州 React 和 React Native 程序员,江苏双马智能科技有限公司,苏州,8,前端开发（web前端、erp项目）,—
J7733,资深全栈开发工程师,弘高实业(上海)有限公司,苏州,8,前端开发（web前端、erp项目）,—
J7734,数字前端设计工程师,苏州赛可为信息科技有限公司,苏州,8,前端开发（web前端、erp项目）,—
J7735,数字前端设计工程师,苏州玄煜微电子有限公司,苏州,8,前端开发（web前端、erp项目）,—
J7736,前端开发工程师,江苏拓普森房地产资产评估规划测绘有限公司,苏州,8,前端开发（web前端、erp项目）,—
J7737,前端设计-自控专业,中国电子系统工程第四建设有限公司,苏州,8,前端开发（web前端、erp项目）,—
J7738,苏州-前端开发工程师-vue3-制造业经验,信华信技术(昆山)有限公司,苏州,8,前端开发（web前端、erp项目）,—
J7739,苏州前端开发工程师（银行项目）,软通动力信息技术(集团)股份有限公司,苏州,8,前端开发（web前端、erp项目）,—
J7740,前端采购工程师,苏州兆东电子科技有限公司,苏州,8,前端开发（web前端、erp项目）,—
J7741,软件开发工程师（前端/后端/软件测试）,外企德科数字技术有限公司,苏州,3,软件测试（信号测试、安全测试）,—
J7742,前端邀约 / 工作轻松 / 入职5000带薪培训,苏州鼎辰鑫网络科技有限公司,苏州,8,前端开发（web前端、erp项目）,—
J7743,数据中心前端销售专员,太仓市华盈电子材料有限公司,苏州,8,前端开发（web前端、erp项目）,—
J7744,数字IC工程师,苏州门海微电子科技有限公司,苏州,5,嵌入式/硬件（rtos、32位单片机）,—
J7745,安卓APP应用开发-本科,上海沸橙信息科技有限公司,苏州,0,制造业质量/检验（成本管理、抖音）,制造业质量/检验（图文平台、性能检测）
J7746,高级数字IC专家,景昱医疗科技(苏州)股份有限公司,苏州,5,嵌入式/硬件（rtos、32位单片机）,—
J7747,高级数字设计工程师（苏州）,小华半导体有限公司,苏州,0,制造业质量/检验（成本管理、抖音）,制造业质量/检验（图文平台、性能检测）
J7748,数字IC设计/验证[base·西安],信必优(深圳)信息技术有限公司广州分公司,苏州,5,嵌入式/硬件（rtos、32位单片机）,—
J7749,数字综合工程师,苏州赛可为信息科技有限公司,苏州,0,制造业质量/检验（成本管理、抖音）,制造业质量/检验（图文平台、性能检测）
J7750,高级web前端工程师,苏州一际智能科技有限公司,苏州,8,前端开发（web前端、erp项目）,—
J7751,全栈开发工程师,苏州埃捷思特软件技术有限公司,苏州,8,前端开发（web前端、erp项目）,—
J7752,软件开发工程师,苏州同铄智能科技有限公司,苏州,4,后端开发（hibernate、linux开发）,—
J7753,Web开发工程师实习生,苏州锐武微电子有限公司,苏州,8,前端开发（web前端、erp项目）,—
J7754,开发实习,苏州冠锐信息科技有限公司,苏州,0,制造业质量/检验（成本管理、抖音）,Java/后端（spring、mybatis）
J7755,网页设计师,江苏开讯网络传媒有限公司,苏州,0,制造业质量/检验（成本管理、抖音）,制造业质量/检验（图文平台、性能检测）
J7756,C++软件工程师,丹东新东方晶体仪器有限公司,苏州,4,后端开发（hibernate、linux开发）,—
J7757,ABP 框架全栈开发工程师,亚翔系统集成科技(苏州)股份有限公司,苏州,8,前端开发（web前端、erp项目）,—
J7758,上位机软件工程师（锂电项目）(J12249),博众精工,苏州,4,后端开发（hibernate、linux开发）,—
J7759,WMS开发工程师,唯实先端智能科技(苏州)有限公司,苏州,4,后端开发（hibernate、linux开发）,—
J7760,系统研发工程师,聚鼎科技(苏州)有限公司,苏州,0,制造业质量/检验（成本管理、抖音）,Java/后端（spring、mybatis）
J7761,前端开发/后端开发/全栈工程师,外企德科数字技术有限公司,苏州,8,前端开发（web前端、erp项目）,—
J7762,月入3W电话销售+朝九晚六双休社保,苏州农益晨科技服务有限公司,苏州,0,制造业质量/检验（成本管理、抖音）,制造业质量/检验（图文平台、性能检测）
J7763,MES开发工程师,斯莱克设备,苏州,4,后端开发（hibernate、linux开发）,—
J7764,WCS开发工程师,苏州光斯奥光电科技有限公司,苏州,4,后端开发（hibernate、linux开发）,—
J7765,后端开发工程师,苏州橘杏科技有限公司,苏州,4,后端开发（hibernate、linux开发）,—
J7766,程式设计工程师,苏州丰航精密金属有限公司,苏州,0,制造业质量/检验（成本管理、抖音）,硬件/仪器/自动化（组态软件、scratch）
J7767,英语口语好-海外软件工程师-乙方mes追溯经验,江苏烽禾升智能科技有限公司,苏州,4,后端开发（hibernate、linux开发）,—
J7768,c#开发工程师,上海利柏特工程技术有限公司,苏州,4,后端开发（hibernate、linux开发）,—
J7769,中高级C#开发工程师（工业SCADA+产线MES系统方向）,榄鸽技术(南京)有限公司,苏州,4,后端开发（hibernate、linux开发）,—
J7770,Android开发-车载项目-可线上面试,上海沸橙信息科技有限公司,苏州,0,制造业质量/检验（成本管理、抖音）,制造业质量/检验（图文平台、性能检测）
J7771,催收客服+五险一金+包住,苏州名聘信息科技有限公司,苏州,0,制造业质量/检验（成本管理、抖音）,制造业质量/检验（图文平台、性能检测）
J7772,前端系统助理,苏州登临科技股份有限公司,苏州,8,前端开发（web前端、erp项目）,—
J7773,web前端工程师,苏州博铭科技有限公司,苏州,8,前端开发（web前端、erp项目）,—
J7774,web前端助理,苏州天孚之星科技有限公司,苏州,8,前端开发（web前端、erp项目）,—
J7775,前端开发工程师,觉晓新材料科技(苏州)有限公司,苏州,8,前端开发（web前端、erp项目）,—
J7776,web前端开发工程师,苏州宇乐照明科技有限公司,苏州,8,前端开发（web前端、erp项目）,—
J7777,nodejs开发工程师,苏州观蓝木境智能家居科技有限公司,苏州,4,后端开发（hibernate、linux开发）,—
J7778,web前端助理,苏州泽林自动化设备科技有限公司,苏州,8,前端开发（web前端、erp项目）,—
J7779,web前端工程师,安软科技集团有限公司,苏州,8,前端开发（web前端、erp项目）,—
J7780,苏州前端（银行项目）,软通动力信息技术(集团)股份有限公司,苏州,8,前端开发（web前端、erp项目）,—
J7781,资深前端工程师,科锐尔人力资源服务(苏州)有限公司,苏州,8,前端开发（web前端、erp项目）,—
J7782,数字设计工程师,苏州赛可为信息科技有限公司,苏州,0,制造业质量/检验（成本管理、抖音）,制造业质量/检验（图文平台、性能检测）
J7783,全栈开发工程师,苏州市哆哆鲤科技有限责任公司,苏州,8,前端开发（web前端、erp项目）,—
J7784,初级全栈工程师,苏州市嘉世达机械科技有限公司,苏州,8,前端开发（web前端、erp项目）,—
J7785,前端开发工程师-[061695],北京延明伟晔科技有限公司,苏州,8,前端开发（web前端、erp项目）,—
J7786,K12电话销售（苏州18年老品牌）,苏州腾大教育,苏州,0,制造业质量/检验（成本管理、抖音）,制造业质量/检验（图文平台、性能检测）
J7787,前端，后端，算法，测试开发工程师,外企德科数字技术有限公司,苏州,3,软件测试（信号测试、安全测试）,—
J7788,昆山web工程师(WAI派),郑州海奥软件科技有限公司,苏州,8,前端开发（web前端、erp项目）,—
J7789,昆山全栈工程师（wai包）,郑州海奥软件科技有限公司,苏州,8,前端开发（web前端、erp项目）,—
J7790,前端-电气设计工程师,中国电子系统工程第四建设有限公司,苏州,8,前端开发（web前端、erp项目）,—
J7791,前端-管道设计工程师,中国电子系统工程第四建设有限公司,苏州,8,前端开发（web前端、erp项目）,—
J7792,前端-暖通设计工程师,中国电子系统工程第四建设有限公司,苏州,8,前端开发（web前端、erp项目）,—
J7793,前端-电气设计工程师,中国电子系统工程第四建设有限公司,苏州,8,前端开发（web前端、erp项目）,—
J7794,软件开发工程师【周末双休】,外企德科数字技术有限公司,苏州,4,后端开发（hibernate、linux开发）,—
J7795,运维实施工程师,苏州众壳科技有限公司,苏州,1,运维/云与网络（分布式电站、空调工程）,—
J7796,高级软件工程师,苏州同铄智能科技有限公司,苏州,4,后端开发（hibernate、linux开发）,—
J7797,高级测试工程师,软通动力信息技术(集团)股份有限公司,苏州,3,软件测试（信号测试、安全测试）,—
J7798,软件工程师,博众精工,苏州,4,后端开发（hibernate、linux开发）,—
J7799,软件工程师(J11862),博众精工,苏州,4,后端开发（hibernate、linux开发）,—
J7800,IT专员（综合运维与系统开发方向）,江苏新天国际物流有限公司,苏州,1,运维/云与网络（分布式电站、空调工程）,—
J7801,html5前端开发,苏州天孚之星科技有限公司,苏州,8,前端开发（web前端、erp项目）,—
J7802,后端开发，前端开发，懂联调,苏州市哆哆鲤科技有限责任公司,苏州,8,前端开发（web前端、erp项目）,—
J7803,HTML5,安软科技集团有限公司,苏州,0,制造业质量/检验（成本管理、抖音）,制造业质量/检验（图文平台、性能检测）
J7804,前端开发/后端开发/全栈工程师,外企德科数字技术有限公司,苏州,8,前端开发（web前端、erp项目）,—
J7805,HTML5,苏州登临科技股份有限公司,苏州,0,制造业质量/检验（成本管理、抖音）,制造业质量/检验（图文平台、性能检测）
J7806,html5前端工程师,苏州宇乐照明科技有限公司,苏州,8,前端开发（web前端、erp项目）,—
J7807,前端开发/后端开发/全栈工程师,外企德科数字技术有限公司,苏州,8,前端开发（web前端、erp项目）,—
J7808,HTML5,苏州泽林自动化设备科技有限公司,苏州,0,制造业质量/检验（成本管理、抖音）,制造业质量/检验（图文平台、性能检测）
J7809,java开发工程师,深圳南区人瑞人力资源服务有限公司,苏州,4,后端开发（hibernate、linux开发）,—
J7810,数字后端工程师,苏州赛可为信息科技有限公司,苏州,4,后端开发（hibernate、linux开发）,—
J7811,PHP后端开发,江苏东思电子科技有限公司,苏州,4,后端开发（hibernate、linux开发）,—
J7812,应用开发工程师,东霖智行(十堰)汽车技术有限公司,苏州,4,后端开发（hibernate、linux开发）,—
J7813,高速龙门上位机软件开发,合肥赛美泰克科技有限公司,苏州,0,制造业质量/检验（成本管理、抖音）,制造业质量/检验（图文平台、性能检测）
J7814,高级终端管理工程师 SCCM/Intune/Window…,苏州万宜通信息技术有限公司,苏州,0,制造业质量/检验（成本管理、抖音）,制造业质量/检验（图文平台、性能检测）
J7815,半导体后端售后工程师,克姆尔科技(苏州)有限公司,苏州,4,后端开发（hibernate、linux开发）,—
J7816,数字后端工程师,苏州宽温电子科技有限公司,苏州,4,后端开发（hibernate、linux开发）,—
J7817,软件工程师,昆山龙雨智能科技有限公司,苏州,4,后端开发（hibernate、linux开发）,—
J7818,高级后端开发工程师,苏州思得普信息科技有限公司,苏州,4,后端开发（hibernate、linux开发）,—
J7819,数字后端工程师,苏州英格玛服务外包股份有限公司,苏州,4,后端开发（hibernate、linux开发）,—
J7820,上位机软件开发工程师,苏州赛众自动化科技有限公司,苏州,4,后端开发（hibernate、linux开发）,—
J7821,芯片数字后端工程师,苏州盛科通信股份有限公司,苏州,4,后端开发（hibernate、linux开发）,—
J7822,软件工程师,浙江唯联科技有限公司,苏州,4,后端开发（hibernate、linux开发）,—
J7823,新媒体引流截流专员,中首康(江苏)生物科技有限公司,苏州,0,制造业质量/检验（成本管理、抖音）,制造业质量/检验（图文平台、性能检测）
J7824,总经理（大健康食品板块）,苏州七彩浆果科技工程有限公司,苏州,0,制造业质量/检验（成本管理、抖音）,制造业质量/检验（图文平台、性能检测）
J7825,上位机软件开发工程师,鹤壁海昌智能科技股份有限公司,苏州,4,后端开发（hibernate、linux开发）,—
J7826,软件工程师【社招，统招211以上】,超微(苏州)量测科技有限公司,苏州,4,后端开发（hibernate、linux开发）,—
J7827,对日软件开发工程师（27届校招转正方向）,凌志软件,苏州,4,后端开发（hibernate、linux开发）,—
J7828,软件应用工程师,苏州千机智能技术有限公司,苏州,0,制造业质量/检验（成本管理、抖音）,制造业质量/检验（图文平台、性能检测）
J7829,软件工程师,盖泽精密科技(苏州)有限公司,苏州,4,后端开发（hibernate、linux开发）,—
J7830,智慧水务模型工程师（噪声污染防治实验室） G00712,清华苏州环境创新研究院,苏州,0,制造业质量/检验（成本管理、抖音）,算法/AI 应用（tensorflow、vit）
J7831,产品工程师（C#开发）,新代科技(苏州)有限公司,苏州,6,产品/项目管理（国内市场、需求分析）,—
J7832,嵌入式软件工程师,盐城中科高通量计算研究院有限公司,苏州,5,嵌入式/硬件（rtos、32位单片机）,—
J7833,c#软件开发工程师,苏州吉辉机电科技有限公司,苏州,4,后端开发（hibernate、linux开发）,—
J7834,软件开发工程师,南京爱迪信环境技术有限公司,苏州,4,后端开发（hibernate、linux开发）,—
J7835,底层软件工程师,京西智行(北京)汽车电子科技有限公司,苏州,4,后端开发（hibernate、linux开发）,—
J7836,AGV软件开发工程师,苏州旗开得电子科技有限公司,苏州,4,后端开发（hibernate、linux开发）,—
J7837,高级对日软件开发工程师,凌志软件,苏州,4,后端开发（hibernate、linux开发）,—
J7838,Web开发工程师实习生,苏州锐武微电子有限公司,苏州,8,前端开发（web前端、erp项目）,—
J7839,java软件工程师,苏州冠锐信息科技有限公司,苏州,4,后端开发（hibernate、linux开发）,—
J7840,java初级开发工程师,苏州七岭山信息科技有限公司,苏州,4,后端开发（hibernate、linux开发）,—
J7841,java开发工程师,京北方,苏州,4,后端开发（hibernate、linux开发）,—
J7842,软件开发工程师（具身后端开发）,江苏北人,苏州,4,后端开发（hibernate、linux开发）,—
J7843,雷达信号处理算法工程师,中科宇达(北京)科技有限公司,苏州,7,算法/人工智能（智能驾驶、传感器融合）,—
J7844,.NET软件研发工程师,元动未来(北京)科技有限公司,苏州,4,后端开发（hibernate、linux开发）,—
J7845,软件开发工程师,南京爱迪信环境技术有限公司,苏州,4,后端开发（hibernate、linux开发）,—
J7846,高级对日开发工程师,凌志软件,苏州,4,后端开发（hibernate、linux开发）,—
J7847,行政专员岗位JD - 线上客服岗,永旺永乐服务管理集团有限公司,苏州,0,制造业质量/检验（成本管理、抖音）,供应链/物料/采购（物料管理、海外供应链）
J7848,软件技术负责人,哈尔滨智兀科技有限公司,苏州,0,制造业质量/检验（成本管理、抖音）,Java/后端（spring、mybatis）
J7849,PCBA工艺制程工程师(J12267),英威腾,苏州,0,制造业质量/检验（成本管理、抖音）,制造业质量/检验（图文平台、性能检测）
J7850,c#上位机开发工程师,苏州泩新智能装备有限公司,苏州,4,后端开发（hibernate、linux开发）,—
J7851,嵌入式开发（偏项目管理，查社保）,润和软件,苏州,5,嵌入式/硬件（rtos、32位单片机）,—
J7852,资深数字后端工程师,苏州盛科通信股份有限公司,苏州,4,后端开发（hibernate、linux开发）,—
J7853,装修销售顾问（量房销售）,深圳轻喜到家科技有限公司,苏州,0,制造业质量/检验（成本管理、抖音）,制造业质量/检验（图文平台、性能检测）
J7854,c#上位机软件开发工程师,象平半导体设备(苏州)有限公司,苏州,4,后端开发（hibernate、linux开发）,—
J7855,工程师岗位-苏州优谱德精密仪器科技,苏州优谱德精密仪器科技有限公司,苏州,0,制造业质量/检验（成本管理、抖音）,制造业质量/检验（图文平台、性能检测）
J7856,c#上位机开发工程师,途程智能科技(苏州)有限公司,苏州,4,后端开发（hibernate、linux开发）,—
J7857,软件研发工程师,北京中宝伦自动化技术有限公司,苏州,0,制造业质量/检验（成本管理、抖音）,Java/后端（spring、mybatis）
J7858,Java运营工程师,软通动力信息技术(集团)股份有限公司,苏州,4,后端开发（hibernate、linux开发）,—
J7859,上位机软件开发工程师,江苏明益信智能设备股份有限公司,苏州,4,后端开发（hibernate、linux开发）,—
J7860,C++软件开发工程师,飓蜂科技(苏州)有限公司,苏州,4,后端开发（hibernate、linux开发）,—
J7861,系统软件开发岗(J53122),京东方科技集团股份有限公司,苏州,0,制造业质量/检验（成本管理、抖音）,制造业质量/检验（图文平台、性能检测）
J7862,基础软件工程师,豫北转向系统(新乡)股份有限公司,苏州,4,后端开发（hibernate、linux开发）,—
J7863,拼多多运营店长,南京翱沛医疗科技有限公司,苏州,0,制造业质量/检验（成本管理、抖音）,供应链/物料/采购（物料管理、海外供应链）
J7864,c#研发工程师,再发现(北京)科技有限公司,苏州,0,制造业质量/检验（成本管理、抖音）,制造业质量/检验（图文平台、性能检测）
J7865,autosar软件开发工程师,南京光庭信息技术有限公司,苏州,4,后端开发（hibernate、linux开发）,—
J7866,c++软件工程师,江苏智库智能科技有限公司,苏州,4,后端开发（hibernate、linux开发）,—
J7867,软件研发工程师,镜像传感(阳新)医疗科技有限公司,苏州,0,制造业质量/检验（成本管理、抖音）,制造业质量/检验（图文平台、性能检测）
J7868,软件工程师,中科光智(重庆)科技有限公司,苏州,4,后端开发（hibernate、linux开发）,—
J7869,（可兼职）物业费城市经理,北京得法智慧企业管理有限公司,苏州,0,制造业质量/检验（成本管理、抖音）,制造业质量/检验（图文平台、性能检测）
J7870,中高级软件开发工程师,苏州冠鸿智能装备有限公司,苏州,4,后端开发（hibernate、linux开发）,—
J7871,酸奶华东物流中心计划专员,伊利,苏州,0,制造业质量/检验（成本管理、抖音）,制造业质量/检验（图文平台、性能检测）
J7872,嵌入式软件工程师,丹东市蓝信电器有限公司,苏州,5,嵌入式/硬件（rtos、32位单片机）,—
J7873,项目销售（科技政策项目方向）,昆山普策企业管理有限公司,苏州,0,制造业质量/检验（成本管理、抖音）,制造业质量/检验（图文平台、性能检测）
J7874,PC端运动控制工程师,目为智能装备(苏州)有限公司,苏州,0,制造业质量/检验（成本管理、抖音）,制造业质量/检验（图文平台、性能检测）
J7875,底层开发工程师,东霖智行(十堰)汽车技术有限公司,苏州,4,后端开发（hibernate、linux开发）,—
J7876,bms软件工程师,江苏领航服务外包有限公司,苏州,4,后端开发（hibernate、linux开发）,—
J7877,软体设计工程师,志圣科技(广州)有限公司昆山分公司,苏州,0,制造业质量/检验（成本管理、抖音）,Java/后端（spring、mybatis）
J7878,c++高级软件工程师,江苏智库智能科技有限公司,苏州,4,后端开发（hibernate、linux开发）,—
J7879,嵌入式软件工程师,苏州六者科技有限公司,苏州,5,嵌入式/硬件（rtos、32位单片机）,—
J7880,急聘！中小学规划师+社群运营！早九晚六 就…,上海仁联企业服务(集团)有限公司,苏州,0,制造业质量/检验（成本管理、抖音）,制造业质量/检验（图文平台、性能检测）
J7881,数字IC设计工程师,苏州门海微电子科技有限公司,苏州,5,嵌入式/硬件（rtos、32位单片机）,—
J7882,软件工程师（C#/C++),常州精测新能源技术有限公司,苏州,4,后端开发（hibernate、linux开发）,—
J7883,WCS开发工程师,唯实先端智能科技(苏州)有限公司,苏州,4,后端开发（hibernate、linux开发）,—
J7884,软件研发总监,奥本运动科技(苏州)有限公司,苏州,0,制造业质量/检验（成本管理、抖音）,制造业质量/检验（图文平台、性能检测）
J7885,线上商务对接专员【底薪+提成+奖金】,云鼎启航(苏州)科技有限公司,苏州,0,制造业质量/检验（成本管理、抖音）,制造业质量/检验（图文平台、性能检测）
J7886,软件开发工程师,上海集灵信息技术有限公司,苏州,4,后端开发（hibernate、linux开发）,—
J7887,软件开发工程师,上海鹏武电子科技有限公司,苏州,4,后端开发（hibernate、linux开发）,—
J7888,（可兼职）物业费城市经理,北京得法智慧企业管理有限公司,苏州,0,制造业质量/检验（成本管理、抖音）,制造业质量/检验（图文平台、性能检测）
J7889,底层软件开发工程师,东霖智行(十堰)汽车技术有限公司,苏州,4,后端开发（hibernate、linux开发）,—
J7890,SLAM算法工程师,奥克福(苏州)科技有限公司,苏州,7,算法/人工智能（智能驾驶、传感器融合）,—
J7891,视觉算法工程师,苏州沐光技术有限公司,苏州,7,算法/人工智能（智能驾驶、传感器融合）,—
J7892,（27届）开发管培生,凌志软件,苏州,0,制造业质量/检验（成本管理、抖音）,Java/后端（spring、mybatis）
J7893,软件应用工程师(2027校招),友达光电(昆山)有限公司,苏州,0,制造业质量/检验（成本管理、抖音）,制造业质量/检验（图文平台、性能检测）
J7894,训练框架开发工程师,北京绿洲清能科技有限公司,苏州,4,后端开发（hibernate、linux开发）,—
J7895,安卓系统工程师,盐城中科高通量计算研究院有限公司,苏州,0,制造业质量/检验（成本管理、抖音）,制造业质量/检验（图文平台、性能检测）
J7896,3C软件工程师（C#＋运控方向）,南京睿雯人力资源有限公司,苏州,4,后端开发（hibernate、linux开发）,—
J7897,软件总监,南京迦楠飞奇科技有限公司,苏州,0,制造业质量/检验（成本管理、抖音）,制造业质量/检验（图文平台、性能检测）
J7898,软件开发（六险一金+16薪+试用期不打折）,外企德科数字技术有限公司,苏州,0,制造业质量/检验（成本管理、抖音）,硬件/仪器/自动化（组态软件、scratch）
J7899,软件工程师-mes追溯相关经验/在新能源，电池，汽车电子,江苏烽禾升智能科技有限公司,苏州,4,后端开发（hibernate、linux开发）,—
J7900,急招普工/操作工 月入8000（餐补）,苏州茂开电子材料有限公司,苏州,0,制造业质量/检验（成本管理、抖音）,制造业质量/检验（图文平台、性能检测）
J7901,收单人员,大童保险公估有限公司,苏州,0,制造业质量/检验（成本管理、抖音）,制造业质量/检验（图文平台、性能检测）
J7902,前端开发工程师,江苏拓普森房地产资产评估规划测绘有限公司,苏州,8,前端开发（web前端、erp项目）,—
J7903,见习主管,无锡德厚企业管理咨询有限公司,苏州,0,制造业质量/检验（成本管理、抖音）,制造业质量/检验（图文平台、性能检测）
J7904,情感老师,苏州江舟管理咨询有限公司,苏州,0,制造业质量/检验（成本管理、抖音）,制造业质量/检验（图文平台、性能检测）
J7905,外贸业务员+双休/六险一金,上海鼎严船舶设备有限公司,苏州,0,制造业质量/检验（成本管理、抖音）,制造业质量/检验（图文平台、性能检测）
J7906,光芯片销售总监（苏州）,深圳市芯智科技有限公司,苏州,0,制造业质量/检验（成本管理、抖音）,制造业质量/检验（图文平台、性能检测）
J7907,高企销售（可合作模式）,江苏蓝海企业服务集团有限公司,苏州,0,制造业质量/检验（成本管理、抖音）,制造业质量/检验（图文平台、性能检测）
J7908,对日软件开发工程师,凌志软件,苏州,4,后端开发（hibernate、linux开发）,—
J7909,模拟版图设计工程师,创耀(苏州)通信科技股份有限公司,苏州,0,制造业质量/检验（成本管理、抖音）,制造业质量/检验（图文平台、性能检测）
J7910,数字电路设计工程师,苏州雷科微技术有限公司,苏州,0,制造业质量/检验（成本管理、抖音）,硬件/仪器/自动化（组态软件、scratch）
J7911,海外业务员,苏州宜淀环保工程有限公司,苏州,0,制造业质量/检验（成本管理、抖音）,制造业质量/检验（图文平台、性能检测）
J7912,企业融资顾问 无考核绩效保底9000,景缘企业服务(苏州)有限公司,苏州,0,制造业质量/检验（成本管理、抖音）,制造业质量/检验（图文平台、性能检测）
J7913,软件开发工程师（太仓）,勤达科技,苏州,4,后端开发（hibernate、linux开发）,—
J7914,市场部-解决方案工程师,北京绿洲清能科技有限公司,苏州,0,制造业质量/检验（成本管理、抖音）,制造业质量/检验（图文平台、性能检测）
J7915,打样工程师,苏州汇源塑胶制品有限公司,苏州,0,制造业质量/检验（成本管理、抖音）,制造业质量/检验（图文平台、性能检测）
J7916,售前技术支持工程师,丹泊仪器(昆山)有限公司,苏州,0,制造业质量/检验（成本管理、抖音）,制造业质量/检验（图文平台、性能检测）
J7917,互联网高级产品经理,奥本运动科技(苏州)有限公司,苏州,6,产品/项目管理（国内市场、需求分析）,—
J7918,外贸业务员,上海鼎严船舶设备有限公司,苏州,0,制造业质量/检验（成本管理、抖音）,制造业质量/检验（图文平台、性能检测）
J7919,销售业务员,昆山市德信致远环境科技有限公司,苏州,0,制造业质量/检验（成本管理、抖音）,制造业质量/检验（图文平台、性能检测）
J7920,flutter开发工程师,苏州泰思特电子科技有限公司,苏州,4,后端开发（hibernate、linux开发）,—
J7921,软件开发工程师(对日),凌志软件,苏州,4,后端开发（hibernate、linux开发）,—
J7922,数字ic资深设计工程师,苏州盛科通信股份有限公司,苏州,5,嵌入式/硬件（rtos、32位单片机）,—
J7923,运营经理（激光行业销售端）,邦德激光,苏州,0,制造业质量/检验（成本管理、抖音）,制造业质量/检验（图文平台、性能检测）
J7924,工艺工程师（光模块）,华工激光,苏州,0,制造业质量/检验（成本管理、抖音）,制造业质量/检验（图文平台、性能检测）
J7925,传感器硬件设计工程师（柔性器件方向）,四川智服人力资源有限公司,苏州,5,嵌入式/硬件（rtos、32位单片机）,—
J7926,高级模拟电路设计工程师,苏州雷科微技术有限公司,苏州,0,制造业质量/检验（成本管理、抖音）,制造业质量/检验（图文平台、性能检测）
J7927,SOC顶层物理设计工程师,上海试试管理咨询有限公司,苏州,0,制造业质量/检验（成本管理、抖音）,硬件/仪器/自动化（组态软件、scratch）
J7928,游戏测试,昆山楠宸网络服务部(个体工商户),苏州,3,软件测试（信号测试、安全测试）,—
J7929,质量工程师,盛夏新能源汽车材料(昆山)有限公司,苏州,3,软件测试（信号测试、安全测试）,—
J7930,自动化测试,苏州晟坤企业管理服务有限公司,苏州,3,软件测试（信号测试、安全测试）,—
J7931,可靠性测试,北京小河小禾科技有限责任公司,苏州,3,软件测试（信号测试、安全测试）,—
J7932,督办专员,三一集团有限公司,苏州,0,制造业质量/检验（成本管理、抖音）,制造业质量/检验（图文平台、性能检测）
J7933,初级测试工程师,天阳科技,苏州,3,软件测试（信号测试、安全测试）,—
J7934,苏州自动驾驶测试安全员,上海勋厚人力资源有限公司,苏州,3,软件测试（信号测试、安全测试）,—
J7935,软件开发/软件测试（接受25届无经验+导师带教）,外企德科数字技术有限公司,苏州,3,软件测试（信号测试、安全测试）,—
J7936,海外路试工程师-出差欧洲,苏州申特蔚汽车技术服务有限公司,苏州,0,制造业质量/检验（成本管理、抖音）,制造业质量/检验（图文平台、性能检测）
J7937,质量管理类-新质专场-秋季招聘大会,国聘智源(江苏)科技有限公司,苏州,0,制造业质量/检验（成本管理、抖音）,制造业质量/检验（图文平台、性能检测）
J7938,质量部长,金雷股份,苏州,0,制造业质量/检验（成本管理、抖音）,制造业质量/检验（图文平台、性能检测）
J7939,软件测试,上海陉途网络科技有限公司,苏州,3,软件测试（信号测试、安全测试）,—
J7940,qe品质工程师,矽品科技,苏州,3,软件测试（信号测试、安全测试）,—
J7941,软件测试岗(J52487),京东方科技集团股份有限公司,苏州,3,软件测试（信号测试、安全测试）,—
J7942,品质/质量主管,华工激光,苏州,3,软件测试（信号测试、安全测试）,—
J7943,质量工程师,SEW-电机（苏州）有限公司,苏州,3,软件测试（信号测试、安全测试）,—
J7944,质量工程师-体系,苏州伟创电气科技股份有限公司,苏州,3,软件测试（信号测试、安全测试）,—
J7945,驻场监造,苏州中材非金属矿工业设计研究院有限公司,苏州,0,制造业质量/检验（成本管理、抖音）,制造业质量/检验（图文平台、性能检测）
J7946,质量工程师,力神电池(苏州)有限公司,苏州,3,软件测试（信号测试、安全测试）,—
J7947,招聘普工/操作工-月入8000（包住-四人间）,众腾人力资源集团有限公司,苏州,0,制造业质量/检验（成本管理、抖音）,制造业质量/检验（图文平台、性能检测）
J7948,bc电池质量技术员,大族激光,苏州,0,制造业质量/检验（成本管理、抖音）,供应链/物料/采购（物料管理、海外供应链）
J7949,军品质量工程师,航天电器,苏州,3,软件测试（信号测试、安全测试）,—
J7950,苏州 软件测试,江苏双马智能科技有限公司,苏州,3,软件测试（信号测试、安全测试）,—
J7951,过程质量工程师,上海杰艾企业管理咨询有限公司,苏州,3,软件测试（信号测试、安全测试）,—
J7952,硬件测试工程师8000+可接受无经验,重庆万信会人力资源管理有限公司,苏州,3,软件测试（信号测试、安全测试）,—
J7953,环境与可靠性测试工程师,博科电测(苏州)科技有限公司,苏州,3,软件测试（信号测试、安全测试）,—
J7954,质量工程师,苏州丰航精密金属有限公司,苏州,3,软件测试（信号测试、安全测试）,—
J7955,测试（银行）,软通动力信息技术(集团)股份有限公司,苏州,3,软件测试（信号测试、安全测试）,—
J7956,光电测试工程师,中智(河北)经济技术合作有限公司,苏州,3,软件测试（信号测试、安全测试）,—
J7957,可靠性测试技术员,河南优服人力资源服务有限公司,苏州,3,软件测试（信号测试、安全测试）,—
J7958,疲劳可靠性测试员,锐迈科技股份有限公司,苏州,3,软件测试（信号测试、安全测试）,—
J7959,测试工程师,中达电子(江苏)有限公司,苏州,3,软件测试（信号测试、安全测试）,—
J7960,助理品质工程师,新美光(苏州)半导体科技股份有限公司,苏州,3,软件测试（信号测试、安全测试）,—
J7961,DQE工程师,苏州伟创电气科技股份有限公司,苏州,0,制造业质量/检验（成本管理、抖音）,制造业质量/检验（图文平台、性能检测）
J7962,测试工程师,富士康电子工业发展(昆山)有限公司,苏州,3,软件测试（信号测试、安全测试）,—
J7963,PQE过程质量工程师,立讯智造科技(苏州)有限公司,苏州,3,软件测试（信号测试、安全测试）,—
J7964,质量管理/测试工程师,苏州欧圣电气股份有限公司,苏州,3,软件测试（信号测试、安全测试）,—
J7965,品质助理,苏州中创铝业有限公司,苏州,3,软件测试（信号测试、安全测试）,—
J7966,初级测试,赢时胜,苏州,3,软件测试（信号测试、安全测试）,—
J7967,PQC岗(J11136),风华高科,苏州,0,制造业质量/检验（成本管理、抖音）,制造业质量/检验（图文平台、性能检测）
J7968,质量工程师,豪利士电线装配（苏州）有限公司,苏州,3,软件测试（信号测试、安全测试）,—
J7969,IQC（来料质量检验工程师）(J10444),新毅东科技股份有限公司,苏州,0,制造业质量/检验（成本管理、抖音）,质量检验（qa、qc）
J7970,质量技术员（HS2353）,大族激光,苏州,0,制造业质量/检验（成本管理、抖音）,制造业质量/检验（图文平台、性能检测）
J7971,质量管理工程师,金雷股份,苏州,0,制造业质量/检验（成本管理、抖音）,制造业质量/检验（图文平台、性能检测）
J7972,过程质量管理岗（PQE）(J52400),京东方科技集团股份有限公司,苏州,0,制造业质量/检验（成本管理、抖音）,制造业质量/检验（图文平台、性能检测）
J7973,硬件测试工程师助理8000/包吃住轻松岗位,重庆万信会人力资源管理有限公司,苏州,3,软件测试（信号测试、安全测试）,—
J7974,产品质量工程师,汇川技术,苏州,3,软件测试（信号测试、安全测试）,—
J7975,实验测试工程师,苏州金色未来信息咨询股份有限公司,苏州,3,软件测试（信号测试、安全测试）,—
J7976,半导体质量经理/工程师,研芯科集半导体科技(苏州)有限公司,苏州,0,制造业质量/检验（成本管理、抖音）,制造业质量/检验（图文平台、性能检测）
J7977,软件测试工程师,陕西玄度智能科技有限公司,苏州,3,软件测试（信号测试、安全测试）,—
J7978,测试工程师 (国企 双休）,艾弗世(苏州)专用设备股份有限公司,苏州,3,软件测试（信号测试、安全测试）,—
J7979,机器人测试，8-9k,苏州英格玛服务外包股份有限公司,苏州,3,软件测试（信号测试、安全测试）,—
J7980,测试工程师,阿尔法迈士医疗科技(上海)有限公司,苏州,3,软件测试（信号测试、安全测试）,—
J7981,品保工程师,中达电子(江苏)有限公司,苏州,0,制造业质量/检验（成本管理、抖音）,质量检验（qa、qc）
J7982,质量主管,江苏新恒源能源技术有限公司,苏州,0,制造业质量/检验（成本管理、抖音）,质量检验（qa、qc）
J7983,初中级测试工程师,苏州安硕数科数据技术有限公司,苏州,3,软件测试（信号测试、安全测试）,—
J7984,测试工程师,苏州东辉光学有限公司,苏州,3,软件测试（信号测试、安全测试）,—
J7985,助理测试工程师,苏州纽测试验检测有限公司,苏州,3,软件测试（信号测试、安全测试）,—
J7986,自动化测试,京北方,苏州,3,软件测试（信号测试、安全测试）,—
J7987,（软件测试培养）IT管培生,天阳科技,苏州,3,软件测试（信号测试、安全测试）,—
J7988,软件测试,软通动力信息技术(集团)股份有限公司,苏州,3,软件测试（信号测试、安全测试）,—
J7989,系统测试工程师,SEW-电机（苏州）有限公司,苏州,3,软件测试（信号测试、安全测试）,—
J7990,芯片测试工程师,中国汽研,苏州,3,软件测试（信号测试、安全测试）,—
J7991,品质助理工程师,张家港澳洋顺昌金属材料有限公司,苏州,3,软件测试（信号测试、安全测试）,—
J7992,质量工程师,江苏都桐科技有限公司,苏州,3,软件测试（信号测试、安全测试）,—
J7993,品管,昆山华隽金属制品有限公司,苏州,0,制造业质量/检验（成本管理、抖音）,制造业质量/检验（图文平台、性能检测）
J7994,测试工程师,卓能电子（太仓）有限公司,苏州,3,软件测试（信号测试、安全测试）,—
J7995,品质技术岗（DQE）(J52421),京东方科技集团股份有限公司,苏州,3,软件测试（信号测试、安全测试）,—
J7996,驻厂工程师(苏州),沃格(广东)实业集团有限公司,苏州,0,制造业质量/检验（成本管理、抖音）,制造业质量/检验（图文平台、性能检测）
J7997,测试工程师助理,苏州速安行新能源科技有限公司,苏州,3,软件测试（信号测试、安全测试）,—
J7998,质量工程师,江苏亨通光电股份有限公司,苏州,3,软件测试（信号测试、安全测试）,—
J7999,SQE工程师,康平科技（苏州）股份有限公司,苏州,0,制造业质量/检验（成本管理、抖音）,制造业质量/检验（图文平台、性能检测）
J8000,质量工程师,苏州维信电子,苏州,3,软件测试（信号测试、安全测试）,—
J8001,品质工程师,创意塑胶工业(苏州)有限公司,苏州,3,软件测试（信号测试、安全测试）,—
J8002,零部件测试销售2-五险一金 无责底薪6K-ZG0021,厦门方胜众合企业服务有限公司,苏州,3,软件测试（信号测试、安全测试）,—
J8003,测试工程师,国创科学仪器(苏州)有限公司,苏州,3,软件测试（信号测试、安全测试）,—
J8004,质量主管,苏州宝韵精密机电有限公司,苏州,0,制造业质量/检验（成本管理、抖音）,制造业质量/检验（图文平台、性能检测）
J8005,初级研发测试工程师,豪利士电线装配（苏州）有限公司,苏州,3,软件测试（信号测试、安全测试）,—
J8006,车载测试,软通动力信息技术(集团)股份有限公司,苏州,3,软件测试（信号测试、安全测试）,—
J8007,QE（制程品质工程师）,富士康电子工业发展(昆山)有限公司,苏州,3,软件测试（信号测试、安全测试）,—
J8008,质量分析岗(J11128),风华高科,苏州,0,制造业质量/检验（成本管理、抖音）,制造业质量/检验（图文平台、性能检测）
J8009,EMC测试工程师（校招）,中国汽研,苏州,3,软件测试（信号测试、安全测试）,—
J8010,制样工程师,广泰电机(吴江)有限公司,苏州,0,制造业质量/检验（成本管理、抖音）,质量检验（qa、qc）
J8011,品质主管,三法特汽车部件(扬州)有限公司,苏州,3,软件测试（信号测试、安全测试）,—
J8012,品质员/品管员,苏州芯矽电子科技有限公司,苏州,3,软件测试（信号测试、安全测试）,—
J8013,可靠性测试工程师,北京小河小禾科技有限责任公司,苏州,3,软件测试（信号测试、安全测试）,—
J8014,客户质量工程师,安洁科技,苏州,3,软件测试（信号测试、安全测试）,—
J8015,品控专员 (昆山),郑州千味央厨食品股份有限公司,苏州,0,制造业质量/检验（成本管理、抖音）,制造业质量/检验（图文平台、性能检测）
J8016,产品品质工程师,苏州澜途科技有限公司,苏州,3,软件测试（信号测试、安全测试）,—
J8017,qe品质工程师,町洋机电(中国)有限公司,苏州,3,软件测试（信号测试、安全测试）,—
J8018,质量工程师,必迪艾(天津)自动化技术有限公司苏州分公司,苏州,3,软件测试（信号测试、安全测试）,—
J8019,质量技术员,邦纳电子(苏州)有限公司上海分公司,苏州,0,制造业质量/检验（成本管理、抖音）,制造业质量/检验（图文平台、性能检测）
J8020,测试技术员,蓝思精密(泰州)有限公司,苏州,3,软件测试（信号测试、安全测试）,—
J8021,实验室测试员,张家港建和汽车配件有限公司,苏州,3,软件测试（信号测试、安全测试）,—
J8022,cqe客户质量工程师,美特科技(苏州)有限公司,苏州,3,软件测试（信号测试、安全测试）,—
J8023,测试设备工程师,颀中科技(苏州)有限公司,苏州,3,软件测试（信号测试、安全测试）,—
J8024,测试技术员,千思跃智能科技(苏州)股份有限公司,苏州,3,软件测试（信号测试、安全测试）,—
J8025,客户质量工程师CQE,航天电器,苏州,3,软件测试（信号测试、安全测试）,—
J8026,品保工程师,中达电子(江苏)有限公司,苏州,0,制造业质量/检验（成本管理、抖音）,质量检验（qa、qc）
J8027,功能测试及功能安全测试工程师（本科）,中国汽研,苏州,3,软件测试（信号测试、安全测试）,—
J8028,MQE质量工程师,软通动力信息技术(集团)股份有限公司,苏州,3,软件测试（信号测试、安全测试）,—
J8029,PQE/过程质量工程师,鸣志电器,苏州,3,软件测试（信号测试、安全测试）,—
J8030,储能测试工程师,中科创达软件股份有限公司,苏州,3,软件测试（信号测试、安全测试）,—
J8031,新品质量中级/高级工程师 (MJ000588),江苏东成机电工具有限公司,苏州,3,软件测试（信号测试、安全测试）,—
J8032,PQE工程师-整机(J12216),英威腾,苏州,0,制造业质量/检验（成本管理、抖音）,制造业质量/检验（图文平台、性能检测）
J8033,质量工程师sqe,苏州奥杰汽车技术股份有限公司,苏州,3,软件测试（信号测试、安全测试）,—
J8034,机器人测试工程师,深圳市弗斯德智能科技有限公司,苏州,3,软件测试（信号测试、安全测试）,—
J8035,质量管理/测试工程师,苏州欧圣电气股份有限公司,苏州,3,软件测试（信号测试、安全测试）,—
J8036,质量工程师CQE,南京迈特望科技股份有限公司,苏州,3,软件测试（信号测试、安全测试）,—
J8037,IPQC/IQC/OQC,德仕科技(深圳)有限公司,苏州,0,制造业质量/检验（成本管理、抖音）,质量检验（qa、qc）
J8038,质量工程师（热管理）,天津澳普林特科技股份有限公司,苏州,3,软件测试（信号测试、安全测试）,—
J8039,研发测试助理工程师,江苏天鹏电源有限公司,苏州,3,软件测试（信号测试、安全测试）,—
J8040,质量部经理,无锡市同步电子科技股份有限公司,苏州,0,制造业质量/检验（成本管理、抖音）,制造业质量/检验（图文平台、性能检测）
J8041,产品测试工程师,颀中科技(苏州)有限公司,苏州,3,软件测试（信号测试、安全测试）,—
J8042,品质工程师,中达电子(江苏)有限公司,苏州,3,软件测试（信号测试、安全测试）,—
J8043,测试工程师,世纪互联,苏州,3,软件测试（信号测试、安全测试）,—
J8044,项目品质管理岗,歌尔股份,苏州,3,软件测试（信号测试、安全测试）,—
J8045,IQC主管,清陶动力科技(上海)有限公司,苏州,0,制造业质量/检验（成本管理、抖音）,制造业质量/检验（图文平台、性能检测）
J8046,软件测试实习生,苏州迅帆智能科技有限公司,苏州,3,软件测试（信号测试、安全测试）,—
J8047,质量技术员,苏州江南航天机电工业有限公司,苏州,0,制造业质量/检验（成本管理、抖音）,制造业质量/检验（图文平台、性能检测）
J8048,锂电池功能测试员,昀迪新能源科技(江苏)有限公司,苏州,3,软件测试（信号测试、安全测试）,—
J8049,SQE工程师,苏州富鸿齐电子有限公司,苏州,0,制造业质量/检验（成本管理、抖音）,制造业质量/检验（图文平台、性能检测）
J8050,质量工程师,金亭汽车线束(苏州)有限公司,苏州,3,软件测试（信号测试、安全测试）,—
J8051,品质工程师,富士康电子工业发展(昆山)有限公司,苏州,3,软件测试（信号测试、安全测试）,—
J8052,QE质量工程师,苏州宝韵精密机电有限公司,苏州,3,软件测试（信号测试、安全测试）,—
J8053,质量工程师JDCRSJJ,张家港保税区泰德瑞尔轨道科技有限公司,苏州,3,软件测试（信号测试、安全测试）,—
J8054,质检主管,苏州国信同创玻璃科技有限公司,苏州,0,制造业质量/检验（成本管理、抖音）,制造业质量/检验（图文平台、性能检测）
J8055,高级品质经理,安洁科技,苏州,3,软件测试（信号测试、安全测试）,—
J8056,软件测试工程师,同序科技发展(上海)有限公司,苏州,3,软件测试（信号测试、安全测试）,—
J8057,Testing Engineer,斯凯菲尔电子(苏州)有限公司,苏州,0,制造业质量/检验（成本管理、抖音）,供应链/物料/采购（物料管理、海外供应链）
J8058,研发质量高级工程师（3C）,领胜城科技(江苏)有限公司,苏州,0,制造业质量/检验（成本管理、抖音）,制造业质量/检验（图文平台、性能检测）
J8059,pqe质量工程师,美特科技(苏州)有限公司,苏州,3,软件测试（信号测试、安全测试）,—
J8060,实习工程师,江苏艾特曼电子科技有限公司,苏州,0,制造业质量/检验（成本管理、抖音）,制造业质量/检验（图文平台、性能检测）
J8061,储能测试工程师,固德威技术股份有限公司,苏州,3,软件测试（信号测试、安全测试）,—
J8062,品质课长（日语）,苏州达立才智能科技有限公司,苏州,3,软件测试（信号测试、安全测试）,—
J8063,质量工程师,苏州钜越领丰精密科技有限公司,苏州,3,软件测试（信号测试、安全测试）,—
J8064,质量工程师,苏州创瑞机电科技有限公司,苏州,3,软件测试（信号测试、安全测试）,—
J8065,苏州+双休智驾+测试司机（不是网约车）,河北魔方直聘人力资源有限公司,苏州,3,软件测试（信号测试、安全测试）,—
J8066,系统测试工程师,艾利特捷(青岛)咨询有限公司,苏州,3,软件测试（信号测试、安全测试）,—
J8067,测试工程师-苏州纽测试验检测,苏州纽测试验检测有限公司,苏州,3,软件测试（信号测试、安全测试）,—
J8068,软件测试,软通动力信息技术(集团)股份有限公司,苏州,3,软件测试（信号测试、安全测试）,—
J8069,品质经理,建直光电,苏州,3,软件测试（信号测试、安全测试）,—
J8070,质量经理,苏州莱测检测科技有限公司,苏州,0,制造业质量/检验（成本管理、抖音）,制造业质量/检验（图文平台、性能检测）
J8071,零部件测试销售4-节日福利 高薪稳定-ZG0017,厦门方胜众合企业服务有限公司,苏州,3,软件测试（信号测试、安全测试）,—
J8072,质量部助理,苏州希尔泰克密封科技有限公司,苏州,0,制造业质量/检验（成本管理、抖音）,制造业质量/检验（图文平台、性能检测）
J8073,质量经理 Quality Manager,伯纳德控制设备(北京)有限公司,苏州,0,制造业质量/检验（成本管理、抖音）,制造业质量/检验（图文平台、性能检测）
J8074,质量巡检员,苏州奥珂瑞高分子材料有限公司,苏州,0,制造业质量/检验（成本管理、抖音）,质量检验（qa、qc）
J8075,產品測試工程師,富士康电子工业发展(昆山)有限公司,苏州,0,制造业质量/检验（成本管理、抖音）,制造业质量/检验（图文平台、性能检测）
J8076,客户质量工程师,苏州维信电子,苏州,3,软件测试（信号测试、安全测试）,—
J8077,QM-质量经理(苏州） (MJ002324),维谛技术有限公司,苏州,0,制造业质量/检验（成本管理、抖音）,质量检验（qa、qc）
J8078,机器人测试工程师,上银科技(中国)有限公司,苏州,3,软件测试（信号测试、安全测试）,—
J8079,测试设备开发工程师,立讯智造科技(苏州)有限公司,苏州,3,软件测试（信号测试、安全测试）,—
J8080,机加工质量主管,苏州诺加恩精密机械有限公司,苏州,0,制造业质量/检验（成本管理、抖音）,质量检验（qa、qc）
J8081,质量文员,无锡市同步电子科技股份有限公司,苏州,0,制造业质量/检验（成本管理、抖音）,制造业质量/检验（图文平台、性能检测）
J8082,品控经理,上海伟伟纺织有限公司,苏州,0,制造业质量/检验（成本管理、抖音）,制造业质量/检验（图文平台、性能检测）
J8083,助理工程师,苏州溯驭技术有限公司,苏州,0,制造业质量/检验（成本管理、抖音）,制造业质量/检验（图文平台、性能检测）
J8084,品质主管/qc主管,苏州飞越电子设备有限公司,苏州,3,软件测试（信号测试、安全测试）,—
J8085,实验室测试工程师,苏州旭光聚合物有限公司,苏州,3,软件测试（信号测试、安全测试）,—
J8086,软件测试工程师,苏州安硕数科数据技术有限公司,苏州,3,软件测试（信号测试、安全测试）,—
J8087,EMC测试工程师,中达电子(江苏)有限公司,苏州,3,软件测试（信号测试、安全测试）,—
J8088,质量工程师,苏州柏锐时代机械制造有限公司,苏州,3,软件测试（信号测试、安全测试）,—
J8089,质量工程师,钢研昊普科技有限公司,苏州,3,软件测试（信号测试、安全测试）,—
J8090,品控/品质主管,苏州立创精密模具科技有限公司,苏州,3,软件测试（信号测试、安全测试）,—
J8091,质量工程师,航天电器,苏州,3,软件测试（信号测试、安全测试）,—
J8092,DQA-1人,富士康电子工业发展(昆山)有限公司,苏州,3,软件测试（信号测试、安全测试）,—
J8093,半导体测试员-五险-夜班补贴-坐班,苏州翰林企业管理服务有限公司,苏州,3,软件测试（信号测试、安全测试）,—
J8094,现场测试工程师,苏州市极合智能科技有限公司,苏州,3,软件测试（信号测试、安全测试）,—
J8095,质量主管,基迈克材料科技(苏州)有限公司,苏州,0,制造业质量/检验（成本管理、抖音）,质量检验（qa、qc）
J8096,品控/品质主管,士丰电子科技(昆山)有限公司,苏州,3,软件测试（信号测试、安全测试）,—
J8097,质量经理,上海建宇盾企业管理咨询有限公司,苏州,0,制造业质量/检验（成本管理、抖音）,制造业质量/检验（图文平台、性能检测）
J8098,品质工程师,苏州利美特精密机械有限公司,苏州,3,软件测试（信号测试、安全测试）,—
J8099,测试工程师,苏州市瑞昌机电工程有限公司,苏州,3,软件测试（信号测试、安全测试）,—
J8100,SQE质量工程师-苏州维度机械,苏州维度机械有限公司,苏州,3,软件测试（信号测试、安全测试）,—
J8101,硬件测试工程师,嘉驰英才(上海)信息科技有限公司合肥分公司,苏州,3,软件测试（信号测试、安全测试）,—
J8102,质量工程师,斯德宝泵阀(苏州)有限公司,苏州,3,软件测试（信号测试、安全测试）,—
J8103,质量部经理,无锡市同步电子科技股份有限公司,苏州,0,制造业质量/检验（成本管理、抖音）,制造业质量/检验（图文平台、性能检测）
J8104,质量工程师,中达电子(江苏)有限公司,苏州,3,软件测试（信号测试、安全测试）,—
J8105,PQM质量管理工程师,安洁科技,苏州,0,制造业质量/检验（成本管理、抖音）,制造业质量/检验（图文平台、性能检测）
J8106,品质工程师（QE）,德仕科技(深圳)有限公司,苏州,3,软件测试（信号测试、安全测试）,—
J8107,品质工程师(2027校招),友达光电(昆山)有限公司,苏州,3,软件测试（信号测试、安全测试）,—
J8108,电子测试工程师,苏州超测电子科技有限公司,苏州,3,软件测试（信号测试、安全测试）,—
J8109,质量管理工程师,欣日兴精密电子(苏州)有限公司,苏州,0,制造业质量/检验（成本管理、抖音）,制造业质量/检验（图文平台、性能检测）
J8110,自动化测试,软通动力信息技术(集团)股份有限公司,苏州,3,软件测试（信号测试、安全测试）,—
J8111,实验室测试技术员,苏州安规电磁科技有限公司,苏州,3,软件测试（信号测试、安全测试）,—
J8112,高级质量经理Sr. Quality Manager,德马泰克国际贸易(上海)有限公司,苏州,0,制造业质量/检验（成本管理、抖音）,制造业质量/检验（图文平台、性能检测）
J8113,硬件测试工程师,苏州市极合智能科技有限公司,苏州,3,软件测试（信号测试、安全测试）,—
J8114,硬件测试工程师,苏州维信电子,苏州,3,软件测试（信号测试、安全测试）,—
J8115,品质经理,常州英睿人力资源服务有限公司,苏州,3,软件测试（信号测试、安全测试）,—
J8116,零部件测试销售2-带薪年假 五险一金-ZG0015,厦门方胜众合企业服务有限公司,苏州,3,软件测试（信号测试、安全测试）,—
J8117,测试工程师,纳博特,苏州,3,软件测试（信号测试、安全测试）,—
J8118,CQE客户品质工程师(英语),昆山鼎鑫电子有限公司,苏州,3,软件测试（信号测试、安全测试）,—
J8119,测试工程师,国测检测科技(苏州)有限公司,苏州,3,软件测试（信号测试、安全测试）,—
J8120,招聘电工 五险一金 包吃,苏州朗高电机科技股份有限公司,苏州,0,制造业质量/检验（成本管理、抖音）,制造业质量/检验（图文平台、性能检测）
J8121,pqe质量工程师,安洁科技,苏州,3,软件测试（信号测试、安全测试）,—
J8122,质量管理工程师 QE(J10204),强一半导体(苏州)股份有限公司,苏州,0,制造业质量/检验（成本管理、抖音）,制造业质量/检验（图文平台、性能检测）
J8123,信赖性测试工程师,美特科技(苏州)有限公司,苏州,3,软件测试（信号测试、安全测试）,—
J8124,品质工程师,昆山科默精密机械有限公司,苏州,3,软件测试（信号测试、安全测试）,—
J8125,DQE/AQE,苏州中成新能源科技股份有限公司,苏州,0,制造业质量/检验（成本管理、抖音）,制造业质量/检验（图文平台、性能检测）
J8126,测试工程师（研发）,阿尔法迈士医疗科技(上海)有限公司,苏州,3,软件测试（信号测试、安全测试）,—
J8127,QE质量工程师,苏州丰夏电器科技有限公司,苏州,3,软件测试（信号测试、安全测试）,—
J8128,质量工程师,苏州英翰尼精密机械有限公司,苏州,3,软件测试（信号测试、安全测试）,—
J8129,实验室测试工程师,苏州慷梭电子科技有限公司,苏州,3,软件测试（信号测试、安全测试）,—
J8130,pqe制程质量工程师,博众精工,苏州,3,软件测试（信号测试、安全测试）,—
J8131,软件测试工程师,软通动力信息技术(集团)股份有限公司,苏州,3,软件测试（信号测试、安全测试）,—
J8132,品质副部长,南方新华,苏州,3,软件测试（信号测试、安全测试）,—
J8133,品质线长/技术员,蓝思精密(泰州)有限公司,苏州,3,软件测试（信号测试、安全测试）,—
J8134,质量工程师(化纤方向),苏州埃尔默科技有限公司,苏州,3,软件测试（信号测试、安全测试）,—
J8135,硬件测试工程师,中国科学院过程工程研究所,苏州,3,软件测试（信号测试、安全测试）,—
J8136,质量工程师,中国电子系统工程第三建设有限公司,苏州,3,软件测试（信号测试、安全测试）,—
J8137,品质工程师-DQA,富士康电子工业发展(昆山)有限公司,苏州,3,软件测试（信号测试、安全测试）,—
J8138,品质工程师,苏州安讯自动化设备有限公司,苏州,3,软件测试（信号测试、安全测试）,—
J8139,硬件测试工程师,汇川技术,苏州,3,软件测试（信号测试、安全测试）,—
J8140,客户质量工程师,苏州维信电子,苏州,3,软件测试（信号测试、安全测试）,—
J8141,cqe客户质量工程师,安洁科技,苏州,3,软件测试（信号测试、安全测试）,—
J8142,品保组长,上银科技(中国)有限公司,苏州,0,制造业质量/检验（成本管理、抖音）,供应链/物料/采购（物料管理、海外供应链）
J8143,品质工程师,太仓意欣智能科技有限公司,苏州,3,软件测试（信号测试、安全测试）,—
J8144,品质管理,精诚工科汽车系统有限公司,苏州,3,软件测试（信号测试、安全测试）,—
J8145,质量工程师,微迈科技(苏州)有限公司,苏州,3,软件测试（信号测试、安全测试）,—
J8146,测试工艺工程师,河南诚猎人力资源有限公司,苏州,3,软件测试（信号测试、安全测试）,—
J8147,质量主管,江苏瑞蓝自动化设备集团有限公司,苏州,0,制造业质量/检验（成本管理、抖音）,制造业质量/检验（图文平台、性能检测）
J8148,质量工程师,丹东克隆集团有限责任公司,苏州,3,软件测试（信号测试、安全测试）,—
J8149,切割测试工程师,江苏纳捷微电子科技有限公司,苏州,3,软件测试（信号测试、安全测试）,—
J8150,TE（测试）工程师,昆山富成科精密电子有限公司,苏州,3,软件测试（信号测试、安全测试）,—
J8151,测试工程师,软通动力信息技术(集团)股份有限公司,苏州,3,软件测试（信号测试、安全测试）,—
J8152,研发质量工程师,清洋流体科技(苏州)有限公司,苏州,3,软件测试（信号测试、安全测试）,—
J8153,质量经理—昆山,曙光数据基础设施创新技术(北京)股份有限公司,苏州,0,制造业质量/检验（成本管理、抖音）,质量检验（qa、qc）
J8154,品质经理,致晶科技(北京)有限公司,苏州,3,软件测试（信号测试、安全测试）,—
J8155,品质工程师,苏州精六纯科技有限公司,苏州,3,软件测试（信号测试、安全测试）,—
J8156,质量管理/测试,江阴市金榔头装饰设计工程有限公司,苏州,3,软件测试（信号测试、安全测试）,—
J8157,软件测试工程师,上海天正信息科技有限公司,苏州,3,软件测试（信号测试、安全测试）,—
J8158,测试工程师,江苏致洁电器有限公司,苏州,3,软件测试（信号测试、安全测试）,—
J8159,品质工程经理,苏州金弘峰电子有限公司,苏州,3,软件测试（信号测试、安全测试）,—
J8160,质量工程师,江苏保丽洁环境科技股份有限公司,苏州,3,软件测试（信号测试、安全测试）,—
J8161,品质工程师,锋桦传动科技(江苏)有限公司,苏州,3,软件测试（信号测试、安全测试）,—
J8162,质量工程师,英科新创,苏州,3,软件测试（信号测试、安全测试）,—
J8163,质量总监,江苏亨通光电股份有限公司,苏州,0,制造业质量/检验（成本管理、抖音）,制造业质量/检验（图文平台、性能检测）
J8164,品控经理,上海伟伟纺织有限公司,苏州,0,制造业质量/检验（成本管理、抖音）,制造业质量/检验（图文平台、性能检测）
J8165,QE质量工程师,禾昌聚合,苏州,3,软件测试（信号测试、安全测试）,—
J8166,品质工程师,宜宾纵贯线科技股份有限公司,苏州,3,软件测试（信号测试、安全测试）,—
J8167,品质工程师,豪展医疗科技(吴江)有限公司,苏州,3,软件测试（信号测试、安全测试）,—
J8168,品保工程師,中达电子(江苏)有限公司,苏州,0,制造业质量/检验（成本管理、抖音）,质量检验（qa、qc）
J8169,试验工程师,天津航天瑞莱科技有限公司,苏州,0,制造业质量/检验（成本管理、抖音）,制造业质量/检验（图文平台、性能检测）
J8170,装配测试工,江苏孚杰高端装备制造(集团)股份有限公司,苏州,3,软件测试（信号测试、安全测试）,—
J8171,【苏州】QE质量工程师G215599,上海必胜人力资源有限公司,苏州,3,软件测试（信号测试、安全测试）,—
J8172,组装测试助理工程师(J10017),强一半导体(苏州)股份有限公司,苏州,3,软件测试（信号测试、安全测试）,—
J8173,品质主管,英菲赛科(苏州)电子有限公司,苏州,3,软件测试（信号测试、安全测试）,—
J8174,IQC品质主管,昆山和博芯创电子科技有限公司,苏州,3,软件测试（信号测试、安全测试）,—
J8175,设备运维技术 接受无经验 五险一金包吃住,石家庄佰特龙工艺品有限公司,苏州,1,运维/云与网络（分布式电站、空调工程）,—
J8176,桌面运维工程师,爱施德,苏州,1,运维/云与网络（分布式电站、空调工程）,—
J8177,桌面运维（双休+五险一金）,江西浅拾科技有限公司,苏州,1,运维/云与网络（分布式电站、空调工程）,—
J8178,光伏运维工程师,天合富家能源股份有限公司,苏州,1,运维/云与网络（分布式电站、空调工程）,—
J8179,it技术支持,上海陉途网络科技有限公司,苏州,0,制造业质量/检验（成本管理、抖音）,制造业质量/检验（图文平台、性能检测）
J8180,水处理运维工,苏州古月水湾环保科技有限公司,苏州,1,运维/云与网络（分布式电站、空调工程）,—
J8181,运维实施工程师,江西纵昂能源科技有限公司,苏州,1,运维/云与网络（分布式电站、空调工程）,—
J8182,云计算交付工程师,软通动力信息技术(集团)股份有限公司,苏州,0,制造业质量/检验（成本管理、抖音）,制造业质量/检验（图文平台、性能检测）
J8183,运维专员,深圳九方智运车辆运营科技有限公司,苏州,1,运维/云与网络（分布式电站、空调工程）,—
J8184,网络工程师,苏州聚运软件科技有限公司,苏州,1,运维/云与网络（分布式电站、空调工程）,—
J8185,网络工程师,苏州辽泰电子科技有限公司,苏州,1,运维/云与网络（分布式电站、空调工程）,—
J8186,新能源运维人员,江苏中压电气工程集团有限公司,苏州,1,运维/云与网络（分布式电站、空调工程）,—
J8187,无人机飞手（配电运维）,苏州新吴源电力工程有限公司,苏州,1,运维/云与网络（分布式电站、空调工程）,—
J8188,服务器运维工程师,苏州新区兰星计算机服务有限公司,苏州,1,运维/云与网络（分布式电站、空调工程）,—
J8189,运维工程师,苏州兴财通用网络科技有限公司,苏州,1,运维/云与网络（分布式电站、空调工程）,—
J8190,胥江水厂运维（上二休三）,苏州市全创人力资源有限公司,苏州,1,运维/云与网络（分布式电站、空调工程）,—
J8191,运维工程师,湖南筱豪能源集团有限公司,苏州,1,运维/云与网络（分布式电站、空调工程）,—
J8192,机器人运维工程师,首聘(北京)科技有限公司,苏州,1,运维/云与网络（分布式电站、空调工程）,—
J8193,运维工程师（苏州）,南京英达公路养护车制造有限公司,苏州,1,运维/云与网络（分布式电站、空调工程）,—
J8194,水处理运维,苏州古月水湾环保科技有限公司,苏州,1,运维/云与网络（分布式电站、空调工程）,—
J8195,软件运维工程师（驻场）（清创环境科技） G00668,清华苏州环境创新研究院,苏州,1,运维/云与网络（分布式电站、空调工程）,—
J8196,运维工程师,苏州福星医疗养老产业集团有限公司,苏州,1,运维/云与网络（分布式电站、空调工程）,—
J8197,光伏运维人员+五险一金,南京德翔达新能源科技有限公司,苏州,1,运维/云与网络（分布式电站、空调工程）,—
J8198,燃气运维工,苏州顺康鑫智能装备有限公司,苏州,1,运维/云与网络（分布式电站、空调工程）,—
J8199,实施运维工程师,江西禾帆人力资源有限公司,苏州,1,运维/云与网络（分布式电站、空调工程）,—
J8200,苏州电力通信及计算机运维工程师,南京大秋信息科技有限公司,苏州,1,运维/云与网络（分布式电站、空调工程）,—
J8201,充电桩运维工程师,苏州安耐充物联科技有限公司,苏州,1,运维/云与网络（分布式电站、空调工程）,—
J8202,电力能源工程管理部科员（智能运维方向),苏州高新城市交通发展集团有限公司,苏州,1,运维/云与网络（分布式电站、空调工程）,—
J8203,厂务运维技工,苏州贝尔无忧科技有限公司,苏州,1,运维/云与网络（分布式电站、空调工程）,—
J8204,数据中心值班长,江苏恒智信息科技有限公司,苏州,0,制造业质量/检验（成本管理、抖音）,制造业质量/检验（图文平台、性能检测）
J8205,it工程师/运维工程师,上海瑞源印刷设备有限公司,苏州,1,运维/云与网络（分布式电站、空调工程）,—
J8206,MES运维工程师,昆山联滔电子有限公司,苏州,1,运维/云与网络（分布式电站、空调工程）,—
J8207,设备运维检修工（急聘）,山东新凯风新能源有限公司,苏州,1,运维/云与网络（分布式电站、空调工程）,—
J8208,运维专员,中茵电能科技有限公司,苏州,1,运维/云与网络（分布式电站、空调工程）,—
J8209,IDC运维值班员（实习生）,港城云联(苏州)数据系统有限公司,苏州,1,运维/云与网络（分布式电站、空调工程）,—
J8210,地铁通信运维工程师,上海长合信息技术股份有限公司,苏州,1,运维/云与网络（分布式电站、空调工程）,—
J8211,供电公司运维巡检外协技术人员,苏州新吴源电力工程有限公司,苏州,1,运维/云与网络（分布式电站、空调工程）,—
J8212,ITBP（苏州属地） (MJ017236),江苏恒瑞医药股份有限公司,苏州,0,制造业质量/检验（成本管理、抖音）,制造业质量/检验（图文平台、性能检测）
J8213,驻场运维工程师（银行）,苏州新区兰星计算机服务有限公司,苏州,1,运维/云与网络（分布式电站、空调工程）,—
J8214,储能运维工程师,中科融能(盐城)科技有限公司,苏州,1,运维/云与网络（分布式电站、空调工程）,—
J8215,运维工程师,苏州福星医疗养老产业集团有限公司,苏州,1,运维/云与网络（分布式电站、空调工程）,—
J8216,erp运维工程师,苏州创峰光电科技有限公司,苏州,1,运维/云与网络（分布式电站、空调工程）,—
J8217,IT桌面运维,上银科技(中国)有限公司,苏州,1,运维/云与网络（分布式电站、空调工程）,—
J8218,片区运维工,苏州市全创人力资源有限公司,苏州,1,运维/云与网络（分布式电站、空调工程）,—
J8219,系统运维工程师,江苏长顺集团有限公司,苏州,1,运维/云与网络（分布式电站、空调工程）,—
J8220,运营技术支持工程师,苏州斯伯纳网络科技有限公司,苏州,0,制造业质量/检验（成本管理、抖音）,制造业质量/检验（图文平台、性能检测）
J8221,HCS-运维,软通动力信息技术(集团)股份有限公司,苏州,1,运维/云与网络（分布式电站、空调工程）,—
J8222,数据中心运维经理,江苏恒智信息科技有限公司,苏州,1,运维/云与网络（分布式电站、空调工程）,—
J8223,IT运维工程师,江苏瑾山科技有限公司,苏州,1,运维/云与网络（分布式电站、空调工程）,—
J8224,京东方招聘光伏运维值长+值班员（8小时长白…,北京世纪汇成企业管理服务有限公司,苏州,1,运维/云与网络（分布式电站、空调工程）,—
J8225,运维值班长,维谛技术服务(深圳)有限公司,苏州,1,运维/云与网络（分布式电站、空调工程）,—
J8226,SAP运维工程师,恒美光电股份有限公司,苏州,1,运维/云与网络（分布式电站、空调工程）,—
J8227,数据中心-实习值班员（江苏太仓）,上海城地香江数据科技股份有限公司,苏州,0,制造业质量/检验（成本管理、抖音）,制造业质量/检验（图文平台、性能检测）
J8228,IDC运维值班长,港城云联(苏州)数据系统有限公司,苏州,1,运维/云与网络（分布式电站、空调工程）,—
J8229,风电运维工程师+接受小白+五险一金,智光集能(江苏)新能源科技有限公司江宁分公司,苏州,1,运维/云与网络（分布式电站、空调工程）,—
J8230,电力运维巡检工,苏州新吴源电力工程有限公司,苏州,1,运维/云与网络（分布式电站、空调工程）,—
J8231,现场运维员,苏州依斯倍环保装备科技有限公司,苏州,1,运维/云与网络（分布式电站、空调工程）,—
J8232,驻场运维工程师,苏州威翰德电子科技有限公司,苏州,1,运维/云与网络（分布式电站、空调工程）,—
J8233,光伏运维专员,江苏精亚集团有限公司,苏州,1,运维/云与网络（分布式电站、空调工程）,—
J8234,it运维工程师,天星先进材料科技(苏州)有限公司,苏州,1,运维/云与网络（分布式电站、空调工程）,—
J8235,厂务运维主管,石家庄奥能制药设备有限公司,苏州,1,运维/云与网络（分布式电站、空调工程）,—
J8236,世界500强企业IT运维工程师,亨通集团有限公司,苏州,1,运维/云与网络（分布式电站、空调工程）,—
J8237,IT运维实习生,凯斯库汽车部件(苏州)有限公司,苏州,1,运维/云与网络（分布式电站、空调工程）,—
J8238,售后运维,苏州乔发环保科技股份有限公司,苏州,1,运维/云与网络（分布式电站、空调工程）,—
J8239,IT运维工程师(桌面+网络)-J604404,苏州市龙德网络科技有限公司,苏州,1,运维/云与网络（分布式电站、空调工程）,—
J8240,云笔电运维技术工程师,苏州光迅希信息科技有限公司,苏州,1,运维/云与网络（分布式电站、空调工程）,—
J8241,MES系统运维管理,富士康电子工业发展(昆山)有限公司,苏州,1,运维/云与网络（分布式电站、空调工程）,—
J8242,数据中心值班员,江苏恒智信息科技有限公司,苏州,0,制造业质量/检验（成本管理、抖音）,制造业质量/检验（图文平台、性能检测）
J8243,实验室运维,软通动力信息技术(集团)股份有限公司,苏州,1,运维/云与网络（分布式电站、空调工程）,—
J8244,网络运维,苏州拓尚环保科技有限公司,苏州,1,运维/云与网络（分布式电站、空调工程）,—
J8245,运维工程师,江苏宇彤智能科技有限公司,苏州,1,运维/云与网络（分布式电站、空调工程）,—
J8246,机房服务器实习工程师,联想云领(成都)科技有限公司,苏州,0,制造业质量/检验（成本管理、抖音）,制造业质量/检验（图文平台、性能检测）
J8247,网管兼网络运营,太仓市青田食品有限公司,苏州,0,制造业质量/检验（成本管理、抖音）,制造业质量/检验（图文平台、性能检测）
J8248,IDC运维技术员（电/暖通）,中金数据集团有限公司,苏州,1,运维/云与网络（分布式电站、空调工程）,—
J8249,网络运维工程师,江苏聚阳网络科技有限公司,苏州,1,运维/云与网络（分布式电站、空调工程）,—
J8250,运维值班员(J11092),北京赛赋医药研究院有限公司,苏州,1,运维/云与网络（分布式电站、空调工程）,—
J8251,光伏电站运维工程师,三一集团有限公司,苏州,1,运维/云与网络（分布式电站、空调工程）,—
J8252,10kV中压电力运维人员,江苏国立联合工程有限公司,苏州,1,运维/云与网络（分布式电站、空调工程）,—
J8253,环保运维工程师,苏州宥鑫环保科技有限公司,苏州,1,运维/云与网络（分布式电站、空调工程）,—
J8254,系统运维工程师,苏州仕净科技股份有限公司,苏州,1,运维/云与网络（分布式电站、空调工程）,—
J8255,暖通运维人员,江苏中压电气工程集团有限公司,苏州,1,运维/云与网络（分布式电站、空调工程）,—
J8256,IT工程师,苏州溯驭技术有限公司,苏州,0,制造业质量/检验（成本管理、抖音）,制造业质量/检验（图文平台、性能检测）
J8257,电力运维工程师,外企德科数字技术有限公司,苏州,1,运维/云与网络（分布式电站、空调工程）,—
J8258,运维服务工程师,苏州安峰环保技术有限公司,苏州,1,运维/云与网络（分布式电站、空调工程）,—
J8259,水处理现场运维,昆山质普环保科技有限公司,苏州,1,运维/云与网络（分布式电站、空调工程）,—
J8260,数据中心管理运维工程师,江苏易纬电子科技有限公司,苏州,1,运维/云与网络（分布式电站、空调工程）,—
J8261,设施运维工程师（值班长）太仓,世纪互联,苏州,1,运维/云与网络（分布式电站、空调工程）,—
J8262,网络运维工程师,软通动力信息技术(集团)股份有限公司,苏州,1,运维/云与网络（分布式电站、空调工程）,—
J8263,IT运维高级工程师,苏州威翰德电子科技有限公司,苏州,1,运维/云与网络（分布式电站、空调工程）,—
J8264,光伏运维清洗维修工(太仓）,平谦(太仓)现代产业园有限公司,苏州,1,运维/云与网络（分布式电站、空调工程）,—
J8265,MES运维工程师-TSC,富士康电子工业发展(昆山)有限公司,苏州,1,运维/云与网络（分布式电站、空调工程）,—
J8266,终端运维工程师,上海锐恋信息科技有限公司,苏州,1,运维/云与网络（分布式电站、空调工程）,—
J8267,系统运维工程师-昆山,河南省长天世纪电子科技有限公司,苏州,1,运维/云与网络（分布式电站、空调工程）,—
J8268,光伏电站运维,能拓能源股份有限公司,苏州,1,运维/云与网络（分布式电站、空调工程）,—
J8269,吴中木渎自来水厂设备运维,苏州市全创人力资源有限公司,苏州,1,运维/云与网络（分布式电站、空调工程）,—
J8270,it工程师,苏州久元微电子有限公司,苏州,0,制造业质量/检验（成本管理、抖音）,制造业质量/检验（图文平台、性能检测）
J8271,汾湖-X86运维值班,江苏信畅信息技术有限公司,苏州,1,运维/云与网络（分布式电站、空调工程）,—
J8272,系统实施运维高级工程师,张家港康得新,苏州,1,运维/云与网络（分布式电站、空调工程）,—
J8273,运维工程师,江苏华文电气有限公司苏州分公司,苏州,1,运维/云与网络（分布式电站、空调工程）,—
J8274,Network Engineer,杭州瑞和空间科技有限公司,苏州,0,制造业质量/检验（成本管理、抖音）,制造业质量/检验（图文平台、性能检测）
J8275,idc运维工程师,北京亚康智算科技有限公司,苏州,1,运维/云与网络（分布式电站、空调工程）,—
J8276,数据中心运维值班员,维谛技术服务(深圳)有限公司,苏州,1,运维/云与网络（分布式电站、空调工程）,—
J8277,信息系统管理员,江苏星瑞防务科技有限公司,苏州,1,运维/云与网络（分布式电站、空调工程）,—
J8278,it运维,亚能商伴控股集团有限公司,苏州,1,运维/云与网络（分布式电站、空调工程）,—
J8279,数据中心-值班员（江苏太仓）,上海城地香江数据科技股份有限公司,苏州,0,制造业质量/检验（成本管理、抖音）,制造业质量/检验（图文平台、性能检测）
J8280,HCF云计算运维,软通动力信息技术(集团)股份有限公司,苏州,1,运维/云与网络（分布式电站、空调工程）,—
J8281,IT运维工程师,苏州威翰德电子科技有限公司,苏州,1,运维/云与网络（分布式电站、空调工程）,—
J8282,水处理现场运维（苏州）,昆山质普环保科技有限公司,苏州,1,运维/云与网络（分布式电站、空调工程）,—
J8283,系统运维工程师,江苏易纬电子科技有限公司,苏州,1,运维/云与网络（分布式电站、空调工程）,—
J8284,IT/OT 高级运维工程师,科锐尔人力资源服务(苏州)有限公司,苏州,1,运维/云与网络（分布式电站、空调工程）,—
J8285,后台运营经理,重庆焱算通企业服务有限公司,苏州,0,制造业质量/检验（成本管理、抖音）,制造业质量/检验（图文平台、性能检测）
J8286,急招电工 月入8000,中茵电能科技有限公司,苏州,0,制造业质量/检验（成本管理、抖音）,制造业质量/检验（图文平台、性能检测）
J8287,运维工程师（27年毕业生实习岗）,港城云联(苏州)数据系统有限公司,苏州,1,运维/云与网络（分布式电站、空调工程）,—
J8288,设备运维专员,张家港市永联实业集团有限公司,苏州,1,运维/云与网络（分布式电站、空调工程）,—
J8289,实施运维专员,苏州量博信息科技有限公司,苏州,1,运维/云与网络（分布式电站、空调工程）,—
J8290,苏州太仓-百度基础设施运维驻场工程师,昌泰云技术服务(深圳)有限公司,苏州,1,运维/云与网络（分布式电站、空调工程）,—
J8291,免费住宿-内部晋升-IDC基础设施运维-大平台,联想云领(成都)科技有限公司,苏州,1,运维/云与网络（分布式电站、空调工程）,—
J8292,设备运维,峰云(苏州)流体科技有限公司,苏州,1,运维/云与网络（分布式电站、空调工程）,—
J8293,水站运维工程师,厦门隆力德环境技术开发有限公司,苏州,1,运维/云与网络（分布式电站、空调工程）,—
J8294,燃气运维技术员,苏州顺康鑫智能装备有限公司,苏州,1,运维/云与网络（分布式电站、空调工程）,—
J8295,风力发电风机运维工程师+实习/应届生,南京德翔达新能源科技有限公司,苏州,1,运维/云与网络（分布式电站、空调工程）,—
J8296,储能电站运维工程师,杭州敦固建筑特种工程有限公司,苏州,1,运维/云与网络（分布式电站、空调工程）,—
J8297,动力运维工程师,力神电池(苏州)有限公司,苏州,1,运维/云与网络（分布式电站、空调工程）,—
J8298,数据中心-值班主管（江苏太仓）,上海城地香江数据科技股份有限公司,苏州,0,制造业质量/检验（成本管理、抖音）,制造业质量/检验（图文平台、性能检测）
J8299,运维主管（苏州工业园）,深圳市卓越物业管理有限责任公司,苏州,1,运维/云与网络（分布式电站、空调工程）,—
J8300,公设运维,定颖电子(昆山)有限公司,苏州,1,运维/云与网络（分布式电站、空调工程）,—
J8301,暖通运维工程师,中通服节能技术服务有限公司,苏州,1,运维/云与网络（分布式电站、空调工程）,—
J8302,AI视觉运维师,江阴市金榔头装饰设计工程有限公司,苏州,1,运维/云与网络（分布式电站、空调工程）,—
J8303,运维主管（数据中心）,博浩数据信息技术(广州)有限公司,苏州,1,运维/云与网络（分布式电站、空调工程）,—
J8304,招电工-五险一金,江苏昆山通用电气有限公司,苏州,0,制造业质量/检验（成本管理、抖音）,制造业质量/检验（图文平台、性能检测）
J8305,海外光伏电站运维工程师,三一集团有限公司,苏州,1,运维/云与网络（分布式电站、空调工程）,—
J8306,无人车维修运维专员,北京哈工宇灿智能科技有限公司,苏州,1,运维/云与网络（分布式电站、空调工程）,—
J8307,空压售后运维工程师,蘑菇物联,苏州,1,运维/云与网络（分布式电站、空调工程）,—
J8308,it运维工程师,江苏明益信智能设备股份有限公司,苏州,1,运维/云与网络（分布式电站、空调工程）,—
J8309,动物房运维主管、经理,江苏安蚁科维技术服务有限公司,苏州,1,运维/云与网络（分布式电站、空调工程）,—
J8310,环保运维工程师,苏州安峰环保技术有限公司,苏州,1,运维/云与网络（分布式电站、空调工程）,—
J8311,业务运维工程师（APP移动端）,安徽中安润微科技有限公司,苏州,1,运维/云与网络（分布式电站、空调工程）,—
J8312,运维工程师（包住+六险一金）,南京埃森环境技术股份有限公司,苏州,1,运维/云与网络（分布式电站、空调工程）,—
J8313,系统运维工程师-昆山,江苏信畅信息技术有限公司,苏州,1,运维/云与网络（分布式电站、空调工程）,—
J8314,诚招电工 月入18000（包住）,张家港万蓬木业有限公司,苏州,0,制造业质量/检验（成本管理、抖音）,制造业质量/检验（图文平台、性能检测）
J8315,光伏运维工程师（江苏）,绿能中环(武汉)科技有限公司,苏州,1,运维/云与网络（分布式电站、空调工程）,—
J8316,废水运维技术员,苏州怡水源环保科技有限公司,苏州,1,运维/云与网络（分布式电站、空调工程）,—
J8317,环保设备售后运维工程师,苏州朗弛环保科技有限公司,苏州,1,运维/云与网络（分布式电站、空调工程）,—
J8318,基础设施运维（外包驻场太仓）,联想云领(成都)科技有限公司,苏州,1,运维/云与网络（分布式电站、空调工程）,—
J8319,系统维护工程师,苏州海格电控股份有限公司,苏州,0,制造业质量/检验（成本管理、抖音）,Java/后端（spring、mybatis）
J8320,数据中心值班员（江苏太仓）,北京中科仙络智算科技股份有限公司,苏州,0,制造业质量/检验（成本管理、抖音）,Java/后端（spring、mybatis）
J8321,网络运维（短期项目，12月底结束）,软通动力信息技术(集团)股份有限公司,苏州,1,运维/云与网络（分布式电站、空调工程）,—
J8322,政务系统运维工程师（兼测试）,江苏拓普森房地产资产评估规划测绘有限公司,苏州,3,软件测试（信号测试、安全测试）,—
J8323,废水运维服务工程师,北京宝莱尔科技有限公司,苏州,1,运维/云与网络（分布式电站、空调工程）,—
J8324,运维项目经理,金桥信息,苏州,1,运维/云与网络（分布式电站、空调工程）,—
J8325,水处理运维主管,苏州古月水湾环保科技有限公司,苏州,1,运维/云与网络（分布式电站、空调工程）,—
J8326,光伏储能系统运维工程师,中亿丰控股集团有限公司,苏州,1,运维/云与网络（分布式电站、空调工程）,—
J8327,运维工程师（海水淡化项目）,江苏中建国际基础设施建设有限公司,苏州,1,运维/云与网络（分布式电站、空调工程）,—
J8328,急招电工 月入6000,苏州昱泰新能源科技有限公司,苏州,0,制造业质量/检验（成本管理、抖音）,制造业质量/检验（图文平台、性能检测）
J8329,运维助理,苏州锦丰嘉商贸有限公司,苏州,1,运维/云与网络（分布式电站、空调工程）,—
J8330,机电运维工程师,苏州慧至智能科技有限公司,苏州,1,运维/云与网络（分布式电站、空调工程）,—
J8331,昆山百度机房-驻场工程师,昌泰云技术服务(深圳)有限公司,苏州,0,制造业质量/检验（成本管理、抖音）,供应链/物料/采购（物料管理、海外供应链）
J8332,智能电力运维营销,中茵电能科技有限公司,苏州,1,运维/云与网络（分布式电站、空调工程）,—
J8333,高级网络与云平台运维工程师(001763),苏州同元软控技术股份有限公司,苏州,1,运维/云与网络（分布式电站、空调工程）,—
J8334,科技运维领班,北京爱情物业服务有限公司,苏州,1,运维/云与网络（分布式电站、空调工程）,—
J8335,汽车生产线运维工程师（张家港）,杭州明讯软件技术有限公司,苏州,1,运维/云与网络（分布式电站、空调工程）,—
J8336,agv运维工程师,苏州冠鸿智能装备有限公司,苏州,1,运维/云与网络（分布式电站、空调工程）,—
J8337,配电自动化运维工程师,苏州新吴源电力工程有限公司,苏州,1,运维/云与网络（分布式电站、空调工程）,—
J8338,数据中心值班长（太仓）,北京中科仙络智算科技股份有限公司,苏州,0,制造业质量/检验（成本管理、抖音）,制造业质量/检验（图文平台、性能检测）
J8339,系统运维，服务器运维（短期项目，到12月底）,软通动力信息技术(集团)股份有限公司,苏州,1,运维/云与网络（分布式电站、空调工程）,—
J8340,高级运维工程师,昆山易晟环保工程有限公司,苏州,1,运维/云与网络（分布式电站、空调工程）,—
J8341,运维工程师（气化炉方向）,苏州允清环境能源科技有限公司,苏州,1,运维/云与网络（分布式电站、空调工程）,—
J8342,设备维修工（运维方向）,苏州艾益动物药品有限公司,苏州,1,运维/云与网络（分布式电站、空调工程）,—
J8343,S级风电运维工程师10K+区域内分配+六险一金+…,欢创信息咨询有限公司,苏州,1,运维/云与网络（分布式电站、空调工程）,—
J8344,空调系统运维工,南通通博设备安装集团有限公司,苏州,1,运维/云与网络（分布式电站、空调工程）,—
J8345,售后运维工程师,苏州芯安氪科技有限公司,苏州,1,运维/云与网络（分布式电站、空调工程）,—
J8346,达梦数据库运维工程师（苏州）,南京云白信息科技有限公司,苏州,1,运维/云与网络（分布式电站、空调工程）,—
J8347,污水运维工程师,苏州根基科技有限公司,苏州,1,运维/云与网络（分布式电站、空调工程）,—
J8348,废水系统工程运维技术负责人,苏州崇越工程有限公司,苏州,1,运维/云与网络（分布式电站、空调工程）,—
J8349,招电工,普元电力发展有限公司,苏州,0,制造业质量/检验（成本管理、抖音）,制造业质量/检验（图文平台、性能检测）
J8350,高校运维项目经理（英文沟通为必须项）,金桥信息,苏州,1,运维/云与网络（分布式电站、空调工程）,—
J8351,招聘电工-月入8000,江苏国立联合工程有限公司,苏州,0,制造业质量/检验（成本管理、抖音）,制造业质量/检验（图文平台、性能检测）
J8352,急聘电工 月入7000,宇超电力股份有限公司,苏州,0,制造业质量/检验（成本管理、抖音）,制造业质量/检验（图文平台、性能检测）
J8353,数据中心暖通运维工程师,杭州明讯软件技术有限公司,苏州,1,运维/云与网络（分布式电站、空调工程）,—
J8354,暖通运维工程师/主管,世纪互联,苏州,1,运维/云与网络（分布式电站、空调工程）,—
J8355,计算机网络管理员,海南昱华建筑工程有限公司,苏州,0,制造业质量/检验（成本管理、抖音）,制造业质量/检验（图文平台、性能检测）
J8356,IT专员,太学医疗投资管理(浙江)有限公司,苏州,0,制造业质量/检验（成本管理、抖音）,制造业质量/检验（图文平台、性能检测）
J8357,IDC运维-江苏太仓（提供住宿）,北京中科仙络智算科技股份有限公司,苏州,1,运维/云与网络（分布式电站、空调工程）,—
J8358,废水运维工程师,苏州安峰环保技术有限公司,苏州,1,运维/云与网络（分布式电站、空调工程）,—
J8359,数据中心暖通运维工程师,万国数据服务有限公司,苏州,1,运维/云与网络（分布式电站、空调工程）,—
J8360,百度机房-太仓基础设施数据中心驻场工程师,昌泰云技术服务(深圳)有限公司,苏州,0,制造业质量/检验（成本管理、抖音）,供应链/物料/采购（物料管理、海外供应链）
J8361,网管专员,太仓市青田食品有限公司,苏州,0,制造业质量/检验（成本管理、抖音）,制造业质量/检验（图文平台、性能检测）
J8362,IT软件工程师,东瑞制药,苏州,4,后端开发（hibernate、linux开发）,—
J8363,IT网络工程师,苏州武乐川精密电子有限公司,苏州,1,运维/云与网络（分布式电站、空调工程）,—
J8364,苏州电信智慧家庭工程师,中国电信苏州分公司,苏州,0,制造业质量/检验（成本管理、抖音）,制造业质量/检验（图文平台、性能检测）
J8365,暖通空调运维工程师,苏州根基科技有限公司,苏州,1,运维/云与网络（分布式电站、空调工程）,—
J8366,废水系统工程运维项目经理,苏州崇越工程有限公司,苏州,1,运维/云与网络（分布式电站、空调工程）,—
J8367,IT专员,苏州宝韵精密机电有限公司,苏州,0,制造业质量/检验（成本管理、抖音）,制造业质量/检验（图文平台、性能检测）
J8368,联通智家工程师,苏州嘉环智能科技有限公司,苏州,0,制造业质量/检验（成本管理、抖音）,制造业质量/检验（图文平台、性能检测）
J8369,it工程师-系统管理,环鸿电子(昆山)有限公司,苏州,1,运维/云与网络（分布式电站、空调工程）,—
J8370,实施工程师,北京青麦科技有限公司,苏州,1,运维/云与网络（分布式电站、空调工程）,—
J8371,世硕设备技术员+包住,江苏成功企业管理有限公司苏州分公司,苏州,0,制造业质量/检验（成本管理、抖音）,制造业质量/检验（图文平台、性能检测）
J8372,IT技术支持工程师,苏州高迈药业有限公司,苏州,0,制造业质量/检验（成本管理、抖音）,制造业质量/检验（图文平台、性能检测）
J8373,it工程师,苏州冰禾信息技术有限公司,苏州,0,制造业质量/检验（成本管理、抖音）,制造业质量/检验（图文平台、性能检测）
J8374,AI数字化工程师,苏州沃德夫新材料科技有限公司,苏州,0,制造业质量/检验（成本管理、抖音）,制造业质量/检验（图文平台、性能检测）
J8375,区域IT工程师,烟台睿创微纳技术股份有限公司,苏州,0,制造业质量/检验（成本管理、抖音）,制造业质量/检验（图文平台、性能检测）
J8376,数字化工程师,苏州嘉盛集团有限公司,苏州,0,制造业质量/检验（成本管理、抖音）,制造业质量/检验（图文平台、性能检测）
J8377,IT工程师（MES 0-1经验）,东部超导科技(苏州)有限公司,苏州,0,制造业质量/检验（成本管理、抖音）,制造业质量/检验（图文平台、性能检测）
J8378,驻场网络工程师,江苏耘和计算机系统工程有限公司,苏州,1,运维/云与网络（分布式电站、空调工程）,—
J8379,废水系统工程运维项目经理-2,苏州崇越工程有限公司,苏州,1,运维/云与网络（分布式电站、空调工程）,—
J8380,it专员/网络工程师,太学医疗投资管理(浙江)有限公司,苏州,1,运维/云与网络（分布式电站、空调工程）,—
J8381,项目交付工程师,苏州威翰德电子科技有限公司,苏州,0,制造业质量/检验（成本管理、抖音）,硬件/仪器/自动化（组态软件、scratch）
J8382,技术助理,苏州沃沃科技服务有限公司,苏州,0,制造业质量/检验（成本管理、抖音）,制造业质量/检验（图文平台、性能检测）
J8383,MES主任工程师,力神电池(苏州)有限公司,苏州,0,制造业质量/检验（成本管理、抖音）,制造业质量/检验（图文平台、性能检测）
J8384,it技术支持（英语）,上海米夫信息科技有限公司,苏州,0,制造业质量/检验（成本管理、抖音）,制造业质量/检验（图文平台、性能检测）
J8385,监控弱电安防技术员,上海华亿泽消防科技有限公司,苏州,0,制造业质量/检验（成本管理、抖音）,制造业质量/检验（图文平台、性能检测）
J8386,电力能源工程管理部科员（项目管理方向),苏州高新城市交通发展集团有限公司,苏州,6,产品/项目管理（国内市场、需求分析）,—
J8387,系统工程师,华迅工业（苏州）有限公司,苏州,0,制造业质量/检验（成本管理、抖音）,制造业质量/检验（图文平台、性能检测）
J8388,IT网络工程师,立讯智造科技(苏州)有限公司,苏州,1,运维/云与网络（分布式电站、空调工程）,—
J8389,云计算技术经理(J10771),卓望信息技术(北京)有限公司,苏州,0,制造业质量/检验（成本管理、抖音）,硬件/仪器/自动化（组态软件、scratch）
J8390,设备中级工程师,张家港康得新,苏州,0,制造业质量/检验（成本管理、抖音）,制造业质量/检验（图文平台、性能检测）
J8391,IT工程师·药品追溯码,万宝盛华企业管理咨询（上海）有限公司,苏州,0,制造业质量/检验（成本管理、抖音）,制造业质量/检验（图文平台、性能检测）
J8392,驻场技术支持工程师,江苏艾威世纪信息技术有限公司,苏州,0,制造业质量/检验（成本管理、抖音）,制造业质量/检验（图文平台、性能检测）
J8393,系统开发工程师,昆山维开安电子科技有限公司,苏州,4,后端开发（hibernate、linux开发）,—
J8394,仓库管理系统管理员,无锡圆诺电子科技有限公司,苏州,1,运维/云与网络（分布式电站、空调工程）,—
J8395,中心设备调试工程师,江苏信成工业技术有限公司,苏州,0,制造业质量/检验（成本管理、抖音）,制造业质量/检验（图文平台、性能检测）
J8396,网络工程师,苏州阿基米德智能科技有限公司,苏州,1,运维/云与网络（分布式电站、空调工程）,—
J8397,ERP服务顾问,苏州卡尔思软件有限公司,苏州,0,制造业质量/检验（成本管理、抖音）,制造业质量/检验（图文平台、性能检测）
J8398,数字化工程师（常驻马来西亚新山）,苏州欧圣电气股份有限公司,苏州,0,制造业质量/检验（成本管理、抖音）,供应链/物料/采购（物料管理、海外供应链）
J8399,设备工程师（低压）(J12578),英威腾,苏州,0,制造业质量/检验（成本管理、抖音）,制造业质量/检验（图文平台、性能检测）
J8400,设施值班员,北京亚康智算科技有限公司,苏州,0,制造业质量/检验（成本管理、抖音）,制造业质量/检验（图文平台、性能检测）
J8401,急招自动化设备调试技术员，月薪1.2万以上，包吃住,江苏职接说人才服务有限公司,苏州,0,制造业质量/检验（成本管理、抖音）,制造业质量/检验（图文平台、性能检测）
J8402,终端技术人员,苏州中成榆新能源有限公司,苏州,0,制造业质量/检验（成本管理、抖音）,制造业质量/检验（图文平台、性能检测）
J8403,网络工程师-包1餐,苏州英格玛服务外包股份有限公司,苏州,1,运维/云与网络（分布式电站、空调工程）,—
J8404,厂务系统工程师,颀中科技(苏州)有限公司,苏州,0,制造业质量/检验（成本管理、抖音）,制造业质量/检验（图文平台、性能检测）
J8405,AMHS助理工程师(J10133),强一半导体(苏州)股份有限公司,苏州,0,制造业质量/检验（成本管理、抖音）,制造业质量/检验（图文平台、性能检测）
J8406,云计算工程师(J10212),苏州纽威阀门股份有限公司,苏州,0,制造业质量/检验（成本管理、抖音）,制造业质量/检验（图文平台、性能检测）
J8407,AI数字化系统整合工程师,苏南后勤集团股份有限公司,苏州,0,制造业质量/检验（成本管理、抖音）,制造业质量/检验（图文平台、性能检测）
J8408,项目实施工程师,工服(苏州)智能科技有限公司,苏州,1,运维/云与网络（分布式电站、空调工程）,—
J8409,应用支持工程师,上海泛翔网络科技有限公司,苏州,0,制造业质量/检验（成本管理、抖音）,制造业质量/检验（图文平台、性能检测）
J8410,系统工程师,深圳市德晟达电子科技有限公司,苏州,0,制造业质量/检验（成本管理、抖音）,硬件/仪器/自动化（组态软件、scratch）
J8411,设备技术员,江苏长顺集团有限公司,苏州,0,制造业质量/检验（成本管理、抖音）,制造业质量/检验（图文平台、性能检测）
J8412,环境监测工程师,昆山易晟环保工程有限公司,苏州,0,制造业质量/检验（成本管理、抖音）,制造业质量/检验（图文平台、性能检测）
J8413,现场实施工程师,信云智能(北京)科技有限公司,苏州,1,运维/云与网络（分布式电站、空调工程）,—
J8414,技术工程师及技术支持,北京京铭宏硕科技有限公司,苏州,0,制造业质量/检验（成本管理、抖音）,制造业质量/检验（图文平台、性能检测）
J8415,SAP实施工程师,苏州墨融科技有限公司,苏州,1,运维/云与网络（分布式电站、空调工程）,—
J8416,设备与EHS工程师 / 设备与安全工程师,图维生物医药科技(苏州)有限公司,苏州,0,制造业质量/检验（成本管理、抖音）,制造业质量/检验（图文平台、性能检测）
J8417,设备技术员,江苏职接说人才服务有限公司,苏州,0,制造业质量/检验（成本管理、抖音）,制造业质量/检验（图文平台、性能检测）
J8418,高级财务经理,苏州芯曌科技有限公司,苏州,0,制造业质量/检验（成本管理、抖音）,供应链/物料/采购（物料管理、海外供应链）
J8419,企服专员,大童保险服务,苏州,0,制造业质量/检验（成本管理、抖音）,供应链/物料/采购（物料管理、海外供应链）
J8420,数据分析师+接受无经验,上海寻幔智能科技有限公司,苏州,2,数据分析/BI（数仓开发、kettle）,—
J8421,数据分析助理,北京京铭宏硕科技有限公司,苏州,2,数据分析/BI（数仓开发、kettle）,—
J8422,数据分析助理,江西浅拾科技有限公司,苏州,2,数据分析/BI（数仓开发、kettle）,—
J8423,数据分析助理,南昌辰睿科技服务有限公司,苏州,2,数据分析/BI（数仓开发、kettle）,—
J8424,数据专员,江苏宇彤智能科技有限公司,苏州,0,制造业质量/检验（成本管理、抖音）,供应链/物料/采购（物料管理、海外供应链）
J8425,数据分析师,新代科技(苏州)有限公司,苏州,2,数据分析/BI（数仓开发、kettle）,—
J8426,数据收集与分析师,光动互联科技(苏州)有限公司,苏州,0,制造业质量/检验（成本管理、抖音）,数据/统计分析（数据建模、统计学）
J8427,数据分析员,江苏微技科技有限公司,苏州,2,数据分析/BI（数仓开发、kettle）,—
J8428,高级数据分析师,跨越速运,苏州,2,数据分析/BI（数仓开发、kettle）,—
J8429,计划专员（亚马逊数据分析）,苏州麦格达斯进出口有限公司,苏州,2,数据分析/BI（数仓开发、kettle）,—
J8430,稳定性统计分析员,上海鸣浩仪器科技有限公司,苏州,0,制造业质量/检验（成本管理、抖音）,供应链/物料/采购（物料管理、海外供应链）
J8431,成本数据分析师,江苏国立联合工程有限公司,苏州,2,数据分析/BI（数仓开发、kettle）,—
J8432,临床数据管理员,苏州亦诺微医药科技有限公司,苏州,0,制造业质量/检验（成本管理、抖音）,数据/统计分析（数据建模、统计学）
J8433,统计师,博瑞生物医药(苏州)股份有限公司,苏州,0,制造业质量/检验（成本管理、抖音）,数据/统计分析（数据建模、统计学）
J8434,电力交易数据分析师,阳风新能(江苏)电力科技有限公司,苏州,2,数据分析/BI（数仓开发、kettle）,—
J8435,测试设计与数据分析工程师,隆扬电子(昆山)股份有限公司,苏州,3,软件测试（信号测试、安全测试）,—
J8436,金融主管（量化分析与期货方向）,金麦科技(苏州)有限公司,苏州,0,制造业质量/检验（成本管理、抖音）,数据/统计分析（数据建模、统计学）
J8437,作物模型与农情分析工程师,中科禾信遥感科技(苏州)有限公司,苏州,0,制造业质量/检验（成本管理、抖音）,供应链/物料/采购（物料管理、海外供应链）
J8438,数据分析师,北京京铭宏硕科技有限公司,苏州,2,数据分析/BI（数仓开发、kettle）,—
J8439,数据分析师,上海寻幔智能科技有限公司,苏州,2,数据分析/BI（数仓开发、kettle）,—
J8440,SAS编程员/资深SAS编程员,斯丹姆,苏州,0,制造业质量/检验（成本管理、抖音）,制造业质量/检验（图文平台、性能检测）
J8441,租售经理,中化金茂物业管理(北京)有限公司,苏州,0,制造业质量/检验（成本管理、抖音）,制造业质量/检验（图文平台、性能检测）
J8442,京东MALL储备店长,京东集团,苏州,0,制造业质量/检验（成本管理、抖音）,制造业质量/检验（图文平台、性能检测）
J8443,电商运营助理,苏州沃土科技信息有限公司,苏州,0,制造业质量/检验（成本管理、抖音）,供应链/物料/采购（物料管理、海外供应链）
J8444,能源商务经理,中亿丰控股集团有限公司,苏州,0,制造业质量/检验（成本管理、抖音）,制造业质量/检验（图文平台、性能检测）
J8445,成本分析师,江苏协昌电子科技集团股份有限公司,苏州,0,制造业质量/检验（成本管理、抖音）,供应链/物料/采购（物料管理、海外供应链）
J8446,模具检验员,苏州华诗婷电子科技有限公司,苏州,0,制造业质量/检验（成本管理、抖音）,制造业质量/检验（图文平台、性能检测）
J8447,副总裁助理,达成包装制品(苏州)有限公司,苏州,0,制造业质量/检验（成本管理、抖音）,供应链/物料/采购（物料管理、海外供应链）
J8448,无责底薪1w/接受无经验/数据分析师,上海寻幔智能科技有限公司,苏州,2,数据分析/BI（数仓开发、kettle）,—
J8449,报价专员/工程师,震裕科技,苏州,0,制造业质量/检验（成本管理、抖音）,供应链/物料/采购（物料管理、海外供应链）
J8450,采购经理,飞旭电子（苏州）有限公司,苏州,0,制造业质量/检验（成本管理、抖音）,制造业质量/检验（图文平台、性能检测）
J8451,物流数据专员,苏州福具物流科技有限公司,苏州,0,制造业质量/检验（成本管理、抖音）,数据/统计分析（数据建模、统计学）
J8452,数据标注,苏州沃沃科技服务有限公司,苏州,0,制造业质量/检验（成本管理、抖音）,制造业质量/检验（图文平台、性能检测）
J8453,质量员,顺丰速运,苏州,0,制造业质量/检验（成本管理、抖音）,制造业质量/检验（图文平台、性能检测）
J8454,数据运营,软通动力信息技术(集团)股份有限公司,苏州,0,制造业质量/检验（成本管理、抖音）,制造业质量/检验（图文平台、性能检测）
J8455,采购订单 / 数据专员,苏州顺和丰家电科技有限公司,苏州,0,制造业质量/检验（成本管理、抖音）,供应链/物料/采购（物料管理、海外供应链）
J8456,京东电器店长,京东集团,苏州,0,制造业质量/检验（成本管理、抖音）,制造业质量/检验（图文平台、性能检测）
J8457,连锁ktv门店店长,江西爱魅文化科技有限公司北京分公司,苏州,0,制造业质量/检验（成本管理、抖音）,制造业质量/检验（图文平台、性能检测）
J8458,工程项目经理,苏州康华净化系统工程有限公司,苏州,6,产品/项目管理（国内市场、需求分析）,—
J8459,经营分析专家,跨越速运,苏州,0,制造业质量/检验（成本管理、抖音）,数据/统计分析（数据建模、统计学）
J8460,高压开关柜质检员,吴江变压器有限公司,苏州,0,制造业质量/检验（成本管理、抖音）,制造业质量/检验（图文平台、性能检测）
J8461,督学助理,苏州市光华实业（集团）有限公司,苏州,0,制造业质量/检验（成本管理、抖音）,数据/统计分析（数据建模、统计学）
J8462,高级品质经理,安洁科技,苏州,3,软件测试（信号测试、安全测试）,—
J8463,行政支持员工,龙湖集团,苏州,0,制造业质量/检验（成本管理、抖音）,数据/统计分析（数据建模、统计学）
J8464,产品运营,苏州玖势恒创网络科技有限公司,苏州,6,产品/项目管理（国内市场、需求分析）,—
J8465,项目材料员,上海二十冶建设有限公司,苏州,0,制造业质量/检验（成本管理、抖音）,制造业质量/检验（图文平台、性能检测）
J8466,机器人调试工程师,郑州凯唛智能制造科技有限公司,苏州,0,制造业质量/检验（成本管理、抖音）,制造业质量/检验（图文平台、性能检测）
J8467,数据分析师（高薪+六险一金）,上海寻幔智能科技有限公司,苏州,2,数据分析/BI（数仓开发、kettle）,—
J8468,数据统计员,南昌辰睿科技服务有限公司,苏州,0,制造业质量/检验（成本管理、抖音）,数据/统计分析（数据建模、统计学）
J8469,电商供应链账务专员,欧普照明,苏州,0,制造业质量/检验（成本管理、抖音）,制造业质量/检验（图文平台、性能检测）
J8470,苏州-客服专员,上海安谱实验科技股份有限公司,苏州,0,制造业质量/检验（成本管理、抖音）,供应链/物料/采购（物料管理、海外供应链）
J8471,充电桩运营专员,中茵电能科技有限公司,苏州,0,制造业质量/检验（成本管理、抖音）,制造业质量/检验（图文平台、性能检测）
J8472,预算部经理,永旺永乐服务管理集团有限公司,苏州,0,制造业质量/检验（成本管理、抖音）,制造业质量/检验（图文平台、性能检测）
J8473,房地产策划,苏州新嘉业因私出入境服务有限责任公司,苏州,0,制造业质量/检验（成本管理、抖音）,制造业质量/检验（图文平台、性能检测）
J8474,制程工程师,新代科技(苏州)有限公司,苏州,0,制造业质量/检验（成本管理、抖音）,制造业质量/检验（图文平台、性能检测）
J8475,精密机械调试工程师,营口金辰机械股份有限公司,苏州,0,制造业质量/检验（成本管理、抖音）,制造业质量/检验（图文平台、性能检测）
J8476,跨越速运【高级数据分析师】,跨越速运,苏州,2,数据分析/BI（数仓开发、kettle）,—
J8477,测试工程师-欣威电子（金华）,欣旺达电子,苏州,3,软件测试（信号测试、安全测试）,—
J8478,光电技术员,苏州库克光电技术有限公司,苏州,0,制造业质量/检验（成本管理、抖音）,制造业质量/检验（图文平台、性能检测）
J8479,品控经理,苏州兰斐文化传媒有限公司,苏州,0,制造业质量/检验（成本管理、抖音）,制造业质量/检验（图文平台、性能检测）
J8480,计划员,苏州蓝博控制技术有限公司,苏州,0,制造业质量/检验（成本管理、抖音）,制造业质量/检验（图文平台、性能检测）
J8481,繁育管理,赛业生物,苏州,0,制造业质量/检验（成本管理、抖音）,制造业质量/检验（图文平台、性能检测）
J8482,线束质量工程师,江苏亨通电力电缆有限公司,苏州,3,软件测试（信号测试、安全测试）,—
J8483,游戏策划助理,多益网络有限公司,苏州,0,制造业质量/检验（成本管理、抖音）,制造业质量/检验（图文平台、性能检测）
J8484,经营分析专员,苏州昊信精密科技有限公司,苏州,0,制造业质量/检验（成本管理、抖音）,供应链/物料/采购（物料管理、海外供应链）
J8485,不是销售！！！无责底薪1w/接受无经验/数据分析师,上海寻幔智能科技有限公司,苏州,2,数据分析/BI（数仓开发、kettle）,—
J8486,急招技工 月入8000,苏州能讯高能半导体有限公司,苏州,0,制造业质量/检验（成本管理、抖音）,制造业质量/检验（图文平台、性能检测）
J8487,PQM经理,苏州维信电子,苏州,0,制造业质量/检验（成本管理、抖音）,供应链/物料/采购（物料管理、海外供应链）
J8488,工艺工程师,北京清连科技有限公司,苏州,0,制造业质量/检验（成本管理、抖音）,制造业质量/检验（图文平台、性能检测）
J8489,销售经理（汾湖）,苏州伟业集团有限公司,苏州,0,制造业质量/检验（成本管理、抖音）,制造业质量/检验（图文平台、性能检测）
J8490,运营管理经理,天津丹盛包装有限公司,苏州,0,制造业质量/检验（成本管理、抖音）,供应链/物料/采购（物料管理、海外供应链）
J8491,CQE客户质量工程师,金雷股份,苏州,3,软件测试（信号测试、安全测试）,—
J8492,高级数据分析师,跨越速运,苏州,2,数据分析/BI（数仓开发、kettle）,—
J8493,金属材料工程师,张家港澳洋顺昌金属材料有限公司,苏州,0,制造业质量/检验（成本管理、抖音）,制造业质量/检验（图文平台、性能检测）
J8494,可行性研究经理,上海东方投资监理有限公司苏州分公司,苏州,0,制造业质量/检验（成本管理、抖音）,制造业质量/检验（图文平台、性能检测）
J8495,【外派】分公司总经理-E6832V,辽宁盛恒律师事务所,苏州,0,制造业质量/检验（成本管理、抖音）,制造业质量/检验（图文平台、性能检测）
J8496,绩效经理,张家港康得新,苏州,0,制造业质量/检验（成本管理、抖音）,制造业质量/检验（图文平台、性能检测）
J8497,策划经理（康养机构）,北京椿萱茂康养服务有限公司,苏州,0,制造业质量/检验（成本管理、抖音）,制造业质量/检验（图文平台、性能检测）
J8498,品质经理,苏州金弘峰电子有限公司,苏州,3,软件测试（信号测试、安全测试）,—
J8499,商品专员（可接受应届生）,盛博国际贸易(江苏)有限公司,苏州,0,制造业质量/检验（成本管理、抖音）,供应链/物料/采购（物料管理、海外供应链）
J8500,PE工程师（注塑工艺）,美特科技(苏州)有限公司,苏州,0,制造业质量/检验（成本管理、抖音）,制造业质量/检验（图文平台、性能检测）
J8501,成本核价工程师,震裕科技,苏州,0,制造业质量/检验（成本管理、抖音）,供应链/物料/采购（物料管理、海外供应链）
J8502,制造副理,吴江华丰电子科技有限公司,苏州,0,制造业质量/检验（成本管理、抖音）,制造业质量/检验（图文平台、性能检测）
J8503,人事经理-绩效专家,广州仕通人和企业管理咨询有限公司,苏州,0,制造业质量/检验（成本管理、抖音）,制造业质量/检验（图文平台、性能检测）
J8504,商品运营主管,苏州蒙佐网络科技有限公司,苏州,0,制造业质量/检验（成本管理、抖音）,供应链/物料/采购（物料管理、海外供应链）
J8505,产业招商专业副经理/经理,深圳市星河产业投资发展集团有限公司,苏州,0,制造业质量/检验（成本管理、抖音）,供应链/物料/采购（物料管理、海外供应链）
J8506,qc质量工程师,旭川化学(苏州)有限公司,苏州,3,软件测试（信号测试、安全测试）,—
J8507,中广核高新核材集团有限公司副总经理,中广核核技术发展股份有限公司,苏州,0,制造业质量/检验（成本管理、抖音）,制造业质量/检验（图文平台、性能检测）
J8508,物业增值零售,中化金茂物业管理(北京)有限公司,苏州,0,制造业质量/检验（成本管理、抖音）,制造业质量/检验（图文平台、性能检测）
J8509,高级数据分析师,跨越速运,苏州,2,数据分析/BI（数仓开发、kettle）,—
J8510,厂务科长,颀中科技(苏州)有限公司,苏州,0,制造业质量/检验（成本管理、抖音）,制造业质量/检验（图文平台、性能检测）
J8511,办公室内勤专员,江苏宏创巨建设工程有限公司,苏州,0,制造业质量/检验（成本管理、抖音）,制造业质量/检验（图文平台、性能检测）
J8512,量化研究员,天津亚群科技有限公司,苏州,0,制造业质量/检验（成本管理、抖音）,制造业质量/检验（图文平台、性能检测）
J8513,绩效管理（主管级）,苏州福星医疗养老产业集团有限公司,苏州,0,制造业质量/检验（成本管理、抖音）,制造业质量/检验（图文平台、性能检测）
J8514,经营分析科管理师,苏州明基医院,苏州,0,制造业质量/检验（成本管理、抖音）,制造业质量/检验（图文平台、性能检测）
J8515,品质经理,苏州骏恩电子科技有限公司,苏州,3,软件测试（信号测试、安全测试）,—
J8516,营销运营总监,苏州晶格电子有限公司,苏州,0,制造业质量/检验（成本管理、抖音）,制造业质量/检验（图文平台、性能检测）
J8517,产品经理,深圳市德晟达电子科技有限公司,苏州,6,产品/项目管理（国内市场、需求分析）,—
J8518,招商运营经理,江苏苏鑫建设有限公司,苏州,0,制造业质量/检验（成本管理、抖音）,制造业质量/检验（图文平台、性能检测）
J8519,文案（移民业务）,苏州新嘉业因私出入境服务有限责任公司,苏州,0,制造业质量/检验（成本管理、抖音）,制造业质量/检验（图文平台、性能检测）
J8520,工艺工程师（激光）,营口金辰机械股份有限公司,苏州,0,制造业质量/检验（成本管理、抖音）,制造业质量/检验（图文平台、性能检测）
J8521,质量工程师,苏州富砾新材料有限公司,苏州,3,软件测试（信号测试、安全测试）,—
J8522,图书推广运营,苏州研途教育科技有限公司,苏州,0,制造业质量/检验（成本管理、抖音）,制造业质量/检验（图文平台、性能检测）
J8523,集团统筹管理助理岗,苏州奕维斯特环保科技有限公司,苏州,0,制造业质量/检验（成本管理、抖音）,供应链/物料/采购（物料管理、海外供应链）
J8524,客户服务经理,苏州襄行具身智能科技有限公司,苏州,0,制造业质量/检验（成本管理、抖音）,制造业质量/检验（图文平台、性能检测）
J8525,锅炉车间生产厂长,上海扬诺锅炉制造有限公司,苏州,0,制造业质量/检验（成本管理、抖音）,制造业质量/检验（图文平台、性能检测）
J8526,cqe客诉质量工程师,赛腾股份,苏州,3,软件测试（信号测试、安全测试）,—
J8527,项目管理专员,安迈信息科技(昆山)有限公司,苏州,6,产品/项目管理（国内市场、需求分析）,—
J8528,可行性研究报告编撰师助理,中盛评估咨询有限公司,苏州,0,制造业质量/检验（成本管理、抖音）,供应链/物料/采购（物料管理、海外供应链）
J8529,高级数据分析师,跨越速运,苏州,2,数据分析/BI（数仓开发、kettle）,—
J8530,酒店预定,苏州轻住旅行社有限公司,苏州,0,制造业质量/检验（成本管理、抖音）,制造业质量/检验（图文平台、性能检测）
J8531,质量工程师（27届应届生）,昆山协多利,苏州,3,软件测试（信号测试、安全测试）,—
J8532,市场专员（江苏雅博）,艾兰得,苏州,0,制造业质量/检验（成本管理、抖音）,制造业质量/检验（图文平台、性能检测）
J8533,pmc生产计划员,苏州伟创电气科技股份有限公司,苏州,0,制造业质量/检验（成本管理、抖音）,制造业质量/检验（图文平台、性能检测）
J8534,华东经营性HRBP,广东加福加德食品技术股份有限公司,苏州,0,制造业质量/检验（成本管理、抖音）,供应链/物料/采购（物料管理、海外供应链）
J8535,产业招商专业副总监/总监,深圳市星河产业投资发展集团有限公司,苏州,0,制造业质量/检验（成本管理、抖音）,供应链/物料/采购（物料管理、海外供应链）
J8536,工艺工程师,杭州博日科技股份有限公司,苏州,0,制造业质量/检验（成本管理、抖音）,供应链/物料/采购（物料管理、海外供应链）
J8537,客服专员-苏州(J16157),震坤行工业超市(上海)有限公司,苏州,0,制造业质量/检验（成本管理、抖音）,供应链/物料/采购（物料管理、海外供应链）
J8538,机械设备工程师,上海昭洋远科信息科技有限公司,苏州,0,制造业质量/检验（成本管理、抖音）,制造业质量/检验（图文平台、性能检测）
J8539,项目部助理,昆山铎丰机械设备有限公司,苏州,0,制造业质量/检验（成本管理、抖音）,供应链/物料/采购（物料管理、海外供应链）
J8540,装配工程师,科锐尔人力资源服务(苏州)有限公司,苏州,0,制造业质量/检验（成本管理、抖音）,制造业质量/检验（图文平台、性能检测）
J8541,仓库主管,信音电子(中国)股份有限公司,苏州,0,制造业质量/检验（成本管理、抖音）,制造业质量/检验（图文平台、性能检测）
J8542,生产技术员（公用工程）,诺维信(中国)投资有限公司,苏州,0,制造业质量/检验（成本管理、抖音）,制造业质量/检验（图文平台、性能检测）
J8543,制造工程师 机加工,德特兰特(苏州)商务信息咨询有限公司,苏州,0,制造业质量/检验（成本管理、抖音）,制造业质量/检验（图文平台、性能检测）
J8544,高级数据分析师,跨越速运,苏州,2,数据分析/BI（数仓开发、kettle）,—
J8545,仿真助理,江苏新美星物流科技有限公司,苏州,0,制造业质量/检验（成本管理、抖音）,制造业质量/检验（图文平台、性能检测）
J8546,招商经理（苏州）,天虹股份,苏州,0,制造业质量/检验（成本管理、抖音）,制造业质量/检验（图文平台、性能检测）
J8547,质量工程师（塑料行业）,昆山科信高分子材料有限公司,苏州,3,软件测试（信号测试、安全测试）,—
J8548,主数据服务主管,外企德科,苏州,0,制造业质量/检验（成本管理、抖音）,供应链/物料/采购（物料管理、海外供应链）
J8549,PCB成型工艺工程师(J10385),毅嘉电子（苏州）有限公司,苏州,0,制造业质量/检验（成本管理、抖音）,制造业质量/检验（图文平台、性能检测）
J8550,物业经理助理,汇赢商业管理(苏州)有限公司,苏州,0,制造业质量/检验（成本管理、抖音）,供应链/物料/采购（物料管理、海外供应链）
J8551,租后管理,江苏同泽电子科技有限公司,苏州,0,制造业质量/检验（成本管理、抖音）,制造业质量/检验（图文平台、性能检测）
J8552,GIS数据工程师,江苏拓普森房地产资产评估规划测绘有限公司,苏州,2,数据分析/BI（数仓开发、kettle）,—
J8553,展示文件,苏州新嘉业因私出入境服务有限责任公司,苏州,0,制造业质量/检验（成本管理、抖音）,制造业质量/检验（图文平台、性能检测）
J8554,采购工程师,优联电气系统（苏州）有限公司,苏州,0,制造业质量/检验（成本管理、抖音）,制造业质量/检验（图文平台、性能检测）
J8555,软件产品经理,美的集团,苏州,6,产品/项目管理（国内市场、需求分析）,—
J8556,供应商质量管理-昆山,AAC Technologies Holdings Inc.,苏州,0,制造业质量/检验（成本管理、抖音）,制造业质量/检验（图文平台、性能检测）
J8557,减速机测试工程师,博能传动(苏州)有限公司,苏州,3,软件测试（信号测试、安全测试）,—
J8558,运营主管,苏州速充新能源科技有限公司,苏州,0,制造业质量/检验（成本管理、抖音）,制造业质量/检验（图文平台、性能检测）
J8559,预算主管,威鲨建设集团有限公司无锡分公司,苏州,0,制造业质量/检验（成本管理、抖音）,制造业质量/检验（图文平台、性能检测）
J8560,商品专员,盛博国际贸易(江苏)有限公司,苏州,0,制造业质量/检验（成本管理、抖音）,供应链/物料/采购（物料管理、海外供应链）
J8561,高级数据分析师,跨越速运,苏州,2,数据分析/BI（数仓开发、kettle）,—
J8562,数位化工程师,吴江华丰电子科技有限公司,苏州,0,制造业质量/检验（成本管理、抖音）,数据/统计分析（数据建模、统计学）
J8563,运营分析课长,建直光电,苏州,0,制造业质量/检验（成本管理、抖音）,数据/统计分析（数据建模、统计学）
J8564,销售经理（线束）,鸣志电器,苏州,0,制造业质量/检验（成本管理、抖音）,制造业质量/检验（图文平台、性能检测）
J8565,CQE客户质量工程师,苏州启威电子有限公司,苏州,3,软件测试（信号测试、安全测试）,—
J8566,生产计划专员,江苏科莱泰克科技有限公司,苏州,0,制造业质量/检验（成本管理、抖音）,供应链/物料/采购（物料管理、海外供应链）
J8567,电驱动PQE工程师,江苏协昌电子科技集团股份有限公司,苏州,5,嵌入式/硬件（rtos、32位单片机）,—
J8568,电商运营（天猫/京东/拼多多）,苏州太湖雪丝绸股份有限公司,苏州,0,制造业质量/检验（成本管理、抖音）,供应链/物料/采购（物料管理、海外供应链）
J8569,财务分析,新大洲本田摩托有限公司,苏州,0,制造业质量/检验（成本管理、抖音）,供应链/物料/采购（物料管理、海外供应链）
J8570,测试工程师-电机(J12623),英威腾,苏州,3,软件测试（信号测试、安全测试）,—
J8571,物料计划专员,苏州信申电子有限公司,苏州,0,制造业质量/检验（成本管理、抖音）,制造业质量/检验（图文平台、性能检测）
J8572,报表交付工程师,苏州复盈新材股份有限公司,苏州,0,制造业质量/检验（成本管理、抖音）,制造业质量/检验（图文平台、性能检测）
J8573,QPM(包头、国外),包头市英思特稀磁新材料股份有限公司,苏州,0,制造业质量/检验（成本管理、抖音）,质量检验（qa、qc）
J8574,苏州风华精益改善岗(J11117),风华高科,苏州,0,制造业质量/检验（成本管理、抖音）,供应链/物料/采购（物料管理、海外供应链）
J8575,数据标注项目专员（智驾）,苏州柏川数据科技有限公司,苏州,0,制造业质量/检验（成本管理、抖音）,制造业质量/检验（图文平台、性能检测）
J8576,可行性研究报告编撰师,中盛评估咨询有限公司,苏州,0,制造业质量/检验（成本管理、抖音）,制造业质量/检验（图文平台、性能检测）
J8577,经营分析经理,恒美光电股份有限公司,苏州,0,制造业质量/检验（成本管理、抖音）,供应链/物料/采购（物料管理、海外供应链）
J8578,生产经理,昆山艾尼维尔电子有限公司,苏州,0,制造业质量/检验（成本管理、抖音）,制造业质量/检验（图文平台、性能检测）
J8579,运营专员,苏州思得普信息科技有限公司,苏州,0,制造业质量/检验（成本管理、抖音）,供应链/物料/采购（物料管理、海外供应链）
J8580,研发助理,苏州市新诚氏通讯电子股份有限公司,苏州,0,制造业质量/检验（成本管理、抖音）,制造业质量/检验（图文平台、性能检测）
J8581,高级督控分析师,跨越速运,苏州,0,制造业质量/检验（成本管理、抖音）,制造业质量/检验（图文平台、性能检测）
J8582,Stability Statistical Analysis （Junior Scientist）,上海鸣浩仪器科技有限公司,苏州,2,数据分析/BI（数仓开发、kettle）,—
J8583,景区门店经理,无锡怀袖雅物文化艺术品有限公司,苏州,0,制造业质量/检验（成本管理、抖音）,制造业质量/检验（图文平台、性能检测）
J8584,跨境电商运营,益而益(集团)有限公司,苏州,0,制造业质量/检验（成本管理、抖音）,制造业质量/检验（图文平台、性能检测）
J8585,市场部经理(J10117),山东德州扒鸡股份有限公司,苏州,0,制造业质量/检验（成本管理、抖音）,制造业质量/检验（图文平台、性能检测）
J8586,QE质量工程师,苏州市纽莱克电子科技有限公司,苏州,3,软件测试（信号测试、安全测试）,—
J8587,采购成本核算专员,咖博士,苏州,0,制造业质量/检验（成本管理、抖音）,供应链/物料/采购（物料管理、海外供应链）
J8588,苏州 地产运营经理（新房 二手房）,江苏搜好房网络信息科技有限公司,苏州,0,制造业质量/检验（成本管理、抖音）,制造业质量/检验（图文平台、性能检测）
J8589,检测公司检测工程师,苏州高新城市交通发展集团有限公司,苏州,0,制造业质量/检验（成本管理、抖音）,制造业质量/检验（图文平台、性能检测）
J8590,产品运营,陕西玄度智能科技有限公司,苏州,6,产品/项目管理（国内市场、需求分析）,—
J8591,钢材销售业务员,沙钢控股集团有限公司,苏州,0,制造业质量/检验（成本管理、抖音）,制造业质量/检验（图文平台、性能检测）
J8592,薪酬绩效课长(J10143),苏州星宇智能制造有限公司,苏州,0,制造业质量/检验（成本管理、抖音）,供应链/物料/采购（物料管理、海外供应链）
J8593,三坐标工程师（蔡司）,江苏烽禾升智能科技有限公司,苏州,0,制造业质量/检验（成本管理、抖音）,质量检验（qa、qc）
J8594,产品专员,苏州瑞特佰生物科技有限公司,苏州,6,产品/项目管理（国内市场、需求分析）,—
J8595,电子工程师/硬件工程师,帝威衡贸易(太仓)有限公司,苏州,5,嵌入式/硬件（rtos、32位单片机）,—
J8596,新媒体运营,苏州优格全方企业管理有限公司,苏州,0,制造业质量/检验（成本管理、抖音）,制造业质量/检验（图文平台、性能检测）
J8597,鞋服商品专员（接受应届生）,盛博国际贸易(江苏)有限公司,苏州,0,制造业质量/检验（成本管理、抖音）,供应链/物料/采购（物料管理、海外供应链）
J8598,高级数据分析师,跨越速运,苏州,2,数据分析/BI（数仓开发、kettle）,—
J8599,金融储备实习生,金麦科技(苏州)有限公司,苏州,0,制造业质量/检验（成本管理、抖音）,制造业质量/检验（图文平台、性能检测）
J8600,SAS程序员,苏州亦诺微医药科技有限公司,苏州,0,制造业质量/检验（成本管理、抖音）,数据/统计分析（数据建模、统计学）
J8601,高级SAS程序师,北京方胜远临医药科技有限公司,苏州,0,制造业质量/检验（成本管理、抖音）,数据/统计分析（数据建模、统计学）
J8602,SAS编程员/资深SAS编程员,斯丹姆,苏州,0,制造业质量/检验（成本管理、抖音）,制造业质量/检验（图文平台、性能检测）
J8603,探伤检验员,金雷股份,苏州,0,制造业质量/检验（成本管理、抖音）,制造业质量/检验（图文平台、性能检测）
J8604,计划与控制岗(J52955),京东方科技集团股份有限公司,苏州,0,制造业质量/检验（成本管理、抖音）,数据/统计分析（数据建模、统计学）
J8605,投资 项目经理,苏州市光华实业（集团）有限公司,苏州,6,产品/项目管理（国内市场、需求分析）,—
J8606,电商运营,苏州顺和丰家电科技有限公司,苏州,0,制造业质量/检验（成本管理、抖音）,制造业质量/检验（图文平台、性能检测）
J8607,市场营销部经理（苏州）,中科融能(盐城)科技有限公司,苏州,0,制造业质量/检验（成本管理、抖音）,制造业质量/检验（图文平台、性能检测）
J8608,招商专员,昆山国瑞物业管理有限公司,苏州,0,制造业质量/检验（成本管理、抖音）,制造业质量/检验（图文平台、性能检测）
J8609,项目经理,长春宏成供电有限公司,苏州,6,产品/项目管理（国内市场、需求分析）,—
J8610,业务助理,苏州瑞高新材料股份有限公司,苏州,0,制造业质量/检验（成本管理、抖音）,数据/统计分析（数据建模、统计学）
J8611,工艺制程工程师(2027校招),友达光电(昆山)有限公司,苏州,0,制造业质量/检验（成本管理、抖音）,制造业质量/检验（图文平台、性能检测）
J8612,行政主管,南京楹焯外语培训中心有限公司,苏州,0,制造业质量/检验（成本管理、抖音）,制造业质量/检验（图文平台、性能检测）
J8613,售后服务专员,江苏同泽电子科技有限公司,苏州,0,制造业质量/检验（成本管理、抖音）,制造业质量/检验（图文平台、性能检测）
J8614,资深MQE,航天电器,苏州,0,制造业质量/检验（成本管理、抖音）,制造业质量/检验（图文平台、性能检测）
J8615,城市经理,深圳九方智运车辆运营科技有限公司,苏州,0,制造业质量/检验（成本管理、抖音）,制造业质量/检验（图文平台、性能检测）
J8616,面料采购助理,苏州正雄企业发展有限公司,苏州,0,制造业质量/检验（成本管理、抖音）,制造业质量/检验（图文平台、性能检测）
J8617,品质主管,苏州海光五金电子有限公司,苏州,3,软件测试（信号测试、安全测试）,—
J8618,废水工艺设计工程师,苏州博元兴电子设备有限公司,苏州,0,制造业质量/检验（成本管理、抖音）,供应链/物料/采购（物料管理、海外供应链）
J8619,工艺工程经理,南通大地电气股份有限公司,苏州,0,制造业质量/检验（成本管理、抖音）,制造业质量/检验（图文平台、性能检测）
J8620,事业合伙人/产品经理,胥瓷信息科技(苏州)有限公司,苏州,6,产品/项目管理（国内市场、需求分析）,—
J8621,质量检验员,金雷股份,苏州,0,制造业质量/检验（成本管理、抖音）,制造业质量/检验（图文平台、性能检测）
J8622,调度专员,跨越速运,苏州,0,制造业质量/检验（成本管理、抖音）,供应链/物料/采购（物料管理、海外供应链）
J8623,工艺工程师-发动机,新大洲本田摩托有限公司,苏州,0,制造业质量/检验（成本管理、抖音）,制造业质量/检验（图文平台、性能检测）
J8624,苏州风华产品研发岗(J11217),风华高科,苏州,6,产品/项目管理（国内市场、需求分析）,—
J8625,薪资绩效专员,昆山瀚宇国际物流服务有限公司,苏州,0,制造业质量/检验（成本管理、抖音）,制造业质量/检验（图文平台、性能检测）
J8626,工程师/通用设备（维护）,苏州维信电子,苏州,0,制造业质量/检验（成本管理、抖音）,制造业质量/检验（图文平台、性能检测）
J8627,诚招电镀工,苏州纳鼎新材料有限公司,苏州,0,制造业质量/检验（成本管理、抖音）,供应链/物料/采购（物料管理、海外供应链）
J8628,采购,北京云杉世界信息技术集团有限公司,苏州,0,制造业质量/检验（成本管理、抖音）,制造业质量/检验（图文平台、性能检测）
J8629,营销副总裁助理,益而益(集团)有限公司,苏州,0,制造业质量/检验（成本管理、抖音）,制造业质量/检验（图文平台、性能检测）
J8630,财务专员,苏州中成新能源科技股份有限公司,苏州,0,制造业质量/检验（成本管理、抖音）,制造业质量/检验（图文平台、性能检测）
J8631,3D打印测试工程师,艾普创聚合物材料(苏州)有限公司,苏州,3,软件测试（信号测试、安全测试）,—
J8632,销售,猎聘,苏州,0,制造业质量/检验（成本管理、抖音）,制造业质量/检验（图文平台、性能检测）
J8633,焊接主管/焊接工程师,江西豪斯特汽车零部件有限公司,苏州,0,制造业质量/检验（成本管理、抖音）,制造业质量/检验（图文平台、性能检测）
J8634,数据服务主管,上海寰通商务科技有限公司,苏州,0,制造业质量/检验（成本管理、抖音）,供应链/物料/采购（物料管理、海外供应链）
J8635,证券投资顾问,国泰海通证券股份有限公司苏州苏州大道东证券营业部,苏州,0,制造业质量/检验（成本管理、抖音）,制造业质量/检验（图文平台、性能检测）
J8636,商务经理,江苏昊华建设集团有限公司,苏州,0,制造业质量/检验（成本管理、抖音）,制造业质量/检验（图文平台、性能检测）
J8637,杂物社零售管培生（可以接受调配）,九木杂物社企业管理有限公司,苏州,0,制造业质量/检验（成本管理、抖音）,制造业质量/检验（图文平台、性能检测）
J8638,滴定分析员,苏州卡文电子有限公司,苏州,0,制造业质量/检验（成本管理、抖音）,制造业质量/检验（图文平台、性能检测）
J8639,物资管理岗,中建二局土木工程集团有限公司,苏州,0,制造业质量/检验（成本管理、抖音）,制造业质量/检验（图文平台、性能检测）
J8640,培训专员,跨越速运,苏州,0,制造业质量/检验（成本管理、抖音）,供应链/物料/采购（物料管理、海外供应链）
J8641,工艺制程工程师,友达光电(昆山)有限公司,苏州,0,制造业质量/检验（成本管理、抖音）,制造业质量/检验（图文平台、性能检测）
J8642,SEM运营专员（百度/神马）,江苏上骐集团有限公司,苏州,0,制造业质量/检验（成本管理、抖音）,制造业质量/检验（图文平台、性能检测）
J8643,整车助理工程师,华业检测技术服务有限公司,苏州,0,制造业质量/检验（成本管理、抖音）,制造业质量/检验（图文平台、性能检测）
J8644,大区经理（江苏省内）,盛博国际贸易(江苏)有限公司,苏州,0,制造业质量/检验（成本管理、抖音）,制造业质量/检验（图文平台、性能检测）
J8645,2027届管培生（星动力）,红星美凯龙,苏州,0,制造业质量/检验（成本管理、抖音）,制造业质量/检验（图文平台、性能检测）
J8646,成本核算专员,苏州印加贸易有限公司,苏州,0,制造业质量/检验（成本管理、抖音）,供应链/物料/采购（物料管理、海外供应链）
J8647,高分子材料工程师,金雷股份,苏州,0,制造业质量/检验（成本管理、抖音）,制造业质量/检验（图文平台、性能检测）
J8648,跨境电商运营,苏州烨腾贸易有限公司,苏州,0,制造业质量/检验（成本管理、抖音）,制造业质量/检验（图文平台、性能检测）
J8649,qe品质工程师,上海敏硕机电科技有限公司,苏州,3,软件测试（信号测试、安全测试）,—
J8650,项目成本经理,江苏泽丰建设集团有限公司,苏州,0,制造业质量/检验（成本管理、抖音）,制造业质量/检验（图文平台、性能检测）
J8651,注塑厂IE工程师（马厂）(J10430),毅嘉电子（苏州）有限公司,苏州,0,制造业质量/检验（成本管理、抖音）,供应链/物料/采购（物料管理、海外供应链）
J8652,风能线束工艺工程师,江苏亨通线缆科技有限公司,苏州,0,制造业质量/检验（成本管理、抖音）,制造业质量/检验（图文平台、性能检测）
J8653,服装跨境电商运营总监/经理,苏州詹仕铂新材料科技有限公司,苏州,0,制造业质量/检验（成本管理、抖音）,制造业质量/检验（图文平台、性能检测）
J8654,招聘专员/助理,江苏隐功科技有限公司,苏州,0,制造业质量/检验（成本管理、抖音）,制造业质量/检验（图文平台、性能检测）
J8655,网络销售专员,苏州晶格电子有限公司,苏州,0,制造业质量/检验（成本管理、抖音）,制造业质量/检验（图文平台、性能检测）
J8656,财务总监,江苏华钛瑞翔科技有限公司,苏州,0,制造业质量/检验（成本管理、抖音）,制造业质量/检验（图文平台、性能检测）
J8657,亚马逊运营助理,苏州麦格达斯进出口有限公司,苏州,0,制造业质量/检验（成本管理、抖音）,制造业质量/检验（图文平台、性能检测）
J8658,业务经理,新疆天富国际经贸有限公司张家港保税区国际贸易分公司,苏州,0,制造业质量/检验（成本管理、抖音）,制造业质量/检验（图文平台、性能检测）
J8659,Marketing Specialist(SI),米巴精密零部件（中国）有限公司,苏州,0,制造业质量/检验（成本管理、抖音）,供应链/物料/采购（物料管理、海外供应链）
J8660,预决算成本管理专员,江苏国立联合工程有限公司,苏州,0,制造业质量/检验（成本管理、抖音）,制造业质量/检验（图文平台、性能检测）
J8661,线束产品工程师,苏州跃虹晟科技有限公司,苏州,6,产品/项目管理（国内市场、需求分析）,—
J8662,雷达信号处理算法实习生,苏州锐武微电子有限公司,苏州,7,算法/人工智能（智能驾驶、传感器融合）,—
J8663,算法工程师,昆山华恒焊接股份有限公司,苏州,7,算法/人工智能（智能驾驶、传感器融合）,—
J8664,算法工程师,纳博特,苏州,7,算法/人工智能（智能驾驶、传感器融合）,—
J8665,AI 智能体工程师（B 端方向）,中亿丰控股集团有限公司,苏州,7,算法/人工智能（智能驾驶、传感器融合）,—
J8666,算法工程师,江苏高凯精密流体技术股份有限公司,苏州,7,算法/人工智能（智能驾驶、传感器融合）,—
J8667,算法工程师助理,苏州振畅智能科技有限公司,苏州,7,算法/人工智能（智能驾驶、传感器融合）,—
J8668,算法工程师（苏州）,南京英达公路养护车制造有限公司,苏州,7,算法/人工智能（智能驾驶、传感器融合）,—
J8669,自适应算法工程师,苏州千机智能技术有限公司,苏州,7,算法/人工智能（智能驾驶、传感器融合）,—
J8670,算法工程师,京西智行(北京)汽车电子科技有限公司,苏州,7,算法/人工智能（智能驾驶、传感器融合）,—
J8671,优化算法工程师,北京雷泰腾飞医疗科技有限公司,苏州,7,算法/人工智能（智能驾驶、传感器融合）,—
J8672,AI智能体开发工程师,创材深造(天津)科技有限公司,苏州,4,后端开发（hibernate、linux开发）,—
J8673,雷达算法工程师,天镜韵湖(昆山)科技有限公司,苏州,7,算法/人工智能（智能驾驶、传感器融合）,—
J8674,算法工程师,苏州海里克斯智能科技有限公司,苏州,7,算法/人工智能（智能驾驶、传感器融合）,—
J8675,雷达算法工程师,苏州天镜韵湖智能科技有限公司,苏州,7,算法/人工智能（智能驾驶、传感器融合）,—
J8676,算法工程师（信号处理）,苏州桑泰海洋仪器研发有限责任公司,苏州,7,算法/人工智能（智能驾驶、传感器融合）,—
J8677,工艺算法工程师（2026届毕业生）,江苏北人,苏州,7,算法/人工智能（智能驾驶、传感器融合）,—
J8678,仿真软件研发工程师,北京格瑞纳电子产品有限公司,苏州,0,制造业质量/检验（成本管理、抖音）,硬件/仪器/自动化（组态软件、scratch）
J8679,全主动软件算法专家,京西智行(北京)汽车电子科技有限公司,苏州,7,算法/人工智能（智能驾驶、传感器融合）,—
J8680,算法工程师,灵识(郑州)智能科技有限公司,苏州,7,算法/人工智能（智能驾驶、传感器融合）,—
J8681,图像算法（AOI）,科锐尔人力资源服务(苏州)有限公司,苏州,7,算法/人工智能（智能驾驶、传感器融合）,—
J8682,人工智能开发工程师,华苏科技,苏州,7,算法/人工智能（智能驾驶、传感器融合）,—
J8683,算法工程师（苏州）(J10027),胜科纳米(苏州)股份有限公司,苏州,7,算法/人工智能（智能驾驶、传感器融合）,—
J8684,图像处理算法工程师,苏州桑泰海洋仪器研发有限责任公司,苏州,7,算法/人工智能（智能驾驶、传感器融合）,—
J8685,算法主管,苏州振畅智能科技有限公司,苏州,7,算法/人工智能（智能驾驶、传感器融合）,—
J8686,算法工程师,江苏北人,苏州,7,算法/人工智能（智能驾驶、传感器融合）,—
J8687,算法专家,俐玛精密测量技术(苏州)有限公司,苏州,7,算法/人工智能（智能驾驶、传感器融合）,—
J8688,视觉算法工程师,苏州凌风科技有限公司,苏州,7,算法/人工智能（智能驾驶、传感器融合）,—
J8689,ai算法工程师,笑纳科技(苏州)有限公司,苏州,7,算法/人工智能（智能驾驶、传感器融合）,—
J8690,雷达信号处理算法工程师,苏州锐武微电子有限公司,苏州,7,算法/人工智能（智能驾驶、传感器融合）,—
J8691,3D点云算法工程师,苏州赫芯科技有限公司,苏州,7,算法/人工智能（智能驾驶、传感器融合）,—
J8692,视觉算法工程师,领胜城科技(江苏)有限公司,苏州,7,算法/人工智能（智能驾驶、传感器融合）,—
J8693,世界模型训练与真机部署研究员 / 工程师,苏州海里克斯智能科技有限公司,苏州,0,制造业质量/检验（成本管理、抖音）,算法/AI 应用（tensorflow、vit）
J8694,构网算法工程师/高工/主任,苏州阿特斯新能源发展股份有限公司,苏州,7,算法/人工智能（智能驾驶、传感器融合）,—
J8695,SAR信号处理算法工程师,苏州天镜韵湖智能科技有限公司,苏州,7,算法/人工智能（智能驾驶、传感器融合）,—
J8696,图像处理算法工程师,苏州矽视科技有限公司,苏州,7,算法/人工智能（智能驾驶、传感器融合）,—
J8697,AGV软件开发工程师,苏州旗开得电子科技有限公司,苏州,4,后端开发（hibernate、linux开发）,—
J8698,CT 物理及算法工程师,上海微创软件股份有限公司,苏州,7,算法/人工智能（智能驾驶、传感器融合）,—
J8699,图像算法工程师,哈尔滨大鹏工业股份有限公司,苏州,7,算法/人工智能（智能驾驶、传感器融合）,—
J8700,图像算法工程师,俐玛精密测量技术(苏州)有限公司,苏州,7,算法/人工智能（智能驾驶、传感器融合）,—
J8701,资深DCDC软件算法工程师,耐力股份有限公司,苏州,7,算法/人工智能（智能驾驶、传感器融合）,—
J8702,图像算法工程师,北京华夏视科技术股份有限公司,苏州,7,算法/人工智能（智能驾驶、传感器融合）,—
J8703,SAR信号处理算法工程师,天镜韵湖(昆山)科技有限公司,苏州,7,算法/人工智能（智能驾驶、传感器融合）,—
J8704,图像算法工程师,苏州维嘉科技股份有限公司,苏州,7,算法/人工智能（智能驾驶、传感器融合）,—
J8705,SAR干涉与定量反演工程师,中科宇达(北京)科技有限公司,苏州,0,制造业质量/检验（成本管理、抖音）,制造业质量/检验（图文平台、性能检测）
J8706,3D点云配准算法实习生（面阵3D视觉方向）,江苏北人,苏州,7,算法/人工智能（智能驾驶、传感器融合）,—
J8707,感知算法工程师,盐城中科高通量计算研究院有限公司,苏州,7,算法/人工智能（智能驾驶、传感器融合）,—
J8708,运动控制工程师,长春合心机械制造有限公司,苏州,0,制造业质量/检验（成本管理、抖音）,硬件/仪器/自动化（组态软件、scratch）
J8709,机械臂应用工程师,北京绿洲清能科技有限公司,苏州,0,制造业质量/检验（成本管理、抖音）,硬件/仪器/自动化（组态软件、scratch）
J8710,ai算法工程师,江苏明益信智能设备股份有限公司,苏州,7,算法/人工智能（智能驾驶、传感器融合）,—
J8711,图像算法工程师（张家港）,杭州可帮基因科技有限公司,苏州,7,算法/人工智能（智能驾驶、传感器融合）,—
J8712,图像算法工程师,科芃智能科技(苏州)有限公司,苏州,7,算法/人工智能（智能驾驶、传感器融合）,—
J8713,机器视觉算法工程师,苏州星宇智能制造有限公司,苏州,7,算法/人工智能（智能驾驶、传感器融合）,—
J8714,CAM内核算法工程师,苏州千机智能技术有限公司,苏州,7,算法/人工智能（智能驾驶、传感器融合）,—
J8715,导航算法工程师,苏州极智律动科技有限公司,苏州,7,算法/人工智能（智能驾驶、传感器融合）,—
J8716,机器人运动规划算法工程师（物理AI/自主作业方向）,苏州嘉实倍斯工业科技有限公司,苏州,7,算法/人工智能（智能驾驶、传感器融合）,—
J8717,视觉算法工程师,昆山捷嵘发测控设备有限公司,苏州,7,算法/人工智能（智能驾驶、传感器融合）,—
J8718,AGV算法负责人,江苏上骐集团有限公司,苏州,7,算法/人工智能（智能驾驶、传感器融合）,—
J8719,电机控制算法工程师,湖北聚博汇人力资源有限公司,苏州,7,算法/人工智能（智能驾驶、传感器融合）,—
J8720,算法工程师,深圳市弗斯德智能科技有限公司,苏州,7,算法/人工智能（智能驾驶、传感器融合）,—
J8721,机器人运动算法工程师,大连纳思达汽车设备有限公司,苏州,7,算法/人工智能（智能驾驶、传感器融合）,—
J8722,强化学习算法工程师1（苏州）,鹏劳人力,苏州,7,算法/人工智能（智能驾驶、传感器融合）,—
J8723,规控算法工程师,深圳市德塔工业智能电动汽车有限公司,苏州,7,算法/人工智能（智能驾驶、传感器融合）,—
J8724,图像算法工程师,苏州赫芯科技有限公司,苏州,7,算法/人工智能（智能驾驶、传感器融合）,—
J8725,机器人软件工程师,北京绿洲清能科技有限公司,苏州,4,后端开发（hibernate、linux开发）,—
J8726,机器人视觉算法工程师,长春合心机械制造有限公司,苏州,7,算法/人工智能（智能驾驶、传感器融合）,—
J8727,感知算法工程师,苏州光格科技股份有限公司,苏州,7,算法/人工智能（智能驾驶、传感器融合）,—
J8728,ROS 机器人应用开发工程师,中达电子(江苏)有限公司,苏州,4,后端开发（hibernate、linux开发）,—
J8729,运控方向软件工程师,汇智优才(沈阳)人力资源服务有限公司,苏州,4,后端开发（hibernate、linux开发）,—
J8730,机器视觉算法工程师（3D视觉）,科芃智能科技(苏州)有限公司,苏州,7,算法/人工智能（智能驾驶、传感器融合）,—
J8731,图像算法工程师,苏州佳智彩光电科技有限公司,苏州,7,算法/人工智能（智能驾驶、传感器融合）,—
J8732,在长沙 国企直签 算法工程师（多方向可选！）,常州量聘人力资源有限公司,苏州,7,算法/人工智能（智能驾驶、传感器融合）,—
J8733,机器视觉算法工程师,苏州沐光技术有限公司,苏州,7,算法/人工智能（智能驾驶、传感器融合）,—
J8734,自动化软件工程师（运动控制算法）,江苏科瑞恩科技股份有限公司,苏州,7,算法/人工智能（智能驾驶、传感器融合）,—
J8735,中/高级视觉算法工程师,常州科瑞尔科技有限公司,苏州,7,算法/人工智能（智能驾驶、传感器融合）,—
J8736,高级图像算法工程师,胜科纳米(苏州)股份有限公司,苏州,7,算法/人工智能（智能驾驶、传感器融合）,—
J8737,3D视觉算法工程师,苏州锐涛光电科技有限公司,苏州,7,算法/人工智能（智能驾驶、传感器融合）,—
J8738,视觉算法工程师,昆山和博芯创电子科技有限公司,苏州,7,算法/人工智能（智能驾驶、传感器融合）,—
J8739,伺服电机控制算法工程师,江苏烽禾升智能科技有限公司,苏州,7,算法/人工智能（智能驾驶、传感器融合）,—
J8740,视觉应用工程师（奖金+分红）,成都利视通光电科技有限公司,苏州,7,算法/人工智能（智能驾驶、传感器融合）,—
J8741,java/Python/C/C++/JS/AI算法/软件测试,外企德科数字技术有限公司,苏州,3,软件测试（信号测试、安全测试）,—
J8742,规划与控制算法工程师,奥克福(苏州)科技有限公司,苏州,7,算法/人工智能（智能驾驶、传感器融合）,—
J8743,视觉算法工程师,东声(苏州)智能科技有限公司,苏州,7,算法/人工智能（智能驾驶、传感器融合）,—
J8744,运动控制算法工程师,苏州奥泓创自动化科技有限公司,苏州,7,算法/人工智能（智能驾驶、传感器融合）,—
J8745,软件算法工程师,苏州市机器人产业协会,苏州,7,算法/人工智能（智能驾驶、传感器融合）,—
J8746,机器视觉算法工程师,苏州嘉铭塑胶五金制品有限公司,苏州,7,算法/人工智能（智能驾驶、传感器融合）,—
J8747,软件运动控制工程师,苏州星宇智能制造有限公司,苏州,0,制造业质量/检验（成本管理、抖音）,制造业质量/检验（图文平台、性能检测）
J8748,视觉算法工程师,国讯芯微(苏州)科技有限公司,苏州,7,算法/人工智能（智能驾驶、传感器融合）,—
J8749,机器视觉算法工程师,中达电子(江苏)有限公司,苏州,7,算法/人工智能（智能驾驶、传感器融合）,—
J8750,算法工程师,深圳市弗斯德智能科技有限公司,苏州,7,算法/人工智能（智能驾驶、传感器融合）,—
J8751,机器人软件工程师,北京绿洲清能科技有限公司,苏州,4,后端开发（hibernate、linux开发）,—
J8752,运动控制软件工程师,营口金辰机械股份有限公司,苏州,4,后端开发（hibernate、linux开发）,—
J8753,中级Demura算法工程师,苏州佳智彩光电科技有限公司,苏州,7,算法/人工智能（智能驾驶、传感器融合）,—
J8754,智驾决策规划算法工程师,盐城中科高通量计算研究院有限公司,苏州,7,算法/人工智能（智能驾驶、传感器融合）,—
J8755,视觉算法开发,福耀集团,苏州,7,算法/人工智能（智能驾驶、传感器融合）,—
J8756,地图定位工程师,深圳市德塔工业智能电动汽车有限公司,苏州,0,制造业质量/检验（成本管理、抖音）,制造业质量/检验（图文平台、性能检测）
J8757,AGV/AMR 导航与控制算法工程师,日照品特裕华纺织科技有限公司,苏州,7,算法/人工智能（智能驾驶、传感器融合）,—
J8758,slam算法工程师-机器人,上海蒙帕智能科技股份有限公司,苏州,7,算法/人工智能（智能驾驶、传感器融合）,—
J8759,机器人模拟工程师,汇智优才(沈阳)人力资源服务有限公司,苏州,0,制造业质量/检验（成本管理、抖音）,硬件/仪器/自动化（组态软件、scratch）
J8760,规控算法工程师,三一重机,苏州,7,算法/人工智能（智能驾驶、传感器融合）,—
J8761,医学图像算法实习生（张家港）,杭州可帮基因科技有限公司,苏州,7,算法/人工智能（智能驾驶、传感器融合）,—
J8762,车载感知算法工程师（真值、模型开发、融合感知…,烟台睿创微纳技术股份有限公司,苏州,7,算法/人工智能（智能驾驶、传感器融合）,—
J8763,自动化软件工程师(运动控制算法),江苏科瑞恩科技股份有限公司,苏州,7,算法/人工智能（智能驾驶、传感器融合）,—
J8764,研发专家（运动控制）,华工激光,苏州,0,制造业质量/检验（成本管理、抖音）,制造业质量/检验（图文平台、性能检测）
J8765,线激光3D视觉算法实习生,江苏北人,苏州,7,算法/人工智能（智能驾驶、传感器融合）,—
J8766,AGV软件负责人,江苏上骐集团有限公司,苏州,0,制造业质量/检验（成本管理、抖音）,制造业质量/检验（图文平台、性能检测）
J8767,运动控制算法工程师（具身智能/机器人控制器方向）,国讯芯微(苏州)科技有限公司,苏州,7,算法/人工智能（智能驾驶、传感器融合）,—
J8768,博士后（大数据科学中心） G00643,清华苏州环境创新研究院,苏州,2,数据分析/BI（数仓开发、kettle）,—
J8769,机器人运动控制工程师,深圳市弗斯德智能科技有限公司,苏州,0,制造业质量/检验（成本管理、抖音）,数据/统计分析（数据建模、统计学）
J8770,中/高级视觉算法工程师,常州科瑞尔科技有限公司,苏州,7,算法/人工智能（智能驾驶、传感器融合）,—
J8771,机械臂控制算法工程师,以诺康医疗科技(苏州)股份有限公司,苏州,7,算法/人工智能（智能驾驶、传感器融合）,—
J8772,c++算法工程师—NX二次开发方向,苏州通商软件科技有限公司,苏州,7,算法/人工智能（智能驾驶、传感器融合）,—
J8773,线控底盘算法工程师,车道线科技(江苏)有限公司,苏州,7,算法/人工智能（智能驾驶、传感器融合）,—
J8774,视觉算法软件开发工程师,苏州英视智能科技有限公司,苏州,7,算法/人工智能（智能驾驶、传感器融合）,—
J8775,磁悬浮电机分子泵算法/软件工程师,湖北聚博汇人力资源有限公司,苏州,7,算法/人工智能（智能驾驶、传感器融合）,—
J8776,电机控制算法工程师,苏州美德乐工业自动化技术有限公司,苏州,7,算法/人工智能（智能驾驶、传感器融合）,—
J8777,计算机视觉算法软件工程师,汇智优才(沈阳)人力资源服务有限公司,苏州,7,算法/人工智能（智能驾驶、传感器融合）,—
J8778,嵌入式工程师（KA）,烟台睿创微纳技术股份有限公司,苏州,5,嵌入式/硬件（rtos、32位单片机）,—
J8779,视觉工程师(J10000),苏州星宇智能制造有限公司,苏州,7,算法/人工智能（智能驾驶、传感器融合）,—
J8780,VLA强化学习算法工程师,深圳市弗斯德智能科技有限公司,苏州,7,算法/人工智能（智能驾驶、传感器融合）,—
J8781,博士后（生态产品价值实现转化机制方向） G00694,清华苏州环境创新研究院,苏州,6,产品/项目管理（国内市场、需求分析）,—
J8782,机器视觉应用工程师,江苏晴图微视科技有限公司,苏州,7,算法/人工智能（智能驾驶、传感器融合）,—
J8783,嵌入式工程师,陕西玄度智能科技有限公司,苏州,5,嵌入式/硬件（rtos、32位单片机）,—
J8784,机器视觉工程师,触目智能科技(苏州)有限公司,苏州,7,算法/人工智能（智能驾驶、传感器融合）,—
J8785,视觉工程师,苏州美仪自动化设备有限公司,苏州,7,算法/人工智能（智能驾驶、传感器融合）,—
J8786,机器视觉工程师（CCD）,美特科技(苏州)有限公司,苏州,7,算法/人工智能（智能驾驶、传感器融合）,—
J8787,视觉工程师(J11975),博众精工,苏州,7,算法/人工智能（智能驾驶、传感器融合）,—
J8788,机器视觉工程师,昆山爱睿迪自动化科技有限公司,苏州,7,算法/人工智能（智能驾驶、传感器融合）,—
J8789,机器视觉工程师,苏州霨冉智能装备有限公司,苏州,7,算法/人工智能（智能驾驶、传感器融合）,—
J8790,机器视觉工程师,苏州快视视觉科技有限公司,苏州,7,算法/人工智能（智能驾驶、传感器融合）,—
J8791,嵌入式软件开发工程师,咖博士,苏州,5,嵌入式/硬件（rtos、32位单片机）,—
J8792,视觉应用工程师(A135178),苏州鑫信腾科技有限公司,苏州,7,算法/人工智能（智能驾驶、传感器融合）,—
J8793,嵌入式软件工程师,苏州芯镁信电子科技有限公司,苏州,5,嵌入式/硬件（rtos、32位单片机）,—
J8794,嵌入式软件工程师,苏州纳氢新能源科技有限公司,苏州,5,嵌入式/硬件（rtos、32位单片机）,—
J8795,机器视觉工程师,苏州图词智能科技有限公司,苏州,7,算法/人工智能（智能驾驶、传感器融合）,—
J8796,嵌入式固件工程师,苏州凯仕德科技有限公司,苏州,5,嵌入式/硬件（rtos、32位单片机）,—
J8797,机器视觉应用工程师,中科微至科技股份有限公司,苏州,7,算法/人工智能（智能驾驶、传感器融合）,—
J8798,视觉工程师-触目智能科技,触目智能科技（苏州）有限公司,苏州,7,算法/人工智能（智能驾驶、传感器融合）,—
J8799,嵌入式工程师,阿尔赛克(江苏)智能科技有限公司,苏州,5,嵌入式/硬件（rtos、32位单片机）,—
J8800,视觉工程师,苏州茂特斯科技股份有限公司,苏州,7,算法/人工智能（智能驾驶、传感器融合）,—
J8801,嵌入式软件工程师JDSTL,张家港保税区泰德瑞尔轨道科技有限公司,苏州,5,嵌入式/硬件（rtos、32位单片机）,—
J8802,嵌入式软件开发工程师(J13324),杰瑞集团,苏州,5,嵌入式/硬件（rtos、32位单片机）,—
J8803,软件工程师【社招，统招211以上】,超微(苏州)量测科技有限公司,苏州,4,后端开发（hibernate、linux开发）,—
J8804,软件设计工程师,松下集团,苏州,0,制造业质量/检验（成本管理、抖音）,制造业质量/检验（图文平台、性能检测）
J8805,qt开发工程师,苏州佳祺仕科技股份有限公司,苏州,4,后端开发（hibernate、linux开发）,—
J8806,机器视觉工程师,伯肯森自动化技术(上海)有限公司,苏州,7,算法/人工智能（智能驾驶、传感器融合）,—
J8807,图像处理工程师,无锡市星迪仪器有限公司,苏州,0,制造业质量/检验（成本管理、抖音）,制造业质量/检验（图文平台、性能检测）
J8808,嵌入式软件工程师,苏州光格科技股份有限公司,苏州,5,嵌入式/硬件（rtos、32位单片机）,—
J8809,视觉工程师/C++,东声(苏州)智能科技有限公司,苏州,7,算法/人工智能（智能驾驶、传感器融合）,—
J8810,仿真工程师,汇川技术,苏州,0,制造业质量/检验（成本管理、抖音）,制造业质量/检验（图文平台、性能检测）
J8811,嵌入式软件开发工程师,禾洛半导体(徐州)有限公司,苏州,5,嵌入式/硬件（rtos、32位单片机）,—
J8812,嵌入式软件工程师,上海雄博精密仪器股份有限公司,苏州,5,嵌入式/硬件（rtos、32位单片机）,—
J8813,软件工程师（金属3D打印方向）,苏州德普润新材料科技有限公司,苏州,4,后端开发（hibernate、linux开发）,—
J8814,嵌入式软件工程师,深圳市共济科技股份有限公司,苏州,5,嵌入式/硬件（rtos、32位单片机）,—
J8815,视觉工程师,捷普科技(上海)有限公司,苏州,7,算法/人工智能（智能驾驶、传感器融合）,—
J8816,视觉工程师,苏州自然成智能科技有限公司,苏州,7,算法/人工智能（智能驾驶、传感器融合）,—
J8817,高级嵌入式软件研发工程师,邦纳电子(苏州)有限公司上海分公司,苏州,5,嵌入式/硬件（rtos、32位单片机）,—
J8818,机器视觉培训讲师,江苏和讯自动化设备有限公司,苏州,7,算法/人工智能（智能驾驶、传感器融合）,—
J8819,软件工程师,诚远电子(芜湖)有限公司,苏州,4,后端开发（hibernate、linux开发）,—
J8820,磁栅/电感编码器研发负责人,苏州觅引科技有限公司,苏州,0,制造业质量/检验（成本管理、抖音）,制造业质量/检验（图文平台、性能检测）
J8821,视觉工程师,因格(北京)智能技术有限公司,苏州,7,算法/人工智能（智能驾驶、传感器融合）,—
J8822,嵌入式软件工程师,希铭(江苏)光学科技发展有限公司,苏州,5,嵌入式/硬件（rtos、32位单片机）,—
J8823,上位机软件工程师,智芯达真空设备(江苏)有限公司,苏州,4,后端开发（hibernate、linux开发）,—
J8824,机器视觉工程师,苏州威度自动化设备有限公司,苏州,7,算法/人工智能（智能驾驶、传感器融合）,—
J8825,机器人仿真工程师,苏州海里克斯智能科技有限公司,苏州,0,制造业质量/检验（成本管理、抖音）,硬件/仪器/自动化（组态软件、scratch）
J8826,嵌入式软件工程师 控制方向,苏州拓氪科技有限公司,苏州,5,嵌入式/硬件（rtos、32位单片机）,—
J8827,AI 图编译器工程师,象帝先计算技术(重庆)有限公司成都分公司,苏州,7,算法/人工智能（智能驾驶、传感器融合）,—
J8828,机器视觉工程师,苏州沐光技术有限公司,苏州,7,算法/人工智能（智能驾驶、传感器融合）,—
J8829,AI工程师,苏州维信电子,苏州,0,制造业质量/检验（成本管理、抖音）,算法/AI 应用（tensorflow、vit）
J8830,软件设计工程师,松下集团,苏州,0,制造业质量/检验（成本管理、抖音）,制造业质量/检验（图文平台、性能检测）
J8831,嵌入式软件工程师,中广核智造科技(苏州)有限公司,苏州,5,嵌入式/硬件（rtos、32位单片机）,—
J8832,高级软件工程师,苏州慧利仪器有限责任公司,苏州,4,后端开发（hibernate、linux开发）,—
J8833,科研助理-给排水所（清华课题组）,清华苏州环境创新研究院,苏州,0,制造业质量/检验（成本管理、抖音）,硬件/仪器/自动化（组态软件、scratch）
J8834,中/高级运动控制工程师,常州科瑞尔科技有限公司,苏州,0,制造业质量/检验（成本管理、抖音）,制造业质量/检验（图文平台、性能检测）
J8835,c++开发工程师,中科软科技股份有限公司,苏州,4,后端开发（hibernate、linux开发）,—
J8836,传感器研发工程师,苏州觅引科技有限公司,苏州,0,制造业质量/检验（成本管理、抖音）,制造业质量/检验（图文平台、性能检测）
