姓名,性别,手机号,邮箱,微信号,居住地,求职意向,个人简介,教育经历,工作/实践经历,项目经验,技能特长,自我评价,期望岗位,期望城市,期望行业,期望薪资,期望薪资是否面议,期望薪资下限(元/月),期望薪资上限(元/月),毕业院校,专业,学历,最高学历,毕业年月,毕业年份,核心课程,核心课程数,是否应届,工作年限,工作年限原始文本,工作经历段数,是否校园实践,最近公司,最近岗位,最近起始年月,是否有在职经历,项目数量,首个项目名称,技能列表,技能数量,证书列表,证书数量,个人简介字数,自我评价字数,项目经验字数,工作经历字数
傅宇泽,男,18640647473,fuyuze556@163.com,wx_fuyuze_935,杭州,"期望岗位：数据分析师
期望城市：杭州
期望行业：互联网/信息技术/软件服务
期望薪资：面议",专科计算机科学与技术专业应届毕业生，掌握统计学、SQL基础技能，完成过课程设计与毕业项目，具备基础代码编写能力与问题排查思路，学习能力强，做事认真踏实，期望从事数据分析师相关工作。,"苏州职业大学 | 计算机科学与技术 | 专科
毕业时间：2022年6月
核心课程：机器学习、Java程序设计、算法设计与分析、数字信号处理","【校园实践】
    · 参与学校计算机协会技术部，负责协会网站日常维护
    · 协助老师完成实验室设备管理与系统环境搭建
    · 参与班级课程设计小组，担任后端开发角色","■ 电商公开数据爬取分析
  项目目标：采集公开电商商品数据并分析
  个人职责：数据爬取、清洗、价格销量分析
  项目成果：输出可视化分析图表","专业技能：Pandas、MySQL、统计学、数据可视化、SQL、Excel、Python
相关证书：红帽RHCE认证、计算机一级",应届毕业，具备扎实的专业基础知识与学习能力，能够快速掌握新技术；工作态度认真负责，有耐心，注重细节；具备良好的团队意识与沟通能力，能够积极配合团队完成任务；期望在工作中积累经验，快速成长。,数据分析师,杭州,互联网/信息技术/软件服务,面议,是,,,苏州职业大学,计算机科学与技术,专科,大专,2022-06,2022,机器学习、Java程序设计、算法设计与分析、数字信号处理,4,是,0,应届,1,是,校园实践,· 参与学校计算机协会技术部，负责协会网站日常维护,,否,1,电商公开数据爬取分析,Pandas、MySQL、统计学、数据可视化、SQL、Excel、Python,7,红帽RHCE认证、计算机一级,2,90,94,72,89
郭勇,男,18833705865,guoyong6876@gmail.com,15102987120,合肥,"期望岗位：软件测试工程师
期望城市：合肥
期望行业：互联网/信息技术/软件服务
期望薪资：面议",专科软件技术专业应届毕业生，掌握TestNG、接口测试基础技能，完成过课程设计与毕业项目，具备基础代码编写能力与问题排查思路，学习能力强，做事认真踏实，期望从事软件测试工程师相关工作。,"江西交通职业技术学院 | 软件技术 | 专科
毕业时间：2022年6月
核心课程：数据库原理、操作系统、数字信号处理、算法设计与分析","【校园实践】
    · 参与学校计算机协会技术部，负责协会网站日常维护
    · 协助老师完成实验室设备管理与系统环境搭建
    · 参与班级课程设计小组，担任后端开发角色","■ 网页兼容性测试实训
  项目目标：对多个网站进行浏览器兼容测试
  个人职责：制定测试方案，输出测试报告
  项目成果：覆盖5款主流浏览器","专业技能：缺陷管理、Python、性能测试、Postman、MySQL、接口测试
相关证书：无",应届毕业，具备扎实的专业基础知识与学习能力，能够快速掌握新技术；工作态度认真负责，有耐心，注重细节；具备良好的团队意识与沟通能力，能够积极配合团队完成任务；期望在工作中积累经验，快速成长。,软件测试工程师,合肥,互联网/信息技术/软件服务,面议,是,,,江西交通职业技术学院,软件技术,专科,大专,2022-06,2022,数据库原理、操作系统、数字信号处理、算法设计与分析,4,是,0,应届,1,是,校园实践,· 参与学校计算机协会技术部，负责协会网站日常维护,,否,1,网页兼容性测试实训,缺陷管理、Python、性能测试、Postman、MySQL、接口测试,6,无,0,92,94,71,89
向阳,男,13066534129,xiangyang155@gmail.com,15268655768,马鞍山,"期望岗位：算法工程师
期望城市：马鞍山
期望行业：互联网/信息技术/软件服务
期望薪资：4500-7000元",本科数字媒体技术专业应届毕业生，有0段算法工程师实习经验，掌握深度学习技术栈，参与过实习项目开发，具备良好的代码规范与团队协作意识，能够快速上手业务，期望正式入职发展。,"南京大学 | 数字媒体技术 | 本科
毕业时间：2022年6月
核心课程：数据结构、Python编程、Java程序设计、操作系统","【博思信息技术有限公司】 算法工程师（实习）
2018年12月 - 至今
    · 负责公司算法工程师相关业务的开发与维护，参与需求评审
    · 承担分配模块的编码、测试与优化工作，保障系统稳定运行
    · 编写开发文档，沉淀技术规范，协助新人熟悉业务","■ 手写数字识别（课程作业）
  项目目标：基于MNIST数据集实现手写数字识别
  个人职责：使用CNN搭建模型，训练与调优
  项目成果：识别准确率达到92%

■ 电影推荐系统（毕设）
  项目目标：基于协同过滤实现简单电影推荐
  个人职责：数据处理、模型实现、效果验证
  项目成果：召回准确率达到75%","专业技能：Python、计算机视觉、TensorFlow、深度学习、PyTorch
相关证书：华为HCIA认证、计算机二级",有实习经验，熟悉开发基本流程，具备基础的项目实践能力；学习能力强，能够快速上手新业务新技术；工作踏实，责任心强，善于沟通协作，能够高效完成分配的工作任务。,算法工程师,马鞍山,互联网/信息技术/软件服务,4500-7000元,否,4500,7000,南京大学,数字媒体技术,本科,本科,2022-06,2022,数据结构、Python编程、Java程序设计、操作系统,4,是,0,应届,1,否,博思信息技术有限公司,算法工程师（实习）,2018-12,是,2,手写数字识别（课程作业）,Python、计算机视觉、TensorFlow、深度学习、PyTorch,5,华为HCIA认证、计算机二级,2,84,77,157,131
叶天佑,男,13233685010,ye天you62@gmail.com,wx_ye天you_542,宁德,"期望岗位：Python开发工程师
期望城市：宁德
期望行业：互联网/信息技术/软件服务
期望薪资：23000-24500元",7年Python开发工程师资深经验，精通全链路技术架构，具备团队技术规划与方案设计能力，主导过多个大型项目重构与升级，在高并发/系统稳定性领域有深厚积累，能够带领团队攻克技术难题，驱动业务技术升级。,"苏州大学 | 数字媒体技术 | 本科
毕业时间：2015年6月
核心课程：Java程序设计、机器学习、计算机网络、数字信号处理","【汇智互联网科技有限公司】 Python开发工程师
2024年1月 - 至今
    · 对接产品、测试团队，跟进需求落地与缺陷修复
    · 承担分配模块的编码、测试与优化工作，保障系统稳定运行
    · 编写开发文档，沉淀技术规范，协助新人熟悉业务

【汇智数据技术有限公司】 Python开发工程师
2022年6月 - 2024年4月
    · 编写开发文档，沉淀技术规范，协助新人熟悉业务
    · 对接产品、测试团队，跟进需求落地与缺陷修复
    · 负责公司Python开发工程师相关业务的开发与维护，参与需求评审

【用友网络科技有限公司】 Python开发工程师
2020年4月 - 2022年6月
    · 编写开发文档，沉淀技术规范，协助新人熟悉业务
    · 负责公司Python开发工程师相关业务的开发与维护，参与需求评审
    · 承担分配模块的编码、测试与优化工作，保障系统稳定运行","■ 数据采集爬虫系统
  项目目标：搭建分布式爬虫平台，采集多渠道公开数据
  个人职责：负责反爬策略破解、数据清洗、入库逻辑开发
  项目成果：日均采集数据50万条，数据准确率98%以上

■ 自动化运维平台
  项目目标：开发运维管理平台，实现服务器批量管理
  个人职责：负责监控、告警、任务调度模块后端开发
  项目成果：管理服务器200+，运维人力成本降低50%","专业技能：MongoDB、Celery、Python、MySQL、Flask、Django、Linux、Redis、FastAPI、Git
相关证书：红帽RHCE认证、计算机一级",拥有7年行业经验，技术视野开阔，具备方案设计与项目把控能力；逻辑清晰，善于定位并解决复杂技术问题；具备良好的团队管理与跨部门沟通能力，能够推动技术优化与业务落地；责任心强，追求技术与业务的平衡发展。,Python开发工程师,宁德,互联网/信息技术/软件服务,23000-24500元,否,23000,24500,苏州大学,数字媒体技术,本科,本科,2015-06,2015,Java程序设计、机器学习、计算机网络、数字信号处理,4,否,7,7年,3,否,汇智互联网科技有限公司,Python开发工程师,2024-01,是,2,数据采集爬虫系统,MongoDB、Celery、Python、MySQL、Flask、Django、Linux、Redis、FastAPI、Git,10,红帽RHCE认证、计算机一级,2,99,99,186,413
梁颖,女,18417954626,liangying1303@163.com,13894720003,南平,"期望岗位：算法工程师
期望城市：南平
期望行业：互联网/信息技术/软件服务
期望薪资：面议",专科计算机应用技术专业应届毕业生，掌握PyTorch、SQL基础技能，完成过课程设计与毕业项目，具备基础代码编写能力与问题排查思路，学习能力强，做事认真踏实，期望从事算法工程师相关工作。,"深圳职业技术学院 | 计算机应用技术 | 专科
毕业时间：2022年6月
核心课程：算法设计与分析、操作系统、软件工程、数据结构","【校园实践】
    · 参与学校计算机协会技术部，负责协会网站日常维护
    · 协助老师完成实验室设备管理与系统环境搭建
    · 参与班级课程设计小组，担任后端开发角色","■ 电影推荐系统（毕设）
  项目目标：基于协同过滤实现简单电影推荐
  个人职责：数据处理、模型实现、效果验证
  项目成果：召回准确率达到75%","专业技能：SQL、特征工程、NLP、TensorFlow、算法优化、Python
相关证书：英语六级",应届毕业，具备扎实的专业基础知识与学习能力，能够快速掌握新技术；工作态度认真负责，有耐心，注重细节；具备良好的团队意识与沟通能力，能够积极配合团队完成任务；期望在工作中积累经验，快速成长。,算法工程师,南平,互联网/信息技术/软件服务,面议,是,,,深圳职业技术学院,计算机应用技术,专科,大专,2022-06,2022,算法设计与分析、操作系统、软件工程、数据结构,4,是,0,应届,1,是,校园实践,· 参与学校计算机协会技术部，负责协会网站日常维护,,否,1,电影推荐系统（毕设）,SQL、特征工程、NLP、TensorFlow、算法优化、Python,6,英语六级,1,93,94,74,89
傅平,男,17660484236,fuping965@outlook.com,wx_fuping_371,宁德,"期望岗位：软件测试工程师
期望城市：宁德
期望行业：互联网/信息技术/软件服务
期望薪资：10500-20000元",5年软件测试工程师从业经验，精通接口测试技术架构，主导过中型项目从0到1落地，擅长技术方案设计与性能优化，曾推动核心模块技术重构，带来显著效率提升，具备跨部门协作与项目推进能力。,"暨南大学 | 物联网工程 | 本科
毕业时间：2017年6月
核心课程：Java程序设计、操作系统、数字信号处理、计算机网络","【阿里巴巴（福州分公司）】 软件测试工程师
2025年6月 - 至今
    · 对接产品、测试团队，跟进需求落地与缺陷修复
    · 编写开发文档，沉淀技术规范，协助新人熟悉业务

【启明软件有限公司】 软件测试工程师
2024年1月 - 2025年3月
    · 承担分配模块的编码、测试与优化工作，保障系统稳定运行
    · 负责公司软件测试工程师相关业务的开发与维护，参与需求评审
    · 编写开发文档，沉淀技术规范，协助新人熟悉业务

【安硕数据技术有限公司】 软件测试工程师
2023年7月 - 2024年12月
    · 负责公司软件测试工程师相关业务的开发与维护，参与需求评审
    · 对接产品、测试团队，跟进需求落地与缺陷修复","■ 电商平台功能测试
  项目目标：保障电商系统上线质量，覆盖全业务流程
  个人职责：设计测试用例，执行功能、回归测试，提交缺陷报告
  项目成果：发现并修复120+缺陷，上线后线上缺陷率低于0.5%

■ 自动化测试框架搭建
  项目目标：提升回归测试效率，减少人工重复劳动
  个人职责：基于Selenium搭建UI自动化框架，编写核心模块测试脚本
  项目成果：回归测试周期从7天缩短至2天，覆盖率达85%","专业技能：Postman、JMeter、Selenium、MySQL、性能测试、缺陷管理、TestNG
相关证书：英语四级",拥有5年行业经验，技术视野开阔，具备方案设计与项目把控能力；逻辑清晰，善于定位并解决复杂技术问题；具备良好的团队管理与跨部门沟通能力，能够推动技术优化与业务落地；责任心强，追求技术与业务的平衡发展。,软件测试工程师,宁德,互联网/信息技术/软件服务,10500-20000元,否,10500,20000,暨南大学,物联网工程,本科,本科,2017-06,2017,Java程序设计、操作系统、数字信号处理、计算机网络,4,否,5,5年,3,否,阿里巴巴（福州分公司）,软件测试工程师,2025-06,是,2,电商平台功能测试,Postman、JMeter、Selenium、MySQL、性能测试、缺陷管理、TestNG,7,英语四级,1,89,99,207,330
陶俊,男,18810487154,taojun301@126.com,15775615309,南京,"期望岗位：Python开发工程师
期望城市：南京
期望行业：互联网/信息技术/软件服务
期望薪资：4000-4500元",专科数学与应用数学专业应届毕业生，掌握Docker、MongoDB基础技能，完成过课程设计与毕业项目，具备基础代码编写能力与问题排查思路，学习能力强，做事认真踏实，期望从事Python开发工程师相关工作。,"厦门海洋职业技术学院 | 数学与应用数学 | 专科
毕业时间：2022年6月
核心课程：数字信号处理、机器学习、Java程序设计、数据库原理","【校园实践】
    · 参与学校计算机协会技术部，负责协会网站日常维护
    · 协助老师完成实验室设备管理与系统环境搭建
    · 参与班级课程设计小组，担任后端开发角色","■ 自动化办公脚本
  项目目标：批量处理Excel表格数据
  个人职责：实现数据合并、格式转换、自动统计
  项目成果：提升人工效率80%","专业技能：Python、MySQL、Git、爬虫、FastAPI
相关证书：计算机一级、红帽RHCE认证、计算机二级",应届毕业，具备扎实的专业基础知识与学习能力，能够快速掌握新技术；工作态度认真负责，有耐心，注重细节；具备良好的团队意识与沟通能力，能够积极配合团队完成任务；期望在工作中积累经验，快速成长。,Python开发工程师,南京,互联网/信息技术/软件服务,4000-4500元,否,4000,4500,厦门海洋职业技术学院,数学与应用数学,专科,大专,2022-06,2022,数字信号处理、机器学习、Java程序设计、数据库原理,4,是,0,应届,1,是,校园实践,· 参与学校计算机协会技术部，负责协会网站日常维护,,否,1,自动化办公脚本,Python、MySQL、Git、爬虫、FastAPI,5,计算机一级、红帽RHCE认证、计算机二级,3,102,94,71,89
曹军,男,18719369310,caojun3799@qq.com,18077471168,安庆,"期望岗位：数据分析师
期望城市：安庆
期望行业：互联网/信息技术/软件服务
期望薪资：3000-4000元",本科计算机应用技术专业应届毕业生，掌握Pandas、SQL基础技能，完成过课程设计与毕业项目，具备基础代码编写能力与问题排查思路，学习能力强，做事认真踏实，期望从事数据分析师相关工作。,"佛山科学技术学院 | 计算机应用技术 | 本科
毕业时间：2022年6月
核心课程：算法设计与分析、Python编程、数字信号处理、操作系统","【校园实践】
    · 参与学校计算机协会技术部，负责协会网站日常维护
    · 协助老师完成实验室设备管理与系统环境搭建
    · 参与班级课程设计小组，担任后端开发角色","■ 学生成绩数据分析
  项目目标：对班级期末成绩进行统计分析
  个人职责：数据清洗、可视化图表制作、结论输出
  项目成果：输出分析报告，提出3点教学建议","专业技能：统计学、SQL、Pandas、Python
相关证书：计算机二级",应届毕业，具备扎实的专业基础知识与学习能力，能够快速掌握新技术；工作态度认真负责，有耐心，注重细节；具备良好的团队意识与沟通能力，能够积极配合团队完成任务；期望在工作中积累经验，快速成长。,数据分析师,安庆,互联网/信息技术/软件服务,3000-4000元,否,3000,4000,佛山科学技术学院,计算机应用技术,本科,本科,2022-06,2022,算法设计与分析、Python编程、数字信号处理、操作系统,4,是,0,应届,1,是,校园实践,· 参与学校计算机协会技术部，负责协会网站日常维护,,否,1,学生成绩数据分析,统计学、SQL、Pandas、Python,4,计算机二级,1,92,94,79,89
许佳,女,18909074462,xujia64@126.com,13089902840,黄山,"期望岗位：前端开发工程师
期望城市：黄山
期望行业：互联网/信息技术/软件服务
期望薪资：面议",2年前端开发工程师工作经验，精通移动端适配、Axios技术栈，参与过完整项目迭代，能够独立完成模块开发与问题排查，注重代码质量与开发效率，具备良好的沟通协作能力。,"南京工程学院 | 软件技术 | 本科
毕业时间：2020年6月
核心课程：操作系统、数字信号处理、机器学习、软件工程","【云创互联网科技有限公司】 前端开发工程师
2025年5月 - 至今
    · 负责公司前端开发工程师相关业务的开发与维护，参与需求评审
    · 对接产品、测试团队，跟进需求落地与缺陷修复

【微远信息技术有限公司】 前端开发工程师
2024年9月 - 2025年7月
    · 负责公司前端开发工程师相关业务的开发与维护，参与需求评审
    · 编写开发文档，沉淀技术规范，协助新人熟悉业务
    · 对接产品、测试团队，跟进需求落地与缺陷修复","■ 电商平台前端重构
  项目目标：升级旧版电商系统前端架构，提升用户体验与加载速度
  个人职责：负责商品详情页、购物车模块开发，组件化封装公共组件
  项目成果：首屏加载时间从3.2s降至1.8s，页面转化率提升12%

■ 企业后台管理系统
  项目目标：搭建企业运营管理后台，实现业务数据可视化
  个人职责：负责权限管理、数据报表模块开发，对接后端接口联调
  项目成果：覆盖12个业务部门，运营效率提升40%","专业技能：React、TypeScript、JavaScript、CSS3、HTML5、Element UI、Vue
相关证书：红帽RHCE认证、英语四级、华为HCIA认证",拥有2年实际工作经验，技术功底扎实，熟悉完整开发流程；具备较强的问题解决能力，能够独立排查并解决常见技术问题；工作认真负责，注重团队协作，能够高效推进项目落地；持续学习，保持技术敏感度。,前端开发工程师,黄山,互联网/信息技术/软件服务,面议,是,,,南京工程学院,软件技术,本科,本科,2020-06,2020,操作系统、数字信号处理、机器学习、软件工程,4,否,2,2年,2,否,云创互联网科技有限公司,前端开发工程师,2025-05,是,2,电商平台前端重构,React、TypeScript、JavaScript、CSS3、HTML5、Element UI、Vue,7,红帽RHCE认证、英语四级、华为HCIA认证,3,81,93,210,229
唐紫涵,女,17624254807,tang紫han8022@126.com,wx_tang紫han_598,温州,"期望岗位：算法工程师
期望城市：温州
期望行业：互联网/信息技术/软件服务
期望薪资：7500-8000元",本科计算机应用技术专业应届毕业生，有1段算法工程师实习经验，掌握PyTorch技术栈，参与过实习项目开发，具备良好的代码规范与团队协作意识，能够快速上手业务，期望正式入职发展。,"南京大学 | 计算机应用技术 | 本科
毕业时间：2021年6月
核心课程：Python编程、计算机网络、数字信号处理、算法设计与分析","【吉比特网络】 算法工程师（实习）
2025年3月 - 至今
    · 承担分配模块的编码、测试与优化工作，保障系统稳定运行
    · 编写开发文档，沉淀技术规范，协助新人熟悉业务","■ 电影推荐系统（毕设）
  项目目标：基于协同过滤实现简单电影推荐
  个人职责：数据处理、模型实现、效果验证
  项目成果：召回准确率达到75%

■ 手写数字识别（课程作业）
  项目目标：基于MNIST数据集实现手写数字识别
  个人职责：使用CNN搭建模型，训练与调优
  项目成果：识别准确率达到92%","专业技能：机器学习、计算机视觉、SQL、TensorFlow、特征工程
相关证书：无",有实习经验，熟悉开发基本流程，具备基础的项目实践能力；学习能力强，能够快速上手新业务新技术；工作踏实，责任心强，善于沟通协作，能够高效完成分配的工作任务。,算法工程师,温州,互联网/信息技术/软件服务,7500-8000元,否,7500,8000,南京大学,计算机应用技术,本科,本科,2021-06,2021,Python编程、计算机网络、数字信号处理、算法设计与分析,4,是,0,应届,1,否,吉比特网络,算法工程师（实习）,2025-03,是,2,电影推荐系统（毕设）,机器学习、计算机视觉、SQL、TensorFlow、特征工程,5,无,0,88,77,157,92
莫强,男,15800368631,moqiang89@gmail.com,15862869567,无锡,"期望岗位：Java开发工程师
期望城市：无锡
期望行业：互联网/信息技术/软件服务
期望薪资：9000-10500元",3年Java开发工程师工作经验，精通Docker、微服务技术栈，参与过完整项目迭代，能够独立完成模块开发与问题排查，注重代码质量与开发效率，具备良好的沟通协作能力。,"深圳职业技术学院 | 通信工程 | 专科
毕业时间：2019年6月
核心课程：软件工程、Python编程、Java程序设计、机器学习","【微远软件有限公司】 Java开发工程师
2025年5月 - 至今
    · 对接产品、测试团队，跟进需求落地与缺陷修复
    · 编写开发文档，沉淀技术规范，协助新人熟悉业务
    · 承担分配模块的编码、测试与优化工作，保障系统稳定运行

【中软软件有限公司】 Java开发工程师
2024年10月 - 2025年10月
    · 对接产品、测试团队，跟进需求落地与缺陷修复
    · 编写开发文档，沉淀技术规范，协助新人熟悉业务","■ 微服务用户中心重构
  项目目标：将单体用户系统拆分为微服务架构，提升并发承载能力
  个人职责：负责登录、注册、权限模块开发，优化数据库查询与缓存策略
  项目成果：支持并发量从500提升至5000，接口响应耗时减少60%

■ 电商订单交易系统
  项目目标：搭建高可用电商订单系统，支撑大促流量峰值
  个人职责：负责订单创建、支付回调、库存扣减核心逻辑开发
  项目成果：支撑日均订单量10万+，系统可用性达99.95%","专业技能：Docker、JVM调优、MyBatis、RabbitMQ、Linux、Git、MySQL、微服务、Redis、SpringBoot
相关证书：MySQL数据库认证、华为HCIA认证、软考中级",拥有3年实际工作经验，技术功底扎实，熟悉完整开发流程；具备较强的问题解决能力，能够独立排查并解决常见技术问题；工作认真负责，注重团队协作，能够高效推进项目落地；持续学习，保持技术敏感度。,Java开发工程师,无锡,互联网/信息技术/软件服务,9000-10500元,否,9000,10500,深圳职业技术学院,通信工程,专科,大专,2019-06,2019,软件工程、Python编程、Java程序设计、机器学习,4,否,3,3年,2,否,微远软件有限公司,Java开发工程师,2025-05,是,2,微服务用户中心重构,Docker、JVM调优、MyBatis、RabbitMQ、Linux、Git、MySQL、微服务、Redis、SpringBoot,10,MySQL数据库认证、华为HCIA认证、软考中级,3,82,93,216,222
曹雯,女,17649839319,caowen5501@outlook.com,wx_caowen_919,南京,"期望岗位：数据分析师
期望城市：南京
期望行业：互联网/信息技术/软件服务
期望薪资：4500-7000元",专科计算机科学与技术专业应届毕业生，有0段数据分析师实习经验，掌握NumPy技术栈，参与过实习项目开发，具备良好的代码规范与团队协作意识，能够快速上手业务，期望正式入职发展。,"福建信息职业技术学院 | 计算机科学与技术 | 专科
毕业时间：2022年6月
核心课程：Java程序设计、软件工程、Python编程、算法设计与分析","【微远互联网科技有限公司】 数据分析师（实习）
2018年10月 - 至今
    · 承担分配模块的编码、测试与优化工作，保障系统稳定运行
    · 负责公司数据分析师相关业务的开发与维护，参与需求评审
    · 对接产品、测试团队，跟进需求落地与缺陷修复","■ 学生成绩数据分析
  项目目标：对班级期末成绩进行统计分析
  个人职责：数据清洗、可视化图表制作、结论输出
  项目成果：输出分析报告，提出3点教学建议

■ 电商公开数据爬取分析
  项目目标：采集公开电商商品数据并分析
  个人职责：数据爬取、清洗、价格销量分析
  项目成果：输出可视化分析图表","专业技能：用户分析、Excel、数据可视化、Hive
相关证书：计算机一级",有实习经验，熟悉开发基本流程，具备基础的项目实践能力；学习能力强，能够快速上手新业务新技术；工作踏实，责任心强，善于沟通协作，能够高效完成分配的工作任务。,数据分析师,南京,互联网/信息技术/软件服务,4500-7000元,否,4500,7000,福建信息职业技术学院,计算机科学与技术,专科,大专,2022-06,2022,Java程序设计、软件工程、Python编程、算法设计与分析,4,是,0,应届,1,否,微远互联网科技有限公司,数据分析师（实习）,2018-10,是,2,学生成绩数据分析,用户分析、Excel、数据可视化、Hive,4,计算机一级,1,87,77,153,131
毛鹏,男,15879602159,maopeng601@163.com,13471399900,绍兴,"期望岗位：Python开发工程师
期望城市：绍兴
期望行业：互联网/信息技术/软件服务
期望薪资：32000-33000元",9年Python开发工程师资深经验，精通全链路技术架构，具备团队技术规划与方案设计能力，主导过多个大型项目重构与升级，在高并发/系统稳定性领域有深厚积累，能够带领团队攻克技术难题，驱动业务技术升级。,"泉州师范学院 | 物联网工程 | 本科
毕业时间：2013年6月
核心课程：软件工程、数据结构、机器学习、Java程序设计","【锐捷数据技术有限公司】 Python开发工程师
2023年11月 - 至今
    · 负责公司Python开发工程师相关业务的开发与维护，参与需求评审
    · 承担分配模块的编码、测试与优化工作，保障系统稳定运行

【易联互联网科技有限公司】 Python开发工程师
2020年1月 - 2023年8月
    · 承担分配模块的编码、测试与优化工作，保障系统稳定运行
    · 对接产品、测试团队，跟进需求落地与缺陷修复

【中软软件有限公司】 Python开发工程师
2017年1月 - 2020年8月
    · 负责公司Python开发工程师相关业务的开发与维护，参与需求评审
    · 对接产品、测试团队，跟进需求落地与缺陷修复
    · 承担分配模块的编码、测试与优化工作，保障系统稳定运行","■ 自动化运维平台
  项目目标：开发运维管理平台，实现服务器批量管理
  个人职责：负责监控、告警、任务调度模块后端开发
  项目成果：管理服务器200+，运维人力成本降低50%

■ 数据采集爬虫系统
  项目目标：搭建分布式爬虫平台，采集多渠道公开数据
  个人职责：负责反爬策略破解、数据清洗、入库逻辑开发
  项目成果：日均采集数据50万条，数据准确率98%以上","专业技能：FastAPI、Docker、Flask、MongoDB、Python、爬虫、Celery
相关证书：系统架构设计师、软考中级",拥有9年行业经验，技术视野开阔，具备方案设计与项目把控能力；逻辑清晰，善于定位并解决复杂技术问题；具备良好的团队管理与跨部门沟通能力，能够推动技术优化与业务落地；责任心强，追求技术与业务的平衡发展。,Python开发工程师,绍兴,互联网/信息技术/软件服务,32000-33000元,否,32000,33000,泉州师范学院,物联网工程,本科,本科,2013-06,2013,软件工程、数据结构、机器学习、Java程序设计,4,否,9,9年,3,否,锐捷数据技术有限公司,Python开发工程师,2023-11,是,2,自动化运维平台,FastAPI、Docker、Flask、MongoDB、Python、爬虫、Celery,7,系统架构设计师、软考中级,2,99,99,186,358
苏阳,男,18941422811,suyang637@qq.com,wx_suyang_681,台州,"期望岗位：Java开发工程师
期望城市：台州
期望行业：互联网/信息技术/软件服务
期望薪资：10500-14500元",4年Java开发工程师从业经验，精通MySQL技术架构，主导过中型项目从0到1落地，擅长技术方案设计与性能优化，曾推动核心模块技术重构，带来显著效率提升，具备跨部门协作与项目推进能力。,"苏州职业大学 | 计算机科学与技术 | 专科
毕业时间：2018年6月
核心课程：数据库原理、机器学习、Python编程、数据结构","【金蝶互联网科技有限公司】 Java开发工程师
2024年11月 - 至今
    · 对接产品、测试团队，跟进需求落地与缺陷修复
    · 负责公司Java开发工程师相关业务的开发与维护，参与需求评审

【金蝶科技有限公司】 Java开发工程师
2022年12月 - 2024年4月
    · 负责公司Java开发工程师相关业务的开发与维护，参与需求评审
    · 承担分配模块的编码、测试与优化工作，保障系统稳定运行
    · 对接产品、测试团队，跟进需求落地与缺陷修复","■ 电商订单交易系统
  项目目标：搭建高可用电商订单系统，支撑大促流量峰值
  个人职责：负责订单创建、支付回调、库存扣减核心逻辑开发
  项目成果：支撑日均订单量10万+，系统可用性达99.95%

■ 微服务用户中心重构
  项目目标：将单体用户系统拆分为微服务架构，提升并发承载能力
  个人职责：负责登录、注册、权限模块开发，优化数据库查询与缓存策略
  项目成果：支持并发量从500提升至5000，接口响应耗时减少60%","专业技能：JVM调优、Linux、RabbitMQ、Redis、Git、SpringCloud、Java、SpringBoot、MyBatis
相关证书：阿里云ACP云计算认证",拥有4年行业经验，技术视野开阔，具备方案设计与项目把控能力；逻辑清晰，善于定位并解决复杂技术问题；具备良好的团队管理与跨部门沟通能力，能够推动技术优化与业务落地；责任心强，追求技术与业务的平衡发展。,Java开发工程师,台州,互联网/信息技术/软件服务,10500-14500元,否,10500,14500,苏州职业大学,计算机科学与技术,专科,大专,2018-06,2018,数据库原理、机器学习、Python编程、数据结构,4,否,4,4年,2,否,金蝶互联网科技有限公司,Java开发工程师,2024-11,是,2,电商订单交易系统,JVM调优、Linux、RabbitMQ、Redis、Git、SpringCloud、Java、SpringBoot、MyBatis,9,阿里云ACP云计算认证,1,92,99,216,241
向恒,男,18058908832,xiangheng3520@126.com,18769713134,泉州,"期望岗位：软件测试工程师
期望城市：泉州
期望行业：互联网/信息技术/软件服务
期望薪资：3000-5500元",本科电子信息工程专业应届毕业生，掌握MySQL、接口测试基础技能，完成过课程设计与毕业项目，具备基础代码编写能力与问题排查思路，学习能力强，做事认真踏实，期望从事软件测试工程师相关工作。,"厦门理工学院 | 电子信息工程 | 本科
毕业时间：2022年6月
核心课程：计算机网络、机器学习、数据结构、软件工程","【校园实践】
    · 参与学校计算机协会技术部，负责协会网站日常维护
    · 协助老师完成实验室设备管理与系统环境搭建
    · 参与班级课程设计小组，担任后端开发角色","■ 网页兼容性测试实训
  项目目标：对多个网站进行浏览器兼容测试
  个人职责：制定测试方案，输出测试报告
  项目成果：覆盖5款主流浏览器","专业技能：MySQL、Appium、性能测试、Python、功能测试、JMeter、接口测试
相关证书：无",应届毕业，具备扎实的专业基础知识与学习能力，能够快速掌握新技术；工作态度认真负责，有耐心，注重细节；具备良好的团队意识与沟通能力，能够积极配合团队完成任务；期望在工作中积累经验，快速成长。,软件测试工程师,泉州,互联网/信息技术/软件服务,3000-5500元,否,3000,5500,厦门理工学院,电子信息工程,本科,本科,2022-06,2022,计算机网络、机器学习、数据结构、软件工程,4,是,0,应届,1,是,校园实践,· 参与学校计算机协会技术部，负责协会网站日常维护,,否,1,网页兼容性测试实训,MySQL、Appium、性能测试、Python、功能测试、JMeter、接口测试,7,无,0,93,94,71,89
金璐,女,13210621853,jinlu34@126.com,15260882996,滁州,"期望岗位：Java开发工程师
期望城市：滁州
期望行业：互联网/信息技术/软件服务
期望薪资：16500-22500元",10年Java开发工程师资深经验，精通全链路技术架构，具备团队技术规划与方案设计能力，主导过多个大型项目重构与升级，在高并发/系统稳定性领域有深厚积累，能够带领团队攻克技术难题，驱动业务技术升级。,"厦门海洋职业技术学院 | 电子信息工程 | 专科
毕业时间：2012年6月
核心课程：Java程序设计、Python编程、数据库原理、机器学习","【锐捷数据技术有限公司】 Java开发工程师
2023年8月 - 至今
    · 承担分配模块的编码、测试与优化工作，保障系统稳定运行
    · 编写开发文档，沉淀技术规范，协助新人熟悉业务
    · 负责公司Java开发工程师相关业务的开发与维护，参与需求评审

【恒信信息技术有限公司】 Java开发工程师
2020年10月 - 2023年11月
    · 承担分配模块的编码、测试与优化工作，保障系统稳定运行
    · 负责公司Java开发工程师相关业务的开发与维护，参与需求评审
    · 对接产品、测试团队，跟进需求落地与缺陷修复

【启明科技有限公司】 Java开发工程师
2017年6月 - 2020年4月
    · 承担分配模块的编码、测试与优化工作，保障系统稳定运行
    · 负责公司Java开发工程师相关业务的开发与维护，参与需求评审
    · 对接产品、测试团队，跟进需求落地与缺陷修复","■ 电商订单交易系统
  项目目标：搭建高可用电商订单系统，支撑大促流量峰值
  个人职责：负责订单创建、支付回调、库存扣减核心逻辑开发
  项目成果：支撑日均订单量10万+，系统可用性达99.95%

■ 微服务用户中心重构
  项目目标：将单体用户系统拆分为微服务架构，提升并发承载能力
  个人职责：负责登录、注册、权限模块开发，优化数据库查询与缓存策略
  项目成果：支持并发量从500提升至5000，接口响应耗时减少60%","专业技能：Redis、Docker、MyBatis、RabbitMQ、SpringBoot、Git、微服务、Java、JVM调优、SpringCloud
相关证书：无",拥有10年行业经验，技术视野开阔，具备方案设计与项目把控能力；逻辑清晰，善于定位并解决复杂技术问题；具备良好的团队管理与跨部门沟通能力，能够推动技术优化与业务落地；责任心强，追求技术与业务的平衡发展。,Java开发工程师,滁州,互联网/信息技术/软件服务,16500-22500元,否,16500,22500,厦门海洋职业技术学院,电子信息工程,专科,大专,2012-06,2012,Java程序设计、Python编程、数据库原理、机器学习,4,否,10,10年,3,否,锐捷数据技术有限公司,Java开发工程师,2023-08,是,2,电商订单交易系统,Redis、Docker、MyBatis、RabbitMQ、SpringBoot、Git、微服务、Java、JVM调优、SpringCloud,10,无,0,98,100,216,414
汤强,男,18807360899,tangqiang3739@gmail.com,13666344361,扬州,"期望岗位：前端开发工程师
期望城市：扬州
期望行业：互联网/信息技术/软件服务
期望薪资：5000-8000元",本科网络工程专业应届毕业生，有1段前端开发工程师实习经验，掌握JavaScript技术栈，参与过实习项目开发，具备良好的代码规范与团队协作意识，能够快速上手业务，期望正式入职发展。,"浙江大学 | 网络工程 | 本科
毕业时间：2021年6月
核心课程：数据结构、数字信号处理、Java程序设计、计算机网络","【阿里巴巴（福州分公司）】 前端开发工程师（实习）
2025年8月 - 至今
    · 负责公司前端开发工程师相关业务的开发与维护，参与需求评审
    · 对接产品、测试团队，跟进需求落地与缺陷修复
    · 承担分配模块的编码、测试与优化工作，保障系统稳定运行","■ 校园社团官网（实训项目）
  项目目标：为学校社团开发官方展示网站
  个人职责：负责首页、新闻页、成员页开发
  项目成果：上线后访问量累计5000+

■ 个人博客系统（课程作业）
  项目目标：开发个人博客前端页面，实现文章展示与评论
  个人职责：负责页面布局、交互效果、接口联调
  项目成果：完成响应式页面，兼容多浏览器","专业技能：Element UI、React、移动端适配、Vite、Ant Design、TypeScript、Axios
相关证书：英语六级",有实习经验，熟悉开发基本流程，具备基础的项目实践能力；学习能力强，能够快速上手新业务新技术；工作踏实，责任心强，善于沟通协作，能够高效完成分配的工作任务。,前端开发工程师,扬州,互联网/信息技术/软件服务,5000-8000元,否,5000,8000,浙江大学,网络工程,本科,本科,2021-06,2021,数据结构、数字信号处理、Java程序设计、计算机网络,4,是,0,应届,1,否,阿里巴巴（福州分公司）,前端开发工程师（实习）,2025-08,是,2,校园社团官网（实训项目）,Element UI、React、移动端适配、Vite、Ant Design、TypeScript、Axios,7,英语六级,1,90,77,168,134
段峰,男,17788421317,duanfeng2932@126.com,13472467406,南通,"期望岗位：软件测试工程师
期望城市：南通
期望行业：互联网/信息技术/软件服务
期望薪资：32000-33500元",9年软件测试工程师资深经验，精通全链路技术架构，具备团队技术规划与方案设计能力，主导过多个大型项目重构与升级，在高并发/系统稳定性领域有深厚积累，能够带领团队攻克技术难题，驱动业务技术升级。,"南京工业职业技术大学 | 通信工程 | 专科
毕业时间：2013年6月
核心课程：数据结构、Python编程、计算机网络、Java程序设计","【OPPO（东莞）】 软件测试工程师
2023年12月 - 至今
    · 承担分配模块的编码、测试与优化工作，保障系统稳定运行
    · 对接产品、测试团队，跟进需求落地与缺陷修复

【东软互联网科技有限公司】 软件测试工程师
2020年3月 - 2023年11月
    · 承担分配模块的编码、测试与优化工作，保障系统稳定运行
    · 对接产品、测试团队，跟进需求落地与缺陷修复

【数聚科技有限公司】 软件测试工程师
2017年10月 - 2020年9月
    · 对接产品、测试团队，跟进需求落地与缺陷修复
    · 承担分配模块的编码、测试与优化工作，保障系统稳定运行","■ 电商平台功能测试
  项目目标：保障电商系统上线质量，覆盖全业务流程
  个人职责：设计测试用例，执行功能、回归测试，提交缺陷报告
  项目成果：发现并修复120+缺陷，上线后线上缺陷率低于0.5%

■ 自动化测试框架搭建
  项目目标：提升回归测试效率，减少人工重复劳动
  个人职责：基于Selenium搭建UI自动化框架，编写核心模块测试脚本
  项目成果：回归测试周期从7天缩短至2天，覆盖率达85%","专业技能：性能测试、接口测试、测试用例设计、JMeter、MySQL、Appium
相关证书：无",拥有9年行业经验，技术视野开阔，具备方案设计与项目把控能力；逻辑清晰，善于定位并解决复杂技术问题；具备良好的团队管理与跨部门沟通能力，能够推动技术优化与业务落地；责任心强，追求技术与业务的平衡发展。,软件测试工程师,南通,互联网/信息技术/软件服务,32000-33500元,否,32000,33500,南京工业职业技术大学,通信工程,专科,大专,2013-06,2013,数据结构、Python编程、计算机网络、Java程序设计,4,否,9,9年,3,否,OPPO（东莞）,软件测试工程师,2023-12,是,2,电商平台功能测试,性能测试、接口测试、测试用例设计、JMeter、MySQL、Appium,6,无,0,95,99,207,296
江宇,男,15279481008,jiangyu58@gmail.com,wx_jiangyu_297,马鞍山,"期望岗位：软件测试工程师
期望城市：马鞍山
期望行业：互联网/信息技术/软件服务
期望薪资：23500-34000元",6年软件测试工程师资深经验，精通全链路技术架构，具备团队技术规划与方案设计能力，主导过多个大型项目重构与升级，在高并发/系统稳定性领域有深厚积累，能够带领团队攻克技术难题，驱动业务技术升级。,"苏州科技大学 | 数字媒体技术 | 本科
毕业时间：2016年6月
核心课程：数据库原理、计算机网络、Python编程、操作系统","【亿联网络】 软件测试工程师
2024年9月 - 至今
    · 负责公司软件测试工程师相关业务的开发与维护，参与需求评审
    · 承担分配模块的编码、测试与优化工作，保障系统稳定运行
    · 对接产品、测试团队，跟进需求落地与缺陷修复

【云创科技有限公司】 软件测试工程师
2022年11月 - 2024年5月
    · 负责公司软件测试工程师相关业务的开发与维护，参与需求评审
    · 承担分配模块的编码、测试与优化工作，保障系统稳定运行
    · 编写开发文档，沉淀技术规范，协助新人熟悉业务

【数聚软件有限公司】 软件测试工程师
2020年6月 - 2022年10月
    · 对接产品、测试团队，跟进需求落地与缺陷修复
    · 负责公司软件测试工程师相关业务的开发与维护，参与需求评审
    · 承担分配模块的编码、测试与优化工作，保障系统稳定运行","■ 自动化测试框架搭建
  项目目标：提升回归测试效率，减少人工重复劳动
  个人职责：基于Selenium搭建UI自动化框架，编写核心模块测试脚本
  项目成果：回归测试周期从7天缩短至2天，覆盖率达85%

■ 电商平台功能测试
  项目目标：保障电商系统上线质量，覆盖全业务流程
  个人职责：设计测试用例，执行功能、回归测试，提交缺陷报告
  项目成果：发现并修复120+缺陷，上线后线上缺陷率低于0.5%","专业技能：MySQL、Postman、缺陷管理、功能测试、接口测试、JMeter、测试用例设计、Selenium、性能测试、TestNG
相关证书：软件设计师（中级）、英语六级",拥有6年行业经验，技术视野开阔，具备方案设计与项目把控能力；逻辑清晰，善于定位并解决复杂技术问题；具备良好的团队管理与跨部门沟通能力，能够推动技术优化与业务落地；责任心强，追求技术与业务的平衡发展。,软件测试工程师,马鞍山,互联网/信息技术/软件服务,23500-34000元,否,23500,34000,苏州科技大学,数字媒体技术,本科,本科,2016-06,2016,数据库原理、计算机网络、Python编程、操作系统,4,否,6,6年,3,否,亿联网络,软件测试工程师,2024-09,是,2,自动化测试框架搭建,MySQL、Postman、缺陷管理、功能测试、接口测试、JMeter、测试用例设计、Selenium、性能测试、TestNG,10,软件设计师（中级）、英语六级,2,95,99,207,394
韩俊,男,13834985886,hanjun09@outlook.com,wx_hanjun_106,苏州,"期望岗位：算法工程师
期望城市：苏州
期望行业：互联网/信息技术/软件服务
期望薪资：10500-11500元",3年算法工程师工作经验，精通计算机视觉、PyTorch技术栈，参与过完整项目迭代，能够独立完成模块开发与问题排查，注重代码质量与开发效率，具备良好的沟通协作能力。,"中山大学 | 通信工程 | 本科
毕业时间：2019年6月
核心课程：Python编程、计算机网络、数据结构、操作系统","【未来数据技术有限公司】 算法工程师
2025年5月 - 至今
    · 编写开发文档，沉淀技术规范，协助新人熟悉业务
    · 承担分配模块的编码、测试与优化工作，保障系统稳定运行
    · 对接产品、测试团队，跟进需求落地与缺陷修复

【博思软件有限公司】 算法工程师
2024年1月 - 2025年12月
    · 承担分配模块的编码、测试与优化工作，保障系统稳定运行
    · 对接产品、测试团队，跟进需求落地与缺陷修复
    · 编写开发文档，沉淀技术规范，协助新人熟悉业务","■ 个性化推荐系统
  项目目标：提升内容推荐精准度，增加用户停留时长
  个人职责：负责协同过滤、深度学习推荐模型开发与离线优化
  项目成果：用户平均停留时长提升25%，点击率提升15%

■ 风控欺诈识别模型
  项目目标：识别交易欺诈行为，降低资金损失风险
  个人职责：特征工程，构建XGBoost风控模型，在线部署与迭代
  项目成果：欺诈识别准确率达92%，每年减少损失超200万","专业技能：数据结构、PyTorch、特征工程、算法优化、计算机视觉、NLP、机器学习
相关证书：PMP项目管理专业人士、红帽RHCE认证",拥有3年实际工作经验，技术功底扎实，熟悉完整开发流程；具备较强的问题解决能力，能够独立排查并解决常见技术问题；工作认真负责，注重团队协作，能够高效推进项目落地；持续学习，保持技术敏感度。,算法工程师,苏州,互联网/信息技术/软件服务,10500-11500元,否,10500,11500,中山大学,通信工程,本科,本科,2019-06,2019,Python编程、计算机网络、数据结构、操作系统,4,否,3,3年,2,否,未来数据技术有限公司,算法工程师,2025-05,是,2,个性化推荐系统,数据结构、PyTorch、特征工程、算法优化、计算机视觉、NLP、机器学习,7,PMP项目管理专业人士、红帽RHCE认证,2,81,93,197,248
杨建,男,17644585648,yangjian00@qq.com,17734919104,厦门,"期望岗位：Java开发工程师
期望城市：厦门
期望行业：互联网/信息技术/软件服务
期望薪资：5500-6000元",本科信息管理与信息系统专业应届毕业生，掌握微服务、SpringCloud基础技能，完成过课程设计与毕业项目，具备基础代码编写能力与问题排查思路，学习能力强，做事认真踏实，期望从事Java开发工程师相关工作。,"中山大学 | 信息管理与信息系统 | 本科
毕业时间：2022年6月
核心课程：软件工程、数字信号处理、数据库原理、机器学习","【校园实践】
    · 参与学校计算机协会技术部，负责协会网站日常维护
    · 协助老师完成实验室设备管理与系统环境搭建
    · 参与班级课程设计小组，担任后端开发角色","■ 学生成绩管理系统（课程设计）
  项目目标：实现学生信息、成绩、班级的增删改查管理
  个人职责：负责后端接口开发与数据库设计
  项目成果：完成基础功能，通过课程答辩","专业技能：RabbitMQ、微服务、Docker、Linux
相关证书：无",应届毕业，具备扎实的专业基础知识与学习能力，能够快速掌握新技术；工作态度认真负责，有耐心，注重细节；具备良好的团队意识与沟通能力，能够积极配合团队完成任务；期望在工作中积累经验，快速成长。,Java开发工程师,厦门,互联网/信息技术/软件服务,5500-6000元,否,5500,6000,中山大学,信息管理与信息系统,本科,本科,2022-06,2022,软件工程、数字信号处理、数据库原理、机器学习,4,是,0,应届,1,是,校园实践,· 参与学校计算机协会技术部，负责协会网站日常维护,,否,1,学生成绩管理系统（课程设计）,RabbitMQ、微服务、Docker、Linux,4,无,0,103,94,86,89
丁凯,男,15830171153,dingkai03@126.com,wx_dingkai_164,厦门,"期望岗位：Java开发工程师
期望城市：厦门
期望行业：互联网/信息技术/软件服务
期望薪资：5000-6000元",本科软件技术专业应届毕业生，掌握MySQL、微服务基础技能，完成过课程设计与毕业项目，具备基础代码编写能力与问题排查思路，学习能力强，做事认真踏实，期望从事Java开发工程师相关工作。,"浙江工业大学 | 软件技术 | 本科
毕业时间：2022年6月
核心课程：机器学习、Java程序设计、计算机网络、操作系统","【校园实践】
    · 参与学校计算机协会技术部，负责协会网站日常维护
    · 协助老师完成实验室设备管理与系统环境搭建
    · 参与班级课程设计小组，担任后端开发角色","■ 学生成绩管理系统（课程设计）
  项目目标：实现学生信息、成绩、班级的增删改查管理
  个人职责：负责后端接口开发与数据库设计
  项目成果：完成基础功能，通过课程答辩","专业技能：MyBatis、RabbitMQ、Docker、Java、Linux
相关证书：英语六级",应届毕业，具备扎实的专业基础知识与学习能力，能够快速掌握新技术；工作态度认真负责，有耐心，注重细节；具备良好的团队意识与沟通能力，能够积极配合团队完成任务；期望在工作中积累经验，快速成长。,Java开发工程师,厦门,互联网/信息技术/软件服务,5000-6000元,否,5000,6000,浙江工业大学,软件技术,本科,本科,2022-06,2022,机器学习、Java程序设计、计算机网络、操作系统,4,是,0,应届,1,是,校园实践,· 参与学校计算机协会技术部，负责协会网站日常维护,,否,1,学生成绩管理系统（课程设计）,MyBatis、RabbitMQ、Docker、Java、Linux,5,英语六级,1,92,94,86,89
程伟,男,13726833188,chengwei3362@qq.com,15709979838,安庆,"期望岗位：软件测试工程师
期望城市：安庆
期望行业：互联网/信息技术/软件服务
期望薪资：面议",1年软件测试工程师工作经验，精通接口测试、性能测试技术栈，参与过完整项目迭代，能够独立完成模块开发与问题排查，注重代码质量与开发效率，具备良好的沟通协作能力。,"南京理工大学 | 通信工程 | 本科
毕业时间：2021年6月
核心课程：Java程序设计、计算机网络、操作系统、数据结构","【易联软件有限公司】 软件测试工程师
2025年2月 - 至今
    · 对接产品、测试团队，跟进需求落地与缺陷修复
    · 编写开发文档，沉淀技术规范，协助新人熟悉业务","■ 电商平台功能测试
  项目目标：保障电商系统上线质量，覆盖全业务流程
  个人职责：设计测试用例，执行功能、回归测试，提交缺陷报告
  项目成果：发现并修复120+缺陷，上线后线上缺陷率低于0.5%

■ 自动化测试框架搭建
  项目目标：提升回归测试效率，减少人工重复劳动
  个人职责：基于Selenium搭建UI自动化框架，编写核心模块测试脚本
  项目成果：回归测试周期从7天缩短至2天，覆盖率达85%","专业技能：TestNG、JMeter、Selenium、MySQL、Postman、功能测试、Python、Appium、性能测试、测试用例设计
相关证书：无",拥有1年实际工作经验，技术功底扎实，熟悉完整开发流程；具备较强的问题解决能力，能够独立排查并解决常见技术问题；工作认真负责，注重团队协作，能够高效推进项目落地；持续学习，保持技术敏感度。,软件测试工程师,安庆,互联网/信息技术/软件服务,面议,是,,,南京理工大学,通信工程,本科,本科,2021-06,2021,Java程序设计、计算机网络、操作系统、数据结构,4,否,1,1年,1,否,易联软件有限公司,软件测试工程师,2025-02,是,2,电商平台功能测试,TestNG、JMeter、Selenium、MySQL、Postman、功能测试、Python、Appium、性能测试、测试用例设计,10,无,0,79,93,207,88
贺语桐,女,15768446400,he语tong654@outlook.com,wx_he语tong_367,福州,"期望岗位：前端开发工程师
期望城市：福州
期望行业：互联网/信息技术/软件服务
期望薪资：13000-18500元",3年前端开发工程师从业经验，精通Element UI技术架构，主导过中型项目从0到1落地，擅长技术方案设计与性能优化，曾推动核心模块技术重构，带来显著效率提升，具备跨部门协作与项目推进能力。,"江西师范大学 | 网络工程 | 本科
毕业时间：2019年6月
核心课程：Python编程、计算机网络、软件工程、机器学习","【用友网络科技有限公司】 前端开发工程师
2025年9月 - 至今
    · 承担分配模块的编码、测试与优化工作，保障系统稳定运行
    · 编写开发文档，沉淀技术规范，协助新人熟悉业务

【星图软件有限公司】 前端开发工程师
2024年10月 - 2025年2月
    · 编写开发文档，沉淀技术规范，协助新人熟悉业务
    · 对接产品、测试团队，跟进需求落地与缺陷修复","■ 企业后台管理系统
  项目目标：搭建企业运营管理后台，实现业务数据可视化
  个人职责：负责权限管理、数据报表模块开发，对接后端接口联调
  项目成果：覆盖12个业务部门，运营效率提升40%

■ 电商平台前端重构
  项目目标：升级旧版电商系统前端架构，提升用户体验与加载速度
  个人职责：负责商品详情页、购物车模块开发，组件化封装公共组件
  项目成果：首屏加载时间从3.2s降至1.8s，页面转化率提升12%","专业技能：Vite、HTML5、JavaScript、Element UI、Vue、Axios、React、移动端适配、TypeScript、Webpack
相关证书：无",拥有3年行业经验，技术视野开阔，具备方案设计与项目把控能力；逻辑清晰，善于定位并解决复杂技术问题；具备良好的团队管理与跨部门沟通能力，能够推动技术优化与业务落地；责任心强，追求技术与业务的平衡发展。,前端开发工程师,福州,互联网/信息技术/软件服务,13000-18500元,否,13000,18500,江西师范大学,网络工程,本科,本科,2019-06,2019,Python编程、计算机网络、软件工程、机器学习,4,否,3,3年,2,否,用友网络科技有限公司,前端开发工程师,2025-09,是,2,企业后台管理系统,Vite、HTML5、JavaScript、Element UI、Vue、Axios、React、移动端适配、TypeScript、Webpack,10,无,0,95,99,210,191
陆博文,男,13021720806,lubowen783@gmail.com,wx_lubowen_773,金华,"期望岗位：运维工程师
期望城市：金华
期望行业：互联网/信息技术/软件服务
期望薪资：面议",2年运维工程师工作经验，精通Shell、MySQL技术栈，参与过完整项目迭代，能够独立完成模块开发与问题排查，注重代码质量与开发效率，具备良好的沟通协作能力。,"广东轻工职业技术学院 | 电子信息工程 | 专科
毕业时间：2020年6月
核心课程：算法设计与分析、操作系统、数据结构、机器学习","【美图公司】 运维工程师
2025年10月 - 至今
    · 负责公司运维工程师相关业务的开发与维护，参与需求评审
    · 对接产品、测试团队，跟进需求落地与缺陷修复
    · 编写开发文档，沉淀技术规范，协助新人熟悉业务

【数聚数据技术有限公司】 运维工程师
2024年7月 - 2025年3月
    · 承担分配模块的编码、测试与优化工作，保障系统稳定运行
    · 负责公司运维工程师相关业务的开发与维护，参与需求评审","■ 服务器集群运维优化
  项目目标：提升服务器集群稳定性，降低故障发生率
  个人职责：负责日常巡检、故障排查，优化监控告警规则与分级策略
  项目成果：服务器故障率下降60%，平均故障响应时间缩短至15分钟

■ CI/CD自动化流水线
  项目目标：实现代码自动化构建、测试、部署，提升发布效率
  个人职责：基于Jenkins搭建持续集成流水线，配置Docker容器化部署
  项目成果：发布周期从每周1次提升至每天3次，部署失误率降为0","专业技能：Prometheus、网络运维、Shell、Kubernetes、Docker、MySQL、Ansible、Zabbix、Linux
相关证书：阿里云ACP云计算认证",拥有2年实际工作经验，技术功底扎实，熟悉完整开发流程；具备较强的问题解决能力，能够独立排查并解决常见技术问题；工作认真负责，注重团队协作，能够高效推进项目落地；持续学习，保持技术敏感度。,运维工程师,金华,互联网/信息技术/软件服务,面议,是,,,广东轻工职业技术学院,电子信息工程,专科,大专,2020-06,2020,算法设计与分析、操作系统、数据结构、机器学习,4,否,2,2年,2,否,美图公司,运维工程师,2025-10,是,2,服务器集群运维优化,Prometheus、网络运维、Shell、Kubernetes、Docker、MySQL、Ansible、Zabbix、Linux,9,阿里云ACP云计算认证,1,79,93,223,220
潘芳,女,15691907301,panfang22@gmail.com,13181454400,绍兴,"期望岗位：运维工程师
期望城市：绍兴
期望行业：互联网/信息技术/软件服务
期望薪资：14500-19500元",5年运维工程师从业经验，精通Zabbix技术架构，主导过中型项目从0到1落地，擅长技术方案设计与性能优化，曾推动核心模块技术重构，带来显著效率提升，具备跨部门协作与项目推进能力。,"南京大学 | 数字媒体技术 | 本科
毕业时间：2017年6月
核心课程：Java程序设计、Python编程、操作系统、数据库原理","【智联科技有限公司】 运维工程师
2025年2月 - 至今
    · 编写开发文档，沉淀技术规范，协助新人熟悉业务
    · 承担分配模块的编码、测试与优化工作，保障系统稳定运行
    · 对接产品、测试团队，跟进需求落地与缺陷修复

【未来科技有限公司】 运维工程师
2024年10月 - 2025年3月
    · 承担分配模块的编码、测试与优化工作，保障系统稳定运行
    · 负责公司运维工程师相关业务的开发与维护，参与需求评审
    · 对接产品、测试团队，跟进需求落地与缺陷修复

【科创网络科技有限公司】 运维工程师
2023年12月 - 2024年9月
    · 负责公司运维工程师相关业务的开发与维护，参与需求评审
    · 编写开发文档，沉淀技术规范，协助新人熟悉业务
    · 承担分配模块的编码、测试与优化工作，保障系统稳定运行","■ 服务器集群运维优化
  项目目标：提升服务器集群稳定性，降低故障发生率
  个人职责：负责日常巡检、故障排查，优化监控告警规则与分级策略
  项目成果：服务器故障率下降60%，平均故障响应时间缩短至15分钟

■ CI/CD自动化流水线
  项目目标：实现代码自动化构建、测试、部署，提升发布效率
  个人职责：基于Jenkins搭建持续集成流水线，配置Docker容器化部署
  项目成果：发布周期从每周1次提升至每天3次，部署失误率降为0","专业技能：Shell、Zabbix、网络运维、Linux、Docker、MySQL、Kubernetes
相关证书：无",拥有5年行业经验，技术视野开阔，具备方案设计与项目把控能力；逻辑清晰，善于定位并解决复杂技术问题；具备良好的团队管理与跨部门沟通能力，能够推动技术优化与业务落地；责任心强，追求技术与业务的平衡发展。,运维工程师,绍兴,互联网/信息技术/软件服务,14500-19500元,否,14500,19500,南京大学,数字媒体技术,本科,本科,2017-06,2017,Java程序设计、Python编程、操作系统、数据库原理,4,否,5,5年,3,否,智联科技有限公司,运维工程师,2025-02,是,2,服务器集群运维优化,Shell、Zabbix、网络运维、Linux、Docker、MySQL、Kubernetes,7,无,0,89,99,223,384
任明,男,13062137170,renming63@gmail.com,18012759582,厦门,"期望岗位：算法工程师
期望城市：厦门
期望行业：互联网/信息技术/软件服务
期望薪资：11000-12000元",2年算法工程师工作经验，精通计算机视觉、计算机视觉技术栈，参与过完整项目迭代，能够独立完成模块开发与问题排查，注重代码质量与开发效率，具备良好的沟通协作能力。,"泉州师范学院 | 软件技术 | 本科
毕业时间：2020年6月
核心课程：数据结构、计算机网络、算法设计与分析、Java程序设计","【科创数据技术有限公司】 算法工程师
2025年10月 - 至今
    · 承担分配模块的编码、测试与优化工作，保障系统稳定运行
    · 负责公司算法工程师相关业务的开发与维护，参与需求评审
    · 编写开发文档，沉淀技术规范，协助新人熟悉业务

【智联科技有限公司】 算法工程师
2024年7月 - 2025年7月
    · 承担分配模块的编码、测试与优化工作，保障系统稳定运行
    · 编写开发文档，沉淀技术规范，协助新人熟悉业务","■ 个性化推荐系统
  项目目标：提升内容推荐精准度，增加用户停留时长
  个人职责：负责协同过滤、深度学习推荐模型开发与离线优化
  项目成果：用户平均停留时长提升25%，点击率提升15%

■ 风控欺诈识别模型
  项目目标：识别交易欺诈行为，降低资金损失风险
  个人职责：特征工程，构建XGBoost风控模型，在线部署与迭代
  项目成果：欺诈识别准确率达92%，每年减少损失超200万","专业技能：特征工程、PyTorch、机器学习、计算机视觉、SQL、Python、TensorFlow
相关证书：MySQL数据库认证、华为HCIA认证",拥有2年实际工作经验，技术功底扎实，熟悉完整开发流程；具备较强的问题解决能力，能够独立排查并解决常见技术问题；工作认真负责，注重团队协作，能够高效推进项目落地；持续学习，保持技术敏感度。,算法工程师,厦门,互联网/信息技术/软件服务,11000-12000元,否,11000,12000,泉州师范学院,软件技术,本科,本科,2020-06,2020,数据结构、计算机网络、算法设计与分析、Java程序设计,4,否,2,2年,2,否,科创数据技术有限公司,算法工程师,2025-10,是,2,个性化推荐系统,特征工程、PyTorch、机器学习、计算机视觉、SQL、Python、TensorFlow,7,MySQL数据库认证、华为HCIA认证,2,79,93,197,225
龙恒,男,13466792216,longheng743@gmail.com,15939093867,南通,"期望岗位：软件测试工程师
期望城市：南通
期望行业：互联网/信息技术/软件服务
期望薪资：面议",专科软件技术专业应届毕业生，有1段软件测试工程师实习经验，掌握TestNG技术栈，参与过实习项目开发，具备良好的代码规范与团队协作意识，能够快速上手业务，期望正式入职发展。,"苏州职业大学 | 软件技术 | 专科
毕业时间：2021年6月
核心课程：软件工程、操作系统、机器学习、Java程序设计","【易联数据技术有限公司】 软件测试工程师（实习）
2025年10月 - 至今
    · 负责公司软件测试工程师相关业务的开发与维护，参与需求评审
    · 承担分配模块的编码、测试与优化工作，保障系统稳定运行","■ 学生管理系统功能测试
  项目目标：对课程设计系统进行功能测试与缺陷提交
  个人职责：设计测试用例，执行黑盒测试
  项目成果：发现并提交8个功能缺陷

■ 网页兼容性测试实训
  项目目标：对多个网站进行浏览器兼容测试
  个人职责：制定测试方案，输出测试报告
  项目成果：覆盖5款主流浏览器","专业技能：Appium、测试用例设计、Selenium、TestNG、Python
相关证书：计算机一级",有实习经验，熟悉开发基本流程，具备基础的项目实践能力；学习能力强，能够快速上手新业务新技术；工作踏实，责任心强，善于沟通协作，能够高效完成分配的工作任务。,软件测试工程师,南通,互联网/信息技术/软件服务,面议,是,,,苏州职业大学,软件技术,专科,大专,2021-06,2021,软件工程、操作系统、机器学习、Java程序设计,4,是,0,应届,1,否,易联数据技术有限公司,软件测试工程师（实习）,2025-10,是,2,学生管理系统功能测试,Appium、测试用例设计、Selenium、TestNG、Python,5,计算机一级,1,86,77,151,106
张磊,男,13361028208,zhanglei01@163.com,18456169165,常州,"期望岗位：运维工程师
期望城市：常州
期望行业：互联网/信息技术/软件服务
期望薪资：4500-7000元",本科数学与应用数学专业应届毕业生，有0段运维工程师实习经验，掌握网络运维技术栈，参与过实习项目开发，具备良好的代码规范与团队协作意识，能够快速上手业务，期望正式入职发展。,"福州大学 | 数学与应用数学 | 本科
毕业时间：2022年6月
核心课程：算法设计与分析、Python编程、数字信号处理、数据库原理","【未来网络科技有限公司】 运维工程师（实习）
2019年11月 - 至今
    · 承担分配模块的编码、测试与优化工作，保障系统稳定运行
    · 编写开发文档，沉淀技术规范，协助新人熟悉业务
    · 对接产品、测试团队，跟进需求落地与缺陷修复","■ 实验室服务器搭建实训
  项目目标：搭建实验室Linux服务器环境
  个人职责：负责系统安装、网络配置、基础服务部署
  项目成果：完成3台服务器环境搭建

■ 简单监控脚本开发
  项目目标：编写服务器状态监控脚本
  个人职责：实现CPU、内存、磁盘使用率自动采集
  项目成果：支持异常邮件告警","专业技能：Linux、Nginx、Docker、Ansible、MySQL、Redis
相关证书：英语四级、华为HCIA认证",有实习经验，熟悉开发基本流程，具备基础的项目实践能力；学习能力强，能够快速上手新业务新技术；工作踏实，责任心强，善于沟通协作，能够高效完成分配的工作任务。,运维工程师,常州,互联网/信息技术/软件服务,4500-7000元,否,4500,7000,福州大学,数学与应用数学,本科,本科,2022-06,2022,算法设计与分析、Python编程、数字信号处理、数据库原理,4,是,0,应届,1,否,未来网络科技有限公司,运维工程师（实习）,2019-11,是,2,实验室服务器搭建实训,Linux、Nginx、Docker、Ansible、MySQL、Redis,6,英语四级、华为HCIA认证,2,85,77,153,126
尹军,男,18695482396,yinjun8233@163.com,18189294205,安庆,"期望岗位：运维工程师
期望城市：安庆
期望行业：互联网/信息技术/软件服务
期望薪资：5500-7000元",本科软件技术专业应届毕业生，有1段运维工程师实习经验，掌握Nginx技术栈，参与过实习项目开发，具备良好的代码规范与团队协作意识，能够快速上手业务，期望正式入职发展。,"闽南师范大学 | 软件技术 | 本科
毕业时间：2021年6月
核心课程：计算机网络、Python编程、数据库原理、算法设计与分析","【微远网络科技有限公司】 运维工程师（实习）
2025年2月 - 至今
    · 编写开发文档，沉淀技术规范，协助新人熟悉业务
    · 对接产品、测试团队，跟进需求落地与缺陷修复
    · 承担分配模块的编码、测试与优化工作，保障系统稳定运行","■ 实验室服务器搭建实训
  项目目标：搭建实验室Linux服务器环境
  个人职责：负责系统安装、网络配置、基础服务部署
  项目成果：完成3台服务器环境搭建

■ 简单监控脚本开发
  项目目标：编写服务器状态监控脚本
  个人职责：实现CPU、内存、磁盘使用率自动采集
  项目成果：支持异常邮件告警","专业技能：网络运维、Jenkins、Prometheus、Shell、Ansible
相关证书：无",有实习经验，熟悉开发基本流程，具备基础的项目实践能力；学习能力强，能够快速上手新业务新技术；工作踏实，责任心强，善于沟通协作，能够高效完成分配的工作任务。,运维工程师,安庆,互联网/信息技术/软件服务,5500-7000元,否,5500,7000,闽南师范大学,软件技术,本科,本科,2021-06,2021,计算机网络、Python编程、数据库原理、算法设计与分析,4,是,0,应届,1,否,微远网络科技有限公司,运维工程师（实习）,2025-02,是,2,实验室服务器搭建实训,网络运维、Jenkins、Prometheus、Shell、Ansible,5,无,0,83,77,153,125
黎静,女,13637503605,lijing1010@outlook.com,18997004246,嘉兴,"期望岗位：运维工程师
期望城市：嘉兴
期望行业：互联网/信息技术/软件服务
期望薪资：6000-7500元",本科数据科学与大数据技术专业应届毕业生，有1段运维工程师实习经验，掌握MySQL技术栈，参与过实习项目开发，具备良好的代码规范与团队协作意识，能够快速上手业务，期望正式入职发展。,"厦门大学 | 数据科学与大数据技术 | 本科
毕业时间：2021年6月
核心课程：机器学习、操作系统、软件工程、Java程序设计","【汇智互联网科技有限公司】 运维工程师（实习）
2025年2月 - 至今
    · 承担分配模块的编码、测试与优化工作，保障系统稳定运行
    · 对接产品、测试团队，跟进需求落地与缺陷修复","■ 实验室服务器搭建实训
  项目目标：搭建实验室Linux服务器环境
  个人职责：负责系统安装、网络配置、基础服务部署
  项目成果：完成3台服务器环境搭建

■ 简单监控脚本开发
  项目目标：编写服务器状态监控脚本
  个人职责：实现CPU、内存、磁盘使用率自动采集
  项目成果：支持异常邮件告警","专业技能：MySQL、Jenkins、Ansible、Kubernetes、Docker、Redis、Prometheus
相关证书：计算机二级",有实习经验，熟悉开发基本流程，具备基础的项目实践能力；学习能力强，能够快速上手新业务新技术；工作踏实，责任心强，善于沟通协作，能够高效完成分配的工作任务。,运维工程师,嘉兴,互联网/信息技术/软件服务,6000-7500元,否,6000,7500,厦门大学,数据科学与大数据技术,本科,本科,2021-06,2021,机器学习、操作系统、软件工程、Java程序设计,4,是,0,应届,1,否,汇智互联网科技有限公司,运维工程师（实习）,2025-02,是,2,实验室服务器搭建实训,MySQL、Jenkins、Ansible、Kubernetes、Docker、Redis、Prometheus,7,计算机二级,1,89,77,153,97
张俊,男,18133067708,zhangjun44@outlook.com,13585085070,台州,"期望岗位：数据分析师
期望城市：台州
期望行业：互联网/信息技术/软件服务
期望薪资：7500-10500元",2年数据分析师工作经验，精通数据可视化、数据可视化技术栈，参与过完整项目迭代，能够独立完成模块开发与问题排查，注重代码质量与开发效率，具备良好的沟通协作能力。,"东莞理工学院 | 计算机科学与技术 | 本科
毕业时间：2020年6月
核心课程：机器学习、计算机网络、数据结构、算法设计与分析","【合众科技有限公司】 数据分析师
2025年1月 - 至今
    · 负责公司数据分析师相关业务的开发与维护，参与需求评审
    · 承担分配模块的编码、测试与优化工作，保障系统稳定运行

【科创互联网科技有限公司】 数据分析师
2024年9月 - 2025年6月
    · 对接产品、测试团队，跟进需求落地与缺陷修复
    · 编写开发文档，沉淀技术规范，协助新人熟悉业务","■ 用户行为分析看板
  项目目标：构建用户行为数据体系，支撑运营决策
  个人职责：负责数据清洗、指标体系搭建，输出可视化运营报表
  项目成果：输出15+核心运营指标，支撑每月3次运营优化，用户留存率提升8%

■ 销售数据预测建模
  项目目标：基于历史数据预测销量，指导库存与备货
  个人职责：数据预处理，构建时间序列预测模型，输出月度预测报告
  项目成果：预测准确率达89%，库存周转效率提升25%","专业技能：Tableau、SQL、用户分析、数据可视化、Hive、Excel、Pandas、MySQL、NumPy、Power BI
相关证书：无",拥有2年实际工作经验，技术功底扎实，熟悉完整开发流程；具备较强的问题解决能力，能够独立排查并解决常见技术问题；工作认真负责，注重团队协作，能够高效推进项目落地；持续学习，保持技术敏感度。,数据分析师,台州,互联网/信息技术/软件服务,7500-10500元,否,7500,10500,东莞理工学院,计算机科学与技术,本科,本科,2020-06,2020,机器学习、计算机网络、数据结构、算法设计与分析,4,否,2,2年,2,否,合众科技有限公司,数据分析师,2025-01,是,2,用户行为分析看板,Tableau、SQL、用户分析、数据可视化、Hive、Excel、Pandas、MySQL、NumPy、Power BI,10,无,0,79,93,206,191
熊然,男,18509844182,xiongran4440@gmail.com,17742091515,徐州,"期望岗位：前端开发工程师
期望城市：徐州
期望行业：互联网/信息技术/软件服务
期望薪资：面议",4年前端开发工程师从业经验，精通移动端适配技术架构，主导过中型项目从0到1落地，擅长技术方案设计与性能优化，曾推动核心模块技术重构，带来显著效率提升，具备跨部门协作与项目推进能力。,"江西交通职业技术学院 | 数字媒体技术 | 专科
毕业时间：2018年6月
核心课程：数据结构、数字信号处理、操作系统、机器学习","【云创软件有限公司】 前端开发工程师
2024年2月 - 至今
    · 对接产品、测试团队，跟进需求落地与缺陷修复
    · 负责公司前端开发工程师相关业务的开发与维护，参与需求评审

【易联数据技术有限公司】 前端开发工程师
2022年10月 - 2024年4月
    · 承担分配模块的编码、测试与优化工作，保障系统稳定运行
    · 负责公司前端开发工程师相关业务的开发与维护，参与需求评审
    · 编写开发文档，沉淀技术规范，协助新人熟悉业务","■ 企业后台管理系统
  项目目标：搭建企业运营管理后台，实现业务数据可视化
  个人职责：负责权限管理、数据报表模块开发，对接后端接口联调
  项目成果：覆盖12个业务部门，运营效率提升40%

■ 电商平台前端重构
  项目目标：升级旧版电商系统前端架构，提升用户体验与加载速度
  个人职责：负责商品详情页、购物车模块开发，组件化封装公共组件
  项目成果：首屏加载时间从3.2s降至1.8s，页面转化率提升12%","专业技能：React、Webpack、Ant Design、Element UI、Vite、HTML5、CSS3
相关证书：软件设计师（中级）",拥有4年行业经验，技术视野开阔，具备方案设计与项目把控能力；逻辑清晰，善于定位并解决复杂技术问题；具备良好的团队管理与跨部门沟通能力，能够推动技术优化与业务落地；责任心强，追求技术与业务的平衡发展。,前端开发工程师,徐州,互联网/信息技术/软件服务,面议,是,,,江西交通职业技术学院,数字媒体技术,专科,大专,2018-06,2018,数据结构、数字信号处理、操作系统、机器学习,4,否,4,4年,2,否,云创软件有限公司,前端开发工程师,2024-02,是,2,企业后台管理系统,React、Webpack、Ant Design、Element UI、Vite、HTML5、CSS3,7,软件设计师（中级）,1,90,99,210,232
余博文,男,13287814453,yubowen365@126.com,15561074466,芜湖,"期望岗位：算法工程师
期望城市：芜湖
期望行业：互联网/信息技术/软件服务
期望薪资：4500-6000元",本科数字媒体技术专业应届毕业生，掌握PyTorch、Python基础技能，完成过课程设计与毕业项目，具备基础代码编写能力与问题排查思路，学习能力强，做事认真踏实，期望从事算法工程师相关工作。,"广东技术师范大学 | 数字媒体技术 | 本科
毕业时间：2022年6月
核心课程：操作系统、机器学习、数据库原理、Java程序设计","【校园实践】
    · 参与学校计算机协会技术部，负责协会网站日常维护
    · 协助老师完成实验室设备管理与系统环境搭建
    · 参与班级课程设计小组，担任后端开发角色","■ 电影推荐系统（毕设）
  项目目标：基于协同过滤实现简单电影推荐
  个人职责：数据处理、模型实现、效果验证
  项目成果：召回准确率达到75%","专业技能：机器学习、深度学习、PyTorch、计算机视觉、数据结构
相关证书：无",应届毕业，具备扎实的专业基础知识与学习能力，能够快速掌握新技术；工作态度认真负责，有耐心，注重细节；具备良好的团队意识与沟通能力，能够积极配合团队完成任务；期望在工作中积累经验，快速成长。,算法工程师,芜湖,互联网/信息技术/软件服务,4500-6000元,否,4500,6000,广东技术师范大学,数字媒体技术,本科,本科,2022-06,2022,操作系统、机器学习、数据库原理、Java程序设计,4,是,0,应届,1,是,校园实践,· 参与学校计算机协会技术部，负责协会网站日常维护,,否,1,电影推荐系统（毕设）,机器学习、深度学习、PyTorch、计算机视觉、数据结构,5,无,0,95,94,74,89
吕琳,女,17604936779,lvlin0293@outlook.com,15568100966,泉州,"期望岗位：数据分析师
期望城市：泉州
期望行业：互联网/信息技术/软件服务
期望薪资：16000-18500元",4年数据分析师从业经验，精通Tableau技术架构，主导过中型项目从0到1落地，擅长技术方案设计与性能优化，曾推动核心模块技术重构，带来显著效率提升，具备跨部门协作与项目推进能力。,"苏州职业大学 | 数据科学与大数据技术 | 专科
毕业时间：2018年6月
核心课程：Python编程、计算机网络、数据库原理、算法设计与分析","【携程（厦门）】 数据分析师
2024年5月 - 至今
    · 负责公司数据分析师相关业务的开发与维护，参与需求评审
    · 对接产品、测试团队，跟进需求落地与缺陷修复
    · 承担分配模块的编码、测试与优化工作，保障系统稳定运行

【数聚科技有限公司】 数据分析师
2022年2月 - 2024年11月
    · 编写开发文档，沉淀技术规范，协助新人熟悉业务
    · 负责公司数据分析师相关业务的开发与维护，参与需求评审","■ 用户行为分析看板
  项目目标：构建用户行为数据体系，支撑运营决策
  个人职责：负责数据清洗、指标体系搭建，输出可视化运营报表
  项目成果：输出15+核心运营指标，支撑每月3次运营优化，用户留存率提升8%

■ 销售数据预测建模
  项目目标：基于历史数据预测销量，指导库存与备货
  个人职责：数据预处理，构建时间序列预测模型，输出月度预测报告
  项目成果：预测准确率达89%，库存周转效率提升25%","专业技能：Python、NumPy、数据可视化、Tableau、SQL、Pandas、Power BI、统计学、Hive
相关证书：计算机二级",拥有4年行业经验，技术视野开阔，具备方案设计与项目把控能力；逻辑清晰，善于定位并解决复杂技术问题；具备良好的团队管理与跨部门沟通能力，能够推动技术优化与业务落地；责任心强，追求技术与业务的平衡发展。,数据分析师,泉州,互联网/信息技术/软件服务,16000-18500元,否,16000,18500,苏州职业大学,数据科学与大数据技术,专科,大专,2018-06,2018,Python编程、计算机网络、数据库原理、算法设计与分析,4,否,4,4年,2,否,携程（厦门）,数据分析师,2024-05,是,2,用户行为分析看板,Python、NumPy、数据可视化、Tableau、SQL、Pandas、Power BI、统计学、Hive,9,计算机二级,1,90,99,206,220
唐梦瑶,女,18633856099,tangmengyao56@gmail.com,15128598438,安庆,"期望岗位：Java开发工程师
期望城市：安庆
期望行业：互联网/信息技术/软件服务
期望薪资：3500-5500元",专科软件工程专业应届毕业生，掌握MySQL、微服务基础技能，完成过课程设计与毕业项目，具备基础代码编写能力与问题排查思路，学习能力强，做事认真踏实，期望从事Java开发工程师相关工作。,"广东轻工职业技术学院 | 软件工程 | 专科
毕业时间：2022年6月
核心课程：算法设计与分析、数据库原理、机器学习、软件工程","【校园实践】
    · 参与学校计算机协会技术部，负责协会网站日常维护
    · 协助老师完成实验室设备管理与系统环境搭建
    · 参与班级课程设计小组，担任后端开发角色","■ 学生成绩管理系统（课程设计）
  项目目标：实现学生信息、成绩、班级的增删改查管理
  个人职责：负责后端接口开发与数据库设计
  项目成果：完成基础功能，通过课程答辩","专业技能：MyBatis、Redis、Java、MySQL、JVM调优、RabbitMQ
相关证书：计算机一级、计算机二级",应届毕业，具备扎实的专业基础知识与学习能力，能够快速掌握新技术；工作态度认真负责，有耐心，注重细节；具备良好的团队意识与沟通能力，能够积极配合团队完成任务；期望在工作中积累经验，快速成长。,Java开发工程师,安庆,互联网/信息技术/软件服务,3500-5500元,否,3500,5500,广东轻工职业技术学院,软件工程,专科,大专,2022-06,2022,算法设计与分析、数据库原理、机器学习、软件工程,4,是,0,应届,1,是,校园实践,· 参与学校计算机协会技术部，负责协会网站日常维护,,否,1,学生成绩管理系统（课程设计）,MyBatis、Redis、Java、MySQL、JVM调优、RabbitMQ,6,计算机一级、计算机二级,2,92,94,86,89
何茜,女,13580531829,hexi3968@163.com,wx_hexi_974,三明,"期望岗位：Python开发工程师
期望城市：三明
期望行业：互联网/信息技术/软件服务
期望薪资：11000-12000元",1年Python开发工程师工作经验，精通MySQL、Django技术栈，参与过完整项目迭代，能够独立完成模块开发与问题排查，注重代码质量与开发效率，具备良好的沟通协作能力。,"苏州大学 | 计算机科学与技术 | 本科
毕业时间：2021年6月
核心课程：Python编程、机器学习、计算机网络、数字信号处理","【科创网络科技有限公司】 Python开发工程师
2025年1月 - 至今
    · 负责公司Python开发工程师相关业务的开发与维护，参与需求评审
    · 承担分配模块的编码、测试与优化工作，保障系统稳定运行","■ 自动化运维平台
  项目目标：开发运维管理平台，实现服务器批量管理
  个人职责：负责监控、告警、任务调度模块后端开发
  项目成果：管理服务器200+，运维人力成本降低50%

■ 数据采集爬虫系统
  项目目标：搭建分布式爬虫平台，采集多渠道公开数据
  个人职责：负责反爬策略破解、数据清洗、入库逻辑开发
  项目成果：日均采集数据50万条，数据准确率98%以上","专业技能：Git、Django、Flask、FastAPI、爬虫、Python、Docker
相关证书：MySQL数据库认证、英语六级",拥有1年实际工作经验，技术功底扎实，熟悉完整开发流程；具备较强的问题解决能力，能够独立排查并解决常见技术问题；工作认真负责，注重团队协作，能够高效推进项目落地；持续学习，保持技术敏感度。,Python开发工程师,三明,互联网/信息技术/软件服务,11000-12000元,否,11000,12000,苏州大学,计算机科学与技术,本科,本科,2021-06,2021,Python编程、机器学习、计算机网络、数字信号处理,4,否,1,1年,1,否,科创网络科技有限公司,Python开发工程师,2025-01,是,2,自动化运维平台,Git、Django、Flask、FastAPI、爬虫、Python、Docker,7,MySQL数据库认证、英语六级,2,86,93,186,109
谢超,男,18645720045,xiechao333@outlook.com,13051592183,常州,"期望岗位：Java开发工程师
期望城市：常州
期望行业：互联网/信息技术/软件服务
期望薪资：6000-6500元",专科计算机应用技术专业应届毕业生，有1段Java开发工程师实习经验，掌握JVM调优技术栈，参与过实习项目开发，具备良好的代码规范与团队协作意识，能够快速上手业务，期望正式入职发展。,"福建船政交通职业学院 | 计算机应用技术 | 专科
毕业时间：2021年6月
核心课程：机器学习、算法设计与分析、软件工程、数据结构","【小米（南京分公司）】 Java开发工程师（实习）
2025年4月 - 至今
    · 负责公司Java开发工程师相关业务的开发与维护，参与需求评审
    · 编写开发文档，沉淀技术规范，协助新人熟悉业务
    · 承担分配模块的编码、测试与优化工作，保障系统稳定运行","■ 校园二手交易平台（毕设）
  项目目标：搭建校园闲置物品发布与交易平台
  个人职责：负责用户模块、商品发布模块开发
  项目成果：完成系统原型，获得良好成绩

■ 学生成绩管理系统（课程设计）
  项目目标：实现学生信息、成绩、班级的增删改查管理
  个人职责：负责后端接口开发与数据库设计
  项目成果：完成基础功能，通过课程答辩","专业技能：SpringCloud、Git、微服务、MyBatis、Linux、JVM调优、Java
相关证书：无",有实习经验，熟悉开发基本流程，具备基础的项目实践能力；学习能力强，能够快速上手新业务新技术；工作踏实，责任心强，善于沟通协作，能够高效完成分配的工作任务。,Java开发工程师,常州,互联网/信息技术/软件服务,6000-6500元,否,6000,6500,福建船政交通职业学院,计算机应用技术,专科,大专,2021-06,2021,机器学习、算法设计与分析、软件工程、数据结构,4,是,0,应届,1,否,小米（南京分公司）,Java开发工程师（实习）,2025-04,是,2,校园二手交易平台（毕设）,SpringCloud、Git、微服务、MyBatis、Linux、JVM调优、Java,7,无,0,90,77,169,137
杜佳怡,女,13503472334,dujiayi16@qq.com,18022325658,龙岩,"期望岗位：算法工程师
期望城市：龙岩
期望行业：互联网/信息技术/软件服务
期望薪资：6000-7000元",本科数据科学与大数据技术专业应届毕业生，有0段算法工程师实习经验，掌握TensorFlow技术栈，参与过实习项目开发，具备良好的代码规范与团队协作意识，能够快速上手业务，期望正式入职发展。,"佛山科学技术学院 | 数据科学与大数据技术 | 本科
毕业时间：2022年6月
核心课程：计算机网络、软件工程、数据库原理、Python编程","【OPPO（东莞）】 算法工程师（实习）
2023年11月 - 至今
    · 编写开发文档，沉淀技术规范，协助新人熟悉业务
    · 承担分配模块的编码、测试与优化工作，保障系统稳定运行
    · 对接产品、测试团队，跟进需求落地与缺陷修复","■ 手写数字识别（课程作业）
  项目目标：基于MNIST数据集实现手写数字识别
  个人职责：使用CNN搭建模型，训练与调优
  项目成果：识别准确率达到92%

■ 电影推荐系统（毕设）
  项目目标：基于协同过滤实现简单电影推荐
  个人职责：数据处理、模型实现、效果验证
  项目成果：召回准确率达到75%","专业技能：NLP、TensorFlow、PyTorch、SQL、计算机视觉
相关证书：无",有实习经验，熟悉开发基本流程，具备基础的项目实践能力；学习能力强，能够快速上手新业务新技术；工作踏实，责任心强，善于沟通协作，能够高效完成分配的工作任务。,算法工程师,龙岩,互联网/信息技术/软件服务,6000-7000元,否,6000,7000,佛山科学技术学院,数据科学与大数据技术,本科,本科,2022-06,2022,计算机网络、软件工程、数据库原理、Python编程,4,是,0,应届,1,否,OPPO（东莞）,算法工程师（实习）,2023-11,是,2,手写数字识别（课程作业）,NLP、TensorFlow、PyTorch、SQL、计算机视觉,5,无,0,94,77,157,124
罗佳,女,18630217941,luojia91@163.com,wx_luojia_497,苏州,"期望岗位：运维工程师
期望城市：苏州
期望行业：互联网/信息技术/软件服务
期望薪资：3000-3500元",专科软件技术专业应届毕业生，掌握Jenkins、Redis基础技能，完成过课程设计与毕业项目，具备基础代码编写能力与问题排查思路，学习能力强，做事认真踏实，期望从事运维工程师相关工作。,"泉州经贸职业技术学院 | 软件技术 | 专科
毕业时间：2022年6月
核心课程：数据库原理、数据结构、软件工程、机器学习","【校园实践】
    · 参与学校计算机协会技术部，负责协会网站日常维护
    · 协助老师完成实验室设备管理与系统环境搭建
    · 参与班级课程设计小组，担任后端开发角色","■ 简单监控脚本开发
  项目目标：编写服务器状态监控脚本
  个人职责：实现CPU、内存、磁盘使用率自动采集
  项目成果：支持异常邮件告警","专业技能：Redis、Nginx、Prometheus、Zabbix、MySQL
相关证书：计算机一级",应届毕业，具备扎实的专业基础知识与学习能力，能够快速掌握新技术；工作态度认真负责，有耐心，注重细节；具备良好的团队意识与沟通能力，能够积极配合团队完成任务；期望在工作中积累经验，快速成长。,运维工程师,苏州,互联网/信息技术/软件服务,3000-3500元,否,3000,3500,泉州经贸职业技术学院,软件技术,专科,大专,2022-06,2022,数据库原理、数据结构、软件工程、机器学习,4,是,0,应届,1,是,校园实践,· 参与学校计算机协会技术部，负责协会网站日常维护,,否,1,简单监控脚本开发,Redis、Nginx、Prometheus、Zabbix、MySQL,5,计算机一级,1,92,94,71,89
江敏,女,13349421256,jiangmin09@qq.com,18425035970,镇江,"期望岗位：算法工程师
期望城市：镇江
期望行业：互联网/信息技术/软件服务
期望薪资：5000-6000元",本科软件技术专业应届毕业生，掌握深度学习、算法优化基础技能，完成过课程设计与毕业项目，具备基础代码编写能力与问题排查思路，学习能力强，做事认真踏实，期望从事算法工程师相关工作。,"暨南大学 | 软件技术 | 本科
毕业时间：2022年6月
核心课程：操作系统、数据库原理、软件工程、Python编程","【校园实践】
    · 参与学校计算机协会技术部，负责协会网站日常维护
    · 协助老师完成实验室设备管理与系统环境搭建
    · 参与班级课程设计小组，担任后端开发角色","■ 手写数字识别（课程作业）
  项目目标：基于MNIST数据集实现手写数字识别
  个人职责：使用CNN搭建模型，训练与调优
  项目成果：识别准确率达到92%","专业技能：算法优化、特征工程、TensorFlow、PyTorch
相关证书：无",应届毕业，具备扎实的专业基础知识与学习能力，能够快速掌握新技术；工作态度认真负责，有耐心，注重细节；具备良好的团队意识与沟通能力，能够积极配合团队完成任务；期望在工作中积累经验，快速成长。,算法工程师,镇江,互联网/信息技术/软件服务,5000-6000元,否,5000,6000,暨南大学,软件技术,本科,本科,2022-06,2022,操作系统、数据库原理、软件工程、Python编程,4,是,0,应届,1,是,校园实践,· 参与学校计算机协会技术部，负责协会网站日常维护,,否,1,手写数字识别（课程作业）,算法优化、特征工程、TensorFlow、PyTorch,4,无,0,88,94,81,89
龚颖,女,17723366237,gongying088@gmail.com,wx_gongying_389,泉州,"期望岗位：软件测试工程师
期望城市：泉州
期望行业：互联网/信息技术/软件服务
期望薪资：18000-20000元",3年软件测试工程师从业经验，精通接口测试技术架构，主导过中型项目从0到1落地，擅长技术方案设计与性能优化，曾推动核心模块技术重构，带来显著效率提升，具备跨部门协作与项目推进能力。,"福州大学 | 计算机应用技术 | 本科
毕业时间：2019年6月
核心课程：数字信号处理、算法设计与分析、数据结构、操作系统","【腾讯（深圳分公司）】 软件测试工程师
2025年2月 - 至今
    · 对接产品、测试团队，跟进需求落地与缺陷修复
    · 承担分配模块的编码、测试与优化工作，保障系统稳定运行
    · 编写开发文档，沉淀技术规范，协助新人熟悉业务

【科创信息技术有限公司】 软件测试工程师
2024年4月 - 2025年2月
    · 承担分配模块的编码、测试与优化工作，保障系统稳定运行
    · 负责公司软件测试工程师相关业务的开发与维护，参与需求评审
    · 编写开发文档，沉淀技术规范，协助新人熟悉业务","■ 电商平台功能测试
  项目目标：保障电商系统上线质量，覆盖全业务流程
  个人职责：设计测试用例，执行功能、回归测试，提交缺陷报告
  项目成果：发现并修复120+缺陷，上线后线上缺陷率低于0.5%

■ 自动化测试框架搭建
  项目目标：提升回归测试效率，减少人工重复劳动
  个人职责：基于Selenium搭建UI自动化框架，编写核心模块测试脚本
  项目成果：回归测试周期从7天缩短至2天，覆盖率达85%","专业技能：JMeter、功能测试、Python、Selenium、缺陷管理、性能测试
相关证书：英语四级、PMP项目管理专业人士、阿里云ACP云计算认证",拥有3年行业经验，技术视野开阔，具备方案设计与项目把控能力；逻辑清晰，善于定位并解决复杂技术问题；具备良好的团队管理与跨部门沟通能力，能够推动技术优化与业务落地；责任心强，追求技术与业务的平衡发展。,软件测试工程师,泉州,互联网/信息技术/软件服务,18000-20000元,否,18000,20000,福州大学,计算机应用技术,本科,本科,2019-06,2019,数字信号处理、算法设计与分析、数据结构、操作系统,4,否,3,3年,2,否,腾讯（深圳分公司）,软件测试工程师,2025-02,是,2,电商平台功能测试,JMeter、功能测试、Python、Selenium、缺陷管理、性能测试,6,英语四级、PMP项目管理专业人士、阿里云ACP云计算认证,3,89,99,207,259
武茜,女,13919236273,wuxi22@163.com,17642330154,扬州,"期望岗位：Python开发工程师
期望城市：扬州
期望行业：互联网/信息技术/软件服务
期望薪资：面议",2年Python开发工程师工作经验，精通FastAPI、Python技术栈，参与过完整项目迭代，能够独立完成模块开发与问题排查，注重代码质量与开发效率，具备良好的沟通协作能力。,"福州大学 | 物联网工程 | 本科
毕业时间：2020年6月
核心课程：计算机网络、数字信号处理、操作系统、数据库原理","【未来数据技术有限公司】 Python开发工程师
2025年8月 - 至今
    · 编写开发文档，沉淀技术规范，协助新人熟悉业务
    · 承担分配模块的编码、测试与优化工作，保障系统稳定运行
    · 对接产品、测试团队，跟进需求落地与缺陷修复

【易联互联网科技有限公司】 Python开发工程师
2024年1月 - 2025年11月
    · 负责公司Python开发工程师相关业务的开发与维护，参与需求评审
    · 对接产品、测试团队，跟进需求落地与缺陷修复","■ 数据采集爬虫系统
  项目目标：搭建分布式爬虫平台，采集多渠道公开数据
  个人职责：负责反爬策略破解、数据清洗、入库逻辑开发
  项目成果：日均采集数据50万条，数据准确率98%以上

■ 自动化运维平台
  项目目标：开发运维管理平台，实现服务器批量管理
  个人职责：负责监控、告警、任务调度模块后端开发
  项目成果：管理服务器200+，运维人力成本降低50%","专业技能：Django、爬虫、FastAPI、Redis、Linux、Docker、Celery、Flask、Python
相关证书：计算机二级",拥有2年实际工作经验，技术功底扎实，熟悉完整开发流程；具备较强的问题解决能力，能够独立排查并解决常见技术问题；工作认真负责，注重团队协作，能够高效推进项目落地；持续学习，保持技术敏感度。,Python开发工程师,扬州,互联网/信息技术/软件服务,面议,是,,,福州大学,物联网工程,本科,本科,2020-06,2020,计算机网络、数字信号处理、操作系统、数据库原理,4,否,2,2年,2,否,未来数据技术有限公司,Python开发工程师,2025-08,是,2,数据采集爬虫系统,Django、爬虫、FastAPI、Redis、Linux、Docker、Celery、Flask、Python,9,计算机二级,1,88,93,186,240
方强,男,18328056033,fangqiang2993@163.com,13080763627,马鞍山,"期望岗位：后端开发工程师
期望城市：马鞍山
期望行业：互联网/信息技术/软件服务
期望薪资：4000-5000元",本科软件工程专业应届毕业生，掌握Go、Java基础技能，完成过课程设计与毕业项目，具备基础代码编写能力与问题排查思路，学习能力强，做事认真踏实，期望从事后端开发工程师相关工作。,"苏州科技大学 | 软件工程 | 本科
毕业时间：2022年6月
核心课程：Python编程、机器学习、算法设计与分析、数据库原理","【校园实践】
    · 参与学校计算机协会技术部，负责协会网站日常维护
    · 协助老师完成实验室设备管理与系统环境搭建
    · 参与班级课程设计小组，担任后端开发角色","■ 图书管理系统后端
  项目目标：实现图书借阅、归还、用户管理功能
  个人职责：负责接口开发与数据库表结构设计
  项目成果：完成核心功能，支持1000条数据量","专业技能：K8s、Java、Kafka、Redis、Go、Python、微服务
相关证书：无",应届毕业，具备扎实的专业基础知识与学习能力，能够快速掌握新技术；工作态度认真负责，有耐心，注重细节；具备良好的团队意识与沟通能力，能够积极配合团队完成任务；期望在工作中积累经验，快速成长。,后端开发工程师,马鞍山,互联网/信息技术/软件服务,4000-5000元,否,4000,5000,苏州科技大学,软件工程,本科,本科,2022-06,2022,Python编程、机器学习、算法设计与分析、数据库原理,4,是,0,应届,1,是,校园实践,· 参与学校计算机协会技术部，负责协会网站日常维护,,否,1,图书管理系统后端,K8s、Java、Kafka、Redis、Go、Python、微服务,7,无,0,88,94,82,89
陆建,男,15140503817,lujian0231@qq.com,18692780911,安庆,"期望岗位：Python开发工程师
期望城市：安庆
期望行业：互联网/信息技术/软件服务
期望薪资：14000-19500元",3年Python开发工程师从业经验，精通Git技术架构，主导过中型项目从0到1落地，擅长技术方案设计与性能优化，曾推动核心模块技术重构，带来显著效率提升，具备跨部门协作与项目推进能力。,"福建师范大学 | 通信工程 | 本科
毕业时间：2019年6月
核心课程：数据库原理、操作系统、数据结构、Java程序设计","【云创信息技术有限公司】 Python开发工程师
2025年10月 - 至今
    · 承担分配模块的编码、测试与优化工作，保障系统稳定运行
    · 对接产品、测试团队，跟进需求落地与缺陷修复
    · 编写开发文档，沉淀技术规范，协助新人熟悉业务

【天擎互联网科技有限公司】 Python开发工程师
2024年11月 - 2025年9月
    · 承担分配模块的编码、测试与优化工作，保障系统稳定运行
    · 编写开发文档，沉淀技术规范，协助新人熟悉业务","■ 自动化运维平台
  项目目标：开发运维管理平台，实现服务器批量管理
  个人职责：负责监控、告警、任务调度模块后端开发
  项目成果：管理服务器200+，运维人力成本降低50%

■ 数据采集爬虫系统
  项目目标：搭建分布式爬虫平台，采集多渠道公开数据
  个人职责：负责反爬策略破解、数据清洗、入库逻辑开发
  项目成果：日均采集数据50万条，数据准确率98%以上","专业技能：Redis、Docker、爬虫、Linux、FastAPI、Django、Python、MySQL、MongoDB
相关证书：软考中级、红帽RHCE认证",拥有3年行业经验，技术视野开阔，具备方案设计与项目把控能力；逻辑清晰，善于定位并解决复杂技术问题；具备良好的团队管理与跨部门沟通能力，能够推动技术优化与业务落地；责任心强，追求技术与业务的平衡发展。,Python开发工程师,安庆,互联网/信息技术/软件服务,14000-19500元,否,14000,19500,福建师范大学,通信工程,本科,本科,2019-06,2019,数据库原理、操作系统、数据结构、Java程序设计,4,否,3,3年,2,否,云创信息技术有限公司,Python开发工程师,2025-10,是,2,自动化运维平台,Redis、Docker、爬虫、Linux、FastAPI、Django、Python、MySQL、MongoDB,9,软考中级、红帽RHCE认证,2,92,99,186,236
陶雨萱,女,15771142407,tao雨xuan30@126.com,17767058942,漳州,"期望岗位：算法工程师
期望城市：漳州
期望行业：互联网/信息技术/软件服务
期望薪资：32500-34000元",6年算法工程师资深经验，精通全链路技术架构，具备团队技术规划与方案设计能力，主导过多个大型项目重构与升级，在高并发/系统稳定性领域有深厚积累，能够带领团队攻克技术难题，驱动业务技术升级。,"南京大学 | 通信工程 | 本科
毕业时间：2016年6月
核心课程：软件工程、操作系统、数据库原理、计算机网络","【美图公司】 算法工程师
2024年11月 - 至今
    · 承担分配模块的编码、测试与优化工作，保障系统稳定运行
    · 编写开发文档，沉淀技术规范，协助新人熟悉业务

【数聚互联网科技有限公司】 算法工程师
2022年4月 - 2024年1月
    · 承担分配模块的编码、测试与优化工作，保障系统稳定运行
    · 负责公司算法工程师相关业务的开发与维护，参与需求评审

【信雅软件有限公司】 算法工程师
2020年4月 - 2022年11月
    · 承担分配模块的编码、测试与优化工作，保障系统稳定运行
    · 负责公司算法工程师相关业务的开发与维护，参与需求评审","■ 风控欺诈识别模型
  项目目标：识别交易欺诈行为，降低资金损失风险
  个人职责：特征工程，构建XGBoost风控模型，在线部署与迭代
  项目成果：欺诈识别准确率达92%，每年减少损失超200万

■ 个性化推荐系统
  项目目标：提升内容推荐精准度，增加用户停留时长
  个人职责：负责协同过滤、深度学习推荐模型开发与离线优化
  项目成果：用户平均停留时长提升25%，点击率提升15%","专业技能：机器学习、计算机视觉、SQL、TensorFlow、算法优化、深度学习、PyTorch、特征工程、数据结构、NLP
相关证书：无",拥有6年行业经验，技术视野开阔，具备方案设计与项目把控能力；逻辑清晰，善于定位并解决复杂技术问题；具备良好的团队管理与跨部门沟通能力，能够推动技术优化与业务落地；责任心强，追求技术与业务的平衡发展。,算法工程师,漳州,互联网/信息技术/软件服务,32500-34000元,否,32500,34000,南京大学,通信工程,本科,本科,2016-06,2016,软件工程、操作系统、数据库原理、计算机网络,4,否,6,6年,3,否,美图公司,算法工程师,2024-11,是,2,风控欺诈识别模型,机器学习、计算机视觉、SQL、TensorFlow、算法优化、深度学习、PyTorch、特征工程、数据结构、NLP,10,无,0,93,99,197,296
孙天佑,男,15923755035,sun天you58@outlook.com,18579539170,南通,"期望岗位：Java开发工程师
期望城市：南通
期望行业：互联网/信息技术/软件服务
期望薪资：6000-11000元",2年Java开发工程师工作经验，精通Docker、SpringCloud技术栈，参与过完整项目迭代，能够独立完成模块开发与问题排查，注重代码质量与开发效率，具备良好的沟通协作能力。,"南京理工大学 | 计算机科学与技术 | 本科
毕业时间：2020年6月
核心课程：操作系统、Java程序设计、Python编程、软件工程","【新科信息技术有限公司】 Java开发工程师
2025年6月 - 至今
    · 对接产品、测试团队，跟进需求落地与缺陷修复
    · 承担分配模块的编码、测试与优化工作，保障系统稳定运行

【汇智科技有限公司】 Java开发工程师
2024年4月 - 2025年9月
    · 负责公司Java开发工程师相关业务的开发与维护，参与需求评审
    · 编写开发文档，沉淀技术规范，协助新人熟悉业务
    · 承担分配模块的编码、测试与优化工作，保障系统稳定运行","■ 电商订单交易系统
  项目目标：搭建高可用电商订单系统，支撑大促流量峰值
  个人职责：负责订单创建、支付回调、库存扣减核心逻辑开发
  项目成果：支撑日均订单量10万+，系统可用性达99.95%

■ 微服务用户中心重构
  项目目标：将单体用户系统拆分为微服务架构，提升并发承载能力
  个人职责：负责登录、注册、权限模块开发，优化数据库查询与缓存策略
  项目成果：支持并发量从500提升至5000，接口响应耗时减少60%","专业技能：MySQL、RabbitMQ、SpringBoot、Java、JVM调优、Redis、SpringCloud、Docker
相关证书：英语六级",拥有2年实际工作经验，技术功底扎实，熟悉完整开发流程；具备较强的问题解决能力，能够独立排查并解决常见技术问题；工作认真负责，注重团队协作，能够高效推进项目落地；持续学习，保持技术敏感度。,Java开发工程师,南通,互联网/信息技术/软件服务,6000-11000元,否,6000,11000,南京理工大学,计算机科学与技术,本科,本科,2020-06,2020,操作系统、Java程序设计、Python编程、软件工程,4,否,2,2年,2,否,新科信息技术有限公司,Java开发工程师,2025-06,是,2,电商订单交易系统,MySQL、RabbitMQ、SpringBoot、Java、JVM调优、Redis、SpringCloud、Docker,8,英语六级,1,90,93,216,235
余彬,男,15174572869,yubin856@outlook.com,wx_yubin_185,无锡,"期望岗位：数据分析师
期望城市：无锡
期望行业：互联网/信息技术/软件服务
期望薪资：3000-5500元",专科软件技术专业应届毕业生，掌握Python、Tableau基础技能，完成过课程设计与毕业项目，具备基础代码编写能力与问题排查思路，学习能力强，做事认真踏实，期望从事数据分析师相关工作。,"苏州职业大学 | 软件技术 | 专科
毕业时间：2022年6月
核心课程：数字信号处理、操作系统、Python编程、Java程序设计","【校园实践】
    · 参与学校计算机协会技术部，负责协会网站日常维护
    · 协助老师完成实验室设备管理与系统环境搭建
    · 参与班级课程设计小组，担任后端开发角色","■ 电商公开数据爬取分析
  项目目标：采集公开电商商品数据并分析
  个人职责：数据爬取、清洗、价格销量分析
  项目成果：输出可视化分析图表","专业技能：Hive、Pandas、MySQL、Python、统计学
相关证书：无",应届毕业，具备扎实的专业基础知识与学习能力，能够快速掌握新技术；工作态度认真负责，有耐心，注重细节；具备良好的团队意识与沟通能力，能够积极配合团队完成任务；期望在工作中积累经验，快速成长。,数据分析师,无锡,互联网/信息技术/软件服务,3000-5500元,否,3000,5500,苏州职业大学,软件技术,专科,大专,2022-06,2022,数字信号处理、操作系统、Python编程、Java程序设计,4,是,0,应届,1,是,校园实践,· 参与学校计算机协会技术部，负责协会网站日常维护,,否,1,电商公开数据爬取分析,Hive、Pandas、MySQL、Python、统计学,5,无,0,93,94,72,89
石雪,女,15613484181,shixue44@gmail.com,wx_shixue_578,常州,"期望岗位：运维工程师
期望城市：常州
期望行业：互联网/信息技术/软件服务
期望薪资：16500-18000元",3年运维工程师从业经验，精通MySQL技术架构，主导过中型项目从0到1落地，擅长技术方案设计与性能优化，曾推动核心模块技术重构，带来显著效率提升，具备跨部门协作与项目推进能力。,"东南大学 | 数字媒体技术 | 本科
毕业时间：2019年6月
核心课程：Python编程、操作系统、软件工程、数字信号处理","【中软互联网科技有限公司】 运维工程师
2025年7月 - 至今
    · 负责公司运维工程师相关业务的开发与维护，参与需求评审
    · 对接产品、测试团队，跟进需求落地与缺陷修复
    · 编写开发文档，沉淀技术规范，协助新人熟悉业务

【启明互联网科技有限公司】 运维工程师
2024年2月 - 2025年5月
    · 编写开发文档，沉淀技术规范，协助新人熟悉业务
    · 负责公司运维工程师相关业务的开发与维护，参与需求评审","■ 服务器集群运维优化
  项目目标：提升服务器集群稳定性，降低故障发生率
  个人职责：负责日常巡检、故障排查，优化监控告警规则与分级策略
  项目成果：服务器故障率下降60%，平均故障响应时间缩短至15分钟

■ CI/CD自动化流水线
  项目目标：实现代码自动化构建、测试、部署，提升发布效率
  个人职责：基于Jenkins搭建持续集成流水线，配置Docker容器化部署
  项目成果：发布周期从每周1次提升至每天3次，部署失误率降为0","专业技能：Redis、Prometheus、Ansible、Docker、网络运维、Shell
相关证书：英语六级、英语四级",拥有3年行业经验，技术视野开阔，具备方案设计与项目把控能力；逻辑清晰，善于定位并解决复杂技术问题；具备良好的团队管理与跨部门沟通能力，能够推动技术优化与业务落地；责任心强，追求技术与业务的平衡发展。,运维工程师,常州,互联网/信息技术/软件服务,16500-18000元,否,16500,18000,东南大学,数字媒体技术,本科,本科,2019-06,2019,Python编程、操作系统、软件工程、数字信号处理,4,否,3,3年,2,否,中软互联网科技有限公司,运维工程师,2025-07,是,2,服务器集群运维优化,Redis、Prometheus、Ansible、Docker、网络运维、Shell,6,英语六级、英语四级,2,88,99,223,223
韦佳,女,15263332833,weijia9442@163.com,wx_weijia_563,南平,"期望岗位：Java开发工程师
期望城市：南平
期望行业：互联网/信息技术/软件服务
期望薪资：4500-5000元",专科物联网工程专业应届毕业生，掌握Docker、微服务基础技能，完成过课程设计与毕业项目，具备基础代码编写能力与问题排查思路，学习能力强，做事认真踏实，期望从事Java开发工程师相关工作。,"福建船政交通职业学院 | 物联网工程 | 专科
毕业时间：2022年6月
核心课程：数据库原理、数据结构、Java程序设计、软件工程","【校园实践】
    · 参与学校计算机协会技术部，负责协会网站日常维护
    · 协助老师完成实验室设备管理与系统环境搭建
    · 参与班级课程设计小组，担任后端开发角色","■ 校园二手交易平台（毕设）
  项目目标：搭建校园闲置物品发布与交易平台
  个人职责：负责用户模块、商品发布模块开发
  项目成果：完成系统原型，获得良好成绩","专业技能：SpringBoot、Git、RabbitMQ、Java
相关证书：无",应届毕业，具备扎实的专业基础知识与学习能力，能够快速掌握新技术；工作态度认真负责，有耐心，注重细节；具备良好的团队意识与沟通能力，能够积极配合团队完成任务；期望在工作中积累经验，快速成长。,Java开发工程师,南平,互联网/信息技术/软件服务,4500-5000元,否,4500,5000,福建船政交通职业学院,物联网工程,专科,大专,2022-06,2022,数据库原理、数据结构、Java程序设计、软件工程,4,是,0,应届,1,是,校园实践,· 参与学校计算机协会技术部，负责协会网站日常维护,,否,1,校园二手交易平台（毕设）,SpringBoot、Git、RabbitMQ、Java,4,无,0,94,94,81,89
谭浩然,男,18770840255,tanhaoran94@163.com,17752778187,马鞍山,"期望岗位：算法工程师
期望城市：马鞍山
期望行业：互联网/信息技术/软件服务
期望薪资：6500-7000元",专科信息管理与信息系统专业应届毕业生，有0段算法工程师实习经验，掌握算法优化技术栈，参与过实习项目开发，具备良好的代码规范与团队协作意识，能够快速上手业务，期望正式入职发展。,"福州职业技术学院 | 信息管理与信息系统 | 专科
毕业时间：2022年6月
核心课程：计算机网络、数字信号处理、Python编程、数据库原理","【中软互联网科技有限公司】 算法工程师（实习）
2022年5月 - 至今
    · 对接产品、测试团队，跟进需求落地与缺陷修复
    · 负责公司算法工程师相关业务的开发与维护，参与需求评审
    · 编写开发文档，沉淀技术规范，协助新人熟悉业务","■ 电影推荐系统（毕设）
  项目目标：基于协同过滤实现简单电影推荐
  个人职责：数据处理、模型实现、效果验证
  项目成果：召回准确率达到75%

■ 手写数字识别（课程作业）
  项目目标：基于MNIST数据集实现手写数字识别
  个人职责：使用CNN搭建模型，训练与调优
  项目成果：识别准确率达到92%","专业技能：深度学习、Python、SQL、特征工程
相关证书：无",有实习经验，熟悉开发基本流程，具备基础的项目实践能力；学习能力强，能够快速上手新业务新技术；工作踏实，责任心强，善于沟通协作，能够高效完成分配的工作任务。,算法工程师,马鞍山,互联网/信息技术/软件服务,6500-7000元,否,6500,7000,福州职业技术学院,信息管理与信息系统,专科,大专,2022-06,2022,计算机网络、数字信号处理、Python编程、数据库原理,4,是,0,应届,1,否,中软互联网科技有限公司,算法工程师（实习）,2022-05,是,2,电影推荐系统（毕设）,深度学习、Python、SQL、特征工程,4,无,0,87,77,157,126
莫一诺,女,17765872111,mo一nuo417@163.com,wx_mo一nuo_960,南平,"期望岗位：后端开发工程师
期望城市：南平
期望行业：互联网/信息技术/软件服务
期望薪资：11000-11500元",3年后端开发工程师工作经验，精通Gin、Python技术栈，参与过完整项目迭代，能够独立完成模块开发与问题排查，注重代码质量与开发效率，具备良好的沟通协作能力。,"中山大学 | 数字媒体技术 | 本科
毕业时间：2019年6月
核心课程：操作系统、软件工程、Python编程、算法设计与分析","【合众数据技术有限公司】 后端开发工程师
2025年4月 - 至今
    · 对接产品、测试团队，跟进需求落地与缺陷修复
    · 负责公司后端开发工程师相关业务的开发与维护，参与需求评审

【信雅网络科技有限公司】 后端开发工程师
2024年11月 - 2025年5月
    · 对接产品、测试团队，跟进需求落地与缺陷修复
    · 承担分配模块的编码、测试与优化工作，保障系统稳定运行","■ 内容管理系统后端
  项目目标：搭建CMS系统后端服务，支持多站点内容发布
  个人职责：负责文章、栏目、权限模块接口开发，设计数据库表结构
  项目成果：支撑8个站点同时运营，内容发布效率提升3倍

■ 即时通讯服务开发
  项目目标：实现企业内部IM系统后端消息推送与存储
  个人职责：负责消息队列、离线消息、会话管理模块开发
  项目成果：支持万人同时在线，消息送达延迟低于100ms","专业技能：K8s、Gin、Java、Go、Docker、Kafka、微服务、SpringBoot、Redis、PostgreSQL
相关证书：软件设计师（中级）",拥有3年实际工作经验，技术功底扎实，熟悉完整开发流程；具备较强的问题解决能力，能够独立排查并解决常见技术问题；工作认真负责，注重团队协作，能够高效推进项目落地；持续学习，保持技术敏感度。,后端开发工程师,南平,互联网/信息技术/软件服务,11000-11500元,否,11000,11500,中山大学,数字媒体技术,本科,本科,2019-06,2019,操作系统、软件工程、Python编程、算法设计与分析,4,否,3,3年,2,否,合众数据技术有限公司,后端开发工程师,2025-04,是,2,内容管理系统后端,K8s、Gin、Java、Go、Docker、Kafka、微服务、SpringBoot、Redis、PostgreSQL,10,软件设计师（中级）,1,80,93,198,198
段鹏,男,18249267630,duanpeng1855@126.com,wx_duanpeng_519,宁德,"期望岗位：运维工程师
期望城市：宁德
期望行业：互联网/信息技术/软件服务
期望薪资：9000-11500元",2年运维工程师工作经验，精通Docker、Ansible技术栈，参与过完整项目迭代，能够独立完成模块开发与问题排查，注重代码质量与开发效率，具备良好的沟通协作能力。,"泉州经贸职业技术学院 | 电子信息工程 | 专科
毕业时间：2020年6月
核心课程：数据库原理、数字信号处理、机器学习、操作系统","【合众科技有限公司】 运维工程师
2025年3月 - 至今
    · 编写开发文档，沉淀技术规范，协助新人熟悉业务
    · 对接产品、测试团队，跟进需求落地与缺陷修复
    · 负责公司运维工程师相关业务的开发与维护，参与需求评审

【智联软件有限公司】 运维工程师
2024年9月 - 2025年8月
    · 负责公司运维工程师相关业务的开发与维护，参与需求评审
    · 编写开发文档，沉淀技术规范，协助新人熟悉业务
    · 承担分配模块的编码、测试与优化工作，保障系统稳定运行","■ CI/CD自动化流水线
  项目目标：实现代码自动化构建、测试、部署，提升发布效率
  个人职责：基于Jenkins搭建持续集成流水线，配置Docker容器化部署
  项目成果：发布周期从每周1次提升至每天3次，部署失误率降为0

■ 服务器集群运维优化
  项目目标：提升服务器集群稳定性，降低故障发生率
  个人职责：负责日常巡检、故障排查，优化监控告警规则与分级策略
  项目成果：服务器故障率下降60%，平均故障响应时间缩短至15分钟","专业技能：Docker、Prometheus、网络运维、Redis、Linux、Nginx、Shell
相关证书：PMP项目管理专业人士",拥有2年实际工作经验，技术功底扎实，熟悉完整开发流程；具备较强的问题解决能力，能够独立排查并解决常见技术问题；工作认真负责，注重团队协作，能够高效推进项目落地；持续学习，保持技术敏感度。,运维工程师,宁德,互联网/信息技术/软件服务,9000-11500元,否,9000,11500,泉州经贸职业技术学院,电子信息工程,专科,大专,2020-06,2020,数据库原理、数字信号处理、机器学习、操作系统,4,否,2,2年,2,否,合众科技有限公司,运维工程师,2025-03,是,2,CI/CD自动化流水线,Docker、Prometheus、网络运维、Redis、Linux、Nginx、Shell,7,PMP项目管理专业人士,1,82,93,223,250
徐雨萱,女,13195079504,xu雨xuan8430@126.com,wx_xu雨xuan_181,无锡,"期望岗位：前端开发工程师
期望城市：无锡
期望行业：互联网/信息技术/软件服务
期望薪资：16000-18500元",4年前端开发工程师从业经验，精通CSS3技术架构，主导过中型项目从0到1落地，擅长技术方案设计与性能优化，曾推动核心模块技术重构，带来显著效率提升，具备跨部门协作与项目推进能力。,"佛山科学技术学院 | 电子信息工程 | 本科
毕业时间：2018年6月
核心课程：Java程序设计、数据结构、Python编程、计算机网络","【汇智信息技术有限公司】 前端开发工程师
2024年12月 - 至今
    · 对接产品、测试团队，跟进需求落地与缺陷修复
    · 负责公司前端开发工程师相关业务的开发与维护，参与需求评审
    · 承担分配模块的编码、测试与优化工作，保障系统稳定运行

【微远互联网科技有限公司】 前端开发工程师
2022年4月 - 2024年9月
    · 编写开发文档，沉淀技术规范，协助新人熟悉业务
    · 负责公司前端开发工程师相关业务的开发与维护，参与需求评审
    · 承担分配模块的编码、测试与优化工作，保障系统稳定运行","■ 电商平台前端重构
  项目目标：升级旧版电商系统前端架构，提升用户体验与加载速度
  个人职责：负责商品详情页、购物车模块开发，组件化封装公共组件
  项目成果：首屏加载时间从3.2s降至1.8s，页面转化率提升12%

■ 企业后台管理系统
  项目目标：搭建企业运营管理后台，实现业务数据可视化
  个人职责：负责权限管理、数据报表模块开发，对接后端接口联调
  项目成果：覆盖12个业务部门，运营效率提升40%","专业技能：React、JavaScript、Webpack、Vite、移动端适配、TypeScript、Ant Design、HTML5、Axios
相关证书：软考中级、计算机一级",拥有4年行业经验，技术视野开阔，具备方案设计与项目把控能力；逻辑清晰，善于定位并解决复杂技术问题；具备良好的团队管理与跨部门沟通能力，能够推动技术优化与业务落地；责任心强，追求技术与业务的平衡发展。,前端开发工程师,无锡,互联网/信息技术/软件服务,16000-18500元,否,16000,18500,佛山科学技术学院,电子信息工程,本科,本科,2018-06,2018,Java程序设计、数据结构、Python编程、计算机网络,4,否,4,4年,2,否,汇智信息技术有限公司,前端开发工程师,2024-12,是,2,电商平台前端重构,React、JavaScript、Webpack、Vite、移动端适配、TypeScript、Ant Design、HTML5、Axios,9,软考中级、计算机一级,2,89,99,210,268
张欣,女,13429429841,zhangxin20@qq.com,13550280964,马鞍山,"期望岗位：软件测试工程师
期望城市：马鞍山
期望行业：互联网/信息技术/软件服务
期望薪资：3000-5500元",专科电子信息工程专业应届毕业生，掌握JMeter、Appium基础技能，完成过课程设计与毕业项目，具备基础代码编写能力与问题排查思路，学习能力强，做事认真踏实，期望从事软件测试工程师相关工作。,"苏州职业大学 | 电子信息工程 | 专科
毕业时间：2022年6月
核心课程：机器学习、数据库原理、操作系统、Python编程","【校园实践】
    · 参与学校计算机协会技术部，负责协会网站日常维护
    · 协助老师完成实验室设备管理与系统环境搭建
    · 参与班级课程设计小组，担任后端开发角色","■ 学生管理系统功能测试
  项目目标：对课程设计系统进行功能测试与缺陷提交
  个人职责：设计测试用例，执行黑盒测试
  项目成果：发现并提交8个功能缺陷","专业技能：Appium、Postman、功能测试、接口测试、MySQL、测试用例设计、TestNG
相关证书：计算机二级",应届毕业，具备扎实的专业基础知识与学习能力，能够快速掌握新技术；工作态度认真负责，有耐心，注重细节；具备良好的团队意识与沟通能力，能够积极配合团队完成任务；期望在工作中积累经验，快速成长。,软件测试工程师,马鞍山,互联网/信息技术/软件服务,3000-5500元,否,3000,5500,苏州职业大学,电子信息工程,专科,大专,2022-06,2022,机器学习、数据库原理、操作系统、Python编程,4,是,0,应届,1,是,校园实践,· 参与学校计算机协会技术部，负责协会网站日常维护,,否,1,学生管理系统功能测试,Appium、Postman、功能测试、接口测试、MySQL、测试用例设计、TestNG,7,计算机二级,1,96,94,78,89
卢峰,男,15960073895,lufeng340@qq.com,wx_lufeng_449,南通,"期望岗位：前端开发工程师
期望城市：南通
期望行业：互联网/信息技术/软件服务
期望薪资：16500-28000元",8年前端开发工程师资深经验，精通全链路技术架构，具备团队技术规划与方案设计能力，主导过多个大型项目重构与升级，在高并发/系统稳定性领域有深厚积累，能够带领团队攻克技术难题，驱动业务技术升级。,"集美大学 | 信息管理与信息系统 | 本科
毕业时间：2014年6月
核心课程：数字信号处理、操作系统、软件工程、数据库原理","【星图网络科技有限公司】 前端开发工程师
2024年3月 - 至今
    · 对接产品、测试团队，跟进需求落地与缺陷修复
    · 承担分配模块的编码、测试与优化工作，保障系统稳定运行
    · 编写开发文档，沉淀技术规范，协助新人熟悉业务

【未来科技有限公司】 前端开发工程师
2022年9月 - 2024年4月
    · 对接产品、测试团队，跟进需求落地与缺陷修复
    · 承担分配模块的编码、测试与优化工作，保障系统稳定运行
    · 编写开发文档，沉淀技术规范，协助新人熟悉业务

【博思网络科技有限公司】 前端开发工程师
2020年9月 - 2022年9月
    · 对接产品、测试团队，跟进需求落地与缺陷修复
    · 负责公司前端开发工程师相关业务的开发与维护，参与需求评审
    · 承担分配模块的编码、测试与优化工作，保障系统稳定运行","■ 企业后台管理系统
  项目目标：搭建企业运营管理后台，实现业务数据可视化
  个人职责：负责权限管理、数据报表模块开发，对接后端接口联调
  项目成果：覆盖12个业务部门，运营效率提升40%

■ 电商平台前端重构
  项目目标：升级旧版电商系统前端架构，提升用户体验与加载速度
  个人职责：负责商品详情页、购物车模块开发，组件化封装公共组件
  项目成果：首屏加载时间从3.2s降至1.8s，页面转化率提升12%","专业技能：移动端适配、Vite、JavaScript、Element UI、Webpack、Axios
相关证书：华为HCIA认证、MySQL数据库认证",拥有8年行业经验，技术视野开阔，具备方案设计与项目把控能力；逻辑清晰，善于定位并解决复杂技术问题；具备良好的团队管理与跨部门沟通能力，能够推动技术优化与业务落地；责任心强，追求技术与业务的平衡发展。,前端开发工程师,南通,互联网/信息技术/软件服务,16500-28000元,否,16500,28000,集美大学,信息管理与信息系统,本科,本科,2014-06,2014,数字信号处理、操作系统、软件工程、数据库原理,4,否,8,8年,3,否,星图网络科技有限公司,前端开发工程师,2024-03,是,2,企业后台管理系统,移动端适配、Vite、JavaScript、Element UI、Webpack、Axios,6,华为HCIA认证、MySQL数据库认证,2,95,99,210,387
胡华,男,15983690409,huhua0102@163.com,wx_huhua_581,厦门,"期望岗位：软件测试工程师
期望城市：厦门
期望行业：互联网/信息技术/软件服务
期望薪资：6000-7000元",3年软件测试工程师工作经验，精通性能测试、缺陷管理技术栈，参与过完整项目迭代，能够独立完成模块开发与问题排查，注重代码质量与开发效率，具备良好的沟通协作能力。,"江西交通职业技术学院 | 软件工程 | 专科
毕业时间：2019年6月
核心课程：数据库原理、操作系统、数字信号处理、机器学习","【用友网络科技有限公司】 软件测试工程师
2025年10月 - 至今
    · 对接产品、测试团队，跟进需求落地与缺陷修复
    · 承担分配模块的编码、测试与优化工作，保障系统稳定运行
    · 负责公司软件测试工程师相关业务的开发与维护，参与需求评审

【新科信息技术有限公司】 软件测试工程师
2024年8月 - 2025年12月
    · 编写开发文档，沉淀技术规范，协助新人熟悉业务
    · 负责公司软件测试工程师相关业务的开发与维护，参与需求评审
    · 承担分配模块的编码、测试与优化工作，保障系统稳定运行","■ 自动化测试框架搭建
  项目目标：提升回归测试效率，减少人工重复劳动
  个人职责：基于Selenium搭建UI自动化框架，编写核心模块测试脚本
  项目成果：回归测试周期从7天缩短至2天，覆盖率达85%

■ 电商平台功能测试
  项目目标：保障电商系统上线质量，覆盖全业务流程
  个人职责：设计测试用例，执行功能、回归测试，提交缺陷报告
  项目成果：发现并修复120+缺陷，上线后线上缺陷率低于0.5%","专业技能：Appium、Postman、测试用例设计、Python、MySQL、功能测试
相关证书：系统架构设计师、软考中级",拥有3年实际工作经验，技术功底扎实，熟悉完整开发流程；具备较强的问题解决能力，能够独立排查并解决常见技术问题；工作认真负责，注重团队协作，能够高效推进项目落地；持续学习，保持技术敏感度。,软件测试工程师,厦门,互联网/信息技术/软件服务,6000-7000元,否,6000,7000,江西交通职业技术学院,软件工程,专科,大专,2019-06,2019,数据库原理、操作系统、数字信号处理、机器学习,4,否,3,3年,2,否,用友网络科技有限公司,软件测试工程师,2025-10,是,2,自动化测试框架搭建,Appium、Postman、测试用例设计、Python、MySQL、功能测试,6,系统架构设计师、软考中级,2,79,93,207,268
汤浩然,男,18176141521,tanghaoran233@outlook.com,18478015877,嘉兴,"期望岗位：算法工程师
期望城市：嘉兴
期望行业：互联网/信息技术/软件服务
期望薪资：7000-7500元",专科通信工程专业应届毕业生，有0段算法工程师实习经验，掌握机器学习技术栈，参与过实习项目开发，具备良好的代码规范与团队协作意识，能够快速上手业务，期望正式入职发展。,"福州职业技术学院 | 通信工程 | 专科
毕业时间：2022年6月
核心课程：算法设计与分析、机器学习、数字信号处理、软件工程","【未来网络科技有限公司】 算法工程师（实习）
2020年11月 - 至今
    · 对接产品、测试团队，跟进需求落地与缺陷修复
    · 承担分配模块的编码、测试与优化工作，保障系统稳定运行","■ 手写数字识别（课程作业）
  项目目标：基于MNIST数据集实现手写数字识别
  个人职责：使用CNN搭建模型，训练与调优
  项目成果：识别准确率达到92%

■ 电影推荐系统（毕设）
  项目目标：基于协同过滤实现简单电影推荐
  个人职责：数据处理、模型实现、效果验证
  项目成果：召回准确率达到75%","专业技能：Python、PyTorch、NLP、特征工程
相关证书：软考中级、英语四级",有实习经验，熟悉开发基本流程，具备基础的项目实践能力；学习能力强，能够快速上手新业务新技术；工作踏实，责任心强，善于沟通协作，能够高效完成分配的工作任务。,算法工程师,嘉兴,互联网/信息技术/软件服务,7000-7500元,否,7000,7500,福州职业技术学院,通信工程,专科,大专,2022-06,2022,算法设计与分析、机器学习、数字信号处理、软件工程,4,是,0,应届,1,否,未来网络科技有限公司,算法工程师（实习）,2020-11,是,2,手写数字识别（课程作业）,Python、PyTorch、NLP、特征工程,4,软考中级、英语四级,2,82,77,157,97
段恒,男,18061796810,duanheng1286@163.com,15078926854,嘉兴,"期望岗位：Python开发工程师
期望城市：嘉兴
期望行业：互联网/信息技术/软件服务
期望薪资：面议",1年Python开发工程师工作经验，精通Docker、Django技术栈，参与过完整项目迭代，能够独立完成模块开发与问题排查，注重代码质量与开发效率，具备良好的沟通协作能力。,"广东技术师范大学 | 网络工程 | 本科
毕业时间：2021年6月
核心课程：数字信号处理、操作系统、数据库原理、软件工程","【星图互联网科技有限公司】 Python开发工程师
2025年3月 - 至今
    · 编写开发文档，沉淀技术规范，协助新人熟悉业务
    · 对接产品、测试团队，跟进需求落地与缺陷修复","■ 数据采集爬虫系统
  项目目标：搭建分布式爬虫平台，采集多渠道公开数据
  个人职责：负责反爬策略破解、数据清洗、入库逻辑开发
  项目成果：日均采集数据50万条，数据准确率98%以上

■ 自动化运维平台
  项目目标：开发运维管理平台，实现服务器批量管理
  个人职责：负责监控、告警、任务调度模块后端开发
  项目成果：管理服务器200+，运维人力成本降低50%","专业技能：Django、MongoDB、Linux、Docker、Flask、FastAPI
相关证书：无",拥有1年实际工作经验，技术功底扎实，熟悉完整开发流程；具备较强的问题解决能力，能够独立排查并解决常见技术问题；工作认真负责，注重团队协作，能够高效推进项目落地；持续学习，保持技术敏感度。,Python开发工程师,嘉兴,互联网/信息技术/软件服务,面议,是,,,广东技术师范大学,网络工程,本科,本科,2021-06,2021,数字信号处理、操作系统、数据库原理、软件工程,4,否,1,1年,1,否,星图互联网科技有限公司,Python开发工程师,2025-03,是,2,数据采集爬虫系统,Django、MongoDB、Linux、Docker、Flask、FastAPI,6,无,0,87,93,186,95
顾安然,女,18157722214,guanran450@qq.com,17748240171,杭州,"期望岗位：Java开发工程师
期望城市：杭州
期望行业：互联网/信息技术/软件服务
期望薪资：4000-5500元",专科电子信息工程专业应届毕业生，掌握Docker、Java基础技能，完成过课程设计与毕业项目，具备基础代码编写能力与问题排查思路，学习能力强，做事认真踏实，期望从事Java开发工程师相关工作。,"福建船政交通职业学院 | 电子信息工程 | 专科
毕业时间：2022年6月
核心课程：机器学习、Python编程、软件工程、数字信号处理","【校园实践】
    · 参与学校计算机协会技术部，负责协会网站日常维护
    · 协助老师完成实验室设备管理与系统环境搭建
    · 参与班级课程设计小组，担任后端开发角色","■ 学生成绩管理系统（课程设计）
  项目目标：实现学生信息、成绩、班级的增删改查管理
  个人职责：负责后端接口开发与数据库设计
  项目成果：完成基础功能，通过课程答辩","专业技能：Docker、MySQL、MyBatis、Java、JVM调优、Redis
相关证书：华为HCIA认证、计算机一级",应届毕业，具备扎实的专业基础知识与学习能力，能够快速掌握新技术；工作态度认真负责，有耐心，注重细节；具备良好的团队意识与沟通能力，能够积极配合团队完成任务；期望在工作中积累经验，快速成长。,Java开发工程师,杭州,互联网/信息技术/软件服务,4000-5500元,否,4000,5500,福建船政交通职业学院,电子信息工程,专科,大专,2022-06,2022,机器学习、Python编程、软件工程、数字信号处理,4,是,0,应届,1,是,校园实践,· 参与学校计算机协会技术部，负责协会网站日常维护,,否,1,学生成绩管理系统（课程设计）,Docker、MySQL、MyBatis、Java、JVM调优、Redis,6,华为HCIA认证、计算机一级,2,96,94,86,89
田宇,男,13300986385,tianyu471@gmail.com,wx_tianyu_384,蚌埠,"期望岗位：数据分析师
期望城市：蚌埠
期望行业：互联网/信息技术/软件服务
期望薪资：面议",本科物联网工程专业应届毕业生，掌握NumPy、数据可视化基础技能，完成过课程设计与毕业项目，具备基础代码编写能力与问题排查思路，学习能力强，做事认真踏实，期望从事数据分析师相关工作。,"江西师范大学 | 物联网工程 | 本科
毕业时间：2022年6月
核心课程：计算机网络、Python编程、软件工程、数据库原理","【校园实践】
    · 参与学校计算机协会技术部，负责协会网站日常维护
    · 协助老师完成实验室设备管理与系统环境搭建
    · 参与班级课程设计小组，担任后端开发角色","■ 电商公开数据爬取分析
  项目目标：采集公开电商商品数据并分析
  个人职责：数据爬取、清洗、价格销量分析
  项目成果：输出可视化分析图表","专业技能：Excel、Tableau、NumPy、Hive、SQL、数据可视化
相关证书：英语四级、英语六级",应届毕业，具备扎实的专业基础知识与学习能力，能够快速掌握新技术；工作态度认真负责，有耐心，注重细节；具备良好的团队意识与沟通能力，能够积极配合团队完成任务；期望在工作中积累经验，快速成长。,数据分析师,蚌埠,互联网/信息技术/软件服务,面议,是,,,江西师范大学,物联网工程,本科,本科,2022-06,2022,计算机网络、Python编程、软件工程、数据库原理,4,是,0,应届,1,是,校园实践,· 参与学校计算机协会技术部，负责协会网站日常维护,,否,1,电商公开数据爬取分析,Excel、Tableau、NumPy、Hive、SQL、数据可视化,6,英语四级、英语六级,2,91,94,72,89
任子轩,男,15118572926,ren子xuan71@163.com,wx_ren子xuan_819,常州,"期望岗位：后端开发工程师
期望城市：常州
期望行业：互联网/信息技术/软件服务
期望薪资：7500-11500元",2年后端开发工程师工作经验，精通Java、PostgreSQL技术栈，参与过完整项目迭代，能够独立完成模块开发与问题排查，注重代码质量与开发效率，具备良好的沟通协作能力。,"暨南大学 | 数字媒体技术 | 本科
毕业时间：2020年6月
核心课程：操作系统、计算机网络、数据库原理、数据结构","【合众网络科技有限公司】 后端开发工程师
2025年6月 - 至今
    · 编写开发文档，沉淀技术规范，协助新人熟悉业务
    · 承担分配模块的编码、测试与优化工作，保障系统稳定运行
    · 对接产品、测试团队，跟进需求落地与缺陷修复

【合众网络科技有限公司】 后端开发工程师
2024年11月 - 2025年12月
    · 负责公司后端开发工程师相关业务的开发与维护，参与需求评审
    · 承担分配模块的编码、测试与优化工作，保障系统稳定运行","■ 内容管理系统后端
  项目目标：搭建CMS系统后端服务，支持多站点内容发布
  个人职责：负责文章、栏目、权限模块接口开发，设计数据库表结构
  项目成果：支撑8个站点同时运营，内容发布效率提升3倍

■ 即时通讯服务开发
  项目目标：实现企业内部IM系统后端消息推送与存储
  个人职责：负责消息队列、离线消息、会话管理模块开发
  项目成果：支持万人同时在线，消息送达延迟低于100ms","专业技能：K8s、Go、PostgreSQL、Java、Gin、MySQL、微服务、SpringBoot
相关证书：英语六级",拥有2年实际工作经验，技术功底扎实，熟悉完整开发流程；具备较强的问题解决能力，能够独立排查并解决常见技术问题；工作认真负责，注重团队协作，能够高效推进项目落地；持续学习，保持技术敏感度。,后端开发工程师,常州,互联网/信息技术/软件服务,7500-11500元,否,7500,11500,暨南大学,数字媒体技术,本科,本科,2020-06,2020,操作系统、计算机网络、数据库原理、数据结构,4,否,2,2年,2,否,合众网络科技有限公司,后端开发工程师,2025-06,是,2,内容管理系统后端,K8s、Go、PostgreSQL、Java、Gin、MySQL、微服务、SpringBoot,8,英语六级,1,85,93,198,233
金佳,女,13743202014,jinjia18@qq.com,18082881592,滁州,"期望岗位：Java开发工程师
期望城市：滁州
期望行业：互联网/信息技术/软件服务
期望薪资：10500-11000元",1年Java开发工程师工作经验，精通Linux、RabbitMQ技术栈，参与过完整项目迭代，能够独立完成模块开发与问题排查，注重代码质量与开发效率，具备良好的沟通协作能力。,"南京工程学院 | 通信工程 | 本科
毕业时间：2021年6月
核心课程：计算机网络、算法设计与分析、机器学习、软件工程","【东软信息技术有限公司】 Java开发工程师
2025年3月 - 至今
    · 承担分配模块的编码、测试与优化工作，保障系统稳定运行
    · 编写开发文档，沉淀技术规范，协助新人熟悉业务
    · 负责公司Java开发工程师相关业务的开发与维护，参与需求评审","■ 电商订单交易系统
  项目目标：搭建高可用电商订单系统，支撑大促流量峰值
  个人职责：负责订单创建、支付回调、库存扣减核心逻辑开发
  项目成果：支撑日均订单量10万+，系统可用性达99.95%

■ 微服务用户中心重构
  项目目标：将单体用户系统拆分为微服务架构，提升并发承载能力
  个人职责：负责登录、注册、权限模块开发，优化数据库查询与缓存策略
  项目成果：支持并发量从500提升至5000，接口响应耗时减少60%","专业技能：微服务、Docker、Git、JVM调优、MyBatis、MySQL
相关证书：无",拥有1年实际工作经验，技术功底扎实，熟悉完整开发流程；具备较强的问题解决能力，能够独立排查并解决常见技术问题；工作认真负责，注重团队协作，能够高效推进项目落地；持续学习，保持技术敏感度。,Java开发工程师,滁州,互联网/信息技术/软件服务,10500-11000元,否,10500,11000,南京工程学院,通信工程,本科,本科,2021-06,2021,计算机网络、算法设计与分析、机器学习、软件工程,4,否,1,1年,1,否,东软信息技术有限公司,Java开发工程师,2025-03,是,2,电商订单交易系统,微服务、Docker、Git、JVM调优、MyBatis、MySQL,6,无,0,86,93,216,134
邱宇,男,18308670458,qiuyu5018@gmail.com,15797321019,南平,"期望岗位：软件测试工程师
期望城市：南平
期望行业：互联网/信息技术/软件服务
期望薪资：16500-30000元",9年软件测试工程师资深经验，精通全链路技术架构，具备团队技术规划与方案设计能力，主导过多个大型项目重构与升级，在高并发/系统稳定性领域有深厚积累，能够带领团队攻克技术难题，驱动业务技术升级。,"暨南大学 | 数据科学与大数据技术 | 本科
毕业时间：2013年6月
核心课程：数据结构、数字信号处理、Python编程、机器学习","【天擎信息技术有限公司】 软件测试工程师
2023年12月 - 至今
    · 编写开发文档，沉淀技术规范，协助新人熟悉业务
    · 承担分配模块的编码、测试与优化工作，保障系统稳定运行
    · 负责公司软件测试工程师相关业务的开发与维护，参与需求评审

【安硕互联网科技有限公司】 软件测试工程师
2020年8月 - 2023年7月
    · 承担分配模块的编码、测试与优化工作，保障系统稳定运行
    · 编写开发文档，沉淀技术规范，协助新人熟悉业务
    · 负责公司软件测试工程师相关业务的开发与维护，参与需求评审

【东软网络科技有限公司】 软件测试工程师
2017年4月 - 2020年6月
    · 对接产品、测试团队，跟进需求落地与缺陷修复
    · 负责公司软件测试工程师相关业务的开发与维护，参与需求评审","■ 电商平台功能测试
  项目目标：保障电商系统上线质量，覆盖全业务流程
  个人职责：设计测试用例，执行功能、回归测试，提交缺陷报告
  项目成果：发现并修复120+缺陷，上线后线上缺陷率低于0.5%

■ 自动化测试框架搭建
  项目目标：提升回归测试效率，减少人工重复劳动
  个人职责：基于Selenium搭建UI自动化框架，编写核心模块测试脚本
  项目成果：回归测试周期从7天缩短至2天，覆盖率达85%","专业技能：缺陷管理、测试用例设计、Postman、JMeter、功能测试、Selenium
相关证书：阿里云ACP云计算认证、计算机一级",拥有9年行业经验，技术视野开阔，具备方案设计与项目把控能力；逻辑清晰，善于定位并解决复杂技术问题；具备良好的团队管理与跨部门沟通能力，能够推动技术优化与业务落地；责任心强，追求技术与业务的平衡发展。,软件测试工程师,南平,互联网/信息技术/软件服务,16500-30000元,否,16500,30000,暨南大学,数据科学与大数据技术,本科,本科,2013-06,2013,数据结构、数字信号处理、Python编程、机器学习,4,否,9,9年,3,否,天擎信息技术有限公司,软件测试工程师,2023-12,是,2,电商平台功能测试,缺陷管理、测试用例设计、Postman、JMeter、功能测试、Selenium,6,阿里云ACP云计算认证、计算机一级,2,95,99,207,372
何梓涵,女,18929091800,he梓han617@gmail.com,wx_he梓han_922,安庆,"期望岗位：运维工程师
期望城市：安庆
期望行业：互联网/信息技术/软件服务
期望薪资：面议",3年运维工程师工作经验，精通MySQL、Jenkins技术栈，参与过完整项目迭代，能够独立完成模块开发与问题排查，注重代码质量与开发效率，具备良好的沟通协作能力。,"厦门理工学院 | 数字媒体技术 | 本科
毕业时间：2019年6月
核心课程：数字信号处理、操作系统、算法设计与分析、Python编程","【博思数据技术有限公司】 运维工程师
2025年7月 - 至今
    · 承担分配模块的编码、测试与优化工作，保障系统稳定运行
    · 对接产品、测试团队，跟进需求落地与缺陷修复
    · 负责公司运维工程师相关业务的开发与维护，参与需求评审

【卓望科技有限公司】 运维工程师
2024年12月 - 2025年1月
    · 编写开发文档，沉淀技术规范，协助新人熟悉业务
    · 承担分配模块的编码、测试与优化工作，保障系统稳定运行
    · 对接产品、测试团队，跟进需求落地与缺陷修复","■ CI/CD自动化流水线
  项目目标：实现代码自动化构建、测试、部署，提升发布效率
  个人职责：基于Jenkins搭建持续集成流水线，配置Docker容器化部署
  项目成果：发布周期从每周1次提升至每天3次，部署失误率降为0

■ 服务器集群运维优化
  项目目标：提升服务器集群稳定性，降低故障发生率
  个人职责：负责日常巡检、故障排查，优化监控告警规则与分级策略
  项目成果：服务器故障率下降60%，平均故障响应时间缩短至15分钟","专业技能：Ansible、Prometheus、Linux、Zabbix、Shell、网络运维
相关证书：华为HCIA认证、计算机一级、MySQL数据库认证",拥有3年实际工作经验，技术功底扎实，熟悉完整开发流程；具备较强的问题解决能力，能够独立排查并解决常见技术问题；工作认真负责，注重团队协作，能够高效推进项目落地；持续学习，保持技术敏感度。,运维工程师,安庆,互联网/信息技术/软件服务,面议,是,,,厦门理工学院,数字媒体技术,本科,本科,2019-06,2019,数字信号处理、操作系统、算法设计与分析、Python编程,4,否,3,3年,2,否,博思数据技术有限公司,运维工程师,2025-07,是,2,CI/CD自动化流水线,Ansible、Prometheus、Linux、Zabbix、Shell、网络运维,6,华为HCIA认证、计算机一级、MySQL数据库认证,3,81,93,223,252
万军,男,15089844443,wanjun0257@gmail.com,13398723454,徐州,"期望岗位：前端开发工程师
期望城市：徐州
期望行业：互联网/信息技术/软件服务
期望薪资：4500-6500元",专科信息管理与信息系统专业应届毕业生，有0段前端开发工程师实习经验，掌握React技术栈，参与过实习项目开发，具备良好的代码规范与团队协作意识，能够快速上手业务，期望正式入职发展。,"深圳职业技术学院 | 信息管理与信息系统 | 专科
毕业时间：2022年6月
核心课程：软件工程、数据结构、计算机网络、算法设计与分析","【吉比特网络】 前端开发工程师（实习）
2018年7月 - 至今
    · 负责公司前端开发工程师相关业务的开发与维护，参与需求评审
    · 编写开发文档，沉淀技术规范，协助新人熟悉业务
    · 承担分配模块的编码、测试与优化工作，保障系统稳定运行","■ 校园社团官网（实训项目）
  项目目标：为学校社团开发官方展示网站
  个人职责：负责首页、新闻页、成员页开发
  项目成果：上线后访问量累计5000+

■ 个人博客系统（课程作业）
  项目目标：开发个人博客前端页面，实现文章展示与评论
  个人职责：负责页面布局、交互效果、接口联调
  项目成果：完成响应式页面，兼容多浏览器","专业技能：HTML5、移动端适配、Ant Design、CSS3
相关证书：英语四级",有实习经验，熟悉开发基本流程，具备基础的项目实践能力；学习能力强，能够快速上手新业务新技术；工作踏实，责任心强，善于沟通协作，能够高效完成分配的工作任务。,前端开发工程师,徐州,互联网/信息技术/软件服务,4500-6500元,否,4500,6500,深圳职业技术学院,信息管理与信息系统,专科,大专,2022-06,2022,软件工程、数据结构、计算机网络、算法设计与分析,4,是,0,应届,1,否,吉比特网络,前端开发工程师（实习）,2018-07,是,2,校园社团官网（实训项目）,HTML5、移动端适配、Ant Design、CSS3,4,英语四级,1,90,77,168,129
蒋凯,男,15264226965,jiangkai56@163.com,15661365806,台州,"期望岗位：软件测试工程师
期望城市：台州
期望行业：互联网/信息技术/软件服务
期望薪资：5500-7500元",本科通信工程专业应届毕业生，有0段软件测试工程师实习经验，掌握功能测试技术栈，参与过实习项目开发，具备良好的代码规范与团队协作意识，能够快速上手业务，期望正式入职发展。,"南京工程学院 | 通信工程 | 本科
毕业时间：2022年6月
核心课程：数据结构、操作系统、Java程序设计、数据库原理","【智联科技有限公司】 软件测试工程师（实习）
2023年3月 - 至今
    · 编写开发文档，沉淀技术规范，协助新人熟悉业务
    · 承担分配模块的编码、测试与优化工作，保障系统稳定运行","■ 学生管理系统功能测试
  项目目标：对课程设计系统进行功能测试与缺陷提交
  个人职责：设计测试用例，执行黑盒测试
  项目成果：发现并提交8个功能缺陷

■ 网页兼容性测试实训
  项目目标：对多个网站进行浏览器兼容测试
  个人职责：制定测试方案，输出测试报告
  项目成果：覆盖5款主流浏览器","专业技能：接口测试、测试用例设计、MySQL、Postman、Selenium
相关证书：计算机一级",有实习经验，熟悉开发基本流程，具备基础的项目实践能力；学习能力强，能够快速上手新业务新技术；工作踏实，责任心强，善于沟通协作，能够高效完成分配的工作任务。,软件测试工程师,台州,互联网/信息技术/软件服务,5500-7500元,否,5500,7500,南京工程学院,通信工程,本科,本科,2022-06,2022,数据结构、操作系统、Java程序设计、数据库原理,4,是,0,应届,1,否,智联科技有限公司,软件测试工程师（实习）,2023-03,是,2,学生管理系统功能测试,接口测试、测试用例设计、MySQL、Postman、Selenium,5,计算机一级,1,84,77,151,97
高涛,男,13498838697,gaotao33@126.com,wx_gaotao_672,温州,"期望岗位：数据分析师
期望城市：温州
期望行业：互联网/信息技术/软件服务
期望薪资：面议",5年数据分析师从业经验，精通Excel技术架构，主导过中型项目从0到1落地，擅长技术方案设计与性能优化，曾推动核心模块技术重构，带来显著效率提升，具备跨部门协作与项目推进能力。,"福建农林大学 | 信息管理与信息系统 | 本科
毕业时间：2017年6月
核心课程：Java程序设计、操作系统、数字信号处理、机器学习","【云创软件有限公司】 数据分析师
2025年7月 - 至今
    · 承担分配模块的编码、测试与优化工作，保障系统稳定运行
    · 负责公司数据分析师相关业务的开发与维护，参与需求评审

【通元信息技术有限公司】 数据分析师
2024年2月 - 2025年3月
    · 承担分配模块的编码、测试与优化工作，保障系统稳定运行
    · 编写开发文档，沉淀技术规范，协助新人熟悉业务
    · 负责公司数据分析师相关业务的开发与维护，参与需求评审

【新科信息技术有限公司】 数据分析师
2023年10月 - 2024年6月
    · 编写开发文档，沉淀技术规范，协助新人熟悉业务
    · 承担分配模块的编码、测试与优化工作，保障系统稳定运行
    · 对接产品、测试团队，跟进需求落地与缺陷修复","■ 销售数据预测建模
  项目目标：基于历史数据预测销量，指导库存与备货
  个人职责：数据预处理，构建时间序列预测模型，输出月度预测报告
  项目成果：预测准确率达89%，库存周转效率提升25%

■ 用户行为分析看板
  项目目标：构建用户行为数据体系，支撑运营决策
  个人职责：负责数据清洗、指标体系搭建，输出可视化运营报表
  项目成果：输出15+核心运营指标，支撑每月3次运营优化，用户留存率提升8%","专业技能：Pandas、Python、Tableau、Excel、Power BI、统计学、用户分析、Hive
相关证书：无",拥有5年行业经验，技术视野开阔，具备方案设计与项目把控能力；逻辑清晰，善于定位并解决复杂技术问题；具备良好的团队管理与跨部门沟通能力，能够推动技术优化与业务落地；责任心强，追求技术与业务的平衡发展。,数据分析师,温州,互联网/信息技术/软件服务,面议,是,,,福建农林大学,信息管理与信息系统,本科,本科,2017-06,2017,Java程序设计、操作系统、数字信号处理、机器学习,4,否,5,5年,3,否,云创软件有限公司,数据分析师,2025-07,是,2,销售数据预测建模,Pandas、Python、Tableau、Excel、Power BI、统计学、用户分析、Hive,8,无,0,88,99,206,357
周霞,女,18723935435,zhouxia80@gmail.com,18360932778,无锡,"期望岗位：软件测试工程师
期望城市：无锡
期望行业：互联网/信息技术/软件服务
期望薪资：19500-20000元",4年软件测试工程师从业经验，精通接口测试技术架构，主导过中型项目从0到1落地，擅长技术方案设计与性能优化，曾推动核心模块技术重构，带来显著效率提升，具备跨部门协作与项目推进能力。,"苏州职业大学 | 网络工程 | 专科
毕业时间：2018年6月
核心课程：算法设计与分析、数据结构、数字信号处理、计算机网络","【用友互联网科技有限公司】 软件测试工程师
2024年12月 - 至今
    · 编写开发文档，沉淀技术规范，协助新人熟悉业务
    · 负责公司软件测试工程师相关业务的开发与维护，参与需求评审

【云创信息技术有限公司】 软件测试工程师
2022年5月 - 2024年3月
    · 对接产品、测试团队，跟进需求落地与缺陷修复
    · 承担分配模块的编码、测试与优化工作，保障系统稳定运行
    · 负责公司软件测试工程师相关业务的开发与维护，参与需求评审","■ 电商平台功能测试
  项目目标：保障电商系统上线质量，覆盖全业务流程
  个人职责：设计测试用例，执行功能、回归测试，提交缺陷报告
  项目成果：发现并修复120+缺陷，上线后线上缺陷率低于0.5%

■ 自动化测试框架搭建
  项目目标：提升回归测试效率，减少人工重复劳动
  个人职责：基于Selenium搭建UI自动化框架，编写核心模块测试脚本
  项目成果：回归测试周期从7天缩短至2天，覆盖率达85%","专业技能：TestNG、缺陷管理、MySQL、接口测试、JMeter、性能测试、Python、Selenium
相关证书：无",拥有4年行业经验，技术视野开阔，具备方案设计与项目把控能力；逻辑清晰，善于定位并解决复杂技术问题；具备良好的团队管理与跨部门沟通能力，能够推动技术优化与业务落地；责任心强，追求技术与业务的平衡发展。,软件测试工程师,无锡,互联网/信息技术/软件服务,19500-20000元,否,19500,20000,苏州职业大学,网络工程,专科,大专,2018-06,2018,算法设计与分析、数据结构、数字信号处理、计算机网络,4,否,4,4年,2,否,用友互联网科技有限公司,软件测试工程师,2024-12,是,2,电商平台功能测试,TestNG、缺陷管理、MySQL、接口测试、JMeter、性能测试、Python、Selenium,8,无,0,89,99,207,235
汪欣,女,18946022470,wangxin9713@163.com,wx_wangxin_475,福州,"期望岗位：软件测试工程师
期望城市：福州
期望行业：互联网/信息技术/软件服务
期望薪资：3000-6000元",本科数字媒体技术专业应届毕业生，掌握Postman、功能测试基础技能，完成过课程设计与毕业项目，具备基础代码编写能力与问题排查思路，学习能力强，做事认真踏实，期望从事软件测试工程师相关工作。,"中山大学 | 数字媒体技术 | 本科
毕业时间：2022年6月
核心课程：算法设计与分析、软件工程、数据结构、数据库原理","【校园实践】
    · 参与学校计算机协会技术部，负责协会网站日常维护
    · 协助老师完成实验室设备管理与系统环境搭建
    · 参与班级课程设计小组，担任后端开发角色","■ 网页兼容性测试实训
  项目目标：对多个网站进行浏览器兼容测试
  个人职责：制定测试方案，输出测试报告
  项目成果：覆盖5款主流浏览器","专业技能：JMeter、性能测试、测试用例设计、Python
相关证书：计算机一级",应届毕业，具备扎实的专业基础知识与学习能力，能够快速掌握新技术；工作态度认真负责，有耐心，注重细节；具备良好的团队意识与沟通能力，能够积极配合团队完成任务；期望在工作中积累经验，快速成长。,软件测试工程师,福州,互联网/信息技术/软件服务,3000-6000元,否,3000,6000,中山大学,数字媒体技术,本科,本科,2022-06,2022,算法设计与分析、软件工程、数据结构、数据库原理,4,是,0,应届,1,是,校园实践,· 参与学校计算机协会技术部，负责协会网站日常维护,,否,1,网页兼容性测试实训,JMeter、性能测试、测试用例设计、Python,4,计算机一级,1,95,94,71,89
郭霞,女,13524645792,guoxia4432@outlook.com,wx_guoxia_958,滁州,"期望岗位：算法工程师
期望城市：滁州
期望行业：互联网/信息技术/软件服务
期望薪资：6500-7500元",2年算法工程师工作经验，精通深度学习、数据结构技术栈，参与过完整项目迭代，能够独立完成模块开发与问题排查，注重代码质量与开发效率，具备良好的沟通协作能力。,"苏州职业大学 | 信息管理与信息系统 | 专科
毕业时间：2020年6月
核心课程：算法设计与分析、Java程序设计、数据库原理、操作系统","【云创信息技术有限公司】 算法工程师
2025年7月 - 至今
    · 负责公司算法工程师相关业务的开发与维护，参与需求评审
    · 对接产品、测试团队，跟进需求落地与缺陷修复
    · 编写开发文档，沉淀技术规范，协助新人熟悉业务

【东软软件有限公司】 算法工程师
2024年5月 - 2025年12月
    · 对接产品、测试团队，跟进需求落地与缺陷修复
    · 编写开发文档，沉淀技术规范，协助新人熟悉业务","■ 风控欺诈识别模型
  项目目标：识别交易欺诈行为，降低资金损失风险
  个人职责：特征工程，构建XGBoost风控模型，在线部署与迭代
  项目成果：欺诈识别准确率达92%，每年减少损失超200万

■ 个性化推荐系统
  项目目标：提升内容推荐精准度，增加用户停留时长
  个人职责：负责协同过滤、深度学习推荐模型开发与离线优化
  项目成果：用户平均停留时长提升25%，点击率提升15%","专业技能：机器学习、推荐算法、数据结构、TensorFlow、特征工程、SQL、深度学习、NLP、Python
相关证书：软考中级、计算机二级",拥有2年实际工作经验，技术功底扎实，熟悉完整开发流程；具备较强的问题解决能力，能够独立排查并解决常见技术问题；工作认真负责，注重团队协作，能够高效推进项目落地；持续学习，保持技术敏感度。,算法工程师,滁州,互联网/信息技术/软件服务,6500-7500元,否,6500,7500,苏州职业大学,信息管理与信息系统,专科,大专,2020-06,2020,算法设计与分析、Java程序设计、数据库原理、操作系统,4,否,2,2年,2,否,云创信息技术有限公司,算法工程师,2025-07,是,2,风控欺诈识别模型,机器学习、推荐算法、数据结构、TensorFlow、特征工程、SQL、深度学习、NLP、Python,9,软考中级、计算机二级,2,77,93,197,215
周悦,女,13444672868,zhouyue85@163.com,18116656489,马鞍山,"期望岗位：后端开发工程师
期望城市：马鞍山
期望行业：互联网/信息技术/软件服务
期望薪资：面议",专科通信工程专业应届毕业生，掌握PostgreSQL、SpringBoot基础技能，完成过课程设计与毕业项目，具备基础代码编写能力与问题排查思路，学习能力强，做事认真踏实，期望从事后端开发工程师相关工作。,"福建船政交通职业学院 | 通信工程 | 专科
毕业时间：2022年6月
核心课程：数据结构、Python编程、机器学习、操作系统","【校园实践】
    · 参与学校计算机协会技术部，负责协会网站日常维护
    · 协助老师完成实验室设备管理与系统环境搭建
    · 参与班级课程设计小组，担任后端开发角色","■ 简单论坛系统
  项目目标：实现帖子发布、回复、板块管理
  个人职责：负责后端服务开发与接口文档编写
  项目成果：支持百人同时在线访问","专业技能：Redis、Python、Java、Kafka
相关证书：英语六级、阿里云ACP云计算认证",应届毕业，具备扎实的专业基础知识与学习能力，能够快速掌握新技术；工作态度认真负责，有耐心，注重细节；具备良好的团队意识与沟通能力，能够积极配合团队完成任务；期望在工作中积累经验，快速成长。,后端开发工程师,马鞍山,互联网/信息技术/软件服务,面议,是,,,福建船政交通职业学院,通信工程,专科,大专,2022-06,2022,数据结构、Python编程、机器学习、操作系统,4,是,0,应届,1,是,校园实践,· 参与学校计算机协会技术部，负责协会网站日常维护,,否,1,简单论坛系统,Redis、Python、Java、Kafka,4,英语六级、阿里云ACP云计算认证,2,102,94,71,89
田红,女,13589257533,tianhong898@163.com,wx_tianhong_208,马鞍山,"期望岗位：前端开发工程师
期望城市：马鞍山
期望行业：互联网/信息技术/软件服务
期望薪资：7500-8000元",2年前端开发工程师工作经验，精通TypeScript、Vue技术栈，参与过完整项目迭代，能够独立完成模块开发与问题排查，注重代码质量与开发效率，具备良好的沟通协作能力。,"厦门海洋职业技术学院 | 网络工程 | 专科
毕业时间：2020年6月
核心课程：Java程序设计、数据库原理、操作系统、数字信号处理","【科创科技有限公司】 前端开发工程师
2025年11月 - 至今
    · 编写开发文档，沉淀技术规范，协助新人熟悉业务
    · 对接产品、测试团队，跟进需求落地与缺陷修复

【通元数据技术有限公司】 前端开发工程师
2024年7月 - 2025年4月
    · 对接产品、测试团队，跟进需求落地与缺陷修复
    · 负责公司前端开发工程师相关业务的开发与维护，参与需求评审","■ 企业后台管理系统
  项目目标：搭建企业运营管理后台，实现业务数据可视化
  个人职责：负责权限管理、数据报表模块开发，对接后端接口联调
  项目成果：覆盖12个业务部门，运营效率提升40%

■ 电商平台前端重构
  项目目标：升级旧版电商系统前端架构，提升用户体验与加载速度
  个人职责：负责商品详情页、购物车模块开发，组件化封装公共组件
  项目成果：首屏加载时间从3.2s降至1.8s，页面转化率提升12%","专业技能：Vue、Ant Design、Webpack、CSS3、Element UI、JavaScript、TypeScript、移动端适配
相关证书：无",拥有2年实际工作经验，技术功底扎实，熟悉完整开发流程；具备较强的问题解决能力，能够独立排查并解决常见技术问题；工作认真负责，注重团队协作，能够高效推进项目落地；持续学习，保持技术敏感度。,前端开发工程师,马鞍山,互联网/信息技术/软件服务,7500-8000元,否,7500,8000,厦门海洋职业技术学院,网络工程,专科,大专,2020-06,2020,Java程序设计、数据库原理、操作系统、数字信号处理,4,否,2,2年,2,否,科创科技有限公司,前端开发工程师,2025-11,是,2,企业后台管理系统,Vue、Ant Design、Webpack、CSS3、Element UI、JavaScript、TypeScript、移动端适配,8,无,0,84,93,210,192
任梦瑶,女,13665229988,renmengyao23@outlook.com,13633594630,泉州,"期望岗位：Java开发工程师
期望城市：泉州
期望行业：互联网/信息技术/软件服务
期望薪资：16000-18000元",3年Java开发工程师从业经验，精通JVM调优技术架构，主导过中型项目从0到1落地，擅长技术方案设计与性能优化，曾推动核心模块技术重构，带来显著效率提升，具备跨部门协作与项目推进能力。,"浙江工业大学 | 数据科学与大数据技术 | 本科
毕业时间：2019年6月
核心课程：数据结构、算法设计与分析、软件工程、Python编程","【携程（厦门）】 Java开发工程师
2025年2月 - 至今
    · 负责公司Java开发工程师相关业务的开发与维护，参与需求评审
    · 编写开发文档，沉淀技术规范，协助新人熟悉业务

【新科信息技术有限公司】 Java开发工程师
2024年4月 - 2025年6月
    · 编写开发文档，沉淀技术规范，协助新人熟悉业务
    · 承担分配模块的编码、测试与优化工作，保障系统稳定运行
    · 负责公司Java开发工程师相关业务的开发与维护，参与需求评审","■ 电商订单交易系统
  项目目标：搭建高可用电商订单系统，支撑大促流量峰值
  个人职责：负责订单创建、支付回调、库存扣减核心逻辑开发
  项目成果：支撑日均订单量10万+，系统可用性达99.95%

■ 微服务用户中心重构
  项目目标：将单体用户系统拆分为微服务架构，提升并发承载能力
  个人职责：负责登录、注册、权限模块开发，优化数据库查询与缓存策略
  项目成果：支持并发量从500提升至5000，接口响应耗时减少60%","专业技能：SpringCloud、SpringBoot、Git、Redis、RabbitMQ、Docker、Linux
相关证书：系统架构设计师、软考中级",拥有3年行业经验，技术视野开阔，具备方案设计与项目把控能力；逻辑清晰，善于定位并解决复杂技术问题；具备良好的团队管理与跨部门沟通能力，能够推动技术优化与业务落地；责任心强，追求技术与业务的平衡发展。,Java开发工程师,泉州,互联网/信息技术/软件服务,16000-18000元,否,16000,18000,浙江工业大学,数据科学与大数据技术,本科,本科,2019-06,2019,数据结构、算法设计与分析、软件工程、Python编程,4,否,3,3年,2,否,携程（厦门）,Java开发工程师,2025-02,是,2,电商订单交易系统,SpringCloud、SpringBoot、Git、Redis、RabbitMQ、Docker、Linux,7,系统架构设计师、软考中级,2,92,99,216,238
徐宇,男,13353807430,xuyu8650@outlook.com,wx_xuyu_574,台州,"期望岗位：软件测试工程师
期望城市：台州
期望行业：互联网/信息技术/软件服务
期望薪资：9500-11500元",2年软件测试工程师工作经验，精通Selenium、Postman技术栈，参与过完整项目迭代，能够独立完成模块开发与问题排查，注重代码质量与开发效率，具备良好的沟通协作能力。,"福建信息职业技术学院 | 软件工程 | 专科
毕业时间：2020年6月
核心课程：数据库原理、软件工程、机器学习、操作系统","【锐捷信息技术有限公司】 软件测试工程师
2025年3月 - 至今
    · 编写开发文档，沉淀技术规范，协助新人熟悉业务
    · 负责公司软件测试工程师相关业务的开发与维护，参与需求评审
    · 对接产品、测试团队，跟进需求落地与缺陷修复

【通元科技有限公司】 软件测试工程师
2024年11月 - 2025年2月
    · 对接产品、测试团队，跟进需求落地与缺陷修复
    · 编写开发文档，沉淀技术规范，协助新人熟悉业务","■ 自动化测试框架搭建
  项目目标：提升回归测试效率，减少人工重复劳动
  个人职责：基于Selenium搭建UI自动化框架，编写核心模块测试脚本
  项目成果：回归测试周期从7天缩短至2天，覆盖率达85%

■ 电商平台功能测试
  项目目标：保障电商系统上线质量，覆盖全业务流程
  个人职责：设计测试用例，执行功能、回归测试，提交缺陷报告
  项目成果：发现并修复120+缺陷，上线后线上缺陷率低于0.5%","专业技能：Appium、Postman、JMeter、性能测试、MySQL、Selenium、缺陷管理、TestNG
相关证书：华为HCIA认证、英语四级、英语六级",拥有2年实际工作经验，技术功底扎实，熟悉完整开发流程；具备较强的问题解决能力，能够独立排查并解决常见技术问题；工作认真负责，注重团队协作，能够高效推进项目落地；持续学习，保持技术敏感度。,软件测试工程师,台州,互联网/信息技术/软件服务,9500-11500元,否,9500,11500,福建信息职业技术学院,软件工程,专科,大专,2020-06,2020,数据库原理、软件工程、机器学习、操作系统,4,否,2,2年,2,否,锐捷信息技术有限公司,软件测试工程师,2025-03,是,2,自动化测试框架搭建,Appium、Postman、JMeter、性能测试、MySQL、Selenium、缺陷管理、TestNG,8,华为HCIA认证、英语四级、英语六级,3,86,93,207,221
孙璐,女,13102255183,sunlu20@gmail.com,18659532430,徐州,"期望岗位：前端开发工程师
期望城市：徐州
期望行业：互联网/信息技术/软件服务
期望薪资：19500-20000元",4年前端开发工程师从业经验，精通移动端适配技术架构，主导过中型项目从0到1落地，擅长技术方案设计与性能优化，曾推动核心模块技术重构，带来显著效率提升，具备跨部门协作与项目推进能力。,"厦门海洋职业技术学院 | 网络工程 | 专科
毕业时间：2018年6月
核心课程：数字信号处理、数据结构、Java程序设计、计算机网络","【吉比特网络】 前端开发工程师
2024年12月 - 至今
    · 编写开发文档，沉淀技术规范，协助新人熟悉业务
    · 承担分配模块的编码、测试与优化工作，保障系统稳定运行
    · 负责公司前端开发工程师相关业务的开发与维护，参与需求评审

【科创信息技术有限公司】 前端开发工程师
2022年8月 - 2024年7月
    · 对接产品、测试团队，跟进需求落地与缺陷修复
    · 编写开发文档，沉淀技术规范，协助新人熟悉业务
    · 承担分配模块的编码、测试与优化工作，保障系统稳定运行","■ 电商平台前端重构
  项目目标：升级旧版电商系统前端架构，提升用户体验与加载速度
  个人职责：负责商品详情页、购物车模块开发，组件化封装公共组件
  项目成果：首屏加载时间从3.2s降至1.8s，页面转化率提升12%

■ 企业后台管理系统
  项目目标：搭建企业运营管理后台，实现业务数据可视化
  个人职责：负责权限管理、数据报表模块开发，对接后端接口联调
  项目成果：覆盖12个业务部门，运营效率提升40%","专业技能：Ant Design、CSS3、移动端适配、Vue、React、Webpack、Vite、Axios、Element UI
相关证书：无",拥有4年行业经验，技术视野开阔，具备方案设计与项目把控能力；逻辑清晰，善于定位并解决复杂技术问题；具备良好的团队管理与跨部门沟通能力，能够推动技术优化与业务落地；责任心强，追求技术与业务的平衡发展。,前端开发工程师,徐州,互联网/信息技术/软件服务,19500-20000元,否,19500,20000,厦门海洋职业技术学院,网络工程,专科,大专,2018-06,2018,数字信号处理、数据结构、Java程序设计、计算机网络,4,否,4,4年,2,否,吉比特网络,前端开发工程师,2024-12,是,2,电商平台前端重构,Ant Design、CSS3、移动端适配、Vue、React、Webpack、Vite、Axios、Element UI,9,无,0,90,99,210,256
钱梅,女,18928092405,qianmei12@gmail.com,wx_qianmei_299,南平,"期望岗位：前端开发工程师
期望城市：南平
期望行业：互联网/信息技术/软件服务
期望薪资：面议",5年前端开发工程师资深经验，精通全链路技术架构，具备团队技术规划与方案设计能力，主导过多个大型项目重构与升级，在高并发/系统稳定性领域有深厚积累，能够带领团队攻克技术难题，驱动业务技术升级。,"闽南师范大学 | 数学与应用数学 | 本科
毕业时间：2017年6月
核心课程：操作系统、数字信号处理、机器学习、Java程序设计","【未来数据技术有限公司】 前端开发工程师
2025年12月 - 至今
    · 对接产品、测试团队，跟进需求落地与缺陷修复
    · 承担分配模块的编码、测试与优化工作，保障系统稳定运行
    · 负责公司前端开发工程师相关业务的开发与维护，参与需求评审

【信雅数据技术有限公司】 前端开发工程师
2024年5月 - 2025年10月
    · 承担分配模块的编码、测试与优化工作，保障系统稳定运行
    · 编写开发文档，沉淀技术规范，协助新人熟悉业务
    · 负责公司前端开发工程师相关业务的开发与维护，参与需求评审

【未来互联网科技有限公司】 前端开发工程师
2023年8月 - 2024年11月
    · 对接产品、测试团队，跟进需求落地与缺陷修复
    · 负责公司前端开发工程师相关业务的开发与维护，参与需求评审","■ 电商平台前端重构
  项目目标：升级旧版电商系统前端架构，提升用户体验与加载速度
  个人职责：负责商品详情页、购物车模块开发，组件化封装公共组件
  项目成果：首屏加载时间从3.2s降至1.8s，页面转化率提升12%

■ 企业后台管理系统
  项目目标：搭建企业运营管理后台，实现业务数据可视化
  个人职责：负责权限管理、数据报表模块开发，对接后端接口联调
  项目成果：覆盖12个业务部门，运营效率提升40%","专业技能：Axios、移动端适配、TypeScript、React、CSS3、Vue、Ant Design
相关证书：计算机一级、系统架构设计师",拥有5年行业经验，技术视野开阔，具备方案设计与项目把控能力；逻辑清晰，善于定位并解决复杂技术问题；具备良好的团队管理与跨部门沟通能力，能够推动技术优化与业务落地；责任心强，追求技术与业务的平衡发展。,前端开发工程师,南平,互联网/信息技术/软件服务,面议,是,,,闽南师范大学,数学与应用数学,本科,本科,2017-06,2017,操作系统、数字信号处理、机器学习、Java程序设计,4,否,5,5年,3,否,未来数据技术有限公司,前端开发工程师,2025-12,是,2,电商平台前端重构,Axios、移动端适配、TypeScript、React、CSS3、Vue、Ant Design,7,计算机一级、系统架构设计师,2,95,99,210,373
魏天佑,男,18239198534,wei天you383@qq.com,wx_wei天you_658,宁德,"期望岗位：数据分析师
期望城市：宁德
期望行业：互联网/信息技术/软件服务
期望薪资：10000-19000元",3年数据分析师从业经验，精通用户分析技术架构，主导过中型项目从0到1落地，擅长技术方案设计与性能优化，曾推动核心模块技术重构，带来显著效率提升，具备跨部门协作与项目推进能力。,"福建船政交通职业学院 | 数学与应用数学 | 专科
毕业时间：2019年6月
核心课程：数字信号处理、机器学习、算法设计与分析、数据库原理","【金蝶科技有限公司】 数据分析师
2025年2月 - 至今
    · 编写开发文档，沉淀技术规范，协助新人熟悉业务
    · 承担分配模块的编码、测试与优化工作，保障系统稳定运行
    · 对接产品、测试团队，跟进需求落地与缺陷修复

【安硕互联网科技有限公司】 数据分析师
2024年1月 - 2025年7月
    · 承担分配模块的编码、测试与优化工作，保障系统稳定运行
    · 负责公司数据分析师相关业务的开发与维护，参与需求评审
    · 对接产品、测试团队，跟进需求落地与缺陷修复","■ 用户行为分析看板
  项目目标：构建用户行为数据体系，支撑运营决策
  个人职责：负责数据清洗、指标体系搭建，输出可视化运营报表
  项目成果：输出15+核心运营指标，支撑每月3次运营优化，用户留存率提升8%

■ 销售数据预测建模
  项目目标：基于历史数据预测销量，指导库存与备货
  个人职责：数据预处理，构建时间序列预测模型，输出月度预测报告
  项目成果：预测准确率达89%，库存周转效率提升25%","专业技能：Power BI、Pandas、SQL、MySQL、NumPy、Tableau、Python、用户分析、统计学
相关证书：软考中级",拥有3年行业经验，技术视野开阔，具备方案设计与项目把控能力；逻辑清晰，善于定位并解决复杂技术问题；具备良好的团队管理与跨部门沟通能力，能够推动技术优化与业务落地；责任心强，追求技术与业务的平衡发展。,数据分析师,宁德,互联网/信息技术/软件服务,10000-19000元,否,10000,19000,福建船政交通职业学院,数学与应用数学,专科,大专,2019-06,2019,数字信号处理、机器学习、算法设计与分析、数据库原理,4,否,3,3年,2,否,金蝶科技有限公司,数据分析师,2025-02,是,2,用户行为分析看板,Power BI、Pandas、SQL、MySQL、NumPy、Tableau、Python、用户分析、统计学,9,软考中级,1,87,99,206,252
潘飞,男,18641454437,panfei357@outlook.com,18686329200,扬州,"期望岗位：Python开发工程师
期望城市：扬州
期望行业：互联网/信息技术/软件服务
期望薪资：4500-5500元",本科计算机应用技术专业应届毕业生，有1段Python开发工程师实习经验，掌握Docker技术栈，参与过实习项目开发，具备良好的代码规范与团队协作意识，能够快速上手业务，期望正式入职发展。,"浙江工业大学 | 计算机应用技术 | 本科
毕业时间：2021年6月
核心课程：Python编程、软件工程、数据库原理、操作系统","【亿联网络】 Python开发工程师（实习）
2025年12月 - 至今
    · 编写开发文档，沉淀技术规范，协助新人熟悉业务
    · 负责公司Python开发工程师相关业务的开发与维护，参与需求评审","■ 简单爬虫脚本开发
  项目目标：爬取公开网站数据并入库
  个人职责：负责反爬处理、数据清洗、SQLite存储
  项目成果：日均采集数据1万条

■ 自动化办公脚本
  项目目标：批量处理Excel表格数据
  个人职责：实现数据合并、格式转换、自动统计
  项目成果：提升人工效率80%","专业技能：爬虫、Python、Redis、Flask、MongoDB
相关证书：阿里云ACP云计算认证",有实习经验，熟悉开发基本流程，具备基础的项目实践能力；学习能力强，能够快速上手新业务新技术；工作踏实，责任心强，善于沟通协作，能够高效完成分配的工作任务。,Python开发工程师,扬州,互联网/信息技术/软件服务,4500-5500元,否,4500,5500,浙江工业大学,计算机应用技术,本科,本科,2021-06,2021,Python编程、软件工程、数据库原理、操作系统,4,是,0,应届,1,否,亿联网络,Python开发工程师（实习）,2025-12,是,2,简单爬虫脚本开发,爬虫、Python、Redis、Flask、MongoDB,5,阿里云ACP云计算认证,1,93,77,147,104
任红,女,15739431075,renhong958@126.com,13740858899,蚌埠,"期望岗位：算法工程师
期望城市：蚌埠
期望行业：互联网/信息技术/软件服务
期望薪资：8000-8500元",2年算法工程师工作经验，精通深度学习、算法优化技术栈，参与过完整项目迭代，能够独立完成模块开发与问题排查，注重代码质量与开发效率，具备良好的沟通协作能力。,"浙江大学 | 计算机科学与技术 | 本科
毕业时间：2020年6月
核心课程：Java程序设计、操作系统、软件工程、计算机网络","【合众数据技术有限公司】 算法工程师
2025年8月 - 至今
    · 负责公司算法工程师相关业务的开发与维护，参与需求评审
    · 对接产品、测试团队，跟进需求落地与缺陷修复

【云创软件有限公司】 算法工程师
2024年9月 - 2025年12月
    · 负责公司算法工程师相关业务的开发与维护，参与需求评审
    · 承担分配模块的编码、测试与优化工作，保障系统稳定运行","■ 个性化推荐系统
  项目目标：提升内容推荐精准度，增加用户停留时长
  个人职责：负责协同过滤、深度学习推荐模型开发与离线优化
  项目成果：用户平均停留时长提升25%，点击率提升15%

■ 风控欺诈识别模型
  项目目标：识别交易欺诈行为，降低资金损失风险
  个人职责：特征工程，构建XGBoost风控模型，在线部署与迭代
  项目成果：欺诈识别准确率达92%，每年减少损失超200万","专业技能：数据结构、Python、机器学习、推荐算法、SQL、PyTorch
相关证书：无",拥有2年实际工作经验，技术功底扎实，熟悉完整开发流程；具备较强的问题解决能力，能够独立排查并解决常见技术问题；工作认真负责，注重团队协作，能够高效推进项目落地；持续学习，保持技术敏感度。,算法工程师,蚌埠,互联网/信息技术/软件服务,8000-8500元,否,8000,8500,浙江大学,计算机科学与技术,本科,本科,2020-06,2020,Java程序设计、操作系统、软件工程、计算机网络,4,否,2,2年,2,否,合众数据技术有限公司,算法工程师,2025-08,是,2,个性化推荐系统,数据结构、Python、机器学习、推荐算法、SQL、PyTorch,6,无,0,77,93,197,195
吴丹,女,18149333014,wudan695@163.com,18403372691,温州,"期望岗位：算法工程师
期望城市：温州
期望行业：互联网/信息技术/软件服务
期望薪资：15000-19000元",4年算法工程师从业经验，精通NLP技术架构，主导过中型项目从0到1落地，擅长技术方案设计与性能优化，曾推动核心模块技术重构，带来显著效率提升，具备跨部门协作与项目推进能力。,"南京大学 | 通信工程 | 本科
毕业时间：2018年6月
核心课程：软件工程、数据库原理、Python编程、Java程序设计","【网易（杭州）】 算法工程师
2024年8月 - 至今
    · 对接产品、测试团队，跟进需求落地与缺陷修复
    · 承担分配模块的编码、测试与优化工作，保障系统稳定运行

【数聚网络科技有限公司】 算法工程师
2022年2月 - 2024年8月
    · 承担分配模块的编码、测试与优化工作，保障系统稳定运行
    · 编写开发文档，沉淀技术规范，协助新人熟悉业务","■ 个性化推荐系统
  项目目标：提升内容推荐精准度，增加用户停留时长
  个人职责：负责协同过滤、深度学习推荐模型开发与离线优化
  项目成果：用户平均停留时长提升25%，点击率提升15%

■ 风控欺诈识别模型
  项目目标：识别交易欺诈行为，降低资金损失风险
  个人职责：特征工程，构建XGBoost风控模型，在线部署与迭代
  项目成果：欺诈识别准确率达92%，每年减少损失超200万","专业技能：机器学习、Python、特征工程、计算机视觉、推荐算法、算法优化、TensorFlow
相关证书：PMP项目管理专业人士",拥有4年行业经验，技术视野开阔，具备方案设计与项目把控能力；逻辑清晰，善于定位并解决复杂技术问题；具备良好的团队管理与跨部门沟通能力，能够推动技术优化与业务落地；责任心强，追求技术与业务的平衡发展。,算法工程师,温州,互联网/信息技术/软件服务,15000-19000元,否,15000,19000,南京大学,通信工程,本科,本科,2018-06,2018,软件工程、数据库原理、Python编程、Java程序设计,4,否,4,4年,2,否,网易（杭州）,算法工程师,2024-08,是,2,个性化推荐系统,机器学习、Python、特征工程、计算机视觉、推荐算法、算法优化、TensorFlow,7,PMP项目管理专业人士,1,86,99,197,188
陈雯,女,15926932848,chenwen9690@outlook.com,15294128885,合肥,"期望岗位：软件测试工程师
期望城市：合肥
期望行业：互联网/信息技术/软件服务
期望薪资：4000-5000元",本科通信工程专业应届毕业生，掌握性能测试、功能测试基础技能，完成过课程设计与毕业项目，具备基础代码编写能力与问题排查思路，学习能力强，做事认真踏实，期望从事软件测试工程师相关工作。,"佛山科学技术学院 | 通信工程 | 本科
毕业时间：2022年6月
核心课程：操作系统、数字信号处理、机器学习、数据结构","【校园实践】
    · 参与学校计算机协会技术部，负责协会网站日常维护
    · 协助老师完成实验室设备管理与系统环境搭建
    · 参与班级课程设计小组，担任后端开发角色","■ 学生管理系统功能测试
  项目目标：对课程设计系统进行功能测试与缺陷提交
  个人职责：设计测试用例，执行黑盒测试
  项目成果：发现并提交8个功能缺陷","专业技能：JMeter、缺陷管理、接口测试、测试用例设计、Selenium、Postman
相关证书：英语六级",应届毕业，具备扎实的专业基础知识与学习能力，能够快速掌握新技术；工作态度认真负责，有耐心，注重细节；具备良好的团队意识与沟通能力，能够积极配合团队完成任务；期望在工作中积累经验，快速成长。,软件测试工程师,合肥,互联网/信息技术/软件服务,4000-5000元,否,4000,5000,佛山科学技术学院,通信工程,本科,本科,2022-06,2022,操作系统、数字信号处理、机器学习、数据结构,4,是,0,应届,1,是,校园实践,· 参与学校计算机协会技术部，负责协会网站日常维护,,否,1,学生管理系统功能测试,JMeter、缺陷管理、接口测试、测试用例设计、Selenium、Postman,6,英语六级,1,90,94,78,89
沈一诺,女,18841114287,shen一nuo63@163.com,wx_shen一nuo_630,镇江,"期望岗位：后端开发工程师
期望城市：镇江
期望行业：互联网/信息技术/软件服务
期望薪资：19500-20000元",4年后端开发工程师从业经验，精通Python技术架构，主导过中型项目从0到1落地，擅长技术方案设计与性能优化，曾推动核心模块技术重构，带来显著效率提升，具备跨部门协作与项目推进能力。,"佛山科学技术学院 | 计算机应用技术 | 本科
毕业时间：2018年6月
核心课程：软件工程、数据结构、Java程序设计、算法设计与分析","【通元软件有限公司】 后端开发工程师
2024年9月 - 至今
    · 编写开发文档，沉淀技术规范，协助新人熟悉业务
    · 承担分配模块的编码、测试与优化工作，保障系统稳定运行
    · 负责公司后端开发工程师相关业务的开发与维护，参与需求评审

【科创科技有限公司】 后端开发工程师
2022年5月 - 2024年12月
    · 编写开发文档，沉淀技术规范，协助新人熟悉业务
    · 对接产品、测试团队，跟进需求落地与缺陷修复","■ 内容管理系统后端
  项目目标：搭建CMS系统后端服务，支持多站点内容发布
  个人职责：负责文章、栏目、权限模块接口开发，设计数据库表结构
  项目成果：支撑8个站点同时运营，内容发布效率提升3倍

■ 即时通讯服务开发
  项目目标：实现企业内部IM系统后端消息推送与存储
  个人职责：负责消息队列、离线消息、会话管理模块开发
  项目成果：支持万人同时在线，消息送达延迟低于100ms","专业技能：微服务、MySQL、Java、Go、Docker、Gin、Python、PostgreSQL、K8s
相关证书：系统架构设计师、红帽RHCE认证",拥有4年行业经验，技术视野开阔，具备方案设计与项目把控能力；逻辑清晰，善于定位并解决复杂技术问题；具备良好的团队管理与跨部门沟通能力，能够推动技术优化与业务落地；责任心强，追求技术与业务的平衡发展。,后端开发工程师,镇江,互联网/信息技术/软件服务,19500-20000元,否,19500,20000,佛山科学技术学院,计算机应用技术,本科,本科,2018-06,2018,软件工程、数据结构、Java程序设计、算法设计与分析,4,否,4,4年,2,否,通元软件有限公司,后端开发工程师,2024-09,是,2,内容管理系统后端,微服务、MySQL、Java、Go、Docker、Gin、Python、PostgreSQL、K8s,9,系统架构设计师、红帽RHCE认证,2,91,99,198,224
曾军,男,18733336312,zengjun6819@qq.com,15888734144,镇江,"期望岗位：数据分析师
期望城市：镇江
期望行业：互联网/信息技术/软件服务
期望薪资：3000-3500元",专科数据科学与大数据技术专业应届毕业生，掌握MySQL、SQL基础技能，完成过课程设计与毕业项目，具备基础代码编写能力与问题排查思路，学习能力强，做事认真踏实，期望从事数据分析师相关工作。,"泉州经贸职业技术学院 | 数据科学与大数据技术 | 专科
毕业时间：2022年6月
核心课程：数字信号处理、数据库原理、机器学习、数据结构","【校园实践】
    · 参与学校计算机协会技术部，负责协会网站日常维护
    · 协助老师完成实验室设备管理与系统环境搭建
    · 参与班级课程设计小组，担任后端开发角色","■ 电商公开数据爬取分析
  项目目标：采集公开电商商品数据并分析
  个人职责：数据爬取、清洗、价格销量分析
  项目成果：输出可视化分析图表","专业技能：Excel、MySQL、Hive、统计学、Python
相关证书：英语六级、MySQL数据库认证",应届毕业，具备扎实的专业基础知识与学习能力，能够快速掌握新技术；工作态度认真负责，有耐心，注重细节；具备良好的团队意识与沟通能力，能够积极配合团队完成任务；期望在工作中积累经验，快速成长。,数据分析师,镇江,互联网/信息技术/软件服务,3000-3500元,否,3000,3500,泉州经贸职业技术学院,数据科学与大数据技术,专科,大专,2022-06,2022,数字信号处理、数据库原理、机器学习、数据结构,4,是,0,应届,1,是,校园实践,· 参与学校计算机协会技术部，负责协会网站日常维护,,否,1,电商公开数据爬取分析,Excel、MySQL、Hive、统计学、Python,5,英语六级、MySQL数据库认证,2,94,94,72,89
萧博文,男,15627835113,xiaobowen1089@outlook.com,18822162609,南通,"期望岗位：Java开发工程师
期望城市：南通
期望行业：互联网/信息技术/软件服务
期望薪资：18000-19000元",5年Java开发工程师从业经验，精通Linux技术架构，主导过中型项目从0到1落地，擅长技术方案设计与性能优化，曾推动核心模块技术重构，带来显著效率提升，具备跨部门协作与项目推进能力。,"苏州大学 | 物联网工程 | 本科
毕业时间：2017年6月
核心课程：机器学习、数据库原理、数字信号处理、算法设计与分析","【吉比特网络】 Java开发工程师
2025年7月 - 至今
    · 对接产品、测试团队，跟进需求落地与缺陷修复
    · 承担分配模块的编码、测试与优化工作，保障系统稳定运行
    · 负责公司Java开发工程师相关业务的开发与维护，参与需求评审

【汇智科技有限公司】 Java开发工程师
2024年2月 - 2025年10月
    · 对接产品、测试团队，跟进需求落地与缺陷修复
    · 编写开发文档，沉淀技术规范，协助新人熟悉业务
    · 承担分配模块的编码、测试与优化工作，保障系统稳定运行

【未来网络科技有限公司】 Java开发工程师
2023年3月 - 2024年3月
    · 编写开发文档，沉淀技术规范，协助新人熟悉业务
    · 负责公司Java开发工程师相关业务的开发与维护，参与需求评审
    · 承担分配模块的编码、测试与优化工作，保障系统稳定运行","■ 电商订单交易系统
  项目目标：搭建高可用电商订单系统，支撑大促流量峰值
  个人职责：负责订单创建、支付回调、库存扣减核心逻辑开发
  项目成果：支撑日均订单量10万+，系统可用性达99.95%

■ 微服务用户中心重构
  项目目标：将单体用户系统拆分为微服务架构，提升并发承载能力
  个人职责：负责登录、注册、权限模块开发，优化数据库查询与缓存策略
  项目成果：支持并发量从500提升至5000，接口响应耗时减少60%","专业技能：JVM调优、MySQL、Git、Redis、SpringBoot、MyBatis、SpringCloud、Docker、Linux
相关证书：PMP项目管理专业人士、软考中级",拥有5年行业经验，技术视野开阔，具备方案设计与项目把控能力；逻辑清晰，善于定位并解决复杂技术问题；具备良好的团队管理与跨部门沟通能力，能够推动技术优化与业务落地；责任心强，追求技术与业务的平衡发展。,Java开发工程师,南通,互联网/信息技术/软件服务,18000-19000元,否,18000,19000,苏州大学,物联网工程,本科,本科,2017-06,2017,机器学习、数据库原理、数字信号处理、算法设计与分析,4,否,5,5年,3,否,吉比特网络,Java开发工程师,2025-07,是,2,电商订单交易系统,JVM调优、MySQL、Git、Redis、SpringBoot、MyBatis、SpringCloud、Docker、Linux,9,PMP项目管理专业人士、软考中级,2,92,99,216,400
丁恒,男,13328727061,dingheng39@163.com,wx_dingheng_584,南平,"期望岗位：运维工程师
期望城市：南平
期望行业：互联网/信息技术/软件服务
期望薪资：面议",专科数字媒体技术专业应届毕业生，掌握Jenkins、Nginx基础技能，完成过课程设计与毕业项目，具备基础代码编写能力与问题排查思路，学习能力强，做事认真踏实，期望从事运维工程师相关工作。,"江西交通职业技术学院 | 数字媒体技术 | 专科
毕业时间：2022年6月
核心课程：Java程序设计、数据结构、算法设计与分析、数据库原理","【校园实践】
    · 参与学校计算机协会技术部，负责协会网站日常维护
    · 协助老师完成实验室设备管理与系统环境搭建
    · 参与班级课程设计小组，担任后端开发角色","■ 实验室服务器搭建实训
  项目目标：搭建实验室Linux服务器环境
  个人职责：负责系统安装、网络配置、基础服务部署
  项目成果：完成3台服务器环境搭建","专业技能：Nginx、MySQL、Jenkins、Prometheus、Linux、Shell
相关证书：英语六级、红帽RHCE认证",应届毕业，具备扎实的专业基础知识与学习能力，能够快速掌握新技术；工作态度认真负责，有耐心，注重细节；具备良好的团队意识与沟通能力，能够积极配合团队完成任务；期望在工作中积累经验，快速成长。,运维工程师,南平,互联网/信息技术/软件服务,面议,是,,,江西交通职业技术学院,数字媒体技术,专科,大专,2022-06,2022,Java程序设计、数据结构、算法设计与分析、数据库原理,4,是,0,应届,1,是,校园实践,· 参与学校计算机协会技术部，负责协会网站日常维护,,否,1,实验室服务器搭建实训,Nginx、MySQL、Jenkins、Prometheus、Linux、Shell,6,英语六级、红帽RHCE认证,2,94,94,80,89
熊雨泽,男,15371729135,xiong雨ze42@163.com,wx_xiong雨ze_160,马鞍山,"期望岗位：算法工程师
期望城市：马鞍山
期望行业：互联网/信息技术/软件服务
期望薪资：10500-11500元",3年算法工程师工作经验，精通计算机视觉、SQL技术栈，参与过完整项目迭代，能够独立完成模块开发与问题排查，注重代码质量与开发效率，具备良好的沟通协作能力。,"中山大学 | 通信工程 | 本科
毕业时间：2019年6月
核心课程：计算机网络、算法设计与分析、数据结构、数据库原理","【合众信息技术有限公司】 算法工程师
2025年10月 - 至今
    · 负责公司算法工程师相关业务的开发与维护，参与需求评审
    · 承担分配模块的编码、测试与优化工作，保障系统稳定运行
    · 编写开发文档，沉淀技术规范，协助新人熟悉业务

【智联信息技术有限公司】 算法工程师
2024年11月 - 2025年7月
    · 对接产品、测试团队，跟进需求落地与缺陷修复
    · 承担分配模块的编码、测试与优化工作，保障系统稳定运行
    · 负责公司算法工程师相关业务的开发与维护，参与需求评审","■ 风控欺诈识别模型
  项目目标：识别交易欺诈行为，降低资金损失风险
  个人职责：特征工程，构建XGBoost风控模型，在线部署与迭代
  项目成果：欺诈识别准确率达92%，每年减少损失超200万

■ 个性化推荐系统
  项目目标：提升内容推荐精准度，增加用户停留时长
  个人职责：负责协同过滤、深度学习推荐模型开发与离线优化
  项目成果：用户平均停留时长提升25%，点击率提升15%","专业技能：深度学习、特征工程、机器学习、NLP、数据结构、SQL
相关证书：华为HCIA认证",拥有3年实际工作经验，技术功底扎实，熟悉完整开发流程；具备较强的问题解决能力，能够独立排查并解决常见技术问题；工作认真负责，注重团队协作，能够高效推进项目落地；持续学习，保持技术敏感度。,算法工程师,马鞍山,互联网/信息技术/软件服务,10500-11500元,否,10500,11500,中山大学,通信工程,本科,本科,2019-06,2019,计算机网络、算法设计与分析、数据结构、数据库原理,4,否,3,3年,2,否,合众信息技术有限公司,算法工程师,2025-10,是,2,风控欺诈识别模型,深度学习、特征工程、机器学习、NLP、数据结构、SQL,6,华为HCIA认证,1,77,93,197,260
范飞,男,15378685274,fanfei21@gmail.com,18234255011,莆田,"期望岗位：算法工程师
期望城市：莆田
期望行业：互联网/信息技术/软件服务
期望薪资：7000-7500元",本科软件工程专业应届毕业生，有0段算法工程师实习经验，掌握算法优化技术栈，参与过实习项目开发，具备良好的代码规范与团队协作意识，能够快速上手业务，期望正式入职发展。,"厦门理工学院 | 软件工程 | 本科
毕业时间：2022年6月
核心课程：数据库原理、机器学习、数据结构、Java程序设计","【阿里巴巴（福州分公司）】 算法工程师（实习）
2021年2月 - 至今
    · 承担分配模块的编码、测试与优化工作，保障系统稳定运行
    · 编写开发文档，沉淀技术规范，协助新人熟悉业务
    · 负责公司算法工程师相关业务的开发与维护，参与需求评审","■ 电影推荐系统（毕设）
  项目目标：基于协同过滤实现简单电影推荐
  个人职责：数据处理、模型实现、效果验证
  项目成果：召回准确率达到75%

■ 手写数字识别（课程作业）
  项目目标：基于MNIST数据集实现手写数字识别
  个人职责：使用CNN搭建模型，训练与调优
  项目成果：识别准确率达到92%","专业技能：数据结构、深度学习、特征工程、PyTorch
相关证书：软考中级、计算机二级",有实习经验，熟悉开发基本流程，具备基础的项目实践能力；学习能力强，能够快速上手新业务新技术；工作踏实，责任心强，善于沟通协作，能够高效完成分配的工作任务。,算法工程师,莆田,互联网/信息技术/软件服务,7000-7500元,否,7000,7500,厦门理工学院,软件工程,本科,本科,2022-06,2022,数据库原理、机器学习、数据结构、Java程序设计,4,是,0,应届,1,否,阿里巴巴（福州分公司）,算法工程师（实习）,2021-02,是,2,电影推荐系统（毕设）,数据结构、深度学习、特征工程、PyTorch,4,软考中级、计算机二级,2,82,77,157,131
胡燕,女,15252161800,huyan70@gmail.com,wx_huyan_346,龙岩,"期望岗位：软件测试工程师
期望城市：龙岩
期望行业：互联网/信息技术/软件服务
期望薪资：面议",3年软件测试工程师工作经验，精通功能测试、Appium技术栈，参与过完整项目迭代，能够独立完成模块开发与问题排查，注重代码质量与开发效率，具备良好的沟通协作能力。,"浙江万里学院 | 数据科学与大数据技术 | 本科
毕业时间：2019年6月
核心课程：数字信号处理、数据结构、算法设计与分析、Java程序设计","【科创互联网科技有限公司】 软件测试工程师
2025年1月 - 至今
    · 对接产品、测试团队，跟进需求落地与缺陷修复
    · 承担分配模块的编码、测试与优化工作，保障系统稳定运行

【恒信科技有限公司】 软件测试工程师
2024年7月 - 2025年1月
    · 编写开发文档，沉淀技术规范，协助新人熟悉业务
    · 对接产品、测试团队，跟进需求落地与缺陷修复","■ 自动化测试框架搭建
  项目目标：提升回归测试效率，减少人工重复劳动
  个人职责：基于Selenium搭建UI自动化框架，编写核心模块测试脚本
  项目成果：回归测试周期从7天缩短至2天，覆盖率达85%

■ 电商平台功能测试
  项目目标：保障电商系统上线质量，覆盖全业务流程
  个人职责：设计测试用例，执行功能、回归测试，提交缺陷报告
  项目成果：发现并修复120+缺陷，上线后线上缺陷率低于0.5%","专业技能：性能测试、功能测试、TestNG、缺陷管理、接口测试、Appium、MySQL
相关证书：软件设计师（中级）、英语六级、软考中级",拥有3年实际工作经验，技术功底扎实，熟悉完整开发流程；具备较强的问题解决能力，能够独立排查并解决常见技术问题；工作认真负责，注重团队协作，能够高效推进项目落地；持续学习，保持技术敏感度。,软件测试工程师,龙岩,互联网/信息技术/软件服务,面议,是,,,浙江万里学院,数据科学与大数据技术,本科,本科,2019-06,2019,数字信号处理、数据结构、算法设计与分析、Java程序设计,4,否,3,3年,2,否,科创互联网科技有限公司,软件测试工程师,2025-01,是,2,自动化测试框架搭建,性能测试、功能测试、TestNG、缺陷管理、接口测试、Appium、MySQL,7,软件设计师（中级）、英语六级、软考中级,3,81,93,207,190
叶子轩,男,15621428576,ye子xuan5404@163.com,wx_ye子xuan_492,台州,"期望岗位：算法工程师
期望城市：台州
期望行业：互联网/信息技术/软件服务
期望薪资：5500-6000元",本科通信工程专业应届毕业生，有1段算法工程师实习经验，掌握推荐算法技术栈，参与过实习项目开发，具备良好的代码规范与团队协作意识，能够快速上手业务，期望正式入职发展。,"浙江万里学院 | 通信工程 | 本科
毕业时间：2021年6月
核心课程：数字信号处理、软件工程、Python编程、计算机网络","【易联科技有限公司】 算法工程师（实习）
2025年11月 - 至今
    · 承担分配模块的编码、测试与优化工作，保障系统稳定运行
    · 对接产品、测试团队，跟进需求落地与缺陷修复
    · 负责公司算法工程师相关业务的开发与维护，参与需求评审","■ 手写数字识别（课程作业）
  项目目标：基于MNIST数据集实现手写数字识别
  个人职责：使用CNN搭建模型，训练与调优
  项目成果：识别准确率达到92%

■ 电影推荐系统（毕设）
  项目目标：基于协同过滤实现简单电影推荐
  个人职责：数据处理、模型实现、效果验证
  项目成果：召回准确率达到75%","专业技能：TensorFlow、深度学习、特征工程、数据结构
相关证书：英语六级、计算机二级",有实习经验，熟悉开发基本流程，具备基础的项目实践能力；学习能力强，能够快速上手新业务新技术；工作踏实，责任心强，善于沟通协作，能够高效完成分配的工作任务。,算法工程师,台州,互联网/信息技术/软件服务,5500-6000元,否,5500,6000,浙江万里学院,通信工程,本科,本科,2021-06,2021,数字信号处理、软件工程、Python编程、计算机网络,4,是,0,应届,1,否,易联科技有限公司,算法工程师（实习）,2025-11,是,2,手写数字识别（课程作业）,TensorFlow、深度学习、特征工程、数据结构,4,英语六级、计算机二级,2,82,77,157,128
史峰,男,13511655414,shifeng34@qq.com,13882572663,温州,"期望岗位：数据分析师
期望城市：温州
期望行业：互联网/信息技术/软件服务
期望薪资：4000-6500元",本科物联网工程专业应届毕业生，有0段数据分析师实习经验，掌握SQL技术栈，参与过实习项目开发，具备良好的代码规范与团队协作意识，能够快速上手业务，期望正式入职发展。,"泉州师范学院 | 物联网工程 | 本科
毕业时间：2022年6月
核心课程：Java程序设计、数据结构、计算机网络、机器学习","【微远数据技术有限公司】 数据分析师（实习）
2019年5月 - 至今
    · 承担分配模块的编码、测试与优化工作，保障系统稳定运行
    · 对接产品、测试团队，跟进需求落地与缺陷修复","■ 学生成绩数据分析
  项目目标：对班级期末成绩进行统计分析
  个人职责：数据清洗、可视化图表制作、结论输出
  项目成果：输出分析报告，提出3点教学建议

■ 电商公开数据爬取分析
  项目目标：采集公开电商商品数据并分析
  个人职责：数据爬取、清洗、价格销量分析
  项目成果：输出可视化分析图表","专业技能：SQL、Hive、用户分析、Tableau
相关证书：无",有实习经验，熟悉开发基本流程，具备基础的项目实践能力；学习能力强，能够快速上手新业务新技术；工作踏实，责任心强，善于沟通协作，能够高效完成分配的工作任务。,数据分析师,温州,互联网/信息技术/软件服务,4000-6500元,否,4000,6500,泉州师范学院,物联网工程,本科,本科,2022-06,2022,Java程序设计、数据结构、计算机网络、机器学习,4,是,0,应届,1,否,微远数据技术有限公司,数据分析师（实习）,2019-05,是,2,学生成绩数据分析,SQL、Hive、用户分析、Tableau,4,无,0,82,77,153,96
徐妍,女,15032306125,xuyan57@gmail.com,wx_xuyan_984,合肥,"期望岗位：前端开发工程师
期望城市：合肥
期望行业：互联网/信息技术/软件服务
期望薪资：5500-6000元",专科计算机科学与技术专业应届毕业生，掌握Axios、Element UI基础技能，完成过课程设计与毕业项目，具备基础代码编写能力与问题排查思路，学习能力强，做事认真踏实，期望从事前端开发工程师相关工作。,"福建船政交通职业学院 | 计算机科学与技术 | 专科
毕业时间：2022年6月
核心课程：计算机网络、机器学习、操作系统、数据结构","【校园实践】
    · 参与学校计算机协会技术部，负责协会网站日常维护
    · 协助老师完成实验室设备管理与系统环境搭建
    · 参与班级课程设计小组，担任后端开发角色","■ 个人博客系统（课程作业）
  项目目标：开发个人博客前端页面，实现文章展示与评论
  个人职责：负责页面布局、交互效果、接口联调
  项目成果：完成响应式页面，兼容多浏览器","专业技能：移动端适配、Webpack、TypeScript、Element UI
相关证书：英语四级",应届毕业，具备扎实的专业基础知识与学习能力，能够快速掌握新技术；工作态度认真负责，有耐心，注重细节；具备良好的团队意识与沟通能力，能够积极配合团队完成任务；期望在工作中积累经验，快速成长。,前端开发工程师,合肥,互联网/信息技术/软件服务,5500-6000元,否,5500,6000,福建船政交通职业学院,计算机科学与技术,专科,大专,2022-06,2022,计算机网络、机器学习、操作系统、数据结构,4,是,0,应届,1,是,校园实践,· 参与学校计算机协会技术部，负责协会网站日常维护,,否,1,个人博客系统（课程作业）,移动端适配、Webpack、TypeScript、Element UI,4,英语四级,1,101,94,88,89
魏建,男,15236464099,weijian3466@outlook.com,13719011349,莆田,"期望岗位：Java开发工程师
期望城市：莆田
期望行业：互联网/信息技术/软件服务
期望薪资：6000-7500元",本科计算机科学与技术专业应届毕业生，有0段Java开发工程师实习经验，掌握Docker技术栈，参与过实习项目开发，具备良好的代码规范与团队协作意识，能够快速上手业务，期望正式入职发展。,"南京大学 | 计算机科学与技术 | 本科
毕业时间：2022年6月
核心课程：操作系统、机器学习、计算机网络、数据结构","【网易（杭州）】 Java开发工程师（实习）
2018年5月 - 至今
    · 负责公司Java开发工程师相关业务的开发与维护，参与需求评审
    · 承担分配模块的编码、测试与优化工作，保障系统稳定运行","■ 校园二手交易平台（毕设）
  项目目标：搭建校园闲置物品发布与交易平台
  个人职责：负责用户模块、商品发布模块开发
  项目成果：完成系统原型，获得良好成绩

■ 学生成绩管理系统（课程设计）
  项目目标：实现学生信息、成绩、班级的增删改查管理
  个人职责：负责后端接口开发与数据库设计
  项目成果：完成基础功能，通过课程答辩","专业技能：JVM调优、Java、MyBatis、RabbitMQ
相关证书：计算机一级、计算机二级",有实习经验，熟悉开发基本流程，具备基础的项目实践能力；学习能力强，能够快速上手新业务新技术；工作踏实，责任心强，善于沟通协作，能够高效完成分配的工作任务。,Java开发工程师,莆田,互联网/信息技术/软件服务,6000-7500元,否,6000,7500,南京大学,计算机科学与技术,本科,本科,2022-06,2022,操作系统、机器学习、计算机网络、数据结构,4,是,0,应届,1,否,网易（杭州）,Java开发工程师（实习）,2018-05,是,2,校园二手交易平台（毕设）,JVM调优、Java、MyBatis、RabbitMQ,4,计算机一级、计算机二级,2,92,77,169,105
夏紫涵,女,18095378756,xia紫han328@outlook.com,wx_xia紫han_231,宁德,"期望岗位：运维工程师
期望城市：宁德
期望行业：互联网/信息技术/软件服务
期望薪资：面议",专科通信工程专业应届毕业生，掌握Nginx、Kubernetes基础技能，完成过课程设计与毕业项目，具备基础代码编写能力与问题排查思路，学习能力强，做事认真踏实，期望从事运维工程师相关工作。,"福建船政交通职业学院 | 通信工程 | 专科
毕业时间：2022年6月
核心课程：数据结构、机器学习、数据库原理、数字信号处理","【校园实践】
    · 参与学校计算机协会技术部，负责协会网站日常维护
    · 协助老师完成实验室设备管理与系统环境搭建
    · 参与班级课程设计小组，担任后端开发角色","■ 简单监控脚本开发
  项目目标：编写服务器状态监控脚本
  个人职责：实现CPU、内存、磁盘使用率自动采集
  项目成果：支持异常邮件告警","专业技能：Ansible、Redis、Jenkins、网络运维、Linux、Prometheus、Zabbix
相关证书：计算机一级",应届毕业，具备扎实的专业基础知识与学习能力，能够快速掌握新技术；工作态度认真负责，有耐心，注重细节；具备良好的团队意识与沟通能力，能够积极配合团队完成任务；期望在工作中积累经验，快速成长。,运维工程师,宁德,互联网/信息技术/软件服务,面议,是,,,福建船政交通职业学院,通信工程,专科,大专,2022-06,2022,数据结构、机器学习、数据库原理、数字信号处理,4,是,0,应届,1,是,校园实践,· 参与学校计算机协会技术部，负责协会网站日常维护,,否,1,简单监控脚本开发,Ansible、Redis、Jenkins、网络运维、Linux、Prometheus、Zabbix,7,计算机一级,1,95,94,71,89
廖刚,男,18749830712,liaogang010@outlook.com,15262754579,温州,"期望岗位：运维工程师
期望城市：温州
期望行业：互联网/信息技术/软件服务
期望薪资：面议",专科计算机应用技术专业应届毕业生，掌握Linux、MySQL基础技能，完成过课程设计与毕业项目，具备基础代码编写能力与问题排查思路，学习能力强，做事认真踏实，期望从事运维工程师相关工作。,"江西交通职业技术学院 | 计算机应用技术 | 专科
毕业时间：2022年6月
核心课程：Java程序设计、数据结构、算法设计与分析、数字信号处理","【校园实践】
    · 参与学校计算机协会技术部，负责协会网站日常维护
    · 协助老师完成实验室设备管理与系统环境搭建
    · 参与班级课程设计小组，担任后端开发角色","■ 实验室服务器搭建实训
  项目目标：搭建实验室Linux服务器环境
  个人职责：负责系统安装、网络配置、基础服务部署
  项目成果：完成3台服务器环境搭建","专业技能：Shell、Redis、Docker、MySQL、Nginx、Linux、网络运维
相关证书：计算机一级、英语四级、英语六级",应届毕业，具备扎实的专业基础知识与学习能力，能够快速掌握新技术；工作态度认真负责，有耐心，注重细节；具备良好的团队意识与沟通能力，能够积极配合团队完成任务；期望在工作中积累经验，快速成长。,运维工程师,温州,互联网/信息技术/软件服务,面议,是,,,江西交通职业技术学院,计算机应用技术,专科,大专,2022-06,2022,Java程序设计、数据结构、算法设计与分析、数字信号处理,4,是,0,应届,1,是,校园实践,· 参与学校计算机协会技术部，负责协会网站日常维护,,否,1,实验室服务器搭建实训,Shell、Redis、Docker、MySQL、Nginx、Linux、网络运维,7,计算机一级、英语四级、英语六级,3,93,94,80,89
钱艳,女,18467416249,qianyan12@outlook.com,wx_qianyan_927,蚌埠,"期望岗位：算法工程师
期望城市：蚌埠
期望行业：互联网/信息技术/软件服务
期望薪资：面议",1年算法工程师工作经验，精通TensorFlow、NLP技术栈，参与过完整项目迭代，能够独立完成模块开发与问题排查，注重代码质量与开发效率，具备良好的沟通协作能力。,"东南大学 | 电子信息工程 | 本科
毕业时间：2021年6月
核心课程：操作系统、数据库原理、算法设计与分析、机器学习","【vivo（东莞）】 算法工程师
2025年6月 - 至今
    · 对接产品、测试团队，跟进需求落地与缺陷修复
    · 负责公司算法工程师相关业务的开发与维护，参与需求评审
    · 编写开发文档，沉淀技术规范，协助新人熟悉业务","■ 风控欺诈识别模型
  项目目标：识别交易欺诈行为，降低资金损失风险
  个人职责：特征工程，构建XGBoost风控模型，在线部署与迭代
  项目成果：欺诈识别准确率达92%，每年减少损失超200万

■ 个性化推荐系统
  项目目标：提升内容推荐精准度，增加用户停留时长
  个人职责：负责协同过滤、深度学习推荐模型开发与离线优化
  项目成果：用户平均停留时长提升25%，点击率提升15%","专业技能：深度学习、数据结构、特征工程、推荐算法、NLP、算法优化
相关证书：PMP项目管理专业人士",拥有1年实际工作经验，技术功底扎实，熟悉完整开发流程；具备较强的问题解决能力，能够独立排查并解决常见技术问题；工作认真负责，注重团队协作，能够高效推进项目落地；持续学习，保持技术敏感度。,算法工程师,蚌埠,互联网/信息技术/软件服务,面议,是,,,东南大学,电子信息工程,本科,本科,2021-06,2021,操作系统、数据库原理、算法设计与分析、机器学习,4,否,1,1年,1,否,vivo（东莞）,算法工程师,2025-06,是,2,风控欺诈识别模型,深度学习、数据结构、特征工程、推荐算法、NLP、算法优化,6,PMP项目管理专业人士,1,82,93,197,119
姜茜,女,18455064851,jiangxi12@qq.com,wx_jiangxi_509,宁德,"期望岗位：软件测试工程师
期望城市：宁德
期望行业：互联网/信息技术/软件服务
期望薪资：5000-5500元",专科物联网工程专业应届毕业生，掌握缺陷管理、JMeter基础技能，完成过课程设计与毕业项目，具备基础代码编写能力与问题排查思路，学习能力强，做事认真踏实，期望从事软件测试工程师相关工作。,"福建信息职业技术学院 | 物联网工程 | 专科
毕业时间：2022年6月
核心课程：计算机网络、软件工程、Java程序设计、机器学习","【校园实践】
    · 参与学校计算机协会技术部，负责协会网站日常维护
    · 协助老师完成实验室设备管理与系统环境搭建
    · 参与班级课程设计小组，担任后端开发角色","■ 网页兼容性测试实训
  项目目标：对多个网站进行浏览器兼容测试
  个人职责：制定测试方案，输出测试报告
  项目成果：覆盖5款主流浏览器","专业技能：Selenium、Appium、JMeter、TestNG、Postman、缺陷管理、MySQL
相关证书：英语四级",应届毕业，具备扎实的专业基础知识与学习能力，能够快速掌握新技术；工作态度认真负责，有耐心，注重细节；具备良好的团队意识与沟通能力，能够积极配合团队完成任务；期望在工作中积累经验，快速成长。,软件测试工程师,宁德,互联网/信息技术/软件服务,5000-5500元,否,5000,5500,福建信息职业技术学院,物联网工程,专科,大专,2022-06,2022,计算机网络、软件工程、Java程序设计、机器学习,4,是,0,应届,1,是,校园实践,· 参与学校计算机协会技术部，负责协会网站日常维护,,否,1,网页兼容性测试实训,Selenium、Appium、JMeter、TestNG、Postman、缺陷管理、MySQL,7,英语四级,1,93,94,71,89
向璐,女,15032207641,xianglu79@gmail.com,13073880859,黄山,"期望岗位：Java开发工程师
期望城市：黄山
期望行业：互联网/信息技术/软件服务
期望薪资：面议",2年Java开发工程师工作经验，精通Java、JVM调优技术栈，参与过完整项目迭代，能够独立完成模块开发与问题排查，注重代码质量与开发效率，具备良好的沟通协作能力。,"江西交通职业技术学院 | 软件工程 | 专科
毕业时间：2020年6月
核心课程：机器学习、操作系统、计算机网络、软件工程","【云创互联网科技有限公司】 Java开发工程师
2025年12月 - 至今
    · 对接产品、测试团队，跟进需求落地与缺陷修复
    · 承担分配模块的编码、测试与优化工作，保障系统稳定运行

【用友科技有限公司】 Java开发工程师
2024年12月 - 2025年6月
    · 承担分配模块的编码、测试与优化工作，保障系统稳定运行
    · 对接产品、测试团队，跟进需求落地与缺陷修复","■ 电商订单交易系统
  项目目标：搭建高可用电商订单系统，支撑大促流量峰值
  个人职责：负责订单创建、支付回调、库存扣减核心逻辑开发
  项目成果：支撑日均订单量10万+，系统可用性达99.95%

■ 微服务用户中心重构
  项目目标：将单体用户系统拆分为微服务架构，提升并发承载能力
  个人职责：负责登录、注册、权限模块开发，优化数据库查询与缓存策略
  项目成果：支持并发量从500提升至5000，接口响应耗时减少60%","专业技能：Linux、Java、Redis、MyBatis、RabbitMQ、SpringBoot、Docker、JVM调优、SpringCloud
相关证书：红帽RHCE认证",拥有2年实际工作经验，技术功底扎实，熟悉完整开发流程；具备较强的问题解决能力，能够独立排查并解决常见技术问题；工作认真负责，注重团队协作，能够高效推进项目落地；持续学习，保持技术敏感度。,Java开发工程师,黄山,互联网/信息技术/软件服务,面议,是,,,江西交通职业技术学院,软件工程,专科,大专,2020-06,2020,机器学习、操作系统、计算机网络、软件工程,4,否,2,2年,2,否,云创互联网科技有限公司,Java开发工程师,2025-12,是,2,电商订单交易系统,Linux、Java、Redis、MyBatis、RabbitMQ、SpringBoot、Docker、JVM调优、SpringCloud,9,红帽RHCE认证,1,82,93,216,200
韦燕,女,18823903407,weiyan997@gmail.com,wx_weiyan_390,宁德,"期望岗位：后端开发工程师
期望城市：宁德
期望行业：互联网/信息技术/软件服务
期望薪资：7500-11000元",2年后端开发工程师工作经验，精通MySQL、PostgreSQL技术栈，参与过完整项目迭代，能够独立完成模块开发与问题排查，注重代码质量与开发效率，具备良好的沟通协作能力。,"闽南师范大学 | 物联网工程 | 本科
毕业时间：2020年6月
核心课程：软件工程、操作系统、Java程序设计、机器学习","【携程（厦门）】 后端开发工程师
2025年9月 - 至今
    · 承担分配模块的编码、测试与优化工作，保障系统稳定运行
    · 负责公司后端开发工程师相关业务的开发与维护，参与需求评审

【科创科技有限公司】 后端开发工程师
2024年4月 - 2025年12月
    · 编写开发文档，沉淀技术规范，协助新人熟悉业务
    · 负责公司后端开发工程师相关业务的开发与维护，参与需求评审
    · 对接产品、测试团队，跟进需求落地与缺陷修复","■ 内容管理系统后端
  项目目标：搭建CMS系统后端服务，支持多站点内容发布
  个人职责：负责文章、栏目、权限模块接口开发，设计数据库表结构
  项目成果：支撑8个站点同时运营，内容发布效率提升3倍

■ 即时通讯服务开发
  项目目标：实现企业内部IM系统后端消息推送与存储
  个人职责：负责消息队列、离线消息、会话管理模块开发
  项目成果：支持万人同时在线，消息送达延迟低于100ms","专业技能：Gin、Redis、MySQL、SpringBoot、PostgreSQL、Kafka、Java、Python
相关证书：系统架构设计师",拥有2年实际工作经验，技术功底扎实，熟悉完整开发流程；具备较强的问题解决能力，能够独立排查并解决常见技术问题；工作认真负责，注重团队协作，能够高效推进项目落地；持续学习，保持技术敏感度。,后端开发工程师,宁德,互联网/信息技术/软件服务,7500-11000元,否,7500,11000,闽南师范大学,物联网工程,本科,本科,2020-06,2020,软件工程、操作系统、Java程序设计、机器学习,4,否,2,2年,2,否,携程（厦门）,后端开发工程师,2025-09,是,2,内容管理系统后端,Gin、Redis、MySQL、SpringBoot、PostgreSQL、Kafka、Java、Python,8,系统架构设计师,1,86,93,198,228
龙博,男,18101663639,longbo25@outlook.com,wx_longbo_365,南通,"期望岗位：Java开发工程师
期望城市：南通
期望行业：互联网/信息技术/软件服务
期望薪资：4000-5000元",专科信息管理与信息系统专业应届毕业生，掌握SpringBoot、SpringCloud基础技能，完成过课程设计与毕业项目，具备基础代码编写能力与问题排查思路，学习能力强，做事认真踏实，期望从事Java开发工程师相关工作。,"深圳职业技术学院 | 信息管理与信息系统 | 专科
毕业时间：2022年6月
核心课程：Java程序设计、算法设计与分析、数据库原理、计算机网络","【校园实践】
    · 参与学校计算机协会技术部，负责协会网站日常维护
    · 协助老师完成实验室设备管理与系统环境搭建
    · 参与班级课程设计小组，担任后端开发角色","■ 校园二手交易平台（毕设）
  项目目标：搭建校园闲置物品发布与交易平台
  个人职责：负责用户模块、商品发布模块开发
  项目成果：完成系统原型，获得良好成绩","专业技能：微服务、Linux、Redis、MySQL、Git
相关证书：无",应届毕业，具备扎实的专业基础知识与学习能力，能够快速掌握新技术；工作态度认真负责，有耐心，注重细节；具备良好的团队意识与沟通能力，能够积极配合团队完成任务；期望在工作中积累经验，快速成长。,Java开发工程师,南通,互联网/信息技术/软件服务,4000-5000元,否,4000,5000,深圳职业技术学院,信息管理与信息系统,专科,大专,2022-06,2022,Java程序设计、算法设计与分析、数据库原理、计算机网络,4,是,0,应届,1,是,校园实践,· 参与学校计算机协会技术部，负责协会网站日常维护,,否,1,校园二手交易平台（毕设）,微服务、Linux、Redis、MySQL、Git,5,无,0,110,94,81,89
杜杰,男,13664273986,dujie90@126.com,18172376515,金华,"期望岗位：前端开发工程师
期望城市：金华
期望行业：互联网/信息技术/软件服务
期望薪资：5500-6000元",本科电子信息工程专业应届毕业生，有1段前端开发工程师实习经验，掌握Vite技术栈，参与过实习项目开发，具备良好的代码规范与团队协作意识，能够快速上手业务，期望正式入职发展。,"中山大学 | 电子信息工程 | 本科
毕业时间：2021年6月
核心课程：软件工程、算法设计与分析、Java程序设计、数字信号处理","【恒信数据技术有限公司】 前端开发工程师（实习）
2025年1月 - 至今
    · 承担分配模块的编码、测试与优化工作，保障系统稳定运行
    · 编写开发文档，沉淀技术规范，协助新人熟悉业务
    · 对接产品、测试团队，跟进需求落地与缺陷修复","■ 校园社团官网（实训项目）
  项目目标：为学校社团开发官方展示网站
  个人职责：负责首页、新闻页、成员页开发
  项目成果：上线后访问量累计5000+

■ 个人博客系统（课程作业）
  项目目标：开发个人博客前端页面，实现文章展示与评论
  个人职责：负责页面布局、交互效果、接口联调
  项目成果：完成响应式页面，兼容多浏览器","专业技能：HTML5、Webpack、JavaScript、Axios、CSS3
相关证书：计算机一级、MySQL数据库认证、英语四级",有实习经验，熟悉开发基本流程，具备基础的项目实践能力；学习能力强，能够快速上手新业务新技术；工作踏实，责任心强，善于沟通协作，能够高效完成分配的工作任务。,前端开发工程师,金华,互联网/信息技术/软件服务,5500-6000元,否,5500,6000,中山大学,电子信息工程,本科,本科,2021-06,2021,软件工程、算法设计与分析、Java程序设计、数字信号处理,4,是,0,应届,1,否,恒信数据技术有限公司,前端开发工程师（实习）,2025-01,是,2,校园社团官网（实训项目）,HTML5、Webpack、JavaScript、Axios、CSS3,5,计算机一级、MySQL数据库认证、英语四级,3,86,77,168,127
吕明,男,18548931073,lvming66@126.com,wx_lvming_421,福州,"期望岗位：前端开发工程师
期望城市：福州
期望行业：互联网/信息技术/软件服务
期望薪资：面议",4年前端开发工程师从业经验，精通React技术架构，主导过中型项目从0到1落地，擅长技术方案设计与性能优化，曾推动核心模块技术重构，带来显著效率提升，具备跨部门协作与项目推进能力。,"泉州师范学院 | 软件工程 | 本科
毕业时间：2018年6月
核心课程：软件工程、数据结构、机器学习、算法设计与分析","【金蝶信息技术有限公司】 前端开发工程师
2024年10月 - 至今
    · 负责公司前端开发工程师相关业务的开发与维护，参与需求评审
    · 承担分配模块的编码、测试与优化工作，保障系统稳定运行
    · 对接产品、测试团队，跟进需求落地与缺陷修复

【通元网络科技有限公司】 前端开发工程师
2022年2月 - 2024年1月
    · 负责公司前端开发工程师相关业务的开发与维护，参与需求评审
    · 对接产品、测试团队，跟进需求落地与缺陷修复","■ 企业后台管理系统
  项目目标：搭建企业运营管理后台，实现业务数据可视化
  个人职责：负责权限管理、数据报表模块开发，对接后端接口联调
  项目成果：覆盖12个业务部门，运营效率提升40%

■ 电商平台前端重构
  项目目标：升级旧版电商系统前端架构，提升用户体验与加载速度
  个人职责：负责商品详情页、购物车模块开发，组件化封装公共组件
  项目成果：首屏加载时间从3.2s降至1.8s，页面转化率提升12%","专业技能：JavaScript、HTML5、CSS3、React、Vue、Element UI、Vite、TypeScript、Webpack、Axios
相关证书：软考中级、阿里云ACP云计算认证",拥有4年行业经验，技术视野开阔，具备方案设计与项目把控能力；逻辑清晰，善于定位并解决复杂技术问题；具备良好的团队管理与跨部门沟通能力，能够推动技术优化与业务落地；责任心强，追求技术与业务的平衡发展。,前端开发工程师,福州,互联网/信息技术/软件服务,面议,是,,,泉州师范学院,软件工程,本科,本科,2018-06,2018,软件工程、数据结构、机器学习、算法设计与分析,4,否,4,4年,2,否,金蝶信息技术有限公司,前端开发工程师,2024-10,是,2,企业后台管理系统,JavaScript、HTML5、CSS3、React、Vue、Element UI、Vite、TypeScript、Webpack、Axios,10,软考中级、阿里云ACP云计算认证,2,90,99,210,233
潘婷,女,18238605414,panting688@qq.com,17734101926,三明,"期望岗位：算法工程师
期望城市：三明
期望行业：互联网/信息技术/软件服务
期望薪资：7500-10000元",1年算法工程师工作经验，精通SQL、NLP技术栈，参与过完整项目迭代，能够独立完成模块开发与问题排查，注重代码质量与开发效率，具备良好的沟通协作能力。,"南京工业职业技术大学 | 数据科学与大数据技术 | 专科
毕业时间：2021年6月
核心课程：Python编程、数字信号处理、操作系统、Java程序设计","【腾讯（深圳分公司）】 算法工程师
2025年8月 - 至今
    · 编写开发文档，沉淀技术规范，协助新人熟悉业务
    · 承担分配模块的编码、测试与优化工作，保障系统稳定运行
    · 对接产品、测试团队，跟进需求落地与缺陷修复","■ 个性化推荐系统
  项目目标：提升内容推荐精准度，增加用户停留时长
  个人职责：负责协同过滤、深度学习推荐模型开发与离线优化
  项目成果：用户平均停留时长提升25%，点击率提升15%

■ 风控欺诈识别模型
  项目目标：识别交易欺诈行为，降低资金损失风险
  个人职责：特征工程，构建XGBoost风控模型，在线部署与迭代
  项目成果：欺诈识别准确率达92%，每年减少损失超200万","专业技能：机器学习、SQL、计算机视觉、TensorFlow、PyTorch、Python、推荐算法、NLP
相关证书：计算机一级、软件设计师（中级）",拥有1年实际工作经验，技术功底扎实，熟悉完整开发流程；具备较强的问题解决能力，能够独立排查并解决常见技术问题；工作认真负责，注重团队协作，能够高效推进项目落地；持续学习，保持技术敏感度。,算法工程师,三明,互联网/信息技术/软件服务,7500-10000元,否,7500,10000,南京工业职业技术大学,数据科学与大数据技术,专科,大专,2021-06,2021,Python编程、数字信号处理、操作系统、Java程序设计,4,否,1,1年,1,否,腾讯（深圳分公司）,算法工程师,2025-08,是,2,个性化推荐系统,机器学习、SQL、计算机视觉、TensorFlow、PyTorch、Python、推荐算法、NLP,8,计算机一级、软件设计师（中级）,2,75,93,197,120
冯燕,女,13579015034,fengyan051@163.com,wx_fengyan_200,漳州,"期望岗位：软件测试工程师
期望城市：漳州
期望行业：互联网/信息技术/软件服务
期望薪资：面议",专科信息管理与信息系统专业应届毕业生，掌握接口测试、JMeter基础技能，完成过课程设计与毕业项目，具备基础代码编写能力与问题排查思路，学习能力强，做事认真踏实，期望从事软件测试工程师相关工作。,"厦门海洋职业技术学院 | 信息管理与信息系统 | 专科
毕业时间：2022年6月
核心课程：Python编程、数字信号处理、数据结构、数据库原理","【校园实践】
    · 参与学校计算机协会技术部，负责协会网站日常维护
    · 协助老师完成实验室设备管理与系统环境搭建
    · 参与班级课程设计小组，担任后端开发角色","■ 网页兼容性测试实训
  项目目标：对多个网站进行浏览器兼容测试
  个人职责：制定测试方案，输出测试报告
  项目成果：覆盖5款主流浏览器","专业技能：Postman、功能测试、Selenium、Python、性能测试、测试用例设计
相关证书：英语四级、英语六级",应届毕业，具备扎实的专业基础知识与学习能力，能够快速掌握新技术；工作态度认真负责，有耐心，注重细节；具备良好的团队意识与沟通能力，能够积极配合团队完成任务；期望在工作中积累经验，快速成长。,软件测试工程师,漳州,互联网/信息技术/软件服务,面议,是,,,厦门海洋职业技术学院,信息管理与信息系统,专科,大专,2022-06,2022,Python编程、数字信号处理、数据结构、数据库原理,4,是,0,应届,1,是,校园实践,· 参与学校计算机协会技术部，负责协会网站日常维护,,否,1,网页兼容性测试实训,Postman、功能测试、Selenium、Python、性能测试、测试用例设计,6,英语四级、英语六级,2,97,94,71,89
陶若曦,女,13079457903,tao若xi1221@outlook.com,wx_tao若xi_506,常州,"期望岗位：数据分析师
期望城市：常州
期望行业：互联网/信息技术/软件服务
期望薪资：3000-5500元",本科通信工程专业应届毕业生，掌握Tableau、统计学基础技能，完成过课程设计与毕业项目，具备基础代码编写能力与问题排查思路，学习能力强，做事认真踏实，期望从事数据分析师相关工作。,"佛山科学技术学院 | 通信工程 | 本科
毕业时间：2022年6月
核心课程：Java程序设计、操作系统、数据库原理、数字信号处理","【校园实践】
    · 参与学校计算机协会技术部，负责协会网站日常维护
    · 协助老师完成实验室设备管理与系统环境搭建
    · 参与班级课程设计小组，担任后端开发角色","■ 电商公开数据爬取分析
  项目目标：采集公开电商商品数据并分析
  个人职责：数据爬取、清洗、价格销量分析
  项目成果：输出可视化分析图表","专业技能：统计学、Hive、Excel、Tableau、Power BI、MySQL
相关证书：无",应届毕业，具备扎实的专业基础知识与学习能力，能够快速掌握新技术；工作态度认真负责，有耐心，注重细节；具备良好的团队意识与沟通能力，能够积极配合团队完成任务；期望在工作中积累经验，快速成长。,数据分析师,常州,互联网/信息技术/软件服务,3000-5500元,否,3000,5500,佛山科学技术学院,通信工程,本科,本科,2022-06,2022,Java程序设计、操作系统、数据库原理、数字信号处理,4,是,0,应届,1,是,校园实践,· 参与学校计算机协会技术部，负责协会网站日常维护,,否,1,电商公开数据爬取分析,统计学、Hive、Excel、Tableau、Power BI、MySQL,6,无,0,90,94,72,89
余磊,男,18596917799,yulei034@gmail.com,wx_yulei_838,台州,"期望岗位：Java开发工程师
期望城市：台州
期望行业：互联网/信息技术/软件服务
期望薪资：7500-8000元",本科电子信息工程专业应届毕业生，有1段Java开发工程师实习经验，掌握SpringCloud技术栈，参与过实习项目开发，具备良好的代码规范与团队协作意识，能够快速上手业务，期望正式入职发展。,"浙江万里学院 | 电子信息工程 | 本科
毕业时间：2021年6月
核心课程：数字信号处理、数据库原理、软件工程、机器学习","【启明科技有限公司】 Java开发工程师（实习）
2025年8月 - 至今
    · 负责公司Java开发工程师相关业务的开发与维护，参与需求评审
    · 承担分配模块的编码、测试与优化工作，保障系统稳定运行
    · 编写开发文档，沉淀技术规范，协助新人熟悉业务","■ 校园二手交易平台（毕设）
  项目目标：搭建校园闲置物品发布与交易平台
  个人职责：负责用户模块、商品发布模块开发
  项目成果：完成系统原型，获得良好成绩

■ 学生成绩管理系统（课程设计）
  项目目标：实现学生信息、成绩、班级的增删改查管理
  个人职责：负责后端接口开发与数据库设计
  项目成果：完成基础功能，通过课程答辩","专业技能：MySQL、Java、SpringBoot、Linux、MyBatis、Redis
相关证书：华为HCIA认证、计算机二级",有实习经验，熟悉开发基本流程，具备基础的项目实践能力；学习能力强，能够快速上手新业务新技术；工作踏实，责任心强，善于沟通协作，能够高效完成分配的工作任务。,Java开发工程师,台州,互联网/信息技术/软件服务,7500-8000元,否,7500,8000,浙江万里学院,电子信息工程,本科,本科,2021-06,2021,数字信号处理、数据库原理、软件工程、机器学习,4,是,0,应届,1,否,启明科技有限公司,Java开发工程师（实习）,2025-08,是,2,校园二手交易平台（毕设）,MySQL、Java、SpringBoot、Linux、MyBatis、Redis,6,华为HCIA认证、计算机二级,2,95,77,169,136
黄芳,女,13275552305,huangfang5085@163.com,wx_huangfang_245,漳州,"期望岗位：软件测试工程师
期望城市：漳州
期望行业：互联网/信息技术/软件服务
期望薪资：4000-4500元",本科物联网工程专业应届毕业生，掌握Appium、Python基础技能，完成过课程设计与毕业项目，具备基础代码编写能力与问题排查思路，学习能力强，做事认真踏实，期望从事软件测试工程师相关工作。,"江西师范大学 | 物联网工程 | 本科
毕业时间：2022年6月
核心课程：算法设计与分析、Java程序设计、数据结构、机器学习","【校园实践】
    · 参与学校计算机协会技术部，负责协会网站日常维护
    · 协助老师完成实验室设备管理与系统环境搭建
    · 参与班级课程设计小组，担任后端开发角色","■ 学生管理系统功能测试
  项目目标：对课程设计系统进行功能测试与缺陷提交
  个人职责：设计测试用例，执行黑盒测试
  项目成果：发现并提交8个功能缺陷","专业技能：Python、Postman、Selenium、测试用例设计
相关证书：无",应届毕业，具备扎实的专业基础知识与学习能力，能够快速掌握新技术；工作态度认真负责，有耐心，注重细节；具备良好的团队意识与沟通能力，能够积极配合团队完成任务；期望在工作中积累经验，快速成长。,软件测试工程师,漳州,互联网/信息技术/软件服务,4000-4500元,否,4000,4500,江西师范大学,物联网工程,本科,本科,2022-06,2022,算法设计与分析、Java程序设计、数据结构、机器学习,4,是,0,应届,1,是,校园实践,· 参与学校计算机协会技术部，负责协会网站日常维护,,否,1,学生管理系统功能测试,Python、Postman、Selenium、测试用例设计,4,无,0,95,94,78,89
萧宇泽,男,15358062094,xiaoyuze5347@gmail.com,15968551176,金华,"期望岗位：后端开发工程师
期望城市：金华
期望行业：互联网/信息技术/软件服务
期望薪资：4000-4500元",专科计算机应用技术专业应届毕业生，掌握PostgreSQL、MySQL基础技能，完成过课程设计与毕业项目，具备基础代码编写能力与问题排查思路，学习能力强，做事认真踏实，期望从事后端开发工程师相关工作。,"福州职业技术学院 | 计算机应用技术 | 专科
毕业时间：2022年6月
核心课程：Java程序设计、操作系统、数字信号处理、软件工程","【校园实践】
    · 参与学校计算机协会技术部，负责协会网站日常维护
    · 协助老师完成实验室设备管理与系统环境搭建
    · 参与班级课程设计小组，担任后端开发角色","■ 简单论坛系统
  项目目标：实现帖子发布、回复、板块管理
  个人职责：负责后端服务开发与接口文档编写
  项目成果：支持百人同时在线访问","专业技能：Python、微服务、Docker、PostgreSQL、K8s、Go
相关证书：软件设计师（中级）、红帽RHCE认证、英语六级",应届毕业，具备扎实的专业基础知识与学习能力，能够快速掌握新技术；工作态度认真负责，有耐心，注重细节；具备良好的团队意识与沟通能力，能够积极配合团队完成任务；期望在工作中积累经验，快速成长。,后端开发工程师,金华,互联网/信息技术/软件服务,4000-4500元,否,4000,4500,福州职业技术学院,计算机应用技术,专科,大专,2022-06,2022,Java程序设计、操作系统、数字信号处理、软件工程,4,是,0,应届,1,是,校园实践,· 参与学校计算机协会技术部，负责协会网站日常维护,,否,1,简单论坛系统,Python、微服务、Docker、PostgreSQL、K8s、Go,6,软件设计师（中级）、红帽RHCE认证、英语六级,3,100,94,71,89
钟建,男,13988440061,zhongjian9652@outlook.com,13720919458,南京,"期望岗位：算法工程师
期望城市：南京
期望行业：互联网/信息技术/软件服务
期望薪资：10000-12000元",1年算法工程师工作经验，精通NLP、算法优化技术栈，参与过完整项目迭代，能够独立完成模块开发与问题排查，注重代码质量与开发效率，具备良好的沟通协作能力。,"闽南师范大学 | 信息管理与信息系统 | 本科
毕业时间：2021年6月
核心课程：Java程序设计、Python编程、计算机网络、机器学习","【信雅软件有限公司】 算法工程师
2025年4月 - 至今
    · 编写开发文档，沉淀技术规范，协助新人熟悉业务
    · 负责公司算法工程师相关业务的开发与维护，参与需求评审
    · 承担分配模块的编码、测试与优化工作，保障系统稳定运行","■ 个性化推荐系统
  项目目标：提升内容推荐精准度，增加用户停留时长
  个人职责：负责协同过滤、深度学习推荐模型开发与离线优化
  项目成果：用户平均停留时长提升25%，点击率提升15%

■ 风控欺诈识别模型
  项目目标：识别交易欺诈行为，降低资金损失风险
  个人职责：特征工程，构建XGBoost风控模型，在线部署与迭代
  项目成果：欺诈识别准确率达92%，每年减少损失超200万","专业技能：机器学习、NLP、数据结构、推荐算法、算法优化、深度学习、特征工程、TensorFlow、SQL、计算机视觉
相关证书：系统架构设计师、软考中级、计算机一级",拥有1年实际工作经验，技术功底扎实，熟悉完整开发流程；具备较强的问题解决能力，能够独立排查并解决常见技术问题；工作认真负责，注重团队协作，能够高效推进项目落地；持续学习，保持技术敏感度。,算法工程师,南京,互联网/信息技术/软件服务,10000-12000元,否,10000,12000,闽南师范大学,信息管理与信息系统,本科,本科,2021-06,2021,Java程序设计、Python编程、计算机网络、机器学习,4,否,1,1年,1,否,信雅软件有限公司,算法工程师,2025-04,是,2,个性化推荐系统,机器学习、NLP、数据结构、推荐算法、算法优化、深度学习、特征工程、TensorFlow、SQL、计算机视觉,10,系统架构设计师、软考中级、计算机一级,3,76,93,197,124
高梓轩,男,18475120626,gao梓xuan485@126.com,18094988608,杭州,"期望岗位：运维工程师
期望城市：杭州
期望行业：互联网/信息技术/软件服务
期望薪资：3500-5500元",专科信息管理与信息系统专业应届毕业生，掌握Linux、Zabbix基础技能，完成过课程设计与毕业项目，具备基础代码编写能力与问题排查思路，学习能力强，做事认真踏实，期望从事运维工程师相关工作。,"福建船政交通职业学院 | 信息管理与信息系统 | 专科
毕业时间：2022年6月
核心课程：软件工程、机器学习、数据结构、数字信号处理","【校园实践】
    · 参与学校计算机协会技术部，负责协会网站日常维护
    · 协助老师完成实验室设备管理与系统环境搭建
    · 参与班级课程设计小组，担任后端开发角色","■ 实验室服务器搭建实训
  项目目标：搭建实验室Linux服务器环境
  个人职责：负责系统安装、网络配置、基础服务部署
  项目成果：完成3台服务器环境搭建","专业技能：Kubernetes、Zabbix、Ansible、Jenkins、网络运维、Shell
相关证书：无",应届毕业，具备扎实的专业基础知识与学习能力，能够快速掌握新技术；工作态度认真负责，有耐心，注重细节；具备良好的团队意识与沟通能力，能够积极配合团队完成任务；期望在工作中积累经验，快速成长。,运维工程师,杭州,互联网/信息技术/软件服务,3500-5500元,否,3500,5500,福建船政交通职业学院,信息管理与信息系统,专科,大专,2022-06,2022,软件工程、机器学习、数据结构、数字信号处理,4,是,0,应届,1,是,校园实践,· 参与学校计算机协会技术部，负责协会网站日常维护,,否,1,实验室服务器搭建实训,Kubernetes、Zabbix、Ansible、Jenkins、网络运维、Shell,6,无,0,96,94,80,89
谭凯,男,18240404924,tankai271@gmail.com,18011323440,漳州,"期望岗位：软件测试工程师
期望城市：漳州
期望行业：互联网/信息技术/软件服务
期望薪资：24000-34000元",7年软件测试工程师资深经验，精通全链路技术架构，具备团队技术规划与方案设计能力，主导过多个大型项目重构与升级，在高并发/系统稳定性领域有深厚积累，能够带领团队攻克技术难题，驱动业务技术升级。,"南京工程学院 | 通信工程 | 本科
毕业时间：2015年6月
核心课程：计算机网络、软件工程、数据结构、操作系统","【启明互联网科技有限公司】 软件测试工程师
2024年7月 - 至今
    · 对接产品、测试团队，跟进需求落地与缺陷修复
    · 编写开发文档，沉淀技术规范，协助新人熟悉业务

【星图互联网科技有限公司】 软件测试工程师
2022年3月 - 2024年3月
    · 承担分配模块的编码、测试与优化工作，保障系统稳定运行
    · 负责公司软件测试工程师相关业务的开发与维护，参与需求评审
    · 对接产品、测试团队，跟进需求落地与缺陷修复

【合众科技有限公司】 软件测试工程师
2020年6月 - 2022年5月
    · 对接产品、测试团队，跟进需求落地与缺陷修复
    · 负责公司软件测试工程师相关业务的开发与维护，参与需求评审
    · 编写开发文档，沉淀技术规范，协助新人熟悉业务","■ 自动化测试框架搭建
  项目目标：提升回归测试效率，减少人工重复劳动
  个人职责：基于Selenium搭建UI自动化框架，编写核心模块测试脚本
  项目成果：回归测试周期从7天缩短至2天，覆盖率达85%

■ 电商平台功能测试
  项目目标：保障电商系统上线质量，覆盖全业务流程
  个人职责：设计测试用例，执行功能、回归测试，提交缺陷报告
  项目成果：发现并修复120+缺陷，上线后线上缺陷率低于0.5%","专业技能：TestNG、MySQL、Selenium、性能测试、Python、Appium、测试用例设计、缺陷管理
相关证书：计算机一级、英语六级",拥有7年行业经验，技术视野开阔，具备方案设计与项目把控能力；逻辑清晰，善于定位并解决复杂技术问题；具备良好的团队管理与跨部门沟通能力，能够推动技术优化与业务落地；责任心强，追求技术与业务的平衡发展。,软件测试工程师,漳州,互联网/信息技术/软件服务,24000-34000元,否,24000,34000,南京工程学院,通信工程,本科,本科,2015-06,2015,计算机网络、软件工程、数据结构、操作系统,4,否,7,7年,3,否,启明互联网科技有限公司,软件测试工程师,2024-07,是,2,自动化测试框架搭建,TestNG、MySQL、Selenium、性能测试、Python、Appium、测试用例设计、缺陷管理,8,计算机一级、英语六级,2,95,99,207,358
龚飞,男,18036211490,gongfei876@126.com,17791777492,宁德,"期望岗位：数据分析师
期望城市：宁德
期望行业：互联网/信息技术/软件服务
期望薪资：4000-8000元",本科网络工程专业应届毕业生，有1段数据分析师实习经验，掌握用户分析技术栈，参与过实习项目开发，具备良好的代码规范与团队协作意识，能够快速上手业务，期望正式入职发展。,"南昌大学 | 网络工程 | 本科
毕业时间：2021年6月
核心课程：数字信号处理、数据库原理、计算机网络、软件工程","【阿里巴巴（福州分公司）】 数据分析师（实习）
2025年1月 - 至今
    · 编写开发文档，沉淀技术规范，协助新人熟悉业务
    · 负责公司数据分析师相关业务的开发与维护，参与需求评审
    · 对接产品、测试团队，跟进需求落地与缺陷修复","■ 电商公开数据爬取分析
  项目目标：采集公开电商商品数据并分析
  个人职责：数据爬取、清洗、价格销量分析
  项目成果：输出可视化分析图表

■ 学生成绩数据分析
  项目目标：对班级期末成绩进行统计分析
  个人职责：数据清洗、可视化图表制作、结论输出
  项目成果：输出分析报告，提出3点教学建议","专业技能：SQL、Hive、Excel、Python、MySQL、Pandas
相关证书：计算机二级",有实习经验，熟悉开发基本流程，具备基础的项目实践能力；学习能力强，能够快速上手新业务新技术；工作踏实，责任心强，善于沟通协作，能够高效完成分配的工作任务。,数据分析师,宁德,互联网/信息技术/软件服务,4000-8000元,否,4000,8000,南昌大学,网络工程,本科,本科,2021-06,2021,数字信号处理、数据库原理、计算机网络、软件工程,4,是,0,应届,1,否,阿里巴巴（福州分公司）,数据分析师（实习）,2025-01,是,2,电商公开数据爬取分析,SQL、Hive、Excel、Python、MySQL、Pandas,6,计算机二级,1,82,77,153,126
向雨桐,女,15359421304,xiang雨tong97@163.com,wx_xiang雨tong_902,南通,"期望岗位：运维工程师
期望城市：南通
期望行业：互联网/信息技术/软件服务
期望薪资：7000-7500元",专科数字媒体技术专业应届毕业生，有0段运维工程师实习经验，掌握Zabbix技术栈，参与过实习项目开发，具备良好的代码规范与团队协作意识，能够快速上手业务，期望正式入职发展。,"江西交通职业技术学院 | 数字媒体技术 | 专科
毕业时间：2022年6月
核心课程：计算机网络、数据库原理、操作系统、数据结构","【腾讯（深圳分公司）】 运维工程师（实习）
2022年2月 - 至今
    · 对接产品、测试团队，跟进需求落地与缺陷修复
    · 负责公司运维工程师相关业务的开发与维护，参与需求评审
    · 编写开发文档，沉淀技术规范，协助新人熟悉业务","■ 实验室服务器搭建实训
  项目目标：搭建实验室Linux服务器环境
  个人职责：负责系统安装、网络配置、基础服务部署
  项目成果：完成3台服务器环境搭建

■ 简单监控脚本开发
  项目目标：编写服务器状态监控脚本
  个人职责：实现CPU、内存、磁盘使用率自动采集
  项目成果：支持异常邮件告警","专业技能：Ansible、Prometheus、Redis、MySQL、Nginx、Linux、Zabbix
相关证书：无",有实习经验，熟悉开发基本流程，具备基础的项目实践能力；学习能力强，能够快速上手新业务新技术；工作踏实，责任心强，善于沟通协作，能够高效完成分配的工作任务。,运维工程师,南通,互联网/信息技术/软件服务,7000-7500元,否,7000,7500,江西交通职业技术学院,数字媒体技术,专科,大专,2022-06,2022,计算机网络、数据库原理、操作系统、数据结构,4,是,0,应届,1,否,腾讯（深圳分公司）,运维工程师（实习）,2022-02,是,2,实验室服务器搭建实训,Ansible、Prometheus、Redis、MySQL、Nginx、Linux、Zabbix,7,无,0,86,77,153,124
龚博,男,13682927921,gongbo0195@qq.com,15308953175,台州,"期望岗位：运维工程师
期望城市：台州
期望行业：互联网/信息技术/软件服务
期望薪资：5500-6000元",专科数学与应用数学专业应届毕业生，掌握Nginx、Prometheus基础技能，完成过课程设计与毕业项目，具备基础代码编写能力与问题排查思路，学习能力强，做事认真踏实，期望从事运维工程师相关工作。,"江西交通职业技术学院 | 数学与应用数学 | 专科
毕业时间：2022年6月
核心课程：计算机网络、Python编程、数据库原理、算法设计与分析","【校园实践】
    · 参与学校计算机协会技术部，负责协会网站日常维护
    · 协助老师完成实验室设备管理与系统环境搭建
    · 参与班级课程设计小组，担任后端开发角色","■ 简单监控脚本开发
  项目目标：编写服务器状态监控脚本
  个人职责：实现CPU、内存、磁盘使用率自动采集
  项目成果：支持异常邮件告警","专业技能：Redis、Shell、Linux、Jenkins
相关证书：软考中级、英语六级",应届毕业，具备扎实的专业基础知识与学习能力，能够快速掌握新技术；工作态度认真负责，有耐心，注重细节；具备良好的团队意识与沟通能力，能够积极配合团队完成任务；期望在工作中积累经验，快速成长。,运维工程师,台州,互联网/信息技术/软件服务,5500-6000元,否,5500,6000,江西交通职业技术学院,数学与应用数学,专科,大专,2022-06,2022,计算机网络、Python编程、数据库原理、算法设计与分析,4,是,0,应届,1,是,校园实践,· 参与学校计算机协会技术部，负责协会网站日常维护,,否,1,简单监控脚本开发,Redis、Shell、Linux、Jenkins,4,软考中级、英语六级,2,98,94,71,89
彭莉,女,17763851121,pengli5658@gmail.com,wx_pengli_104,蚌埠,"期望岗位：运维工程师
期望城市：蚌埠
期望行业：互联网/信息技术/软件服务
期望薪资：5000-5500元",专科通信工程专业应届毕业生，掌握Kubernetes、Ansible基础技能，完成过课程设计与毕业项目，具备基础代码编写能力与问题排查思路，学习能力强，做事认真踏实，期望从事运维工程师相关工作。,"苏州职业大学 | 通信工程 | 专科
毕业时间：2022年6月
核心课程：Java程序设计、机器学习、数字信号处理、操作系统","【校园实践】
    · 参与学校计算机协会技术部，负责协会网站日常维护
    · 协助老师完成实验室设备管理与系统环境搭建
    · 参与班级课程设计小组，担任后端开发角色","■ 实验室服务器搭建实训
  项目目标：搭建实验室Linux服务器环境
  个人职责：负责系统安装、网络配置、基础服务部署
  项目成果：完成3台服务器环境搭建","专业技能：Redis、Kubernetes、MySQL、Docker、Ansible、Prometheus、Nginx
相关证书：英语四级",应届毕业，具备扎实的专业基础知识与学习能力，能够快速掌握新技术；工作态度认真负责，有耐心，注重细节；具备良好的团队意识与沟通能力，能够积极配合团队完成任务；期望在工作中积累经验，快速成长。,运维工程师,蚌埠,互联网/信息技术/软件服务,5000-5500元,否,5000,5500,苏州职业大学,通信工程,专科,大专,2022-06,2022,Java程序设计、机器学习、数字信号处理、操作系统,4,是,0,应届,1,是,校园实践,· 参与学校计算机协会技术部，负责协会网站日常维护,,否,1,实验室服务器搭建实训,Redis、Kubernetes、MySQL、Docker、Ansible、Prometheus、Nginx,7,英语四级,1,97,94,80,89
汤伟,男,17738217185,tangwei96@outlook.com,wx_tangwei_941,阜阳,"期望岗位：运维工程师
期望城市：阜阳
期望行业：互联网/信息技术/软件服务
期望薪资：8000-9500元",1年运维工程师工作经验，精通Linux、网络运维技术栈，参与过完整项目迭代，能够独立完成模块开发与问题排查，注重代码质量与开发效率，具备良好的沟通协作能力。,"南京工程学院 | 软件技术 | 本科
毕业时间：2021年6月
核心课程：数据库原理、操作系统、Python编程、软件工程","【启明软件有限公司】 运维工程师
2025年2月 - 至今
    · 编写开发文档，沉淀技术规范，协助新人熟悉业务
    · 负责公司运维工程师相关业务的开发与维护，参与需求评审","■ 服务器集群运维优化
  项目目标：提升服务器集群稳定性，降低故障发生率
  个人职责：负责日常巡检、故障排查，优化监控告警规则与分级策略
  项目成果：服务器故障率下降60%，平均故障响应时间缩短至15分钟

■ CI/CD自动化流水线
  项目目标：实现代码自动化构建、测试、部署，提升发布效率
  个人职责：基于Jenkins搭建持续集成流水线，配置Docker容器化部署
  项目成果：发布周期从每周1次提升至每天3次，部署失误率降为0","专业技能：Prometheus、网络运维、Ansible、Kubernetes、Shell、Linux
相关证书：系统架构设计师",拥有1年实际工作经验，技术功底扎实，熟悉完整开发流程；具备较强的问题解决能力，能够独立排查并解决常见技术问题；工作认真负责，注重团队协作，能够高效推进项目落地；持续学习，保持技术敏感度。,运维工程师,阜阳,互联网/信息技术/软件服务,8000-9500元,否,8000,9500,南京工程学院,软件技术,本科,本科,2021-06,2021,数据库原理、操作系统、Python编程、软件工程,4,否,1,1年,1,否,启明软件有限公司,运维工程师,2025-02,是,2,服务器集群运维优化,Prometheus、网络运维、Ansible、Kubernetes、Shell、Linux,6,系统架构设计师,1,78,93,223,91
傅辉,男,15572498787,fuhui7787@outlook.com,18885690737,台州,"期望岗位：运维工程师
期望城市：台州
期望行业：互联网/信息技术/软件服务
期望薪资：面议",本科通信工程专业应届毕业生，掌握Zabbix、Nginx基础技能，完成过课程设计与毕业项目，具备基础代码编写能力与问题排查思路，学习能力强，做事认真踏实，期望从事运维工程师相关工作。,"厦门大学 | 通信工程 | 本科
毕业时间：2022年6月
核心课程：数据库原理、Java程序设计、操作系统、算法设计与分析","【校园实践】
    · 参与学校计算机协会技术部，负责协会网站日常维护
    · 协助老师完成实验室设备管理与系统环境搭建
    · 参与班级课程设计小组，担任后端开发角色","■ 实验室服务器搭建实训
  项目目标：搭建实验室Linux服务器环境
  个人职责：负责系统安装、网络配置、基础服务部署
  项目成果：完成3台服务器环境搭建","专业技能：MySQL、Redis、Docker、Kubernetes、网络运维
相关证书：英语六级、软考中级",应届毕业，具备扎实的专业基础知识与学习能力，能够快速掌握新技术；工作态度认真负责，有耐心，注重细节；具备良好的团队意识与沟通能力，能够积极配合团队完成任务；期望在工作中积累经验，快速成长。,运维工程师,台州,互联网/信息技术/软件服务,面议,是,,,厦门大学,通信工程,本科,本科,2022-06,2022,数据库原理、Java程序设计、操作系统、算法设计与分析,4,是,0,应届,1,是,校园实践,· 参与学校计算机协会技术部，负责协会网站日常维护,,否,1,实验室服务器搭建实训,MySQL、Redis、Docker、Kubernetes、网络运维,5,英语六级、软考中级,2,91,94,80,89
尹紫涵,女,13800385649,yin紫han4591@126.com,wx_yin紫han_376,温州,"期望岗位：Java开发工程师
期望城市：温州
期望行业：互联网/信息技术/软件服务
期望薪资：5000-5500元",专科软件技术专业应届毕业生，掌握MySQL、Docker基础技能，完成过课程设计与毕业项目，具备基础代码编写能力与问题排查思路，学习能力强，做事认真踏实，期望从事Java开发工程师相关工作。,"泉州经贸职业技术学院 | 软件技术 | 专科
毕业时间：2022年6月
核心课程：软件工程、数据结构、计算机网络、数字信号处理","【校园实践】
    · 参与学校计算机协会技术部，负责协会网站日常维护
    · 协助老师完成实验室设备管理与系统环境搭建
    · 参与班级课程设计小组，担任后端开发角色","■ 校园二手交易平台（毕设）
  项目目标：搭建校园闲置物品发布与交易平台
  个人职责：负责用户模块、商品发布模块开发
  项目成果：完成系统原型，获得良好成绩","专业技能：SpringBoot、Git、SpringCloud、Java、微服务、MyBatis
相关证书：英语四级",应届毕业，具备扎实的专业基础知识与学习能力，能够快速掌握新技术；工作态度认真负责，有耐心，注重细节；具备良好的团队意识与沟通能力，能够积极配合团队完成任务；期望在工作中积累经验，快速成长。,Java开发工程师,温州,互联网/信息技术/软件服务,5000-5500元,否,5000,5500,泉州经贸职业技术学院,软件技术,专科,大专,2022-06,2022,软件工程、数据结构、计算机网络、数字信号处理,4,是,0,应届,1,是,校园实践,· 参与学校计算机协会技术部，负责协会网站日常维护,,否,1,校园二手交易平台（毕设）,SpringBoot、Git、SpringCloud、Java、微服务、MyBatis,6,英语四级,1,95,94,81,89
曾浩,男,17788775953,zenghao84@126.com,wx_zenghao_401,芜湖,"期望岗位：Java开发工程师
期望城市：芜湖
期望行业：互联网/信息技术/软件服务
期望薪资：7500-12000元",2年Java开发工程师工作经验，精通微服务、MyBatis技术栈，参与过完整项目迭代，能够独立完成模块开发与问题排查，注重代码质量与开发效率，具备良好的沟通协作能力。,"苏州科技大学 | 软件工程 | 本科
毕业时间：2020年6月
核心课程：数据库原理、Python编程、计算机网络、软件工程","【卓望网络科技有限公司】 Java开发工程师
2025年7月 - 至今
    · 对接产品、测试团队，跟进需求落地与缺陷修复
    · 承担分配模块的编码、测试与优化工作，保障系统稳定运行
    · 负责公司Java开发工程师相关业务的开发与维护，参与需求评审

【天擎互联网科技有限公司】 Java开发工程师
2024年12月 - 2025年3月
    · 负责公司Java开发工程师相关业务的开发与维护，参与需求评审
    · 承担分配模块的编码、测试与优化工作，保障系统稳定运行
    · 对接产品、测试团队，跟进需求落地与缺陷修复","■ 电商订单交易系统
  项目目标：搭建高可用电商订单系统，支撑大促流量峰值
  个人职责：负责订单创建、支付回调、库存扣减核心逻辑开发
  项目成果：支撑日均订单量10万+，系统可用性达99.95%

■ 微服务用户中心重构
  项目目标：将单体用户系统拆分为微服务架构，提升并发承载能力
  个人职责：负责登录、注册、权限模块开发，优化数据库查询与缓存策略
  项目成果：支持并发量从500提升至5000，接口响应耗时减少60%","专业技能：MyBatis、JVM调优、Java、Linux、SpringCloud、SpringBoot、Docker、MySQL
相关证书：华为HCIA认证",拥有2年实际工作经验，技术功底扎实，熟悉完整开发流程；具备较强的问题解决能力，能够独立排查并解决常见技术问题；工作认真负责，注重团队协作，能够高效推进项目落地；持续学习，保持技术敏感度。,Java开发工程师,芜湖,互联网/信息技术/软件服务,7500-12000元,否,7500,12000,苏州科技大学,软件工程,本科,本科,2020-06,2020,数据库原理、Python编程、计算机网络、软件工程,4,否,2,2年,2,否,卓望网络科技有限公司,Java开发工程师,2025-07,是,2,电商订单交易系统,MyBatis、JVM调优、Java、Linux、SpringCloud、SpringBoot、Docker、MySQL,8,华为HCIA认证,1,83,93,216,275
胡子轩,男,15180355165,hu子xuan867@outlook.com,15219449255,宁波,"期望岗位：数据分析师
期望城市：宁波
期望行业：互联网/信息技术/软件服务
期望薪资：3000-6000元",专科软件技术专业应届毕业生，掌握用户分析、NumPy基础技能，完成过课程设计与毕业项目，具备基础代码编写能力与问题排查思路，学习能力强，做事认真踏实，期望从事数据分析师相关工作。,"深圳职业技术学院 | 软件技术 | 专科
毕业时间：2022年6月
核心课程：Java程序设计、Python编程、数据库原理、计算机网络","【校园实践】
    · 参与学校计算机协会技术部，负责协会网站日常维护
    · 协助老师完成实验室设备管理与系统环境搭建
    · 参与班级课程设计小组，担任后端开发角色","■ 电商公开数据爬取分析
  项目目标：采集公开电商商品数据并分析
  个人职责：数据爬取、清洗、价格销量分析
  项目成果：输出可视化分析图表","专业技能：MySQL、Excel、Pandas、统计学、Hive、用户分析、数据可视化
相关证书：英语六级",应届毕业，具备扎实的专业基础知识与学习能力，能够快速掌握新技术；工作态度认真负责，有耐心，注重细节；具备良好的团队意识与沟通能力，能够积极配合团队完成任务；期望在工作中积累经验，快速成长。,数据分析师,宁波,互联网/信息技术/软件服务,3000-6000元,否,3000,6000,深圳职业技术学院,软件技术,专科,大专,2022-06,2022,Java程序设计、Python编程、数据库原理、计算机网络,4,是,0,应届,1,是,校园实践,· 参与学校计算机协会技术部，负责协会网站日常维护,,否,1,电商公开数据爬取分析,MySQL、Excel、Pandas、统计学、Hive、用户分析、数据可视化,7,英语六级,1,89,94,72,89
蒋佳,女,18288855238,jiangjia376@gmail.com,15591587954,南通,"期望岗位：Python开发工程师
期望城市：南通
期望行业：互联网/信息技术/软件服务
期望薪资：7500-8000元",本科网络工程专业应届毕业生，有0段Python开发工程师实习经验，掌握爬虫技术栈，参与过实习项目开发，具备良好的代码规范与团队协作意识，能够快速上手业务，期望正式入职发展。,"江西师范大学 | 网络工程 | 本科
毕业时间：2022年6月
核心课程：算法设计与分析、数字信号处理、机器学习、操作系统","【易联数据技术有限公司】 Python开发工程师（实习）
2020年8月 - 至今
    · 对接产品、测试团队，跟进需求落地与缺陷修复
    · 负责公司Python开发工程师相关业务的开发与维护，参与需求评审
    · 承担分配模块的编码、测试与优化工作，保障系统稳定运行","■ 简单爬虫脚本开发
  项目目标：爬取公开网站数据并入库
  个人职责：负责反爬处理、数据清洗、SQLite存储
  项目成果：日均采集数据1万条

■ 自动化办公脚本
  项目目标：批量处理Excel表格数据
  个人职责：实现数据合并、格式转换、自动统计
  项目成果：提升人工效率80%","专业技能：Python、爬虫、Django、Docker、Celery、Flask
相关证书：英语六级",有实习经验，熟悉开发基本流程，具备基础的项目实践能力；学习能力强，能够快速上手新业务新技术；工作踏实，责任心强，善于沟通协作，能够高效完成分配的工作任务。,Python开发工程师,南通,互联网/信息技术/软件服务,7500-8000元,否,7500,8000,江西师范大学,网络工程,本科,本科,2022-06,2022,算法设计与分析、数字信号处理、机器学习、操作系统,4,是,0,应届,1,否,易联数据技术有限公司,Python开发工程师（实习）,2020-08,是,2,简单爬虫脚本开发,Python、爬虫、Django、Docker、Celery、Flask,6,英语六级,1,86,77,147,141
蒋语桐,女,15373149600,jiang语tong8877@qq.com,17720269260,滁州,"期望岗位：算法工程师
期望城市：滁州
期望行业：互联网/信息技术/软件服务
期望薪资：12000-16500元",3年算法工程师从业经验，精通计算机视觉技术架构，主导过中型项目从0到1落地，擅长技术方案设计与性能优化，曾推动核心模块技术重构，带来显著效率提升，具备跨部门协作与项目推进能力。,"南昌大学 | 信息管理与信息系统 | 本科
毕业时间：2019年6月
核心课程：Java程序设计、操作系统、软件工程、Python编程","【信雅信息技术有限公司】 算法工程师
2025年11月 - 至今
    · 对接产品、测试团队，跟进需求落地与缺陷修复
    · 编写开发文档，沉淀技术规范，协助新人熟悉业务
    · 负责公司算法工程师相关业务的开发与维护，参与需求评审

【新科网络科技有限公司】 算法工程师
2024年3月 - 2025年1月
    · 负责公司算法工程师相关业务的开发与维护，参与需求评审
    · 对接产品、测试团队，跟进需求落地与缺陷修复
    · 编写开发文档，沉淀技术规范，协助新人熟悉业务","■ 个性化推荐系统
  项目目标：提升内容推荐精准度，增加用户停留时长
  个人职责：负责协同过滤、深度学习推荐模型开发与离线优化
  项目成果：用户平均停留时长提升25%，点击率提升15%

■ 风控欺诈识别模型
  项目目标：识别交易欺诈行为，降低资金损失风险
  个人职责：特征工程，构建XGBoost风控模型，在线部署与迭代
  项目成果：欺诈识别准确率达92%，每年减少损失超200万","专业技能：机器学习、推荐算法、SQL、NLP、计算机视觉、PyTorch
相关证书：无",拥有3年行业经验，技术视野开阔，具备方案设计与项目把控能力；逻辑清晰，善于定位并解决复杂技术问题；具备良好的团队管理与跨部门沟通能力，能够推动技术优化与业务落地；责任心强，追求技术与业务的平衡发展。,算法工程师,滁州,互联网/信息技术/软件服务,12000-16500元,否,12000,16500,南昌大学,信息管理与信息系统,本科,本科,2019-06,2019,Java程序设计、操作系统、软件工程、Python编程,4,否,3,3年,2,否,信雅信息技术有限公司,算法工程师,2025-11,是,2,个性化推荐系统,机器学习、推荐算法、SQL、NLP、计算机视觉、PyTorch,6,无,0,88,99,197,250
汪梦瑶,女,18317782039,wangmengyao39@gmail.com,13753866446,厦门,"期望岗位：Python开发工程师
期望城市：厦门
期望行业：互联网/信息技术/软件服务
期望薪资：10000-16000元",5年Python开发工程师从业经验，精通FastAPI技术架构，主导过中型项目从0到1落地，擅长技术方案设计与性能优化，曾推动核心模块技术重构，带来显著效率提升，具备跨部门协作与项目推进能力。,"中山大学 | 数字媒体技术 | 本科
毕业时间：2017年6月
核心课程：Python编程、数据结构、算法设计与分析、计算机网络","【启明软件有限公司】 Python开发工程师
2025年11月 - 至今
    · 承担分配模块的编码、测试与优化工作，保障系统稳定运行
    · 编写开发文档，沉淀技术规范，协助新人熟悉业务

【用友网络科技有限公司】 Python开发工程师
2024年1月 - 2025年3月
    · 对接产品、测试团队，跟进需求落地与缺陷修复
    · 编写开发文档，沉淀技术规范，协助新人熟悉业务
    · 负责公司Python开发工程师相关业务的开发与维护，参与需求评审

【汇智科技有限公司】 Python开发工程师
2023年10月 - 2024年1月
    · 承担分配模块的编码、测试与优化工作，保障系统稳定运行
    · 对接产品、测试团队，跟进需求落地与缺陷修复
    · 负责公司Python开发工程师相关业务的开发与维护，参与需求评审","■ 数据采集爬虫系统
  项目目标：搭建分布式爬虫平台，采集多渠道公开数据
  个人职责：负责反爬策略破解、数据清洗、入库逻辑开发
  项目成果：日均采集数据50万条，数据准确率98%以上

■ 自动化运维平台
  项目目标：开发运维管理平台，实现服务器批量管理
  个人职责：负责监控、告警、任务调度模块后端开发
  项目成果：管理服务器200+，运维人力成本降低50%","专业技能：Python、MySQL、Redis、Django、爬虫、Docker、FastAPI、Git、Linux、Flask
相关证书：MySQL数据库认证、阿里云ACP云计算认证",拥有5年行业经验，技术视野开阔，具备方案设计与项目把控能力；逻辑清晰，善于定位并解决复杂技术问题；具备良好的团队管理与跨部门沟通能力，能够推动技术优化与业务落地；责任心强，追求技术与业务的平衡发展。,Python开发工程师,厦门,互联网/信息技术/软件服务,10000-16000元,否,10000,16000,中山大学,数字媒体技术,本科,本科,2017-06,2017,Python编程、数据结构、算法设计与分析、计算机网络,4,否,5,5年,3,否,启明软件有限公司,Python开发工程师,2025-11,是,2,数据采集爬虫系统,Python、MySQL、Redis、Django、爬虫、Docker、FastAPI、Git、Linux、Flask,10,MySQL数据库认证、阿里云ACP云计算认证,2,96,99,186,381
韦玲,女,18327732070,weiling229@126.com,wx_weiling_330,镇江,"期望岗位：Python开发工程师
期望城市：镇江
期望行业：互联网/信息技术/软件服务
期望薪资：6000-8000元",专科信息管理与信息系统专业应届毕业生，有0段Python开发工程师实习经验，掌握Django技术栈，参与过实习项目开发，具备良好的代码规范与团队协作意识，能够快速上手业务，期望正式入职发展。,"广东轻工职业技术学院 | 信息管理与信息系统 | 专科
毕业时间：2022年6月
核心课程：操作系统、Java程序设计、算法设计与分析、数据结构","【东软数据技术有限公司】 Python开发工程师（实习）
2018年3月 - 至今
    · 承担分配模块的编码、测试与优化工作，保障系统稳定运行
    · 负责公司Python开发工程师相关业务的开发与维护，参与需求评审","■ 自动化办公脚本
  项目目标：批量处理Excel表格数据
  个人职责：实现数据合并、格式转换、自动统计
  项目成果：提升人工效率80%

■ 简单爬虫脚本开发
  项目目标：爬取公开网站数据并入库
  个人职责：负责反爬处理、数据清洗、SQLite存储
  项目成果：日均采集数据1万条","专业技能：Python、爬虫、Celery、MySQL、Flask
相关证书：英语四级、华为HCIA认证",有实习经验，熟悉开发基本流程，具备基础的项目实践能力；学习能力强，能够快速上手新业务新技术；工作踏实，责任心强，善于沟通协作，能够高效完成分配的工作任务。,Python开发工程师,镇江,互联网/信息技术/软件服务,6000-8000元,否,6000,8000,广东轻工职业技术学院,信息管理与信息系统,专科,大专,2022-06,2022,操作系统、Java程序设计、算法设计与分析、数据结构,4,是,0,应届,1,否,东软数据技术有限公司,Python开发工程师（实习）,2018-03,是,2,自动化办公脚本,Python、爬虫、Celery、MySQL、Flask,5,英语四级、华为HCIA认证,2,95,77,147,113
谭艳,女,17797129102,tanyan1680@qq.com,15611604487,莆田,"期望岗位：运维工程师
期望城市：莆田
期望行业：互联网/信息技术/软件服务
期望薪资：4000-5500元",本科软件技术专业应届毕业生，掌握Zabbix、Nginx基础技能，完成过课程设计与毕业项目，具备基础代码编写能力与问题排查思路，学习能力强，做事认真踏实，期望从事运维工程师相关工作。,"福州大学 | 软件技术 | 本科
毕业时间：2022年6月
核心课程：Java程序设计、算法设计与分析、计算机网络、Python编程","【校园实践】
    · 参与学校计算机协会技术部，负责协会网站日常维护
    · 协助老师完成实验室设备管理与系统环境搭建
    · 参与班级课程设计小组，担任后端开发角色","■ 实验室服务器搭建实训
  项目目标：搭建实验室Linux服务器环境
  个人职责：负责系统安装、网络配置、基础服务部署
  项目成果：完成3台服务器环境搭建","专业技能：Ansible、Redis、Prometheus、MySQL、网络运维
相关证书：英语六级、PMP项目管理专业人士",应届毕业，具备扎实的专业基础知识与学习能力，能够快速掌握新技术；工作态度认真负责，有耐心，注重细节；具备良好的团队意识与沟通能力，能够积极配合团队完成任务；期望在工作中积累经验，快速成长。,运维工程师,莆田,互联网/信息技术/软件服务,4000-5500元,否,4000,5500,福州大学,软件技术,本科,本科,2022-06,2022,Java程序设计、算法设计与分析、计算机网络、Python编程,4,是,0,应届,1,是,校园实践,· 参与学校计算机协会技术部，负责协会网站日常维护,,否,1,实验室服务器搭建实训,Ansible、Redis、Prometheus、MySQL、网络运维,5,英语六级、PMP项目管理专业人士,2,91,94,80,89
唐明,男,15933839379,tangming7009@gmail.com,18031555318,莆田,"期望岗位：Python开发工程师
期望城市：莆田
期望行业：互联网/信息技术/软件服务
期望薪资：3500-5000元",专科电子信息工程专业应届毕业生，掌握Linux、Linux基础技能，完成过课程设计与毕业项目，具备基础代码编写能力与问题排查思路，学习能力强，做事认真踏实，期望从事Python开发工程师相关工作。,"福建信息职业技术学院 | 电子信息工程 | 专科
毕业时间：2022年6月
核心课程：Python编程、机器学习、算法设计与分析、操作系统","【校园实践】
    · 参与学校计算机协会技术部，负责协会网站日常维护
    · 协助老师完成实验室设备管理与系统环境搭建
    · 参与班级课程设计小组，担任后端开发角色","■ 简单爬虫脚本开发
  项目目标：爬取公开网站数据并入库
  个人职责：负责反爬处理、数据清洗、SQLite存储
  项目成果：日均采集数据1万条","专业技能：Python、Linux、FastAPI、爬虫
相关证书：计算机二级、软考中级",应届毕业，具备扎实的专业基础知识与学习能力，能够快速掌握新技术；工作态度认真负责，有耐心，注重细节；具备良好的团队意识与沟通能力，能够积极配合团队完成任务；期望在工作中积累经验，快速成长。,Python开发工程师,莆田,互联网/信息技术/软件服务,3500-5000元,否,3500,5000,福建信息职业技术学院,电子信息工程,专科,大专,2022-06,2022,Python编程、机器学习、算法设计与分析、操作系统,4,是,0,应届,1,是,校园实践,· 参与学校计算机协会技术部，负责协会网站日常维护,,否,1,简单爬虫脚本开发,Python、Linux、FastAPI、爬虫,4,计算机二级、软考中级,2,98,94,74,89
钟鑫,男,18721715883,zhongxin22@outlook.com,wx_zhongxin_990,黄山,"期望岗位：软件测试工程师
期望城市：黄山
期望行业：互联网/信息技术/软件服务
期望薪资：5000-5500元",本科计算机科学与技术专业应届毕业生，掌握性能测试、缺陷管理基础技能，完成过课程设计与毕业项目，具备基础代码编写能力与问题排查思路，学习能力强，做事认真踏实，期望从事软件测试工程师相关工作。,"东南大学 | 计算机科学与技术 | 本科
毕业时间：2022年6月
核心课程：算法设计与分析、操作系统、数据结构、机器学习","【校园实践】
    · 参与学校计算机协会技术部，负责协会网站日常维护
    · 协助老师完成实验室设备管理与系统环境搭建
    · 参与班级课程设计小组，担任后端开发角色","■ 学生管理系统功能测试
  项目目标：对课程设计系统进行功能测试与缺陷提交
  个人职责：设计测试用例，执行黑盒测试
  项目成果：发现并提交8个功能缺陷","专业技能：测试用例设计、Appium、性能测试、Selenium、功能测试、接口测试
相关证书：无",应届毕业，具备扎实的专业基础知识与学习能力，能够快速掌握新技术；工作态度认真负责，有耐心，注重细节；具备良好的团队意识与沟通能力，能够积极配合团队完成任务；期望在工作中积累经验，快速成长。,软件测试工程师,黄山,互联网/信息技术/软件服务,5000-5500元,否,5000,5500,东南大学,计算机科学与技术,本科,本科,2022-06,2022,算法设计与分析、操作系统、数据结构、机器学习,4,是,0,应届,1,是,校园实践,· 参与学校计算机协会技术部，负责协会网站日常维护,,否,1,学生管理系统功能测试,测试用例设计、Appium、性能测试、Selenium、功能测试、接口测试,6,无,0,94,94,78,89
傅艳,女,18741835604,fuyan7286@outlook.com,15355512299,宁波,"期望岗位：Java开发工程师
期望城市：宁波
期望行业：互联网/信息技术/软件服务
期望薪资：7000-10500元",3年Java开发工程师工作经验，精通Git、Java技术栈，参与过完整项目迭代，能够独立完成模块开发与问题排查，注重代码质量与开发效率，具备良好的沟通协作能力。,"闽南师范大学 | 通信工程 | 本科
毕业时间：2019年6月
核心课程：软件工程、操作系统、算法设计与分析、数据库原理","【金蝶网络科技有限公司】 Java开发工程师
2025年7月 - 至今
    · 对接产品、测试团队，跟进需求落地与缺陷修复
    · 承担分配模块的编码、测试与优化工作，保障系统稳定运行
    · 编写开发文档，沉淀技术规范，协助新人熟悉业务

【天擎信息技术有限公司】 Java开发工程师
2024年12月 - 2025年3月
    · 负责公司Java开发工程师相关业务的开发与维护，参与需求评审
    · 对接产品、测试团队，跟进需求落地与缺陷修复
    · 编写开发文档，沉淀技术规范，协助新人熟悉业务","■ 微服务用户中心重构
  项目目标：将单体用户系统拆分为微服务架构，提升并发承载能力
  个人职责：负责登录、注册、权限模块开发，优化数据库查询与缓存策略
  项目成果：支持并发量从500提升至5000，接口响应耗时减少60%

■ 电商订单交易系统
  项目目标：搭建高可用电商订单系统，支撑大促流量峰值
  个人职责：负责订单创建、支付回调、库存扣减核心逻辑开发
  项目成果：支撑日均订单量10万+，系统可用性达99.95%","专业技能：JVM调优、Git、Redis、Linux、SpringBoot、RabbitMQ
相关证书：阿里云ACP云计算认证、红帽RHCE认证、英语六级",拥有3年实际工作经验，技术功底扎实，熟悉完整开发流程；具备较强的问题解决能力，能够独立排查并解决常见技术问题；工作认真负责，注重团队协作，能够高效推进项目落地；持续学习，保持技术敏感度。,Java开发工程师,宁波,互联网/信息技术/软件服务,7000-10500元,否,7000,10500,闽南师范大学,通信工程,本科,本科,2019-06,2019,软件工程、操作系统、算法设计与分析、数据库原理,4,否,3,3年,2,否,金蝶网络科技有限公司,Java开发工程师,2025-07,是,2,微服务用户中心重构,JVM调优、Git、Redis、Linux、SpringBoot、RabbitMQ,6,阿里云ACP云计算认证、红帽RHCE认证、英语六级,3,80,93,216,262
黄鑫,男,15612261447,huangxin90@163.com,wx_huangxin_800,滁州,"期望岗位：后端开发工程师
期望城市：滁州
期望行业：互联网/信息技术/软件服务
期望薪资：25000-34000元",5年后端开发工程师资深经验，精通全链路技术架构，具备团队技术规划与方案设计能力，主导过多个大型项目重构与升级，在高并发/系统稳定性领域有深厚积累，能够带领团队攻克技术难题，驱动业务技术升级。,"中山大学 | 数学与应用数学 | 本科
毕业时间：2017年6月
核心课程：Java程序设计、软件工程、操作系统、数据结构","【字节跳动（厦门分公司）】 后端开发工程师
2025年6月 - 至今
    · 负责公司后端开发工程师相关业务的开发与维护，参与需求评审
    · 编写开发文档，沉淀技术规范，协助新人熟悉业务
    · 承担分配模块的编码、测试与优化工作，保障系统稳定运行

【智联数据技术有限公司】 后端开发工程师
2024年8月 - 2025年7月
    · 承担分配模块的编码、测试与优化工作，保障系统稳定运行
    · 编写开发文档，沉淀技术规范，协助新人熟悉业务
    · 对接产品、测试团队，跟进需求落地与缺陷修复

【数聚网络科技有限公司】 后端开发工程师
2023年2月 - 2024年9月
    · 负责公司后端开发工程师相关业务的开发与维护，参与需求评审
    · 承担分配模块的编码、测试与优化工作，保障系统稳定运行
    · 编写开发文档，沉淀技术规范，协助新人熟悉业务","■ 内容管理系统后端
  项目目标：搭建CMS系统后端服务，支持多站点内容发布
  个人职责：负责文章、栏目、权限模块接口开发，设计数据库表结构
  项目成果：支撑8个站点同时运营，内容发布效率提升3倍

■ 即时通讯服务开发
  项目目标：实现企业内部IM系统后端消息推送与存储
  个人职责：负责消息队列、离线消息、会话管理模块开发
  项目成果：支持万人同时在线，消息送达延迟低于100ms","专业技能：Java、Gin、K8s、Docker、MySQL、Go、Redis、PostgreSQL、SpringBoot
相关证书：无",拥有5年行业经验，技术视野开阔，具备方案设计与项目把控能力；逻辑清晰，善于定位并解决复杂技术问题；具备良好的团队管理与跨部门沟通能力，能够推动技术优化与业务落地；责任心强，追求技术与业务的平衡发展。,后端开发工程师,滁州,互联网/信息技术/软件服务,25000-34000元,否,25000,34000,中山大学,数学与应用数学,本科,本科,2017-06,2017,Java程序设计、软件工程、操作系统、数据结构,4,否,5,5年,3,否,字节跳动（厦门分公司）,后端开发工程师,2025-06,是,2,内容管理系统后端,Java、Gin、K8s、Docker、MySQL、Go、Redis、PostgreSQL、SpringBoot,9,无,0,95,99,198,398
汪敏,女,18140143349,wangmin29@gmail.com,wx_wangmin_830,无锡,"期望岗位：Java开发工程师
期望城市：无锡
期望行业：互联网/信息技术/软件服务
期望薪资：32500-33500元",8年Java开发工程师资深经验，精通全链路技术架构，具备团队技术规划与方案设计能力，主导过多个大型项目重构与升级，在高并发/系统稳定性领域有深厚积累，能够带领团队攻克技术难题，驱动业务技术升级。,"泉州师范学院 | 计算机科学与技术 | 本科
毕业时间：2014年6月
核心课程：计算机网络、数据库原理、软件工程、机器学习","【汇智互联网科技有限公司】 Java开发工程师
2024年3月 - 至今
    · 负责公司Java开发工程师相关业务的开发与维护，参与需求评审
    · 编写开发文档，沉淀技术规范，协助新人熟悉业务
    · 承担分配模块的编码、测试与优化工作，保障系统稳定运行

【合众软件有限公司】 Java开发工程师
2022年8月 - 2024年3月
    · 对接产品、测试团队，跟进需求落地与缺陷修复
    · 承担分配模块的编码、测试与优化工作，保障系统稳定运行
    · 编写开发文档，沉淀技术规范，协助新人熟悉业务

【智联数据技术有限公司】 Java开发工程师
2020年11月 - 2022年12月
    · 编写开发文档，沉淀技术规范，协助新人熟悉业务
    · 对接产品、测试团队，跟进需求落地与缺陷修复","■ 电商订单交易系统
  项目目标：搭建高可用电商订单系统，支撑大促流量峰值
  个人职责：负责订单创建、支付回调、库存扣减核心逻辑开发
  项目成果：支撑日均订单量10万+，系统可用性达99.95%

■ 微服务用户中心重构
  项目目标：将单体用户系统拆分为微服务架构，提升并发承载能力
  个人职责：负责登录、注册、权限模块开发，优化数据库查询与缓存策略
  项目成果：支持并发量从500提升至5000，接口响应耗时减少60%","专业技能：Linux、MyBatis、MySQL、Java、JVM调优、SpringCloud、RabbitMQ、SpringBoot、Git、Redis
相关证书：红帽RHCE认证、计算机二级、软考中级",拥有8年行业经验，技术视野开阔，具备方案设计与项目把控能力；逻辑清晰，善于定位并解决复杂技术问题；具备良好的团队管理与跨部门沟通能力，能够推动技术优化与业务落地；责任心强，追求技术与业务的平衡发展。,Java开发工程师,无锡,互联网/信息技术/软件服务,32500-33500元,否,32500,33500,泉州师范学院,计算机科学与技术,本科,本科,2014-06,2014,计算机网络、数据库原理、软件工程、机器学习,4,否,8,8年,3,否,汇智互联网科技有限公司,Java开发工程师,2024-03,是,2,电商订单交易系统,Linux、MyBatis、MySQL、Java、JVM调优、SpringCloud、RabbitMQ、SpringBoot、Git、Redis,10,红帽RHCE认证、计算机二级、软考中级,3,97,99,216,366
汤梦瑶,女,15606278075,tangmengyao77@qq.com,18897198158,安庆,"期望岗位：Python开发工程师
期望城市：安庆
期望行业：互联网/信息技术/软件服务
期望薪资：4000-6000元",本科电子信息工程专业应届毕业生，有0段Python开发工程师实习经验，掌握Celery技术栈，参与过实习项目开发，具备良好的代码规范与团队协作意识，能够快速上手业务，期望正式入职发展。,"东莞理工学院 | 电子信息工程 | 本科
毕业时间：2022年6月
核心课程：数字信号处理、计算机网络、算法设计与分析、Python编程","【华为（东莞研究所）】 Python开发工程师（实习）
2019年2月 - 至今
    · 负责公司Python开发工程师相关业务的开发与维护，参与需求评审
    · 承担分配模块的编码、测试与优化工作，保障系统稳定运行
    · 编写开发文档，沉淀技术规范，协助新人熟悉业务","■ 自动化办公脚本
  项目目标：批量处理Excel表格数据
  个人职责：实现数据合并、格式转换、自动统计
  项目成果：提升人工效率80%

■ 简单爬虫脚本开发
  项目目标：爬取公开网站数据并入库
  个人职责：负责反爬处理、数据清洗、SQLite存储
  项目成果：日均采集数据1万条","专业技能：Celery、Flask、Linux、FastAPI、Django、Python、MongoDB
相关证书：系统架构设计师",有实习经验，熟悉开发基本流程，具备基础的项目实践能力；学习能力强，能够快速上手新业务新技术；工作踏实，责任心强，善于沟通协作，能够高效完成分配的工作任务。,Python开发工程师,安庆,互联网/信息技术/软件服务,4000-6000元,否,4000,6000,东莞理工学院,电子信息工程,本科,本科,2022-06,2022,数字信号处理、计算机网络、算法设计与分析、Python编程,4,是,0,应届,1,否,华为（东莞研究所）,Python开发工程师（实习）,2019-02,是,2,自动化办公脚本,Celery、Flask、Linux、FastAPI、Django、Python、MongoDB,7,系统架构设计师,1,92,77,147,141
莫雯,女,15108766027,mowen78@qq.com,15515683614,南通,"期望岗位：前端开发工程师
期望城市：南通
期望行业：互联网/信息技术/软件服务
期望薪资：面议",5年前端开发工程师从业经验，精通JavaScript技术架构，主导过中型项目从0到1落地，擅长技术方案设计与性能优化，曾推动核心模块技术重构，带来显著效率提升，具备跨部门协作与项目推进能力。,"厦门大学 | 计算机应用技术 | 本科
毕业时间：2017年6月
核心课程：数据结构、Python编程、Java程序设计、算法设计与分析","【恒信互联网科技有限公司】 前端开发工程师
2025年11月 - 至今
    · 对接产品、测试团队，跟进需求落地与缺陷修复
    · 负责公司前端开发工程师相关业务的开发与维护，参与需求评审

【科创数据技术有限公司】 前端开发工程师
2024年7月 - 2025年6月
    · 负责公司前端开发工程师相关业务的开发与维护，参与需求评审
    · 承担分配模块的编码、测试与优化工作，保障系统稳定运行

【合众数据技术有限公司】 前端开发工程师
2023年11月 - 2024年11月
    · 编写开发文档，沉淀技术规范，协助新人熟悉业务
    · 对接产品、测试团队，跟进需求落地与缺陷修复
    · 负责公司前端开发工程师相关业务的开发与维护，参与需求评审","■ 电商平台前端重构
  项目目标：升级旧版电商系统前端架构，提升用户体验与加载速度
  个人职责：负责商品详情页、购物车模块开发，组件化封装公共组件
  项目成果：首屏加载时间从3.2s降至1.8s，页面转化率提升12%

■ 企业后台管理系统
  项目目标：搭建企业运营管理后台，实现业务数据可视化
  个人职责：负责权限管理、数据报表模块开发，对接后端接口联调
  项目成果：覆盖12个业务部门，运营效率提升40%","专业技能：Vite、TypeScript、Vue、Element UI、移动端适配、Webpack、React、Ant Design、JavaScript、Axios
相关证书：无",拥有5年行业经验，技术视野开阔，具备方案设计与项目把控能力；逻辑清晰，善于定位并解决复杂技术问题；具备良好的团队管理与跨部门沟通能力，能够推动技术优化与业务落地；责任心强，追求技术与业务的平衡发展。,前端开发工程师,南通,互联网/信息技术/软件服务,面议,是,,,厦门大学,计算机应用技术,本科,本科,2017-06,2017,数据结构、Python编程、Java程序设计、算法设计与分析,4,否,5,5年,3,否,恒信互联网科技有限公司,前端开发工程师,2025-11,是,2,电商平台前端重构,Vite、TypeScript、Vue、Element UI、移动端适配、Webpack、React、Ant Design、JavaScript、Axios,10,无,0,95,99,210,340
黎强,男,18093506140,liqiang74@gmail.com,13449610219,漳州,"期望岗位：运维工程师
期望城市：漳州
期望行业：互联网/信息技术/软件服务
期望薪资：7500-8000元",本科计算机应用技术专业应届毕业生，有0段运维工程师实习经验，掌握Ansible技术栈，参与过实习项目开发，具备良好的代码规范与团队协作意识，能够快速上手业务，期望正式入职发展。,"佛山科学技术学院 | 计算机应用技术 | 本科
毕业时间：2022年6月
核心课程：算法设计与分析、Python编程、数据库原理、数字信号处理","【博思软件有限公司】 运维工程师（实习）
2022年1月 - 至今
    · 负责公司运维工程师相关业务的开发与维护，参与需求评审
    · 对接产品、测试团队，跟进需求落地与缺陷修复
    · 编写开发文档，沉淀技术规范，协助新人熟悉业务","■ 实验室服务器搭建实训
  项目目标：搭建实验室Linux服务器环境
  个人职责：负责系统安装、网络配置、基础服务部署
  项目成果：完成3台服务器环境搭建

■ 简单监控脚本开发
  项目目标：编写服务器状态监控脚本
  个人职责：实现CPU、内存、磁盘使用率自动采集
  项目成果：支持异常邮件告警","专业技能：Docker、网络运维、Prometheus、Nginx、Zabbix、Shell
相关证书：英语四级",有实习经验，熟悉开发基本流程，具备基础的项目实践能力；学习能力强，能够快速上手新业务新技术；工作踏实，责任心强，善于沟通协作，能够高效完成分配的工作任务。,运维工程师,漳州,互联网/信息技术/软件服务,7500-8000元,否,7500,8000,佛山科学技术学院,计算机应用技术,本科,本科,2022-06,2022,算法设计与分析、Python编程、数据库原理、数字信号处理,4,是,0,应届,1,否,博思软件有限公司,运维工程师（实习）,2022-01,是,2,实验室服务器搭建实训,Docker、网络运维、Prometheus、Nginx、Zabbix、Shell,6,英语四级,1,88,77,153,123
吕娟,女,18013881044,lvjuan3610@163.com,18080008728,安庆,"期望岗位：数据分析师
期望城市：安庆
期望行业：互联网/信息技术/软件服务
期望薪资：18000-20000元",5年数据分析师从业经验，精通NumPy技术架构，主导过中型项目从0到1落地，擅长技术方案设计与性能优化，曾推动核心模块技术重构，带来显著效率提升，具备跨部门协作与项目推进能力。,"中山大学 | 软件工程 | 本科
毕业时间：2017年6月
核心课程：Python编程、数据结构、计算机网络、算法设计与分析","【网易（杭州）】 数据分析师
2025年11月 - 至今
    · 负责公司数据分析师相关业务的开发与维护，参与需求评审
    · 编写开发文档，沉淀技术规范，协助新人熟悉业务
    · 对接产品、测试团队，跟进需求落地与缺陷修复

【中软信息技术有限公司】 数据分析师
2024年9月 - 2025年8月
    · 负责公司数据分析师相关业务的开发与维护，参与需求评审
    · 编写开发文档，沉淀技术规范，协助新人熟悉业务
    · 承担分配模块的编码、测试与优化工作，保障系统稳定运行

【微远科技有限公司】 数据分析师
2023年10月 - 2024年8月
    · 承担分配模块的编码、测试与优化工作，保障系统稳定运行
    · 负责公司数据分析师相关业务的开发与维护，参与需求评审
    · 对接产品、测试团队，跟进需求落地与缺陷修复","■ 用户行为分析看板
  项目目标：构建用户行为数据体系，支撑运营决策
  个人职责：负责数据清洗、指标体系搭建，输出可视化运营报表
  项目成果：输出15+核心运营指标，支撑每月3次运营优化，用户留存率提升8%

■ 销售数据预测建模
  项目目标：基于历史数据预测销量，指导库存与备货
  个人职责：数据预处理，构建时间序列预测模型，输出月度预测报告
  项目成果：预测准确率达89%，库存周转效率提升25%","专业技能：NumPy、Python、MySQL、用户分析、Tableau、Power BI
相关证书：软件设计师（中级）",拥有5年行业经验，技术视野开阔，具备方案设计与项目把控能力；逻辑清晰，善于定位并解决复杂技术问题；具备良好的团队管理与跨部门沟通能力，能够推动技术优化与业务落地；责任心强，追求技术与业务的平衡发展。,数据分析师,安庆,互联网/信息技术/软件服务,18000-20000元,否,18000,20000,中山大学,软件工程,本科,本科,2017-06,2017,Python编程、数据结构、计算机网络、算法设计与分析,4,否,5,5年,3,否,网易（杭州）,数据分析师,2025-11,是,2,用户行为分析看板,NumPy、Python、MySQL、用户分析、Tableau、Power BI,6,软件设计师（中级）,1,88,99,206,382
谢子轩,男,15026195425,xie子xuan80@gmail.com,wx_xie子xuan_111,镇江,"期望岗位：数据分析师
期望城市：镇江
期望行业：互联网/信息技术/软件服务
期望薪资：9000-11000元",2年数据分析师工作经验，精通Hive、用户分析技术栈，参与过完整项目迭代，能够独立完成模块开发与问题排查，注重代码质量与开发效率，具备良好的沟通协作能力。,"泉州经贸职业技术学院 | 信息管理与信息系统 | 专科
毕业时间：2020年6月
核心课程：软件工程、操作系统、数字信号处理、Python编程","【锐捷科技有限公司】 数据分析师
2025年7月 - 至今
    · 对接产品、测试团队，跟进需求落地与缺陷修复
    · 编写开发文档，沉淀技术规范，协助新人熟悉业务
    · 承担分配模块的编码、测试与优化工作，保障系统稳定运行

【天擎科技有限公司】 数据分析师
2024年11月 - 2025年7月
    · 负责公司数据分析师相关业务的开发与维护，参与需求评审
    · 编写开发文档，沉淀技术规范，协助新人熟悉业务","■ 销售数据预测建模
  项目目标：基于历史数据预测销量，指导库存与备货
  个人职责：数据预处理，构建时间序列预测模型，输出月度预测报告
  项目成果：预测准确率达89%，库存周转效率提升25%

■ 用户行为分析看板
  项目目标：构建用户行为数据体系，支撑运营决策
  个人职责：负责数据清洗、指标体系搭建，输出可视化运营报表
  项目成果：输出15+核心运营指标，支撑每月3次运营优化，用户留存率提升8%","专业技能：用户分析、NumPy、数据可视化、SQL、MySQL、Hive、Python、Excel、统计学、Tableau
相关证书：无",拥有2年实际工作经验，技术功底扎实，熟悉完整开发流程；具备较强的问题解决能力，能够独立排查并解决常见技术问题；工作认真负责，注重团队协作，能够高效推进项目落地；持续学习，保持技术敏感度。,数据分析师,镇江,互联网/信息技术/软件服务,9000-11000元,否,9000,11000,泉州经贸职业技术学院,信息管理与信息系统,专科,大专,2020-06,2020,软件工程、操作系统、数字信号处理、Python编程,4,否,2,2年,2,否,锐捷科技有限公司,数据分析师,2025-07,是,2,销售数据预测建模,用户分析、NumPy、数据可视化、SQL、MySQL、Hive、Python、Excel、统计学、Tableau,10,无,0,77,93,206,218
武玲,女,13206202765,wuling9288@gmail.com,15726441542,徐州,"期望岗位：Java开发工程师
期望城市：徐州
期望行业：互联网/信息技术/软件服务
期望薪资：4500-5500元",本科网络工程专业应届毕业生，掌握RabbitMQ、微服务基础技能，完成过课程设计与毕业项目，具备基础代码编写能力与问题排查思路，学习能力强，做事认真踏实，期望从事Java开发工程师相关工作。,"福州大学 | 网络工程 | 本科
毕业时间：2022年6月
核心课程：操作系统、算法设计与分析、Java程序设计、软件工程","【校园实践】
    · 参与学校计算机协会技术部，负责协会网站日常维护
    · 协助老师完成实验室设备管理与系统环境搭建
    · 参与班级课程设计小组，担任后端开发角色","■ 校园二手交易平台（毕设）
  项目目标：搭建校园闲置物品发布与交易平台
  个人职责：负责用户模块、商品发布模块开发
  项目成果：完成系统原型，获得良好成绩","专业技能：MyBatis、JVM调优、Java、Docker、SpringBoot、SpringCloud、微服务
相关证书：英语四级",应届毕业，具备扎实的专业基础知识与学习能力，能够快速掌握新技术；工作态度认真负责，有耐心，注重细节；具备良好的团队意识与沟通能力，能够积极配合团队完成任务；期望在工作中积累经验，快速成长。,Java开发工程师,徐州,互联网/信息技术/软件服务,4500-5500元,否,4500,5500,福州大学,网络工程,本科,本科,2022-06,2022,操作系统、算法设计与分析、Java程序设计、软件工程,4,是,0,应届,1,是,校园实践,· 参与学校计算机协会技术部，负责协会网站日常维护,,否,1,校园二手交易平台（毕设）,MyBatis、JVM调优、Java、Docker、SpringBoot、SpringCloud、微服务,7,英语四级,1,95,94,81,89
吕雨桐,女,13521610251,lv雨tong98@outlook.com,wx_lv雨tong_481,龙岩,"期望岗位：数据分析师
期望城市：龙岩
期望行业：互联网/信息技术/软件服务
期望薪资：27500-33500元",8年数据分析师资深经验，精通全链路技术架构，具备团队技术规划与方案设计能力，主导过多个大型项目重构与升级，在高并发/系统稳定性领域有深厚积累，能够带领团队攻克技术难题，驱动业务技术升级。,"福建农林大学 | 数学与应用数学 | 本科
毕业时间：2014年6月
核心课程：数字信号处理、机器学习、计算机网络、数据库原理","【字节跳动（厦门分公司）】 数据分析师
2024年4月 - 至今
    · 对接产品、测试团队，跟进需求落地与缺陷修复
    · 承担分配模块的编码、测试与优化工作，保障系统稳定运行

【博思信息技术有限公司】 数据分析师
2022年6月 - 2024年2月
    · 负责公司数据分析师相关业务的开发与维护，参与需求评审
    · 承担分配模块的编码、测试与优化工作，保障系统稳定运行

【未来互联网科技有限公司】 数据分析师
2020年8月 - 2022年4月
    · 编写开发文档，沉淀技术规范，协助新人熟悉业务
    · 负责公司数据分析师相关业务的开发与维护，参与需求评审
    · 承担分配模块的编码、测试与优化工作，保障系统稳定运行","■ 用户行为分析看板
  项目目标：构建用户行为数据体系，支撑运营决策
  个人职责：负责数据清洗、指标体系搭建，输出可视化运营报表
  项目成果：输出15+核心运营指标，支撑每月3次运营优化，用户留存率提升8%

■ 销售数据预测建模
  项目目标：基于历史数据预测销量，指导库存与备货
  个人职责：数据预处理，构建时间序列预测模型，输出月度预测报告
  项目成果：预测准确率达89%，库存周转效率提升25%","专业技能：数据可视化、Power BI、Excel、用户分析、NumPy、Tableau、Python
相关证书：华为HCIA认证",拥有8年行业经验，技术视野开阔，具备方案设计与项目把控能力；逻辑清晰，善于定位并解决复杂技术问题；具备良好的团队管理与跨部门沟通能力，能够推动技术优化与业务落地；责任心强，追求技术与业务的平衡发展。,数据分析师,龙岩,互联网/信息技术/软件服务,27500-33500元,否,27500,33500,福建农林大学,数学与应用数学,本科,本科,2014-06,2014,数字信号处理、机器学习、计算机网络、数据库原理,4,否,8,8年,3,否,字节跳动（厦门分公司）,数据分析师,2024-04,是,2,用户行为分析看板,数据可视化、Power BI、Excel、用户分析、NumPy、Tableau、Python,7,华为HCIA认证,1,93,99,206,331
刘俊熙,男,18874508521,liujunxi04@163.com,18927775255,漳州,"期望岗位：前端开发工程师
期望城市：漳州
期望行业：互联网/信息技术/软件服务
期望薪资：6500-7000元",本科计算机科学与技术专业应届毕业生，有0段前端开发工程师实习经验，掌握JavaScript技术栈，参与过实习项目开发，具备良好的代码规范与团队协作意识，能够快速上手业务，期望正式入职发展。,"福建农林大学 | 计算机科学与技术 | 本科
毕业时间：2022年6月
核心课程：操作系统、数据库原理、计算机网络、Java程序设计","【未来数据技术有限公司】 前端开发工程师（实习）
2023年7月 - 至今
    · 对接产品、测试团队，跟进需求落地与缺陷修复
    · 编写开发文档，沉淀技术规范，协助新人熟悉业务
    · 承担分配模块的编码、测试与优化工作，保障系统稳定运行","■ 个人博客系统（课程作业）
  项目目标：开发个人博客前端页面，实现文章展示与评论
  个人职责：负责页面布局、交互效果、接口联调
  项目成果：完成响应式页面，兼容多浏览器

■ 校园社团官网（实训项目）
  项目目标：为学校社团开发官方展示网站
  个人职责：负责首页、新闻页、成员页开发
  项目成果：上线后访问量累计5000+","专业技能：HTML5、Vue、Element UI、移动端适配、TypeScript、Vite、Ant Design
相关证书：红帽RHCE认证",有实习经验，熟悉开发基本流程，具备基础的项目实践能力；学习能力强，能够快速上手新业务新技术；工作踏实，责任心强，善于沟通协作，能够高效完成分配的工作任务。,前端开发工程师,漳州,互联网/信息技术/软件服务,6500-7000元,否,6500,7000,福建农林大学,计算机科学与技术,本科,本科,2022-06,2022,操作系统、数据库原理、计算机网络、Java程序设计,4,是,0,应届,1,否,未来数据技术有限公司,前端开发工程师（实习）,2023-07,是,2,个人博客系统（课程作业）,HTML5、Vue、Element UI、移动端适配、TypeScript、Vite、Ant Design,7,红帽RHCE认证,1,94,77,168,127
吴瑶,女,13386246934,wuyao548@qq.com,wx_wuyao_611,无锡,"期望岗位：前端开发工程师
期望城市：无锡
期望行业：互联网/信息技术/软件服务
期望薪资：6000-10000元",1年前端开发工程师工作经验，精通Vite、JavaScript技术栈，参与过完整项目迭代，能够独立完成模块开发与问题排查，注重代码质量与开发效率，具备良好的沟通协作能力。,"泉州经贸职业技术学院 | 软件技术 | 专科
毕业时间：2021年6月
核心课程：算法设计与分析、数据库原理、Python编程、软件工程","【金蝶科技有限公司】 前端开发工程师
2025年5月 - 至今
    · 承担分配模块的编码、测试与优化工作，保障系统稳定运行
    · 对接产品、测试团队，跟进需求落地与缺陷修复","■ 电商平台前端重构
  项目目标：升级旧版电商系统前端架构，提升用户体验与加载速度
  个人职责：负责商品详情页、购物车模块开发，组件化封装公共组件
  项目成果：首屏加载时间从3.2s降至1.8s，页面转化率提升12%

■ 企业后台管理系统
  项目目标：搭建企业运营管理后台，实现业务数据可视化
  个人职责：负责权限管理、数据报表模块开发，对接后端接口联调
  项目成果：覆盖12个业务部门，运营效率提升40%","专业技能：JavaScript、Vite、TypeScript、Axios、Webpack、Element UI、HTML5
相关证书：计算机二级、红帽RHCE认证",拥有1年实际工作经验，技术功底扎实，熟悉完整开发流程；具备较强的问题解决能力，能够独立排查并解决常见技术问题；工作认真负责，注重团队协作，能够高效推进项目落地；持续学习，保持技术敏感度。,前端开发工程师,无锡,互联网/信息技术/软件服务,6000-10000元,否,6000,10000,泉州经贸职业技术学院,软件技术,专科,大专,2021-06,2021,算法设计与分析、数据库原理、Python编程、软件工程,4,否,1,1年,1,否,金蝶科技有限公司,前端开发工程师,2025-05,是,2,电商平台前端重构,JavaScript、Vite、TypeScript、Axios、Webpack、Element UI、HTML5,7,计算机二级、红帽RHCE认证,2,85,93,210,92
万艳,女,18522225137,wanyan82@126.com,wx_wanyan_300,苏州,"期望岗位：后端开发工程师
期望城市：苏州
期望行业：互联网/信息技术/软件服务
期望薪资：3500-4000元",专科软件技术专业应届毕业生，掌握MySQL、Docker基础技能，完成过课程设计与毕业项目，具备基础代码编写能力与问题排查思路，学习能力强，做事认真踏实，期望从事后端开发工程师相关工作。,"苏州职业大学 | 软件技术 | 专科
毕业时间：2022年6月
核心课程：操作系统、Python编程、计算机网络、数据结构","【校园实践】
    · 参与学校计算机协会技术部，负责协会网站日常维护
    · 协助老师完成实验室设备管理与系统环境搭建
    · 参与班级课程设计小组，担任后端开发角色","■ 图书管理系统后端
  项目目标：实现图书借阅、归还、用户管理功能
  个人职责：负责接口开发与数据库表结构设计
  项目成果：完成核心功能，支持1000条数据量","专业技能：MySQL、Redis、K8s、SpringBoot、Docker、微服务、Python
相关证书：红帽RHCE认证",应届毕业，具备扎实的专业基础知识与学习能力，能够快速掌握新技术；工作态度认真负责，有耐心，注重细节；具备良好的团队意识与沟通能力，能够积极配合团队完成任务；期望在工作中积累经验，快速成长。,后端开发工程师,苏州,互联网/信息技术/软件服务,3500-4000元,否,3500,4000,苏州职业大学,软件技术,专科,大专,2022-06,2022,操作系统、Python编程、计算机网络、数据结构,4,是,0,应届,1,是,校园实践,· 参与学校计算机协会技术部，负责协会网站日常维护,,否,1,图书管理系统后端,MySQL、Redis、K8s、SpringBoot、Docker、微服务、Python,7,红帽RHCE认证,1,93,94,82,89
郭浩然,男,13858759524,guohaoran908@gmail.com,wx_guohaoran_961,漳州,"期望岗位：数据分析师
期望城市：漳州
期望行业：互联网/信息技术/软件服务
期望薪资：5000-6000元",专科计算机科学与技术专业应届毕业生，掌握NumPy、统计学基础技能，完成过课程设计与毕业项目，具备基础代码编写能力与问题排查思路，学习能力强，做事认真踏实，期望从事数据分析师相关工作。,"厦门海洋职业技术学院 | 计算机科学与技术 | 专科
毕业时间：2022年6月
核心课程：计算机网络、软件工程、Python编程、机器学习","【校园实践】
    · 参与学校计算机协会技术部，负责协会网站日常维护
    · 协助老师完成实验室设备管理与系统环境搭建
    · 参与班级课程设计小组，担任后端开发角色","■ 电商公开数据爬取分析
  项目目标：采集公开电商商品数据并分析
  个人职责：数据爬取、清洗、价格销量分析
  项目成果：输出可视化分析图表","专业技能：Excel、Pandas、统计学、SQL、Power BI、用户分析
相关证书：计算机一级、英语四级",应届毕业，具备扎实的专业基础知识与学习能力，能够快速掌握新技术；工作态度认真负责，有耐心，注重细节；具备良好的团队意识与沟通能力，能够积极配合团队完成任务；期望在工作中积累经验，快速成长。,数据分析师,漳州,互联网/信息技术/软件服务,5000-6000元,否,5000,6000,厦门海洋职业技术学院,计算机科学与技术,专科,大专,2022-06,2022,计算机网络、软件工程、Python编程、机器学习,4,是,0,应届,1,是,校园实践,· 参与学校计算机协会技术部，负责协会网站日常维护,,否,1,电商公开数据爬取分析,Excel、Pandas、统计学、SQL、Power BI、用户分析,6,计算机一级、英语四级,2,92,94,72,89
何皓,男,15151623465,hehao5858@outlook.com,wx_hehao_860,徐州,"期望岗位：Python开发工程师
期望城市：徐州
期望行业：互联网/信息技术/软件服务
期望薪资：6500-7000元",本科信息管理与信息系统专业应届毕业生，有0段Python开发工程师实习经验，掌握Python技术栈，参与过实习项目开发，具备良好的代码规范与团队协作意识，能够快速上手业务，期望正式入职发展。,"福建师范大学 | 信息管理与信息系统 | 本科
毕业时间：2022年6月
核心课程：Java程序设计、算法设计与分析、操作系统、计算机网络","【金蝶软件有限公司】 Python开发工程师（实习）
2019年9月 - 至今
    · 对接产品、测试团队，跟进需求落地与缺陷修复
    · 编写开发文档，沉淀技术规范，协助新人熟悉业务","■ 自动化办公脚本
  项目目标：批量处理Excel表格数据
  个人职责：实现数据合并、格式转换、自动统计
  项目成果：提升人工效率80%

■ 简单爬虫脚本开发
  项目目标：爬取公开网站数据并入库
  个人职责：负责反爬处理、数据清洗、SQLite存储
  项目成果：日均采集数据1万条","专业技能：Git、Docker、Redis、Python、Flask、FastAPI
相关证书：英语四级、英语六级、计算机一级",有实习经验，熟悉开发基本流程，具备基础的项目实践能力；学习能力强，能够快速上手新业务新技术；工作踏实，责任心强，善于沟通协作，能够高效完成分配的工作任务。,Python开发工程师,徐州,互联网/信息技术/软件服务,6500-7000元,否,6500,7000,福建师范大学,信息管理与信息系统,本科,本科,2022-06,2022,Java程序设计、算法设计与分析、操作系统、计算机网络,4,是,0,应届,1,否,金蝶软件有限公司,Python开发工程师（实习）,2019-09,是,2,自动化办公脚本,Git、Docker、Redis、Python、Flask、FastAPI,6,英语四级、英语六级、计算机一级,3,95,77,147,96
姚华,男,13720380025,yaohua52@outlook.com,wx_yaohua_793,马鞍山,"期望岗位：运维工程师
期望城市：马鞍山
期望行业：互联网/信息技术/软件服务
期望薪资：11500-15500元",5年运维工程师从业经验，精通Zabbix技术架构，主导过中型项目从0到1落地，擅长技术方案设计与性能优化，曾推动核心模块技术重构，带来显著效率提升，具备跨部门协作与项目推进能力。,"福建农林大学 | 通信工程 | 本科
毕业时间：2017年6月
核心课程：Python编程、软件工程、操作系统、Java程序设计","【云创互联网科技有限公司】 运维工程师
2025年8月 - 至今
    · 承担分配模块的编码、测试与优化工作，保障系统稳定运行
    · 对接产品、测试团队，跟进需求落地与缺陷修复
    · 编写开发文档，沉淀技术规范，协助新人熟悉业务

【新科互联网科技有限公司】 运维工程师
2024年6月 - 2025年7月
    · 对接产品、测试团队，跟进需求落地与缺陷修复
    · 编写开发文档，沉淀技术规范，协助新人熟悉业务
    · 负责公司运维工程师相关业务的开发与维护，参与需求评审

【恒信信息技术有限公司】 运维工程师
2023年10月 - 2024年11月
    · 负责公司运维工程师相关业务的开发与维护，参与需求评审
    · 承担分配模块的编码、测试与优化工作，保障系统稳定运行","■ 服务器集群运维优化
  项目目标：提升服务器集群稳定性，降低故障发生率
  个人职责：负责日常巡检、故障排查，优化监控告警规则与分级策略
  项目成果：服务器故障率下降60%，平均故障响应时间缩短至15分钟

■ CI/CD自动化流水线
  项目目标：实现代码自动化构建、测试、部署，提升发布效率
  个人职责：基于Jenkins搭建持续集成流水线，配置Docker容器化部署
  项目成果：发布周期从每周1次提升至每天3次，部署失误率降为0","专业技能：网络运维、Zabbix、Ansible、MySQL、Jenkins、Redis、Linux、Kubernetes、Shell
相关证书：红帽RHCE认证、计算机二级",拥有5年行业经验，技术视野开阔，具备方案设计与项目把控能力；逻辑清晰，善于定位并解决复杂技术问题；具备良好的团队管理与跨部门沟通能力，能够推动技术优化与业务落地；责任心强，追求技术与业务的平衡发展。,运维工程师,马鞍山,互联网/信息技术/软件服务,11500-15500元,否,11500,15500,福建农林大学,通信工程,本科,本科,2017-06,2017,Python编程、软件工程、操作系统、Java程序设计,4,否,5,5年,3,否,云创互联网科技有限公司,运维工程师,2025-08,是,2,服务器集群运维优化,网络运维、Zabbix、Ansible、MySQL、Jenkins、Redis、Linux、Kubernetes、Shell,9,红帽RHCE认证、计算机二级,2,89,99,223,357
梁萍,女,18028637653,liangping838@qq.com,wx_liangping_350,扬州,"期望岗位：软件测试工程师
期望城市：扬州
期望行业：互联网/信息技术/软件服务
期望薪资：5500-6000元",本科电子信息工程专业应届毕业生，掌握性能测试、MySQL基础技能，完成过课程设计与毕业项目，具备基础代码编写能力与问题排查思路，学习能力强，做事认真踏实，期望从事软件测试工程师相关工作。,"苏州科技大学 | 电子信息工程 | 本科
毕业时间：2022年6月
核心课程：Python编程、软件工程、计算机网络、机器学习","【校园实践】
    · 参与学校计算机协会技术部，负责协会网站日常维护
    · 协助老师完成实验室设备管理与系统环境搭建
    · 参与班级课程设计小组，担任后端开发角色","■ 网页兼容性测试实训
  项目目标：对多个网站进行浏览器兼容测试
  个人职责：制定测试方案，输出测试报告
  项目成果：覆盖5款主流浏览器","专业技能：TestNG、接口测试、JMeter、功能测试、缺陷管理、Appium、测试用例设计
相关证书：计算机一级、系统架构设计师",应届毕业，具备扎实的专业基础知识与学习能力，能够快速掌握新技术；工作态度认真负责，有耐心，注重细节；具备良好的团队意识与沟通能力，能够积极配合团队完成任务；期望在工作中积累经验，快速成长。,软件测试工程师,扬州,互联网/信息技术/软件服务,5500-6000元,否,5500,6000,苏州科技大学,电子信息工程,本科,本科,2022-06,2022,Python编程、软件工程、计算机网络、机器学习,4,是,0,应届,1,是,校园实践,· 参与学校计算机协会技术部，负责协会网站日常维护,,否,1,网页兼容性测试实训,TestNG、接口测试、JMeter、功能测试、缺陷管理、Appium、测试用例设计,7,计算机一级、系统架构设计师,2,93,94,71,89
孟娜,女,18870587621,mengna539@gmail.com,13413845207,三明,"期望岗位：软件测试工程师
期望城市：三明
期望行业：互联网/信息技术/软件服务
期望薪资：4000-5000元",本科电子信息工程专业应届毕业生，掌握JMeter、Selenium基础技能，完成过课程设计与毕业项目，具备基础代码编写能力与问题排查思路，学习能力强，做事认真踏实，期望从事软件测试工程师相关工作。,"佛山科学技术学院 | 电子信息工程 | 本科
毕业时间：2022年6月
核心课程：数据结构、Java程序设计、机器学习、算法设计与分析","【校园实践】
    · 参与学校计算机协会技术部，负责协会网站日常维护
    · 协助老师完成实验室设备管理与系统环境搭建
    · 参与班级课程设计小组，担任后端开发角色","■ 学生管理系统功能测试
  项目目标：对课程设计系统进行功能测试与缺陷提交
  个人职责：设计测试用例，执行黑盒测试
  项目成果：发现并提交8个功能缺陷","专业技能：接口测试、Selenium、TestNG、Python、Postman
相关证书：系统架构设计师、英语六级",应届毕业，具备扎实的专业基础知识与学习能力，能够快速掌握新技术；工作态度认真负责，有耐心，注重细节；具备良好的团队意识与沟通能力，能够积极配合团队完成任务；期望在工作中积累经验，快速成长。,软件测试工程师,三明,互联网/信息技术/软件服务,4000-5000元,否,4000,5000,佛山科学技术学院,电子信息工程,本科,本科,2022-06,2022,数据结构、Java程序设计、机器学习、算法设计与分析,4,是,0,应届,1,是,校园实践,· 参与学校计算机协会技术部，负责协会网站日常维护,,否,1,学生管理系统功能测试,接口测试、Selenium、TestNG、Python、Postman,5,系统架构设计师、英语六级,2,98,94,78,89
谢雨桐,女,18317897365,xie雨tong48@gmail.com,18019831563,扬州,"期望岗位：软件测试工程师
期望城市：扬州
期望行业：互联网/信息技术/软件服务
期望薪资：3500-5000元",本科数据科学与大数据技术专业应届毕业生，掌握JMeter、功能测试基础技能，完成过课程设计与毕业项目，具备基础代码编写能力与问题排查思路，学习能力强，做事认真踏实，期望从事软件测试工程师相关工作。,"浙江工业大学 | 数据科学与大数据技术 | 本科
毕业时间：2022年6月
核心课程：操作系统、机器学习、数据结构、算法设计与分析","【校园实践】
    · 参与学校计算机协会技术部，负责协会网站日常维护
    · 协助老师完成实验室设备管理与系统环境搭建
    · 参与班级课程设计小组，担任后端开发角色","■ 学生管理系统功能测试
  项目目标：对课程设计系统进行功能测试与缺陷提交
  个人职责：设计测试用例，执行黑盒测试
  项目成果：发现并提交8个功能缺陷","专业技能：JMeter、Postman、Python、Appium、MySQL、Selenium、性能测试
相关证书：英语四级、软考中级",应届毕业，具备扎实的专业基础知识与学习能力，能够快速掌握新技术；工作态度认真负责，有耐心，注重细节；具备良好的团队意识与沟通能力，能够积极配合团队完成任务；期望在工作中积累经验，快速成长。,软件测试工程师,扬州,互联网/信息技术/软件服务,3500-5000元,否,3500,5000,浙江工业大学,数据科学与大数据技术,本科,本科,2022-06,2022,操作系统、机器学习、数据结构、算法设计与分析,4,是,0,应届,1,是,校园实践,· 参与学校计算机协会技术部，负责协会网站日常维护,,否,1,学生管理系统功能测试,JMeter、Postman、Python、Appium、MySQL、Selenium、性能测试,7,英语四级、软考中级,2,98,94,78,89
杜华,男,17781199323,duhua941@outlook.com,wx_duhua_841,厦门,"期望岗位：Python开发工程师
期望城市：厦门
期望行业：互联网/信息技术/软件服务
期望薪资：8000-11000元",3年Python开发工程师工作经验，精通Linux、Docker技术栈，参与过完整项目迭代，能够独立完成模块开发与问题排查，注重代码质量与开发效率，具备良好的沟通协作能力。,"暨南大学 | 电子信息工程 | 本科
毕业时间：2019年6月
核心课程：计算机网络、操作系统、软件工程、机器学习","【锐捷软件有限公司】 Python开发工程师
2025年4月 - 至今
    · 编写开发文档，沉淀技术规范，协助新人熟悉业务
    · 对接产品、测试团队，跟进需求落地与缺陷修复

【卓望软件有限公司】 Python开发工程师
2024年12月 - 2025年5月
    · 承担分配模块的编码、测试与优化工作，保障系统稳定运行
    · 编写开发文档，沉淀技术规范，协助新人熟悉业务
    · 对接产品、测试团队，跟进需求落地与缺陷修复","■ 自动化运维平台
  项目目标：开发运维管理平台，实现服务器批量管理
  个人职责：负责监控、告警、任务调度模块后端开发
  项目成果：管理服务器200+，运维人力成本降低50%

■ 数据采集爬虫系统
  项目目标：搭建分布式爬虫平台，采集多渠道公开数据
  个人职责：负责反爬策略破解、数据清洗、入库逻辑开发
  项目成果：日均采集数据50万条，数据准确率98%以上","专业技能：MongoDB、Flask、Git、Python、MySQL、Linux、FastAPI、Django、Docker
相关证书：计算机二级、MySQL数据库认证、系统架构设计师",拥有3年实际工作经验，技术功底扎实，熟悉完整开发流程；具备较强的问题解决能力，能够独立排查并解决常见技术问题；工作认真负责，注重团队协作，能够高效推进项目落地；持续学习，保持技术敏感度。,Python开发工程师,厦门,互联网/信息技术/软件服务,8000-11000元,否,8000,11000,暨南大学,电子信息工程,本科,本科,2019-06,2019,计算机网络、操作系统、软件工程、机器学习,4,否,3,3年,2,否,锐捷软件有限公司,Python开发工程师,2025-04,是,2,自动化运维平台,MongoDB、Flask、Git、Python、MySQL、Linux、FastAPI、Django、Docker,9,计算机二级、MySQL数据库认证、系统架构设计师,3,86,93,186,225
钟健,男,17708921279,zhongjian85@qq.com,13719681104,嘉兴,"期望岗位：Java开发工程师
期望城市：嘉兴
期望行业：互联网/信息技术/软件服务
期望薪资：7500-8000元",专科数字媒体技术专业应届毕业生，有0段Java开发工程师实习经验，掌握JVM调优技术栈，参与过实习项目开发，具备良好的代码规范与团队协作意识，能够快速上手业务，期望正式入职发展。,"广东轻工职业技术学院 | 数字媒体技术 | 专科
毕业时间：2022年6月
核心课程：机器学习、数字信号处理、操作系统、计算机网络","【汇智科技有限公司】 Java开发工程师（实习）
2019年6月 - 至今
    · 负责公司Java开发工程师相关业务的开发与维护，参与需求评审
    · 承担分配模块的编码、测试与优化工作，保障系统稳定运行","■ 校园二手交易平台（毕设）
  项目目标：搭建校园闲置物品发布与交易平台
  个人职责：负责用户模块、商品发布模块开发
  项目成果：完成系统原型，获得良好成绩

■ 学生成绩管理系统（课程设计）
  项目目标：实现学生信息、成绩、班级的增删改查管理
  个人职责：负责后端接口开发与数据库设计
  项目成果：完成基础功能，通过课程答辩","专业技能：RabbitMQ、Linux、Docker、微服务
相关证书：英语六级",有实习经验，熟悉开发基本流程，具备基础的项目实践能力；学习能力强，能够快速上手新业务新技术；工作踏实，责任心强，善于沟通协作，能够高效完成分配的工作任务。,Java开发工程师,嘉兴,互联网/信息技术/软件服务,7500-8000元,否,7500,8000,广东轻工职业技术学院,数字媒体技术,专科,大专,2022-06,2022,机器学习、数字信号处理、操作系统、计算机网络,4,是,0,应届,1,否,汇智科技有限公司,Java开发工程师（实习）,2019-06,是,2,校园二手交易平台（毕设）,RabbitMQ、Linux、Docker、微服务,4,英语六级,1,89,77,169,107
孙建,男,13001727965,sunjian30@qq.com,wx_sunjian_809,南京,"期望岗位：Java开发工程师
期望城市：南京
期望行业：互联网/信息技术/软件服务
期望薪资：30000-31500元",6年Java开发工程师资深经验，精通全链路技术架构，具备团队技术规划与方案设计能力，主导过多个大型项目重构与升级，在高并发/系统稳定性领域有深厚积累，能够带领团队攻克技术难题，驱动业务技术升级。,"南京工业职业技术大学 | 软件技术 | 专科
毕业时间：2016年6月
核心课程：数据结构、操作系统、软件工程、数据库原理","【华为（东莞研究所）】 Java开发工程师
2024年9月 - 至今
    · 编写开发文档，沉淀技术规范，协助新人熟悉业务
    · 负责公司Java开发工程师相关业务的开发与维护，参与需求评审
    · 承担分配模块的编码、测试与优化工作，保障系统稳定运行

【启明互联网科技有限公司】 Java开发工程师
2022年8月 - 2024年4月
    · 承担分配模块的编码、测试与优化工作，保障系统稳定运行
    · 负责公司Java开发工程师相关业务的开发与维护，参与需求评审
    · 对接产品、测试团队，跟进需求落地与缺陷修复

【星图信息技术有限公司】 Java开发工程师
2020年10月 - 2022年7月
    · 承担分配模块的编码、测试与优化工作，保障系统稳定运行
    · 对接产品、测试团队，跟进需求落地与缺陷修复","■ 电商订单交易系统
  项目目标：搭建高可用电商订单系统，支撑大促流量峰值
  个人职责：负责订单创建、支付回调、库存扣减核心逻辑开发
  项目成果：支撑日均订单量10万+，系统可用性达99.95%

■ 微服务用户中心重构
  项目目标：将单体用户系统拆分为微服务架构，提升并发承载能力
  个人职责：负责登录、注册、权限模块开发，优化数据库查询与缓存策略
  项目成果：支持并发量从500提升至5000，接口响应耗时减少60%","专业技能：MySQL、Java、JVM调优、Redis、RabbitMQ、Git、SpringBoot、MyBatis
相关证书：华为HCIA认证",拥有6年行业经验，技术视野开阔，具备方案设计与项目把控能力；逻辑清晰，善于定位并解决复杂技术问题；具备良好的团队管理与跨部门沟通能力，能够推动技术优化与业务落地；责任心强，追求技术与业务的平衡发展。,Java开发工程师,南京,互联网/信息技术/软件服务,30000-31500元,否,30000,31500,南京工业职业技术大学,软件技术,专科,大专,2016-06,2016,数据结构、操作系统、软件工程、数据库原理,4,否,6,6年,3,否,华为（东莞研究所）,Java开发工程师,2024-09,是,2,电商订单交易系统,MySQL、Java、JVM调优、Redis、RabbitMQ、Git、SpringBoot、MyBatis,8,华为HCIA认证,1,97,99,216,378
田莉,女,15985897855,tianli46@outlook.com,18358237381,金华,"期望岗位：软件测试工程师
期望城市：金华
期望行业：互联网/信息技术/软件服务
期望薪资：4500-8000元",专科通信工程专业应届毕业生，有1段软件测试工程师实习经验，掌握Selenium技术栈，参与过实习项目开发，具备良好的代码规范与团队协作意识，能够快速上手业务，期望正式入职发展。,"广东轻工职业技术学院 | 通信工程 | 专科
毕业时间：2021年6月
核心课程：数据库原理、Java程序设计、数据结构、Python编程","【启明数据技术有限公司】 软件测试工程师（实习）
2025年8月 - 至今
    · 编写开发文档，沉淀技术规范，协助新人熟悉业务
    · 对接产品、测试团队，跟进需求落地与缺陷修复","■ 网页兼容性测试实训
  项目目标：对多个网站进行浏览器兼容测试
  个人职责：制定测试方案，输出测试报告
  项目成果：覆盖5款主流浏览器

■ 学生管理系统功能测试
  项目目标：对课程设计系统进行功能测试与缺陷提交
  个人职责：设计测试用例，执行黑盒测试
  项目成果：发现并提交8个功能缺陷","专业技能：TestNG、JMeter、Postman、Appium
相关证书：无",有实习经验，熟悉开发基本流程，具备基础的项目实践能力；学习能力强，能够快速上手新业务新技术；工作踏实，责任心强，善于沟通协作，能够高效完成分配的工作任务。,软件测试工程师,金华,互联网/信息技术/软件服务,4500-8000元,否,4500,8000,广东轻工职业技术学院,通信工程,专科,大专,2021-06,2021,数据库原理、Java程序设计、数据结构、Python编程,4,是,0,应届,1,否,启明数据技术有限公司,软件测试工程师（实习）,2025-08,是,2,网页兼容性测试实训,TestNG、JMeter、Postman、Appium,4,无,0,88,77,151,94
郑悦,女,13991603333,zhengyue953@outlook.com,15184830466,宁波,"期望岗位：前端开发工程师
期望城市：宁波
期望行业：互联网/信息技术/软件服务
期望薪资：10500-11500元",3年前端开发工程师工作经验，精通JavaScript、Axios技术栈，参与过完整项目迭代，能够独立完成模块开发与问题排查，注重代码质量与开发效率，具备良好的沟通协作能力。,"厦门理工学院 | 计算机科学与技术 | 本科
毕业时间：2019年6月
核心课程：机器学习、Python编程、算法设计与分析、数据库原理","【汇智数据技术有限公司】 前端开发工程师
2025年4月 - 至今
    · 编写开发文档，沉淀技术规范，协助新人熟悉业务
    · 承担分配模块的编码、测试与优化工作，保障系统稳定运行

【新科科技有限公司】 前端开发工程师
2024年5月 - 2025年4月
    · 编写开发文档，沉淀技术规范，协助新人熟悉业务
    · 对接产品、测试团队，跟进需求落地与缺陷修复
    · 负责公司前端开发工程师相关业务的开发与维护，参与需求评审","■ 电商平台前端重构
  项目目标：升级旧版电商系统前端架构，提升用户体验与加载速度
  个人职责：负责商品详情页、购物车模块开发，组件化封装公共组件
  项目成果：首屏加载时间从3.2s降至1.8s，页面转化率提升12%

■ 企业后台管理系统
  项目目标：搭建企业运营管理后台，实现业务数据可视化
  个人职责：负责权限管理、数据报表模块开发，对接后端接口联调
  项目成果：覆盖12个业务部门，运营效率提升40%","专业技能：JavaScript、Axios、移动端适配、Vite、Element UI、CSS3、React、TypeScript
相关证书：无",拥有3年实际工作经验，技术功底扎实，熟悉完整开发流程；具备较强的问题解决能力，能够独立排查并解决常见技术问题；工作认真负责，注重团队协作，能够高效推进项目落地；持续学习，保持技术敏感度。,前端开发工程师,宁波,互联网/信息技术/软件服务,10500-11500元,否,10500,11500,厦门理工学院,计算机科学与技术,本科,本科,2019-06,2019,机器学习、Python编程、算法设计与分析、数据库原理,4,否,3,3年,2,否,汇智数据技术有限公司,前端开发工程师,2025-04,是,2,电商平台前端重构,JavaScript、Axios、移动端适配、Vite、Element UI、CSS3、React、TypeScript,8,无,0,86,93,210,225
程明,男,13421166601,chengming90@qq.com,wx_chengming_792,宁德,"期望岗位：运维工程师
期望城市：宁德
期望行业：互联网/信息技术/软件服务
期望薪资：10500-11000元",3年运维工程师工作经验，精通网络运维、Shell技术栈，参与过完整项目迭代，能够独立完成模块开发与问题排查，注重代码质量与开发效率，具备良好的沟通协作能力。,"深圳职业技术学院 | 物联网工程 | 专科
毕业时间：2019年6月
核心课程：软件工程、Java程序设计、机器学习、Python编程","【用友信息技术有限公司】 运维工程师
2025年10月 - 至今
    · 编写开发文档，沉淀技术规范，协助新人熟悉业务
    · 负责公司运维工程师相关业务的开发与维护，参与需求评审
    · 承担分配模块的编码、测试与优化工作，保障系统稳定运行

【合众数据技术有限公司】 运维工程师
2024年10月 - 2025年1月
    · 负责公司运维工程师相关业务的开发与维护，参与需求评审
    · 对接产品、测试团队，跟进需求落地与缺陷修复
    · 编写开发文档，沉淀技术规范，协助新人熟悉业务","■ CI/CD自动化流水线
  项目目标：实现代码自动化构建、测试、部署，提升发布效率
  个人职责：基于Jenkins搭建持续集成流水线，配置Docker容器化部署
  项目成果：发布周期从每周1次提升至每天3次，部署失误率降为0

■ 服务器集群运维优化
  项目目标：提升服务器集群稳定性，降低故障发生率
  个人职责：负责日常巡检、故障排查，优化监控告警规则与分级策略
  项目成果：服务器故障率下降60%，平均故障响应时间缩短至15分钟","专业技能：Shell、Linux、Redis、Docker、Jenkins、Zabbix、Ansible、Nginx
相关证书：英语四级、软考中级",拥有3年实际工作经验，技术功底扎实，熟悉完整开发流程；具备较强的问题解决能力，能够独立排查并解决常见技术问题；工作认真负责，注重团队协作，能够高效推进项目落地；持续学习，保持技术敏感度。,运维工程师,宁德,互联网/信息技术/软件服务,10500-11000元,否,10500,11000,深圳职业技术学院,物联网工程,专科,大专,2019-06,2019,软件工程、Java程序设计、机器学习、Python编程,4,否,3,3年,2,否,用友信息技术有限公司,运维工程师,2025-10,是,2,CI/CD自动化流水线,Shell、Linux、Redis、Docker、Jenkins、Zabbix、Ansible、Nginx,8,英语四级、软考中级,2,78,93,223,256
陈妍,女,18479498562,chenyan4053@outlook.com,18318673380,台州,"期望岗位：软件测试工程师
期望城市：台州
期望行业：互联网/信息技术/软件服务
期望薪资：面议",4年软件测试工程师从业经验，精通功能测试技术架构，主导过中型项目从0到1落地，擅长技术方案设计与性能优化，曾推动核心模块技术重构，带来显著效率提升，具备跨部门协作与项目推进能力。,"福州大学 | 数字媒体技术 | 本科
毕业时间：2018年6月
核心课程：算法设计与分析、操作系统、计算机网络、Java程序设计","【易联互联网科技有限公司】 软件测试工程师
2024年2月 - 至今
    · 编写开发文档，沉淀技术规范，协助新人熟悉业务
    · 承担分配模块的编码、测试与优化工作，保障系统稳定运行

【恒信信息技术有限公司】 软件测试工程师
2022年3月 - 2024年8月
    · 承担分配模块的编码、测试与优化工作，保障系统稳定运行
    · 对接产品、测试团队，跟进需求落地与缺陷修复","■ 自动化测试框架搭建
  项目目标：提升回归测试效率，减少人工重复劳动
  个人职责：基于Selenium搭建UI自动化框架，编写核心模块测试脚本
  项目成果：回归测试周期从7天缩短至2天，覆盖率达85%

■ 电商平台功能测试
  项目目标：保障电商系统上线质量，覆盖全业务流程
  个人职责：设计测试用例，执行功能、回归测试，提交缺陷报告
  项目成果：发现并修复120+缺陷，上线后线上缺陷率低于0.5%","专业技能：性能测试、功能测试、缺陷管理、测试用例设计、Selenium、JMeter
相关证书：无",拥有4年行业经验，技术视野开阔，具备方案设计与项目把控能力；逻辑清晰，善于定位并解决复杂技术问题；具备良好的团队管理与跨部门沟通能力，能够推动技术优化与业务落地；责任心强，追求技术与业务的平衡发展。,软件测试工程师,台州,互联网/信息技术/软件服务,面议,是,,,福州大学,数字媒体技术,本科,本科,2018-06,2018,算法设计与分析、操作系统、计算机网络、Java程序设计,4,否,4,4年,2,否,易联互联网科技有限公司,软件测试工程师,2024-02,是,2,自动化测试框架搭建,性能测试、功能测试、缺陷管理、测试用例设计、Selenium、JMeter,6,无,0,89,99,207,197
龚梓涵,女,15077923934,gong梓han2375@163.com,wx_gong梓han_299,南京,"期望岗位：算法工程师
期望城市：南京
期望行业：互联网/信息技术/软件服务
期望薪资：15000-18500元",5年算法工程师从业经验，精通PyTorch技术架构，主导过中型项目从0到1落地，擅长技术方案设计与性能优化，曾推动核心模块技术重构，带来显著效率提升，具备跨部门协作与项目推进能力。,"江西交通职业技术学院 | 电子信息工程 | 专科
毕业时间：2017年6月
核心课程：Python编程、数据库原理、计算机网络、软件工程","【天擎数据技术有限公司】 算法工程师
2025年2月 - 至今
    · 编写开发文档，沉淀技术规范，协助新人熟悉业务
    · 承担分配模块的编码、测试与优化工作，保障系统稳定运行

【中软科技有限公司】 算法工程师
2024年2月 - 2025年4月
    · 承担分配模块的编码、测试与优化工作，保障系统稳定运行
    · 编写开发文档，沉淀技术规范，协助新人熟悉业务

【启明软件有限公司】 算法工程师
2023年6月 - 2024年5月
    · 对接产品、测试团队，跟进需求落地与缺陷修复
    · 编写开发文档，沉淀技术规范，协助新人熟悉业务","■ 风控欺诈识别模型
  项目目标：识别交易欺诈行为，降低资金损失风险
  个人职责：特征工程，构建XGBoost风控模型，在线部署与迭代
  项目成果：欺诈识别准确率达92%，每年减少损失超200万

■ 个性化推荐系统
  项目目标：提升内容推荐精准度，增加用户停留时长
  个人职责：负责协同过滤、深度学习推荐模型开发与离线优化
  项目成果：用户平均停留时长提升25%，点击率提升15%","专业技能：算法优化、NLP、计算机视觉、数据结构、PyTorch、机器学习
相关证书：阿里云ACP云计算认证",拥有5年行业经验，技术视野开阔，具备方案设计与项目把控能力；逻辑清晰，善于定位并解决复杂技术问题；具备良好的团队管理与跨部门沟通能力，能够推动技术优化与业务落地；责任心强，追求技术与业务的平衡发展。,算法工程师,南京,互联网/信息技术/软件服务,15000-18500元,否,15000,18500,江西交通职业技术学院,电子信息工程,专科,大专,2017-06,2017,Python编程、数据库原理、计算机网络、软件工程,4,否,5,5年,3,否,天擎数据技术有限公司,算法工程师,2025-02,是,2,风控欺诈识别模型,算法优化、NLP、计算机视觉、数据结构、PyTorch、机器学习,6,阿里云ACP云计算认证,1,90,99,197,284
马欣,女,18192837051,maxin466@163.com,wx_maxin_629,阜阳,"期望岗位：软件测试工程师
期望城市：阜阳
期望行业：互联网/信息技术/软件服务
期望薪资：17000-19000元",5年软件测试工程师从业经验，精通接口测试技术架构，主导过中型项目从0到1落地，擅长技术方案设计与性能优化，曾推动核心模块技术重构，带来显著效率提升，具备跨部门协作与项目推进能力。,"江西师范大学 | 数学与应用数学 | 本科
毕业时间：2017年6月
核心课程：机器学习、数字信号处理、Python编程、Java程序设计","【天擎数据技术有限公司】 软件测试工程师
2025年6月 - 至今
    · 负责公司软件测试工程师相关业务的开发与维护，参与需求评审
    · 对接产品、测试团队，跟进需求落地与缺陷修复
    · 承担分配模块的编码、测试与优化工作，保障系统稳定运行

【新科网络科技有限公司】 软件测试工程师
2024年4月 - 2025年6月
    · 对接产品、测试团队，跟进需求落地与缺陷修复
    · 编写开发文档，沉淀技术规范，协助新人熟悉业务
    · 负责公司软件测试工程师相关业务的开发与维护，参与需求评审

【卓望数据技术有限公司】 软件测试工程师
2023年9月 - 2024年4月
    · 承担分配模块的编码、测试与优化工作，保障系统稳定运行
    · 编写开发文档，沉淀技术规范，协助新人熟悉业务
    · 对接产品、测试团队，跟进需求落地与缺陷修复","■ 自动化测试框架搭建
  项目目标：提升回归测试效率，减少人工重复劳动
  个人职责：基于Selenium搭建UI自动化框架，编写核心模块测试脚本
  项目成果：回归测试周期从7天缩短至2天，覆盖率达85%

■ 电商平台功能测试
  项目目标：保障电商系统上线质量，覆盖全业务流程
  个人职责：设计测试用例，执行功能、回归测试，提交缺陷报告
  项目成果：发现并修复120+缺陷，上线后线上缺陷率低于0.5%","专业技能：Appium、测试用例设计、性能测试、接口测试、Python、Selenium、功能测试、TestNG、Postman、JMeter
相关证书：无",拥有5年行业经验，技术视野开阔，具备方案设计与项目把控能力；逻辑清晰，善于定位并解决复杂技术问题；具备良好的团队管理与跨部门沟通能力，能够推动技术优化与业务落地；责任心强，追求技术与业务的平衡发展。,软件测试工程师,阜阳,互联网/信息技术/软件服务,17000-19000元,否,17000,19000,江西师范大学,数学与应用数学,本科,本科,2017-06,2017,机器学习、数字信号处理、Python编程、Java程序设计,4,否,5,5年,3,否,天擎数据技术有限公司,软件测试工程师,2025-06,是,2,自动化测试框架搭建,Appium、测试用例设计、性能测试、接口测试、Python、Selenium、功能测试、TestNG、Postman、JMeter,10,无,0,89,99,207,391
袁妍,女,13039855325,yuanyan6203@outlook.com,wx_yuanyan_448,芜湖,"期望岗位：算法工程师
期望城市：芜湖
期望行业：互联网/信息技术/软件服务
期望薪资：面议",6年算法工程师资深经验，精通全链路技术架构，具备团队技术规划与方案设计能力，主导过多个大型项目重构与升级，在高并发/系统稳定性领域有深厚积累，能够带领团队攻克技术难题，驱动业务技术升级。,"江西师范大学 | 计算机应用技术 | 本科
毕业时间：2016年6月
核心课程：数字信号处理、机器学习、计算机网络、算法设计与分析","【启明科技有限公司】 算法工程师
2024年3月 - 至今
    · 对接产品、测试团队，跟进需求落地与缺陷修复
    · 编写开发文档，沉淀技术规范，协助新人熟悉业务
    · 负责公司算法工程师相关业务的开发与维护，参与需求评审

【云创互联网科技有限公司】 算法工程师
2022年6月 - 2024年11月
    · 承担分配模块的编码、测试与优化工作，保障系统稳定运行
    · 负责公司算法工程师相关业务的开发与维护，参与需求评审

【汇智网络科技有限公司】 算法工程师
2020年6月 - 2022年6月
    · 对接产品、测试团队，跟进需求落地与缺陷修复
    · 负责公司算法工程师相关业务的开发与维护，参与需求评审","■ 风控欺诈识别模型
  项目目标：识别交易欺诈行为，降低资金损失风险
  个人职责：特征工程，构建XGBoost风控模型，在线部署与迭代
  项目成果：欺诈识别准确率达92%，每年减少损失超200万

■ 个性化推荐系统
  项目目标：提升内容推荐精准度，增加用户停留时长
  个人职责：负责协同过滤、深度学习推荐模型开发与离线优化
  项目成果：用户平均停留时长提升25%，点击率提升15%","专业技能：Python、SQL、NLP、数据结构、特征工程、深度学习
相关证书：软件设计师（中级）",拥有6年行业经验，技术视野开阔，具备方案设计与项目把控能力；逻辑清晰，善于定位并解决复杂技术问题；具备良好的团队管理与跨部门沟通能力，能够推动技术优化与业务落地；责任心强，追求技术与业务的平衡发展。,算法工程师,芜湖,互联网/信息技术/软件服务,面议,是,,,江西师范大学,计算机应用技术,本科,本科,2016-06,2016,数字信号处理、机器学习、计算机网络、算法设计与分析,4,否,6,6年,3,否,启明科技有限公司,算法工程师,2024-03,是,2,风控欺诈识别模型,Python、SQL、NLP、数据结构、特征工程、深度学习,6,软件设计师（中级）,1,93,99,197,324
李茜,女,15675338771,lixi1241@163.com,13129670913,蚌埠,"期望岗位：前端开发工程师
期望城市：蚌埠
期望行业：互联网/信息技术/软件服务
期望薪资：面议",专科物联网工程专业应届毕业生，掌握Webpack、Element UI基础技能，完成过课程设计与毕业项目，具备基础代码编写能力与问题排查思路，学习能力强，做事认真踏实，期望从事前端开发工程师相关工作。,"福州职业技术学院 | 物联网工程 | 专科
毕业时间：2022年6月
核心课程：算法设计与分析、Python编程、数据结构、数字信号处理","【校园实践】
    · 参与学校计算机协会技术部，负责协会网站日常维护
    · 协助老师完成实验室设备管理与系统环境搭建
    · 参与班级课程设计小组，担任后端开发角色","■ 个人博客系统（课程作业）
  项目目标：开发个人博客前端页面，实现文章展示与评论
  个人职责：负责页面布局、交互效果、接口联调
  项目成果：完成响应式页面，兼容多浏览器","专业技能：移动端适配、Axios、Vue、Ant Design、TypeScript、CSS3、Webpack
相关证书：英语四级",应届毕业，具备扎实的专业基础知识与学习能力，能够快速掌握新技术；工作态度认真负责，有耐心，注重细节；具备良好的团队意识与沟通能力，能够积极配合团队完成任务；期望在工作中积累经验，快速成长。,前端开发工程师,蚌埠,互联网/信息技术/软件服务,面议,是,,,福州职业技术学院,物联网工程,专科,大专,2022-06,2022,算法设计与分析、Python编程、数据结构、数字信号处理,4,是,0,应届,1,是,校园实践,· 参与学校计算机协会技术部，负责协会网站日常维护,,否,1,个人博客系统（课程作业）,移动端适配、Axios、Vue、Ant Design、TypeScript、CSS3、Webpack,7,英语四级,1,100,94,88,89
余婷,女,13380042141,yuting20@qq.com,15800234116,厦门,"期望岗位：数据分析师
期望城市：厦门
期望行业：互联网/信息技术/软件服务
期望薪资：19000-20000元",5年数据分析师从业经验，精通NumPy技术架构，主导过中型项目从0到1落地，擅长技术方案设计与性能优化，曾推动核心模块技术重构，带来显著效率提升，具备跨部门协作与项目推进能力。,"暨南大学 | 物联网工程 | 本科
毕业时间：2017年6月
核心课程：计算机网络、算法设计与分析、操作系统、软件工程","【东软网络科技有限公司】 数据分析师
2025年1月 - 至今
    · 对接产品、测试团队，跟进需求落地与缺陷修复
    · 编写开发文档，沉淀技术规范，协助新人熟悉业务

【合众科技有限公司】 数据分析师
2024年2月 - 2025年8月
    · 负责公司数据分析师相关业务的开发与维护，参与需求评审
    · 对接产品、测试团队，跟进需求落地与缺陷修复

【微远信息技术有限公司】 数据分析师
2023年6月 - 2024年2月
    · 对接产品、测试团队，跟进需求落地与缺陷修复
    · 负责公司数据分析师相关业务的开发与维护，参与需求评审","■ 销售数据预测建模
  项目目标：基于历史数据预测销量，指导库存与备货
  个人职责：数据预处理，构建时间序列预测模型，输出月度预测报告
  项目成果：预测准确率达89%，库存周转效率提升25%

■ 用户行为分析看板
  项目目标：构建用户行为数据体系，支撑运营决策
  个人职责：负责数据清洗、指标体系搭建，输出可视化运营报表
  项目成果：输出15+核心运营指标，支撑每月3次运营优化，用户留存率提升8%","专业技能：Hive、SQL、Power BI、Python、Tableau、用户分析
相关证书：计算机一级",拥有5年行业经验，技术视野开阔，具备方案设计与项目把控能力；逻辑清晰，善于定位并解决复杂技术问题；具备良好的团队管理与跨部门沟通能力，能够推动技术优化与业务落地；责任心强，追求技术与业务的平衡发展。,数据分析师,厦门,互联网/信息技术/软件服务,19000-20000元,否,19000,20000,暨南大学,物联网工程,本科,本科,2017-06,2017,计算机网络、算法设计与分析、操作系统、软件工程,4,否,5,5年,3,否,东软网络科技有限公司,数据分析师,2025-01,是,2,销售数据预测建模,Hive、SQL、Power BI、Python、Tableau、用户分析,6,计算机一级,1,88,99,206,284
周红,女,13512013761,zhouhong5220@126.com,17779619232,台州,"期望岗位：运维工程师
期望城市：台州
期望行业：互联网/信息技术/软件服务
期望薪资：7000-8000元",专科数据科学与大数据技术专业应届毕业生，有0段运维工程师实习经验，掌握Shell技术栈，参与过实习项目开发，具备良好的代码规范与团队协作意识，能够快速上手业务，期望正式入职发展。,"南京工业职业技术大学 | 数据科学与大数据技术 | 专科
毕业时间：2022年6月
核心课程：数字信号处理、Java程序设计、操作系统、计算机网络","【金蝶软件有限公司】 运维工程师（实习）
2019年3月 - 至今
    · 承担分配模块的编码、测试与优化工作，保障系统稳定运行
    · 对接产品、测试团队，跟进需求落地与缺陷修复
    · 编写开发文档，沉淀技术规范，协助新人熟悉业务","■ 实验室服务器搭建实训
  项目目标：搭建实验室Linux服务器环境
  个人职责：负责系统安装、网络配置、基础服务部署
  项目成果：完成3台服务器环境搭建

■ 简单监控脚本开发
  项目目标：编写服务器状态监控脚本
  个人职责：实现CPU、内存、磁盘使用率自动采集
  项目成果：支持异常邮件告警","专业技能：Linux、Zabbix、Docker、Redis、MySQL
相关证书：无",有实习经验，熟悉开发基本流程，具备基础的项目实践能力；学习能力强，能够快速上手新业务新技术；工作踏实，责任心强，善于沟通协作，能够高效完成分配的工作任务。,运维工程师,台州,互联网/信息技术/软件服务,7000-8000元,否,7000,8000,南京工业职业技术大学,数据科学与大数据技术,专科,大专,2022-06,2022,数字信号处理、Java程序设计、操作系统、计算机网络,4,是,0,应届,1,否,金蝶软件有限公司,运维工程师（实习）,2019-03,是,2,实验室服务器搭建实训,Linux、Zabbix、Docker、Redis、MySQL,5,无,0,89,77,153,123
严然,男,15592064889,yanran882@outlook.com,wx_yanran_726,厦门,"期望岗位：Python开发工程师
期望城市：厦门
期望行业：互联网/信息技术/软件服务
期望薪资：8000-12000元",1年Python开发工程师工作经验，精通Linux、MySQL技术栈，参与过完整项目迭代，能够独立完成模块开发与问题排查，注重代码质量与开发效率，具备良好的沟通协作能力。,"福州职业技术学院 | 物联网工程 | 专科
毕业时间：2021年6月
核心课程：Python编程、计算机网络、算法设计与分析、数据结构","【金蝶网络科技有限公司】 Python开发工程师
2025年9月 - 至今
    · 负责公司Python开发工程师相关业务的开发与维护，参与需求评审
    · 承担分配模块的编码、测试与优化工作，保障系统稳定运行
    · 对接产品、测试团队，跟进需求落地与缺陷修复","■ 自动化运维平台
  项目目标：开发运维管理平台，实现服务器批量管理
  个人职责：负责监控、告警、任务调度模块后端开发
  项目成果：管理服务器200+，运维人力成本降低50%

■ 数据采集爬虫系统
  项目目标：搭建分布式爬虫平台，采集多渠道公开数据
  个人职责：负责反爬策略破解、数据清洗、入库逻辑开发
  项目成果：日均采集数据50万条，数据准确率98%以上","专业技能：Flask、爬虫、MongoDB、MySQL、Git、Docker、Linux、Redis、Python
相关证书：英语六级",拥有1年实际工作经验，技术功底扎实，熟悉完整开发流程；具备较强的问题解决能力，能够独立排查并解决常见技术问题；工作认真负责，注重团队协作，能够高效推进项目落地；持续学习，保持技术敏感度。,Python开发工程师,厦门,互联网/信息技术/软件服务,8000-12000元,否,8000,12000,福州职业技术学院,物联网工程,专科,大专,2021-06,2021,Python编程、计算机网络、算法设计与分析、数据结构,4,否,1,1年,1,否,金蝶网络科技有限公司,Python开发工程师,2025-09,是,2,自动化运维平台,Flask、爬虫、MongoDB、MySQL、Git、Docker、Linux、Redis、Python,9,英语六级,1,85,93,186,137
程勇,男,18897482237,chengyong880@gmail.com,wx_chengyong_732,绍兴,"期望岗位：前端开发工程师
期望城市：绍兴
期望行业：互联网/信息技术/软件服务
期望薪资：面议",3年前端开发工程师工作经验，精通Webpack、Vue技术栈，参与过完整项目迭代，能够独立完成模块开发与问题排查，注重代码质量与开发效率，具备良好的沟通协作能力。,"泉州师范学院 | 电子信息工程 | 本科
毕业时间：2019年6月
核心课程：Java程序设计、Python编程、数据库原理、数据结构","【通元信息技术有限公司】 前端开发工程师
2025年7月 - 至今
    · 承担分配模块的编码、测试与优化工作，保障系统稳定运行
    · 编写开发文档，沉淀技术规范，协助新人熟悉业务
    · 负责公司前端开发工程师相关业务的开发与维护，参与需求评审

【锐捷信息技术有限公司】 前端开发工程师
2024年11月 - 2025年8月
    · 负责公司前端开发工程师相关业务的开发与维护，参与需求评审
    · 承担分配模块的编码、测试与优化工作，保障系统稳定运行
    · 对接产品、测试团队，跟进需求落地与缺陷修复","■ 电商平台前端重构
  项目目标：升级旧版电商系统前端架构，提升用户体验与加载速度
  个人职责：负责商品详情页、购物车模块开发，组件化封装公共组件
  项目成果：首屏加载时间从3.2s降至1.8s，页面转化率提升12%

■ 企业后台管理系统
  项目目标：搭建企业运营管理后台，实现业务数据可视化
  个人职责：负责权限管理、数据报表模块开发，对接后端接口联调
  项目成果：覆盖12个业务部门，运营效率提升40%","专业技能：Axios、Webpack、移动端适配、CSS3、Ant Design、Vite、JavaScript、Vue
相关证书：华为HCIA认证、软考中级",拥有3年实际工作经验，技术功底扎实，熟悉完整开发流程；具备较强的问题解决能力，能够独立排查并解决常见技术问题；工作认真负责，注重团队协作，能够高效推进项目落地；持续学习，保持技术敏感度。,前端开发工程师,绍兴,互联网/信息技术/软件服务,面议,是,,,泉州师范学院,电子信息工程,本科,本科,2019-06,2019,Java程序设计、Python编程、数据库原理、数据结构,4,否,3,3年,2,否,通元信息技术有限公司,前端开发工程师,2025-07,是,2,电商平台前端重构,Axios、Webpack、移动端适配、CSS3、Ant Design、Vite、JavaScript、Vue,8,华为HCIA认证、软考中级,2,81,93,210,267
石安然,女,15279180883,shianran9830@163.com,wx_shianran_384,滁州,"期望岗位：运维工程师
期望城市：滁州
期望行业：互联网/信息技术/软件服务
期望薪资：16500-19000元",5年运维工程师从业经验，精通Nginx技术架构，主导过中型项目从0到1落地，擅长技术方案设计与性能优化，曾推动核心模块技术重构，带来显著效率提升，具备跨部门协作与项目推进能力。,"暨南大学 | 信息管理与信息系统 | 本科
毕业时间：2017年6月
核心课程：机器学习、操作系统、数据库原理、软件工程","【亿联网络】 运维工程师
2025年7月 - 至今
    · 对接产品、测试团队，跟进需求落地与缺陷修复
    · 承担分配模块的编码、测试与优化工作，保障系统稳定运行

【金蝶软件有限公司】 运维工程师
2024年12月 - 2025年6月
    · 编写开发文档，沉淀技术规范，协助新人熟悉业务
    · 对接产品、测试团队，跟进需求落地与缺陷修复

【易联互联网科技有限公司】 运维工程师
2023年1月 - 2024年2月
    · 编写开发文档，沉淀技术规范，协助新人熟悉业务
    · 负责公司运维工程师相关业务的开发与维护，参与需求评审","■ CI/CD自动化流水线
  项目目标：实现代码自动化构建、测试、部署，提升发布效率
  个人职责：基于Jenkins搭建持续集成流水线，配置Docker容器化部署
  项目成果：发布周期从每周1次提升至每天3次，部署失误率降为0

■ 服务器集群运维优化
  项目目标：提升服务器集群稳定性，降低故障发生率
  个人职责：负责日常巡检、故障排查，优化监控告警规则与分级策略
  项目成果：服务器故障率下降60%，平均故障响应时间缩短至15分钟","专业技能：Prometheus、Docker、Zabbix、网络运维、Jenkins、Nginx、Kubernetes、Shell、MySQL、Redis
相关证书：计算机一级",拥有5年行业经验，技术视野开阔，具备方案设计与项目把控能力；逻辑清晰，善于定位并解决复杂技术问题；具备良好的团队管理与跨部门沟通能力，能够推动技术优化与业务落地；责任心强，追求技术与业务的平衡发展。,运维工程师,滁州,互联网/信息技术/软件服务,16500-19000元,否,16500,19000,暨南大学,信息管理与信息系统,本科,本科,2017-06,2017,机器学习、操作系统、数据库原理、软件工程,4,否,5,5年,3,否,亿联网络,运维工程师,2025-07,是,2,CI/CD自动化流水线,Prometheus、Docker、Zabbix、网络运维、Jenkins、Nginx、Kubernetes、Shell、MySQL、Redis,10,计算机一级,1,88,99,223,281
薛璐,女,15330001939,xuelu622@126.com,wx_xuelu_619,滁州,"期望岗位：运维工程师
期望城市：滁州
期望行业：互联网/信息技术/软件服务
期望薪资：11500-12000元",1年运维工程师工作经验，精通网络运维、Zabbix技术栈，参与过完整项目迭代，能够独立完成模块开发与问题排查，注重代码质量与开发效率，具备良好的沟通协作能力。,"中山大学 | 软件工程 | 本科
毕业时间：2021年6月
核心课程：数字信号处理、数据结构、算法设计与分析、软件工程","【智联信息技术有限公司】 运维工程师
2025年4月 - 至今
    · 承担分配模块的编码、测试与优化工作，保障系统稳定运行
    · 对接产品、测试团队，跟进需求落地与缺陷修复","■ CI/CD自动化流水线
  项目目标：实现代码自动化构建、测试、部署，提升发布效率
  个人职责：基于Jenkins搭建持续集成流水线，配置Docker容器化部署
  项目成果：发布周期从每周1次提升至每天3次，部署失误率降为0

■ 服务器集群运维优化
  项目目标：提升服务器集群稳定性，降低故障发生率
  个人职责：负责日常巡检、故障排查，优化监控告警规则与分级策略
  项目成果：服务器故障率下降60%，平均故障响应时间缩短至15分钟","专业技能：Zabbix、Jenkins、Redis、Shell、Ansible、网络运维、Docker、MySQL
相关证书：软考中级、PMP项目管理专业人士",拥有1年实际工作经验，技术功底扎实，熟悉完整开发流程；具备较强的问题解决能力，能够独立排查并解决常见技术问题；工作认真负责，注重团队协作，能够高效推进项目落地；持续学习，保持技术敏感度。,运维工程师,滁州,互联网/信息技术/软件服务,11500-12000元,否,11500,12000,中山大学,软件工程,本科,本科,2021-06,2021,数字信号处理、数据结构、算法设计与分析、软件工程,4,否,1,1年,1,否,智联信息技术有限公司,运维工程师,2025-04,是,2,CI/CD自动化流水线,Zabbix、Jenkins、Redis、Shell、Ansible、网络运维、Docker、MySQL,8,软考中级、PMP项目管理专业人士,2,79,93,223,92
崔婷,女,17684480574,cuiting472@126.com,13655874705,南通,"期望岗位：数据分析师
期望城市：南通
期望行业：互联网/信息技术/软件服务
期望薪资：27500-31500元",8年数据分析师资深经验，精通全链路技术架构，具备团队技术规划与方案设计能力，主导过多个大型项目重构与升级，在高并发/系统稳定性领域有深厚积累，能够带领团队攻克技术难题，驱动业务技术升级。,"福建船政交通职业学院 | 电子信息工程 | 专科
毕业时间：2014年6月
核心课程：算法设计与分析、计算机网络、机器学习、数据结构","【微远数据技术有限公司】 数据分析师
2024年9月 - 至今
    · 负责公司数据分析师相关业务的开发与维护，参与需求评审
    · 对接产品、测试团队，跟进需求落地与缺陷修复
    · 承担分配模块的编码、测试与优化工作，保障系统稳定运行

【启明数据技术有限公司】 数据分析师
2022年5月 - 2024年3月
    · 承担分配模块的编码、测试与优化工作，保障系统稳定运行
    · 编写开发文档，沉淀技术规范，协助新人熟悉业务

【金蝶科技有限公司】 数据分析师
2020年7月 - 2022年5月
    · 编写开发文档，沉淀技术规范，协助新人熟悉业务
    · 承担分配模块的编码、测试与优化工作，保障系统稳定运行","■ 用户行为分析看板
  项目目标：构建用户行为数据体系，支撑运营决策
  个人职责：负责数据清洗、指标体系搭建，输出可视化运营报表
  项目成果：输出15+核心运营指标，支撑每月3次运营优化，用户留存率提升8%

■ 销售数据预测建模
  项目目标：基于历史数据预测销量，指导库存与备货
  个人职责：数据预处理，构建时间序列预测模型，输出月度预测报告
  项目成果：预测准确率达89%，库存周转效率提升25%","专业技能：MySQL、Hive、Pandas、用户分析、统计学、Tableau、数据可视化
相关证书：无",拥有8年行业经验，技术视野开阔，具备方案设计与项目把控能力；逻辑清晰，善于定位并解决复杂技术问题；具备良好的团队管理与跨部门沟通能力，能够推动技术优化与业务落地；责任心强，追求技术与业务的平衡发展。,数据分析师,南通,互联网/信息技术/软件服务,27500-31500元,否,27500,31500,福建船政交通职业学院,电子信息工程,专科,大专,2014-06,2014,算法设计与分析、计算机网络、机器学习、数据结构,4,否,8,8年,3,否,微远数据技术有限公司,数据分析师,2024-09,是,2,用户行为分析看板,MySQL、Hive、Pandas、用户分析、统计学、Tableau、数据可视化,7,无,0,93,99,206,323
向建,男,13217753453,xiangjian08@163.com,wx_xiangjian_253,镇江,"期望岗位：Java开发工程师
期望城市：镇江
期望行业：互联网/信息技术/软件服务
期望薪资：4000-5500元",专科信息管理与信息系统专业应届毕业生，掌握Redis、Linux基础技能，完成过课程设计与毕业项目，具备基础代码编写能力与问题排查思路，学习能力强，做事认真踏实，期望从事Java开发工程师相关工作。,"江西交通职业技术学院 | 信息管理与信息系统 | 专科
毕业时间：2022年6月
核心课程：算法设计与分析、数据库原理、Java程序设计、操作系统","【校园实践】
    · 参与学校计算机协会技术部，负责协会网站日常维护
    · 协助老师完成实验室设备管理与系统环境搭建
    · 参与班级课程设计小组，担任后端开发角色","■ 校园二手交易平台（毕设）
  项目目标：搭建校园闲置物品发布与交易平台
  个人职责：负责用户模块、商品发布模块开发
  项目成果：完成系统原型，获得良好成绩","专业技能：Docker、MyBatis、MySQL、微服务、RabbitMQ、Java、Linux
相关证书：无",应届毕业，具备扎实的专业基础知识与学习能力，能够快速掌握新技术；工作态度认真负责，有耐心，注重细节；具备良好的团队意识与沟通能力，能够积极配合团队完成任务；期望在工作中积累经验，快速成长。,Java开发工程师,镇江,互联网/信息技术/软件服务,4000-5500元,否,4000,5500,江西交通职业技术学院,信息管理与信息系统,专科,大专,2022-06,2022,算法设计与分析、数据库原理、Java程序设计、操作系统,4,是,0,应届,1,是,校园实践,· 参与学校计算机协会技术部，负责协会网站日常维护,,否,1,校园二手交易平台（毕设）,Docker、MyBatis、MySQL、微服务、RabbitMQ、Java、Linux,7,无,0,99,94,81,89
林琳,女,13322382488,linlin74@gmail.com,13320478841,金华,"期望岗位：软件测试工程师
期望城市：金华
期望行业：互联网/信息技术/软件服务
期望薪资：7000-8000元",1年软件测试工程师工作经验，精通缺陷管理、Postman技术栈，参与过完整项目迭代，能够独立完成模块开发与问题排查，注重代码质量与开发效率，具备良好的沟通协作能力。,"厦门海洋职业技术学院 | 网络工程 | 专科
毕业时间：2021年6月
核心课程：Java程序设计、机器学习、Python编程、算法设计与分析","【亿联网络】 软件测试工程师
2025年1月 - 至今
    · 编写开发文档，沉淀技术规范，协助新人熟悉业务
    · 承担分配模块的编码、测试与优化工作，保障系统稳定运行","■ 自动化测试框架搭建
  项目目标：提升回归测试效率，减少人工重复劳动
  个人职责：基于Selenium搭建UI自动化框架，编写核心模块测试脚本
  项目成果：回归测试周期从7天缩短至2天，覆盖率达85%

■ 电商平台功能测试
  项目目标：保障电商系统上线质量，覆盖全业务流程
  个人职责：设计测试用例，执行功能、回归测试，提交缺陷报告
  项目成果：发现并修复120+缺陷，上线后线上缺陷率低于0.5%","专业技能：MySQL、测试用例设计、性能测试、接口测试、Appium、JMeter、Postman
相关证书：软件设计师（中级）",拥有1年实际工作经验，技术功底扎实，熟悉完整开发流程；具备较强的问题解决能力，能够独立排查并解决常见技术问题；工作认真负责，注重团队协作，能够高效推进项目落地；持续学习，保持技术敏感度。,软件测试工程师,金华,互联网/信息技术/软件服务,7000-8000元,否,7000,8000,厦门海洋职业技术学院,网络工程,专科,大专,2021-06,2021,Java程序设计、机器学习、Python编程、算法设计与分析,4,否,1,1年,1,否,亿联网络,软件测试工程师,2025-01,是,2,自动化测试框架搭建,MySQL、测试用例设计、性能测试、接口测试、Appium、JMeter、Postman,7,软件设计师（中级）,1,82,93,207,89
梁茜,女,13138488165,liangxi3365@126.com,15998044404,南平,"期望岗位：Python开发工程师
期望城市：南平
期望行业：互联网/信息技术/软件服务
期望薪资：面议",8年Python开发工程师资深经验，精通全链路技术架构，具备团队技术规划与方案设计能力，主导过多个大型项目重构与升级，在高并发/系统稳定性领域有深厚积累，能够带领团队攻克技术难题，驱动业务技术升级。,"福建农林大学 | 数学与应用数学 | 本科
毕业时间：2014年6月
核心课程：Python编程、数据结构、数字信号处理、Java程序设计","【卓望软件有限公司】 Python开发工程师
2024年11月 - 至今
    · 负责公司Python开发工程师相关业务的开发与维护，参与需求评审
    · 承担分配模块的编码、测试与优化工作，保障系统稳定运行

【博思软件有限公司】 Python开发工程师
2022年1月 - 2024年1月
    · 承担分配模块的编码、测试与优化工作，保障系统稳定运行
    · 负责公司Python开发工程师相关业务的开发与维护，参与需求评审
    · 对接产品、测试团队，跟进需求落地与缺陷修复

【用友信息技术有限公司】 Python开发工程师
2020年12月 - 2022年2月
    · 编写开发文档，沉淀技术规范，协助新人熟悉业务
    · 对接产品、测试团队，跟进需求落地与缺陷修复","■ 数据采集爬虫系统
  项目目标：搭建分布式爬虫平台，采集多渠道公开数据
  个人职责：负责反爬策略破解、数据清洗、入库逻辑开发
  项目成果：日均采集数据50万条，数据准确率98%以上

■ 自动化运维平台
  项目目标：开发运维管理平台，实现服务器批量管理
  个人职责：负责监控、告警、任务调度模块后端开发
  项目成果：管理服务器200+，运维人力成本降低50%","专业技能：MongoDB、Linux、爬虫、Git、MySQL、Celery
相关证书：无",拥有8年行业经验，技术视野开阔，具备方案设计与项目把控能力；逻辑清晰，善于定位并解决复杂技术问题；具备良好的团队管理与跨部门沟通能力，能够推动技术优化与业务落地；责任心强，追求技术与业务的平衡发展。,Python开发工程师,南平,互联网/信息技术/软件服务,面议,是,,,福建农林大学,数学与应用数学,本科,本科,2014-06,2014,Python编程、数据结构、数字信号处理、Java程序设计,4,否,8,8年,3,否,卓望软件有限公司,Python开发工程师,2024-11,是,2,数据采集爬虫系统,MongoDB、Linux、爬虫、Git、MySQL、Celery,6,无,0,99,99,186,352
秦宇泽,男,15674010356,qinyuze3900@163.com,13005393714,安庆,"期望岗位：Python开发工程师
期望城市：安庆
期望行业：互联网/信息技术/软件服务
期望薪资：7500-9500元",3年Python开发工程师工作经验，精通MongoDB、Django技术栈，参与过完整项目迭代，能够独立完成模块开发与问题排查，注重代码质量与开发效率，具备良好的沟通协作能力。,"苏州科技大学 | 通信工程 | 本科
毕业时间：2019年6月
核心课程：数据库原理、操作系统、数字信号处理、数据结构","【未来软件有限公司】 Python开发工程师
2025年9月 - 至今
    · 编写开发文档，沉淀技术规范，协助新人熟悉业务
    · 对接产品、测试团队，跟进需求落地与缺陷修复
    · 承担分配模块的编码、测试与优化工作，保障系统稳定运行

【星图信息技术有限公司】 Python开发工程师
2024年8月 - 2025年6月
    · 负责公司Python开发工程师相关业务的开发与维护，参与需求评审
    · 对接产品、测试团队，跟进需求落地与缺陷修复","■ 自动化运维平台
  项目目标：开发运维管理平台，实现服务器批量管理
  个人职责：负责监控、告警、任务调度模块后端开发
  项目成果：管理服务器200+，运维人力成本降低50%

■ 数据采集爬虫系统
  项目目标：搭建分布式爬虫平台，采集多渠道公开数据
  个人职责：负责反爬策略破解、数据清洗、入库逻辑开发
  项目成果：日均采集数据50万条，数据准确率98%以上","专业技能：Django、FastAPI、Celery、Flask、Git、爬虫、MongoDB、MySQL、Redis、Python
相关证书：无",拥有3年实际工作经验，技术功底扎实，熟悉完整开发流程；具备较强的问题解决能力，能够独立排查并解决常见技术问题；工作认真负责，注重团队协作，能够高效推进项目落地；持续学习，保持技术敏感度。,Python开发工程师,安庆,互联网/信息技术/软件服务,7500-9500元,否,7500,9500,苏州科技大学,通信工程,本科,本科,2019-06,2019,数据库原理、操作系统、数字信号处理、数据结构,4,否,3,3年,2,否,未来软件有限公司,Python开发工程师,2025-09,是,2,自动化运维平台,Django、FastAPI、Celery、Flask、Git、爬虫、MongoDB、MySQL、Redis、Python,10,无,0,88,93,186,236
唐丹,女,18056750260,tangdan167@qq.com,18952255637,温州,"期望岗位：前端开发工程师
期望城市：温州
期望行业：互联网/信息技术/软件服务
期望薪资：10000-13500元",5年前端开发工程师从业经验，精通Axios技术架构，主导过中型项目从0到1落地，擅长技术方案设计与性能优化，曾推动核心模块技术重构，带来显著效率提升，具备跨部门协作与项目推进能力。,"佛山科学技术学院 | 计算机应用技术 | 本科
毕业时间：2017年6月
核心课程：软件工程、机器学习、数字信号处理、Java程序设计","【恒信信息技术有限公司】 前端开发工程师
2025年1月 - 至今
    · 编写开发文档，沉淀技术规范，协助新人熟悉业务
    · 承担分配模块的编码、测试与优化工作，保障系统稳定运行
    · 对接产品、测试团队，跟进需求落地与缺陷修复

【中软科技有限公司】 前端开发工程师
2024年10月 - 2025年12月
    · 负责公司前端开发工程师相关业务的开发与维护，参与需求评审
    · 编写开发文档，沉淀技术规范，协助新人熟悉业务

【微远数据技术有限公司】 前端开发工程师
2023年10月 - 2024年8月
    · 对接产品、测试团队，跟进需求落地与缺陷修复
    · 承担分配模块的编码、测试与优化工作，保障系统稳定运行
    · 负责公司前端开发工程师相关业务的开发与维护，参与需求评审","■ 企业后台管理系统
  项目目标：搭建企业运营管理后台，实现业务数据可视化
  个人职责：负责权限管理、数据报表模块开发，对接后端接口联调
  项目成果：覆盖12个业务部门，运营效率提升40%

■ 电商平台前端重构
  项目目标：升级旧版电商系统前端架构，提升用户体验与加载速度
  个人职责：负责商品详情页、购物车模块开发，组件化封装公共组件
  项目成果：首屏加载时间从3.2s降至1.8s，页面转化率提升12%","专业技能：CSS3、Element UI、TypeScript、Axios、Webpack、HTML5、JavaScript、Vite
相关证书：华为HCIA认证、软考中级",拥有5年行业经验，技术视野开阔，具备方案设计与项目把控能力；逻辑清晰，善于定位并解决复杂技术问题；具备良好的团队管理与跨部门沟通能力，能够推动技术优化与业务落地；责任心强，追求技术与业务的平衡发展。,前端开发工程师,温州,互联网/信息技术/软件服务,10000-13500元,否,10000,13500,佛山科学技术学院,计算机应用技术,本科,本科,2017-06,2017,软件工程、机器学习、数字信号处理、Java程序设计,4,否,5,5年,3,否,恒信信息技术有限公司,前端开发工程师,2025-01,是,2,企业后台管理系统,CSS3、Element UI、TypeScript、Axios、Webpack、HTML5、JavaScript、Vite,8,华为HCIA认证、软考中级,2,90,99,210,364
武静,女,13029959047,wujing34@outlook.com,15064012541,阜阳,"期望岗位：Python开发工程师
期望城市：阜阳
期望行业：互联网/信息技术/软件服务
期望薪资：面议",5年Python开发工程师从业经验，精通FastAPI技术架构，主导过中型项目从0到1落地，擅长技术方案设计与性能优化，曾推动核心模块技术重构，带来显著效率提升，具备跨部门协作与项目推进能力。,"广东技术师范大学 | 软件工程 | 本科
毕业时间：2017年6月
核心课程：Java程序设计、数据结构、数据库原理、算法设计与分析","【亿联网络】 Python开发工程师
2025年4月 - 至今
    · 编写开发文档，沉淀技术规范，协助新人熟悉业务
    · 对接产品、测试团队，跟进需求落地与缺陷修复

【数聚网络科技有限公司】 Python开发工程师
2024年10月 - 2025年10月
    · 对接产品、测试团队，跟进需求落地与缺陷修复
    · 承担分配模块的编码、测试与优化工作，保障系统稳定运行

【云创互联网科技有限公司】 Python开发工程师
2023年4月 - 2024年1月
    · 对接产品、测试团队，跟进需求落地与缺陷修复
    · 负责公司Python开发工程师相关业务的开发与维护，参与需求评审","■ 数据采集爬虫系统
  项目目标：搭建分布式爬虫平台，采集多渠道公开数据
  个人职责：负责反爬策略破解、数据清洗、入库逻辑开发
  项目成果：日均采集数据50万条，数据准确率98%以上

■ 自动化运维平台
  项目目标：开发运维管理平台，实现服务器批量管理
  个人职责：负责监控、告警、任务调度模块后端开发
  项目成果：管理服务器200+，运维人力成本降低50%","专业技能：FastAPI、爬虫、Celery、Flask、Python、MongoDB、Git、MySQL
相关证书：英语四级、软考中级",拥有5年行业经验，技术视野开阔，具备方案设计与项目把控能力；逻辑清晰，善于定位并解决复杂技术问题；具备良好的团队管理与跨部门沟通能力，能够推动技术优化与业务落地；责任心强，追求技术与业务的平衡发展。,Python开发工程师,阜阳,互联网/信息技术/软件服务,面议,是,,,广东技术师范大学,软件工程,本科,本科,2017-06,2017,Java程序设计、数据结构、数据库原理、算法设计与分析,4,否,5,5年,3,否,亿联网络,Python开发工程师,2025-04,是,2,数据采集爬虫系统,FastAPI、爬虫、Celery、Flask、Python、MongoDB、Git、MySQL,8,英语四级、软考中级,2,96,99,186,307
贾一诺,女,13910674567,jia一nuo1556@126.com,wx_jia一nuo_110,南平,"期望岗位：数据分析师
期望城市：南平
期望行业：互联网/信息技术/软件服务
期望薪资：4000-4500元",专科数据科学与大数据技术专业应届毕业生，有0段数据分析师实习经验，掌握SQL技术栈，参与过实习项目开发，具备良好的代码规范与团队协作意识，能够快速上手业务，期望正式入职发展。,"广东轻工职业技术学院 | 数据科学与大数据技术 | 专科
毕业时间：2022年6月
核心课程：数字信号处理、计算机网络、操作系统、机器学习","【锐捷数据技术有限公司】 数据分析师（实习）
2022年8月 - 至今
    · 编写开发文档，沉淀技术规范，协助新人熟悉业务
    · 承担分配模块的编码、测试与优化工作，保障系统稳定运行","■ 电商公开数据爬取分析
  项目目标：采集公开电商商品数据并分析
  个人职责：数据爬取、清洗、价格销量分析
  项目成果：输出可视化分析图表

■ 学生成绩数据分析
  项目目标：对班级期末成绩进行统计分析
  个人职责：数据清洗、可视化图表制作、结论输出
  项目成果：输出分析报告，提出3点教学建议","专业技能：Excel、Power BI、Pandas、用户分析、数据可视化
相关证书：无",有实习经验，熟悉开发基本流程，具备基础的项目实践能力；学习能力强，能够快速上手新业务新技术；工作踏实，责任心强，善于沟通协作，能够高效完成分配的工作任务。,数据分析师,南平,互联网/信息技术/软件服务,4000-4500元,否,4000,4500,广东轻工职业技术学院,数据科学与大数据技术,专科,大专,2022-06,2022,数字信号处理、计算机网络、操作系统、机器学习,4,是,0,应届,1,否,锐捷数据技术有限公司,数据分析师（实习）,2022-08,是,2,电商公开数据爬取分析,Excel、Power BI、Pandas、用户分析、数据可视化,5,无,0,87,77,153,97
石悦,女,18149400503,shiyue455@qq.com,15814425303,苏州,"期望岗位：前端开发工程师
期望城市：苏州
期望行业：互联网/信息技术/软件服务
期望薪资：7500-8000元",3年前端开发工程师工作经验，精通Vite、Ant Design技术栈，参与过完整项目迭代，能够独立完成模块开发与问题排查，注重代码质量与开发效率，具备良好的沟通协作能力。,"泉州师范学院 | 软件技术 | 本科
毕业时间：2019年6月
核心课程：数据库原理、软件工程、数据结构、计算机网络","【携程（厦门）】 前端开发工程师
2025年6月 - 至今
    · 负责公司前端开发工程师相关业务的开发与维护，参与需求评审
    · 承担分配模块的编码、测试与优化工作，保障系统稳定运行

【博思数据技术有限公司】 前端开发工程师
2024年9月 - 2025年2月
    · 编写开发文档，沉淀技术规范，协助新人熟悉业务
    · 负责公司前端开发工程师相关业务的开发与维护，参与需求评审","■ 电商平台前端重构
  项目目标：升级旧版电商系统前端架构，提升用户体验与加载速度
  个人职责：负责商品详情页、购物车模块开发，组件化封装公共组件
  项目成果：首屏加载时间从3.2s降至1.8s，页面转化率提升12%

■ 企业后台管理系统
  项目目标：搭建企业运营管理后台，实现业务数据可视化
  个人职责：负责权限管理、数据报表模块开发，对接后端接口联调
  项目成果：覆盖12个业务部门，运营效率提升40%","专业技能：CSS3、TypeScript、JavaScript、React、移动端适配、Vue
相关证书：阿里云ACP云计算认证、英语六级、华为HCIA认证",拥有3年实际工作经验，技术功底扎实，熟悉完整开发流程；具备较强的问题解决能力，能够独立排查并解决常见技术问题；工作认真负责，注重团队协作，能够高效推进项目落地；持续学习，保持技术敏感度。,前端开发工程师,苏州,互联网/信息技术/软件服务,7500-8000元,否,7500,8000,泉州师范学院,软件技术,本科,本科,2019-06,2019,数据库原理、软件工程、数据结构、计算机网络,4,否,3,3年,2,否,携程（厦门）,前端开发工程师,2025-06,是,2,电商平台前端重构,CSS3、TypeScript、JavaScript、React、移动端适配、Vue,6,阿里云ACP云计算认证、英语六级、华为HCIA认证,3,85,93,210,201
邵然,男,15535785598,shaoran27@qq.com,13085883014,滁州,"期望岗位：软件测试工程师
期望城市：滁州
期望行业：互联网/信息技术/软件服务
期望薪资：3000-4000元",专科物联网工程专业应届毕业生，掌握功能测试、性能测试基础技能，完成过课程设计与毕业项目，具备基础代码编写能力与问题排查思路，学习能力强，做事认真踏实，期望从事软件测试工程师相关工作。,"福州职业技术学院 | 物联网工程 | 专科
毕业时间：2022年6月
核心课程：数字信号处理、数据库原理、机器学习、Java程序设计","【校园实践】
    · 参与学校计算机协会技术部，负责协会网站日常维护
    · 协助老师完成实验室设备管理与系统环境搭建
    · 参与班级课程设计小组，担任后端开发角色","■ 学生管理系统功能测试
  项目目标：对课程设计系统进行功能测试与缺陷提交
  个人职责：设计测试用例，执行黑盒测试
  项目成果：发现并提交8个功能缺陷","专业技能：Selenium、Postman、TestNG、功能测试、测试用例设计、MySQL、接口测试
相关证书：计算机一级、英语四级、阿里云ACP云计算认证",应届毕业，具备扎实的专业基础知识与学习能力，能够快速掌握新技术；工作态度认真负责，有耐心，注重细节；具备良好的团队意识与沟通能力，能够积极配合团队完成任务；期望在工作中积累经验，快速成长。,软件测试工程师,滁州,互联网/信息技术/软件服务,3000-4000元,否,3000,4000,福州职业技术学院,物联网工程,专科,大专,2022-06,2022,数字信号处理、数据库原理、机器学习、Java程序设计,4,是,0,应届,1,是,校园实践,· 参与学校计算机协会技术部，负责协会网站日常维护,,否,1,学生管理系统功能测试,Selenium、Postman、TestNG、功能测试、测试用例设计、MySQL、接口测试,7,计算机一级、英语四级、阿里云ACP云计算认证,3,91,94,78,89
邓若曦,女,15650034633,deng若xi727@163.com,wx_deng若xi_276,南通,"期望岗位：算法工程师
期望城市：南通
期望行业：互联网/信息技术/软件服务
期望薪资：4500-5500元",专科通信工程专业应届毕业生，掌握SQL、Python基础技能，完成过课程设计与毕业项目，具备基础代码编写能力与问题排查思路，学习能力强，做事认真踏实，期望从事算法工程师相关工作。,"广东轻工职业技术学院 | 通信工程 | 专科
毕业时间：2022年6月
核心课程：数据库原理、Python编程、Java程序设计、软件工程","【校园实践】
    · 参与学校计算机协会技术部，负责协会网站日常维护
    · 协助老师完成实验室设备管理与系统环境搭建
    · 参与班级课程设计小组，担任后端开发角色","■ 电影推荐系统（毕设）
  项目目标：基于协同过滤实现简单电影推荐
  个人职责：数据处理、模型实现、效果验证
  项目成果：召回准确率达到75%","专业技能：算法优化、推荐算法、数据结构、Python、PyTorch、计算机视觉、特征工程
相关证书：英语六级",应届毕业，具备扎实的专业基础知识与学习能力，能够快速掌握新技术；工作态度认真负责，有耐心，注重细节；具备良好的团队意识与沟通能力，能够积极配合团队完成任务；期望在工作中积累经验，快速成长。,算法工程师,南通,互联网/信息技术/软件服务,4500-5500元,否,4500,5500,广东轻工职业技术学院,通信工程,专科,大专,2022-06,2022,数据库原理、Python编程、Java程序设计、软件工程,4,是,0,应届,1,是,校园实践,· 参与学校计算机协会技术部，负责协会网站日常维护,,否,1,电影推荐系统（毕设）,算法优化、推荐算法、数据结构、Python、PyTorch、计算机视觉、特征工程,7,英语六级,1,89,94,74,89
邵鑫,男,18135218218,shaoxin6625@126.com,wx_shaoxin_472,宁波,"期望岗位：Python开发工程师
期望城市：宁波
期望行业：互联网/信息技术/软件服务
期望薪资：7500-8000元",本科物联网工程专业应届毕业生，有0段Python开发工程师实习经验，掌握Django技术栈，参与过实习项目开发，具备良好的代码规范与团队协作意识，能够快速上手业务，期望正式入职发展。,"福建农林大学 | 物联网工程 | 本科
毕业时间：2022年6月
核心课程：数字信号处理、Python编程、操作系统、数据结构","【字节跳动（厦门分公司）】 Python开发工程师（实习）
2021年1月 - 至今
    · 编写开发文档，沉淀技术规范，协助新人熟悉业务
    · 承担分配模块的编码、测试与优化工作，保障系统稳定运行
    · 对接产品、测试团队，跟进需求落地与缺陷修复","■ 自动化办公脚本
  项目目标：批量处理Excel表格数据
  个人职责：实现数据合并、格式转换、自动统计
  项目成果：提升人工效率80%

■ 简单爬虫脚本开发
  项目目标：爬取公开网站数据并入库
  个人职责：负责反爬处理、数据清洗、SQLite存储
  项目成果：日均采集数据1万条","专业技能：Python、MongoDB、Django、FastAPI、爬虫
相关证书：阿里云ACP云计算认证、计算机二级、华为HCIA认证",有实习经验，熟悉开发基本流程，具备基础的项目实践能力；学习能力强，能够快速上手新业务新技术；工作踏实，责任心强，善于沟通协作，能够高效完成分配的工作任务。,Python开发工程师,宁波,互联网/信息技术/软件服务,7500-8000元,否,7500,8000,福建农林大学,物联网工程,本科,本科,2022-06,2022,数字信号处理、Python编程、操作系统、数据结构,4,是,0,应届,1,否,字节跳动（厦门分公司）,Python开发工程师（实习）,2021-01,是,2,自动化办公脚本,Python、MongoDB、Django、FastAPI、爬虫,5,阿里云ACP云计算认证、计算机二级、华为HCIA认证,3,91,77,147,132
高涛,男,15374193082,gaotao39@qq.com,wx_gaotao_966,泉州,"期望岗位：Python开发工程师
期望城市：泉州
期望行业：互联网/信息技术/软件服务
期望薪资：32000-35000元",6年Python开发工程师资深经验，精通全链路技术架构，具备团队技术规划与方案设计能力，主导过多个大型项目重构与升级，在高并发/系统稳定性领域有深厚积累，能够带领团队攻克技术难题，驱动业务技术升级。,"泉州经贸职业技术学院 | 软件工程 | 专科
毕业时间：2016年6月
核心课程：Python编程、数字信号处理、数据库原理、计算机网络","【新科软件有限公司】 Python开发工程师
2024年7月 - 至今
    · 负责公司Python开发工程师相关业务的开发与维护，参与需求评审
    · 对接产品、测试团队，跟进需求落地与缺陷修复
    · 编写开发文档，沉淀技术规范，协助新人熟悉业务

【东软数据技术有限公司】 Python开发工程师
2022年10月 - 2024年4月
    · 承担分配模块的编码、测试与优化工作，保障系统稳定运行
    · 负责公司Python开发工程师相关业务的开发与维护，参与需求评审

【用友信息技术有限公司】 Python开发工程师
2020年8月 - 2022年9月
    · 负责公司Python开发工程师相关业务的开发与维护，参与需求评审
    · 对接产品、测试团队，跟进需求落地与缺陷修复","■ 自动化运维平台
  项目目标：开发运维管理平台，实现服务器批量管理
  个人职责：负责监控、告警、任务调度模块后端开发
  项目成果：管理服务器200+，运维人力成本降低50%

■ 数据采集爬虫系统
  项目目标：搭建分布式爬虫平台，采集多渠道公开数据
  个人职责：负责反爬策略破解、数据清洗、入库逻辑开发
  项目成果：日均采集数据50万条，数据准确率98%以上","专业技能：Linux、FastAPI、Flask、Celery、MongoDB、Django、MySQL、Python、Redis
相关证书：无",拥有6年行业经验，技术视野开阔，具备方案设计与项目把控能力；逻辑清晰，善于定位并解决复杂技术问题；具备良好的团队管理与跨部门沟通能力，能够推动技术优化与业务落地；责任心强，追求技术与业务的平衡发展。,Python开发工程师,泉州,互联网/信息技术/软件服务,32000-35000元,否,32000,35000,泉州经贸职业技术学院,软件工程,专科,大专,2016-06,2016,Python编程、数字信号处理、数据库原理、计算机网络,4,否,6,6年,3,否,新科软件有限公司,Python开发工程师,2024-07,是,2,自动化运维平台,Linux、FastAPI、Flask、Celery、MongoDB、Django、MySQL、Python、Redis,9,无,0,99,99,186,359
程静,女,15277904324,chengjing4631@qq.com,18988435800,南通,"期望岗位：运维工程师
期望城市：南通
期望行业：互联网/信息技术/软件服务
期望薪资：11500-12000元",3年运维工程师工作经验，精通Zabbix、Docker技术栈，参与过完整项目迭代，能够独立完成模块开发与问题排查，注重代码质量与开发效率，具备良好的沟通协作能力。,"厦门大学 | 数学与应用数学 | 本科
毕业时间：2019年6月
核心课程：Java程序设计、计算机网络、机器学习、操作系统","【美图公司】 运维工程师
2025年11月 - 至今
    · 承担分配模块的编码、测试与优化工作，保障系统稳定运行
    · 负责公司运维工程师相关业务的开发与维护，参与需求评审

【博思科技有限公司】 运维工程师
2024年6月 - 2025年2月
    · 对接产品、测试团队，跟进需求落地与缺陷修复
    · 承担分配模块的编码、测试与优化工作，保障系统稳定运行
    · 负责公司运维工程师相关业务的开发与维护，参与需求评审","■ 服务器集群运维优化
  项目目标：提升服务器集群稳定性，降低故障发生率
  个人职责：负责日常巡检、故障排查，优化监控告警规则与分级策略
  项目成果：服务器故障率下降60%，平均故障响应时间缩短至15分钟

■ CI/CD自动化流水线
  项目目标：实现代码自动化构建、测试、部署，提升发布效率
  个人职责：基于Jenkins搭建持续集成流水线，配置Docker容器化部署
  项目成果：发布周期从每周1次提升至每天3次，部署失误率降为0","专业技能：Docker、Nginx、Kubernetes、Zabbix、MySQL、Linux
相关证书：华为HCIA认证、红帽RHCE认证",拥有3年实际工作经验，技术功底扎实，熟悉完整开发流程；具备较强的问题解决能力，能够独立排查并解决常见技术问题；工作认真负责，注重团队协作，能够高效推进项目落地；持续学习，保持技术敏感度。,运维工程师,南通,互联网/信息技术/软件服务,11500-12000元,否,11500,12000,厦门大学,数学与应用数学,本科,本科,2019-06,2019,Java程序设计、计算机网络、机器学习、操作系统,4,否,3,3年,2,否,美图公司,运维工程师,2025-11,是,2,服务器集群运维优化,Docker、Nginx、Kubernetes、Zabbix、MySQL、Linux,6,华为HCIA认证、红帽RHCE认证,2,81,93,223,222
廖勇,男,13727274072,liaoyong84@qq.com,13194261041,宁德,"期望岗位：Python开发工程师
期望城市：宁德
期望行业：互联网/信息技术/软件服务
期望薪资：3500-4000元",本科数学与应用数学专业应届毕业生，掌握Docker、Redis基础技能，完成过课程设计与毕业项目，具备基础代码编写能力与问题排查思路，学习能力强，做事认真踏实，期望从事Python开发工程师相关工作。,"江西师范大学 | 数学与应用数学 | 本科
毕业时间：2022年6月
核心课程：操作系统、计算机网络、数字信号处理、机器学习","【校园实践】
    · 参与学校计算机协会技术部，负责协会网站日常维护
    · 协助老师完成实验室设备管理与系统环境搭建
    · 参与班级课程设计小组，担任后端开发角色","■ 简单爬虫脚本开发
  项目目标：爬取公开网站数据并入库
  个人职责：负责反爬处理、数据清洗、SQLite存储
  项目成果：日均采集数据1万条","专业技能：Django、Git、MySQL、Docker、Python
相关证书：计算机二级",应届毕业，具备扎实的专业基础知识与学习能力，能够快速掌握新技术；工作态度认真负责，有耐心，注重细节；具备良好的团队意识与沟通能力，能够积极配合团队完成任务；期望在工作中积累经验，快速成长。,Python开发工程师,宁德,互联网/信息技术/软件服务,3500-4000元,否,3500,4000,江西师范大学,数学与应用数学,本科,本科,2022-06,2022,操作系统、计算机网络、数字信号处理、机器学习,4,是,0,应届,1,是,校园实践,· 参与学校计算机协会技术部，负责协会网站日常维护,,否,1,简单爬虫脚本开发,Django、Git、MySQL、Docker、Python,5,计算机二级,1,100,94,74,89
冯梓涵,女,15246232021,feng梓han4057@qq.com,wx_feng梓han_142,漳州,"期望岗位：算法工程师
期望城市：漳州
期望行业：互联网/信息技术/软件服务
期望薪资：3500-6000元",本科数据科学与大数据技术专业应届毕业生，掌握Python、SQL基础技能，完成过课程设计与毕业项目，具备基础代码编写能力与问题排查思路，学习能力强，做事认真踏实，期望从事算法工程师相关工作。,"浙江工业大学 | 数据科学与大数据技术 | 本科
毕业时间：2022年6月
核心课程：算法设计与分析、数字信号处理、软件工程、数据库原理","【校园实践】
    · 参与学校计算机协会技术部，负责协会网站日常维护
    · 协助老师完成实验室设备管理与系统环境搭建
    · 参与班级课程设计小组，担任后端开发角色","■ 手写数字识别（课程作业）
  项目目标：基于MNIST数据集实现手写数字识别
  个人职责：使用CNN搭建模型，训练与调优
  项目成果：识别准确率达到92%","专业技能：TensorFlow、深度学习、特征工程、数据结构、机器学习、PyTorch、推荐算法
相关证书：英语四级",应届毕业，具备扎实的专业基础知识与学习能力，能够快速掌握新技术；工作态度认真负责，有耐心，注重细节；具备良好的团队意识与沟通能力，能够积极配合团队完成任务；期望在工作中积累经验，快速成长。,算法工程师,漳州,互联网/信息技术/软件服务,3500-6000元,否,3500,6000,浙江工业大学,数据科学与大数据技术,本科,本科,2022-06,2022,算法设计与分析、数字信号处理、软件工程、数据库原理,4,是,0,应届,1,是,校园实践,· 参与学校计算机协会技术部，负责协会网站日常维护,,否,1,手写数字识别（课程作业）,TensorFlow、深度学习、特征工程、数据结构、机器学习、PyTorch、推荐算法,7,英语四级,1,95,94,81,89
周峰,男,13194628312,zhoufeng83@outlook.com,wx_zhoufeng_964,安庆,"期望岗位：Python开发工程师
期望城市：安庆
期望行业：互联网/信息技术/软件服务
期望薪资：面议",3年Python开发工程师工作经验，精通Django、爬虫技术栈，参与过完整项目迭代，能够独立完成模块开发与问题排查，注重代码质量与开发效率，具备良好的沟通协作能力。,"佛山科学技术学院 | 数学与应用数学 | 本科
毕业时间：2019年6月
核心课程：软件工程、算法设计与分析、操作系统、Java程序设计","【数聚软件有限公司】 Python开发工程师
2025年3月 - 至今
    · 对接产品、测试团队，跟进需求落地与缺陷修复
    · 负责公司Python开发工程师相关业务的开发与维护，参与需求评审

【微远网络科技有限公司】 Python开发工程师
2024年6月 - 2025年8月
    · 承担分配模块的编码、测试与优化工作，保障系统稳定运行
    · 编写开发文档，沉淀技术规范，协助新人熟悉业务","■ 自动化运维平台
  项目目标：开发运维管理平台，实现服务器批量管理
  个人职责：负责监控、告警、任务调度模块后端开发
  项目成果：管理服务器200+，运维人力成本降低50%

■ 数据采集爬虫系统
  项目目标：搭建分布式爬虫平台，采集多渠道公开数据
  个人职责：负责反爬策略破解、数据清洗、入库逻辑开发
  项目成果：日均采集数据50万条，数据准确率98%以上","专业技能：MySQL、Celery、Django、MongoDB、Linux、Redis、爬虫、Docker、Python、FastAPI
相关证书：软件设计师（中级）",拥有3年实际工作经验，技术功底扎实，熟悉完整开发流程；具备较强的问题解决能力，能够独立排查并解决常见技术问题；工作认真负责，注重团队协作，能够高效推进项目落地；持续学习，保持技术敏感度。,Python开发工程师,安庆,互联网/信息技术/软件服务,面议,是,,,佛山科学技术学院,数学与应用数学,本科,本科,2019-06,2019,软件工程、算法设计与分析、操作系统、Java程序设计,4,否,3,3年,2,否,数聚软件有限公司,Python开发工程师,2025-03,是,2,自动化运维平台,MySQL、Celery、Django、MongoDB、Linux、Redis、爬虫、Docker、Python、FastAPI,10,软件设计师（中级）,1,83,93,186,208
潘妍,女,13853291744,panyan6507@126.com,wx_panyan_684,金华,"期望岗位：数据分析师
期望城市：金华
期望行业：互联网/信息技术/软件服务
期望薪资：面议",专科软件技术专业应届毕业生，掌握Pandas、SQL基础技能，完成过课程设计与毕业项目，具备基础代码编写能力与问题排查思路，学习能力强，做事认真踏实，期望从事数据分析师相关工作。,"福建船政交通职业学院 | 软件技术 | 专科
毕业时间：2022年6月
核心课程：机器学习、计算机网络、操作系统、数据库原理","【校园实践】
    · 参与学校计算机协会技术部，负责协会网站日常维护
    · 协助老师完成实验室设备管理与系统环境搭建
    · 参与班级课程设计小组，担任后端开发角色","■ 电商公开数据爬取分析
  项目目标：采集公开电商商品数据并分析
  个人职责：数据爬取、清洗、价格销量分析
  项目成果：输出可视化分析图表","专业技能：Pandas、用户分析、Excel、MySQL、NumPy
相关证书：无",应届毕业，具备扎实的专业基础知识与学习能力，能够快速掌握新技术；工作态度认真负责，有耐心，注重细节；具备良好的团队意识与沟通能力，能够积极配合团队完成任务；期望在工作中积累经验，快速成长。,数据分析师,金华,互联网/信息技术/软件服务,面议,是,,,福建船政交通职业学院,软件技术,专科,大专,2022-06,2022,机器学习、计算机网络、操作系统、数据库原理,4,是,0,应届,1,是,校园实践,· 参与学校计算机协会技术部，负责协会网站日常维护,,否,1,电商公开数据爬取分析,Pandas、用户分析、Excel、MySQL、NumPy,5,无,0,89,94,72,89
董勇,男,18809530939,dongyong6237@163.com,wx_dongyong_393,宁德,"期望岗位：Java开发工程师
期望城市：宁德
期望行业：互联网/信息技术/软件服务
期望薪资：5000-5500元",本科计算机应用技术专业应届毕业生，有0段Java开发工程师实习经验，掌握JVM调优技术栈，参与过实习项目开发，具备良好的代码规范与团队协作意识，能够快速上手业务，期望正式入职发展。,"浙江大学 | 计算机应用技术 | 本科
毕业时间：2022年6月
核心课程：机器学习、算法设计与分析、数据结构、Python编程","【华为（东莞研究所）】 Java开发工程师（实习）
2022年1月 - 至今
    · 对接产品、测试团队，跟进需求落地与缺陷修复
    · 编写开发文档，沉淀技术规范，协助新人熟悉业务
    · 承担分配模块的编码、测试与优化工作，保障系统稳定运行","■ 校园二手交易平台（毕设）
  项目目标：搭建校园闲置物品发布与交易平台
  个人职责：负责用户模块、商品发布模块开发
  项目成果：完成系统原型，获得良好成绩

■ 学生成绩管理系统（课程设计）
  项目目标：实现学生信息、成绩、班级的增删改查管理
  个人职责：负责后端接口开发与数据库设计
  项目成果：完成基础功能，通过课程答辩","专业技能：Redis、Java、JVM调优、Git
相关证书：英语四级、英语六级",有实习经验，熟悉开发基本流程，具备基础的项目实践能力；学习能力强，能够快速上手新业务新技术；工作踏实，责任心强，善于沟通协作，能够高效完成分配的工作任务。,Java开发工程师,宁德,互联网/信息技术/软件服务,5000-5500元,否,5000,5500,浙江大学,计算机应用技术,本科,本科,2022-06,2022,机器学习、算法设计与分析、数据结构、Python编程,4,是,0,应届,1,否,华为（东莞研究所）,Java开发工程师（实习）,2022-01,是,2,校园二手交易平台（毕设）,Redis、Java、JVM调优、Git,4,英语四级、英语六级,2,90,77,169,128
黄欣,女,13906089111,huangxin351@qq.com,13751750725,莆田,"期望岗位：运维工程师
期望城市：莆田
期望行业：互联网/信息技术/软件服务
期望薪资：面议",专科软件技术专业应届毕业生，掌握Linux、Prometheus基础技能，完成过课程设计与毕业项目，具备基础代码编写能力与问题排查思路，学习能力强，做事认真踏实，期望从事运维工程师相关工作。,"苏州职业大学 | 软件技术 | 专科
毕业时间：2022年6月
核心课程：算法设计与分析、数据结构、机器学习、Java程序设计","【校园实践】
    · 参与学校计算机协会技术部，负责协会网站日常维护
    · 协助老师完成实验室设备管理与系统环境搭建
    · 参与班级课程设计小组，担任后端开发角色","■ 简单监控脚本开发
  项目目标：编写服务器状态监控脚本
  个人职责：实现CPU、内存、磁盘使用率自动采集
  项目成果：支持异常邮件告警","专业技能：Zabbix、Nginx、Docker、Redis、Ansible、Kubernetes
相关证书：计算机二级",应届毕业，具备扎实的专业基础知识与学习能力，能够快速掌握新技术；工作态度认真负责，有耐心，注重细节；具备良好的团队意识与沟通能力，能够积极配合团队完成任务；期望在工作中积累经验，快速成长。,运维工程师,莆田,互联网/信息技术/软件服务,面议,是,,,苏州职业大学,软件技术,专科,大专,2022-06,2022,算法设计与分析、数据结构、机器学习、Java程序设计,4,是,0,应届,1,是,校园实践,· 参与学校计算机协会技术部，负责协会网站日常维护,,否,1,简单监控脚本开发,Zabbix、Nginx、Docker、Redis、Ansible、Kubernetes,6,计算机二级,1,95,94,71,89
钟敏,女,13666548146,zhongmin3587@gmail.com,18442434182,杭州,"期望岗位：软件测试工程师
期望城市：杭州
期望行业：互联网/信息技术/软件服务
期望薪资：13000-17000元",5年软件测试工程师从业经验，精通Appium技术架构，主导过中型项目从0到1落地，擅长技术方案设计与性能优化，曾推动核心模块技术重构，带来显著效率提升，具备跨部门协作与项目推进能力。,"东南大学 | 软件技术 | 本科
毕业时间：2017年6月
核心课程：Python编程、Java程序设计、软件工程、数字信号处理","【阿里巴巴（福州分公司）】 软件测试工程师
2025年11月 - 至今
    · 负责公司软件测试工程师相关业务的开发与维护，参与需求评审
    · 对接产品、测试团队，跟进需求落地与缺陷修复
    · 承担分配模块的编码、测试与优化工作，保障系统稳定运行

【东软网络科技有限公司】 软件测试工程师
2024年5月 - 2025年2月
    · 承担分配模块的编码、测试与优化工作，保障系统稳定运行
    · 负责公司软件测试工程师相关业务的开发与维护，参与需求评审

【汇智数据技术有限公司】 软件测试工程师
2023年10月 - 2024年2月
    · 编写开发文档，沉淀技术规范，协助新人熟悉业务
    · 负责公司软件测试工程师相关业务的开发与维护，参与需求评审
    · 对接产品、测试团队，跟进需求落地与缺陷修复","■ 电商平台功能测试
  项目目标：保障电商系统上线质量，覆盖全业务流程
  个人职责：设计测试用例，执行功能、回归测试，提交缺陷报告
  项目成果：发现并修复120+缺陷，上线后线上缺陷率低于0.5%

■ 自动化测试框架搭建
  项目目标：提升回归测试效率，减少人工重复劳动
  个人职责：基于Selenium搭建UI自动化框架，编写核心模块测试脚本
  项目成果：回归测试周期从7天缩短至2天，覆盖率达85%","专业技能：Python、功能测试、MySQL、缺陷管理、Selenium、TestNG、Postman、JMeter、Appium
相关证书：无",拥有5年行业经验，技术视野开阔，具备方案设计与项目把控能力；逻辑清晰，善于定位并解决复杂技术问题；具备良好的团队管理与跨部门沟通能力，能够推动技术优化与业务落地；责任心强，追求技术与业务的平衡发展。,软件测试工程师,杭州,互联网/信息技术/软件服务,13000-17000元,否,13000,17000,东南大学,软件技术,本科,本科,2017-06,2017,Python编程、Java程序设计、软件工程、数字信号处理,4,否,5,5年,3,否,阿里巴巴（福州分公司）,软件测试工程师,2025-11,是,2,电商平台功能测试,Python、功能测试、MySQL、缺陷管理、Selenium、TestNG、Postman、JMeter、Appium,9,无,0,91,99,207,372
罗刚,男,15381554547,luogang29@outlook.com,wx_luogang_933,绍兴,"期望岗位：前端开发工程师
期望城市：绍兴
期望行业：互联网/信息技术/软件服务
期望薪资：19500-20000元",5年前端开发工程师从业经验，精通JavaScript技术架构，主导过中型项目从0到1落地，擅长技术方案设计与性能优化，曾推动核心模块技术重构，带来显著效率提升，具备跨部门协作与项目推进能力。,"江西师范大学 | 数据科学与大数据技术 | 本科
毕业时间：2017年6月
核心课程：计算机网络、操作系统、数据结构、算法设计与分析","【恒信互联网科技有限公司】 前端开发工程师
2025年7月 - 至今
    · 负责公司前端开发工程师相关业务的开发与维护，参与需求评审
    · 承担分配模块的编码、测试与优化工作，保障系统稳定运行
    · 对接产品、测试团队，跟进需求落地与缺陷修复

【通元信息技术有限公司】 前端开发工程师
2024年12月 - 2025年6月
    · 对接产品、测试团队，跟进需求落地与缺陷修复
    · 负责公司前端开发工程师相关业务的开发与维护，参与需求评审

【星图软件有限公司】 前端开发工程师
2023年12月 - 2024年6月
    · 编写开发文档，沉淀技术规范，协助新人熟悉业务
    · 对接产品、测试团队，跟进需求落地与缺陷修复","■ 企业后台管理系统
  项目目标：搭建企业运营管理后台，实现业务数据可视化
  个人职责：负责权限管理、数据报表模块开发，对接后端接口联调
  项目成果：覆盖12个业务部门，运营效率提升40%

■ 电商平台前端重构
  项目目标：升级旧版电商系统前端架构，提升用户体验与加载速度
  个人职责：负责商品详情页、购物车模块开发，组件化封装公共组件
  项目成果：首屏加载时间从3.2s降至1.8s，页面转化率提升12%","专业技能：Vue、JavaScript、Webpack、CSS3、Vite、移动端适配、TypeScript
相关证书：计算机一级、系统架构设计师、MySQL数据库认证",拥有5年行业经验，技术视野开阔，具备方案设计与项目把控能力；逻辑清晰，善于定位并解决复杂技术问题；具备良好的团队管理与跨部门沟通能力，能够推动技术优化与业务落地；责任心强，追求技术与业务的平衡发展。,前端开发工程师,绍兴,互联网/信息技术/软件服务,19500-20000元,否,19500,20000,江西师范大学,数据科学与大数据技术,本科,本科,2017-06,2017,计算机网络、操作系统、数据结构、算法设计与分析,4,否,5,5年,3,否,恒信互联网科技有限公司,前端开发工程师,2025-07,是,2,企业后台管理系统,Vue、JavaScript、Webpack、CSS3、Vite、移动端适配、TypeScript,7,计算机一级、系统架构设计师、MySQL数据库认证,3,95,99,210,330
严天佑,男,15140330319,yan天you3358@163.com,wx_yan天you_305,杭州,"期望岗位：运维工程师
期望城市：杭州
期望行业：互联网/信息技术/软件服务
期望薪资：3000-6000元",专科数学与应用数学专业应届毕业生，掌握Docker、Ansible基础技能，完成过课程设计与毕业项目，具备基础代码编写能力与问题排查思路，学习能力强，做事认真踏实，期望从事运维工程师相关工作。,"南京工业职业技术大学 | 数学与应用数学 | 专科
毕业时间：2022年6月
核心课程：Python编程、计算机网络、软件工程、Java程序设计","【校园实践】
    · 参与学校计算机协会技术部，负责协会网站日常维护
    · 协助老师完成实验室设备管理与系统环境搭建
    · 参与班级课程设计小组，担任后端开发角色","■ 实验室服务器搭建实训
  项目目标：搭建实验室Linux服务器环境
  个人职责：负责系统安装、网络配置、基础服务部署
  项目成果：完成3台服务器环境搭建","专业技能：Zabbix、Kubernetes、Nginx、Shell、Prometheus、Redis
相关证书：PMP项目管理专业人士、计算机二级",应届毕业，具备扎实的专业基础知识与学习能力，能够快速掌握新技术；工作态度认真负责，有耐心，注重细节；具备良好的团队意识与沟通能力，能够积极配合团队完成任务；期望在工作中积累经验，快速成长。,运维工程师,杭州,互联网/信息技术/软件服务,3000-6000元,否,3000,6000,南京工业职业技术大学,数学与应用数学,专科,大专,2022-06,2022,Python编程、计算机网络、软件工程、Java程序设计,4,是,0,应届,1,是,校园实践,· 参与学校计算机协会技术部，负责协会网站日常维护,,否,1,实验室服务器搭建实训,Zabbix、Kubernetes、Nginx、Shell、Prometheus、Redis,6,PMP项目管理专业人士、计算机二级,2,96,94,80,89
韩建,男,13039772308,hanjian3851@126.com,wx_hanjian_811,南京,"期望岗位：Python开发工程师
期望城市：南京
期望行业：互联网/信息技术/软件服务
期望薪资：17500-18500元",4年Python开发工程师从业经验，精通Docker技术架构，主导过中型项目从0到1落地，擅长技术方案设计与性能优化，曾推动核心模块技术重构，带来显著效率提升，具备跨部门协作与项目推进能力。,"南京大学 | 物联网工程 | 本科
毕业时间：2018年6月
核心课程：数据结构、数字信号处理、Java程序设计、软件工程","【安硕互联网科技有限公司】 Python开发工程师
2024年1月 - 至今
    · 负责公司Python开发工程师相关业务的开发与维护，参与需求评审
    · 编写开发文档，沉淀技术规范，协助新人熟悉业务

【中软软件有限公司】 Python开发工程师
2022年7月 - 2024年5月
    · 负责公司Python开发工程师相关业务的开发与维护，参与需求评审
    · 对接产品、测试团队，跟进需求落地与缺陷修复
    · 编写开发文档，沉淀技术规范，协助新人熟悉业务","■ 数据采集爬虫系统
  项目目标：搭建分布式爬虫平台，采集多渠道公开数据
  个人职责：负责反爬策略破解、数据清洗、入库逻辑开发
  项目成果：日均采集数据50万条，数据准确率98%以上

■ 自动化运维平台
  项目目标：开发运维管理平台，实现服务器批量管理
  个人职责：负责监控、告警、任务调度模块后端开发
  项目成果：管理服务器200+，运维人力成本降低50%","专业技能：爬虫、Flask、FastAPI、MongoDB、Git、Django、MySQL、Python
相关证书：软件设计师（中级）",拥有4年行业经验，技术视野开阔，具备方案设计与项目把控能力；逻辑清晰，善于定位并解决复杂技术问题；具备良好的团队管理与跨部门沟通能力，能够推动技术优化与业务落地；责任心强，追求技术与业务的平衡发展。,Python开发工程师,南京,互联网/信息技术/软件服务,17500-18500元,否,17500,18500,南京大学,物联网工程,本科,本科,2018-06,2018,数据结构、数字信号处理、Java程序设计、软件工程,4,否,4,4年,2,否,安硕互联网科技有限公司,Python开发工程师,2024-01,是,2,数据采集爬虫系统,爬虫、Flask、FastAPI、MongoDB、Git、Django、MySQL、Python,8,软件设计师（中级）,1,95,99,186,244
程健,男,18487728028,chengjian37@outlook.com,18087166924,合肥,"期望岗位：Python开发工程师
期望城市：合肥
期望行业：互联网/信息技术/软件服务
期望薪资：10000-11500元",2年Python开发工程师工作经验，精通Docker、爬虫技术栈，参与过完整项目迭代，能够独立完成模块开发与问题排查，注重代码质量与开发效率，具备良好的沟通协作能力。,"厦门海洋职业技术学院 | 物联网工程 | 专科
毕业时间：2020年6月
核心课程：Python编程、Java程序设计、操作系统、数字信号处理","【智联科技有限公司】 Python开发工程师
2025年7月 - 至今
    · 负责公司Python开发工程师相关业务的开发与维护，参与需求评审
    · 承担分配模块的编码、测试与优化工作，保障系统稳定运行
    · 对接产品、测试团队，跟进需求落地与缺陷修复

【易联科技有限公司】 Python开发工程师
2024年9月 - 2025年8月
    · 负责公司Python开发工程师相关业务的开发与维护，参与需求评审
    · 对接产品、测试团队，跟进需求落地与缺陷修复
    · 承担分配模块的编码、测试与优化工作，保障系统稳定运行","■ 自动化运维平台
  项目目标：开发运维管理平台，实现服务器批量管理
  个人职责：负责监控、告警、任务调度模块后端开发
  项目成果：管理服务器200+，运维人力成本降低50%

■ 数据采集爬虫系统
  项目目标：搭建分布式爬虫平台，采集多渠道公开数据
  个人职责：负责反爬策略破解、数据清洗、入库逻辑开发
  项目成果：日均采集数据50万条，数据准确率98%以上","专业技能：MongoDB、FastAPI、Redis、MySQL、Flask、Git
相关证书：英语四级",拥有2年实际工作经验，技术功底扎实，熟悉完整开发流程；具备较强的问题解决能力，能够独立排查并解决常见技术问题；工作认真负责，注重团队协作，能够高效推进项目落地；持续学习，保持技术敏感度。,Python开发工程师,合肥,互联网/信息技术/软件服务,10000-11500元,否,10000,11500,厦门海洋职业技术学院,物联网工程,专科,大专,2020-06,2020,Python编程、Java程序设计、操作系统、数字信号处理,4,否,2,2年,2,否,智联科技有限公司,Python开发工程师,2025-07,是,2,自动化运维平台,MongoDB、FastAPI、Redis、MySQL、Flask、Git,6,英语四级,1,83,93,186,277
吕紫涵,女,18499697914,lv紫han49@qq.com,15063649359,镇江,"期望岗位：算法工程师
期望城市：镇江
期望行业：互联网/信息技术/软件服务
期望薪资：面议",本科软件技术专业应届毕业生，有1段算法工程师实习经验，掌握Python技术栈，参与过实习项目开发，具备良好的代码规范与团队协作意识，能够快速上手业务，期望正式入职发展。,"东南大学 | 软件技术 | 本科
毕业时间：2021年6月
核心课程：数据结构、计算机网络、机器学习、算法设计与分析","【汇智网络科技有限公司】 算法工程师（实习）
2025年1月 - 至今
    · 负责公司算法工程师相关业务的开发与维护，参与需求评审
    · 编写开发文档，沉淀技术规范，协助新人熟悉业务
    · 对接产品、测试团队，跟进需求落地与缺陷修复","■ 手写数字识别（课程作业）
  项目目标：基于MNIST数据集实现手写数字识别
  个人职责：使用CNN搭建模型，训练与调优
  项目成果：识别准确率达到92%

■ 电影推荐系统（毕设）
  项目目标：基于协同过滤实现简单电影推荐
  个人职责：数据处理、模型实现、效果验证
  项目成果：召回准确率达到75%","专业技能：数据结构、推荐算法、NLP、机器学习、特征工程
相关证书：英语六级、软件设计师（中级）、计算机二级",有实习经验，熟悉开发基本流程，具备基础的项目实践能力；学习能力强，能够快速上手新业务新技术；工作踏实，责任心强，善于沟通协作，能够高效完成分配的工作任务。,算法工程师,镇江,互联网/信息技术/软件服务,面议,是,,,东南大学,软件技术,本科,本科,2021-06,2021,数据结构、计算机网络、机器学习、算法设计与分析,4,是,0,应届,1,否,汇智网络科技有限公司,算法工程师（实习）,2025-01,是,2,手写数字识别（课程作业）,数据结构、推荐算法、NLP、机器学习、特征工程,5,英语六级、软件设计师（中级）、计算机二级,3,84,77,157,125
杜鹏,男,15744654364,dupeng6957@qq.com,15664006742,滁州,"期望岗位：运维工程师
期望城市：滁州
期望行业：互联网/信息技术/软件服务
期望薪资：9500-12000元",1年运维工程师工作经验，精通Jenkins、Redis技术栈，参与过完整项目迭代，能够独立完成模块开发与问题排查，注重代码质量与开发效率，具备良好的沟通协作能力。,"南昌大学 | 软件工程 | 本科
毕业时间：2021年6月
核心课程：机器学习、计算机网络、操作系统、Java程序设计","【字节跳动（厦门分公司）】 运维工程师
2025年6月 - 至今
    · 承担分配模块的编码、测试与优化工作，保障系统稳定运行
    · 负责公司运维工程师相关业务的开发与维护，参与需求评审","■ CI/CD自动化流水线
  项目目标：实现代码自动化构建、测试、部署，提升发布效率
  个人职责：基于Jenkins搭建持续集成流水线，配置Docker容器化部署
  项目成果：发布周期从每周1次提升至每天3次，部署失误率降为0

■ 服务器集群运维优化
  项目目标：提升服务器集群稳定性，降低故障发生率
  个人职责：负责日常巡检、故障排查，优化监控告警规则与分级策略
  项目成果：服务器故障率下降60%，平均故障响应时间缩短至15分钟","专业技能：Prometheus、网络运维、Linux、Nginx、MySQL、Shell、Docker、Kubernetes、Zabbix
相关证书：无",拥有1年实际工作经验，技术功底扎实，熟悉完整开发流程；具备较强的问题解决能力，能够独立排查并解决常见技术问题；工作认真负责，注重团队协作，能够高效推进项目落地；持续学习，保持技术敏感度。,运维工程师,滁州,互联网/信息技术/软件服务,9500-12000元,否,9500,12000,南昌大学,软件工程,本科,本科,2021-06,2021,机器学习、计算机网络、操作系统、Java程序设计,4,否,1,1年,1,否,字节跳动（厦门分公司）,运维工程师,2025-06,是,2,CI/CD自动化流水线,Prometheus、网络运维、Linux、Nginx、MySQL、Shell、Docker、Kubernetes、Zabbix,9,无,0,81,93,223,98
萧瑶,女,13043251058,xiaoyao09@qq.com,18752158442,泉州,"期望岗位：前端开发工程师
期望城市：泉州
期望行业：互联网/信息技术/软件服务
期望薪资：面议",3年前端开发工程师工作经验，精通移动端适配、Ant Design技术栈，参与过完整项目迭代，能够独立完成模块开发与问题排查，注重代码质量与开发效率，具备良好的沟通协作能力。,"南京理工大学 | 信息管理与信息系统 | 本科
毕业时间：2019年6月
核心课程：机器学习、操作系统、数据结构、算法设计与分析","【中软网络科技有限公司】 前端开发工程师
2025年4月 - 至今
    · 负责公司前端开发工程师相关业务的开发与维护，参与需求评审
    · 承担分配模块的编码、测试与优化工作，保障系统稳定运行

【星图互联网科技有限公司】 前端开发工程师
2024年2月 - 2025年5月
    · 编写开发文档，沉淀技术规范，协助新人熟悉业务
    · 对接产品、测试团队，跟进需求落地与缺陷修复","■ 企业后台管理系统
  项目目标：搭建企业运营管理后台，实现业务数据可视化
  个人职责：负责权限管理、数据报表模块开发，对接后端接口联调
  项目成果：覆盖12个业务部门，运营效率提升40%

■ 电商平台前端重构
  项目目标：升级旧版电商系统前端架构，提升用户体验与加载速度
  个人职责：负责商品详情页、购物车模块开发，组件化封装公共组件
  项目成果：首屏加载时间从3.2s降至1.8s，页面转化率提升12%","专业技能：React、CSS3、Vite、Webpack、HTML5、Vue
相关证书：红帽RHCE认证、计算机一级",拥有3年实际工作经验，技术功底扎实，熟悉完整开发流程；具备较强的问题解决能力，能够独立排查并解决常见技术问题；工作认真负责，注重团队协作，能够高效推进项目落地；持续学习，保持技术敏感度。,前端开发工程师,泉州,互联网/信息技术/软件服务,面议,是,,,南京理工大学,信息管理与信息系统,本科,本科,2019-06,2019,机器学习、操作系统、数据结构、算法设计与分析,4,否,3,3年,2,否,中软网络科技有限公司,前端开发工程师,2025-04,是,2,企业后台管理系统,React、CSS3、Vite、Webpack、HTML5、Vue,6,红帽RHCE认证、计算机一级,2,86,93,210,199
邱晨,男,15735336860,qiuchen6389@gmail.com,wx_qiuchen_491,苏州,"期望岗位：软件测试工程师
期望城市：苏州
期望行业：互联网/信息技术/软件服务
期望薪资：9000-12000元",1年软件测试工程师工作经验，精通MySQL、功能测试技术栈，参与过完整项目迭代，能够独立完成模块开发与问题排查，注重代码质量与开发效率，具备良好的沟通协作能力。,"泉州经贸职业技术学院 | 通信工程 | 专科
毕业时间：2021年6月
核心课程：计算机网络、数据库原理、软件工程、数据结构","【云创数据技术有限公司】 软件测试工程师
2025年6月 - 至今
    · 对接产品、测试团队，跟进需求落地与缺陷修复
    · 负责公司软件测试工程师相关业务的开发与维护，参与需求评审
    · 承担分配模块的编码、测试与优化工作，保障系统稳定运行","■ 电商平台功能测试
  项目目标：保障电商系统上线质量，覆盖全业务流程
  个人职责：设计测试用例，执行功能、回归测试，提交缺陷报告
  项目成果：发现并修复120+缺陷，上线后线上缺陷率低于0.5%

■ 自动化测试框架搭建
  项目目标：提升回归测试效率，减少人工重复劳动
  个人职责：基于Selenium搭建UI自动化框架，编写核心模块测试脚本
  项目成果：回归测试周期从7天缩短至2天，覆盖率达85%","专业技能：TestNG、JMeter、功能测试、Python、测试用例设计、Postman、接口测试、Appium、MySQL
相关证书：计算机一级",拥有1年实际工作经验，技术功底扎实，熟悉完整开发流程；具备较强的问题解决能力，能够独立排查并解决常见技术问题；工作认真负责，注重团队协作，能够高效推进项目落地；持续学习，保持技术敏感度。,软件测试工程师,苏州,互联网/信息技术/软件服务,9000-12000元,否,9000,12000,泉州经贸职业技术学院,通信工程,专科,大专,2021-06,2021,计算机网络、数据库原理、软件工程、数据结构,4,否,1,1年,1,否,云创数据技术有限公司,软件测试工程师,2025-06,是,2,电商平台功能测试,TestNG、JMeter、功能测试、Python、测试用例设计、Postman、接口测试、Appium、MySQL,9,计算机一级,1,80,93,207,129
贾宇,男,18506687876,jiayu546@outlook.com,wx_jiayu_971,扬州,"期望岗位：Python开发工程师
期望城市：扬州
期望行业：互联网/信息技术/软件服务
期望薪资：面议",专科计算机科学与技术专业应届毕业生，掌握爬虫、Redis基础技能，完成过课程设计与毕业项目，具备基础代码编写能力与问题排查思路，学习能力强，做事认真踏实，期望从事Python开发工程师相关工作。,"深圳职业技术学院 | 计算机科学与技术 | 专科
毕业时间：2022年6月
核心课程：数据库原理、操作系统、算法设计与分析、软件工程","【校园实践】
    · 参与学校计算机协会技术部，负责协会网站日常维护
    · 协助老师完成实验室设备管理与系统环境搭建
    · 参与班级课程设计小组，担任后端开发角色","■ 简单爬虫脚本开发
  项目目标：爬取公开网站数据并入库
  个人职责：负责反爬处理、数据清洗、SQLite存储
  项目成果：日均采集数据1万条","专业技能：Python、MongoDB、Docker、MySQL、Flask
相关证书：阿里云ACP云计算认证、计算机二级、计算机一级",应届毕业，具备扎实的专业基础知识与学习能力，能够快速掌握新技术；工作态度认真负责，有耐心，注重细节；具备良好的团队意识与沟通能力，能够积极配合团队完成任务；期望在工作中积累经验，快速成长。,Python开发工程师,扬州,互联网/信息技术/软件服务,面议,是,,,深圳职业技术学院,计算机科学与技术,专科,大专,2022-06,2022,数据库原理、操作系统、算法设计与分析、软件工程,4,是,0,应届,1,是,校园实践,· 参与学校计算机协会技术部，负责协会网站日常维护,,否,1,简单爬虫脚本开发,Python、MongoDB、Docker、MySQL、Flask,5,阿里云ACP云计算认证、计算机二级、计算机一级,3,97,94,74,89
周颖,女,18440139888,zhouying5804@126.com,15262280602,苏州,"期望岗位：Java开发工程师
期望城市：苏州
期望行业：互联网/信息技术/软件服务
期望薪资：7000-7500元",本科软件技术专业应届毕业生，有1段Java开发工程师实习经验，掌握Java技术栈，参与过实习项目开发，具备良好的代码规范与团队协作意识，能够快速上手业务，期望正式入职发展。,"广东技术师范大学 | 软件技术 | 本科
毕业时间：2021年6月
核心课程：数据结构、数字信号处理、算法设计与分析、机器学习","【科创网络科技有限公司】 Java开发工程师（实习）
2025年11月 - 至今
    · 编写开发文档，沉淀技术规范，协助新人熟悉业务
    · 负责公司Java开发工程师相关业务的开发与维护，参与需求评审","■ 学生成绩管理系统（课程设计）
  项目目标：实现学生信息、成绩、班级的增删改查管理
  个人职责：负责后端接口开发与数据库设计
  项目成果：完成基础功能，通过课程答辩

■ 校园二手交易平台（毕设）
  项目目标：搭建校园闲置物品发布与交易平台
  个人职责：负责用户模块、商品发布模块开发
  项目成果：完成系统原型，获得良好成绩","专业技能：微服务、Linux、Docker、JVM调优
相关证书：软考中级、英语四级、英语六级",有实习经验，熟悉开发基本流程，具备基础的项目实践能力；学习能力强，能够快速上手新业务新技术；工作踏实，责任心强，善于沟通协作，能够高效完成分配的工作任务。,Java开发工程师,苏州,互联网/信息技术/软件服务,7000-7500元,否,7000,7500,广东技术师范大学,软件技术,本科,本科,2021-06,2021,数据结构、数字信号处理、算法设计与分析、机器学习,4,是,0,应届,1,否,科创网络科技有限公司,Java开发工程师（实习）,2025-11,是,2,学生成绩管理系统（课程设计）,微服务、Linux、Docker、JVM调优,4,软考中级、英语四级、英语六级,3,86,77,169,106
蔡慧,女,15682413280,caihui413@qq.com,wx_caihui_495,泉州,"期望岗位：Java开发工程师
期望城市：泉州
期望行业：互联网/信息技术/软件服务
期望薪资：面议",5年Java开发工程师从业经验，精通SpringCloud技术架构，主导过中型项目从0到1落地，擅长技术方案设计与性能优化，曾推动核心模块技术重构，带来显著效率提升，具备跨部门协作与项目推进能力。,"暨南大学 | 网络工程 | 本科
毕业时间：2017年6月
核心课程：数据结构、Java程序设计、Python编程、操作系统","【星图信息技术有限公司】 Java开发工程师
2025年1月 - 至今
    · 承担分配模块的编码、测试与优化工作，保障系统稳定运行
    · 负责公司Java开发工程师相关业务的开发与维护，参与需求评审
    · 对接产品、测试团队，跟进需求落地与缺陷修复

【天擎科技有限公司】 Java开发工程师
2024年8月 - 2025年7月
    · 承担分配模块的编码、测试与优化工作，保障系统稳定运行
    · 对接产品、测试团队，跟进需求落地与缺陷修复
    · 负责公司Java开发工程师相关业务的开发与维护，参与需求评审

【科创科技有限公司】 Java开发工程师
2023年3月 - 2024年3月
    · 承担分配模块的编码、测试与优化工作，保障系统稳定运行
    · 编写开发文档，沉淀技术规范，协助新人熟悉业务
    · 负责公司Java开发工程师相关业务的开发与维护，参与需求评审","■ 电商订单交易系统
  项目目标：搭建高可用电商订单系统，支撑大促流量峰值
  个人职责：负责订单创建、支付回调、库存扣减核心逻辑开发
  项目成果：支撑日均订单量10万+，系统可用性达99.95%

■ 微服务用户中心重构
  项目目标：将单体用户系统拆分为微服务架构，提升并发承载能力
  个人职责：负责登录、注册、权限模块开发，优化数据库查询与缓存策略
  项目成果：支持并发量从500提升至5000，接口响应耗时减少60%","专业技能：JVM调优、Linux、MySQL、MyBatis、SpringCloud、Java、RabbitMQ、Git、SpringBoot
相关证书：软件设计师（中级）",拥有5年行业经验，技术视野开阔，具备方案设计与项目把控能力；逻辑清晰，善于定位并解决复杂技术问题；具备良好的团队管理与跨部门沟通能力，能够推动技术优化与业务落地；责任心强，追求技术与业务的平衡发展。,Java开发工程师,泉州,互联网/信息技术/软件服务,面议,是,,,暨南大学,网络工程,本科,本科,2017-06,2017,数据结构、Java程序设计、Python编程、操作系统,4,否,5,5年,3,否,星图信息技术有限公司,Java开发工程师,2025-01,是,2,电商订单交易系统,JVM调优、Linux、MySQL、MyBatis、SpringCloud、Java、RabbitMQ、Git、SpringBoot,9,软件设计师（中级）,1,98,99,216,410
江静,女,15701246530,jiangjing6279@qq.com,18770707512,福州,"期望岗位：Python开发工程师
期望城市：福州
期望行业：互联网/信息技术/软件服务
期望薪资：10500-11500元",2年Python开发工程师工作经验，精通Docker、爬虫技术栈，参与过完整项目迭代，能够独立完成模块开发与问题排查，注重代码质量与开发效率，具备良好的沟通协作能力。,"南京理工大学 | 计算机应用技术 | 本科
毕业时间：2020年6月
核心课程：数字信号处理、软件工程、计算机网络、算法设计与分析","【用友数据技术有限公司】 Python开发工程师
2025年5月 - 至今
    · 对接产品、测试团队，跟进需求落地与缺陷修复
    · 编写开发文档，沉淀技术规范，协助新人熟悉业务
    · 负责公司Python开发工程师相关业务的开发与维护，参与需求评审

【通元互联网科技有限公司】 Python开发工程师
2024年1月 - 2025年10月
    · 对接产品、测试团队，跟进需求落地与缺陷修复
    · 负责公司Python开发工程师相关业务的开发与维护，参与需求评审","■ 数据采集爬虫系统
  项目目标：搭建分布式爬虫平台，采集多渠道公开数据
  个人职责：负责反爬策略破解、数据清洗、入库逻辑开发
  项目成果：日均采集数据50万条，数据准确率98%以上

■ 自动化运维平台
  项目目标：开发运维管理平台，实现服务器批量管理
  个人职责：负责监控、告警、任务调度模块后端开发
  项目成果：管理服务器200+，运维人力成本降低50%","专业技能：Git、爬虫、Redis、Django、MongoDB、Celery、Flask、Docker、FastAPI、Linux
相关证书：计算机二级、华为HCIA认证、红帽RHCE认证",拥有2年实际工作经验，技术功底扎实，熟悉完整开发流程；具备较强的问题解决能力，能够独立排查并解决常见技术问题；工作认真负责，注重团队协作，能够高效推进项目落地；持续学习，保持技术敏感度。,Python开发工程师,福州,互联网/信息技术/软件服务,10500-11500元,否,10500,11500,南京理工大学,计算机应用技术,本科,本科,2020-06,2020,数字信号处理、软件工程、计算机网络、算法设计与分析,4,否,2,2年,2,否,用友数据技术有限公司,Python开发工程师,2025-05,是,2,数据采集爬虫系统,Git、爬虫、Redis、Django、MongoDB、Celery、Flask、Docker、FastAPI、Linux,10,计算机二级、华为HCIA认证、红帽RHCE认证,3,83,93,186,246
江婷,女,13901053521,jiangting993@qq.com,18681103576,杭州,"期望岗位：运维工程师
期望城市：杭州
期望行业：互联网/信息技术/软件服务
期望薪资：27500-30000元",8年运维工程师资深经验，精通全链路技术架构，具备团队技术规划与方案设计能力，主导过多个大型项目重构与升级，在高并发/系统稳定性领域有深厚积累，能够带领团队攻克技术难题，驱动业务技术升级。,"南京理工大学 | 计算机应用技术 | 本科
毕业时间：2014年6月
核心课程：Python编程、操作系统、数据结构、数字信号处理","【信雅网络科技有限公司】 运维工程师
2024年11月 - 至今
    · 负责公司运维工程师相关业务的开发与维护，参与需求评审
    · 承担分配模块的编码、测试与优化工作，保障系统稳定运行
    · 编写开发文档，沉淀技术规范，协助新人熟悉业务

【汇智数据技术有限公司】 运维工程师
2022年5月 - 2024年6月
    · 承担分配模块的编码、测试与优化工作，保障系统稳定运行
    · 负责公司运维工程师相关业务的开发与维护，参与需求评审

【云创科技有限公司】 运维工程师
2020年3月 - 2022年6月
    · 编写开发文档，沉淀技术规范，协助新人熟悉业务
    · 承担分配模块的编码、测试与优化工作，保障系统稳定运行
    · 对接产品、测试团队，跟进需求落地与缺陷修复","■ CI/CD自动化流水线
  项目目标：实现代码自动化构建、测试、部署，提升发布效率
  个人职责：基于Jenkins搭建持续集成流水线，配置Docker容器化部署
  项目成果：发布周期从每周1次提升至每天3次，部署失误率降为0

■ 服务器集群运维优化
  项目目标：提升服务器集群稳定性，降低故障发生率
  个人职责：负责日常巡检、故障排查，优化监控告警规则与分级策略
  项目成果：服务器故障率下降60%，平均故障响应时间缩短至15分钟","专业技能：Nginx、Ansible、MySQL、Zabbix、Docker、Shell、Jenkins、Prometheus、Linux
相关证书：英语四级",拥有8年行业经验，技术视野开阔，具备方案设计与项目把控能力；逻辑清晰，善于定位并解决复杂技术问题；具备良好的团队管理与跨部门沟通能力，能够推动技术优化与业务落地；责任心强，追求技术与业务的平衡发展。,运维工程师,杭州,互联网/信息技术/软件服务,27500-30000元,否,27500,30000,南京理工大学,计算机应用技术,本科,本科,2014-06,2014,Python编程、操作系统、数据结构、数字信号处理,4,否,8,8年,3,否,信雅网络科技有限公司,运维工程师,2024-11,是,2,CI/CD自动化流水线,Nginx、Ansible、MySQL、Zabbix、Docker、Shell、Jenkins、Prometheus、Linux,9,英语四级,1,93,99,223,357
林妍,女,18838120773,linyan86@126.com,wx_linyan_708,绍兴,"期望岗位：前端开发工程师
期望城市：绍兴
期望行业：互联网/信息技术/软件服务
期望薪资：8500-9500元",1年前端开发工程师工作经验，精通Axios、CSS3技术栈，参与过完整项目迭代，能够独立完成模块开发与问题排查，注重代码质量与开发效率，具备良好的沟通协作能力。,"江西交通职业技术学院 | 通信工程 | 专科
毕业时间：2021年6月
核心课程：数字信号处理、数据结构、操作系统、机器学习","【阿里巴巴（福州分公司）】 前端开发工程师
2025年8月 - 至今
    · 承担分配模块的编码、测试与优化工作，保障系统稳定运行
    · 对接产品、测试团队，跟进需求落地与缺陷修复
    · 编写开发文档，沉淀技术规范，协助新人熟悉业务","■ 电商平台前端重构
  项目目标：升级旧版电商系统前端架构，提升用户体验与加载速度
  个人职责：负责商品详情页、购物车模块开发，组件化封装公共组件
  项目成果：首屏加载时间从3.2s降至1.8s，页面转化率提升12%

■ 企业后台管理系统
  项目目标：搭建企业运营管理后台，实现业务数据可视化
  个人职责：负责权限管理、数据报表模块开发，对接后端接口联调
  项目成果：覆盖12个业务部门，运营效率提升40%","专业技能：Webpack、Vue、JavaScript、React、Axios、Element UI、CSS3、移动端适配、Vite
相关证书：无",拥有1年实际工作经验，技术功底扎实，熟悉完整开发流程；具备较强的问题解决能力，能够独立排查并解决常见技术问题；工作认真负责，注重团队协作，能够高效推进项目落地；持续学习，保持技术敏感度。,前端开发工程师,绍兴,互联网/信息技术/软件服务,8500-9500元,否,8500,9500,江西交通职业技术学院,通信工程,专科,大专,2021-06,2021,数字信号处理、数据结构、操作系统、机器学习,4,否,1,1年,1,否,阿里巴巴（福州分公司）,前端开发工程师,2025-08,是,2,电商平台前端重构,Webpack、Vue、JavaScript、React、Axios、Element UI、CSS3、移动端适配、Vite,9,无,0,80,93,210,124
吴雨桐,女,17722285458,wu雨tong4184@outlook.com,wx_wu雨tong_490,莆田,"期望岗位：运维工程师
期望城市：莆田
期望行业：互联网/信息技术/软件服务
期望薪资：面议",本科计算机应用技术专业应届毕业生，掌握Kubernetes、Docker基础技能，完成过课程设计与毕业项目，具备基础代码编写能力与问题排查思路，学习能力强，做事认真踏实，期望从事运维工程师相关工作。,"南京理工大学 | 计算机应用技术 | 本科
毕业时间：2022年6月
核心课程：数据库原理、Java程序设计、机器学习、算法设计与分析","【校园实践】
    · 参与学校计算机协会技术部，负责协会网站日常维护
    · 协助老师完成实验室设备管理与系统环境搭建
    · 参与班级课程设计小组，担任后端开发角色","■ 实验室服务器搭建实训
  项目目标：搭建实验室Linux服务器环境
  个人职责：负责系统安装、网络配置、基础服务部署
  项目成果：完成3台服务器环境搭建","专业技能：Redis、Ansible、Docker、Kubernetes、Jenkins
相关证书：英语六级、阿里云ACP云计算认证",应届毕业，具备扎实的专业基础知识与学习能力，能够快速掌握新技术；工作态度认真负责，有耐心，注重细节；具备良好的团队意识与沟通能力，能够积极配合团队完成任务；期望在工作中积累经验，快速成长。,运维工程师,莆田,互联网/信息技术/软件服务,面议,是,,,南京理工大学,计算机应用技术,本科,本科,2022-06,2022,数据库原理、Java程序设计、机器学习、算法设计与分析,4,是,0,应届,1,是,校园实践,· 参与学校计算机协会技术部，负责协会网站日常维护,,否,1,实验室服务器搭建实训,Redis、Ansible、Docker、Kubernetes、Jenkins,5,英语六级、阿里云ACP云计算认证,2,99,94,80,89
张悦,女,18819513863,zhangyue534@outlook.com,wx_zhangyue_342,扬州,"期望岗位：软件测试工程师
期望城市：扬州
期望行业：互联网/信息技术/软件服务
期望薪资：14500-18000元",3年软件测试工程师从业经验，精通接口测试技术架构，主导过中型项目从0到1落地，擅长技术方案设计与性能优化，曾推动核心模块技术重构，带来显著效率提升，具备跨部门协作与项目推进能力。,"南京理工大学 | 信息管理与信息系统 | 本科
毕业时间：2019年6月
核心课程：数据库原理、机器学习、Java程序设计、数字信号处理","【星图信息技术有限公司】 软件测试工程师
2025年5月 - 至今
    · 对接产品、测试团队，跟进需求落地与缺陷修复
    · 编写开发文档，沉淀技术规范，协助新人熟悉业务

【安硕软件有限公司】 软件测试工程师
2024年2月 - 2025年8月
    · 承担分配模块的编码、测试与优化工作，保障系统稳定运行
    · 负责公司软件测试工程师相关业务的开发与维护，参与需求评审
    · 对接产品、测试团队，跟进需求落地与缺陷修复","■ 电商平台功能测试
  项目目标：保障电商系统上线质量，覆盖全业务流程
  个人职责：设计测试用例，执行功能、回归测试，提交缺陷报告
  项目成果：发现并修复120+缺陷，上线后线上缺陷率低于0.5%

■ 自动化测试框架搭建
  项目目标：提升回归测试效率，减少人工重复劳动
  个人职责：基于Selenium搭建UI自动化框架，编写核心模块测试脚本
  项目成果：回归测试周期从7天缩短至2天，覆盖率达85%","专业技能：功能测试、TestNG、缺陷管理、Appium、MySQL、接口测试
相关证书：软考中级",拥有3年行业经验，技术视野开阔，具备方案设计与项目把控能力；逻辑清晰，善于定位并解决复杂技术问题；具备良好的团队管理与跨部门沟通能力，能够推动技术优化与业务落地；责任心强，追求技术与业务的平衡发展。,软件测试工程师,扬州,互联网/信息技术/软件服务,14500-18000元,否,14500,18000,南京理工大学,信息管理与信息系统,本科,本科,2019-06,2019,数据库原理、机器学习、Java程序设计、数字信号处理,4,否,3,3年,2,否,星图信息技术有限公司,软件测试工程师,2025-05,是,2,电商平台功能测试,功能测试、TestNG、缺陷管理、Appium、MySQL、接口测试,6,软考中级,1,89,99,207,224
杜慧,女,15338607173,duhui0946@gmail.com,13818599921,南通,"期望岗位：软件测试工程师
期望城市：南通
期望行业：互联网/信息技术/软件服务
期望薪资：4500-6000元",本科软件工程专业应届毕业生，掌握缺陷管理、MySQL基础技能，完成过课程设计与毕业项目，具备基础代码编写能力与问题排查思路，学习能力强，做事认真踏实，期望从事软件测试工程师相关工作。,"浙江大学 | 软件工程 | 本科
毕业时间：2022年6月
核心课程：算法设计与分析、数据库原理、操作系统、Java程序设计","【校园实践】
    · 参与学校计算机协会技术部，负责协会网站日常维护
    · 协助老师完成实验室设备管理与系统环境搭建
    · 参与班级课程设计小组，担任后端开发角色","■ 学生管理系统功能测试
  项目目标：对课程设计系统进行功能测试与缺陷提交
  个人职责：设计测试用例，执行黑盒测试
  项目成果：发现并提交8个功能缺陷","专业技能：功能测试、Selenium、Python、TestNG、测试用例设计
相关证书：英语六级",应届毕业，具备扎实的专业基础知识与学习能力，能够快速掌握新技术；工作态度认真负责，有耐心，注重细节；具备良好的团队意识与沟通能力，能够积极配合团队完成任务；期望在工作中积累经验，快速成长。,软件测试工程师,南通,互联网/信息技术/软件服务,4500-6000元,否,4500,6000,浙江大学,软件工程,本科,本科,2022-06,2022,算法设计与分析、数据库原理、操作系统、Java程序设计,4,是,0,应届,1,是,校园实践,· 参与学校计算机协会技术部，负责协会网站日常维护,,否,1,学生管理系统功能测试,功能测试、Selenium、Python、TestNG、测试用例设计,5,英语六级,1,91,94,78,89
卢建,男,18273945412,lujian775@qq.com,wx_lujian_781,龙岩,"期望岗位：后端开发工程师
期望城市：龙岩
期望行业：互联网/信息技术/软件服务
期望薪资：5500-6000元",专科信息管理与信息系统专业应届毕业生，掌握Redis、K8s基础技能，完成过课程设计与毕业项目，具备基础代码编写能力与问题排查思路，学习能力强，做事认真踏实，期望从事后端开发工程师相关工作。,"厦门海洋职业技术学院 | 信息管理与信息系统 | 专科
毕业时间：2022年6月
核心课程：数字信号处理、计算机网络、机器学习、算法设计与分析","【校园实践】
    · 参与学校计算机协会技术部，负责协会网站日常维护
    · 协助老师完成实验室设备管理与系统环境搭建
    · 参与班级课程设计小组，担任后端开发角色","■ 图书管理系统后端
  项目目标：实现图书借阅、归还、用户管理功能
  个人职责：负责接口开发与数据库表结构设计
  项目成果：完成核心功能，支持1000条数据量","专业技能：MySQL、Python、Docker、K8s
相关证书：英语六级",应届毕业，具备扎实的专业基础知识与学习能力，能够快速掌握新技术；工作态度认真负责，有耐心，注重细节；具备良好的团队意识与沟通能力，能够积极配合团队完成任务；期望在工作中积累经验，快速成长。,后端开发工程师,龙岩,互联网/信息技术/软件服务,5500-6000元,否,5500,6000,厦门海洋职业技术学院,信息管理与信息系统,专科,大专,2022-06,2022,数字信号处理、计算机网络、机器学习、算法设计与分析,4,是,0,应届,1,是,校园实践,· 参与学校计算机协会技术部，负责协会网站日常维护,,否,1,图书管理系统后端,MySQL、Python、Docker、K8s,4,英语六级,1,95,94,82,89
叶恒,男,15864920495,yeheng0791@gmail.com,wx_yeheng_331,合肥,"期望岗位：后端开发工程师
期望城市：合肥
期望行业：互联网/信息技术/软件服务
期望薪资：面议",3年后端开发工程师工作经验，精通K8s、PostgreSQL技术栈，参与过完整项目迭代，能够独立完成模块开发与问题排查，注重代码质量与开发效率，具备良好的沟通协作能力。,"南昌大学 | 通信工程 | 本科
毕业时间：2019年6月
核心课程：机器学习、数据库原理、数字信号处理、计算机网络","【启明软件有限公司】 后端开发工程师
2025年12月 - 至今
    · 负责公司后端开发工程师相关业务的开发与维护，参与需求评审
    · 对接产品、测试团队，跟进需求落地与缺陷修复
    · 编写开发文档，沉淀技术规范，协助新人熟悉业务

【安硕网络科技有限公司】 后端开发工程师
2024年12月 - 2025年8月
    · 对接产品、测试团队，跟进需求落地与缺陷修复
    · 编写开发文档，沉淀技术规范，协助新人熟悉业务
    · 负责公司后端开发工程师相关业务的开发与维护，参与需求评审","■ 即时通讯服务开发
  项目目标：实现企业内部IM系统后端消息推送与存储
  个人职责：负责消息队列、离线消息、会话管理模块开发
  项目成果：支持万人同时在线，消息送达延迟低于100ms

■ 内容管理系统后端
  项目目标：搭建CMS系统后端服务，支持多站点内容发布
  个人职责：负责文章、栏目、权限模块接口开发，设计数据库表结构
  项目成果：支撑8个站点同时运营，内容发布效率提升3倍","专业技能：PostgreSQL、Python、微服务、Java、Gin、Go
相关证书：无",拥有3年实际工作经验，技术功底扎实，熟悉完整开发流程；具备较强的问题解决能力，能够独立排查并解决常见技术问题；工作认真负责，注重团队协作，能够高效推进项目落地；持续学习，保持技术敏感度。,后端开发工程师,合肥,互联网/信息技术/软件服务,面议,是,,,南昌大学,通信工程,本科,本科,2019-06,2019,机器学习、数据库原理、数字信号处理、计算机网络,4,否,3,3年,2,否,启明软件有限公司,后端开发工程师,2025-12,是,2,即时通讯服务开发,PostgreSQL、Python、微服务、Java、Gin、Go,6,无,0,84,93,198,257
莫军,男,17786456895,mojun266@qq.com,wx_mojun_626,滁州,"期望岗位：运维工程师
期望城市：滁州
期望行业：互联网/信息技术/软件服务
期望薪资：面议",专科软件技术专业应届毕业生，掌握网络运维、Redis基础技能，完成过课程设计与毕业项目，具备基础代码编写能力与问题排查思路，学习能力强，做事认真踏实，期望从事运维工程师相关工作。,"福州职业技术学院 | 软件技术 | 专科
毕业时间：2022年6月
核心课程：数字信号处理、数据结构、软件工程、操作系统","【校园实践】
    · 参与学校计算机协会技术部，负责协会网站日常维护
    · 协助老师完成实验室设备管理与系统环境搭建
    · 参与班级课程设计小组，担任后端开发角色","■ 简单监控脚本开发
  项目目标：编写服务器状态监控脚本
  个人职责：实现CPU、内存、磁盘使用率自动采集
  项目成果：支持异常邮件告警","专业技能：Zabbix、Jenkins、Prometheus、Linux、网络运维
相关证书：英语四级",应届毕业，具备扎实的专业基础知识与学习能力，能够快速掌握新技术；工作态度认真负责，有耐心，注重细节；具备良好的团队意识与沟通能力，能够积极配合团队完成任务；期望在工作中积累经验，快速成长。,运维工程师,滁州,互联网/信息技术/软件服务,面议,是,,,福州职业技术学院,软件技术,专科,大专,2022-06,2022,数字信号处理、数据结构、软件工程、操作系统,4,是,0,应届,1,是,校园实践,· 参与学校计算机协会技术部，负责协会网站日常维护,,否,1,简单监控脚本开发,Zabbix、Jenkins、Prometheus、Linux、网络运维,5,英语四级,1,89,94,71,89
姜华,男,13890673736,jianghua72@163.com,wx_jianghua_901,宁德,"期望岗位：数据分析师
期望城市：宁德
期望行业：互联网/信息技术/软件服务
期望薪资：9000-10500元",2年数据分析师工作经验，精通Tableau、Excel技术栈，参与过完整项目迭代，能够独立完成模块开发与问题排查，注重代码质量与开发效率，具备良好的沟通协作能力。,"泉州师范学院 | 通信工程 | 本科
毕业时间：2020年6月
核心课程：操作系统、软件工程、数据结构、Python编程","【中软信息技术有限公司】 数据分析师
2025年10月 - 至今
    · 负责公司数据分析师相关业务的开发与维护，参与需求评审
    · 编写开发文档，沉淀技术规范，协助新人熟悉业务
    · 对接产品、测试团队，跟进需求落地与缺陷修复

【星图互联网科技有限公司】 数据分析师
2024年12月 - 2025年7月
    · 对接产品、测试团队，跟进需求落地与缺陷修复
    · 编写开发文档，沉淀技术规范，协助新人熟悉业务
    · 承担分配模块的编码、测试与优化工作，保障系统稳定运行","■ 销售数据预测建模
  项目目标：基于历史数据预测销量，指导库存与备货
  个人职责：数据预处理，构建时间序列预测模型，输出月度预测报告
  项目成果：预测准确率达89%，库存周转效率提升25%

■ 用户行为分析看板
  项目目标：构建用户行为数据体系，支撑运营决策
  个人职责：负责数据清洗、指标体系搭建，输出可视化运营报表
  项目成果：输出15+核心运营指标，支撑每月3次运营优化，用户留存率提升8%","专业技能：Tableau、SQL、Python、Excel、Power BI、Hive、Pandas、数据可视化、用户分析
相关证书：无",拥有2年实际工作经验，技术功底扎实，熟悉完整开发流程；具备较强的问题解决能力，能够独立排查并解决常见技术问题；工作认真负责，注重团队协作，能够高效推进项目落地；持续学习，保持技术敏感度。,数据分析师,宁德,互联网/信息技术/软件服务,9000-10500元,否,9000,10500,泉州师范学院,通信工程,本科,本科,2020-06,2020,操作系统、软件工程、数据结构、Python编程,4,否,2,2年,2,否,中软信息技术有限公司,数据分析师,2025-10,是,2,销售数据预测建模,Tableau、SQL、Python、Excel、Power BI、Hive、Pandas、数据可视化、用户分析,9,无,0,81,93,206,252
黄彬,男,13626663661,huangbin577@outlook.com,15871772340,阜阳,"期望岗位：Java开发工程师
期望城市：阜阳
期望行业：互联网/信息技术/软件服务
期望薪资：7500-10500元",2年Java开发工程师工作经验，精通RabbitMQ、MyBatis技术栈，参与过完整项目迭代，能够独立完成模块开发与问题排查，注重代码质量与开发效率，具备良好的沟通协作能力。,"浙江万里学院 | 数据科学与大数据技术 | 本科
毕业时间：2020年6月
核心课程：操作系统、Java程序设计、机器学习、数据库原理","【小米（南京分公司）】 Java开发工程师
2025年5月 - 至今
    · 负责公司Java开发工程师相关业务的开发与维护，参与需求评审
    · 对接产品、测试团队，跟进需求落地与缺陷修复
    · 承担分配模块的编码、测试与优化工作，保障系统稳定运行

【金蝶科技有限公司】 Java开发工程师
2024年7月 - 2025年11月
    · 负责公司Java开发工程师相关业务的开发与维护，参与需求评审
    · 编写开发文档，沉淀技术规范，协助新人熟悉业务
    · 对接产品、测试团队，跟进需求落地与缺陷修复","■ 电商订单交易系统
  项目目标：搭建高可用电商订单系统，支撑大促流量峰值
  个人职责：负责订单创建、支付回调、库存扣减核心逻辑开发
  项目成果：支撑日均订单量10万+，系统可用性达99.95%

■ 微服务用户中心重构
  项目目标：将单体用户系统拆分为微服务架构，提升并发承载能力
  个人职责：负责登录、注册、权限模块开发，优化数据库查询与缓存策略
  项目成果：支持并发量从500提升至5000，接口响应耗时减少60%","专业技能：JVM调优、Redis、MySQL、SpringBoot、RabbitMQ、Docker、SpringCloud
相关证书：软考中级",拥有2年实际工作经验，技术功底扎实，熟悉完整开发流程；具备较强的问题解决能力，能够独立排查并解决常见技术问题；工作认真负责，注重团队协作，能够高效推进项目落地；持续学习，保持技术敏感度。,Java开发工程师,阜阳,互联网/信息技术/软件服务,7500-10500元,否,7500,10500,浙江万里学院,数据科学与大数据技术,本科,本科,2020-06,2020,操作系统、Java程序设计、机器学习、数据库原理,4,否,2,2年,2,否,小米（南京分公司）,Java开发工程师,2025-05,是,2,电商订单交易系统,JVM调优、Redis、MySQL、SpringBoot、RabbitMQ、Docker、SpringCloud,7,软考中级,1,88,93,216,267
陶琳,女,18576136408,taolin7209@163.com,wx_taolin_945,杭州,"期望岗位：运维工程师
期望城市：杭州
期望行业：互联网/信息技术/软件服务
期望薪资：7000-7500元",本科通信工程专业应届毕业生，有0段运维工程师实习经验，掌握Kubernetes技术栈，参与过实习项目开发，具备良好的代码规范与团队协作意识，能够快速上手业务，期望正式入职发展。,"佛山科学技术学院 | 通信工程 | 本科
毕业时间：2022年6月
核心课程：计算机网络、软件工程、Java程序设计、数据结构","【携程（厦门）】 运维工程师（实习）
2019年1月 - 至今
    · 承担分配模块的编码、测试与优化工作，保障系统稳定运行
    · 对接产品、测试团队，跟进需求落地与缺陷修复
    · 负责公司运维工程师相关业务的开发与维护，参与需求评审","■ 简单监控脚本开发
  项目目标：编写服务器状态监控脚本
  个人职责：实现CPU、内存、磁盘使用率自动采集
  项目成果：支持异常邮件告警

■ 实验室服务器搭建实训
  项目目标：搭建实验室Linux服务器环境
  个人职责：负责系统安装、网络配置、基础服务部署
  项目成果：完成3台服务器环境搭建","专业技能：Kubernetes、Zabbix、Linux、Nginx
相关证书：计算机一级、软件设计师（中级）、英语六级",有实习经验，熟悉开发基本流程，具备基础的项目实践能力；学习能力强，能够快速上手新业务新技术；工作踏实，责任心强，善于沟通协作，能够高效完成分配的工作任务。,运维工程师,杭州,互联网/信息技术/软件服务,7000-7500元,否,7000,7500,佛山科学技术学院,通信工程,本科,本科,2022-06,2022,计算机网络、软件工程、Java程序设计、数据结构,4,是,0,应届,1,否,携程（厦门）,运维工程师（实习）,2019-01,是,2,简单监控脚本开发,Kubernetes、Zabbix、Linux、Nginx,4,计算机一级、软件设计师（中级）、英语六级,3,88,77,153,125
任健,男,13089203614,renjian53@163.com,wx_renjian_265,温州,"期望岗位：算法工程师
期望城市：温州
期望行业：互联网/信息技术/软件服务
期望薪资：面议",4年算法工程师从业经验，精通深度学习技术架构，主导过中型项目从0到1落地，擅长技术方案设计与性能优化，曾推动核心模块技术重构，带来显著效率提升，具备跨部门协作与项目推进能力。,"浙江工业大学 | 通信工程 | 本科
毕业时间：2018年6月
核心课程：数据结构、数字信号处理、Java程序设计、Python编程","【数聚软件有限公司】 算法工程师
2024年3月 - 至今
    · 编写开发文档，沉淀技术规范，协助新人熟悉业务
    · 负责公司算法工程师相关业务的开发与维护，参与需求评审
    · 承担分配模块的编码、测试与优化工作，保障系统稳定运行

【云创数据技术有限公司】 算法工程师
2022年12月 - 2024年7月
    · 承担分配模块的编码、测试与优化工作，保障系统稳定运行
    · 对接产品、测试团队，跟进需求落地与缺陷修复","■ 个性化推荐系统
  项目目标：提升内容推荐精准度，增加用户停留时长
  个人职责：负责协同过滤、深度学习推荐模型开发与离线优化
  项目成果：用户平均停留时长提升25%，点击率提升15%

■ 风控欺诈识别模型
  项目目标：识别交易欺诈行为，降低资金损失风险
  个人职责：特征工程，构建XGBoost风控模型，在线部署与迭代
  项目成果：欺诈识别准确率达92%，每年减少损失超200万","专业技能：PyTorch、计算机视觉、Python、推荐算法、数据结构、TensorFlow、SQL、深度学习、机器学习
相关证书：系统架构设计师、计算机一级",拥有4年行业经验，技术视野开阔，具备方案设计与项目把控能力；逻辑清晰，善于定位并解决复杂技术问题；具备良好的团队管理与跨部门沟通能力，能够推动技术优化与业务落地；责任心强，追求技术与业务的平衡发展。,算法工程师,温州,互联网/信息技术/软件服务,面议,是,,,浙江工业大学,通信工程,本科,本科,2018-06,2018,数据结构、数字信号处理、Java程序设计、Python编程,4,否,4,4年,2,否,数聚软件有限公司,算法工程师,2024-03,是,2,个性化推荐系统,PyTorch、计算机视觉、Python、推荐算法、数据结构、TensorFlow、SQL、深度学习、机器学习,9,系统架构设计师、计算机一级,2,87,99,197,224
韩博文,男,15907515336,hanbowen8422@qq.com,18355088841,南京,"期望岗位：软件测试工程师
期望城市：南京
期望行业：互联网/信息技术/软件服务
期望薪资：16000-19000元",3年软件测试工程师从业经验，精通TestNG技术架构，主导过中型项目从0到1落地，擅长技术方案设计与性能优化，曾推动核心模块技术重构，带来显著效率提升，具备跨部门协作与项目推进能力。,"厦门大学 | 物联网工程 | 本科
毕业时间：2019年6月
核心课程：数据结构、操作系统、机器学习、Java程序设计","【易联科技有限公司】 软件测试工程师
2025年11月 - 至今
    · 编写开发文档，沉淀技术规范，协助新人熟悉业务
    · 对接产品、测试团队，跟进需求落地与缺陷修复
    · 负责公司软件测试工程师相关业务的开发与维护，参与需求评审

【云创软件有限公司】 软件测试工程师
2024年1月 - 2025年10月
    · 负责公司软件测试工程师相关业务的开发与维护，参与需求评审
    · 承担分配模块的编码、测试与优化工作，保障系统稳定运行","■ 电商平台功能测试
  项目目标：保障电商系统上线质量，覆盖全业务流程
  个人职责：设计测试用例，执行功能、回归测试，提交缺陷报告
  项目成果：发现并修复120+缺陷，上线后线上缺陷率低于0.5%

■ 自动化测试框架搭建
  项目目标：提升回归测试效率，减少人工重复劳动
  个人职责：基于Selenium搭建UI自动化框架，编写核心模块测试脚本
  项目成果：回归测试周期从7天缩短至2天，覆盖率达85%","专业技能：接口测试、TestNG、性能测试、Python、功能测试、测试用例设计、缺陷管理
相关证书：无",拥有3年行业经验，技术视野开阔，具备方案设计与项目把控能力；逻辑清晰，善于定位并解决复杂技术问题；具备良好的团队管理与跨部门沟通能力，能够推动技术优化与业务落地；责任心强，追求技术与业务的平衡发展。,软件测试工程师,南京,互联网/信息技术/软件服务,16000-19000元,否,16000,19000,厦门大学,物联网工程,本科,本科,2019-06,2019,数据结构、操作系统、机器学习、Java程序设计,4,否,3,3年,2,否,易联科技有限公司,软件测试工程师,2025-11,是,2,电商平台功能测试,接口测试、TestNG、性能测试、Python、功能测试、测试用例设计、缺陷管理,7,无,0,91,99,207,231
熊彬,男,15936783959,xiongbin653@163.com,wx_xiongbin_332,南通,"期望岗位：Python开发工程师
期望城市：南通
期望行业：互联网/信息技术/软件服务
期望薪资：面议",专科通信工程专业应届毕业生，掌握Flask、Flask基础技能，完成过课程设计与毕业项目，具备基础代码编写能力与问题排查思路，学习能力强，做事认真踏实，期望从事Python开发工程师相关工作。,"福州职业技术学院 | 通信工程 | 专科
毕业时间：2022年6月
核心课程：Python编程、数字信号处理、数据库原理、算法设计与分析","【校园实践】
    · 参与学校计算机协会技术部，负责协会网站日常维护
    · 协助老师完成实验室设备管理与系统环境搭建
    · 参与班级课程设计小组，担任后端开发角色","■ 简单爬虫脚本开发
  项目目标：爬取公开网站数据并入库
  个人职责：负责反爬处理、数据清洗、SQLite存储
  项目成果：日均采集数据1万条","专业技能：Git、MongoDB、Flask、Celery
相关证书：无",应届毕业，具备扎实的专业基础知识与学习能力，能够快速掌握新技术；工作态度认真负责，有耐心，注重细节；具备良好的团队意识与沟通能力，能够积极配合团队完成任务；期望在工作中积累经验，快速成长。,Python开发工程师,南通,互联网/信息技术/软件服务,面议,是,,,福州职业技术学院,通信工程,专科,大专,2022-06,2022,Python编程、数字信号处理、数据库原理、算法设计与分析,4,是,0,应届,1,是,校园实践,· 参与学校计算机协会技术部，负责协会网站日常维护,,否,1,简单爬虫脚本开发,Git、MongoDB、Flask、Celery,4,无,0,96,94,74,89
侯博,男,18967798650,houbo274@163.com,wx_houbo_954,苏州,"期望岗位：软件测试工程师
期望城市：苏州
期望行业：互联网/信息技术/软件服务
期望薪资：7000-11000元",1年软件测试工程师工作经验，精通MySQL、Postman技术栈，参与过完整项目迭代，能够独立完成模块开发与问题排查，注重代码质量与开发效率，具备良好的沟通协作能力。,"浙江大学 | 通信工程 | 本科
毕业时间：2021年6月
核心课程：算法设计与分析、Java程序设计、Python编程、数字信号处理","【用友软件有限公司】 软件测试工程师
2025年11月 - 至今
    · 承担分配模块的编码、测试与优化工作，保障系统稳定运行
    · 对接产品、测试团队，跟进需求落地与缺陷修复","■ 电商平台功能测试
  项目目标：保障电商系统上线质量，覆盖全业务流程
  个人职责：设计测试用例，执行功能、回归测试，提交缺陷报告
  项目成果：发现并修复120+缺陷，上线后线上缺陷率低于0.5%

■ 自动化测试框架搭建
  项目目标：提升回归测试效率，减少人工重复劳动
  个人职责：基于Selenium搭建UI自动化框架，编写核心模块测试脚本
  项目成果：回归测试周期从7天缩短至2天，覆盖率达85%","专业技能：功能测试、Python、缺陷管理、Appium、测试用例设计、JMeter、MySQL、Postman、性能测试、TestNG
相关证书：无",拥有1年实际工作经验，技术功底扎实，熟悉完整开发流程；具备较强的问题解决能力，能够独立排查并解决常见技术问题；工作认真负责，注重团队协作，能够高效推进项目落地；持续学习，保持技术敏感度。,软件测试工程师,苏州,互联网/信息技术/软件服务,7000-11000元,否,7000,11000,浙江大学,通信工程,本科,本科,2021-06,2021,算法设计与分析、Java程序设计、Python编程、数字信号处理,4,否,1,1年,1,否,用友软件有限公司,软件测试工程师,2025-11,是,2,电商平台功能测试,功能测试、Python、缺陷管理、Appium、测试用例设计、JMeter、MySQL、Postman、性能测试、TestNG,10,无,0,83,93,207,93
黎雨桐,女,13026001155,li雨tong90@126.com,18295687128,滁州,"期望岗位：软件测试工程师
期望城市：滁州
期望行业：互联网/信息技术/软件服务
期望薪资：11000-18500元",5年软件测试工程师从业经验，精通JMeter技术架构，主导过中型项目从0到1落地，擅长技术方案设计与性能优化，曾推动核心模块技术重构，带来显著效率提升，具备跨部门协作与项目推进能力。,"集美大学 | 网络工程 | 本科
毕业时间：2017年6月
核心课程：计算机网络、操作系统、Python编程、数字信号处理","【云创科技有限公司】 软件测试工程师
2025年1月 - 至今
    · 编写开发文档，沉淀技术规范，协助新人熟悉业务
    · 对接产品、测试团队，跟进需求落地与缺陷修复
    · 承担分配模块的编码、测试与优化工作，保障系统稳定运行

【汇智互联网科技有限公司】 软件测试工程师
2024年4月 - 2025年4月
    · 负责公司软件测试工程师相关业务的开发与维护，参与需求评审
    · 对接产品、测试团队，跟进需求落地与缺陷修复
    · 承担分配模块的编码、测试与优化工作，保障系统稳定运行

【智联科技有限公司】 软件测试工程师
2023年3月 - 2024年5月
    · 对接产品、测试团队，跟进需求落地与缺陷修复
    · 承担分配模块的编码、测试与优化工作，保障系统稳定运行
    · 编写开发文档，沉淀技术规范，协助新人熟悉业务","■ 电商平台功能测试
  项目目标：保障电商系统上线质量，覆盖全业务流程
  个人职责：设计测试用例，执行功能、回归测试，提交缺陷报告
  项目成果：发现并修复120+缺陷，上线后线上缺陷率低于0.5%

■ 自动化测试框架搭建
  项目目标：提升回归测试效率，减少人工重复劳动
  个人职责：基于Selenium搭建UI自动化框架，编写核心模块测试脚本
  项目成果：回归测试周期从7天缩短至2天，覆盖率达85%","专业技能：TestNG、MySQL、Postman、测试用例设计、Python、缺陷管理
相关证书：无",拥有5年行业经验，技术视野开阔，具备方案设计与项目把控能力；逻辑清晰，善于定位并解决复杂技术问题；具备良好的团队管理与跨部门沟通能力，能够推动技术优化与业务落地；责任心强，追求技术与业务的平衡发展。,软件测试工程师,滁州,互联网/信息技术/软件服务,11000-18500元,否,11000,18500,集美大学,网络工程,本科,本科,2017-06,2017,计算机网络、操作系统、Python编程、数字信号处理,4,否,5,5年,3,否,云创科技有限公司,软件测试工程师,2025-01,是,2,电商平台功能测试,TestNG、MySQL、Postman、测试用例设计、Python、缺陷管理,6,无,0,91,99,207,386
梁婷,女,18998703480,liangting8055@163.com,wx_liangting_428,漳州,"期望岗位：Python开发工程师
期望城市：漳州
期望行业：互联网/信息技术/软件服务
期望薪资：16000-17000元",4年Python开发工程师从业经验，精通MySQL技术架构，主导过中型项目从0到1落地，擅长技术方案设计与性能优化，曾推动核心模块技术重构，带来显著效率提升，具备跨部门协作与项目推进能力。,"中山大学 | 计算机科学与技术 | 本科
毕业时间：2018年6月
核心课程：操作系统、软件工程、机器学习、数字信号处理","【吉比特网络】 Python开发工程师
2024年3月 - 至今
    · 负责公司Python开发工程师相关业务的开发与维护，参与需求评审
    · 编写开发文档，沉淀技术规范，协助新人熟悉业务
    · 承担分配模块的编码、测试与优化工作，保障系统稳定运行

【新科软件有限公司】 Python开发工程师
2022年2月 - 2024年12月
    · 对接产品、测试团队，跟进需求落地与缺陷修复
    · 承担分配模块的编码、测试与优化工作，保障系统稳定运行","■ 数据采集爬虫系统
  项目目标：搭建分布式爬虫平台，采集多渠道公开数据
  个人职责：负责反爬策略破解、数据清洗、入库逻辑开发
  项目成果：日均采集数据50万条，数据准确率98%以上

■ 自动化运维平台
  项目目标：开发运维管理平台，实现服务器批量管理
  个人职责：负责监控、告警、任务调度模块后端开发
  项目成果：管理服务器200+，运维人力成本降低50%","专业技能：Redis、Linux、Django、Flask、FastAPI、Git、MySQL、Celery、爬虫、MongoDB
相关证书：英语六级",拥有4年行业经验，技术视野开阔，具备方案设计与项目把控能力；逻辑清晰，善于定位并解决复杂技术问题；具备良好的团队管理与跨部门沟通能力，能够推动技术优化与业务落地；责任心强，追求技术与业务的平衡发展。,Python开发工程师,漳州,互联网/信息技术/软件服务,16000-17000元,否,16000,17000,中山大学,计算机科学与技术,本科,本科,2018-06,2018,操作系统、软件工程、机器学习、数字信号处理,4,否,4,4年,2,否,吉比特网络,Python开发工程师,2024-03,是,2,数据采集爬虫系统,Redis、Linux、Django、Flask、FastAPI、Git、MySQL、Celery、爬虫、MongoDB,10,英语六级,1,94,99,186,237
金涛,男,13768020787,jintao439@outlook.com,13198277594,宁德,"期望岗位：Java开发工程师
期望城市：宁德
期望行业：互联网/信息技术/软件服务
期望薪资：5000-5500元",本科物联网工程专业应届毕业生，掌握Git、Git基础技能，完成过课程设计与毕业项目，具备基础代码编写能力与问题排查思路，学习能力强，做事认真踏实，期望从事Java开发工程师相关工作。,"苏州科技大学 | 物联网工程 | 本科
毕业时间：2022年6月
核心课程：数据结构、算法设计与分析、机器学习、Java程序设计","【校园实践】
    · 参与学校计算机协会技术部，负责协会网站日常维护
    · 协助老师完成实验室设备管理与系统环境搭建
    · 参与班级课程设计小组，担任后端开发角色","■ 校园二手交易平台（毕设）
  项目目标：搭建校园闲置物品发布与交易平台
  个人职责：负责用户模块、商品发布模块开发
  项目成果：完成系统原型，获得良好成绩","专业技能：JVM调优、微服务、MySQL、SpringBoot、Java、MyBatis、Redis
相关证书：英语四级",应届毕业，具备扎实的专业基础知识与学习能力，能够快速掌握新技术；工作态度认真负责，有耐心，注重细节；具备良好的团队意识与沟通能力，能够积极配合团队完成任务；期望在工作中积累经验，快速成长。,Java开发工程师,宁德,互联网/信息技术/软件服务,5000-5500元,否,5000,5500,苏州科技大学,物联网工程,本科,本科,2022-06,2022,数据结构、算法设计与分析、机器学习、Java程序设计,4,是,0,应届,1,是,校园实践,· 参与学校计算机协会技术部，负责协会网站日常维护,,否,1,校园二手交易平台（毕设）,JVM调优、微服务、MySQL、SpringBoot、Java、MyBatis、Redis,7,英语四级,1,91,94,81,89
胡勇,男,15591239391,huyong8887@126.com,13961787967,厦门,"期望岗位：前端开发工程师
期望城市：厦门
期望行业：互联网/信息技术/软件服务
期望薪资：7500-8000元",1年前端开发工程师工作经验，精通JavaScript、Element UI技术栈，参与过完整项目迭代，能够独立完成模块开发与问题排查，注重代码质量与开发效率，具备良好的沟通协作能力。,"苏州科技大学 | 计算机科学与技术 | 本科
毕业时间：2021年6月
核心课程：Java程序设计、Python编程、操作系统、算法设计与分析","【携程（厦门）】 前端开发工程师
2025年1月 - 至今
    · 负责公司前端开发工程师相关业务的开发与维护，参与需求评审
    · 对接产品、测试团队，跟进需求落地与缺陷修复","■ 企业后台管理系统
  项目目标：搭建企业运营管理后台，实现业务数据可视化
  个人职责：负责权限管理、数据报表模块开发，对接后端接口联调
  项目成果：覆盖12个业务部门，运营效率提升40%

■ 电商平台前端重构
  项目目标：升级旧版电商系统前端架构，提升用户体验与加载速度
  个人职责：负责商品详情页、购物车模块开发，组件化封装公共组件
  项目成果：首屏加载时间从3.2s降至1.8s，页面转化率提升12%","专业技能：Vue、React、移动端适配、TypeScript、JavaScript、Webpack、Vite、Axios
相关证书：英语四级",拥有1年实际工作经验，技术功底扎实，熟悉完整开发流程；具备较强的问题解决能力，能够独立排查并解决常见技术问题；工作认真负责，注重团队协作，能够高效推进项目落地；持续学习，保持技术敏感度。,前端开发工程师,厦门,互联网/信息技术/软件服务,7500-8000元,否,7500,8000,苏州科技大学,计算机科学与技术,本科,本科,2021-06,2021,Java程序设计、Python编程、操作系统、算法设计与分析,4,否,1,1年,1,否,携程（厦门）,前端开发工程师,2025-01,是,2,企业后台管理系统,Vue、React、移动端适配、TypeScript、JavaScript、Webpack、Vite、Axios,8,英语四级,1,91,93,210,92
贺杰,男,13061364799,hejie48@qq.com,wx_hejie_331,龙岩,"期望岗位：后端开发工程师
期望城市：龙岩
期望行业：互联网/信息技术/软件服务
期望薪资：面议",本科数学与应用数学专业应届毕业生，有1段后端开发工程师实习经验，掌握MySQL技术栈，参与过实习项目开发，具备良好的代码规范与团队协作意识，能够快速上手业务，期望正式入职发展。,"东莞理工学院 | 数学与应用数学 | 本科
毕业时间：2021年6月
核心课程：计算机网络、算法设计与分析、数据库原理、Java程序设计","【美图公司】 后端开发工程师（实习）
2025年1月 - 至今
    · 编写开发文档，沉淀技术规范，协助新人熟悉业务
    · 对接产品、测试团队，跟进需求落地与缺陷修复
    · 负责公司后端开发工程师相关业务的开发与维护，参与需求评审","■ 简单论坛系统
  项目目标：实现帖子发布、回复、板块管理
  个人职责：负责后端服务开发与接口文档编写
  项目成果：支持百人同时在线访问

■ 图书管理系统后端
  项目目标：实现图书借阅、归还、用户管理功能
  个人职责：负责接口开发与数据库表结构设计
  项目成果：完成核心功能，支持1000条数据量","专业技能：Python、微服务、PostgreSQL、MySQL、Redis、Gin、K8s
相关证书：无",有实习经验，熟悉开发基本流程，具备基础的项目实践能力；学习能力强，能够快速上手新业务新技术；工作踏实，责任心强，善于沟通协作，能够高效完成分配的工作任务。,后端开发工程师,龙岩,互联网/信息技术/软件服务,面议,是,,,东莞理工学院,数学与应用数学,本科,本科,2021-06,2021,计算机网络、算法设计与分析、数据库原理、Java程序设计,4,是,0,应届,1,否,美图公司,后端开发工程师（实习）,2025-01,是,2,简单论坛系统,Python、微服务、PostgreSQL、MySQL、Redis、Gin、K8s,7,无,0,88,77,155,123
侯琳,女,18479096534,houlin2870@126.com,wx_houlin_782,厦门,"期望岗位：前端开发工程师
期望城市：厦门
期望行业：互联网/信息技术/软件服务
期望薪资：面议",本科通信工程专业应届毕业生，掌握Vue、Axios基础技能，完成过课程设计与毕业项目，具备基础代码编写能力与问题排查思路，学习能力强，做事认真踏实，期望从事前端开发工程师相关工作。,"东南大学 | 通信工程 | 本科
毕业时间：2022年6月
核心课程：算法设计与分析、计算机网络、机器学习、数据结构","【校园实践】
    · 参与学校计算机协会技术部，负责协会网站日常维护
    · 协助老师完成实验室设备管理与系统环境搭建
    · 参与班级课程设计小组，担任后端开发角色","■ 校园社团官网（实训项目）
  项目目标：为学校社团开发官方展示网站
  个人职责：负责首页、新闻页、成员页开发
  项目成果：上线后访问量累计5000+","专业技能：HTML5、TypeScript、Vue、Axios、Ant Design、Vite、JavaScript
相关证书：英语四级",应届毕业，具备扎实的专业基础知识与学习能力，能够快速掌握新技术；工作态度认真负责，有耐心，注重细节；具备良好的团队意识与沟通能力，能够积极配合团队完成任务；期望在工作中积累经验，快速成长。,前端开发工程师,厦门,互联网/信息技术/软件服务,面议,是,,,东南大学,通信工程,本科,本科,2022-06,2022,算法设计与分析、计算机网络、机器学习、数据结构,4,是,0,应届,1,是,校园实践,· 参与学校计算机协会技术部，负责协会网站日常维护,,否,1,校园社团官网（实训项目）,HTML5、TypeScript、Vue、Axios、Ant Design、Vite、JavaScript,7,英语四级,1,90,94,78,89
孟梓涵,女,15248785934,meng梓han168@126.com,13154744265,安庆,"期望岗位：前端开发工程师
期望城市：安庆
期望行业：互联网/信息技术/软件服务
期望薪资：6500-10500元",3年前端开发工程师工作经验，精通Axios、React技术栈，参与过完整项目迭代，能够独立完成模块开发与问题排查，注重代码质量与开发效率，具备良好的沟通协作能力。,"苏州职业大学 | 电子信息工程 | 专科
毕业时间：2019年6月
核心课程：计算机网络、Python编程、操作系统、数据库原理","【网易（杭州）】 前端开发工程师
2025年7月 - 至今
    · 编写开发文档，沉淀技术规范，协助新人熟悉业务
    · 承担分配模块的编码、测试与优化工作，保障系统稳定运行

【金蝶科技有限公司】 前端开发工程师
2024年12月 - 2025年4月
    · 对接产品、测试团队，跟进需求落地与缺陷修复
    · 编写开发文档，沉淀技术规范，协助新人熟悉业务","■ 企业后台管理系统
  项目目标：搭建企业运营管理后台，实现业务数据可视化
  个人职责：负责权限管理、数据报表模块开发，对接后端接口联调
  项目成果：覆盖12个业务部门，运营效率提升40%

■ 电商平台前端重构
  项目目标：升级旧版电商系统前端架构，提升用户体验与加载速度
  个人职责：负责商品详情页、购物车模块开发，组件化封装公共组件
  项目成果：首屏加载时间从3.2s降至1.8s，页面转化率提升12%","专业技能：Element UI、Axios、CSS3、React、HTML5、Vue、Vite、JavaScript、Ant Design、移动端适配
相关证书：PMP项目管理专业人士、红帽RHCE认证",拥有3年实际工作经验，技术功底扎实，熟悉完整开发流程；具备较强的问题解决能力，能够独立排查并解决常见技术问题；工作认真负责，注重团队协作，能够高效推进项目落地；持续学习，保持技术敏感度。,前端开发工程师,安庆,互联网/信息技术/软件服务,6500-10500元,否,6500,10500,苏州职业大学,电子信息工程,专科,大专,2019-06,2019,计算机网络、Python编程、操作系统、数据库原理,4,否,3,3年,2,否,网易（杭州）,前端开发工程师,2025-07,是,2,企业后台管理系统,Element UI、Axios、CSS3、React、HTML5、Vue、Vite、JavaScript、Ant Design、移动端适配,10,PMP项目管理专业人士、红帽RHCE认证,2,81,93,210,187
姜洋,男,18414926357,jiangyang36@126.com,15955853844,温州,"期望岗位：前端开发工程师
期望城市：温州
期望行业：互联网/信息技术/软件服务
期望薪资：9000-10000元",2年前端开发工程师工作经验，精通Vue、Element UI技术栈，参与过完整项目迭代，能够独立完成模块开发与问题排查，注重代码质量与开发效率，具备良好的沟通协作能力。,"南京理工大学 | 计算机科学与技术 | 本科
毕业时间：2020年6月
核心课程：计算机网络、数据结构、算法设计与分析、数据库原理","【通元网络科技有限公司】 前端开发工程师
2025年12月 - 至今
    · 对接产品、测试团队，跟进需求落地与缺陷修复
    · 负责公司前端开发工程师相关业务的开发与维护，参与需求评审

【博思科技有限公司】 前端开发工程师
2024年1月 - 2025年11月
    · 对接产品、测试团队，跟进需求落地与缺陷修复
    · 负责公司前端开发工程师相关业务的开发与维护，参与需求评审
    · 编写开发文档，沉淀技术规范，协助新人熟悉业务","■ 电商平台前端重构
  项目目标：升级旧版电商系统前端架构，提升用户体验与加载速度
  个人职责：负责商品详情页、购物车模块开发，组件化封装公共组件
  项目成果：首屏加载时间从3.2s降至1.8s，页面转化率提升12%

■ 企业后台管理系统
  项目目标：搭建企业运营管理后台，实现业务数据可视化
  个人职责：负责权限管理、数据报表模块开发，对接后端接口联调
  项目成果：覆盖12个业务部门，运营效率提升40%","专业技能：CSS3、Vite、Ant Design、Vue、移动端适配、HTML5、TypeScript、JavaScript
相关证书：阿里云ACP云计算认证、软件设计师（中级）",拥有2年实际工作经验，技术功底扎实，熟悉完整开发流程；具备较强的问题解决能力，能够独立排查并解决常见技术问题；工作认真负责，注重团队协作，能够高效推进项目落地；持续学习，保持技术敏感度。,前端开发工程师,温州,互联网/信息技术/软件服务,9000-10000元,否,9000,10000,南京理工大学,计算机科学与技术,本科,本科,2020-06,2020,计算机网络、数据结构、算法设计与分析、数据库原理,4,否,2,2年,2,否,通元网络科技有限公司,前端开发工程师,2025-12,是,2,电商平台前端重构,CSS3、Vite、Ant Design、Vue、移动端适配、HTML5、TypeScript、JavaScript,8,阿里云ACP云计算认证、软件设计师（中级）,2,84,93,210,228
毛茜,女,13631939568,maoxi51@163.com,wx_maoxi_642,苏州,"期望岗位：数据分析师
期望城市：苏州
期望行业：互联网/信息技术/软件服务
期望薪资：5000-5500元",专科信息管理与信息系统专业应届毕业生，掌握SQL、Excel基础技能，完成过课程设计与毕业项目，具备基础代码编写能力与问题排查思路，学习能力强，做事认真踏实，期望从事数据分析师相关工作。,"南京工业职业技术大学 | 信息管理与信息系统 | 专科
毕业时间：2022年6月
核心课程：计算机网络、机器学习、算法设计与分析、软件工程","【校园实践】
    · 参与学校计算机协会技术部，负责协会网站日常维护
    · 协助老师完成实验室设备管理与系统环境搭建
    · 参与班级课程设计小组，担任后端开发角色","■ 电商公开数据爬取分析
  项目目标：采集公开电商商品数据并分析
  个人职责：数据爬取、清洗、价格销量分析
  项目成果：输出可视化分析图表","专业技能：Python、Tableau、用户分析、SQL、Power BI
相关证书：无",应届毕业，具备扎实的专业基础知识与学习能力，能够快速掌握新技术；工作态度认真负责，有耐心，注重细节；具备良好的团队意识与沟通能力，能够积极配合团队完成任务；期望在工作中积累经验，快速成长。,数据分析师,苏州,互联网/信息技术/软件服务,5000-5500元,否,5000,5500,南京工业职业技术大学,信息管理与信息系统,专科,大专,2022-06,2022,计算机网络、机器学习、算法设计与分析、软件工程,4,是,0,应届,1,是,校园实践,· 参与学校计算机协会技术部，负责协会网站日常维护,,否,1,电商公开数据爬取分析,Python、Tableau、用户分析、SQL、Power BI,5,无,0,93,94,72,89
武思琪,女,13897792551,wusiqi1581@outlook.com,15305853147,南京,"期望岗位：数据分析师
期望城市：南京
期望行业：互联网/信息技术/软件服务
期望薪资：面议",专科数学与应用数学专业应届毕业生，掌握Hive、Tableau基础技能，完成过课程设计与毕业项目，具备基础代码编写能力与问题排查思路，学习能力强，做事认真踏实，期望从事数据分析师相关工作。,"厦门海洋职业技术学院 | 数学与应用数学 | 专科
毕业时间：2022年6月
核心课程：数据结构、数据库原理、数字信号处理、软件工程","【校园实践】
    · 参与学校计算机协会技术部，负责协会网站日常维护
    · 协助老师完成实验室设备管理与系统环境搭建
    · 参与班级课程设计小组，担任后端开发角色","■ 学生成绩数据分析
  项目目标：对班级期末成绩进行统计分析
  个人职责：数据清洗、可视化图表制作、结论输出
  项目成果：输出分析报告，提出3点教学建议","专业技能：Pandas、用户分析、SQL、MySQL、Hive、Excel、Python
相关证书：无",应届毕业，具备扎实的专业基础知识与学习能力，能够快速掌握新技术；工作态度认真负责，有耐心，注重细节；具备良好的团队意识与沟通能力，能够积极配合团队完成任务；期望在工作中积累经验，快速成长。,数据分析师,南京,互联网/信息技术/软件服务,面议,是,,,厦门海洋职业技术学院,数学与应用数学,专科,大专,2022-06,2022,数据结构、数据库原理、数字信号处理、软件工程,4,是,0,应届,1,是,校园实践,· 参与学校计算机协会技术部，负责协会网站日常维护,,否,1,学生成绩数据分析,Pandas、用户分析、SQL、MySQL、Hive、Excel、Python,7,无,0,94,94,79,89
何慧,女,13329372703,hehui37@outlook.com,13057627290,泉州,"期望岗位：运维工程师
期望城市：泉州
期望行业：互联网/信息技术/软件服务
期望薪资：19500-20000元",4年运维工程师从业经验，精通Docker技术架构，主导过中型项目从0到1落地，擅长技术方案设计与性能优化，曾推动核心模块技术重构，带来显著效率提升，具备跨部门协作与项目推进能力。,"福建船政交通职业学院 | 通信工程 | 专科
毕业时间：2018年6月
核心课程：数字信号处理、Python编程、操作系统、Java程序设计","【卓望网络科技有限公司】 运维工程师
2024年10月 - 至今
    · 对接产品、测试团队，跟进需求落地与缺陷修复
    · 承担分配模块的编码、测试与优化工作，保障系统稳定运行
    · 编写开发文档，沉淀技术规范，协助新人熟悉业务

【智联信息技术有限公司】 运维工程师
2022年12月 - 2024年6月
    · 编写开发文档，沉淀技术规范，协助新人熟悉业务
    · 承担分配模块的编码、测试与优化工作，保障系统稳定运行
    · 对接产品、测试团队，跟进需求落地与缺陷修复","■ CI/CD自动化流水线
  项目目标：实现代码自动化构建、测试、部署，提升发布效率
  个人职责：基于Jenkins搭建持续集成流水线，配置Docker容器化部署
  项目成果：发布周期从每周1次提升至每天3次，部署失误率降为0

■ 服务器集群运维优化
  项目目标：提升服务器集群稳定性，降低故障发生率
  个人职责：负责日常巡检、故障排查，优化监控告警规则与分级策略
  项目成果：服务器故障率下降60%，平均故障响应时间缩短至15分钟","专业技能：Kubernetes、网络运维、MySQL、Nginx、Zabbix、Prometheus
相关证书：PMP项目管理专业人士",拥有4年行业经验，技术视野开阔，具备方案设计与项目把控能力；逻辑清晰，善于定位并解决复杂技术问题；具备良好的团队管理与跨部门沟通能力，能够推动技术优化与业务落地；责任心强，追求技术与业务的平衡发展。,运维工程师,泉州,互联网/信息技术/软件服务,19500-20000元,否,19500,20000,福建船政交通职业学院,通信工程,专科,大专,2018-06,2018,数字信号处理、Python编程、操作系统、Java程序设计,4,否,4,4年,2,否,卓望网络科技有限公司,运维工程师,2024-10,是,2,CI/CD自动化流水线,Kubernetes、网络运维、MySQL、Nginx、Zabbix、Prometheus,6,PMP项目管理专业人士,1,89,99,223,251
郭宇泽,男,18790574935,guoyuze19@qq.com,wx_guoyuze_154,合肥,"期望岗位：数据分析师
期望城市：合肥
期望行业：互联网/信息技术/软件服务
期望薪资：7500-8000元",3年数据分析师工作经验，精通Pandas、Pandas技术栈，参与过完整项目迭代，能够独立完成模块开发与问题排查，注重代码质量与开发效率，具备良好的沟通协作能力。,"浙江工业大学 | 电子信息工程 | 本科
毕业时间：2019年6月
核心课程：机器学习、计算机网络、Java程序设计、操作系统","【用友科技有限公司】 数据分析师
2025年8月 - 至今
    · 对接产品、测试团队，跟进需求落地与缺陷修复
    · 负责公司数据分析师相关业务的开发与维护，参与需求评审

【科创科技有限公司】 数据分析师
2024年12月 - 2025年7月
    · 对接产品、测试团队，跟进需求落地与缺陷修复
    · 编写开发文档，沉淀技术规范，协助新人熟悉业务
    · 负责公司数据分析师相关业务的开发与维护，参与需求评审","■ 销售数据预测建模
  项目目标：基于历史数据预测销量，指导库存与备货
  个人职责：数据预处理，构建时间序列预测模型，输出月度预测报告
  项目成果：预测准确率达89%，库存周转效率提升25%

■ 用户行为分析看板
  项目目标：构建用户行为数据体系，支撑运营决策
  个人职责：负责数据清洗、指标体系搭建，输出可视化运营报表
  项目成果：输出15+核心运营指标，支撑每月3次运营优化，用户留存率提升8%","专业技能：Hive、Power BI、数据可视化、用户分析、Tableau、Excel、Python、统计学
相关证书：软考中级",拥有3年实际工作经验，技术功底扎实，熟悉完整开发流程；具备较强的问题解决能力，能够独立排查并解决常见技术问题；工作认真负责，注重团队协作，能够高效推进项目落地；持续学习，保持技术敏感度。,数据分析师,合肥,互联网/信息技术/软件服务,7500-8000元,否,7500,8000,浙江工业大学,电子信息工程,本科,本科,2019-06,2019,机器学习、计算机网络、Java程序设计、操作系统,4,否,3,3年,2,否,用友科技有限公司,数据分析师,2025-08,是,2,销售数据预测建模,Hive、Power BI、数据可视化、用户分析、Tableau、Excel、Python、统计学,8,软考中级,1,81,93,206,217
范鹏,男,13385072473,fanpeng34@gmail.com,18394401670,绍兴,"期望岗位：Python开发工程师
期望城市：绍兴
期望行业：互联网/信息技术/软件服务
期望薪资：4500-5500元",专科信息管理与信息系统专业应届毕业生，掌握Python、MySQL基础技能，完成过课程设计与毕业项目，具备基础代码编写能力与问题排查思路，学习能力强，做事认真踏实，期望从事Python开发工程师相关工作。,"福州职业技术学院 | 信息管理与信息系统 | 专科
毕业时间：2022年6月
核心课程：数字信号处理、Java程序设计、数据结构、机器学习","【校园实践】
    · 参与学校计算机协会技术部，负责协会网站日常维护
    · 协助老师完成实验室设备管理与系统环境搭建
    · 参与班级课程设计小组，担任后端开发角色","■ 自动化办公脚本
  项目目标：批量处理Excel表格数据
  个人职责：实现数据合并、格式转换、自动统计
  项目成果：提升人工效率80%","专业技能：Redis、Docker、Django、FastAPI、MySQL、MongoDB
相关证书：无",应届毕业，具备扎实的专业基础知识与学习能力，能够快速掌握新技术；工作态度认真负责，有耐心，注重细节；具备良好的团队意识与沟通能力，能够积极配合团队完成任务；期望在工作中积累经验，快速成长。,Python开发工程师,绍兴,互联网/信息技术/软件服务,4500-5500元,否,4500,5500,福州职业技术学院,信息管理与信息系统,专科,大专,2022-06,2022,数字信号处理、Java程序设计、数据结构、机器学习,4,是,0,应届,1,是,校园实践,· 参与学校计算机协会技术部，负责协会网站日常维护,,否,1,自动化办公脚本,Redis、Docker、Django、FastAPI、MySQL、MongoDB,6,无,0,102,94,71,89
周强,男,13655144473,zhouqiang70@qq.com,wx_zhouqiang_164,杭州,"期望岗位：Java开发工程师
期望城市：杭州
期望行业：互联网/信息技术/软件服务
期望薪资：3000-5500元",专科软件技术专业应届毕业生，掌握Redis、Linux基础技能，完成过课程设计与毕业项目，具备基础代码编写能力与问题排查思路，学习能力强，做事认真踏实，期望从事Java开发工程师相关工作。,"福州职业技术学院 | 软件技术 | 专科
毕业时间：2022年6月
核心课程：数据结构、软件工程、操作系统、Python编程","【校园实践】
    · 参与学校计算机协会技术部，负责协会网站日常维护
    · 协助老师完成实验室设备管理与系统环境搭建
    · 参与班级课程设计小组，担任后端开发角色","■ 学生成绩管理系统（课程设计）
  项目目标：实现学生信息、成绩、班级的增删改查管理
  个人职责：负责后端接口开发与数据库设计
  项目成果：完成基础功能，通过课程答辩","专业技能：Linux、Docker、Java、微服务
相关证书：计算机二级、英语六级",应届毕业，具备扎实的专业基础知识与学习能力，能够快速掌握新技术；工作态度认真负责，有耐心，注重细节；具备良好的团队意识与沟通能力，能够积极配合团队完成任务；期望在工作中积累经验，快速成长。,Java开发工程师,杭州,互联网/信息技术/软件服务,3000-5500元,否,3000,5500,福州职业技术学院,软件技术,专科,大专,2022-06,2022,数据结构、软件工程、操作系统、Python编程,4,是,0,应届,1,是,校园实践,· 参与学校计算机协会技术部，负责协会网站日常维护,,否,1,学生成绩管理系统（课程设计）,Linux、Docker、Java、微服务,4,计算机二级、英语六级,2,94,94,86,89
汪梓涵,女,18098413983,wang梓han48@126.com,wx_wang梓han_971,宁波,"期望岗位：算法工程师
期望城市：宁波
期望行业：互联网/信息技术/软件服务
期望薪资：29000-32000元",10年算法工程师资深经验，精通全链路技术架构，具备团队技术规划与方案设计能力，主导过多个大型项目重构与升级，在高并发/系统稳定性领域有深厚积累，能够带领团队攻克技术难题，驱动业务技术升级。,"暨南大学 | 计算机应用技术 | 本科
毕业时间：2012年6月
核心课程：操作系统、Java程序设计、数字信号处理、Python编程","【新科信息技术有限公司】 算法工程师
2023年11月 - 至今
    · 对接产品、测试团队，跟进需求落地与缺陷修复
    · 承担分配模块的编码、测试与优化工作，保障系统稳定运行
    · 编写开发文档，沉淀技术规范，协助新人熟悉业务

【云创信息技术有限公司】 算法工程师
2020年11月 - 2023年2月
    · 负责公司算法工程师相关业务的开发与维护，参与需求评审
    · 对接产品、测试团队，跟进需求落地与缺陷修复
    · 承担分配模块的编码、测试与优化工作，保障系统稳定运行

【易联信息技术有限公司】 算法工程师
2017年9月 - 2020年7月
    · 负责公司算法工程师相关业务的开发与维护，参与需求评审
    · 编写开发文档，沉淀技术规范，协助新人熟悉业务
    · 对接产品、测试团队，跟进需求落地与缺陷修复","■ 个性化推荐系统
  项目目标：提升内容推荐精准度，增加用户停留时长
  个人职责：负责协同过滤、深度学习推荐模型开发与离线优化
  项目成果：用户平均停留时长提升25%，点击率提升15%

■ 风控欺诈识别模型
  项目目标：识别交易欺诈行为，降低资金损失风险
  个人职责：特征工程，构建XGBoost风控模型，在线部署与迭代
  项目成果：欺诈识别准确率达92%，每年减少损失超200万","专业技能：深度学习、特征工程、NLP、SQL、数据结构、机器学习、推荐算法
相关证书：无",拥有10年行业经验，技术视野开阔，具备方案设计与项目把控能力；逻辑清晰，善于定位并解决复杂技术问题；具备良好的团队管理与跨部门沟通能力，能够推动技术优化与业务落地；责任心强，追求技术与业务的平衡发展。,算法工程师,宁波,互联网/信息技术/软件服务,29000-32000元,否,29000,32000,暨南大学,计算机应用技术,本科,本科,2012-06,2012,操作系统、Java程序设计、数字信号处理、Python编程,4,否,10,10年,3,否,新科信息技术有限公司,算法工程师,2023-11,是,2,个性化推荐系统,深度学习、特征工程、NLP、SQL、数据结构、机器学习、推荐算法,7,无,0,94,100,197,383
江雨泽,男,13075693766,jiang雨ze50@qq.com,13991031389,三明,"期望岗位：数据分析师
期望城市：三明
期望行业：互联网/信息技术/软件服务
期望薪资：5500-6000元",专科网络工程专业应届毕业生，掌握用户分析、Pandas基础技能，完成过课程设计与毕业项目，具备基础代码编写能力与问题排查思路，学习能力强，做事认真踏实，期望从事数据分析师相关工作。,"厦门海洋职业技术学院 | 网络工程 | 专科
毕业时间：2022年6月
核心课程：Python编程、计算机网络、数据库原理、算法设计与分析","【校园实践】
    · 参与学校计算机协会技术部，负责协会网站日常维护
    · 协助老师完成实验室设备管理与系统环境搭建
    · 参与班级课程设计小组，担任后端开发角色","■ 电商公开数据爬取分析
  项目目标：采集公开电商商品数据并分析
  个人职责：数据爬取、清洗、价格销量分析
  项目成果：输出可视化分析图表","专业技能：MySQL、Python、Power BI、Excel
相关证书：软件设计师（中级）、英语六级、英语四级",应届毕业，具备扎实的专业基础知识与学习能力，能够快速掌握新技术；工作态度认真负责，有耐心，注重细节；具备良好的团队意识与沟通能力，能够积极配合团队完成任务；期望在工作中积累经验，快速成长。,数据分析师,三明,互联网/信息技术/软件服务,5500-6000元,否,5500,6000,厦门海洋职业技术学院,网络工程,专科,大专,2022-06,2022,Python编程、计算机网络、数据库原理、算法设计与分析,4,是,0,应届,1,是,校园实践,· 参与学校计算机协会技术部，负责协会网站日常维护,,否,1,电商公开数据爬取分析,MySQL、Python、Power BI、Excel,4,软件设计师（中级）、英语六级、英语四级,3,90,94,72,89
何超,男,13244734230,hechao6250@163.com,18890075856,金华,"期望岗位：算法工程师
期望城市：金华
期望行业：互联网/信息技术/软件服务
期望薪资：4500-5500元",专科计算机应用技术专业应届毕业生，掌握Python、计算机视觉基础技能，完成过课程设计与毕业项目，具备基础代码编写能力与问题排查思路，学习能力强，做事认真踏实，期望从事算法工程师相关工作。,"福建船政交通职业学院 | 计算机应用技术 | 专科
毕业时间：2022年6月
核心课程：软件工程、Python编程、数据结构、算法设计与分析","【校园实践】
    · 参与学校计算机协会技术部，负责协会网站日常维护
    · 协助老师完成实验室设备管理与系统环境搭建
    · 参与班级课程设计小组，担任后端开发角色","■ 电影推荐系统（毕设）
  项目目标：基于协同过滤实现简单电影推荐
  个人职责：数据处理、模型实现、效果验证
  项目成果：召回准确率达到75%","专业技能：机器学习、PyTorch、SQL、NLP、特征工程、计算机视觉
相关证书：计算机一级",应届毕业，具备扎实的专业基础知识与学习能力，能够快速掌握新技术；工作态度认真负责，有耐心，注重细节；具备良好的团队意识与沟通能力，能够积极配合团队完成任务；期望在工作中积累经验，快速成长。,算法工程师,金华,互联网/信息技术/软件服务,4500-5500元,否,4500,5500,福建船政交通职业学院,计算机应用技术,专科,大专,2022-06,2022,软件工程、Python编程、数据结构、算法设计与分析,4,是,0,应届,1,是,校园实践,· 参与学校计算机协会技术部，负责协会网站日常维护,,否,1,电影推荐系统（毕设）,机器学习、PyTorch、SQL、NLP、特征工程、计算机视觉,6,计算机一级,1,94,94,74,89
余思琪,女,15655547122,yusiqi54@163.com,wx_yusiqi_490,扬州,"期望岗位：后端开发工程师
期望城市：扬州
期望行业：互联网/信息技术/软件服务
期望薪资：4000-5500元",专科数据科学与大数据技术专业应届毕业生，掌握Go、MySQL基础技能，完成过课程设计与毕业项目，具备基础代码编写能力与问题排查思路，学习能力强，做事认真踏实，期望从事后端开发工程师相关工作。,"苏州职业大学 | 数据科学与大数据技术 | 专科
毕业时间：2022年6月
核心课程：算法设计与分析、计算机网络、Python编程、Java程序设计","【校园实践】
    · 参与学校计算机协会技术部，负责协会网站日常维护
    · 协助老师完成实验室设备管理与系统环境搭建
    · 参与班级课程设计小组，担任后端开发角色","■ 简单论坛系统
  项目目标：实现帖子发布、回复、板块管理
  个人职责：负责后端服务开发与接口文档编写
  项目成果：支持百人同时在线访问","专业技能：Java、微服务、Docker、Kafka
相关证书：计算机二级、计算机一级",应届毕业，具备扎实的专业基础知识与学习能力，能够快速掌握新技术；工作态度认真负责，有耐心，注重细节；具备良好的团队意识与沟通能力，能够积极配合团队完成任务；期望在工作中积累经验，快速成长。,后端开发工程师,扬州,互联网/信息技术/软件服务,4000-5500元,否,4000,5500,苏州职业大学,数据科学与大数据技术,专科,大专,2022-06,2022,算法设计与分析、计算机网络、Python编程、Java程序设计,4,是,0,应届,1,是,校园实践,· 参与学校计算机协会技术部，负责协会网站日常维护,,否,1,简单论坛系统,Java、微服务、Docker、Kafka,4,计算机二级、计算机一级,2,95,94,71,89
龙皓,男,15596518392,longhao861@outlook.com,wx_longhao_770,泉州,"期望岗位：Python开发工程师
期望城市：泉州
期望行业：互联网/信息技术/软件服务
期望薪资：9000-12000元",1年Python开发工程师工作经验，精通Linux、Docker技术栈，参与过完整项目迭代，能够独立完成模块开发与问题排查，注重代码质量与开发效率，具备良好的沟通协作能力。,"闽南师范大学 | 计算机科学与技术 | 本科
毕业时间：2021年6月
核心课程：数字信号处理、操作系统、Python编程、软件工程","【OPPO（东莞）】 Python开发工程师
2025年3月 - 至今
    · 编写开发文档，沉淀技术规范，协助新人熟悉业务
    · 对接产品、测试团队，跟进需求落地与缺陷修复","■ 数据采集爬虫系统
  项目目标：搭建分布式爬虫平台，采集多渠道公开数据
  个人职责：负责反爬策略破解、数据清洗、入库逻辑开发
  项目成果：日均采集数据50万条，数据准确率98%以上

■ 自动化运维平台
  项目目标：开发运维管理平台，实现服务器批量管理
  个人职责：负责监控、告警、任务调度模块后端开发
  项目成果：管理服务器200+，运维人力成本降低50%","专业技能：Linux、Docker、Flask、Git、MySQL、Redis、Celery、FastAPI、MongoDB
相关证书：英语六级",拥有1年实际工作经验，技术功底扎实，熟悉完整开发流程；具备较强的问题解决能力，能够独立排查并解决常见技术问题；工作认真负责，注重团队协作，能够高效推进项目落地；持续学习，保持技术敏感度。,Python开发工程师,泉州,互联网/信息技术/软件服务,9000-12000元,否,9000,12000,闽南师范大学,计算机科学与技术,本科,本科,2021-06,2021,数字信号处理、操作系统、Python编程、软件工程,4,否,1,1年,1,否,OPPO（东莞）,Python开发工程师,2025-03,是,2,数据采集爬虫系统,Linux、Docker、Flask、Git、MySQL、Redis、Celery、FastAPI、MongoDB,9,英语六级,1,86,93,186,92
彭瑶,女,18897781092,pengyao84@126.com,wx_pengyao_364,黄山,"期望岗位：软件测试工程师
期望城市：黄山
期望行业：互联网/信息技术/软件服务
期望薪资：17000-19500元",4年软件测试工程师从业经验，精通测试用例设计技术架构，主导过中型项目从0到1落地，擅长技术方案设计与性能优化，曾推动核心模块技术重构，带来显著效率提升，具备跨部门协作与项目推进能力。,"福建信息职业技术学院 | 通信工程 | 专科
毕业时间：2018年6月
核心课程：算法设计与分析、计算机网络、数字信号处理、数据结构","【东软网络科技有限公司】 软件测试工程师
2024年2月 - 至今
    · 对接产品、测试团队，跟进需求落地与缺陷修复
    · 编写开发文档，沉淀技术规范，协助新人熟悉业务

【安硕互联网科技有限公司】 软件测试工程师
2022年4月 - 2024年4月
    · 编写开发文档，沉淀技术规范，协助新人熟悉业务
    · 承担分配模块的编码、测试与优化工作，保障系统稳定运行
    · 对接产品、测试团队，跟进需求落地与缺陷修复","■ 电商平台功能测试
  项目目标：保障电商系统上线质量，覆盖全业务流程
  个人职责：设计测试用例，执行功能、回归测试，提交缺陷报告
  项目成果：发现并修复120+缺陷，上线后线上缺陷率低于0.5%

■ 自动化测试框架搭建
  项目目标：提升回归测试效率，减少人工重复劳动
  个人职责：基于Selenium搭建UI自动化框架，编写核心模块测试脚本
  项目成果：回归测试周期从7天缩短至2天，覆盖率达85%","专业技能：测试用例设计、Postman、Selenium、TestNG、Appium、Python、性能测试、接口测试
相关证书：华为HCIA认证、英语四级",拥有4年行业经验，技术视野开阔，具备方案设计与项目把控能力；逻辑清晰，善于定位并解决复杂技术问题；具备良好的团队管理与跨部门沟通能力，能够推动技术优化与业务落地；责任心强，追求技术与业务的平衡发展。,软件测试工程师,黄山,互联网/信息技术/软件服务,17000-19500元,否,17000,19500,福建信息职业技术学院,通信工程,专科,大专,2018-06,2018,算法设计与分析、计算机网络、数字信号处理、数据结构,4,否,4,4年,2,否,东软网络科技有限公司,软件测试工程师,2024-02,是,2,电商平台功能测试,测试用例设计、Postman、Selenium、TestNG、Appium、Python、性能测试、接口测试,8,华为HCIA认证、英语四级,2,91,99,207,221
林超,男,18068978870,linchao58@outlook.com,wx_linchao_464,常州,"期望岗位：算法工程师
期望城市：常州
期望行业：互联网/信息技术/软件服务
期望薪资：面议",5年算法工程师从业经验，精通TensorFlow技术架构，主导过中型项目从0到1落地，擅长技术方案设计与性能优化，曾推动核心模块技术重构，带来显著效率提升，具备跨部门协作与项目推进能力。,"南京理工大学 | 电子信息工程 | 本科
毕业时间：2017年6月
核心课程：操作系统、计算机网络、算法设计与分析、数据结构","【美图公司】 算法工程师
2025年8月 - 至今
    · 负责公司算法工程师相关业务的开发与维护，参与需求评审
    · 承担分配模块的编码、测试与优化工作，保障系统稳定运行
    · 对接产品、测试团队，跟进需求落地与缺陷修复

【卓望互联网科技有限公司】 算法工程师
2024年6月 - 2025年4月
    · 负责公司算法工程师相关业务的开发与维护，参与需求评审
    · 编写开发文档，沉淀技术规范，协助新人熟悉业务
    · 对接产品、测试团队，跟进需求落地与缺陷修复

【数聚互联网科技有限公司】 算法工程师
2023年2月 - 2024年12月
    · 负责公司算法工程师相关业务的开发与维护，参与需求评审
    · 编写开发文档，沉淀技术规范，协助新人熟悉业务","■ 风控欺诈识别模型
  项目目标：识别交易欺诈行为，降低资金损失风险
  个人职责：特征工程，构建XGBoost风控模型，在线部署与迭代
  项目成果：欺诈识别准确率达92%，每年减少损失超200万

■ 个性化推荐系统
  项目目标：提升内容推荐精准度，增加用户停留时长
  个人职责：负责协同过滤、深度学习推荐模型开发与离线优化
  项目成果：用户平均停留时长提升25%，点击率提升15%","专业技能：TensorFlow、特征工程、NLP、机器学习、数据结构、Python
相关证书：PMP项目管理专业人士",拥有5年行业经验，技术视野开阔，具备方案设计与项目把控能力；逻辑清晰，善于定位并解决复杂技术问题；具备良好的团队管理与跨部门沟通能力，能够推动技术优化与业务落地；责任心强，追求技术与业务的平衡发展。,算法工程师,常州,互联网/信息技术/软件服务,面议,是,,,南京理工大学,电子信息工程,本科,本科,2017-06,2017,操作系统、计算机网络、算法设计与分析、数据结构,4,否,5,5年,3,否,美图公司,算法工程师,2025-08,是,2,风控欺诈识别模型,TensorFlow、特征工程、NLP、机器学习、数据结构、Python,6,PMP项目管理专业人士,1,93,99,197,350
邱婷,女,13696455551,qiuting0824@126.com,18496366657,南京,"期望岗位：前端开发工程师
期望城市：南京
期望行业：互联网/信息技术/软件服务
期望薪资：26000-35000元",6年前端开发工程师资深经验，精通全链路技术架构，具备团队技术规划与方案设计能力，主导过多个大型项目重构与升级，在高并发/系统稳定性领域有深厚积累，能够带领团队攻克技术难题，驱动业务技术升级。,"福建信息职业技术学院 | 数据科学与大数据技术 | 专科
毕业时间：2016年6月
核心课程：Python编程、数据结构、Java程序设计、操作系统","【金蝶科技有限公司】 前端开发工程师
2024年5月 - 至今
    · 对接产品、测试团队，跟进需求落地与缺陷修复
    · 编写开发文档，沉淀技术规范，协助新人熟悉业务
    · 负责公司前端开发工程师相关业务的开发与维护，参与需求评审

【星图网络科技有限公司】 前端开发工程师
2022年10月 - 2024年6月
    · 承担分配模块的编码、测试与优化工作，保障系统稳定运行
    · 负责公司前端开发工程师相关业务的开发与维护，参与需求评审
    · 对接产品、测试团队，跟进需求落地与缺陷修复

【云创科技有限公司】 前端开发工程师
2020年8月 - 2022年9月
    · 承担分配模块的编码、测试与优化工作，保障系统稳定运行
    · 对接产品、测试团队，跟进需求落地与缺陷修复","■ 电商平台前端重构
  项目目标：升级旧版电商系统前端架构，提升用户体验与加载速度
  个人职责：负责商品详情页、购物车模块开发，组件化封装公共组件
  项目成果：首屏加载时间从3.2s降至1.8s，页面转化率提升12%

■ 企业后台管理系统
  项目目标：搭建企业运营管理后台，实现业务数据可视化
  个人职责：负责权限管理、数据报表模块开发，对接后端接口联调
  项目成果：覆盖12个业务部门，运营效率提升40%","专业技能：移动端适配、JavaScript、CSS3、HTML5、Webpack、Ant Design、Axios
相关证书：计算机一级、红帽RHCE认证",拥有6年行业经验，技术视野开阔，具备方案设计与项目把控能力；逻辑清晰，善于定位并解决复杂技术问题；具备良好的团队管理与跨部门沟通能力，能够推动技术优化与业务落地；责任心强，追求技术与业务的平衡发展。,前端开发工程师,南京,互联网/信息技术/软件服务,26000-35000元,否,26000,35000,福建信息职业技术学院,数据科学与大数据技术,专科,大专,2016-06,2016,Python编程、数据结构、Java程序设计、操作系统,4,否,6,6年,3,否,金蝶科技有限公司,前端开发工程师,2024-05,是,2,电商平台前端重构,移动端适配、JavaScript、CSS3、HTML5、Webpack、Ant Design、Axios,7,计算机一级、红帽RHCE认证,2,95,99,210,359
曹慧,女,18105531653,caohui429@163.com,wx_caohui_918,金华,"期望岗位：数据分析师
期望城市：金华
期望行业：互联网/信息技术/软件服务
期望薪资：9000-10000元",1年数据分析师工作经验，精通统计学、Tableau技术栈，参与过完整项目迭代，能够独立完成模块开发与问题排查，注重代码质量与开发效率，具备良好的沟通协作能力。,"华南理工大学 | 数字媒体技术 | 本科
毕业时间：2021年6月
核心课程：Java程序设计、算法设计与分析、机器学习、计算机网络","【OPPO（东莞）】 数据分析师
2025年1月 - 至今
    · 负责公司数据分析师相关业务的开发与维护，参与需求评审
    · 承担分配模块的编码、测试与优化工作，保障系统稳定运行","■ 销售数据预测建模
  项目目标：基于历史数据预测销量，指导库存与备货
  个人职责：数据预处理，构建时间序列预测模型，输出月度预测报告
  项目成果：预测准确率达89%，库存周转效率提升25%

■ 用户行为分析看板
  项目目标：构建用户行为数据体系，支撑运营决策
  个人职责：负责数据清洗、指标体系搭建，输出可视化运营报表
  项目成果：输出15+核心运营指标，支撑每月3次运营优化，用户留存率提升8%","专业技能：NumPy、用户分析、MySQL、Excel、数据可视化、Python、Power BI、Pandas
相关证书：英语六级",拥有1年实际工作经验，技术功底扎实，熟悉完整开发流程；具备较强的问题解决能力，能够独立排查并解决常见技术问题；工作认真负责，注重团队协作，能够高效推进项目落地；持续学习，保持技术敏感度。,数据分析师,金华,互联网/信息技术/软件服务,9000-10000元,否,9000,10000,华南理工大学,数字媒体技术,本科,本科,2021-06,2021,Java程序设计、算法设计与分析、机器学习、计算机网络,4,否,1,1年,1,否,OPPO（东莞）,数据分析师,2025-01,是,2,销售数据预测建模,NumPy、用户分析、MySQL、Excel、数据可视化、Python、Power BI、Pandas,8,英语六级,1,79,93,206,95
覃梅,女,13988582578,qinmei9280@qq.com,wx_qinmei_504,阜阳,"期望岗位：Python开发工程师
期望城市：阜阳
期望行业：互联网/信息技术/软件服务
期望薪资：4500-7000元",本科电子信息工程专业应届毕业生，有0段Python开发工程师实习经验，掌握Redis技术栈，参与过实习项目开发，具备良好的代码规范与团队协作意识，能够快速上手业务，期望正式入职发展。,"中山大学 | 电子信息工程 | 本科
毕业时间：2022年6月
核心课程：数字信号处理、数据库原理、Python编程、操作系统","【华为（东莞研究所）】 Python开发工程师（实习）
2023年3月 - 至今
    · 负责公司Python开发工程师相关业务的开发与维护，参与需求评审
    · 对接产品、测试团队，跟进需求落地与缺陷修复","■ 简单爬虫脚本开发
  项目目标：爬取公开网站数据并入库
  个人职责：负责反爬处理、数据清洗、SQLite存储
  项目成果：日均采集数据1万条

■ 自动化办公脚本
  项目目标：批量处理Excel表格数据
  个人职责：实现数据合并、格式转换、自动统计
  项目成果：提升人工效率80%","专业技能：FastAPI、Python、Docker、MongoDB
相关证书：无",有实习经验，熟悉开发基本流程，具备基础的项目实践能力；学习能力强，能够快速上手新业务新技术；工作踏实，责任心强，善于沟通协作，能够高效完成分配的工作任务。,Python开发工程师,阜阳,互联网/信息技术/软件服务,4500-7000元,否,4500,7000,中山大学,电子信息工程,本科,本科,2022-06,2022,数字信号处理、数据库原理、Python编程、操作系统,4,是,0,应届,1,否,华为（东莞研究所）,Python开发工程师（实习）,2023-03,是,2,简单爬虫脚本开发,FastAPI、Python、Docker、MongoDB,4,无,0,91,77,147,107
曾华,男,18074950652,zenghua038@126.com,15089425384,莆田,"期望岗位：软件测试工程师
期望城市：莆田
期望行业：互联网/信息技术/软件服务
期望薪资：5500-6000元",专科信息管理与信息系统专业应届毕业生，掌握测试用例设计、Postman基础技能，完成过课程设计与毕业项目，具备基础代码编写能力与问题排查思路，学习能力强，做事认真踏实，期望从事软件测试工程师相关工作。,"厦门海洋职业技术学院 | 信息管理与信息系统 | 专科
毕业时间：2022年6月
核心课程：数字信号处理、软件工程、计算机网络、Java程序设计","【校园实践】
    · 参与学校计算机协会技术部，负责协会网站日常维护
    · 协助老师完成实验室设备管理与系统环境搭建
    · 参与班级课程设计小组，担任后端开发角色","■ 学生管理系统功能测试
  项目目标：对课程设计系统进行功能测试与缺陷提交
  个人职责：设计测试用例，执行黑盒测试
  项目成果：发现并提交8个功能缺陷","专业技能：缺陷管理、Python、测试用例设计、TestNG、Postman、Selenium
相关证书：英语六级、华为HCIA认证",应届毕业，具备扎实的专业基础知识与学习能力，能够快速掌握新技术；工作态度认真负责，有耐心，注重细节；具备良好的团队意识与沟通能力，能够积极配合团队完成任务；期望在工作中积累经验，快速成长。,软件测试工程师,莆田,互联网/信息技术/软件服务,5500-6000元,否,5500,6000,厦门海洋职业技术学院,信息管理与信息系统,专科,大专,2022-06,2022,数字信号处理、软件工程、计算机网络、Java程序设计,4,是,0,应届,1,是,校园实践,· 参与学校计算机协会技术部，负责协会网站日常维护,,否,1,学生管理系统功能测试,缺陷管理、Python、测试用例设计、TestNG、Postman、Selenium,6,英语六级、华为HCIA认证,2,100,94,78,89
戴凯,男,15007099835,daikai7735@163.com,wx_daikai_145,温州,"期望岗位：前端开发工程师
期望城市：温州
期望行业：互联网/信息技术/软件服务
期望薪资：12500-13500元",3年前端开发工程师从业经验，精通Axios技术架构，主导过中型项目从0到1落地，擅长技术方案设计与性能优化，曾推动核心模块技术重构，带来显著效率提升，具备跨部门协作与项目推进能力。,"苏州科技大学 | 计算机应用技术 | 本科
毕业时间：2019年6月
核心课程：计算机网络、数据结构、Java程序设计、数字信号处理","【通元数据技术有限公司】 前端开发工程师
2025年12月 - 至今
    · 承担分配模块的编码、测试与优化工作，保障系统稳定运行
    · 编写开发文档，沉淀技术规范，协助新人熟悉业务

【卓望数据技术有限公司】 前端开发工程师
2024年7月 - 2025年6月
    · 编写开发文档，沉淀技术规范，协助新人熟悉业务
    · 对接产品、测试团队，跟进需求落地与缺陷修复
    · 承担分配模块的编码、测试与优化工作，保障系统稳定运行","■ 企业后台管理系统
  项目目标：搭建企业运营管理后台，实现业务数据可视化
  个人职责：负责权限管理、数据报表模块开发，对接后端接口联调
  项目成果：覆盖12个业务部门，运营效率提升40%

■ 电商平台前端重构
  项目目标：升级旧版电商系统前端架构，提升用户体验与加载速度
  个人职责：负责商品详情页、购物车模块开发，组件化封装公共组件
  项目成果：首屏加载时间从3.2s降至1.8s，页面转化率提升12%","专业技能：JavaScript、Element UI、HTML5、React、移动端适配、Axios、Webpack、Ant Design、TypeScript
相关证书：红帽RHCE认证",拥有3年行业经验，技术视野开阔，具备方案设计与项目把控能力；逻辑清晰，善于定位并解决复杂技术问题；具备良好的团队管理与跨部门沟通能力，能够推动技术优化与业务落地；责任心强，追求技术与业务的平衡发展。,前端开发工程师,温州,互联网/信息技术/软件服务,12500-13500元,否,12500,13500,苏州科技大学,计算机应用技术,本科,本科,2019-06,2019,计算机网络、数据结构、Java程序设计、数字信号处理,4,否,3,3年,2,否,通元数据技术有限公司,前端开发工程师,2025-12,是,2,企业后台管理系统,JavaScript、Element UI、HTML5、React、移动端适配、Axios、Webpack、Ant Design、TypeScript,9,红帽RHCE认证,1,90,99,210,226
丁丹,女,15150693209,dingdan34@163.com,13741242398,龙岩,"期望岗位：Python开发工程师
期望城市：龙岩
期望行业：互联网/信息技术/软件服务
期望薪资：10000-11500元",2年Python开发工程师工作经验，精通Python、Flask技术栈，参与过完整项目迭代，能够独立完成模块开发与问题排查，注重代码质量与开发效率，具备良好的沟通协作能力。,"东莞理工学院 | 数学与应用数学 | 本科
毕业时间：2020年6月
核心课程：计算机网络、操作系统、Java程序设计、数字信号处理","【智联软件有限公司】 Python开发工程师
2025年9月 - 至今
    · 承担分配模块的编码、测试与优化工作，保障系统稳定运行
    · 负责公司Python开发工程师相关业务的开发与维护，参与需求评审
    · 对接产品、测试团队，跟进需求落地与缺陷修复

【星图科技有限公司】 Python开发工程师
2024年1月 - 2025年11月
    · 承担分配模块的编码、测试与优化工作，保障系统稳定运行
    · 负责公司Python开发工程师相关业务的开发与维护，参与需求评审","■ 数据采集爬虫系统
  项目目标：搭建分布式爬虫平台，采集多渠道公开数据
  个人职责：负责反爬策略破解、数据清洗、入库逻辑开发
  项目成果：日均采集数据50万条，数据准确率98%以上

■ 自动化运维平台
  项目目标：开发运维管理平台，实现服务器批量管理
  个人职责：负责监控、告警、任务调度模块后端开发
  项目成果：管理服务器200+，运维人力成本降低50%","专业技能：Flask、Git、Docker、MongoDB、爬虫、FastAPI、MySQL、Python
相关证书：阿里云ACP云计算认证、计算机一级",拥有2年实际工作经验，技术功底扎实，熟悉完整开发流程；具备较强的问题解决能力，能够独立排查并解决常见技术问题；工作认真负责，注重团队协作，能够高效推进项目落地；持续学习，保持技术敏感度。,Python开发工程师,龙岩,互联网/信息技术/软件服务,10000-11500元,否,10000,11500,东莞理工学院,数学与应用数学,本科,本科,2020-06,2020,计算机网络、操作系统、Java程序设计、数字信号处理,4,否,2,2年,2,否,智联软件有限公司,Python开发工程师,2025-09,是,2,数据采集爬虫系统,Flask、Git、Docker、MongoDB、爬虫、FastAPI、MySQL、Python,8,阿里云ACP云计算认证、计算机一级,2,86,93,186,250
邵雯,女,13346975987,shaowen183@qq.com,wx_shaowen_531,宁波,"期望岗位：数据分析师
期望城市：宁波
期望行业：互联网/信息技术/软件服务
期望薪资：11000-11500元",2年数据分析师工作经验，精通Tableau、Power BI技术栈，参与过完整项目迭代，能够独立完成模块开发与问题排查，注重代码质量与开发效率，具备良好的沟通协作能力。,"江西交通职业技术学院 | 物联网工程 | 专科
毕业时间：2020年6月
核心课程：数据结构、计算机网络、数据库原理、软件工程","【云创软件有限公司】 数据分析师
2025年3月 - 至今
    · 承担分配模块的编码、测试与优化工作，保障系统稳定运行
    · 对接产品、测试团队，跟进需求落地与缺陷修复

【锐捷网络科技有限公司】 数据分析师
2024年12月 - 2025年4月
    · 对接产品、测试团队，跟进需求落地与缺陷修复
    · 负责公司数据分析师相关业务的开发与维护，参与需求评审","■ 用户行为分析看板
  项目目标：构建用户行为数据体系，支撑运营决策
  个人职责：负责数据清洗、指标体系搭建，输出可视化运营报表
  项目成果：输出15+核心运营指标，支撑每月3次运营优化，用户留存率提升8%

■ 销售数据预测建模
  项目目标：基于历史数据预测销量，指导库存与备货
  个人职责：数据预处理，构建时间序列预测模型，输出月度预测报告
  项目成果：预测准确率达89%，库存周转效率提升25%","专业技能：Power BI、Tableau、用户分析、Excel、数据可视化、SQL、Pandas、Python
相关证书：系统架构设计师",拥有2年实际工作经验，技术功底扎实，熟悉完整开发流程；具备较强的问题解决能力，能够独立排查并解决常见技术问题；工作认真负责，注重团队协作，能够高效推进项目落地；持续学习，保持技术敏感度。,数据分析师,宁波,互联网/信息技术/软件服务,11000-11500元,否,11000,11500,江西交通职业技术学院,物联网工程,专科,大专,2020-06,2020,数据结构、计算机网络、数据库原理、软件工程,4,否,2,2年,2,否,云创软件有限公司,数据分析师,2025-03,是,2,用户行为分析看板,Power BI、Tableau、用户分析、Excel、数据可视化、SQL、Pandas、Python,8,系统架构设计师,1,84,93,206,190
沈天佑,男,13757560750,shen天you9713@outlook.com,wx_shen天you_116,宁波,"期望岗位：后端开发工程师
期望城市：宁波
期望行业：互联网/信息技术/软件服务
期望薪资：面议",1年后端开发工程师工作经验，精通Go、Java技术栈，参与过完整项目迭代，能够独立完成模块开发与问题排查，注重代码质量与开发效率，具备良好的沟通协作能力。,"南京大学 | 数据科学与大数据技术 | 本科
毕业时间：2021年6月
核心课程：数据结构、操作系统、机器学习、算法设计与分析","【信雅科技有限公司】 后端开发工程师
2025年6月 - 至今
    · 负责公司后端开发工程师相关业务的开发与维护，参与需求评审
    · 编写开发文档，沉淀技术规范，协助新人熟悉业务","■ 内容管理系统后端
  项目目标：搭建CMS系统后端服务，支持多站点内容发布
  个人职责：负责文章、栏目、权限模块接口开发，设计数据库表结构
  项目成果：支撑8个站点同时运营，内容发布效率提升3倍

■ 即时通讯服务开发
  项目目标：实现企业内部IM系统后端消息推送与存储
  个人职责：负责消息队列、离线消息、会话管理模块开发
  项目成果：支持万人同时在线，消息送达延迟低于100ms","专业技能：SpringBoot、Go、微服务、MySQL、Python、Redis、Docker
相关证书：PMP项目管理专业人士",拥有1年实际工作经验，技术功底扎实，熟悉完整开发流程；具备较强的问题解决能力，能够独立排查并解决常见技术问题；工作认真负责，注重团队协作，能够高效推进项目落地；持续学习，保持技术敏感度。,后端开发工程师,宁波,互联网/信息技术/软件服务,面议,是,,,南京大学,数据科学与大数据技术,本科,本科,2021-06,2021,数据结构、操作系统、机器学习、算法设计与分析,4,否,1,1年,1,否,信雅科技有限公司,后端开发工程师,2025-06,是,2,内容管理系统后端,SpringBoot、Go、微服务、MySQL、Python、Redis、Docker,7,PMP项目管理专业人士,1,77,93,198,95
胡雨泽,男,15304364351,hu雨ze3498@126.com,wx_hu雨ze_795,芜湖,"期望岗位：算法工程师
期望城市：芜湖
期望行业：互联网/信息技术/软件服务
期望薪资：3500-4500元",本科通信工程专业应届毕业生，掌握NLP、算法优化基础技能，完成过课程设计与毕业项目，具备基础代码编写能力与问题排查思路，学习能力强，做事认真踏实，期望从事算法工程师相关工作。,"广东技术师范大学 | 通信工程 | 本科
毕业时间：2022年6月
核心课程：Java程序设计、算法设计与分析、计算机网络、数据库原理","【校园实践】
    · 参与学校计算机协会技术部，负责协会网站日常维护
    · 协助老师完成实验室设备管理与系统环境搭建
    · 参与班级课程设计小组，担任后端开发角色","■ 电影推荐系统（毕设）
  项目目标：基于协同过滤实现简单电影推荐
  个人职责：数据处理、模型实现、效果验证
  项目成果：召回准确率达到75%","专业技能：TensorFlow、机器学习、Python、深度学习
相关证书：英语四级",应届毕业，具备扎实的专业基础知识与学习能力，能够快速掌握新技术；工作态度认真负责，有耐心，注重细节；具备良好的团队意识与沟通能力，能够积极配合团队完成任务；期望在工作中积累经验，快速成长。,算法工程师,芜湖,互联网/信息技术/软件服务,3500-4500元,否,3500,4500,广东技术师范大学,通信工程,本科,本科,2022-06,2022,Java程序设计、算法设计与分析、计算机网络、数据库原理,4,是,0,应届,1,是,校园实践,· 参与学校计算机协会技术部，负责协会网站日常维护,,否,1,电影推荐系统（毕设）,TensorFlow、机器学习、Python、深度学习,4,英语四级,1,87,94,74,89
冯雨桐,女,18233551284,feng雨tong957@gmail.com,wx_feng雨tong_803,徐州,"期望岗位：算法工程师
期望城市：徐州
期望行业：互联网/信息技术/软件服务
期望薪资：7000-7500元",本科软件工程专业应届毕业生，有0段算法工程师实习经验，掌握特征工程技术栈，参与过实习项目开发，具备良好的代码规范与团队协作意识，能够快速上手业务，期望正式入职发展。,"集美大学 | 软件工程 | 本科
毕业时间：2022年6月
核心课程：Java程序设计、数字信号处理、计算机网络、算法设计与分析","【腾讯（深圳分公司）】 算法工程师（实习）
2021年4月 - 至今
    · 对接产品、测试团队，跟进需求落地与缺陷修复
    · 承担分配模块的编码、测试与优化工作，保障系统稳定运行","■ 电影推荐系统（毕设）
  项目目标：基于协同过滤实现简单电影推荐
  个人职责：数据处理、模型实现、效果验证
  项目成果：召回准确率达到75%

■ 手写数字识别（课程作业）
  项目目标：基于MNIST数据集实现手写数字识别
  个人职责：使用CNN搭建模型，训练与调优
  项目成果：识别准确率达到92%","专业技能：计算机视觉、SQL、Python、算法优化、机器学习、TensorFlow、PyTorch
相关证书：英语四级、计算机二级",有实习经验，熟悉开发基本流程，具备基础的项目实践能力；学习能力强，能够快速上手新业务新技术；工作踏实，责任心强，善于沟通协作，能够高效完成分配的工作任务。,算法工程师,徐州,互联网/信息技术/软件服务,7000-7500元,否,7000,7500,集美大学,软件工程,本科,本科,2022-06,2022,Java程序设计、数字信号处理、计算机网络、算法设计与分析,4,是,0,应届,1,否,腾讯（深圳分公司）,算法工程师（实习）,2021-04,是,2,电影推荐系统（毕设）,计算机视觉、SQL、Python、算法优化、机器学习、TensorFlow、PyTorch,7,英语四级、计算机二级,2,82,77,157,95
陆宇,男,13502109655,luyu5191@qq.com,wx_luyu_920,泉州,"期望岗位：软件测试工程师
期望城市：泉州
期望行业：互联网/信息技术/软件服务
期望薪资：7000-8000元",专科软件技术专业应届毕业生，有1段软件测试工程师实习经验，掌握测试用例设计技术栈，参与过实习项目开发，具备良好的代码规范与团队协作意识，能够快速上手业务，期望正式入职发展。,"福州职业技术学院 | 软件技术 | 专科
毕业时间：2021年6月
核心课程：算法设计与分析、Java程序设计、机器学习、数字信号处理","【启明网络科技有限公司】 软件测试工程师（实习）
2025年2月 - 至今
    · 承担分配模块的编码、测试与优化工作，保障系统稳定运行
    · 负责公司软件测试工程师相关业务的开发与维护，参与需求评审","■ 网页兼容性测试实训
  项目目标：对多个网站进行浏览器兼容测试
  个人职责：制定测试方案，输出测试报告
  项目成果：覆盖5款主流浏览器

■ 学生管理系统功能测试
  项目目标：对课程设计系统进行功能测试与缺陷提交
  个人职责：设计测试用例，执行黑盒测试
  项目成果：发现并提交8个功能缺陷","专业技能：Selenium、Python、MySQL、接口测试、JMeter、测试用例设计、Postman
相关证书：计算机二级、系统架构设计师",有实习经验，熟悉开发基本流程，具备基础的项目实践能力；学习能力强，能够快速上手新业务新技术；工作踏实，责任心强，善于沟通协作，能够高效完成分配的工作任务。,软件测试工程师,泉州,互联网/信息技术/软件服务,7000-8000元,否,7000,8000,福州职业技术学院,软件技术,专科,大专,2021-06,2021,算法设计与分析、Java程序设计、机器学习、数字信号处理,4,是,0,应届,1,否,启明网络科技有限公司,软件测试工程师（实习）,2025-02,是,2,网页兼容性测试实训,Selenium、Python、MySQL、接口测试、JMeter、测试用例设计、Postman,7,计算机二级、系统架构设计师,2,86,77,151,105
段彬,男,18281249224,duanbin052@qq.com,13634967694,杭州,"期望岗位：数据分析师
期望城市：杭州
期望行业：互联网/信息技术/软件服务
期望薪资：14500-15000元",3年数据分析师从业经验，精通数据可视化技术架构，主导过中型项目从0到1落地，擅长技术方案设计与性能优化，曾推动核心模块技术重构，带来显著效率提升，具备跨部门协作与项目推进能力。,"苏州大学 | 通信工程 | 本科
毕业时间：2019年6月
核心课程：操作系统、数字信号处理、软件工程、数据结构","【易联网络科技有限公司】 数据分析师
2025年5月 - 至今
    · 承担分配模块的编码、测试与优化工作，保障系统稳定运行
    · 负责公司数据分析师相关业务的开发与维护，参与需求评审

【易联互联网科技有限公司】 数据分析师
2024年5月 - 2025年9月
    · 承担分配模块的编码、测试与优化工作，保障系统稳定运行
    · 编写开发文档，沉淀技术规范，协助新人熟悉业务
    · 负责公司数据分析师相关业务的开发与维护，参与需求评审","■ 用户行为分析看板
  项目目标：构建用户行为数据体系，支撑运营决策
  个人职责：负责数据清洗、指标体系搭建，输出可视化运营报表
  项目成果：输出15+核心运营指标，支撑每月3次运营优化，用户留存率提升8%

■ 销售数据预测建模
  项目目标：基于历史数据预测销量，指导库存与备货
  个人职责：数据预处理，构建时间序列预测模型，输出月度预测报告
  项目成果：预测准确率达89%，库存周转效率提升25%","专业技能：数据可视化、Python、Pandas、Tableau、MySQL、Hive、NumPy、统计学
相关证书：红帽RHCE认证",拥有3年行业经验，技术视野开阔，具备方案设计与项目把控能力；逻辑清晰，善于定位并解决复杂技术问题；具备良好的团队管理与跨部门沟通能力，能够推动技术优化与业务落地；责任心强，追求技术与业务的平衡发展。,数据分析师,杭州,互联网/信息技术/软件服务,14500-15000元,否,14500,15000,苏州大学,通信工程,本科,本科,2019-06,2019,操作系统、数字信号处理、软件工程、数据结构,4,否,3,3年,2,否,易联网络科技有限公司,数据分析师,2025-05,是,2,用户行为分析看板,数据可视化、Python、Pandas、Tableau、MySQL、Hive、NumPy、统计学,8,红帽RHCE认证,1,88,99,206,231
龚杰,男,15926920882,gongjie15@126.com,18825323024,徐州,"期望岗位：运维工程师
期望城市：徐州
期望行业：互联网/信息技术/软件服务
期望薪资：4000-5000元",本科信息管理与信息系统专业应届毕业生，掌握Redis、Redis基础技能，完成过课程设计与毕业项目，具备基础代码编写能力与问题排查思路，学习能力强，做事认真踏实，期望从事运维工程师相关工作。,"浙江工业大学 | 信息管理与信息系统 | 本科
毕业时间：2022年6月
核心课程：Java程序设计、数据结构、计算机网络、操作系统","【校园实践】
    · 参与学校计算机协会技术部，负责协会网站日常维护
    · 协助老师完成实验室设备管理与系统环境搭建
    · 参与班级课程设计小组，担任后端开发角色","■ 简单监控脚本开发
  项目目标：编写服务器状态监控脚本
  个人职责：实现CPU、内存、磁盘使用率自动采集
  项目成果：支持异常邮件告警","专业技能：Kubernetes、Jenkins、Linux、Shell
相关证书：计算机一级",应届毕业，具备扎实的专业基础知识与学习能力，能够快速掌握新技术；工作态度认真负责，有耐心，注重细节；具备良好的团队意识与沟通能力，能够积极配合团队完成任务；期望在工作中积累经验，快速成长。,运维工程师,徐州,互联网/信息技术/软件服务,4000-5000元,否,4000,5000,浙江工业大学,信息管理与信息系统,本科,本科,2022-06,2022,Java程序设计、数据结构、计算机网络、操作系统,4,是,0,应届,1,是,校园实践,· 参与学校计算机协会技术部，负责协会网站日常维护,,否,1,简单监控脚本开发,Kubernetes、Jenkins、Linux、Shell,4,计算机一级,1,95,94,71,89
沈浩,男,13533911194,shenhao26@126.com,15019019550,阜阳,"期望岗位：算法工程师
期望城市：阜阳
期望行业：互联网/信息技术/软件服务
期望薪资：面议",本科软件技术专业应届毕业生，有0段算法工程师实习经验，掌握数据结构技术栈，参与过实习项目开发，具备良好的代码规范与团队协作意识，能够快速上手业务，期望正式入职发展。,"泉州师范学院 | 软件技术 | 本科
毕业时间：2022年6月
核心课程：数据库原理、操作系统、算法设计与分析、数字信号处理","【启明信息技术有限公司】 算法工程师（实习）
2020年10月 - 至今
    · 对接产品、测试团队，跟进需求落地与缺陷修复
    · 编写开发文档，沉淀技术规范，协助新人熟悉业务
    · 承担分配模块的编码、测试与优化工作，保障系统稳定运行","■ 电影推荐系统（毕设）
  项目目标：基于协同过滤实现简单电影推荐
  个人职责：数据处理、模型实现、效果验证
  项目成果：召回准确率达到75%

■ 手写数字识别（课程作业）
  项目目标：基于MNIST数据集实现手写数字识别
  个人职责：使用CNN搭建模型，训练与调优
  项目成果：识别准确率达到92%","专业技能：数据结构、深度学习、计算机视觉、NLP、推荐算法
相关证书：计算机一级、软考中级",有实习经验，熟悉开发基本流程，具备基础的项目实践能力；学习能力强，能够快速上手新业务新技术；工作踏实，责任心强，善于沟通协作，能够高效完成分配的工作任务。,算法工程师,阜阳,互联网/信息技术/软件服务,面议,是,,,泉州师范学院,软件技术,本科,本科,2022-06,2022,数据库原理、操作系统、算法设计与分析、数字信号处理,4,是,0,应届,1,否,启明信息技术有限公司,算法工程师（实习）,2020-10,是,2,电影推荐系统（毕设）,数据结构、深度学习、计算机视觉、NLP、推荐算法,5,计算机一级、软考中级,2,82,77,157,126
陶辉,男,15888247358,taohui70@qq.com,wx_taohui_543,宁德,"期望岗位：运维工程师
期望城市：宁德
期望行业：互联网/信息技术/软件服务
期望薪资：6500-10000元",1年运维工程师工作经验，精通网络运维、Docker技术栈，参与过完整项目迭代，能够独立完成模块开发与问题排查，注重代码质量与开发效率，具备良好的沟通协作能力。,"南京理工大学 | 网络工程 | 本科
毕业时间：2021年6月
核心课程：操作系统、Java程序设计、机器学习、数据库原理","【星图软件有限公司】 运维工程师
2025年8月 - 至今
    · 承担分配模块的编码、测试与优化工作，保障系统稳定运行
    · 编写开发文档，沉淀技术规范，协助新人熟悉业务
    · 对接产品、测试团队，跟进需求落地与缺陷修复","■ 服务器集群运维优化
  项目目标：提升服务器集群稳定性，降低故障发生率
  个人职责：负责日常巡检、故障排查，优化监控告警规则与分级策略
  项目成果：服务器故障率下降60%，平均故障响应时间缩短至15分钟

■ CI/CD自动化流水线
  项目目标：实现代码自动化构建、测试、部署，提升发布效率
  个人职责：基于Jenkins搭建持续集成流水线，配置Docker容器化部署
  项目成果：发布周期从每周1次提升至每天3次，部署失误率降为0","专业技能：Nginx、Docker、Zabbix、Jenkins、Ansible、网络运维、Linux、Shell、Kubernetes、Prometheus
相关证书：系统架构设计师、软考中级",拥有1年实际工作经验，技术功底扎实，熟悉完整开发流程；具备较强的问题解决能力，能够独立排查并解决常见技术问题；工作认真负责，注重团队协作，能够高效推进项目落地；持续学习，保持技术敏感度。,运维工程师,宁德,互联网/信息技术/软件服务,6500-10000元,否,6500,10000,南京理工大学,网络工程,本科,本科,2021-06,2021,操作系统、Java程序设计、机器学习、数据库原理,4,否,1,1年,1,否,星图软件有限公司,运维工程师,2025-08,是,2,服务器集群运维优化,Nginx、Docker、Zabbix、Jenkins、Ansible、网络运维、Linux、Shell、Kubernetes、Prometheus,10,系统架构设计师、软考中级,2,79,93,223,119
蔡刚,男,15147441347,caigang5383@126.com,13230819029,马鞍山,"期望岗位：后端开发工程师
期望城市：马鞍山
期望行业：互联网/信息技术/软件服务
期望薪资：5500-6000元",本科网络工程专业应届毕业生，掌握Java、Go基础技能，完成过课程设计与毕业项目，具备基础代码编写能力与问题排查思路，学习能力强，做事认真踏实，期望从事后端开发工程师相关工作。,"东南大学 | 网络工程 | 本科
毕业时间：2022年6月
核心课程：数据结构、操作系统、Python编程、数据库原理","【校园实践】
    · 参与学校计算机协会技术部，负责协会网站日常维护
    · 协助老师完成实验室设备管理与系统环境搭建
    · 参与班级课程设计小组，担任后端开发角色","■ 简单论坛系统
  项目目标：实现帖子发布、回复、板块管理
  个人职责：负责后端服务开发与接口文档编写
  项目成果：支持百人同时在线访问","专业技能：Python、Go、Docker、Redis、SpringBoot、微服务
相关证书：英语四级",应届毕业，具备扎实的专业基础知识与学习能力，能够快速掌握新技术；工作态度认真负责，有耐心，注重细节；具备良好的团队意识与沟通能力，能够积极配合团队完成任务；期望在工作中积累经验，快速成长。,后端开发工程师,马鞍山,互联网/信息技术/软件服务,5500-6000元,否,5500,6000,东南大学,网络工程,本科,本科,2022-06,2022,数据结构、操作系统、Python编程、数据库原理,4,是,0,应届,1,是,校园实践,· 参与学校计算机协会技术部，负责协会网站日常维护,,否,1,简单论坛系统,Python、Go、Docker、Redis、SpringBoot、微服务,6,英语四级,1,88,94,71,89
严妍,女,17796741258,yanyan793@163.com,wx_yanyan_491,杭州,"期望岗位：运维工程师
期望城市：杭州
期望行业：互联网/信息技术/软件服务
期望薪资：4000-5000元",专科数字媒体技术专业应届毕业生，掌握网络运维、网络运维基础技能，完成过课程设计与毕业项目，具备基础代码编写能力与问题排查思路，学习能力强，做事认真踏实，期望从事运维工程师相关工作。,"南京工业职业技术大学 | 数字媒体技术 | 专科
毕业时间：2022年6月
核心课程：数据结构、机器学习、数字信号处理、操作系统","【校园实践】
    · 参与学校计算机协会技术部，负责协会网站日常维护
    · 协助老师完成实验室设备管理与系统环境搭建
    · 参与班级课程设计小组，担任后端开发角色","■ 实验室服务器搭建实训
  项目目标：搭建实验室Linux服务器环境
  个人职责：负责系统安装、网络配置、基础服务部署
  项目成果：完成3台服务器环境搭建","专业技能：Redis、Prometheus、Zabbix、Docker、Ansible、网络运维、MySQL
相关证书：阿里云ACP云计算认证",应届毕业，具备扎实的专业基础知识与学习能力，能够快速掌握新技术；工作态度认真负责，有耐心，注重细节；具备良好的团队意识与沟通能力，能够积极配合团队完成任务；期望在工作中积累经验，快速成长。,运维工程师,杭州,互联网/信息技术/软件服务,4000-5000元,否,4000,5000,南京工业职业技术大学,数字媒体技术,专科,大专,2022-06,2022,数据结构、机器学习、数字信号处理、操作系统,4,是,0,应届,1,是,校园实践,· 参与学校计算机协会技术部，负责协会网站日常维护,,否,1,实验室服务器搭建实训,Redis、Prometheus、Zabbix、Docker、Ansible、网络运维、MySQL,7,阿里云ACP云计算认证,1,90,94,80,89
叶皓,男,13031927447,yehao85@outlook.com,18860336724,三明,"期望岗位：后端开发工程师
期望城市：三明
期望行业：互联网/信息技术/软件服务
期望薪资：6500-11000元",2年后端开发工程师工作经验，精通Gin、Java技术栈，参与过完整项目迭代，能够独立完成模块开发与问题排查，注重代码质量与开发效率，具备良好的沟通协作能力。,"泉州师范学院 | 软件工程 | 本科
毕业时间：2020年6月
核心课程：软件工程、算法设计与分析、机器学习、数字信号处理","【腾讯（深圳分公司）】 后端开发工程师
2025年8月 - 至今
    · 承担分配模块的编码、测试与优化工作，保障系统稳定运行
    · 编写开发文档，沉淀技术规范，协助新人熟悉业务
    · 对接产品、测试团队，跟进需求落地与缺陷修复

【易联互联网科技有限公司】 后端开发工程师
2024年9月 - 2025年8月
    · 负责公司后端开发工程师相关业务的开发与维护，参与需求评审
    · 编写开发文档，沉淀技术规范，协助新人熟悉业务
    · 承担分配模块的编码、测试与优化工作，保障系统稳定运行","■ 即时通讯服务开发
  项目目标：实现企业内部IM系统后端消息推送与存储
  个人职责：负责消息队列、离线消息、会话管理模块开发
  项目成果：支持万人同时在线，消息送达延迟低于100ms

■ 内容管理系统后端
  项目目标：搭建CMS系统后端服务，支持多站点内容发布
  个人职责：负责文章、栏目、权限模块接口开发，设计数据库表结构
  项目成果：支撑8个站点同时运营，内容发布效率提升3倍","专业技能：Java、微服务、Redis、Python、Gin、Docker、PostgreSQL、Kafka
相关证书：软考中级、计算机一级、英语四级",拥有2年实际工作经验，技术功底扎实，熟悉完整开发流程；具备较强的问题解决能力，能够独立排查并解决常见技术问题；工作认真负责，注重团队协作，能够高效推进项目落地；持续学习，保持技术敏感度。,后端开发工程师,三明,互联网/信息技术/软件服务,6500-11000元,否,6500,11000,泉州师范学院,软件工程,本科,本科,2020-06,2020,软件工程、算法设计与分析、机器学习、数字信号处理,4,否,2,2年,2,否,腾讯（深圳分公司）,后端开发工程师,2025-08,是,2,即时通讯服务开发,Java、微服务、Redis、Python、Gin、Docker、PostgreSQL、Kafka,8,软考中级、计算机一级、英语四级,3,78,93,198,260
秦思琪,女,18058841080,qinsiqi1489@qq.com,wx_qinsiqi_391,泉州,"期望岗位：Java开发工程师
期望城市：泉州
期望行业：互联网/信息技术/软件服务
期望薪资：7500-8000元",专科物联网工程专业应届毕业生，有1段Java开发工程师实习经验，掌握SpringBoot技术栈，参与过实习项目开发，具备良好的代码规范与团队协作意识，能够快速上手业务，期望正式入职发展。,"福建信息职业技术学院 | 物联网工程 | 专科
毕业时间：2021年6月
核心课程：Java程序设计、Python编程、操作系统、软件工程","【OPPO（东莞）】 Java开发工程师（实习）
2025年3月 - 至今
    · 编写开发文档，沉淀技术规范，协助新人熟悉业务
    · 承担分配模块的编码、测试与优化工作，保障系统稳定运行","■ 校园二手交易平台（毕设）
  项目目标：搭建校园闲置物品发布与交易平台
  个人职责：负责用户模块、商品发布模块开发
  项目成果：完成系统原型，获得良好成绩

■ 学生成绩管理系统（课程设计）
  项目目标：实现学生信息、成绩、班级的增删改查管理
  个人职责：负责后端接口开发与数据库设计
  项目成果：完成基础功能，通过课程答辩","专业技能：SpringBoot、JVM调优、Redis、MyBatis、Java、RabbitMQ、MySQL
相关证书：红帽RHCE认证",有实习经验，熟悉开发基本流程，具备基础的项目实践能力；学习能力强，能够快速上手新业务新技术；工作踏实，责任心强，善于沟通协作，能够高效完成分配的工作任务。,Java开发工程师,泉州,互联网/信息技术/软件服务,7500-8000元,否,7500,8000,福建信息职业技术学院,物联网工程,专科,大专,2021-06,2021,Java程序设计、Python编程、操作系统、软件工程,4,是,0,应届,1,否,OPPO（东莞）,Java开发工程师（实习）,2025-03,是,2,校园二手交易平台（毕设）,SpringBoot、JVM调优、Redis、MyBatis、Java、RabbitMQ、MySQL,7,红帽RHCE认证,1,93,77,169,99
彭峰,男,13182112858,pengfeng028@gmail.com,wx_pengfeng_849,南平,"期望岗位：算法工程师
期望城市：南平
期望行业：互联网/信息技术/软件服务
期望薪资：10000-11500元",1年算法工程师工作经验，精通数据结构、SQL技术栈，参与过完整项目迭代，能够独立完成模块开发与问题排查，注重代码质量与开发效率，具备良好的沟通协作能力。,"江西师范大学 | 软件技术 | 本科
毕业时间：2021年6月
核心课程：机器学习、操作系统、计算机网络、软件工程","【卓望软件有限公司】 算法工程师
2025年9月 - 至今
    · 承担分配模块的编码、测试与优化工作，保障系统稳定运行
    · 负责公司算法工程师相关业务的开发与维护，参与需求评审
    · 编写开发文档，沉淀技术规范，协助新人熟悉业务","■ 个性化推荐系统
  项目目标：提升内容推荐精准度，增加用户停留时长
  个人职责：负责协同过滤、深度学习推荐模型开发与离线优化
  项目成果：用户平均停留时长提升25%，点击率提升15%

■ 风控欺诈识别模型
  项目目标：识别交易欺诈行为，降低资金损失风险
  个人职责：特征工程，构建XGBoost风控模型，在线部署与迭代
  项目成果：欺诈识别准确率达92%，每年减少损失超200万","专业技能：PyTorch、特征工程、深度学习、Python、机器学习、TensorFlow、数据结构、推荐算法、SQL、NLP
相关证书：英语六级、软件设计师（中级）",拥有1年实际工作经验，技术功底扎实，熟悉完整开发流程；具备较强的问题解决能力，能够独立排查并解决常见技术问题；工作认真负责，注重团队协作，能够高效推进项目落地；持续学习，保持技术敏感度。,算法工程师,南平,互联网/信息技术/软件服务,10000-11500元,否,10000,11500,江西师范大学,软件技术,本科,本科,2021-06,2021,机器学习、操作系统、计算机网络、软件工程,4,否,1,1年,1,否,卓望软件有限公司,算法工程师,2025-09,是,2,个性化推荐系统,PyTorch、特征工程、深度学习、Python、机器学习、TensorFlow、数据结构、推荐算法、SQL、NLP,10,英语六级、软件设计师（中级）,2,76,93,197,124
傅皓,男,15579640822,fuhao390@qq.com,18482257450,金华,"期望岗位：Java开发工程师
期望城市：金华
期望行业：互联网/信息技术/软件服务
期望薪资：13000-16500元",4年Java开发工程师从业经验，精通Git技术架构，主导过中型项目从0到1落地，擅长技术方案设计与性能优化，曾推动核心模块技术重构，带来显著效率提升，具备跨部门协作与项目推进能力。,"厦门理工学院 | 数字媒体技术 | 本科
毕业时间：2018年6月
核心课程：数据结构、数字信号处理、数据库原理、软件工程","【美图公司】 Java开发工程师
2024年9月 - 至今
    · 编写开发文档，沉淀技术规范，协助新人熟悉业务
    · 对接产品、测试团队，跟进需求落地与缺陷修复
    · 负责公司Java开发工程师相关业务的开发与维护，参与需求评审

【信雅互联网科技有限公司】 Java开发工程师
2022年3月 - 2024年11月
    · 对接产品、测试团队，跟进需求落地与缺陷修复
    · 承担分配模块的编码、测试与优化工作，保障系统稳定运行
    · 负责公司Java开发工程师相关业务的开发与维护，参与需求评审","■ 微服务用户中心重构
  项目目标：将单体用户系统拆分为微服务架构，提升并发承载能力
  个人职责：负责登录、注册、权限模块开发，优化数据库查询与缓存策略
  项目成果：支持并发量从500提升至5000，接口响应耗时减少60%

■ 电商订单交易系统
  项目目标：搭建高可用电商订单系统，支撑大促流量峰值
  个人职责：负责订单创建、支付回调、库存扣减核心逻辑开发
  项目成果：支撑日均订单量10万+，系统可用性达99.95%","专业技能：JVM调优、RabbitMQ、MyBatis、Redis、Linux、Java、Docker、SpringBoot、MySQL、Git
相关证书：英语四级、系统架构设计师",拥有4年行业经验，技术视野开阔，具备方案设计与项目把控能力；逻辑清晰，善于定位并解决复杂技术问题；具备良好的团队管理与跨部门沟通能力，能够推动技术优化与业务落地；责任心强，追求技术与业务的平衡发展。,Java开发工程师,金华,互联网/信息技术/软件服务,13000-16500元,否,13000,16500,厦门理工学院,数字媒体技术,本科,本科,2018-06,2018,数据结构、数字信号处理、数据库原理、软件工程,4,否,4,4年,2,否,美图公司,Java开发工程师,2024-09,是,2,微服务用户中心重构,JVM调优、RabbitMQ、MyBatis、Redis、Linux、Java、Docker、SpringBoot、MySQL、Git,10,英语四级、系统架构设计师,2,90,99,216,265
韦鑫,男,13092991364,weixin218@outlook.com,13133111798,无锡,"期望岗位：Java开发工程师
期望城市：无锡
期望行业：互联网/信息技术/软件服务
期望薪资：面议",8年Java开发工程师资深经验，精通全链路技术架构，具备团队技术规划与方案设计能力，主导过多个大型项目重构与升级，在高并发/系统稳定性领域有深厚积累，能够带领团队攻克技术难题，驱动业务技术升级。,"厦门海洋职业技术学院 | 数字媒体技术 | 专科
毕业时间：2014年6月
核心课程：机器学习、数据库原理、算法设计与分析、数字信号处理","【恒信网络科技有限公司】 Java开发工程师
2024年12月 - 至今
    · 负责公司Java开发工程师相关业务的开发与维护，参与需求评审
    · 对接产品、测试团队，跟进需求落地与缺陷修复

【科创软件有限公司】 Java开发工程师
2022年11月 - 2024年9月
    · 承担分配模块的编码、测试与优化工作，保障系统稳定运行
    · 编写开发文档，沉淀技术规范，协助新人熟悉业务

【数聚软件有限公司】 Java开发工程师
2020年3月 - 2022年6月
    · 对接产品、测试团队，跟进需求落地与缺陷修复
    · 负责公司Java开发工程师相关业务的开发与维护，参与需求评审","■ 微服务用户中心重构
  项目目标：将单体用户系统拆分为微服务架构，提升并发承载能力
  个人职责：负责登录、注册、权限模块开发，优化数据库查询与缓存策略
  项目成果：支持并发量从500提升至5000，接口响应耗时减少60%

■ 电商订单交易系统
  项目目标：搭建高可用电商订单系统，支撑大促流量峰值
  个人职责：负责订单创建、支付回调、库存扣减核心逻辑开发
  项目成果：支撑日均订单量10万+，系统可用性达99.95%","专业技能：微服务、MySQL、Java、Docker、Linux、MyBatis、Redis
相关证书：阿里云ACP云计算认证",拥有8年行业经验，技术视野开阔，具备方案设计与项目把控能力；逻辑清晰，善于定位并解决复杂技术问题；具备良好的团队管理与跨部门沟通能力，能够推动技术优化与业务落地；责任心强，追求技术与业务的平衡发展。,Java开发工程师,无锡,互联网/信息技术/软件服务,面议,是,,,厦门海洋职业技术学院,数字媒体技术,专科,大专,2014-06,2014,机器学习、数据库原理、算法设计与分析、数字信号处理,4,否,8,8年,3,否,恒信网络科技有限公司,Java开发工程师,2024-12,是,2,微服务用户中心重构,微服务、MySQL、Java、Docker、Linux、MyBatis、Redis,7,阿里云ACP云计算认证,1,97,99,216,309
邓飞,男,18857534930,dengfei479@gmail.com,13345351604,金华,"期望岗位：Java开发工程师
期望城市：金华
期望行业：互联网/信息技术/软件服务
期望薪资：8500-12000元",3年Java开发工程师工作经验，精通Redis、SpringCloud技术栈，参与过完整项目迭代，能够独立完成模块开发与问题排查，注重代码质量与开发效率，具备良好的沟通协作能力。,"泉州经贸职业技术学院 | 数字媒体技术 | 专科
毕业时间：2019年6月
核心课程：数据库原理、软件工程、Python编程、算法设计与分析","【易联科技有限公司】 Java开发工程师
2025年6月 - 至今
    · 承担分配模块的编码、测试与优化工作，保障系统稳定运行
    · 编写开发文档，沉淀技术规范，协助新人熟悉业务

【恒信数据技术有限公司】 Java开发工程师
2024年3月 - 2025年5月
    · 负责公司Java开发工程师相关业务的开发与维护，参与需求评审
    · 对接产品、测试团队，跟进需求落地与缺陷修复","■ 微服务用户中心重构
  项目目标：将单体用户系统拆分为微服务架构，提升并发承载能力
  个人职责：负责登录、注册、权限模块开发，优化数据库查询与缓存策略
  项目成果：支持并发量从500提升至5000，接口响应耗时减少60%

■ 电商订单交易系统
  项目目标：搭建高可用电商订单系统，支撑大促流量峰值
  个人职责：负责订单创建、支付回调、库存扣减核心逻辑开发
  项目成果：支撑日均订单量10万+，系统可用性达99.95%","专业技能：Docker、SpringBoot、Git、MySQL、JVM调优、Redis
相关证书：计算机一级",拥有3年实际工作经验，技术功底扎实，熟悉完整开发流程；具备较强的问题解决能力，能够独立排查并解决常见技术问题；工作认真负责，注重团队协作，能够高效推进项目落地；持续学习，保持技术敏感度。,Java开发工程师,金华,互联网/信息技术/软件服务,8500-12000元,否,8500,12000,泉州经贸职业技术学院,数字媒体技术,专科,大专,2019-06,2019,数据库原理、软件工程、Python编程、算法设计与分析,4,否,3,3年,2,否,易联科技有限公司,Java开发工程师,2025-06,是,2,微服务用户中心重构,Docker、SpringBoot、Git、MySQL、JVM调优、Redis,6,计算机一级,1,89,93,216,202
董磊,男,15619223437,donglei99@gmail.com,wx_donglei_375,宁波,"期望岗位：前端开发工程师
期望城市：宁波
期望行业：互联网/信息技术/软件服务
期望薪资：10500-12000元",1年前端开发工程师工作经验，精通TypeScript、Vite技术栈，参与过完整项目迭代，能够独立完成模块开发与问题排查，注重代码质量与开发效率，具备良好的沟通协作能力。,"浙江工业大学 | 信息管理与信息系统 | 本科
毕业时间：2021年6月
核心课程：算法设计与分析、机器学习、Python编程、计算机网络","【微远软件有限公司】 前端开发工程师
2025年6月 - 至今
    · 对接产品、测试团队，跟进需求落地与缺陷修复
    · 承担分配模块的编码、测试与优化工作，保障系统稳定运行","■ 企业后台管理系统
  项目目标：搭建企业运营管理后台，实现业务数据可视化
  个人职责：负责权限管理、数据报表模块开发，对接后端接口联调
  项目成果：覆盖12个业务部门，运营效率提升40%

■ 电商平台前端重构
  项目目标：升级旧版电商系统前端架构，提升用户体验与加载速度
  个人职责：负责商品详情页、购物车模块开发，组件化封装公共组件
  项目成果：首屏加载时间从3.2s降至1.8s，页面转化率提升12%","专业技能：Webpack、JavaScript、Axios、Element UI、CSS3、Ant Design、React、Vue、移动端适配
相关证书：华为HCIA认证、软考中级、计算机二级",拥有1年实际工作经验，技术功底扎实，熟悉完整开发流程；具备较强的问题解决能力，能够独立排查并解决常见技术问题；工作认真负责，注重团队协作，能够高效推进项目落地；持续学习，保持技术敏感度。,前端开发工程师,宁波,互联网/信息技术/软件服务,10500-12000元,否,10500,12000,浙江工业大学,信息管理与信息系统,本科,本科,2021-06,2021,算法设计与分析、机器学习、Python编程、计算机网络,4,否,1,1年,1,否,微远软件有限公司,前端开发工程师,2025-06,是,2,企业后台管理系统,Webpack、JavaScript、Axios、Element UI、CSS3、Ant Design、React、Vue、移动端适配,9,华为HCIA认证、软考中级、计算机二级,3,85,93,210,92
韦平,男,18612127722,weiping228@outlook.com,18048260218,镇江,"期望岗位：前端开发工程师
期望城市：镇江
期望行业：互联网/信息技术/软件服务
期望薪资：10500-13500元",5年前端开发工程师从业经验，精通JavaScript技术架构，主导过中型项目从0到1落地，擅长技术方案设计与性能优化，曾推动核心模块技术重构，带来显著效率提升，具备跨部门协作与项目推进能力。,"集美大学 | 电子信息工程 | 本科
毕业时间：2017年6月
核心课程：机器学习、操作系统、数字信号处理、计算机网络","【汇智数据技术有限公司】 前端开发工程师
2025年5月 - 至今
    · 承担分配模块的编码、测试与优化工作，保障系统稳定运行
    · 对接产品、测试团队，跟进需求落地与缺陷修复
    · 负责公司前端开发工程师相关业务的开发与维护，参与需求评审

【数聚信息技术有限公司】 前端开发工程师
2024年11月 - 2025年4月
    · 编写开发文档，沉淀技术规范，协助新人熟悉业务
    · 承担分配模块的编码、测试与优化工作，保障系统稳定运行

【云创数据技术有限公司】 前端开发工程师
2023年7月 - 2024年10月
    · 负责公司前端开发工程师相关业务的开发与维护，参与需求评审
    · 对接产品、测试团队，跟进需求落地与缺陷修复
    · 编写开发文档，沉淀技术规范，协助新人熟悉业务","■ 企业后台管理系统
  项目目标：搭建企业运营管理后台，实现业务数据可视化
  个人职责：负责权限管理、数据报表模块开发，对接后端接口联调
  项目成果：覆盖12个业务部门，运营效率提升40%

■ 电商平台前端重构
  项目目标：升级旧版电商系统前端架构，提升用户体验与加载速度
  个人职责：负责商品详情页、购物车模块开发，组件化封装公共组件
  项目成果：首屏加载时间从3.2s降至1.8s，页面转化率提升12%","专业技能：Vue、Element UI、移动端适配、HTML5、Ant Design、React、TypeScript、CSS3、Axios
相关证书：MySQL数据库认证",拥有5年行业经验，技术视野开阔，具备方案设计与项目把控能力；逻辑清晰，善于定位并解决复杂技术问题；具备良好的团队管理与跨部门沟通能力，能够推动技术优化与业务落地；责任心强，追求技术与业务的平衡发展。,前端开发工程师,镇江,互联网/信息技术/软件服务,10500-13500元,否,10500,13500,集美大学,电子信息工程,本科,本科,2017-06,2017,机器学习、操作系统、数字信号处理、计算机网络,4,否,5,5年,3,否,汇智数据技术有限公司,前端开发工程师,2025-05,是,2,企业后台管理系统,Vue、Element UI、移动端适配、HTML5、Ant Design、React、TypeScript、CSS3、Axios,9,MySQL数据库认证,1,95,99,210,365
崔明,男,15172637794,cuiming9831@126.com,15261338771,宁波,"期望岗位：软件测试工程师
期望城市：宁波
期望行业：互联网/信息技术/软件服务
期望薪资：17000-17500元",5年软件测试工程师从业经验，精通Postman技术架构，主导过中型项目从0到1落地，擅长技术方案设计与性能优化，曾推动核心模块技术重构，带来显著效率提升，具备跨部门协作与项目推进能力。,"东莞理工学院 | 电子信息工程 | 本科
毕业时间：2017年6月
核心课程：数字信号处理、数据库原理、算法设计与分析、机器学习","【锐捷数据技术有限公司】 软件测试工程师
2025年7月 - 至今
    · 对接产品、测试团队，跟进需求落地与缺陷修复
    · 承担分配模块的编码、测试与优化工作，保障系统稳定运行
    · 负责公司软件测试工程师相关业务的开发与维护，参与需求评审

【新科科技有限公司】 软件测试工程师
2024年1月 - 2025年2月
    · 编写开发文档，沉淀技术规范，协助新人熟悉业务
    · 承担分配模块的编码、测试与优化工作，保障系统稳定运行
    · 负责公司软件测试工程师相关业务的开发与维护，参与需求评审

【中软数据技术有限公司】 软件测试工程师
2023年3月 - 2024年1月
    · 对接产品、测试团队，跟进需求落地与缺陷修复
    · 编写开发文档，沉淀技术规范，协助新人熟悉业务
    · 承担分配模块的编码、测试与优化工作，保障系统稳定运行","■ 自动化测试框架搭建
  项目目标：提升回归测试效率，减少人工重复劳动
  个人职责：基于Selenium搭建UI自动化框架，编写核心模块测试脚本
  项目成果：回归测试周期从7天缩短至2天，覆盖率达85%

■ 电商平台功能测试
  项目目标：保障电商系统上线质量，覆盖全业务流程
  个人职责：设计测试用例，执行功能、回归测试，提交缺陷报告
  项目成果：发现并修复120+缺陷，上线后线上缺陷率低于0.5%","专业技能：功能测试、Python、Postman、Appium、接口测试、缺陷管理、Selenium、JMeter、MySQL、TestNG
相关证书：英语六级",拥有5年行业经验，技术视野开阔，具备方案设计与项目把控能力；逻辑清晰，善于定位并解决复杂技术问题；具备良好的团队管理与跨部门沟通能力，能够推动技术优化与业务落地；责任心强，追求技术与业务的平衡发展。,软件测试工程师,宁波,互联网/信息技术/软件服务,17000-17500元,否,17000,17500,东莞理工学院,电子信息工程,本科,本科,2017-06,2017,数字信号处理、数据库原理、算法设计与分析、机器学习,4,否,5,5年,3,否,锐捷数据技术有限公司,软件测试工程师,2025-07,是,2,自动化测试框架搭建,功能测试、Python、Postman、Appium、接口测试、缺陷管理、Selenium、JMeter、MySQL、TestNG,10,英语六级,1,92,99,207,394
唐婷,女,13776262247,tangting26@gmail.com,13936409040,扬州,"期望岗位：前端开发工程师
期望城市：扬州
期望行业：互联网/信息技术/软件服务
期望薪资：15000-19000元",4年前端开发工程师从业经验，精通Ant Design技术架构，主导过中型项目从0到1落地，擅长技术方案设计与性能优化，曾推动核心模块技术重构，带来显著效率提升，具备跨部门协作与项目推进能力。,"福建信息职业技术学院 | 电子信息工程 | 专科
毕业时间：2018年6月
核心课程：数据结构、Java程序设计、数字信号处理、操作系统","【vivo（东莞）】 前端开发工程师
2024年6月 - 至今
    · 编写开发文档，沉淀技术规范，协助新人熟悉业务
    · 承担分配模块的编码、测试与优化工作，保障系统稳定运行
    · 负责公司前端开发工程师相关业务的开发与维护，参与需求评审

【智联网络科技有限公司】 前端开发工程师
2022年11月 - 2024年12月
    · 对接产品、测试团队，跟进需求落地与缺陷修复
    · 编写开发文档，沉淀技术规范，协助新人熟悉业务
    · 负责公司前端开发工程师相关业务的开发与维护，参与需求评审","■ 企业后台管理系统
  项目目标：搭建企业运营管理后台，实现业务数据可视化
  个人职责：负责权限管理、数据报表模块开发，对接后端接口联调
  项目成果：覆盖12个业务部门，运营效率提升40%

■ 电商平台前端重构
  项目目标：升级旧版电商系统前端架构，提升用户体验与加载速度
  个人职责：负责商品详情页、购物车模块开发，组件化封装公共组件
  项目成果：首屏加载时间从3.2s降至1.8s，页面转化率提升12%","专业技能：HTML5、Vite、Webpack、Element UI、移动端适配、TypeScript、React、CSS3
相关证书：红帽RHCE认证、MySQL数据库认证",拥有4年行业经验，技术视野开阔，具备方案设计与项目把控能力；逻辑清晰，善于定位并解决复杂技术问题；具备良好的团队管理与跨部门沟通能力，能够推动技术优化与业务落地；责任心强，追求技术与业务的平衡发展。,前端开发工程师,扬州,互联网/信息技术/软件服务,15000-19000元,否,15000,19000,福建信息职业技术学院,电子信息工程,专科,大专,2018-06,2018,数据结构、Java程序设计、数字信号处理、操作系统,4,否,4,4年,2,否,vivo（东莞）,前端开发工程师,2024-06,是,2,企业后台管理系统,HTML5、Vite、Webpack、Element UI、移动端适配、TypeScript、React、CSS3,8,红帽RHCE认证、MySQL数据库认证,2,95,99,210,262
任平,男,13698172678,renping823@126.com,13530878688,宁德,"期望岗位：数据分析师
期望城市：宁德
期望行业：互联网/信息技术/软件服务
期望薪资：面议",7年数据分析师资深经验，精通全链路技术架构，具备团队技术规划与方案设计能力，主导过多个大型项目重构与升级，在高并发/系统稳定性领域有深厚积累，能够带领团队攻克技术难题，驱动业务技术升级。,"苏州大学 | 数学与应用数学 | 本科
毕业时间：2015年6月
核心课程：操作系统、机器学习、数字信号处理、数据结构","【通元互联网科技有限公司】 数据分析师
2024年7月 - 至今
    · 负责公司数据分析师相关业务的开发与维护，参与需求评审
    · 承担分配模块的编码、测试与优化工作，保障系统稳定运行

【用友科技有限公司】 数据分析师
2022年9月 - 2024年9月
    · 承担分配模块的编码、测试与优化工作，保障系统稳定运行
    · 负责公司数据分析师相关业务的开发与维护，参与需求评审
    · 对接产品、测试团队，跟进需求落地与缺陷修复

【易联软件有限公司】 数据分析师
2020年9月 - 2022年12月
    · 编写开发文档，沉淀技术规范，协助新人熟悉业务
    · 对接产品、测试团队，跟进需求落地与缺陷修复","■ 用户行为分析看板
  项目目标：构建用户行为数据体系，支撑运营决策
  个人职责：负责数据清洗、指标体系搭建，输出可视化运营报表
  项目成果：输出15+核心运营指标，支撑每月3次运营优化，用户留存率提升8%

■ 销售数据预测建模
  项目目标：基于历史数据预测销量，指导库存与备货
  个人职责：数据预处理，构建时间序列预测模型，输出月度预测报告
  项目成果：预测准确率达89%，库存周转效率提升25%","专业技能：用户分析、Hive、NumPy、SQL、Excel、Pandas
相关证书：阿里云ACP云计算认证、PMP项目管理专业人士",拥有7年行业经验，技术视野开阔，具备方案设计与项目把控能力；逻辑清晰，善于定位并解决复杂技术问题；具备良好的团队管理与跨部门沟通能力，能够推动技术优化与业务落地；责任心强，追求技术与业务的平衡发展。,数据分析师,宁德,互联网/信息技术/软件服务,面议,是,,,苏州大学,数学与应用数学,本科,本科,2015-06,2015,操作系统、机器学习、数字信号处理、数据结构,4,否,7,7年,3,否,通元互联网科技有限公司,数据分析师,2024-07,是,2,用户行为分析看板,用户分析、Hive、NumPy、SQL、Excel、Pandas,6,阿里云ACP云计算认证、PMP项目管理专业人士,2,93,99,206,322
余辉,男,15935140732,yuhui623@qq.com,15189976705,芜湖,"期望岗位：前端开发工程师
期望城市：芜湖
期望行业：互联网/信息技术/软件服务
期望薪资：3000-5500元",专科信息管理与信息系统专业应届毕业生，掌握HTML5、React基础技能，完成过课程设计与毕业项目，具备基础代码编写能力与问题排查思路，学习能力强，做事认真踏实，期望从事前端开发工程师相关工作。,"广东轻工职业技术学院 | 信息管理与信息系统 | 专科
毕业时间：2022年6月
核心课程：软件工程、计算机网络、数据结构、操作系统","【校园实践】
    · 参与学校计算机协会技术部，负责协会网站日常维护
    · 协助老师完成实验室设备管理与系统环境搭建
    · 参与班级课程设计小组，担任后端开发角色","■ 个人博客系统（课程作业）
  项目目标：开发个人博客前端页面，实现文章展示与评论
  个人职责：负责页面布局、交互效果、接口联调
  项目成果：完成响应式页面，兼容多浏览器","专业技能：React、Axios、移动端适配、HTML5、Vue
相关证书：英语六级、计算机一级",应届毕业，具备扎实的专业基础知识与学习能力，能够快速掌握新技术；工作态度认真负责，有耐心，注重细节；具备良好的团队意识与沟通能力，能够积极配合团队完成任务；期望在工作中积累经验，快速成长。,前端开发工程师,芜湖,互联网/信息技术/软件服务,3000-5500元,否,3000,5500,广东轻工职业技术学院,信息管理与信息系统,专科,大专,2022-06,2022,软件工程、计算机网络、数据结构、操作系统,4,是,0,应届,1,是,校园实践,· 参与学校计算机协会技术部，负责协会网站日常维护,,否,1,个人博客系统（课程作业）,React、Axios、移动端适配、HTML5、Vue,5,英语六级、计算机一级,2,97,94,88,89
苏佳怡,女,15647925568,sujiayi0264@outlook.com,wx_sujiayi_868,扬州,"期望岗位：软件测试工程师
期望城市：扬州
期望行业：互联网/信息技术/软件服务
期望薪资：面议",专科数学与应用数学专业应届毕业生，有1段软件测试工程师实习经验，掌握性能测试技术栈，参与过实习项目开发，具备良好的代码规范与团队协作意识，能够快速上手业务，期望正式入职发展。,"广东轻工职业技术学院 | 数学与应用数学 | 专科
毕业时间：2021年6月
核心课程：软件工程、操作系统、数字信号处理、Python编程","【未来信息技术有限公司】 软件测试工程师（实习）
2025年5月 - 至今
    · 负责公司软件测试工程师相关业务的开发与维护，参与需求评审
    · 承担分配模块的编码、测试与优化工作，保障系统稳定运行","■ 学生管理系统功能测试
  项目目标：对课程设计系统进行功能测试与缺陷提交
  个人职责：设计测试用例，执行黑盒测试
  项目成果：发现并提交8个功能缺陷

■ 网页兼容性测试实训
  项目目标：对多个网站进行浏览器兼容测试
  个人职责：制定测试方案，输出测试报告
  项目成果：覆盖5款主流浏览器","专业技能：接口测试、MySQL、TestNG、功能测试
相关证书：计算机一级、英语六级、系统架构设计师",有实习经验，熟悉开发基本流程，具备基础的项目实践能力；学习能力强，能够快速上手新业务新技术；工作踏实，责任心强，善于沟通协作，能够高效完成分配的工作任务。,软件测试工程师,扬州,互联网/信息技术/软件服务,面议,是,,,广东轻工职业技术学院,数学与应用数学,专科,大专,2021-06,2021,软件工程、操作系统、数字信号处理、Python编程,4,是,0,应届,1,否,未来信息技术有限公司,软件测试工程师（实习）,2025-05,是,2,学生管理系统功能测试,接口测试、MySQL、TestNG、功能测试,4,计算机一级、英语六级、系统架构设计师,3,87,77,151,105
龚悦,女,15935975763,gongyue979@163.com,15656645764,泉州,"期望岗位：算法工程师
期望城市：泉州
期望行业：互联网/信息技术/软件服务
期望薪资：15500-19500元",4年算法工程师从业经验，精通推荐算法技术架构，主导过中型项目从0到1落地，擅长技术方案设计与性能优化，曾推动核心模块技术重构，带来显著效率提升，具备跨部门协作与项目推进能力。,"南京大学 | 数据科学与大数据技术 | 本科
毕业时间：2018年6月
核心课程：算法设计与分析、计算机网络、机器学习、操作系统","【微远软件有限公司】 算法工程师
2024年4月 - 至今
    · 承担分配模块的编码、测试与优化工作，保障系统稳定运行
    · 负责公司算法工程师相关业务的开发与维护，参与需求评审

【汇智软件有限公司】 算法工程师
2022年10月 - 2024年3月
    · 承担分配模块的编码、测试与优化工作，保障系统稳定运行
    · 负责公司算法工程师相关业务的开发与维护，参与需求评审","■ 个性化推荐系统
  项目目标：提升内容推荐精准度，增加用户停留时长
  个人职责：负责协同过滤、深度学习推荐模型开发与离线优化
  项目成果：用户平均停留时长提升25%，点击率提升15%

■ 风控欺诈识别模型
  项目目标：识别交易欺诈行为，降低资金损失风险
  个人职责：特征工程，构建XGBoost风控模型，在线部署与迭代
  项目成果：欺诈识别准确率达92%，每年减少损失超200万","专业技能：TensorFlow、NLP、特征工程、Python、推荐算法、SQL
相关证书：MySQL数据库认证",拥有4年行业经验，技术视野开阔，具备方案设计与项目把控能力；逻辑清晰，善于定位并解决复杂技术问题；具备良好的团队管理与跨部门沟通能力，能够推动技术优化与业务落地；责任心强，追求技术与业务的平衡发展。,算法工程师,泉州,互联网/信息技术/软件服务,15500-19500元,否,15500,19500,南京大学,数据科学与大数据技术,本科,本科,2018-06,2018,算法设计与分析、计算机网络、机器学习、操作系统,4,否,4,4年,2,否,微远软件有限公司,算法工程师,2024-04,是,2,个性化推荐系统,TensorFlow、NLP、特征工程、Python、推荐算法、SQL,6,MySQL数据库认证,1,87,99,197,198
吴阳,男,13797523121,wuyang493@gmail.com,wx_wuyang_183,温州,"期望岗位：前端开发工程师
期望城市：温州
期望行业：互联网/信息技术/软件服务
期望薪资：9000-11000元",3年前端开发工程师工作经验，精通移动端适配、Axios技术栈，参与过完整项目迭代，能够独立完成模块开发与问题排查，注重代码质量与开发效率，具备良好的沟通协作能力。,"东莞理工学院 | 软件技术 | 本科
毕业时间：2019年6月
核心课程：软件工程、数据结构、Java程序设计、计算机网络","【字节跳动（厦门分公司）】 前端开发工程师
2025年12月 - 至今
    · 编写开发文档，沉淀技术规范，协助新人熟悉业务
    · 承担分配模块的编码、测试与优化工作，保障系统稳定运行

【科创信息技术有限公司】 前端开发工程师
2024年6月 - 2025年1月
    · 负责公司前端开发工程师相关业务的开发与维护，参与需求评审
    · 编写开发文档，沉淀技术规范，协助新人熟悉业务","■ 企业后台管理系统
  项目目标：搭建企业运营管理后台，实现业务数据可视化
  个人职责：负责权限管理、数据报表模块开发，对接后端接口联调
  项目成果：覆盖12个业务部门，运营效率提升40%

■ 电商平台前端重构
  项目目标：升级旧版电商系统前端架构，提升用户体验与加载速度
  个人职责：负责商品详情页、购物车模块开发，组件化封装公共组件
  项目成果：首屏加载时间从3.2s降至1.8s，页面转化率提升12%","专业技能：TypeScript、CSS3、HTML5、JavaScript、移动端适配、Axios
相关证书：软考中级、英语六级",拥有3年实际工作经验，技术功底扎实，熟悉完整开发流程；具备较强的问题解决能力，能够独立排查并解决常见技术问题；工作认真负责，注重团队协作，能够高效推进项目落地；持续学习，保持技术敏感度。,前端开发工程师,温州,互联网/信息技术/软件服务,9000-11000元,否,9000,11000,东莞理工学院,软件技术,本科,本科,2019-06,2019,软件工程、数据结构、Java程序设计、计算机网络,4,否,3,3年,2,否,字节跳动（厦门分公司）,前端开发工程师,2025-12,是,2,企业后台管理系统,TypeScript、CSS3、HTML5、JavaScript、移动端适配、Axios,6,软考中级、英语六级,2,81,93,210,201
潘艳,女,13313490094,panyan97@gmail.com,wx_panyan_740,福州,"期望岗位：数据分析师
期望城市：福州
期望行业：互联网/信息技术/软件服务
期望薪资：5500-6000元",专科数据科学与大数据技术专业应届毕业生，掌握用户分析、统计学基础技能，完成过课程设计与毕业项目，具备基础代码编写能力与问题排查思路，学习能力强，做事认真踏实，期望从事数据分析师相关工作。,"福建船政交通职业学院 | 数据科学与大数据技术 | 专科
毕业时间：2022年6月
核心课程：数据结构、数字信号处理、机器学习、软件工程","【校园实践】
    · 参与学校计算机协会技术部，负责协会网站日常维护
    · 协助老师完成实验室设备管理与系统环境搭建
    · 参与班级课程设计小组，担任后端开发角色","■ 电商公开数据爬取分析
  项目目标：采集公开电商商品数据并分析
  个人职责：数据爬取、清洗、价格销量分析
  项目成果：输出可视化分析图表","专业技能：Hive、NumPy、SQL、Power BI、统计学、Excel、数据可视化
相关证书：英语六级",应届毕业，具备扎实的专业基础知识与学习能力，能够快速掌握新技术；工作态度认真负责，有耐心，注重细节；具备良好的团队意识与沟通能力，能够积极配合团队完成任务；期望在工作中积累经验，快速成长。,数据分析师,福州,互联网/信息技术/软件服务,5500-6000元,否,5500,6000,福建船政交通职业学院,数据科学与大数据技术,专科,大专,2022-06,2022,数据结构、数字信号处理、机器学习、软件工程,4,是,0,应届,1,是,校园实践,· 参与学校计算机协会技术部，负责协会网站日常维护,,否,1,电商公开数据爬取分析,Hive、NumPy、SQL、Power BI、统计学、Excel、数据可视化,7,英语六级,1,93,94,72,89
杜梅,女,13854097415,dumei407@gmail.com,15217083344,杭州,"期望岗位：前端开发工程师
期望城市：杭州
期望行业：互联网/信息技术/软件服务
期望薪资：6000-9000元",2年前端开发工程师工作经验，精通Webpack、Vite技术栈，参与过完整项目迭代，能够独立完成模块开发与问题排查，注重代码质量与开发效率，具备良好的沟通协作能力。,"福建师范大学 | 计算机应用技术 | 本科
毕业时间：2020年6月
核心课程：Python编程、数字信号处理、软件工程、计算机网络","【通元信息技术有限公司】 前端开发工程师
2025年3月 - 至今
    · 负责公司前端开发工程师相关业务的开发与维护，参与需求评审
    · 编写开发文档，沉淀技术规范，协助新人熟悉业务

【合众软件有限公司】 前端开发工程师
2024年7月 - 2025年7月
    · 对接产品、测试团队，跟进需求落地与缺陷修复
    · 承担分配模块的编码、测试与优化工作，保障系统稳定运行
    · 负责公司前端开发工程师相关业务的开发与维护，参与需求评审","■ 电商平台前端重构
  项目目标：升级旧版电商系统前端架构，提升用户体验与加载速度
  个人职责：负责商品详情页、购物车模块开发，组件化封装公共组件
  项目成果：首屏加载时间从3.2s降至1.8s，页面转化率提升12%

■ 企业后台管理系统
  项目目标：搭建企业运营管理后台，实现业务数据可视化
  个人职责：负责权限管理、数据报表模块开发，对接后端接口联调
  项目成果：覆盖12个业务部门，运营效率提升40%","专业技能：React、Webpack、CSS3、Vite、Element UI、JavaScript、移动端适配、Vue、HTML5
相关证书：无",拥有2年实际工作经验，技术功底扎实，熟悉完整开发流程；具备较强的问题解决能力，能够独立排查并解决常见技术问题；工作认真负责，注重团队协作，能够高效推进项目落地；持续学习，保持技术敏感度。,前端开发工程师,杭州,互联网/信息技术/软件服务,6000-9000元,否,6000,9000,福建师范大学,计算机应用技术,本科,本科,2020-06,2020,Python编程、数字信号处理、软件工程、计算机网络,4,否,2,2年,2,否,通元信息技术有限公司,前端开发工程师,2025-03,是,2,电商平台前端重构,React、Webpack、CSS3、Vite、Element UI、JavaScript、移动端适配、Vue、HTML5,9,无,0,82,93,210,231
吴娜,女,15143385286,wuna93@qq.com,15792195527,镇江,"期望岗位：后端开发工程师
期望城市：镇江
期望行业：互联网/信息技术/软件服务
期望薪资：11500-12000元",1年后端开发工程师工作经验，精通Go、Python技术栈，参与过完整项目迭代，能够独立完成模块开发与问题排查，注重代码质量与开发效率，具备良好的沟通协作能力。,"广东轻工职业技术学院 | 网络工程 | 专科
毕业时间：2021年6月
核心课程：数据结构、算法设计与分析、Java程序设计、计算机网络","【未来互联网科技有限公司】 后端开发工程师
2025年9月 - 至今
    · 编写开发文档，沉淀技术规范，协助新人熟悉业务
    · 承担分配模块的编码、测试与优化工作，保障系统稳定运行","■ 即时通讯服务开发
  项目目标：实现企业内部IM系统后端消息推送与存储
  个人职责：负责消息队列、离线消息、会话管理模块开发
  项目成果：支持万人同时在线，消息送达延迟低于100ms

■ 内容管理系统后端
  项目目标：搭建CMS系统后端服务，支持多站点内容发布
  个人职责：负责文章、栏目、权限模块接口开发，设计数据库表结构
  项目成果：支撑8个站点同时运营，内容发布效率提升3倍","专业技能：Java、Go、Kafka、Redis、SpringBoot、K8s、Docker、Gin、MySQL
相关证书：英语六级",拥有1年实际工作经验，技术功底扎实，熟悉完整开发流程；具备较强的问题解决能力，能够独立排查并解决常见技术问题；工作认真负责，注重团队协作，能够高效推进项目落地；持续学习，保持技术敏感度。,后端开发工程师,镇江,互联网/信息技术/软件服务,11500-12000元,否,11500,12000,广东轻工职业技术学院,网络工程,专科,大专,2021-06,2021,数据结构、算法设计与分析、Java程序设计、计算机网络,4,否,1,1年,1,否,未来互联网科技有限公司,后端开发工程师,2025-09,是,2,即时通讯服务开发,Java、Go、Kafka、Redis、SpringBoot、K8s、Docker、Gin、MySQL,9,英语六级,1,79,93,198,96
顾洋,男,18414989319,guyang3781@qq.com,13965881957,马鞍山,"期望岗位：Python开发工程师
期望城市：马鞍山
期望行业：互联网/信息技术/软件服务
期望薪资：7500-9000元",3年Python开发工程师工作经验，精通MySQL、Linux技术栈，参与过完整项目迭代，能够独立完成模块开发与问题排查，注重代码质量与开发效率，具备良好的沟通协作能力。,"福建农林大学 | 软件工程 | 本科
毕业时间：2019年6月
核心课程：Java程序设计、数据库原理、操作系统、机器学习","【金蝶数据技术有限公司】 Python开发工程师
2025年3月 - 至今
    · 对接产品、测试团队，跟进需求落地与缺陷修复
    · 承担分配模块的编码、测试与优化工作，保障系统稳定运行

【汇智互联网科技有限公司】 Python开发工程师
2024年4月 - 2025年2月
    · 承担分配模块的编码、测试与优化工作，保障系统稳定运行
    · 负责公司Python开发工程师相关业务的开发与维护，参与需求评审
    · 对接产品、测试团队，跟进需求落地与缺陷修复","■ 数据采集爬虫系统
  项目目标：搭建分布式爬虫平台，采集多渠道公开数据
  个人职责：负责反爬策略破解、数据清洗、入库逻辑开发
  项目成果：日均采集数据50万条，数据准确率98%以上

■ 自动化运维平台
  项目目标：开发运维管理平台，实现服务器批量管理
  个人职责：负责监控、告警、任务调度模块后端开发
  项目成果：管理服务器200+，运维人力成本降低50%","专业技能：Python、Celery、爬虫、Git、Redis、Django、Flask、FastAPI、MongoDB、MySQL
相关证书：无",拥有3年实际工作经验，技术功底扎实，熟悉完整开发流程；具备较强的问题解决能力，能够独立排查并解决常见技术问题；工作认真负责，注重团队协作，能够高效推进项目落地；持续学习，保持技术敏感度。,Python开发工程师,马鞍山,互联网/信息技术/软件服务,7500-9000元,否,7500,9000,福建农林大学,软件工程,本科,本科,2019-06,2019,Java程序设计、数据库原理、操作系统、机器学习,4,否,3,3年,2,否,金蝶数据技术有限公司,Python开发工程师,2025-03,是,2,数据采集爬虫系统,Python、Celery、爬虫、Git、Redis、Django、Flask、FastAPI、MongoDB、MySQL,10,无,0,85,93,186,243
沈雯,女,13284742900,shenwen467@qq.com,13233057223,杭州,"期望岗位：算法工程师
期望城市：杭州
期望行业：互联网/信息技术/软件服务
期望薪资：3500-6000元",专科软件技术专业应届毕业生，掌握NLP、TensorFlow基础技能，完成过课程设计与毕业项目，具备基础代码编写能力与问题排查思路，学习能力强，做事认真踏实，期望从事算法工程师相关工作。,"苏州职业大学 | 软件技术 | 专科
毕业时间：2022年6月
核心课程：Python编程、Java程序设计、数据库原理、计算机网络","【校园实践】
    · 参与学校计算机协会技术部，负责协会网站日常维护
    · 协助老师完成实验室设备管理与系统环境搭建
    · 参与班级课程设计小组，担任后端开发角色","■ 手写数字识别（课程作业）
  项目目标：基于MNIST数据集实现手写数字识别
  个人职责：使用CNN搭建模型，训练与调优
  项目成果：识别准确率达到92%","专业技能：机器学习、PyTorch、计算机视觉、SQL、算法优化
相关证书：计算机一级",应届毕业，具备扎实的专业基础知识与学习能力，能够快速掌握新技术；工作态度认真负责，有耐心，注重细节；具备良好的团队意识与沟通能力，能够积极配合团队完成任务；期望在工作中积累经验，快速成长。,算法工程师,杭州,互联网/信息技术/软件服务,3500-6000元,否,3500,6000,苏州职业大学,软件技术,专科,大专,2022-06,2022,Python编程、Java程序设计、数据库原理、计算机网络,4,是,0,应届,1,是,校园实践,· 参与学校计算机协会技术部，负责协会网站日常维护,,否,1,手写数字识别（课程作业）,机器学习、PyTorch、计算机视觉、SQL、算法优化,5,计算机一级,1,93,94,81,89
萧静,女,13003314542,xiaojing8977@126.com,wx_xiaojing_802,蚌埠,"期望岗位：Python开发工程师
期望城市：蚌埠
期望行业：互联网/信息技术/软件服务
期望薪资：7000-11500元",2年Python开发工程师工作经验，精通Git、FastAPI技术栈，参与过完整项目迭代，能够独立完成模块开发与问题排查，注重代码质量与开发效率，具备良好的沟通协作能力。,"厦门大学 | 数学与应用数学 | 本科
毕业时间：2020年6月
核心课程：Python编程、软件工程、算法设计与分析、数字信号处理","【东软互联网科技有限公司】 Python开发工程师
2025年3月 - 至今
    · 承担分配模块的编码、测试与优化工作，保障系统稳定运行
    · 负责公司Python开发工程师相关业务的开发与维护，参与需求评审

【中软科技有限公司】 Python开发工程师
2024年10月 - 2025年5月
    · 编写开发文档，沉淀技术规范，协助新人熟悉业务
    · 负责公司Python开发工程师相关业务的开发与维护，参与需求评审","■ 数据采集爬虫系统
  项目目标：搭建分布式爬虫平台，采集多渠道公开数据
  个人职责：负责反爬策略破解、数据清洗、入库逻辑开发
  项目成果：日均采集数据50万条，数据准确率98%以上

■ 自动化运维平台
  项目目标：开发运维管理平台，实现服务器批量管理
  个人职责：负责监控、告警、任务调度模块后端开发
  项目成果：管理服务器200+，运维人力成本降低50%","专业技能：爬虫、Python、Flask、Django、Redis、MongoDB、Celery、MySQL
相关证书：PMP项目管理专业人士、系统架构设计师",拥有2年实际工作经验，技术功底扎实，熟悉完整开发流程；具备较强的问题解决能力，能够独立排查并解决常见技术问题；工作认真负责，注重团队协作，能够高效推进项目落地；持续学习，保持技术敏感度。,Python开发工程师,蚌埠,互联网/信息技术/软件服务,7000-11500元,否,7000,11500,厦门大学,数学与应用数学,本科,本科,2020-06,2020,Python编程、软件工程、算法设计与分析、数字信号处理,4,否,2,2年,2,否,东软互联网科技有限公司,Python开发工程师,2025-03,是,2,数据采集爬虫系统,爬虫、Python、Flask、Django、Redis、MongoDB、Celery、MySQL,8,PMP项目管理专业人士、系统架构设计师,2,85,93,186,221
钟玲,女,18053893488,zhongling4913@gmail.com,18533446298,滁州,"期望岗位：前端开发工程师
期望城市：滁州
期望行业：互联网/信息技术/软件服务
期望薪资：11000-11500元",2年前端开发工程师工作经验，精通Axios、Element UI技术栈，参与过完整项目迭代，能够独立完成模块开发与问题排查，注重代码质量与开发效率，具备良好的沟通协作能力。,"集美大学 | 计算机科学与技术 | 本科
毕业时间：2020年6月
核心课程：数字信号处理、机器学习、计算机网络、Python编程","【腾讯（深圳分公司）】 前端开发工程师
2025年4月 - 至今
    · 编写开发文档，沉淀技术规范，协助新人熟悉业务
    · 承担分配模块的编码、测试与优化工作，保障系统稳定运行

【汇智软件有限公司】 前端开发工程师
2024年2月 - 2025年10月
    · 对接产品、测试团队，跟进需求落地与缺陷修复
    · 编写开发文档，沉淀技术规范，协助新人熟悉业务","■ 电商平台前端重构
  项目目标：升级旧版电商系统前端架构，提升用户体验与加载速度
  个人职责：负责商品详情页、购物车模块开发，组件化封装公共组件
  项目成果：首屏加载时间从3.2s降至1.8s，页面转化率提升12%

■ 企业后台管理系统
  项目目标：搭建企业运营管理后台，实现业务数据可视化
  个人职责：负责权限管理、数据报表模块开发，对接后端接口联调
  项目成果：覆盖12个业务部门，运营效率提升40%","专业技能：Webpack、TypeScript、CSS3、移动端适配、Ant Design、Vue
相关证书：英语四级、PMP项目管理专业人士",拥有2年实际工作经验，技术功底扎实，熟悉完整开发流程；具备较强的问题解决能力，能够独立排查并解决常见技术问题；工作认真负责，注重团队协作，能够高效推进项目落地；持续学习，保持技术敏感度。,前端开发工程师,滁州,互联网/信息技术/软件服务,11000-11500元,否,11000,11500,集美大学,计算机科学与技术,本科,本科,2020-06,2020,数字信号处理、机器学习、计算机网络、Python编程,4,否,2,2年,2,否,腾讯（深圳分公司）,前端开发工程师,2025-04,是,2,电商平台前端重构,Webpack、TypeScript、CSS3、移动端适配、Ant Design、Vue,6,英语四级、PMP项目管理专业人士,2,86,93,210,190
杜子轩,男,15288519036,du子xuan383@126.com,wx_du子xuan_488,南京,"期望岗位：数据分析师
期望城市：南京
期望行业：互联网/信息技术/软件服务
期望薪资：面议",本科电子信息工程专业应届毕业生，掌握Python、MySQL基础技能，完成过课程设计与毕业项目，具备基础代码编写能力与问题排查思路，学习能力强，做事认真踏实，期望从事数据分析师相关工作。,"苏州大学 | 电子信息工程 | 本科
毕业时间：2022年6月
核心课程：算法设计与分析、数据库原理、Java程序设计、计算机网络","【校园实践】
    · 参与学校计算机协会技术部，负责协会网站日常维护
    · 协助老师完成实验室设备管理与系统环境搭建
    · 参与班级课程设计小组，担任后端开发角色","■ 学生成绩数据分析
  项目目标：对班级期末成绩进行统计分析
  个人职责：数据清洗、可视化图表制作、结论输出
  项目成果：输出分析报告，提出3点教学建议","专业技能：MySQL、Tableau、Power BI、SQL、用户分析
相关证书：MySQL数据库认证、计算机二级",应届毕业，具备扎实的专业基础知识与学习能力，能够快速掌握新技术；工作态度认真负责，有耐心，注重细节；具备良好的团队意识与沟通能力，能够积极配合团队完成任务；期望在工作中积累经验，快速成长。,数据分析师,南京,互联网/信息技术/软件服务,面议,是,,,苏州大学,电子信息工程,本科,本科,2022-06,2022,算法设计与分析、数据库原理、Java程序设计、计算机网络,4,是,0,应届,1,是,校园实践,· 参与学校计算机协会技术部，负责协会网站日常维护,,否,1,学生成绩数据分析,MySQL、Tableau、Power BI、SQL、用户分析,5,MySQL数据库认证、计算机二级,2,93,94,79,89
汤浩,男,18046802671,tanghao576@163.com,15003549990,阜阳,"期望岗位：运维工程师
期望城市：阜阳
期望行业：互联网/信息技术/软件服务
期望薪资：4000-8000元",专科数字媒体技术专业应届毕业生，有0段运维工程师实习经验，掌握Zabbix技术栈，参与过实习项目开发，具备良好的代码规范与团队协作意识，能够快速上手业务，期望正式入职发展。,"厦门海洋职业技术学院 | 数字媒体技术 | 专科
毕业时间：2022年6月
核心课程：数据结构、数据库原理、Python编程、Java程序设计","【安硕网络科技有限公司】 运维工程师（实习）
2020年3月 - 至今
    · 编写开发文档，沉淀技术规范，协助新人熟悉业务
    · 负责公司运维工程师相关业务的开发与维护，参与需求评审
    · 承担分配模块的编码、测试与优化工作，保障系统稳定运行","■ 实验室服务器搭建实训
  项目目标：搭建实验室Linux服务器环境
  个人职责：负责系统安装、网络配置、基础服务部署
  项目成果：完成3台服务器环境搭建

■ 简单监控脚本开发
  项目目标：编写服务器状态监控脚本
  个人职责：实现CPU、内存、磁盘使用率自动采集
  项目成果：支持异常邮件告警","专业技能：Jenkins、Zabbix、Ansible、MySQL
相关证书：无",有实习经验，熟悉开发基本流程，具备基础的项目实践能力；学习能力强，能够快速上手新业务新技术；工作踏实，责任心强，善于沟通协作，能够高效完成分配的工作任务。,运维工程师,阜阳,互联网/信息技术/软件服务,4000-8000元,否,4000,8000,厦门海洋职业技术学院,数字媒体技术,专科,大专,2022-06,2022,数据结构、数据库原理、Python编程、Java程序设计,4,是,0,应届,1,否,安硕网络科技有限公司,运维工程师（实习）,2020-03,是,2,实验室服务器搭建实训,Jenkins、Zabbix、Ansible、MySQL,4,无,0,86,77,153,130
江刚,男,18838595733,jianggang694@gmail.com,15564696074,莆田,"期望岗位：软件测试工程师
期望城市：莆田
期望行业：互联网/信息技术/软件服务
期望薪资：5000-5500元",本科计算机科学与技术专业应届毕业生，掌握Appium、TestNG基础技能，完成过课程设计与毕业项目，具备基础代码编写能力与问题排查思路，学习能力强，做事认真踏实，期望从事软件测试工程师相关工作。,"华南理工大学 | 计算机科学与技术 | 本科
毕业时间：2022年6月
核心课程：数据库原理、软件工程、算法设计与分析、计算机网络","【校园实践】
    · 参与学校计算机协会技术部，负责协会网站日常维护
    · 协助老师完成实验室设备管理与系统环境搭建
    · 参与班级课程设计小组，担任后端开发角色","■ 网页兼容性测试实训
  项目目标：对多个网站进行浏览器兼容测试
  个人职责：制定测试方案，输出测试报告
  项目成果：覆盖5款主流浏览器","专业技能：功能测试、接口测试、TestNG、缺陷管理、性能测试、Postman
相关证书：红帽RHCE认证、计算机一级",应届毕业，具备扎实的专业基础知识与学习能力，能够快速掌握新技术；工作态度认真负责，有耐心，注重细节；具备良好的团队意识与沟通能力，能够积极配合团队完成任务；期望在工作中积累经验，快速成长。,软件测试工程师,莆田,互联网/信息技术/软件服务,5000-5500元,否,5000,5500,华南理工大学,计算机科学与技术,本科,本科,2022-06,2022,数据库原理、软件工程、算法设计与分析、计算机网络,4,是,0,应届,1,是,校园实践,· 参与学校计算机协会技术部，负责协会网站日常维护,,否,1,网页兼容性测试实训,功能测试、接口测试、TestNG、缺陷管理、性能测试、Postman,6,红帽RHCE认证、计算机一级,2,98,94,71,89
尹敏,女,18800300443,yinmin8744@qq.com,wx_yinmin_974,扬州,"期望岗位：运维工程师
期望城市：扬州
期望行业：互联网/信息技术/软件服务
期望薪资：11500-12000元",5年运维工程师从业经验，精通Nginx技术架构，主导过中型项目从0到1落地，擅长技术方案设计与性能优化，曾推动核心模块技术重构，带来显著效率提升，具备跨部门协作与项目推进能力。,"泉州师范学院 | 网络工程 | 本科
毕业时间：2017年6月
核心课程：算法设计与分析、数字信号处理、操作系统、数据库原理","【OPPO（东莞）】 运维工程师
2025年4月 - 至今
    · 编写开发文档，沉淀技术规范，协助新人熟悉业务
    · 对接产品、测试团队，跟进需求落地与缺陷修复
    · 负责公司运维工程师相关业务的开发与维护，参与需求评审

【金蝶网络科技有限公司】 运维工程师
2024年6月 - 2025年6月
    · 对接产品、测试团队，跟进需求落地与缺陷修复
    · 负责公司运维工程师相关业务的开发与维护，参与需求评审

【用友数据技术有限公司】 运维工程师
2023年5月 - 2024年4月
    · 负责公司运维工程师相关业务的开发与维护，参与需求评审
    · 编写开发文档，沉淀技术规范，协助新人熟悉业务","■ 服务器集群运维优化
  项目目标：提升服务器集群稳定性，降低故障发生率
  个人职责：负责日常巡检、故障排查，优化监控告警规则与分级策略
  项目成果：服务器故障率下降60%，平均故障响应时间缩短至15分钟

■ CI/CD自动化流水线
  项目目标：实现代码自动化构建、测试、部署，提升发布效率
  个人职责：基于Jenkins搭建持续集成流水线，配置Docker容器化部署
  项目成果：发布周期从每周1次提升至每天3次，部署失误率降为0","专业技能：网络运维、Docker、Zabbix、Redis、Kubernetes、MySQL、Nginx、Jenkins、Prometheus、Linux
相关证书：MySQL数据库认证、计算机二级",拥有5年行业经验，技术视野开阔，具备方案设计与项目把控能力；逻辑清晰，善于定位并解决复杂技术问题；具备良好的团队管理与跨部门沟通能力，能够推动技术优化与业务落地；责任心强，追求技术与业务的平衡发展。,运维工程师,扬州,互联网/信息技术/软件服务,11500-12000元,否,11500,12000,泉州师范学院,网络工程,本科,本科,2017-06,2017,算法设计与分析、数字信号处理、操作系统、数据库原理,4,否,5,5年,3,否,OPPO（东莞）,运维工程师,2025-04,是,2,服务器集群运维优化,网络运维、Docker、Zabbix、Redis、Kubernetes、MySQL、Nginx、Jenkins、Prometheus、Linux,10,MySQL数据库认证、计算机二级,2,88,99,223,318
黄天佑,男,18852834663,huang天you84@126.com,13135930007,黄山,"期望岗位：数据分析师
期望城市：黄山
期望行业：互联网/信息技术/软件服务
期望薪资：5500-6000元",专科软件工程专业应届毕业生，掌握SQL、SQL基础技能，完成过课程设计与毕业项目，具备基础代码编写能力与问题排查思路，学习能力强，做事认真踏实，期望从事数据分析师相关工作。,"福建信息职业技术学院 | 软件工程 | 专科
毕业时间：2022年6月
核心课程：Java程序设计、Python编程、软件工程、数字信号处理","【校园实践】
    · 参与学校计算机协会技术部，负责协会网站日常维护
    · 协助老师完成实验室设备管理与系统环境搭建
    · 参与班级课程设计小组，担任后端开发角色","■ 学生成绩数据分析
  项目目标：对班级期末成绩进行统计分析
  个人职责：数据清洗、可视化图表制作、结论输出
  项目成果：输出分析报告，提出3点教学建议","专业技能：Pandas、Power BI、数据可视化、NumPy
相关证书：英语六级",应届毕业，具备扎实的专业基础知识与学习能力，能够快速掌握新技术；工作态度认真负责，有耐心，注重细节；具备良好的团队意识与沟通能力，能够积极配合团队完成任务；期望在工作中积累经验，快速成长。,数据分析师,黄山,互联网/信息技术/软件服务,5500-6000元,否,5500,6000,福建信息职业技术学院,软件工程,专科,大专,2022-06,2022,Java程序设计、Python编程、软件工程、数字信号处理,4,是,0,应届,1,是,校园实践,· 参与学校计算机协会技术部，负责协会网站日常维护,,否,1,学生成绩数据分析,Pandas、Power BI、数据可视化、NumPy,4,英语六级,1,86,94,79,89
熊梦瑶,女,15271432126,xiongmengyao9615@outlook.com,wx_xiongmengyao_208,南京,"期望岗位：前端开发工程师
期望城市：南京
期望行业：互联网/信息技术/软件服务
期望薪资：7000-7500元",本科计算机科学与技术专业应届毕业生，有1段前端开发工程师实习经验，掌握Ant Design技术栈，参与过实习项目开发，具备良好的代码规范与团队协作意识，能够快速上手业务，期望正式入职发展。,"广东技术师范大学 | 计算机科学与技术 | 本科
毕业时间：2021年6月
核心课程：软件工程、Python编程、机器学习、数据结构","【云创数据技术有限公司】 前端开发工程师（实习）
2025年1月 - 至今
    · 编写开发文档，沉淀技术规范，协助新人熟悉业务
    · 对接产品、测试团队，跟进需求落地与缺陷修复
    · 承担分配模块的编码、测试与优化工作，保障系统稳定运行","■ 校园社团官网（实训项目）
  项目目标：为学校社团开发官方展示网站
  个人职责：负责首页、新闻页、成员页开发
  项目成果：上线后访问量累计5000+

■ 个人博客系统（课程作业）
  项目目标：开发个人博客前端页面，实现文章展示与评论
  个人职责：负责页面布局、交互效果、接口联调
  项目成果：完成响应式页面，兼容多浏览器","专业技能：CSS3、React、Ant Design、Vite
相关证书：计算机一级",有实习经验，熟悉开发基本流程，具备基础的项目实践能力；学习能力强，能够快速上手新业务新技术；工作踏实，责任心强，善于沟通协作，能够高效完成分配的工作任务。,前端开发工程师,南京,互联网/信息技术/软件服务,7000-7500元,否,7000,7500,广东技术师范大学,计算机科学与技术,本科,本科,2021-06,2021,软件工程、Python编程、机器学习、数据结构,4,是,0,应届,1,否,云创数据技术有限公司,前端开发工程师（实习）,2025-01,是,2,校园社团官网（实训项目）,CSS3、React、Ant Design、Vite,4,计算机一级,1,94,77,168,127
沈语桐,女,13801659070,shen语tong68@outlook.com,17650297003,蚌埠,"期望岗位：软件测试工程师
期望城市：蚌埠
期望行业：互联网/信息技术/软件服务
期望薪资：3000-4000元",本科计算机科学与技术专业应届毕业生，掌握TestNG、测试用例设计基础技能，完成过课程设计与毕业项目，具备基础代码编写能力与问题排查思路，学习能力强，做事认真踏实，期望从事软件测试工程师相关工作。,"福建农林大学 | 计算机科学与技术 | 本科
毕业时间：2022年6月
核心课程：操作系统、数据结构、计算机网络、数字信号处理","【校园实践】
    · 参与学校计算机协会技术部，负责协会网站日常维护
    · 协助老师完成实验室设备管理与系统环境搭建
    · 参与班级课程设计小组，担任后端开发角色","■ 学生管理系统功能测试
  项目目标：对课程设计系统进行功能测试与缺陷提交
  个人职责：设计测试用例，执行黑盒测试
  项目成果：发现并提交8个功能缺陷","专业技能：Python、Selenium、Appium、TestNG、接口测试、功能测试、JMeter
相关证书：华为HCIA认证",应届毕业，具备扎实的专业基础知识与学习能力，能够快速掌握新技术；工作态度认真负责，有耐心，注重细节；具备良好的团队意识与沟通能力，能够积极配合团队完成任务；期望在工作中积累经验，快速成长。,软件测试工程师,蚌埠,互联网/信息技术/软件服务,3000-4000元,否,3000,4000,福建农林大学,计算机科学与技术,本科,本科,2022-06,2022,操作系统、数据结构、计算机网络、数字信号处理,4,是,0,应届,1,是,校园实践,· 参与学校计算机协会技术部，负责协会网站日常维护,,否,1,学生管理系统功能测试,Python、Selenium、Appium、TestNG、接口测试、功能测试、JMeter,7,华为HCIA认证,1,98,94,78,89
邓雯,女,13606445096,dengwen64@outlook.com,wx_dengwen_471,泉州,"期望岗位：前端开发工程师
期望城市：泉州
期望行业：互联网/信息技术/软件服务
期望薪资：6000-7000元",3年前端开发工程师工作经验，精通Vite、TypeScript技术栈，参与过完整项目迭代，能够独立完成模块开发与问题排查，注重代码质量与开发效率，具备良好的沟通协作能力。,"福州大学 | 数学与应用数学 | 本科
毕业时间：2019年6月
核心课程：数据库原理、数字信号处理、Java程序设计、计算机网络","【微远科技有限公司】 前端开发工程师
2025年12月 - 至今
    · 编写开发文档，沉淀技术规范，协助新人熟悉业务
    · 负责公司前端开发工程师相关业务的开发与维护，参与需求评审
    · 承担分配模块的编码、测试与优化工作，保障系统稳定运行

【数聚信息技术有限公司】 前端开发工程师
2024年11月 - 2025年12月
    · 编写开发文档，沉淀技术规范，协助新人熟悉业务
    · 负责公司前端开发工程师相关业务的开发与维护，参与需求评审
    · 承担分配模块的编码、测试与优化工作，保障系统稳定运行","■ 电商平台前端重构
  项目目标：升级旧版电商系统前端架构，提升用户体验与加载速度
  个人职责：负责商品详情页、购物车模块开发，组件化封装公共组件
  项目成果：首屏加载时间从3.2s降至1.8s，页面转化率提升12%

■ 企业后台管理系统
  项目目标：搭建企业运营管理后台，实现业务数据可视化
  个人职责：负责权限管理、数据报表模块开发，对接后端接口联调
  项目成果：覆盖12个业务部门，运营效率提升40%","专业技能：JavaScript、Vite、Ant Design、Vue、React、Axios
相关证书：英语四级、计算机二级",拥有3年实际工作经验，技术功底扎实，熟悉完整开发流程；具备较强的问题解决能力，能够独立排查并解决常见技术问题；工作认真负责，注重团队协作，能够高效推进项目落地；持续学习，保持技术敏感度。,前端开发工程师,泉州,互联网/信息技术/软件服务,6000-7000元,否,6000,7000,福州大学,数学与应用数学,本科,本科,2019-06,2019,数据库原理、数字信号处理、Java程序设计、计算机网络,4,否,3,3年,2,否,微远科技有限公司,前端开发工程师,2025-12,是,2,电商平台前端重构,JavaScript、Vite、Ant Design、Vue、React、Axios,6,英语四级、计算机二级,2,85,93,210,268
卢璐,女,15983327313,lulu917@outlook.com,18489589608,蚌埠,"期望岗位：运维工程师
期望城市：蚌埠
期望行业：互联网/信息技术/软件服务
期望薪资：6500-7000元",3年运维工程师工作经验，精通网络运维、Docker技术栈，参与过完整项目迭代，能够独立完成模块开发与问题排查，注重代码质量与开发效率，具备良好的沟通协作能力。,"福建船政交通职业学院 | 数字媒体技术 | 专科
毕业时间：2019年6月
核心课程：计算机网络、Java程序设计、操作系统、数字信号处理","【信雅科技有限公司】 运维工程师
2025年3月 - 至今
    · 负责公司运维工程师相关业务的开发与维护，参与需求评审
    · 编写开发文档，沉淀技术规范，协助新人熟悉业务
    · 对接产品、测试团队，跟进需求落地与缺陷修复

【云创信息技术有限公司】 运维工程师
2024年11月 - 2025年3月
    · 对接产品、测试团队，跟进需求落地与缺陷修复
    · 承担分配模块的编码、测试与优化工作，保障系统稳定运行
    · 负责公司运维工程师相关业务的开发与维护，参与需求评审","■ 服务器集群运维优化
  项目目标：提升服务器集群稳定性，降低故障发生率
  个人职责：负责日常巡检、故障排查，优化监控告警规则与分级策略
  项目成果：服务器故障率下降60%，平均故障响应时间缩短至15分钟

■ CI/CD自动化流水线
  项目目标：实现代码自动化构建、测试、部署，提升发布效率
  个人职责：基于Jenkins搭建持续集成流水线，配置Docker容器化部署
  项目成果：发布周期从每周1次提升至每天3次，部署失误率降为0","专业技能：Prometheus、Docker、Shell、Kubernetes、Zabbix、网络运维、Nginx、MySQL
相关证书：系统架构设计师、PMP项目管理专业人士",拥有3年实际工作经验，技术功底扎实，熟悉完整开发流程；具备较强的问题解决能力，能够独立排查并解决常见技术问题；工作认真负责，注重团队协作，能够高效推进项目落地；持续学习，保持技术敏感度。,运维工程师,蚌埠,互联网/信息技术/软件服务,6500-7000元,否,6500,7000,福建船政交通职业学院,数字媒体技术,专科,大专,2019-06,2019,计算机网络、Java程序设计、操作系统、数字信号处理,4,否,3,3年,2,否,信雅科技有限公司,运维工程师,2025-03,是,2,服务器集群运维优化,Prometheus、Docker、Shell、Kubernetes、Zabbix、网络运维、Nginx、MySQL,8,系统架构设计师、PMP项目管理专业人士,2,79,93,223,252
孟莉,女,15018528607,mengli59@qq.com,13911715517,南平,"期望岗位：算法工程师
期望城市：南平
期望行业：互联网/信息技术/软件服务
期望薪资：11500-12000元",1年算法工程师工作经验，精通NLP、数据结构技术栈，参与过完整项目迭代，能够独立完成模块开发与问题排查，注重代码质量与开发效率，具备良好的沟通协作能力。,"江西师范大学 | 物联网工程 | 本科
毕业时间：2021年6月
核心课程：数字信号处理、Python编程、数据库原理、软件工程","【中软数据技术有限公司】 算法工程师
2025年9月 - 至今
    · 负责公司算法工程师相关业务的开发与维护，参与需求评审
    · 承担分配模块的编码、测试与优化工作，保障系统稳定运行
    · 编写开发文档，沉淀技术规范，协助新人熟悉业务","■ 个性化推荐系统
  项目目标：提升内容推荐精准度，增加用户停留时长
  个人职责：负责协同过滤、深度学习推荐模型开发与离线优化
  项目成果：用户平均停留时长提升25%，点击率提升15%

■ 风控欺诈识别模型
  项目目标：识别交易欺诈行为，降低资金损失风险
  个人职责：特征工程，构建XGBoost风控模型，在线部署与迭代
  项目成果：欺诈识别准确率达92%，每年减少损失超200万","专业技能：特征工程、Python、算法优化、深度学习、计算机视觉、数据结构、机器学习
相关证书：无",拥有1年实际工作经验，技术功底扎实，熟悉完整开发流程；具备较强的问题解决能力，能够独立排查并解决常见技术问题；工作认真负责，注重团队协作，能够高效推进项目落地；持续学习，保持技术敏感度。,算法工程师,南平,互联网/信息技术/软件服务,11500-12000元,否,11500,12000,江西师范大学,物联网工程,本科,本科,2021-06,2021,数字信号处理、Python编程、数据库原理、软件工程,4,否,1,1年,1,否,中软数据技术有限公司,算法工程师,2025-09,是,2,个性化推荐系统,特征工程、Python、算法优化、深度学习、计算机视觉、数据结构、机器学习,7,无,0,76,93,197,126
廖恒,男,13440956860,liaoheng298@126.com,wx_liaoheng_925,黄山,"期望岗位：数据分析师
期望城市：黄山
期望行业：互联网/信息技术/软件服务
期望薪资：13000-16000元",4年数据分析师从业经验，精通NumPy技术架构，主导过中型项目从0到1落地，擅长技术方案设计与性能优化，曾推动核心模块技术重构，带来显著效率提升，具备跨部门协作与项目推进能力。,"集美大学 | 数字媒体技术 | 本科
毕业时间：2018年6月
核心课程：数据库原理、操作系统、数据结构、计算机网络","【华为（东莞研究所）】 数据分析师
2024年8月 - 至今
    · 负责公司数据分析师相关业务的开发与维护，参与需求评审
    · 编写开发文档，沉淀技术规范，协助新人熟悉业务

【新科网络科技有限公司】 数据分析师
2022年1月 - 2024年5月
    · 负责公司数据分析师相关业务的开发与维护，参与需求评审
    · 对接产品、测试团队，跟进需求落地与缺陷修复
    · 承担分配模块的编码、测试与优化工作，保障系统稳定运行","■ 用户行为分析看板
  项目目标：构建用户行为数据体系，支撑运营决策
  个人职责：负责数据清洗、指标体系搭建，输出可视化运营报表
  项目成果：输出15+核心运营指标，支撑每月3次运营优化，用户留存率提升8%

■ 销售数据预测建模
  项目目标：基于历史数据预测销量，指导库存与备货
  个人职责：数据预处理，构建时间序列预测模型，输出月度预测报告
  项目成果：预测准确率达89%，库存周转效率提升25%","专业技能：数据可视化、Excel、Hive、Pandas、用户分析、MySQL
相关证书：英语六级",拥有4年行业经验，技术视野开阔，具备方案设计与项目把控能力；逻辑清晰，善于定位并解决复杂技术问题；具备良好的团队管理与跨部门沟通能力，能够推动技术优化与业务落地；责任心强，追求技术与业务的平衡发展。,数据分析师,黄山,互联网/信息技术/软件服务,13000-16000元,否,13000,16000,集美大学,数字媒体技术,本科,本科,2018-06,2018,数据库原理、操作系统、数据结构、计算机网络,4,否,4,4年,2,否,华为（东莞研究所）,数据分析师,2024-08,是,2,用户行为分析看板,数据可视化、Excel、Hive、Pandas、用户分析、MySQL,6,英语六级,1,88,99,206,224
钟梓轩,男,13569573060,zhong梓xuan08@126.com,wx_zhong梓xuan_982,宁德,"期望岗位：Java开发工程师
期望城市：宁德
期望行业：互联网/信息技术/软件服务
期望薪资：5000-5500元",专科信息管理与信息系统专业应届毕业生，掌握Docker、RabbitMQ基础技能，完成过课程设计与毕业项目，具备基础代码编写能力与问题排查思路，学习能力强，做事认真踏实，期望从事Java开发工程师相关工作。,"厦门海洋职业技术学院 | 信息管理与信息系统 | 专科
毕业时间：2022年6月
核心课程：机器学习、算法设计与分析、数据结构、Java程序设计","【校园实践】
    · 参与学校计算机协会技术部，负责协会网站日常维护
    · 协助老师完成实验室设备管理与系统环境搭建
    · 参与班级课程设计小组，担任后端开发角色","■ 校园二手交易平台（毕设）
  项目目标：搭建校园闲置物品发布与交易平台
  个人职责：负责用户模块、商品发布模块开发
  项目成果：完成系统原型，获得良好成绩","专业技能：JVM调优、微服务、SpringCloud、RabbitMQ、Linux、SpringBoot
相关证书：英语六级",应届毕业，具备扎实的专业基础知识与学习能力，能够快速掌握新技术；工作态度认真负责，有耐心，注重细节；具备良好的团队意识与沟通能力，能够积极配合团队完成任务；期望在工作中积累经验，快速成长。,Java开发工程师,宁德,互联网/信息技术/软件服务,5000-5500元,否,5000,5500,厦门海洋职业技术学院,信息管理与信息系统,专科,大专,2022-06,2022,机器学习、算法设计与分析、数据结构、Java程序设计,4,是,0,应届,1,是,校园实践,· 参与学校计算机协会技术部，负责协会网站日常维护,,否,1,校园二手交易平台（毕设）,JVM调优、微服务、SpringCloud、RabbitMQ、Linux、SpringBoot,6,英语六级,1,103,94,81,89
尹辉,男,15995282147,yinhui205@163.com,wx_yinhui_291,蚌埠,"期望岗位：算法工程师
期望城市：蚌埠
期望行业：互联网/信息技术/软件服务
期望薪资：7000-9000元",2年算法工程师工作经验，精通Python、深度学习技术栈，参与过完整项目迭代，能够独立完成模块开发与问题排查，注重代码质量与开发效率，具备良好的沟通协作能力。,"厦门理工学院 | 数据科学与大数据技术 | 本科
毕业时间：2020年6月
核心课程：Python编程、数字信号处理、Java程序设计、计算机网络","【云创科技有限公司】 算法工程师
2025年3月 - 至今
    · 编写开发文档，沉淀技术规范，协助新人熟悉业务
    · 承担分配模块的编码、测试与优化工作，保障系统稳定运行
    · 负责公司算法工程师相关业务的开发与维护，参与需求评审

【博思科技有限公司】 算法工程师
2024年2月 - 2025年5月
    · 负责公司算法工程师相关业务的开发与维护，参与需求评审
    · 编写开发文档，沉淀技术规范，协助新人熟悉业务","■ 风控欺诈识别模型
  项目目标：识别交易欺诈行为，降低资金损失风险
  个人职责：特征工程，构建XGBoost风控模型，在线部署与迭代
  项目成果：欺诈识别准确率达92%，每年减少损失超200万

■ 个性化推荐系统
  项目目标：提升内容推荐精准度，增加用户停留时长
  个人职责：负责协同过滤、深度学习推荐模型开发与离线优化
  项目成果：用户平均停留时长提升25%，点击率提升15%","专业技能：机器学习、特征工程、TensorFlow、NLP、Python、计算机视觉、数据结构、SQL
相关证书：PMP项目管理专业人士、软考中级、阿里云ACP云计算认证",拥有2年实际工作经验，技术功底扎实，熟悉完整开发流程；具备较强的问题解决能力，能够独立排查并解决常见技术问题；工作认真负责，注重团队协作，能够高效推进项目落地；持续学习，保持技术敏感度。,算法工程师,蚌埠,互联网/信息技术/软件服务,7000-9000元,否,7000,9000,厦门理工学院,数据科学与大数据技术,本科,本科,2020-06,2020,Python编程、数字信号处理、Java程序设计、计算机网络,4,否,2,2年,2,否,云创科技有限公司,算法工程师,2025-03,是,2,风控欺诈识别模型,机器学习、特征工程、TensorFlow、NLP、Python、计算机视觉、数据结构、SQL,8,PMP项目管理专业人士、软考中级、阿里云ACP云计算认证,3,79,93,197,222
杜洋,男,13910922809,duyang7442@163.com,wx_duyang_931,宁波,"期望岗位：Java开发工程师
期望城市：宁波
期望行业：互联网/信息技术/软件服务
期望薪资：11500-12000元",3年Java开发工程师工作经验，精通RabbitMQ、Docker技术栈，参与过完整项目迭代，能够独立完成模块开发与问题排查，注重代码质量与开发效率，具备良好的沟通协作能力。,"浙江万里学院 | 电子信息工程 | 本科
毕业时间：2019年6月
核心课程：机器学习、Java程序设计、Python编程、算法设计与分析","【汇智信息技术有限公司】 Java开发工程师
2025年7月 - 至今
    · 承担分配模块的编码、测试与优化工作，保障系统稳定运行
    · 编写开发文档，沉淀技术规范，协助新人熟悉业务

【锐捷信息技术有限公司】 Java开发工程师
2024年5月 - 2025年11月
    · 编写开发文档，沉淀技术规范，协助新人熟悉业务
    · 对接产品、测试团队，跟进需求落地与缺陷修复","■ 电商订单交易系统
  项目目标：搭建高可用电商订单系统，支撑大促流量峰值
  个人职责：负责订单创建、支付回调、库存扣减核心逻辑开发
  项目成果：支撑日均订单量10万+，系统可用性达99.95%

■ 微服务用户中心重构
  项目目标：将单体用户系统拆分为微服务架构，提升并发承载能力
  个人职责：负责登录、注册、权限模块开发，优化数据库查询与缓存策略
  项目成果：支持并发量从500提升至5000，接口响应耗时减少60%","专业技能：MyBatis、JVM调优、Linux、Java、MySQL、SpringBoot、SpringCloud、微服务
相关证书：MySQL数据库认证、软考中级",拥有3年实际工作经验，技术功底扎实，熟悉完整开发流程；具备较强的问题解决能力，能够独立排查并解决常见技术问题；工作认真负责，注重团队协作，能够高效推进项目落地；持续学习，保持技术敏感度。,Java开发工程师,宁波,互联网/信息技术/软件服务,11500-12000元,否,11500,12000,浙江万里学院,电子信息工程,本科,本科,2019-06,2019,机器学习、Java程序设计、Python编程、算法设计与分析,4,否,3,3年,2,否,汇智信息技术有限公司,Java开发工程师,2025-07,是,2,电商订单交易系统,MyBatis、JVM调优、Linux、Java、MySQL、SpringBoot、SpringCloud、微服务,8,MySQL数据库认证、软考中级,2,87,93,216,197
薛妍,女,13198665433,xueyan23@qq.com,18466594914,合肥,"期望岗位：后端开发工程师
期望城市：合肥
期望行业：互联网/信息技术/软件服务
期望薪资：6500-8500元",1年后端开发工程师工作经验，精通Gin、Docker技术栈，参与过完整项目迭代，能够独立完成模块开发与问题排查，注重代码质量与开发效率，具备良好的沟通协作能力。,"南京理工大学 | 网络工程 | 本科
毕业时间：2021年6月
核心课程：算法设计与分析、Java程序设计、数据库原理、数据结构","【vivo（东莞）】 后端开发工程师
2025年10月 - 至今
    · 负责公司后端开发工程师相关业务的开发与维护，参与需求评审
    · 承担分配模块的编码、测试与优化工作，保障系统稳定运行
    · 编写开发文档，沉淀技术规范，协助新人熟悉业务","■ 内容管理系统后端
  项目目标：搭建CMS系统后端服务，支持多站点内容发布
  个人职责：负责文章、栏目、权限模块接口开发，设计数据库表结构
  项目成果：支撑8个站点同时运营，内容发布效率提升3倍

■ 即时通讯服务开发
  项目目标：实现企业内部IM系统后端消息推送与存储
  个人职责：负责消息队列、离线消息、会话管理模块开发
  项目成果：支持万人同时在线，消息送达延迟低于100ms","专业技能：Kafka、MySQL、Redis、微服务、Python、Docker
相关证书：阿里云ACP云计算认证、英语六级、PMP项目管理专业人士",拥有1年实际工作经验，技术功底扎实，熟悉完整开发流程；具备较强的问题解决能力，能够独立排查并解决常见技术问题；工作认真负责，注重团队协作，能够高效推进项目落地；持续学习，保持技术敏感度。,后端开发工程师,合肥,互联网/信息技术/软件服务,6500-8500元,否,6500,8500,南京理工大学,网络工程,本科,本科,2021-06,2021,算法设计与分析、Java程序设计、数据库原理、数据结构,4,否,1,1年,1,否,vivo（东莞）,后端开发工程师,2025-10,是,2,内容管理系统后端,Kafka、MySQL、Redis、微服务、Python、Docker,6,阿里云ACP云计算认证、英语六级、PMP项目管理专业人士,3,80,93,198,129
叶瑶,女,13652909726,yeyao01@outlook.com,18493155333,温州,"期望岗位：后端开发工程师
期望城市：温州
期望行业：互联网/信息技术/软件服务
期望薪资：19000-19500元",3年后端开发工程师从业经验，精通SpringBoot技术架构，主导过中型项目从0到1落地，擅长技术方案设计与性能优化，曾推动核心模块技术重构，带来显著效率提升，具备跨部门协作与项目推进能力。,"厦门理工学院 | 通信工程 | 本科
毕业时间：2019年6月
核心课程：Java程序设计、数据库原理、算法设计与分析、软件工程","【华为（东莞研究所）】 后端开发工程师
2025年3月 - 至今
    · 承担分配模块的编码、测试与优化工作，保障系统稳定运行
    · 编写开发文档，沉淀技术规范，协助新人熟悉业务
    · 对接产品、测试团队，跟进需求落地与缺陷修复

【锐捷信息技术有限公司】 后端开发工程师
2024年3月 - 2025年2月
    · 对接产品、测试团队，跟进需求落地与缺陷修复
    · 承担分配模块的编码、测试与优化工作，保障系统稳定运行
    · 负责公司后端开发工程师相关业务的开发与维护，参与需求评审","■ 内容管理系统后端
  项目目标：搭建CMS系统后端服务，支持多站点内容发布
  个人职责：负责文章、栏目、权限模块接口开发，设计数据库表结构
  项目成果：支撑8个站点同时运营，内容发布效率提升3倍

■ 即时通讯服务开发
  项目目标：实现企业内部IM系统后端消息推送与存储
  个人职责：负责消息队列、离线消息、会话管理模块开发
  项目成果：支持万人同时在线，消息送达延迟低于100ms","专业技能：Kafka、Python、Go、MySQL、微服务、Redis、Java、SpringBoot、PostgreSQL
相关证书：软考中级",拥有3年行业经验，技术视野开阔，具备方案设计与项目把控能力；逻辑清晰，善于定位并解决复杂技术问题；具备良好的团队管理与跨部门沟通能力，能够推动技术优化与业务落地；责任心强，追求技术与业务的平衡发展。,后端开发工程师,温州,互联网/信息技术/软件服务,19000-19500元,否,19000,19500,厦门理工学院,通信工程,本科,本科,2019-06,2019,Java程序设计、数据库原理、算法设计与分析、软件工程,4,否,3,3年,2,否,华为（东莞研究所）,后端开发工程师,2025-03,是,2,内容管理系统后端,Kafka、Python、Go、MySQL、微服务、Redis、Java、SpringBoot、PostgreSQL,9,软考中级,1,95,99,198,258
毛洋,男,15961499289,maoyang30@163.com,18425649728,龙岩,"期望岗位：算法工程师
期望城市：龙岩
期望行业：互联网/信息技术/软件服务
期望薪资：3000-5000元",专科软件工程专业应届毕业生，掌握计算机视觉、特征工程基础技能，完成过课程设计与毕业项目，具备基础代码编写能力与问题排查思路，学习能力强，做事认真踏实，期望从事算法工程师相关工作。,"福州职业技术学院 | 软件工程 | 专科
毕业时间：2022年6月
核心课程：机器学习、数据库原理、软件工程、操作系统","【校园实践】
    · 参与学校计算机协会技术部，负责协会网站日常维护
    · 协助老师完成实验室设备管理与系统环境搭建
    · 参与班级课程设计小组，担任后端开发角色","■ 电影推荐系统（毕设）
  项目目标：基于协同过滤实现简单电影推荐
  个人职责：数据处理、模型实现、效果验证
  项目成果：召回准确率达到75%","专业技能：特征工程、PyTorch、推荐算法、NLP、深度学习
相关证书：无",应届毕业，具备扎实的专业基础知识与学习能力，能够快速掌握新技术；工作态度认真负责，有耐心，注重细节；具备良好的团队意识与沟通能力，能够积极配合团队完成任务；期望在工作中积累经验，快速成长。,算法工程师,龙岩,互联网/信息技术/软件服务,3000-5000元,否,3000,5000,福州职业技术学院,软件工程,专科,大专,2022-06,2022,机器学习、数据库原理、软件工程、操作系统,4,是,0,应届,1,是,校园实践,· 参与学校计算机协会技术部，负责协会网站日常维护,,否,1,电影推荐系统（毕设）,特征工程、PyTorch、推荐算法、NLP、深度学习,5,无,0,89,94,74,89
吴悦,女,13602626189,wuyue6445@gmail.com,13167574484,金华,"期望岗位：数据分析师
期望城市：金华
期望行业：互联网/信息技术/软件服务
期望薪资：6500-10500元",2年数据分析师工作经验，精通Python、NumPy技术栈，参与过完整项目迭代，能够独立完成模块开发与问题排查，注重代码质量与开发效率，具备良好的沟通协作能力。,"东莞理工学院 | 数学与应用数学 | 本科
毕业时间：2020年6月
核心课程：操作系统、数据结构、数据库原理、软件工程","【用友互联网科技有限公司】 数据分析师
2025年11月 - 至今
    · 编写开发文档，沉淀技术规范，协助新人熟悉业务
    · 负责公司数据分析师相关业务的开发与维护，参与需求评审

【用友科技有限公司】 数据分析师
2024年3月 - 2025年6月
    · 编写开发文档，沉淀技术规范，协助新人熟悉业务
    · 对接产品、测试团队，跟进需求落地与缺陷修复","■ 用户行为分析看板
  项目目标：构建用户行为数据体系，支撑运营决策
  个人职责：负责数据清洗、指标体系搭建，输出可视化运营报表
  项目成果：输出15+核心运营指标，支撑每月3次运营优化，用户留存率提升8%

■ 销售数据预测建模
  项目目标：基于历史数据预测销量，指导库存与备货
  个人职责：数据预处理，构建时间序列预测模型，输出月度预测报告
  项目成果：预测准确率达89%，库存周转效率提升25%","专业技能：MySQL、Excel、用户分析、Python、Hive、SQL、Tableau、Power BI、NumPy、Pandas
相关证书：MySQL数据库认证",拥有2年实际工作经验，技术功底扎实，熟悉完整开发流程；具备较强的问题解决能力，能够独立排查并解决常见技术问题；工作认真负责，注重团队协作，能够高效推进项目落地；持续学习，保持技术敏感度。,数据分析师,金华,互联网/信息技术/软件服务,6500-10500元,否,6500,10500,东莞理工学院,数学与应用数学,本科,本科,2020-06,2020,操作系统、数据结构、数据库原理、软件工程,4,否,2,2年,2,否,用友互联网科技有限公司,数据分析师,2025-11,是,2,用户行为分析看板,MySQL、Excel、用户分析、Python、Hive、SQL、Tableau、Power BI、NumPy、Pandas,10,MySQL数据库认证,1,80,93,206,188
邱宇泽,男,13175776425,qiuyuze696@outlook.com,wx_qiuyuze_911,阜阳,"期望岗位：算法工程师
期望城市：阜阳
期望行业：互联网/信息技术/软件服务
期望薪资：6500-8500元",2年算法工程师工作经验，精通数据结构、推荐算法技术栈，参与过完整项目迭代，能够独立完成模块开发与问题排查，注重代码质量与开发效率，具备良好的沟通协作能力。,"东南大学 | 数学与应用数学 | 本科
毕业时间：2020年6月
核心课程：计算机网络、数据库原理、机器学习、算法设计与分析","【卓望互联网科技有限公司】 算法工程师
2025年3月 - 至今
    · 编写开发文档，沉淀技术规范，协助新人熟悉业务
    · 负责公司算法工程师相关业务的开发与维护，参与需求评审

【微远互联网科技有限公司】 算法工程师
2024年10月 - 2025年3月
    · 负责公司算法工程师相关业务的开发与维护，参与需求评审
    · 对接产品、测试团队，跟进需求落地与缺陷修复
    · 承担分配模块的编码、测试与优化工作，保障系统稳定运行","■ 个性化推荐系统
  项目目标：提升内容推荐精准度，增加用户停留时长
  个人职责：负责协同过滤、深度学习推荐模型开发与离线优化
  项目成果：用户平均停留时长提升25%，点击率提升15%

■ 风控欺诈识别模型
  项目目标：识别交易欺诈行为，降低资金损失风险
  个人职责：特征工程，构建XGBoost风控模型，在线部署与迭代
  项目成果：欺诈识别准确率达92%，每年减少损失超200万","专业技能：特征工程、算法优化、TensorFlow、推荐算法、计算机视觉、SQL
相关证书：软考中级",拥有2年实际工作经验，技术功底扎实，熟悉完整开发流程；具备较强的问题解决能力，能够独立排查并解决常见技术问题；工作认真负责，注重团队协作，能够高效推进项目落地；持续学习，保持技术敏感度。,算法工程师,阜阳,互联网/信息技术/软件服务,6500-8500元,否,6500,8500,东南大学,数学与应用数学,本科,本科,2020-06,2020,计算机网络、数据库原理、机器学习、算法设计与分析,4,否,2,2年,2,否,卓望互联网科技有限公司,算法工程师,2025-03,是,2,个性化推荐系统,特征工程、算法优化、TensorFlow、推荐算法、计算机视觉、SQL,6,软考中级,1,77,93,197,228
韦萍,女,15000487195,weiping137@qq.com,wx_weiping_909,金华,"期望岗位：后端开发工程师
期望城市：金华
期望行业：互联网/信息技术/软件服务
期望薪资：27000-28500元",6年后端开发工程师资深经验，精通全链路技术架构，具备团队技术规划与方案设计能力，主导过多个大型项目重构与升级，在高并发/系统稳定性领域有深厚积累，能够带领团队攻克技术难题，驱动业务技术升级。,"东莞理工学院 | 数学与应用数学 | 本科
毕业时间：2016年6月
核心课程：操作系统、数据结构、算法设计与分析、软件工程","【亿联网络】 后端开发工程师
2024年9月 - 至今
    · 承担分配模块的编码、测试与优化工作，保障系统稳定运行
    · 负责公司后端开发工程师相关业务的开发与维护，参与需求评审

【未来软件有限公司】 后端开发工程师
2022年10月 - 2024年5月
    · 编写开发文档，沉淀技术规范，协助新人熟悉业务
    · 对接产品、测试团队，跟进需求落地与缺陷修复
    · 负责公司后端开发工程师相关业务的开发与维护，参与需求评审

【天擎软件有限公司】 后端开发工程师
2020年1月 - 2022年9月
    · 对接产品、测试团队，跟进需求落地与缺陷修复
    · 承担分配模块的编码、测试与优化工作，保障系统稳定运行","■ 内容管理系统后端
  项目目标：搭建CMS系统后端服务，支持多站点内容发布
  个人职责：负责文章、栏目、权限模块接口开发，设计数据库表结构
  项目成果：支撑8个站点同时运营，内容发布效率提升3倍

■ 即时通讯服务开发
  项目目标：实现企业内部IM系统后端消息推送与存储
  个人职责：负责消息队列、离线消息、会话管理模块开发
  项目成果：支持万人同时在线，消息送达延迟低于100ms","专业技能：Java、MySQL、PostgreSQL、Go、SpringBoot、Redis、Python、K8s
相关证书：红帽RHCE认证",拥有6年行业经验，技术视野开阔，具备方案设计与项目把控能力；逻辑清晰，善于定位并解决复杂技术问题；具备良好的团队管理与跨部门沟通能力，能够推动技术优化与业务落地；责任心强，追求技术与业务的平衡发展。,后端开发工程师,金华,互联网/信息技术/软件服务,27000-28500元,否,27000,28500,东莞理工学院,数学与应用数学,本科,本科,2016-06,2016,操作系统、数据结构、算法设计与分析、软件工程,4,否,6,6年,3,否,亿联网络,后端开发工程师,2024-09,是,2,内容管理系统后端,Java、MySQL、PostgreSQL、Go、SpringBoot、Redis、Python、K8s,8,红帽RHCE认证,1,95,99,198,325
朱妍,女,13040668287,zhuyan02@163.com,wx_zhuyan_550,嘉兴,"期望岗位：软件测试工程师
期望城市：嘉兴
期望行业：互联网/信息技术/软件服务
期望薪资：面议",3年软件测试工程师工作经验，精通接口测试、功能测试技术栈，参与过完整项目迭代，能够独立完成模块开发与问题排查，注重代码质量与开发效率，具备良好的沟通协作能力。,"福建船政交通职业学院 | 软件工程 | 专科
毕业时间：2019年6月
核心课程：计算机网络、数据结构、Python编程、Java程序设计","【新科网络科技有限公司】 软件测试工程师
2025年3月 - 至今
    · 编写开发文档，沉淀技术规范，协助新人熟悉业务
    · 对接产品、测试团队，跟进需求落地与缺陷修复

【未来科技有限公司】 软件测试工程师
2024年2月 - 2025年6月
    · 对接产品、测试团队，跟进需求落地与缺陷修复
    · 编写开发文档，沉淀技术规范，协助新人熟悉业务
    · 承担分配模块的编码、测试与优化工作，保障系统稳定运行","■ 自动化测试框架搭建
  项目目标：提升回归测试效率，减少人工重复劳动
  个人职责：基于Selenium搭建UI自动化框架，编写核心模块测试脚本
  项目成果：回归测试周期从7天缩短至2天，覆盖率达85%

■ 电商平台功能测试
  项目目标：保障电商系统上线质量，覆盖全业务流程
  个人职责：设计测试用例，执行功能、回归测试，提交缺陷报告
  项目成果：发现并修复120+缺陷，上线后线上缺陷率低于0.5%","专业技能：性能测试、Postman、接口测试、缺陷管理、MySQL、TestNG、测试用例设计、Python
相关证书：无",拥有3年实际工作经验，技术功底扎实，熟悉完整开发流程；具备较强的问题解决能力，能够独立排查并解决常见技术问题；工作认真负责，注重团队协作，能够高效推进项目落地；持续学习，保持技术敏感度。,软件测试工程师,嘉兴,互联网/信息技术/软件服务,面议,是,,,福建船政交通职业学院,软件工程,专科,大专,2019-06,2019,计算机网络、数据结构、Python编程、Java程序设计,4,否,3,3年,2,否,新科网络科技有限公司,软件测试工程师,2025-03,是,2,自动化测试框架搭建,性能测试、Postman、接口测试、缺陷管理、MySQL、TestNG、测试用例设计、Python,8,无,0,79,93,207,218
傅思琪,女,15825082592,fusiqi182@126.com,18734388511,厦门,"期望岗位：数据分析师
期望城市：厦门
期望行业：互联网/信息技术/软件服务
期望薪资：9500-11000元",3年数据分析师工作经验，精通SQL、统计学技术栈，参与过完整项目迭代，能够独立完成模块开发与问题排查，注重代码质量与开发效率，具备良好的沟通协作能力。,"福建船政交通职业学院 | 软件技术 | 专科
毕业时间：2019年6月
核心课程：数字信号处理、Python编程、操作系统、软件工程","【腾讯（深圳分公司）】 数据分析师
2025年4月 - 至今
    · 承担分配模块的编码、测试与优化工作，保障系统稳定运行
    · 编写开发文档，沉淀技术规范，协助新人熟悉业务

【启明数据技术有限公司】 数据分析师
2024年11月 - 2025年2月
    · 负责公司数据分析师相关业务的开发与维护，参与需求评审
    · 承担分配模块的编码、测试与优化工作，保障系统稳定运行
    · 对接产品、测试团队，跟进需求落地与缺陷修复","■ 用户行为分析看板
  项目目标：构建用户行为数据体系，支撑运营决策
  个人职责：负责数据清洗、指标体系搭建，输出可视化运营报表
  项目成果：输出15+核心运营指标，支撑每月3次运营优化，用户留存率提升8%

■ 销售数据预测建模
  项目目标：基于历史数据预测销量，指导库存与备货
  个人职责：数据预处理，构建时间序列预测模型，输出月度预测报告
  项目成果：预测准确率达89%，库存周转效率提升25%","专业技能：数据可视化、用户分析、MySQL、Python、NumPy、Pandas、Excel
相关证书：英语四级",拥有3年实际工作经验，技术功底扎实，熟悉完整开发流程；具备较强的问题解决能力，能够独立排查并解决常见技术问题；工作认真负责，注重团队协作，能够高效推进项目落地；持续学习，保持技术敏感度。,数据分析师,厦门,互联网/信息技术/软件服务,9500-11000元,否,9500,11000,福建船政交通职业学院,软件技术,专科,大专,2019-06,2019,数字信号处理、Python编程、操作系统、软件工程,4,否,3,3年,2,否,腾讯（深圳分公司）,数据分析师,2025-04,是,2,用户行为分析看板,数据可视化、用户分析、MySQL、Python、NumPy、Pandas、Excel,7,英语四级,1,75,93,206,225
谢艳,女,15855388482,xieyan049@gmail.com,wx_xieyan_346,南京,"期望岗位：前端开发工程师
期望城市：南京
期望行业：互联网/信息技术/软件服务
期望薪资：6000-7500元",本科信息管理与信息系统专业应届毕业生，有1段前端开发工程师实习经验，掌握CSS3技术栈，参与过实习项目开发，具备良好的代码规范与团队协作意识，能够快速上手业务，期望正式入职发展。,"南昌大学 | 信息管理与信息系统 | 本科
毕业时间：2021年6月
核心课程：计算机网络、数据库原理、机器学习、算法设计与分析","【吉比特网络】 前端开发工程师（实习）
2025年12月 - 至今
    · 编写开发文档，沉淀技术规范，协助新人熟悉业务
    · 对接产品、测试团队，跟进需求落地与缺陷修复
    · 承担分配模块的编码、测试与优化工作，保障系统稳定运行","■ 校园社团官网（实训项目）
  项目目标：为学校社团开发官方展示网站
  个人职责：负责首页、新闻页、成员页开发
  项目成果：上线后访问量累计5000+

■ 个人博客系统（课程作业）
  项目目标：开发个人博客前端页面，实现文章展示与评论
  个人职责：负责页面布局、交互效果、接口联调
  项目成果：完成响应式页面，兼容多浏览器","专业技能：Axios、Ant Design、移动端适配、Webpack、Vue、HTML5、JavaScript
相关证书：红帽RHCE认证、计算机二级",有实习经验，熟悉开发基本流程，具备基础的项目实践能力；学习能力强，能够快速上手新业务新技术；工作踏实，责任心强，善于沟通协作，能够高效完成分配的工作任务。,前端开发工程师,南京,互联网/信息技术/软件服务,6000-7500元,否,6000,7500,南昌大学,信息管理与信息系统,本科,本科,2021-06,2021,计算机网络、数据库原理、机器学习、算法设计与分析,4,是,0,应届,1,否,吉比特网络,前端开发工程师（实习）,2025-12,是,2,校园社团官网（实训项目）,Axios、Ant Design、移动端适配、Webpack、Vue、HTML5、JavaScript,7,红帽RHCE认证、计算机二级,2,89,77,168,123
郝璐,女,15195803688,haolu107@qq.com,13362615455,台州,"期望岗位：Java开发工程师
期望城市：台州
期望行业：互联网/信息技术/软件服务
期望薪资：15000-19500元",4年Java开发工程师从业经验，精通微服务技术架构，主导过中型项目从0到1落地，擅长技术方案设计与性能优化，曾推动核心模块技术重构，带来显著效率提升，具备跨部门协作与项目推进能力。,"华南理工大学 | 数据科学与大数据技术 | 本科
毕业时间：2018年6月
核心课程：算法设计与分析、计算机网络、Python编程、机器学习","【天擎信息技术有限公司】 Java开发工程师
2024年9月 - 至今
    · 承担分配模块的编码、测试与优化工作，保障系统稳定运行
    · 编写开发文档，沉淀技术规范，协助新人熟悉业务

【东软互联网科技有限公司】 Java开发工程师
2022年2月 - 2024年11月
    · 对接产品、测试团队，跟进需求落地与缺陷修复
    · 负责公司Java开发工程师相关业务的开发与维护，参与需求评审
    · 承担分配模块的编码、测试与优化工作，保障系统稳定运行","■ 微服务用户中心重构
  项目目标：将单体用户系统拆分为微服务架构，提升并发承载能力
  个人职责：负责登录、注册、权限模块开发，优化数据库查询与缓存策略
  项目成果：支持并发量从500提升至5000，接口响应耗时减少60%

■ 电商订单交易系统
  项目目标：搭建高可用电商订单系统，支撑大促流量峰值
  个人职责：负责订单创建、支付回调、库存扣减核心逻辑开发
  项目成果：支撑日均订单量10万+，系统可用性达99.95%","专业技能：微服务、Git、Linux、MySQL、SpringBoot、SpringCloud、RabbitMQ
相关证书：华为HCIA认证",拥有4年行业经验，技术视野开阔，具备方案设计与项目把控能力；逻辑清晰，善于定位并解决复杂技术问题；具备良好的团队管理与跨部门沟通能力，能够推动技术优化与业务落地；责任心强，追求技术与业务的平衡发展。,Java开发工程师,台州,互联网/信息技术/软件服务,15000-19500元,否,15000,19500,华南理工大学,数据科学与大数据技术,本科,本科,2018-06,2018,算法设计与分析、计算机网络、Python编程、机器学习,4,否,4,4年,2,否,天擎信息技术有限公司,Java开发工程师,2024-09,是,2,微服务用户中心重构,微服务、Git、Linux、MySQL、SpringBoot、SpringCloud、RabbitMQ,7,华为HCIA认证,1,90,99,216,239
黎娜,女,18440485618,lina5046@outlook.com,wx_lina_900,南通,"期望岗位：运维工程师
期望城市：南通
期望行业：互联网/信息技术/软件服务
期望薪资：7000-8000元",3年运维工程师工作经验，精通Linux、Redis技术栈，参与过完整项目迭代，能够独立完成模块开发与问题排查，注重代码质量与开发效率，具备良好的沟通协作能力。,"深圳职业技术学院 | 数字媒体技术 | 专科
毕业时间：2019年6月
核心课程：软件工程、Python编程、数据结构、Java程序设计","【易联科技有限公司】 运维工程师
2025年4月 - 至今
    · 负责公司运维工程师相关业务的开发与维护，参与需求评审
    · 对接产品、测试团队，跟进需求落地与缺陷修复
    · 承担分配模块的编码、测试与优化工作，保障系统稳定运行

【锐捷数据技术有限公司】 运维工程师
2024年4月 - 2025年1月
    · 对接产品、测试团队，跟进需求落地与缺陷修复
    · 负责公司运维工程师相关业务的开发与维护，参与需求评审
    · 编写开发文档，沉淀技术规范，协助新人熟悉业务","■ 服务器集群运维优化
  项目目标：提升服务器集群稳定性，降低故障发生率
  个人职责：负责日常巡检、故障排查，优化监控告警规则与分级策略
  项目成果：服务器故障率下降60%，平均故障响应时间缩短至15分钟

■ CI/CD自动化流水线
  项目目标：实现代码自动化构建、测试、部署，提升发布效率
  个人职责：基于Jenkins搭建持续集成流水线，配置Docker容器化部署
  项目成果：发布周期从每周1次提升至每天3次，部署失误率降为0","专业技能：Shell、Docker、Linux、网络运维、Nginx、MySQL、Zabbix、Jenkins
相关证书：无",拥有3年实际工作经验，技术功底扎实，熟悉完整开发流程；具备较强的问题解决能力，能够独立排查并解决常见技术问题；工作认真负责，注重团队协作，能够高效推进项目落地；持续学习，保持技术敏感度。,运维工程师,南通,互联网/信息技术/软件服务,7000-8000元,否,7000,8000,深圳职业技术学院,数字媒体技术,专科,大专,2019-06,2019,软件工程、Python编程、数据结构、Java程序设计,4,否,3,3年,2,否,易联科技有限公司,运维工程师,2025-04,是,2,服务器集群运维优化,Shell、Docker、Linux、网络运维、Nginx、MySQL、Zabbix、Jenkins,8,无,0,79,93,223,251
汪鑫,男,15912210498,wangxin9014@126.com,13433528129,黄山,"期望岗位：Python开发工程师
期望城市：黄山
期望行业：互联网/信息技术/软件服务
期望薪资：11000-12000元",3年Python开发工程师工作经验，精通Linux、Django技术栈，参与过完整项目迭代，能够独立完成模块开发与问题排查，注重代码质量与开发效率，具备良好的沟通协作能力。,"厦门大学 | 物联网工程 | 本科
毕业时间：2019年6月
核心课程：Python编程、机器学习、数据库原理、计算机网络","【科创软件有限公司】 Python开发工程师
2025年2月 - 至今
    · 编写开发文档，沉淀技术规范，协助新人熟悉业务
    · 负责公司Python开发工程师相关业务的开发与维护，参与需求评审

【中软网络科技有限公司】 Python开发工程师
2024年12月 - 2025年10月
    · 对接产品、测试团队，跟进需求落地与缺陷修复
    · 编写开发文档，沉淀技术规范，协助新人熟悉业务
    · 负责公司Python开发工程师相关业务的开发与维护，参与需求评审","■ 数据采集爬虫系统
  项目目标：搭建分布式爬虫平台，采集多渠道公开数据
  个人职责：负责反爬策略破解、数据清洗、入库逻辑开发
  项目成果：日均采集数据50万条，数据准确率98%以上

■ 自动化运维平台
  项目目标：开发运维管理平台，实现服务器批量管理
  个人职责：负责监控、告警、任务调度模块后端开发
  项目成果：管理服务器200+，运维人力成本降低50%","专业技能：Redis、MySQL、Celery、Docker、Django、爬虫、FastAPI、Python
相关证书：阿里云ACP云计算认证",拥有3年实际工作经验，技术功底扎实，熟悉完整开发流程；具备较强的问题解决能力，能够独立排查并解决常见技术问题；工作认真负责，注重团队协作，能够高效推进项目落地；持续学习，保持技术敏感度。,Python开发工程师,黄山,互联网/信息技术/软件服务,11000-12000元,否,11000,12000,厦门大学,物联网工程,本科,本科,2019-06,2019,Python编程、机器学习、数据库原理、计算机网络,4,否,3,3年,2,否,科创软件有限公司,Python开发工程师,2025-02,是,2,数据采集爬虫系统,Redis、MySQL、Celery、Docker、Django、爬虫、FastAPI、Python,8,阿里云ACP云计算认证,1,86,93,186,245
邵健,男,15981791222,shaojian2072@163.com,15615401495,阜阳,"期望岗位：运维工程师
期望城市：阜阳
期望行业：互联网/信息技术/软件服务
期望薪资：17000-17500元",10年运维工程师资深经验，精通全链路技术架构，具备团队技术规划与方案设计能力，主导过多个大型项目重构与升级，在高并发/系统稳定性领域有深厚积累，能够带领团队攻克技术难题，驱动业务技术升级。,"福州大学 | 网络工程 | 本科
毕业时间：2012年6月
核心课程：操作系统、Python编程、数字信号处理、计算机网络","【天擎信息技术有限公司】 运维工程师
2023年3月 - 至今
    · 承担分配模块的编码、测试与优化工作，保障系统稳定运行
    · 对接产品、测试团队，跟进需求落地与缺陷修复

【锐捷科技有限公司】 运维工程师
2020年7月 - 2023年2月
    · 编写开发文档，沉淀技术规范，协助新人熟悉业务
    · 负责公司运维工程师相关业务的开发与维护，参与需求评审

【天擎软件有限公司】 运维工程师
2017年4月 - 2020年11月
    · 负责公司运维工程师相关业务的开发与维护，参与需求评审
    · 编写开发文档，沉淀技术规范，协助新人熟悉业务
    · 对接产品、测试团队，跟进需求落地与缺陷修复","■ 服务器集群运维优化
  项目目标：提升服务器集群稳定性，降低故障发生率
  个人职责：负责日常巡检、故障排查，优化监控告警规则与分级策略
  项目成果：服务器故障率下降60%，平均故障响应时间缩短至15分钟

■ CI/CD自动化流水线
  项目目标：实现代码自动化构建、测试、部署，提升发布效率
  个人职责：基于Jenkins搭建持续集成流水线，配置Docker容器化部署
  项目成果：发布周期从每周1次提升至每天3次，部署失误率降为0","专业技能：网络运维、Linux、Ansible、Redis、MySQL、Kubernetes、Docker
相关证书：英语四级",拥有10年行业经验，技术视野开阔，具备方案设计与项目把控能力；逻辑清晰，善于定位并解决复杂技术问题；具备良好的团队管理与跨部门沟通能力，能够推动技术优化与业务落地；责任心强，追求技术与业务的平衡发展。,运维工程师,阜阳,互联网/信息技术/软件服务,17000-17500元,否,17000,17500,福州大学,网络工程,本科,本科,2012-06,2012,操作系统、Python编程、数字信号处理、计算机网络,4,否,10,10年,3,否,天擎信息技术有限公司,运维工程师,2023-03,是,2,服务器集群运维优化,网络运维、Linux、Ansible、Redis、MySQL、Kubernetes、Docker,7,英语四级,1,94,100,223,317
万鹏,男,13856479739,wanpeng8699@gmail.com,18092964494,龙岩,"期望岗位：Python开发工程师
期望城市：龙岩
期望行业：互联网/信息技术/软件服务
期望薪资：10000-12000元",2年Python开发工程师工作经验，精通Linux、Django技术栈，参与过完整项目迭代，能够独立完成模块开发与问题排查，注重代码质量与开发效率，具备良好的沟通协作能力。,"苏州职业大学 | 网络工程 | 专科
毕业时间：2020年6月
核心课程：操作系统、软件工程、Java程序设计、数据结构","【安硕科技有限公司】 Python开发工程师
2025年12月 - 至今
    · 编写开发文档，沉淀技术规范，协助新人熟悉业务
    · 对接产品、测试团队，跟进需求落地与缺陷修复

【星图网络科技有限公司】 Python开发工程师
2024年8月 - 2025年10月
    · 负责公司Python开发工程师相关业务的开发与维护，参与需求评审
    · 承担分配模块的编码、测试与优化工作，保障系统稳定运行
    · 编写开发文档，沉淀技术规范，协助新人熟悉业务","■ 自动化运维平台
  项目目标：开发运维管理平台，实现服务器批量管理
  个人职责：负责监控、告警、任务调度模块后端开发
  项目成果：管理服务器200+，运维人力成本降低50%

■ 数据采集爬虫系统
  项目目标：搭建分布式爬虫平台，采集多渠道公开数据
  个人职责：负责反爬策略破解、数据清洗、入库逻辑开发
  项目成果：日均采集数据50万条，数据准确率98%以上","专业技能：Django、FastAPI、Celery、Redis、Git、MySQL、Docker、Python、爬虫
相关证书：无",拥有2年实际工作经验，技术功底扎实，熟悉完整开发流程；具备较强的问题解决能力，能够独立排查并解决常见技术问题；工作认真负责，注重团队协作，能够高效推进项目落地；持续学习，保持技术敏感度。,Python开发工程师,龙岩,互联网/信息技术/软件服务,10000-12000元,否,10000,12000,苏州职业大学,网络工程,专科,大专,2020-06,2020,操作系统、软件工程、Java程序设计、数据结构,4,否,2,2年,2,否,安硕科技有限公司,Python开发工程师,2025-12,是,2,自动化运维平台,Django、FastAPI、Celery、Redis、Git、MySQL、Docker、Python、爬虫,9,无,0,86,93,186,239
梁梓涵,女,18837070652,liang梓han32@qq.com,wx_liang梓han_251,南平,"期望岗位：后端开发工程师
期望城市：南平
期望行业：互联网/信息技术/软件服务
期望薪资：12500-19500元",5年后端开发工程师从业经验，精通Redis技术架构，主导过中型项目从0到1落地，擅长技术方案设计与性能优化，曾推动核心模块技术重构，带来显著效率提升，具备跨部门协作与项目推进能力。,"广东技术师范大学 | 数字媒体技术 | 本科
毕业时间：2017年6月
核心课程：算法设计与分析、Python编程、Java程序设计、数据结构","【未来信息技术有限公司】 后端开发工程师
2025年9月 - 至今
    · 负责公司后端开发工程师相关业务的开发与维护，参与需求评审
    · 编写开发文档，沉淀技术规范，协助新人熟悉业务

【易联软件有限公司】 后端开发工程师
2024年3月 - 2025年6月
    · 对接产品、测试团队，跟进需求落地与缺陷修复
    · 编写开发文档，沉淀技术规范，协助新人熟悉业务

【科创科技有限公司】 后端开发工程师
2023年12月 - 2024年5月
    · 编写开发文档，沉淀技术规范，协助新人熟悉业务
    · 负责公司后端开发工程师相关业务的开发与维护，参与需求评审","■ 内容管理系统后端
  项目目标：搭建CMS系统后端服务，支持多站点内容发布
  个人职责：负责文章、栏目、权限模块接口开发，设计数据库表结构
  项目成果：支撑8个站点同时运营，内容发布效率提升3倍

■ 即时通讯服务开发
  项目目标：实现企业内部IM系统后端消息推送与存储
  个人职责：负责消息队列、离线消息、会话管理模块开发
  项目成果：支持万人同时在线，消息送达延迟低于100ms","专业技能：Redis、PostgreSQL、MySQL、Kafka、Java、微服务、K8s、Gin、SpringBoot、Python
相关证书：MySQL数据库认证、华为HCIA认证",拥有5年行业经验，技术视野开阔，具备方案设计与项目把控能力；逻辑清晰，善于定位并解决复杂技术问题；具备良好的团队管理与跨部门沟通能力，能够推动技术优化与业务落地；责任心强，追求技术与业务的平衡发展。,后端开发工程师,南平,互联网/信息技术/软件服务,12500-19500元,否,12500,19500,广东技术师范大学,数字媒体技术,本科,本科,2017-06,2017,算法设计与分析、Python编程、Java程序设计、数据结构,4,否,5,5年,3,否,未来信息技术有限公司,后端开发工程师,2025-09,是,2,内容管理系统后端,Redis、PostgreSQL、MySQL、Kafka、Java、微服务、K8s、Gin、SpringBoot、Python,10,MySQL数据库认证、华为HCIA认证,2,90,99,198,295
傅思远,男,18675434803,fusiyuan688@126.com,wx_fusiyuan_293,阜阳,"期望岗位：数据分析师
期望城市：阜阳
期望行业：互联网/信息技术/软件服务
期望薪资：7000-8500元",3年数据分析师工作经验，精通Hive、数据可视化技术栈，参与过完整项目迭代，能够独立完成模块开发与问题排查，注重代码质量与开发效率，具备良好的沟通协作能力。,"苏州大学 | 软件技术 | 本科
毕业时间：2019年6月
核心课程：Java程序设计、计算机网络、数字信号处理、机器学习","【信雅互联网科技有限公司】 数据分析师
2025年2月 - 至今
    · 承担分配模块的编码、测试与优化工作，保障系统稳定运行
    · 编写开发文档，沉淀技术规范，协助新人熟悉业务
    · 对接产品、测试团队，跟进需求落地与缺陷修复

【星图互联网科技有限公司】 数据分析师
2024年11月 - 2025年7月
    · 编写开发文档，沉淀技术规范，协助新人熟悉业务
    · 对接产品、测试团队，跟进需求落地与缺陷修复
    · 负责公司数据分析师相关业务的开发与维护，参与需求评审","■ 销售数据预测建模
  项目目标：基于历史数据预测销量，指导库存与备货
  个人职责：数据预处理，构建时间序列预测模型，输出月度预测报告
  项目成果：预测准确率达89%，库存周转效率提升25%

■ 用户行为分析看板
  项目目标：构建用户行为数据体系，支撑运营决策
  个人职责：负责数据清洗、指标体系搭建，输出可视化运营报表
  项目成果：输出15+核心运营指标，支撑每月3次运营优化，用户留存率提升8%","专业技能：Excel、Python、SQL、Power BI、Pandas、用户分析、统计学、NumPy、Hive、数据可视化
相关证书：无",拥有3年实际工作经验，技术功底扎实，熟悉完整开发流程；具备较强的问题解决能力，能够独立排查并解决常见技术问题；工作认真负责，注重团队协作，能够高效推进项目落地；持续学习，保持技术敏感度。,数据分析师,阜阳,互联网/信息技术/软件服务,7000-8500元,否,7000,8500,苏州大学,软件技术,本科,本科,2019-06,2019,Java程序设计、计算机网络、数字信号处理、机器学习,4,否,3,3年,2,否,信雅互联网科技有限公司,数据分析师,2025-02,是,2,销售数据预测建模,Excel、Python、SQL、Power BI、Pandas、用户分析、统计学、NumPy、Hive、数据可视化,10,无,0,78,93,206,252
卢然,男,15788241478,luran10@outlook.com,wx_luran_739,苏州,"期望岗位：算法工程师
期望城市：苏州
期望行业：互联网/信息技术/软件服务
期望薪资：33000-34000元",5年算法工程师资深经验，精通全链路技术架构，具备团队技术规划与方案设计能力，主导过多个大型项目重构与升级，在高并发/系统稳定性领域有深厚积累，能够带领团队攻克技术难题，驱动业务技术升级。,"中山大学 | 计算机应用技术 | 本科
毕业时间：2017年6月
核心课程：Python编程、软件工程、机器学习、数字信号处理","【吉比特网络】 算法工程师
2025年5月 - 至今
    · 编写开发文档，沉淀技术规范，协助新人熟悉业务
    · 承担分配模块的编码、测试与优化工作，保障系统稳定运行

【博思网络科技有限公司】 算法工程师
2024年11月 - 2025年10月
    · 承担分配模块的编码、测试与优化工作，保障系统稳定运行
    · 负责公司算法工程师相关业务的开发与维护，参与需求评审
    · 对接产品、测试团队，跟进需求落地与缺陷修复

【东软数据技术有限公司】 算法工程师
2023年12月 - 2024年7月
    · 编写开发文档，沉淀技术规范，协助新人熟悉业务
    · 负责公司算法工程师相关业务的开发与维护，参与需求评审
    · 承担分配模块的编码、测试与优化工作，保障系统稳定运行","■ 风控欺诈识别模型
  项目目标：识别交易欺诈行为，降低资金损失风险
  个人职责：特征工程，构建XGBoost风控模型，在线部署与迭代
  项目成果：欺诈识别准确率达92%，每年减少损失超200万

■ 个性化推荐系统
  项目目标：提升内容推荐精准度，增加用户停留时长
  个人职责：负责协同过滤、深度学习推荐模型开发与离线优化
  项目成果：用户平均停留时长提升25%，点击率提升15%","专业技能：数据结构、TensorFlow、计算机视觉、PyTorch、推荐算法、Python、深度学习
相关证书：华为HCIA认证",拥有5年行业经验，技术视野开阔，具备方案设计与项目把控能力；逻辑清晰，善于定位并解决复杂技术问题；具备良好的团队管理与跨部门沟通能力，能够推动技术优化与业务落地；责任心强，追求技术与业务的平衡发展。,算法工程师,苏州,互联网/信息技术/软件服务,33000-34000元,否,33000,34000,中山大学,计算机应用技术,本科,本科,2017-06,2017,Python编程、软件工程、机器学习、数字信号处理,4,否,5,5年,3,否,吉比特网络,算法工程师,2025-05,是,2,风控欺诈识别模型,数据结构、TensorFlow、计算机视觉、PyTorch、推荐算法、Python、深度学习,7,华为HCIA认证,1,93,99,197,356
沈思琪,女,13159544716,shensiqi44@126.com,wx_shensiqi_314,芜湖,"期望岗位：前端开发工程师
期望城市：芜湖
期望行业：互联网/信息技术/软件服务
期望薪资：5500-6000元",本科计算机应用技术专业应届毕业生，掌握Vue、移动端适配基础技能，完成过课程设计与毕业项目，具备基础代码编写能力与问题排查思路，学习能力强，做事认真踏实，期望从事前端开发工程师相关工作。,"闽南师范大学 | 计算机应用技术 | 本科
毕业时间：2022年6月
核心课程：算法设计与分析、Python编程、计算机网络、数字信号处理","【校园实践】
    · 参与学校计算机协会技术部，负责协会网站日常维护
    · 协助老师完成实验室设备管理与系统环境搭建
    · 参与班级课程设计小组，担任后端开发角色","■ 个人博客系统（课程作业）
  项目目标：开发个人博客前端页面，实现文章展示与评论
  个人职责：负责页面布局、交互效果、接口联调
  项目成果：完成响应式页面，兼容多浏览器","专业技能：移动端适配、JavaScript、CSS3、HTML5
相关证书：无",应届毕业，具备扎实的专业基础知识与学习能力，能够快速掌握新技术；工作态度认真负责，有耐心，注重细节；具备良好的团队意识与沟通能力，能够积极配合团队完成任务；期望在工作中积累经验，快速成长。,前端开发工程师,芜湖,互联网/信息技术/软件服务,5500-6000元,否,5500,6000,闽南师范大学,计算机应用技术,本科,本科,2022-06,2022,算法设计与分析、Python编程、计算机网络、数字信号处理,4,是,0,应届,1,是,校园实践,· 参与学校计算机协会技术部，负责协会网站日常维护,,否,1,个人博客系统（课程作业）,移动端适配、JavaScript、CSS3、HTML5,4,无,0,93,94,88,89
杨勇,男,18867000670,yangyong72@163.com,wx_yangyong_987,安庆,"期望岗位：运维工程师
期望城市：安庆
期望行业：互联网/信息技术/软件服务
期望薪资：3000-6000元",专科软件技术专业应届毕业生，掌握Zabbix、网络运维基础技能，完成过课程设计与毕业项目，具备基础代码编写能力与问题排查思路，学习能力强，做事认真踏实，期望从事运维工程师相关工作。,"福州职业技术学院 | 软件技术 | 专科
毕业时间：2022年6月
核心课程：计算机网络、算法设计与分析、数据库原理、软件工程","【校园实践】
    · 参与学校计算机协会技术部，负责协会网站日常维护
    · 协助老师完成实验室设备管理与系统环境搭建
    · 参与班级课程设计小组，担任后端开发角色","■ 简单监控脚本开发
  项目目标：编写服务器状态监控脚本
  个人职责：实现CPU、内存、磁盘使用率自动采集
  项目成果：支持异常邮件告警","专业技能：网络运维、Docker、Shell、Prometheus、Jenkins
相关证书：英语四级、计算机二级",应届毕业，具备扎实的专业基础知识与学习能力，能够快速掌握新技术；工作态度认真负责，有耐心，注重细节；具备良好的团队意识与沟通能力，能够积极配合团队完成任务；期望在工作中积累经验，快速成长。,运维工程师,安庆,互联网/信息技术/软件服务,3000-6000元,否,3000,6000,福州职业技术学院,软件技术,专科,大专,2022-06,2022,计算机网络、算法设计与分析、数据库原理、软件工程,4,是,0,应届,1,是,校园实践,· 参与学校计算机协会技术部，负责协会网站日常维护,,否,1,简单监控脚本开发,网络运维、Docker、Shell、Prometheus、Jenkins,5,英语四级、计算机二级,2,90,94,71,89
孟红,女,15610919196,menghong8355@163.com,wx_menghong_196,安庆,"期望岗位：Java开发工程师
期望城市：安庆
期望行业：互联网/信息技术/软件服务
期望薪资：10000-10500元",3年Java开发工程师工作经验，精通JVM调优、JVM调优技术栈，参与过完整项目迭代，能够独立完成模块开发与问题排查，注重代码质量与开发效率，具备良好的沟通协作能力。,"南京工业职业技术大学 | 软件技术 | 专科
毕业时间：2019年6月
核心课程：算法设计与分析、机器学习、计算机网络、数据库原理","【vivo（东莞）】 Java开发工程师
2025年12月 - 至今
    · 编写开发文档，沉淀技术规范，协助新人熟悉业务
    · 负责公司Java开发工程师相关业务的开发与维护，参与需求评审
    · 承担分配模块的编码、测试与优化工作，保障系统稳定运行

【星图数据技术有限公司】 Java开发工程师
2024年8月 - 2025年4月
    · 负责公司Java开发工程师相关业务的开发与维护，参与需求评审
    · 编写开发文档，沉淀技术规范，协助新人熟悉业务
    · 对接产品、测试团队，跟进需求落地与缺陷修复","■ 电商订单交易系统
  项目目标：搭建高可用电商订单系统，支撑大促流量峰值
  个人职责：负责订单创建、支付回调、库存扣减核心逻辑开发
  项目成果：支撑日均订单量10万+，系统可用性达99.95%

■ 微服务用户中心重构
  项目目标：将单体用户系统拆分为微服务架构，提升并发承载能力
  个人职责：负责登录、注册、权限模块开发，优化数据库查询与缓存策略
  项目成果：支持并发量从500提升至5000，接口响应耗时减少60%","专业技能：SpringBoot、Linux、RabbitMQ、Docker、Git、MyBatis、Redis、Java
相关证书：英语六级、阿里云ACP云计算认证",拥有3年实际工作经验，技术功底扎实，熟悉完整开发流程；具备较强的问题解决能力，能够独立排查并解决常见技术问题；工作认真负责，注重团队协作，能够高效推进项目落地；持续学习，保持技术敏感度。,Java开发工程师,安庆,互联网/信息技术/软件服务,10000-10500元,否,10000,10500,南京工业职业技术大学,软件技术,专科,大专,2019-06,2019,算法设计与分析、机器学习、计算机网络、数据库原理,4,否,3,3年,2,否,vivo（东莞）,Java开发工程师,2025-12,是,2,电商订单交易系统,SpringBoot、Linux、RabbitMQ、Docker、Git、MyBatis、Redis、Java,8,英语六级、阿里云ACP云计算认证,2,83,93,216,269
蔡丹,女,15580624629,caidan830@163.com,18670050332,常州,"期望岗位：软件测试工程师
期望城市：常州
期望行业：互联网/信息技术/软件服务
期望薪资：7500-11500元",1年软件测试工程师工作经验，精通TestNG、功能测试技术栈，参与过完整项目迭代，能够独立完成模块开发与问题排查，注重代码质量与开发效率，具备良好的沟通协作能力。,"福州大学 | 计算机应用技术 | 本科
毕业时间：2021年6月
核心课程：数字信号处理、机器学习、操作系统、数据结构","【东软软件有限公司】 软件测试工程师
2025年7月 - 至今
    · 对接产品、测试团队，跟进需求落地与缺陷修复
    · 承担分配模块的编码、测试与优化工作，保障系统稳定运行","■ 电商平台功能测试
  项目目标：保障电商系统上线质量，覆盖全业务流程
  个人职责：设计测试用例，执行功能、回归测试，提交缺陷报告
  项目成果：发现并修复120+缺陷，上线后线上缺陷率低于0.5%

■ 自动化测试框架搭建
  项目目标：提升回归测试效率，减少人工重复劳动
  个人职责：基于Selenium搭建UI自动化框架，编写核心模块测试脚本
  项目成果：回归测试周期从7天缩短至2天，覆盖率达85%","专业技能：MySQL、TestNG、Appium、Selenium、缺陷管理、性能测试、Python
相关证书：系统架构设计师",拥有1年实际工作经验，技术功底扎实，熟悉完整开发流程；具备较强的问题解决能力，能够独立排查并解决常见技术问题；工作认真负责，注重团队协作，能够高效推进项目落地；持续学习，保持技术敏感度。,软件测试工程师,常州,互联网/信息技术/软件服务,7500-11500元,否,7500,11500,福州大学,计算机应用技术,本科,本科,2021-06,2021,数字信号处理、机器学习、操作系统、数据结构,4,否,1,1年,1,否,东软软件有限公司,软件测试工程师,2025-07,是,2,电商平台功能测试,MySQL、TestNG、Appium、Selenium、缺陷管理、性能测试、Python,7,系统架构设计师,1,81,93,207,92
尹慧,女,18443452218,yinhui15@126.com,wx_yinhui_994,扬州,"期望岗位：Python开发工程师
期望城市：扬州
期望行业：互联网/信息技术/软件服务
期望薪资：11500-12000元",1年Python开发工程师工作经验，精通Docker、爬虫技术栈，参与过完整项目迭代，能够独立完成模块开发与问题排查，注重代码质量与开发效率，具备良好的沟通协作能力。,"东南大学 | 物联网工程 | 本科
毕业时间：2021年6月
核心课程：软件工程、机器学习、Python编程、数字信号处理","【恒信科技有限公司】 Python开发工程师
2025年1月 - 至今
    · 承担分配模块的编码、测试与优化工作，保障系统稳定运行
    · 负责公司Python开发工程师相关业务的开发与维护，参与需求评审","■ 数据采集爬虫系统
  项目目标：搭建分布式爬虫平台，采集多渠道公开数据
  个人职责：负责反爬策略破解、数据清洗、入库逻辑开发
  项目成果：日均采集数据50万条，数据准确率98%以上

■ 自动化运维平台
  项目目标：开发运维管理平台，实现服务器批量管理
  个人职责：负责监控、告警、任务调度模块后端开发
  项目成果：管理服务器200+，运维人力成本降低50%","专业技能：Flask、Python、Django、Docker、MySQL、Celery
相关证书：无",拥有1年实际工作经验，技术功底扎实，熟悉完整开发流程；具备较强的问题解决能力，能够独立排查并解决常见技术问题；工作认真负责，注重团队协作，能够高效推进项目落地；持续学习，保持技术敏感度。,Python开发工程师,扬州,互联网/信息技术/软件服务,11500-12000元,否,11500,12000,东南大学,物联网工程,本科,本科,2021-06,2021,软件工程、机器学习、Python编程、数字信号处理,4,否,1,1年,1,否,恒信科技有限公司,Python开发工程师,2025-01,是,2,数据采集爬虫系统,Flask、Python、Django、Docker、MySQL、Celery,6,无,0,83,93,186,107
赵慧,女,18274679254,zhaohui3929@outlook.com,18447773907,镇江,"期望岗位：后端开发工程师
期望城市：镇江
期望行业：互联网/信息技术/软件服务
期望薪资：10500-16500元",3年后端开发工程师从业经验，精通K8s技术架构，主导过中型项目从0到1落地，擅长技术方案设计与性能优化，曾推动核心模块技术重构，带来显著效率提升，具备跨部门协作与项目推进能力。,"华南理工大学 | 数字媒体技术 | 本科
毕业时间：2019年6月
核心课程：Python编程、计算机网络、机器学习、数据结构","【安硕数据技术有限公司】 后端开发工程师
2025年8月 - 至今
    · 承担分配模块的编码、测试与优化工作，保障系统稳定运行
    · 编写开发文档，沉淀技术规范，协助新人熟悉业务
    · 负责公司后端开发工程师相关业务的开发与维护，参与需求评审

【锐捷科技有限公司】 后端开发工程师
2024年11月 - 2025年9月
    · 编写开发文档，沉淀技术规范，协助新人熟悉业务
    · 承担分配模块的编码、测试与优化工作，保障系统稳定运行","■ 即时通讯服务开发
  项目目标：实现企业内部IM系统后端消息推送与存储
  个人职责：负责消息队列、离线消息、会话管理模块开发
  项目成果：支持万人同时在线，消息送达延迟低于100ms

■ 内容管理系统后端
  项目目标：搭建CMS系统后端服务，支持多站点内容发布
  个人职责：负责文章、栏目、权限模块接口开发，设计数据库表结构
  项目成果：支撑8个站点同时运营，内容发布效率提升3倍","专业技能：Docker、Redis、PostgreSQL、Java、K8s、微服务
相关证书：红帽RHCE认证",拥有3年行业经验，技术视野开阔，具备方案设计与项目把控能力；逻辑清晰，善于定位并解决复杂技术问题；具备良好的团队管理与跨部门沟通能力，能够推动技术优化与业务落地；责任心强，追求技术与业务的平衡发展。,后端开发工程师,镇江,互联网/信息技术/软件服务,10500-16500元,否,10500,16500,华南理工大学,数字媒体技术,本科,本科,2019-06,2019,Python编程、计算机网络、机器学习、数据结构,4,否,3,3年,2,否,安硕数据技术有限公司,后端开发工程师,2025-08,是,2,即时通讯服务开发,Docker、Redis、PostgreSQL、Java、K8s、微服务,6,红帽RHCE认证,1,88,99,198,231
钱丽,女,13057584261,qianli50@qq.com,wx_qianli_645,台州,"期望岗位：前端开发工程师
期望城市：台州
期望行业：互联网/信息技术/软件服务
期望薪资：25500-29000元",6年前端开发工程师资深经验，精通全链路技术架构，具备团队技术规划与方案设计能力，主导过多个大型项目重构与升级，在高并发/系统稳定性领域有深厚积累，能够带领团队攻克技术难题，驱动业务技术升级。,"福建师范大学 | 信息管理与信息系统 | 本科
毕业时间：2016年6月
核心课程：数据结构、数字信号处理、算法设计与分析、数据库原理","【用友网络科技有限公司】 前端开发工程师
2024年8月 - 至今
    · 负责公司前端开发工程师相关业务的开发与维护，参与需求评审
    · 承担分配模块的编码、测试与优化工作，保障系统稳定运行
    · 对接产品、测试团队，跟进需求落地与缺陷修复

【安硕信息技术有限公司】 前端开发工程师
2022年8月 - 2024年8月
    · 编写开发文档，沉淀技术规范，协助新人熟悉业务
    · 承担分配模块的编码、测试与优化工作，保障系统稳定运行

【天擎信息技术有限公司】 前端开发工程师
2020年1月 - 2022年3月
    · 对接产品、测试团队，跟进需求落地与缺陷修复
    · 负责公司前端开发工程师相关业务的开发与维护，参与需求评审","■ 电商平台前端重构
  项目目标：升级旧版电商系统前端架构，提升用户体验与加载速度
  个人职责：负责商品详情页、购物车模块开发，组件化封装公共组件
  项目成果：首屏加载时间从3.2s降至1.8s，页面转化率提升12%

■ 企业后台管理系统
  项目目标：搭建企业运营管理后台，实现业务数据可视化
  个人职责：负责权限管理、数据报表模块开发，对接后端接口联调
  项目成果：覆盖12个业务部门，运营效率提升40%","专业技能：Ant Design、HTML5、CSS3、移动端适配、Webpack、TypeScript、Vue、React、Vite
相关证书：华为HCIA认证、英语四级",拥有6年行业经验，技术视野开阔，具备方案设计与项目把控能力；逻辑清晰，善于定位并解决复杂技术问题；具备良好的团队管理与跨部门沟通能力，能够推动技术优化与业务落地；责任心强，追求技术与业务的平衡发展。,前端开发工程师,台州,互联网/信息技术/软件服务,25500-29000元,否,25500,29000,福建师范大学,信息管理与信息系统,本科,本科,2016-06,2016,数据结构、数字信号处理、算法设计与分析、数据库原理,4,否,6,6年,3,否,用友网络科技有限公司,前端开发工程师,2024-08,是,2,电商平台前端重构,Ant Design、HTML5、CSS3、移动端适配、Webpack、TypeScript、Vue、React、Vite,9,华为HCIA认证、英语四级,2,95,99,210,334
沈俊熙,男,15979612284,shenjunxi73@outlook.com,15729430955,绍兴,"期望岗位：后端开发工程师
期望城市：绍兴
期望行业：互联网/信息技术/软件服务
期望薪资：3000-5000元",专科计算机应用技术专业应届毕业生，掌握SpringBoot、MySQL基础技能，完成过课程设计与毕业项目，具备基础代码编写能力与问题排查思路，学习能力强，做事认真踏实，期望从事后端开发工程师相关工作。,"苏州职业大学 | 计算机应用技术 | 专科
毕业时间：2022年6月
核心课程：计算机网络、数据库原理、数据结构、操作系统","【校园实践】
    · 参与学校计算机协会技术部，负责协会网站日常维护
    · 协助老师完成实验室设备管理与系统环境搭建
    · 参与班级课程设计小组，担任后端开发角色","■ 图书管理系统后端
  项目目标：实现图书借阅、归还、用户管理功能
  个人职责：负责接口开发与数据库表结构设计
  项目成果：完成核心功能，支持1000条数据量","专业技能：Java、PostgreSQL、Go、K8s、SpringBoot、微服务
相关证书：软考中级、英语四级",应届毕业，具备扎实的专业基础知识与学习能力，能够快速掌握新技术；工作态度认真负责，有耐心，注重细节；具备良好的团队意识与沟通能力，能够积极配合团队完成任务；期望在工作中积累经验，快速成长。,后端开发工程师,绍兴,互联网/信息技术/软件服务,3000-5000元,否,3000,5000,苏州职业大学,计算机应用技术,专科,大专,2022-06,2022,计算机网络、数据库原理、数据结构、操作系统,4,是,0,应届,1,是,校园实践,· 参与学校计算机协会技术部，负责协会网站日常维护,,否,1,图书管理系统后端,Java、PostgreSQL、Go、K8s、SpringBoot、微服务,6,软考中级、英语四级,2,100,94,82,89
沈梓轩,男,18170586599,shen梓xuan3396@126.com,18236390509,宁波,"期望岗位：后端开发工程师
期望城市：宁波
期望行业：互联网/信息技术/软件服务
期望薪资：4500-5000元",专科软件技术专业应届毕业生，掌握Java、Java基础技能，完成过课程设计与毕业项目，具备基础代码编写能力与问题排查思路，学习能力强，做事认真踏实，期望从事后端开发工程师相关工作。,"南京工业职业技术大学 | 软件技术 | 专科
毕业时间：2022年6月
核心课程：机器学习、数据库原理、软件工程、Java程序设计","【校园实践】
    · 参与学校计算机协会技术部，负责协会网站日常维护
    · 协助老师完成实验室设备管理与系统环境搭建
    · 参与班级课程设计小组，担任后端开发角色","■ 图书管理系统后端
  项目目标：实现图书借阅、归还、用户管理功能
  个人职责：负责接口开发与数据库表结构设计
  项目成果：完成核心功能，支持1000条数据量","专业技能：PostgreSQL、Kafka、Python、K8s、SpringBoot、Java、微服务
相关证书：计算机一级",应届毕业，具备扎实的专业基础知识与学习能力，能够快速掌握新技术；工作态度认真负责，有耐心，注重细节；具备良好的团队意识与沟通能力，能够积极配合团队完成任务；期望在工作中积累经验，快速成长。,后端开发工程师,宁波,互联网/信息技术/软件服务,4500-5000元,否,4500,5000,南京工业职业技术大学,软件技术,专科,大专,2022-06,2022,机器学习、数据库原理、软件工程、Java程序设计,4,是,0,应届,1,是,校园实践,· 参与学校计算机协会技术部，负责协会网站日常维护,,否,1,图书管理系统后端,PostgreSQL、Kafka、Python、K8s、SpringBoot、Java、微服务,7,计算机一级,1,90,94,82,89
白佳,女,13118561513,baijia6886@outlook.com,wx_baijia_452,厦门,"期望岗位：Java开发工程师
期望城市：厦门
期望行业：互联网/信息技术/软件服务
期望薪资：9000-11500元",1年Java开发工程师工作经验，精通JVM调优、Redis技术栈，参与过完整项目迭代，能够独立完成模块开发与问题排查，注重代码质量与开发效率，具备良好的沟通协作能力。,"集美大学 | 电子信息工程 | 本科
毕业时间：2021年6月
核心课程：数字信号处理、机器学习、数据结构、软件工程","【东软科技有限公司】 Java开发工程师
2025年12月 - 至今
    · 承担分配模块的编码、测试与优化工作，保障系统稳定运行
    · 负责公司Java开发工程师相关业务的开发与维护，参与需求评审","■ 微服务用户中心重构
  项目目标：将单体用户系统拆分为微服务架构，提升并发承载能力
  个人职责：负责登录、注册、权限模块开发，优化数据库查询与缓存策略
  项目成果：支持并发量从500提升至5000，接口响应耗时减少60%

■ 电商订单交易系统
  项目目标：搭建高可用电商订单系统，支撑大促流量峰值
  个人职责：负责订单创建、支付回调、库存扣减核心逻辑开发
  项目成果：支撑日均订单量10万+，系统可用性达99.95%","专业技能：JVM调优、Java、MySQL、微服务、SpringCloud、MyBatis、RabbitMQ、Redis
相关证书：无",拥有1年实际工作经验，技术功底扎实，熟悉完整开发流程；具备较强的问题解决能力，能够独立排查并解决常见技术问题；工作认真负责，注重团队协作，能够高效推进项目落地；持续学习，保持技术敏感度。,Java开发工程师,厦门,互联网/信息技术/软件服务,9000-11500元,否,9000,11500,集美大学,电子信息工程,本科,本科,2021-06,2021,数字信号处理、机器学习、数据结构、软件工程,4,否,1,1年,1,否,东软科技有限公司,Java开发工程师,2025-12,是,2,微服务用户中心重构,JVM调优、Java、MySQL、微服务、SpringCloud、MyBatis、RabbitMQ、Redis,8,无,0,83,93,216,104
沈然,男,13450990433,shenran915@126.com,13120979573,南通,"期望岗位：Java开发工程师
期望城市：南通
期望行业：互联网/信息技术/软件服务
期望薪资：7000-10000元",2年Java开发工程师工作经验，精通Docker、Java技术栈，参与过完整项目迭代，能够独立完成模块开发与问题排查，注重代码质量与开发效率，具备良好的沟通协作能力。,"福建船政交通职业学院 | 软件技术 | 专科
毕业时间：2020年6月
核心课程：数据结构、算法设计与分析、机器学习、软件工程","【启明软件有限公司】 Java开发工程师
2025年9月 - 至今
    · 承担分配模块的编码、测试与优化工作，保障系统稳定运行
    · 编写开发文档，沉淀技术规范，协助新人熟悉业务
    · 负责公司Java开发工程师相关业务的开发与维护，参与需求评审

【用友网络科技有限公司】 Java开发工程师
2024年6月 - 2025年6月
    · 负责公司Java开发工程师相关业务的开发与维护，参与需求评审
    · 承担分配模块的编码、测试与优化工作，保障系统稳定运行
    · 编写开发文档，沉淀技术规范，协助新人熟悉业务","■ 电商订单交易系统
  项目目标：搭建高可用电商订单系统，支撑大促流量峰值
  个人职责：负责订单创建、支付回调、库存扣减核心逻辑开发
  项目成果：支撑日均订单量10万+，系统可用性达99.95%

■ 微服务用户中心重构
  项目目标：将单体用户系统拆分为微服务架构，提升并发承载能力
  个人职责：负责登录、注册、权限模块开发，优化数据库查询与缓存策略
  项目成果：支持并发量从500提升至5000，接口响应耗时减少60%","专业技能：MySQL、SpringBoot、Linux、Java、微服务、Redis
相关证书：软件设计师（中级）",拥有2年实际工作经验，技术功底扎实，熟悉完整开发流程；具备较强的问题解决能力，能够独立排查并解决常见技术问题；工作认真负责，注重团队协作，能够高效推进项目落地；持续学习，保持技术敏感度。,Java开发工程师,南通,互联网/信息技术/软件服务,7000-10000元,否,7000,10000,福建船政交通职业学院,软件技术,专科,大专,2020-06,2020,数据结构、算法设计与分析、机器学习、软件工程,4,否,2,2年,2,否,启明软件有限公司,Java开发工程师,2025-09,是,2,电商订单交易系统,MySQL、SpringBoot、Linux、Java、微服务、Redis,6,软件设计师（中级）,1,83,93,216,273
沈建,男,13663415009,shenjian2534@outlook.com,wx_shenjian_182,南京,"期望岗位：后端开发工程师
期望城市：南京
期望行业：互联网/信息技术/软件服务
期望薪资：14000-15000元",3年后端开发工程师从业经验，精通Python技术架构，主导过中型项目从0到1落地，擅长技术方案设计与性能优化，曾推动核心模块技术重构，带来显著效率提升，具备跨部门协作与项目推进能力。,"佛山科学技术学院 | 网络工程 | 本科
毕业时间：2019年6月
核心课程：软件工程、数字信号处理、操作系统、Java程序设计","【腾讯（深圳分公司）】 后端开发工程师
2025年10月 - 至今
    · 负责公司后端开发工程师相关业务的开发与维护，参与需求评审
    · 对接产品、测试团队，跟进需求落地与缺陷修复

【锐捷数据技术有限公司】 后端开发工程师
2024年9月 - 2025年5月
    · 负责公司后端开发工程师相关业务的开发与维护，参与需求评审
    · 承担分配模块的编码、测试与优化工作，保障系统稳定运行
    · 对接产品、测试团队，跟进需求落地与缺陷修复","■ 即时通讯服务开发
  项目目标：实现企业内部IM系统后端消息推送与存储
  个人职责：负责消息队列、离线消息、会话管理模块开发
  项目成果：支持万人同时在线，消息送达延迟低于100ms

■ 内容管理系统后端
  项目目标：搭建CMS系统后端服务，支持多站点内容发布
  个人职责：负责文章、栏目、权限模块接口开发，设计数据库表结构
  项目成果：支撑8个站点同时运营，内容发布效率提升3倍","专业技能：Go、Java、Docker、Kafka、PostgreSQL、K8s、Gin、Python、Redis、MySQL
相关证书：系统架构设计师",拥有3年行业经验，技术视野开阔，具备方案设计与项目把控能力；逻辑清晰，善于定位并解决复杂技术问题；具备良好的团队管理与跨部门沟通能力，能够推动技术优化与业务落地；责任心强，追求技术与业务的平衡发展。,后端开发工程师,南京,互联网/信息技术/软件服务,14000-15000元,否,14000,15000,佛山科学技术学院,网络工程,本科,本科,2019-06,2019,软件工程、数字信号处理、操作系统、Java程序设计,4,否,3,3年,2,否,腾讯（深圳分公司）,后端开发工程师,2025-10,是,2,即时通讯服务开发,Go、Java、Docker、Kafka、PostgreSQL、K8s、Gin、Python、Redis、MySQL,10,系统架构设计师,1,91,99,198,232
赵艳,女,13452577878,zhaoyan38@qq.com,18467454256,扬州,"期望岗位：算法工程师
期望城市：扬州
期望行业：互联网/信息技术/软件服务
期望薪资：3000-3500元",专科软件技术专业应届毕业生，掌握NLP、推荐算法基础技能，完成过课程设计与毕业项目，具备基础代码编写能力与问题排查思路，学习能力强，做事认真踏实，期望从事算法工程师相关工作。,"福建信息职业技术学院 | 软件技术 | 专科
毕业时间：2022年6月
核心课程：算法设计与分析、数字信号处理、机器学习、Java程序设计","【校园实践】
    · 参与学校计算机协会技术部，负责协会网站日常维护
    · 协助老师完成实验室设备管理与系统环境搭建
    · 参与班级课程设计小组，担任后端开发角色","■ 手写数字识别（课程作业）
  项目目标：基于MNIST数据集实现手写数字识别
  个人职责：使用CNN搭建模型，训练与调优
  项目成果：识别准确率达到92%","专业技能：NLP、TensorFlow、特征工程、计算机视觉、Python、PyTorch
相关证书：PMP项目管理专业人士",应届毕业，具备扎实的专业基础知识与学习能力，能够快速掌握新技术；工作态度认真负责，有耐心，注重细节；具备良好的团队意识与沟通能力，能够积极配合团队完成任务；期望在工作中积累经验，快速成长。,算法工程师,扬州,互联网/信息技术/软件服务,3000-3500元,否,3000,3500,福建信息职业技术学院,软件技术,专科,大专,2022-06,2022,算法设计与分析、数字信号处理、机器学习、Java程序设计,4,是,0,应届,1,是,校园实践,· 参与学校计算机协会技术部，负责协会网站日常维护,,否,1,手写数字识别（课程作业）,NLP、TensorFlow、特征工程、计算机视觉、Python、PyTorch,6,PMP项目管理专业人士,1,87,94,81,89
吴佳,女,17608336120,wujia2570@qq.com,wx_wujia_677,安庆,"期望岗位：软件测试工程师
期望城市：安庆
期望行业：互联网/信息技术/软件服务
期望薪资：11500-12000元",2年软件测试工程师工作经验，精通性能测试、性能测试技术栈，参与过完整项目迭代，能够独立完成模块开发与问题排查，注重代码质量与开发效率，具备良好的沟通协作能力。,"厦门大学 | 信息管理与信息系统 | 本科
毕业时间：2020年6月
核心课程：机器学习、算法设计与分析、数据库原理、Python编程","【通元数据技术有限公司】 软件测试工程师
2025年11月 - 至今
    · 编写开发文档，沉淀技术规范，协助新人熟悉业务
    · 对接产品、测试团队，跟进需求落地与缺陷修复

【安硕网络科技有限公司】 软件测试工程师
2024年8月 - 2025年9月
    · 承担分配模块的编码、测试与优化工作，保障系统稳定运行
    · 编写开发文档，沉淀技术规范，协助新人熟悉业务","■ 电商平台功能测试
  项目目标：保障电商系统上线质量，覆盖全业务流程
  个人职责：设计测试用例，执行功能、回归测试，提交缺陷报告
  项目成果：发现并修复120+缺陷，上线后线上缺陷率低于0.5%

■ 自动化测试框架搭建
  项目目标：提升回归测试效率，减少人工重复劳动
  个人职责：基于Selenium搭建UI自动化框架，编写核心模块测试脚本
  项目成果：回归测试周期从7天缩短至2天，覆盖率达85%","专业技能：Appium、Selenium、MySQL、Postman、测试用例设计、功能测试
相关证书：软考中级、红帽RHCE认证",拥有2年实际工作经验，技术功底扎实，熟悉完整开发流程；具备较强的问题解决能力，能够独立排查并解决常见技术问题；工作认真负责，注重团队协作，能够高效推进项目落地；持续学习，保持技术敏感度。,软件测试工程师,安庆,互联网/信息技术/软件服务,11500-12000元,否,11500,12000,厦门大学,信息管理与信息系统,本科,本科,2020-06,2020,机器学习、算法设计与分析、数据库原理、Python编程,4,否,2,2年,2,否,通元数据技术有限公司,软件测试工程师,2025-11,是,2,电商平台功能测试,Appium、Selenium、MySQL、Postman、测试用例设计、功能测试,6,软考中级、红帽RHCE认证,2,79,93,207,193
吕慧,女,13382910763,lvhui955@163.com,15563482820,温州,"期望岗位：后端开发工程师
期望城市：温州
期望行业：互联网/信息技术/软件服务
期望薪资：10500-12000元",3年后端开发工程师从业经验，精通Gin技术架构，主导过中型项目从0到1落地，擅长技术方案设计与性能优化，曾推动核心模块技术重构，带来显著效率提升，具备跨部门协作与项目推进能力。,"南京工业职业技术大学 | 计算机应用技术 | 专科
毕业时间：2019年6月
核心课程：软件工程、数据结构、操作系统、算法设计与分析","【中软互联网科技有限公司】 后端开发工程师
2025年9月 - 至今
    · 负责公司后端开发工程师相关业务的开发与维护，参与需求评审
    · 编写开发文档，沉淀技术规范，协助新人熟悉业务
    · 对接产品、测试团队，跟进需求落地与缺陷修复

【金蝶数据技术有限公司】 后端开发工程师
2024年4月 - 2025年6月
    · 编写开发文档，沉淀技术规范，协助新人熟悉业务
    · 承担分配模块的编码、测试与优化工作，保障系统稳定运行
    · 负责公司后端开发工程师相关业务的开发与维护，参与需求评审","■ 内容管理系统后端
  项目目标：搭建CMS系统后端服务，支持多站点内容发布
  个人职责：负责文章、栏目、权限模块接口开发，设计数据库表结构
  项目成果：支撑8个站点同时运营，内容发布效率提升3倍

■ 即时通讯服务开发
  项目目标：实现企业内部IM系统后端消息推送与存储
  个人职责：负责消息队列、离线消息、会话管理模块开发
  项目成果：支持万人同时在线，消息送达延迟低于100ms","专业技能：MySQL、Docker、Redis、Gin、SpringBoot、Python
相关证书：无",拥有3年行业经验，技术视野开阔，具备方案设计与项目把控能力；逻辑清晰，善于定位并解决复杂技术问题；具备良好的团队管理与跨部门沟通能力，能够推动技术优化与业务落地；责任心强，追求技术与业务的平衡发展。,后端开发工程师,温州,互联网/信息技术/软件服务,10500-12000元,否,10500,12000,南京工业职业技术大学,计算机应用技术,专科,大专,2019-06,2019,软件工程、数据结构、操作系统、算法设计与分析,4,否,3,3年,2,否,中软互联网科技有限公司,后端开发工程师,2025-09,是,2,内容管理系统后端,MySQL、Docker、Redis、Gin、SpringBoot、Python,6,无,0,88,99,198,263
苏娜,女,17751198061,suna12@outlook.com,wx_suna_506,台州,"期望岗位：前端开发工程师
期望城市：台州
期望行业：互联网/信息技术/软件服务
期望薪资：面议",专科计算机应用技术专业应届毕业生，有0段前端开发工程师实习经验，掌握Vite技术栈，参与过实习项目开发，具备良好的代码规范与团队协作意识，能够快速上手业务，期望正式入职发展。,"厦门海洋职业技术学院 | 计算机应用技术 | 专科
毕业时间：2022年6月
核心课程：数字信号处理、计算机网络、操作系统、Python编程","【微远科技有限公司】 前端开发工程师（实习）
2022年8月 - 至今
    · 承担分配模块的编码、测试与优化工作，保障系统稳定运行
    · 编写开发文档，沉淀技术规范，协助新人熟悉业务","■ 个人博客系统（课程作业）
  项目目标：开发个人博客前端页面，实现文章展示与评论
  个人职责：负责页面布局、交互效果、接口联调
  项目成果：完成响应式页面，兼容多浏览器

■ 校园社团官网（实训项目）
  项目目标：为学校社团开发官方展示网站
  个人职责：负责首页、新闻页、成员页开发
  项目成果：上线后访问量累计5000+","专业技能：TypeScript、移动端适配、React、JavaScript、Ant Design、Vite、Webpack
相关证书：无",有实习经验，熟悉开发基本流程，具备基础的项目实践能力；学习能力强，能够快速上手新业务新技术；工作踏实，责任心强，善于沟通协作，能够高效完成分配的工作任务。,前端开发工程师,台州,互联网/信息技术/软件服务,面议,是,,,厦门海洋职业技术学院,计算机应用技术,专科,大专,2022-06,2022,数字信号处理、计算机网络、操作系统、Python编程,4,是,0,应届,1,否,微远科技有限公司,前端开发工程师（实习）,2022-08,是,2,个人博客系统（课程作业）,TypeScript、移动端适配、React、JavaScript、Ant Design、Vite、Webpack,7,无,0,87,77,168,97
龚雨桐,女,18085501280,gong雨tong748@gmail.com,18947992740,绍兴,"期望岗位：运维工程师
期望城市：绍兴
期望行业：互联网/信息技术/软件服务
期望薪资：5000-6000元",专科数字媒体技术专业应届毕业生，掌握Zabbix、Redis基础技能，完成过课程设计与毕业项目，具备基础代码编写能力与问题排查思路，学习能力强，做事认真踏实，期望从事运维工程师相关工作。,"厦门海洋职业技术学院 | 数字媒体技术 | 专科
毕业时间：2022年6月
核心课程：数据库原理、软件工程、Java程序设计、数字信号处理","【校园实践】
    · 参与学校计算机协会技术部，负责协会网站日常维护
    · 协助老师完成实验室设备管理与系统环境搭建
    · 参与班级课程设计小组，担任后端开发角色","■ 简单监控脚本开发
  项目目标：编写服务器状态监控脚本
  个人职责：实现CPU、内存、磁盘使用率自动采集
  项目成果：支持异常邮件告警","专业技能：Kubernetes、MySQL、Docker、Linux、Nginx、网络运维、Zabbix
相关证书：计算机一级",应届毕业，具备扎实的专业基础知识与学习能力，能够快速掌握新技术；工作态度认真负责，有耐心，注重细节；具备良好的团队意识与沟通能力，能够积极配合团队完成任务；期望在工作中积累经验，快速成长。,运维工程师,绍兴,互联网/信息技术/软件服务,5000-6000元,否,5000,6000,厦门海洋职业技术学院,数字媒体技术,专科,大专,2022-06,2022,数据库原理、软件工程、Java程序设计、数字信号处理,4,是,0,应届,1,是,校园实践,· 参与学校计算机协会技术部，负责协会网站日常维护,,否,1,简单监控脚本开发,Kubernetes、MySQL、Docker、Linux、Nginx、网络运维、Zabbix,7,计算机一级,1,93,94,71,89
徐梓涵,女,13506605566,xu梓han675@126.com,wx_xu梓han_433,杭州,"期望岗位：后端开发工程师
期望城市：杭州
期望行业：互联网/信息技术/软件服务
期望薪资：15000-18000元",3年后端开发工程师从业经验，精通微服务技术架构，主导过中型项目从0到1落地，擅长技术方案设计与性能优化，曾推动核心模块技术重构，带来显著效率提升，具备跨部门协作与项目推进能力。,"闽南师范大学 | 数学与应用数学 | 本科
毕业时间：2019年6月
核心课程：Java程序设计、数据库原理、数字信号处理、数据结构","【vivo（东莞）】 后端开发工程师
2025年6月 - 至今
    · 对接产品、测试团队，跟进需求落地与缺陷修复
    · 负责公司后端开发工程师相关业务的开发与维护，参与需求评审
    · 承担分配模块的编码、测试与优化工作，保障系统稳定运行

【数聚互联网科技有限公司】 后端开发工程师
2024年4月 - 2025年3月
    · 承担分配模块的编码、测试与优化工作，保障系统稳定运行
    · 负责公司后端开发工程师相关业务的开发与维护，参与需求评审
    · 编写开发文档，沉淀技术规范，协助新人熟悉业务","■ 即时通讯服务开发
  项目目标：实现企业内部IM系统后端消息推送与存储
  个人职责：负责消息队列、离线消息、会话管理模块开发
  项目成果：支持万人同时在线，消息送达延迟低于100ms

■ 内容管理系统后端
  项目目标：搭建CMS系统后端服务，支持多站点内容发布
  个人职责：负责文章、栏目、权限模块接口开发，设计数据库表结构
  项目成果：支撑8个站点同时运营，内容发布效率提升3倍","专业技能：SpringBoot、Kafka、K8s、Java、Redis、MySQL、PostgreSQL、Gin
相关证书：英语六级、华为HCIA认证",拥有3年行业经验，技术视野开阔，具备方案设计与项目把控能力；逻辑清晰，善于定位并解决复杂技术问题；具备良好的团队管理与跨部门沟通能力，能够推动技术优化与业务落地；责任心强，追求技术与业务的平衡发展。,后端开发工程师,杭州,互联网/信息技术/软件服务,15000-18000元,否,15000,18000,闽南师范大学,数学与应用数学,本科,本科,2019-06,2019,Java程序设计、数据库原理、数字信号处理、数据结构,4,否,3,3年,2,否,vivo（东莞）,后端开发工程师,2025-06,是,2,即时通讯服务开发,SpringBoot、Kafka、K8s、Java、Redis、MySQL、PostgreSQL、Gin,8,英语六级、华为HCIA认证,2,88,99,198,265
刘刚,男,15349808259,liugang906@gmail.com,13367298404,莆田,"期望岗位：前端开发工程师
期望城市：莆田
期望行业：互联网/信息技术/软件服务
期望薪资：面议",1年前端开发工程师工作经验，精通React、JavaScript技术栈，参与过完整项目迭代，能够独立完成模块开发与问题排查，注重代码质量与开发效率，具备良好的沟通协作能力。,"东莞理工学院 | 数据科学与大数据技术 | 本科
毕业时间：2021年6月
核心课程：数据结构、操作系统、计算机网络、Python编程","【阿里巴巴（福州分公司）】 前端开发工程师
2025年9月 - 至今
    · 对接产品、测试团队，跟进需求落地与缺陷修复
    · 编写开发文档，沉淀技术规范，协助新人熟悉业务
    · 承担分配模块的编码、测试与优化工作，保障系统稳定运行","■ 企业后台管理系统
  项目目标：搭建企业运营管理后台，实现业务数据可视化
  个人职责：负责权限管理、数据报表模块开发，对接后端接口联调
  项目成果：覆盖12个业务部门，运营效率提升40%

■ 电商平台前端重构
  项目目标：升级旧版电商系统前端架构，提升用户体验与加载速度
  个人职责：负责商品详情页、购物车模块开发，组件化封装公共组件
  项目成果：首屏加载时间从3.2s降至1.8s，页面转化率提升12%","专业技能：Element UI、Axios、CSS3、Webpack、Ant Design、移动端适配、React
相关证书：英语六级、计算机二级",拥有1年实际工作经验，技术功底扎实，熟悉完整开发流程；具备较强的问题解决能力，能够独立排查并解决常见技术问题；工作认真负责，注重团队协作，能够高效推进项目落地；持续学习，保持技术敏感度。,前端开发工程师,莆田,互联网/信息技术/软件服务,面议,是,,,东莞理工学院,数据科学与大数据技术,本科,本科,2021-06,2021,数据结构、操作系统、计算机网络、Python编程,4,否,1,1年,1,否,阿里巴巴（福州分公司）,前端开发工程师,2025-09,是,2,企业后台管理系统,Element UI、Axios、CSS3、Webpack、Ant Design、移动端适配、React,7,英语六级、计算机二级,2,86,93,210,124
林璐,女,18959094505,linlu21@qq.com,13478362989,金华,"期望岗位：Python开发工程师
期望城市：金华
期望行业：互联网/信息技术/软件服务
期望薪资：5000-5500元",本科网络工程专业应届毕业生，有1段Python开发工程师实习经验，掌握Python技术栈，参与过实习项目开发，具备良好的代码规范与团队协作意识，能够快速上手业务，期望正式入职发展。,"中山大学 | 网络工程 | 本科
毕业时间：2021年6月
核心课程：Java程序设计、计算机网络、操作系统、数字信号处理","【合众互联网科技有限公司】 Python开发工程师（实习）
2025年2月 - 至今
    · 编写开发文档，沉淀技术规范，协助新人熟悉业务
    · 承担分配模块的编码、测试与优化工作，保障系统稳定运行","■ 简单爬虫脚本开发
  项目目标：爬取公开网站数据并入库
  个人职责：负责反爬处理、数据清洗、SQLite存储
  项目成果：日均采集数据1万条

■ 自动化办公脚本
  项目目标：批量处理Excel表格数据
  个人职责：实现数据合并、格式转换、自动统计
  项目成果：提升人工效率80%","专业技能：Git、Redis、Celery、Django、Flask、Docker、爬虫
相关证书：计算机一级",有实习经验，熟悉开发基本流程，具备基础的项目实践能力；学习能力强，能够快速上手新业务新技术；工作踏实，责任心强，善于沟通协作，能够高效完成分配的工作任务。,Python开发工程师,金华,互联网/信息技术/软件服务,5000-5500元,否,5000,5500,中山大学,网络工程,本科,本科,2021-06,2021,Java程序设计、计算机网络、操作系统、数字信号处理,4,是,0,应届,1,否,合众互联网科技有限公司,Python开发工程师（实习）,2025-02,是,2,简单爬虫脚本开发,Git、Redis、Celery、Django、Flask、Docker、爬虫,7,计算机一级,1,90,77,147,104
任杰,男,18782338903,renjie580@gmail.com,wx_renjie_444,龙岩,"期望岗位：Java开发工程师
期望城市：龙岩
期望行业：互联网/信息技术/软件服务
期望薪资：6000-6500元",本科数学与应用数学专业应届毕业生，有1段Java开发工程师实习经验，掌握SpringCloud技术栈，参与过实习项目开发，具备良好的代码规范与团队协作意识，能够快速上手业务，期望正式入职发展。,"广东技术师范大学 | 数学与应用数学 | 本科
毕业时间：2021年6月
核心课程：数据结构、操作系统、Python编程、数字信号处理","【亿联网络】 Java开发工程师（实习）
2025年6月 - 至今
    · 负责公司Java开发工程师相关业务的开发与维护，参与需求评审
    · 编写开发文档，沉淀技术规范，协助新人熟悉业务
    · 对接产品、测试团队，跟进需求落地与缺陷修复","■ 校园二手交易平台（毕设）
  项目目标：搭建校园闲置物品发布与交易平台
  个人职责：负责用户模块、商品发布模块开发
  项目成果：完成系统原型，获得良好成绩

■ 学生成绩管理系统（课程设计）
  项目目标：实现学生信息、成绩、班级的增删改查管理
  个人职责：负责后端接口开发与数据库设计
  项目成果：完成基础功能，通过课程答辩","专业技能：Linux、Git、MySQL、JVM调优
相关证书：华为HCIA认证",有实习经验，熟悉开发基本流程，具备基础的项目实践能力；学习能力强，能够快速上手新业务新技术；工作踏实，责任心强，善于沟通协作，能够高效完成分配的工作任务。,Java开发工程师,龙岩,互联网/信息技术/软件服务,6000-6500元,否,6000,6500,广东技术师范大学,数学与应用数学,本科,本科,2021-06,2021,数据结构、操作系统、Python编程、数字信号处理,4,是,0,应届,1,否,亿联网络,Java开发工程师（实习）,2025-06,是,2,校园二手交易平台（毕设）,Linux、Git、MySQL、JVM调优,4,华为HCIA认证,1,96,77,169,127
武梓轩,男,17777557455,wu梓xuan1948@163.com,wx_wu梓xuan_588,宁德,"期望岗位：软件测试工程师
期望城市：宁德
期望行业：互联网/信息技术/软件服务
期望薪资：面议",2年软件测试工程师工作经验，精通Python、Python技术栈，参与过完整项目迭代，能够独立完成模块开发与问题排查，注重代码质量与开发效率，具备良好的沟通协作能力。,"福建农林大学 | 数据科学与大数据技术 | 本科
毕业时间：2020年6月
核心课程：算法设计与分析、操作系统、Python编程、机器学习","【合众科技有限公司】 软件测试工程师
2025年9月 - 至今
    · 对接产品、测试团队，跟进需求落地与缺陷修复
    · 负责公司软件测试工程师相关业务的开发与维护，参与需求评审

【汇智数据技术有限公司】 软件测试工程师
2024年5月 - 2025年11月
    · 对接产品、测试团队，跟进需求落地与缺陷修复
    · 编写开发文档，沉淀技术规范，协助新人熟悉业务","■ 电商平台功能测试
  项目目标：保障电商系统上线质量，覆盖全业务流程
  个人职责：设计测试用例，执行功能、回归测试，提交缺陷报告
  项目成果：发现并修复120+缺陷，上线后线上缺陷率低于0.5%

■ 自动化测试框架搭建
  项目目标：提升回归测试效率，减少人工重复劳动
  个人职责：基于Selenium搭建UI自动化框架，编写核心模块测试脚本
  项目成果：回归测试周期从7天缩短至2天，覆盖率达85%","专业技能：Postman、Selenium、性能测试、功能测试、接口测试、测试用例设计、MySQL、JMeter、TestNG、Python
相关证书：无",拥有2年实际工作经验，技术功底扎实，熟悉完整开发流程；具备较强的问题解决能力，能够独立排查并解决常见技术问题；工作认真负责，注重团队协作，能够高效推进项目落地；持续学习，保持技术敏感度。,软件测试工程师,宁德,互联网/信息技术/软件服务,面议,是,,,福建农林大学,数据科学与大数据技术,本科,本科,2020-06,2020,算法设计与分析、操作系统、Python编程、机器学习,4,否,2,2年,2,否,合众科技有限公司,软件测试工程师,2025-09,是,2,电商平台功能测试,Postman、Selenium、性能测试、功能测试、接口测试、测试用例设计、MySQL、JMeter、TestNG、Python,10,无,0,83,93,207,192
夏莉,女,13065172186,xiali2576@126.com,wx_xiali_797,无锡,"期望岗位：算法工程师
期望城市：无锡
期望行业：互联网/信息技术/软件服务
期望薪资：6000-7000元",本科信息管理与信息系统专业应届毕业生，有0段算法工程师实习经验，掌握算法优化技术栈，参与过实习项目开发，具备良好的代码规范与团队协作意识，能够快速上手业务，期望正式入职发展。,"南京工程学院 | 信息管理与信息系统 | 本科
毕业时间：2022年6月
核心课程：Java程序设计、操作系统、Python编程、算法设计与分析","【吉比特网络】 算法工程师（实习）
2021年6月 - 至今
    · 编写开发文档，沉淀技术规范，协助新人熟悉业务
    · 对接产品、测试团队，跟进需求落地与缺陷修复
    · 承担分配模块的编码、测试与优化工作，保障系统稳定运行","■ 手写数字识别（课程作业）
  项目目标：基于MNIST数据集实现手写数字识别
  个人职责：使用CNN搭建模型，训练与调优
  项目成果：识别准确率达到92%

■ 电影推荐系统（毕设）
  项目目标：基于协同过滤实现简单电影推荐
  个人职责：数据处理、模型实现、效果验证
  项目成果：召回准确率达到75%","专业技能：SQL、PyTorch、深度学习、Python、数据结构、TensorFlow
相关证书：无",有实习经验，熟悉开发基本流程，具备基础的项目实践能力；学习能力强，能够快速上手新业务新技术；工作踏实，责任心强，善于沟通协作，能够高效完成分配的工作任务。,算法工程师,无锡,互联网/信息技术/软件服务,6000-7000元,否,6000,7000,南京工程学院,信息管理与信息系统,本科,本科,2022-06,2022,Java程序设计、操作系统、Python编程、算法设计与分析,4,是,0,应届,1,否,吉比特网络,算法工程师（实习）,2021-06,是,2,手写数字识别（课程作业）,SQL、PyTorch、深度学习、Python、数据结构、TensorFlow,6,无,0,87,77,157,120
高霞,女,18341069175,gaoxia629@126.com,15690319663,莆田,"期望岗位：软件测试工程师
期望城市：莆田
期望行业：互联网/信息技术/软件服务
期望薪资：6500-7000元",本科计算机应用技术专业应届毕业生，有0段软件测试工程师实习经验，掌握Postman技术栈，参与过实习项目开发，具备良好的代码规范与团队协作意识，能够快速上手业务，期望正式入职发展。,"广东技术师范大学 | 计算机应用技术 | 本科
毕业时间：2022年6月
核心课程：软件工程、计算机网络、机器学习、Java程序设计","【启明科技有限公司】 软件测试工程师（实习）
2019年9月 - 至今
    · 对接产品、测试团队，跟进需求落地与缺陷修复
    · 编写开发文档，沉淀技术规范，协助新人熟悉业务","■ 学生管理系统功能测试
  项目目标：对课程设计系统进行功能测试与缺陷提交
  个人职责：设计测试用例，执行黑盒测试
  项目成果：发现并提交8个功能缺陷

■ 网页兼容性测试实训
  项目目标：对多个网站进行浏览器兼容测试
  个人职责：制定测试方案，输出测试报告
  项目成果：覆盖5款主流浏览器","专业技能：测试用例设计、Postman、Python、性能测试、Appium、MySQL
相关证书：英语六级",有实习经验，熟悉开发基本流程，具备基础的项目实践能力；学习能力强，能够快速上手新业务新技术；工作踏实，责任心强，善于沟通协作，能够高效完成分配的工作任务。,软件测试工程师,莆田,互联网/信息技术/软件服务,6500-7000元,否,6500,7000,广东技术师范大学,计算机应用技术,本科,本科,2022-06,2022,软件工程、计算机网络、机器学习、Java程序设计,4,是,0,应届,1,否,启明科技有限公司,软件测试工程师（实习）,2019-09,是,2,学生管理系统功能测试,测试用例设计、Postman、Python、性能测试、Appium、MySQL,6,英语六级,1,90,77,151,92
朱红,女,17765031073,zhuhong2577@gmail.com,18755128316,龙岩,"期望岗位：软件测试工程师
期望城市：龙岩
期望行业：互联网/信息技术/软件服务
期望薪资：15000-16500元",3年软件测试工程师从业经验，精通缺陷管理技术架构，主导过中型项目从0到1落地，擅长技术方案设计与性能优化，曾推动核心模块技术重构，带来显著效率提升，具备跨部门协作与项目推进能力。,"中山大学 | 物联网工程 | 本科
毕业时间：2019年6月
核心课程：数字信号处理、数据库原理、算法设计与分析、机器学习","【易联互联网科技有限公司】 软件测试工程师
2025年10月 - 至今
    · 编写开发文档，沉淀技术规范，协助新人熟悉业务
    · 对接产品、测试团队，跟进需求落地与缺陷修复

【微远数据技术有限公司】 软件测试工程师
2024年11月 - 2025年6月
    · 编写开发文档，沉淀技术规范，协助新人熟悉业务
    · 承担分配模块的编码、测试与优化工作，保障系统稳定运行
    · 负责公司软件测试工程师相关业务的开发与维护，参与需求评审","■ 自动化测试框架搭建
  项目目标：提升回归测试效率，减少人工重复劳动
  个人职责：基于Selenium搭建UI自动化框架，编写核心模块测试脚本
  项目成果：回归测试周期从7天缩短至2天，覆盖率达85%

■ 电商平台功能测试
  项目目标：保障电商系统上线质量，覆盖全业务流程
  个人职责：设计测试用例，执行功能、回归测试，提交缺陷报告
  项目成果：发现并修复120+缺陷，上线后线上缺陷率低于0.5%","专业技能：缺陷管理、接口测试、Appium、测试用例设计、Postman、TestNG、性能测试、Selenium、Python、MySQL
相关证书：英语四级",拥有3年行业经验，技术视野开阔，具备方案设计与项目把控能力；逻辑清晰，善于定位并解决复杂技术问题；具备良好的团队管理与跨部门沟通能力，能够推动技术优化与业务落地；责任心强，追求技术与业务的平衡发展。,软件测试工程师,龙岩,互联网/信息技术/软件服务,15000-16500元,否,15000,16500,中山大学,物联网工程,本科,本科,2019-06,2019,数字信号处理、数据库原理、算法设计与分析、机器学习,4,否,3,3年,2,否,易联互联网科技有限公司,软件测试工程师,2025-10,是,2,自动化测试框架搭建,缺陷管理、接口测试、Appium、测试用例设计、Postman、TestNG、性能测试、Selenium、Python、MySQL,10,英语四级,1,89,99,207,230
唐博文,男,18353127451,tangbowen659@qq.com,13502352002,嘉兴,"期望岗位：Java开发工程师
期望城市：嘉兴
期望行业：互联网/信息技术/软件服务
期望薪资：3500-6000元",本科物联网工程专业应届毕业生，掌握Git、Java基础技能，完成过课程设计与毕业项目，具备基础代码编写能力与问题排查思路，学习能力强，做事认真踏实，期望从事Java开发工程师相关工作。,"福建农林大学 | 物联网工程 | 本科
毕业时间：2022年6月
核心课程：数据库原理、数据结构、数字信号处理、操作系统","【校园实践】
    · 参与学校计算机协会技术部，负责协会网站日常维护
    · 协助老师完成实验室设备管理与系统环境搭建
    · 参与班级课程设计小组，担任后端开发角色","■ 学生成绩管理系统（课程设计）
  项目目标：实现学生信息、成绩、班级的增删改查管理
  个人职责：负责后端接口开发与数据库设计
  项目成果：完成基础功能，通过课程答辩","专业技能：SpringCloud、Redis、MySQL、Git、Java、MyBatis
相关证书：英语四级、红帽RHCE认证",应届毕业，具备扎实的专业基础知识与学习能力，能够快速掌握新技术；工作态度认真负责，有耐心，注重细节；具备良好的团队意识与沟通能力，能够积极配合团队完成任务；期望在工作中积累经验，快速成长。,Java开发工程师,嘉兴,互联网/信息技术/软件服务,3500-6000元,否,3500,6000,福建农林大学,物联网工程,本科,本科,2022-06,2022,数据库原理、数据结构、数字信号处理、操作系统,4,是,0,应届,1,是,校园实践,· 参与学校计算机协会技术部，负责协会网站日常维护,,否,1,学生成绩管理系统（课程设计）,SpringCloud、Redis、MySQL、Git、Java、MyBatis,6,英语四级、红帽RHCE认证,2,92,94,86,89
段娜,女,18090330777,duanna96@outlook.com,17713940815,常州,"期望岗位：后端开发工程师
期望城市：常州
期望行业：互联网/信息技术/软件服务
期望薪资：4500-7500元",本科数字媒体技术专业应届毕业生，有1段后端开发工程师实习经验，掌握Python技术栈，参与过实习项目开发，具备良好的代码规范与团队协作意识，能够快速上手业务，期望正式入职发展。,"苏州大学 | 数字媒体技术 | 本科
毕业时间：2021年6月
核心课程：数据结构、算法设计与分析、计算机网络、操作系统","【用友软件有限公司】 后端开发工程师（实习）
2025年10月 - 至今
    · 编写开发文档，沉淀技术规范，协助新人熟悉业务
    · 承担分配模块的编码、测试与优化工作，保障系统稳定运行","■ 简单论坛系统
  项目目标：实现帖子发布、回复、板块管理
  个人职责：负责后端服务开发与接口文档编写
  项目成果：支持百人同时在线访问

■ 图书管理系统后端
  项目目标：实现图书借阅、归还、用户管理功能
  个人职责：负责接口开发与数据库表结构设计
  项目成果：完成核心功能，支持1000条数据量","专业技能：微服务、Gin、K8s、Python、MySQL、Kafka、Java
相关证书：计算机一级、PMP项目管理专业人士",有实习经验，熟悉开发基本流程，具备基础的项目实践能力；学习能力强，能够快速上手新业务新技术；工作踏实，责任心强，善于沟通协作，能够高效完成分配的工作任务。,后端开发工程师,常州,互联网/信息技术/软件服务,4500-7500元,否,4500,7500,苏州大学,数字媒体技术,本科,本科,2021-06,2021,数据结构、算法设计与分析、计算机网络、操作系统,4,是,0,应届,1,否,用友软件有限公司,后端开发工程师（实习）,2025-10,是,2,简单论坛系统,微服务、Gin、K8s、Python、MySQL、Kafka、Java,7,计算机一级、PMP项目管理专业人士,2,88,77,155,98
吴浩然,男,15259883194,wuhaoran421@126.com,18319299907,安庆,"期望岗位：软件测试工程师
期望城市：安庆
期望行业：互联网/信息技术/软件服务
期望薪资：8000-8500元",2年软件测试工程师工作经验，精通Postman、Appium技术栈，参与过完整项目迭代，能够独立完成模块开发与问题排查，注重代码质量与开发效率，具备良好的沟通协作能力。,"南昌大学 | 数字媒体技术 | 本科
毕业时间：2020年6月
核心课程：软件工程、操作系统、数据库原理、Python编程","【美图公司】 软件测试工程师
2025年5月 - 至今
    · 编写开发文档，沉淀技术规范，协助新人熟悉业务
    · 负责公司软件测试工程师相关业务的开发与维护，参与需求评审

【天擎互联网科技有限公司】 软件测试工程师
2024年2月 - 2025年4月
    · 承担分配模块的编码、测试与优化工作，保障系统稳定运行
    · 编写开发文档，沉淀技术规范，协助新人熟悉业务","■ 自动化测试框架搭建
  项目目标：提升回归测试效率，减少人工重复劳动
  个人职责：基于Selenium搭建UI自动化框架，编写核心模块测试脚本
  项目成果：回归测试周期从7天缩短至2天，覆盖率达85%

■ 电商平台功能测试
  项目目标：保障电商系统上线质量，覆盖全业务流程
  个人职责：设计测试用例，执行功能、回归测试，提交缺陷报告
  项目成果：发现并修复120+缺陷，上线后线上缺陷率低于0.5%","专业技能：接口测试、测试用例设计、Appium、MySQL、Selenium、Python、JMeter、TestNG
相关证书：MySQL数据库认证",拥有2年实际工作经验，技术功底扎实，熟悉完整开发流程；具备较强的问题解决能力，能够独立排查并解决常见技术问题；工作认真负责，注重团队协作，能够高效推进项目落地；持续学习，保持技术敏感度。,软件测试工程师,安庆,互联网/信息技术/软件服务,8000-8500元,否,8000,8500,南昌大学,数字媒体技术,本科,本科,2020-06,2020,软件工程、操作系统、数据库原理、Python编程,4,否,2,2年,2,否,美图公司,软件测试工程师,2025-05,是,2,自动化测试框架搭建,接口测试、测试用例设计、Appium、MySQL、Selenium、Python、JMeter、TestNG,8,MySQL数据库认证,1,84,93,207,194
萧萍,女,13664490776,xiaoping291@qq.com,wx_xiaoping_801,台州,"期望岗位：数据分析师
期望城市：台州
期望行业：互联网/信息技术/软件服务
期望薪资：7500-8000元",本科数字媒体技术专业应届毕业生，有1段数据分析师实习经验，掌握Python技术栈，参与过实习项目开发，具备良好的代码规范与团队协作意识，能够快速上手业务，期望正式入职发展。,"华南理工大学 | 数字媒体技术 | 本科
毕业时间：2021年6月
核心课程：机器学习、Java程序设计、数字信号处理、操作系统","【中软网络科技有限公司】 数据分析师（实习）
2025年2月 - 至今
    · 负责公司数据分析师相关业务的开发与维护，参与需求评审
    · 承担分配模块的编码、测试与优化工作，保障系统稳定运行
    · 对接产品、测试团队，跟进需求落地与缺陷修复","■ 电商公开数据爬取分析
  项目目标：采集公开电商商品数据并分析
  个人职责：数据爬取、清洗、价格销量分析
  项目成果：输出可视化分析图表

■ 学生成绩数据分析
  项目目标：对班级期末成绩进行统计分析
  个人职责：数据清洗、可视化图表制作、结论输出
  项目成果：输出分析报告，提出3点教学建议","专业技能：数据可视化、MySQL、Python、Tableau、用户分析、Excel
相关证书：MySQL数据库认证",有实习经验，熟悉开发基本流程，具备基础的项目实践能力；学习能力强，能够快速上手新业务新技术；工作踏实，责任心强，善于沟通协作，能够高效完成分配的工作任务。,数据分析师,台州,互联网/信息技术/软件服务,7500-8000元,否,7500,8000,华南理工大学,数字媒体技术,本科,本科,2021-06,2021,机器学习、Java程序设计、数字信号处理、操作系统,4,是,0,应届,1,否,中软网络科技有限公司,数据分析师（实习）,2025-02,是,2,电商公开数据爬取分析,数据可视化、MySQL、Python、Tableau、用户分析、Excel,6,MySQL数据库认证,1,86,77,153,129
钱雯,女,13736538093,qianwen12@gmail.com,13458062377,无锡,"期望岗位：后端开发工程师
期望城市：无锡
期望行业：互联网/信息技术/软件服务
期望薪资：6500-10000元",2年后端开发工程师工作经验，精通SpringBoot、Java技术栈，参与过完整项目迭代，能够独立完成模块开发与问题排查，注重代码质量与开发效率，具备良好的沟通协作能力。,"广东轻工职业技术学院 | 软件技术 | 专科
毕业时间：2020年6月
核心课程：数字信号处理、操作系统、Java程序设计、数据库原理","【卓望互联网科技有限公司】 后端开发工程师
2025年6月 - 至今
    · 对接产品、测试团队，跟进需求落地与缺陷修复
    · 编写开发文档，沉淀技术规范，协助新人熟悉业务

【安硕软件有限公司】 后端开发工程师
2024年12月 - 2025年1月
    · 负责公司后端开发工程师相关业务的开发与维护，参与需求评审
    · 编写开发文档，沉淀技术规范，协助新人熟悉业务","■ 即时通讯服务开发
  项目目标：实现企业内部IM系统后端消息推送与存储
  个人职责：负责消息队列、离线消息、会话管理模块开发
  项目成果：支持万人同时在线，消息送达延迟低于100ms

■ 内容管理系统后端
  项目目标：搭建CMS系统后端服务，支持多站点内容发布
  个人职责：负责文章、栏目、权限模块接口开发，设计数据库表结构
  项目成果：支撑8个站点同时运营，内容发布效率提升3倍","专业技能：Java、微服务、Go、K8s、SpringBoot、Docker、Redis、PostgreSQL、Gin
相关证书：阿里云ACP云计算认证",拥有2年实际工作经验，技术功底扎实，熟悉完整开发流程；具备较强的问题解决能力，能够独立排查并解决常见技术问题；工作认真负责，注重团队协作，能够高效推进项目落地；持续学习，保持技术敏感度。,后端开发工程师,无锡,互联网/信息技术/软件服务,6500-10000元,否,6500,10000,广东轻工职业技术学院,软件技术,专科,大专,2020-06,2020,数字信号处理、操作系统、Java程序设计、数据库原理,4,否,2,2年,2,否,卓望互联网科技有限公司,后端开发工程师,2025-06,是,2,即时通讯服务开发,Java、微服务、Go、K8s、SpringBoot、Docker、Redis、PostgreSQL、Gin,9,阿里云ACP云计算认证,1,85,93,198,194
曾颖,女,18316483603,zengying69@qq.com,18657825650,嘉兴,"期望岗位：Python开发工程师
期望城市：嘉兴
期望行业：互联网/信息技术/软件服务
期望薪资：7000-7500元",本科信息管理与信息系统专业应届毕业生，有1段Python开发工程师实习经验，掌握Redis技术栈，参与过实习项目开发，具备良好的代码规范与团队协作意识，能够快速上手业务，期望正式入职发展。,"中山大学 | 信息管理与信息系统 | 本科
毕业时间：2021年6月
核心课程：Python编程、计算机网络、算法设计与分析、数字信号处理","【锐捷网络科技有限公司】 Python开发工程师（实习）
2025年8月 - 至今
    · 编写开发文档，沉淀技术规范，协助新人熟悉业务
    · 对接产品、测试团队，跟进需求落地与缺陷修复","■ 简单爬虫脚本开发
  项目目标：爬取公开网站数据并入库
  个人职责：负责反爬处理、数据清洗、SQLite存储
  项目成果：日均采集数据1万条

■ 自动化办公脚本
  项目目标：批量处理Excel表格数据
  个人职责：实现数据合并、格式转换、自动统计
  项目成果：提升人工效率80%","专业技能：Linux、Celery、FastAPI、Python
相关证书：英语四级、英语六级",有实习经验，熟悉开发基本流程，具备基础的项目实践能力；学习能力强，能够快速上手新业务新技术；工作踏实，责任心强，善于沟通协作，能够高效完成分配的工作任务。,Python开发工程师,嘉兴,互联网/信息技术/软件服务,7000-7500元,否,7000,7500,中山大学,信息管理与信息系统,本科,本科,2021-06,2021,Python编程、计算机网络、算法设计与分析、数字信号处理,4,是,0,应届,1,否,锐捷网络科技有限公司,Python开发工程师（实习）,2025-08,是,2,简单爬虫脚本开发,Linux、Celery、FastAPI、Python,4,英语四级、英语六级,2,94,77,147,98
孙娜,女,13388008155,sunna539@outlook.com,15275477125,苏州,"期望岗位：后端开发工程师
期望城市：苏州
期望行业：互联网/信息技术/软件服务
期望薪资：24500-29500元",8年后端开发工程师资深经验，精通全链路技术架构，具备团队技术规划与方案设计能力，主导过多个大型项目重构与升级，在高并发/系统稳定性领域有深厚积累，能够带领团队攻克技术难题，驱动业务技术升级。,"中山大学 | 计算机应用技术 | 本科
毕业时间：2014年6月
核心课程：软件工程、操作系统、算法设计与分析、机器学习","【云创网络科技有限公司】 后端开发工程师
2024年10月 - 至今
    · 承担分配模块的编码、测试与优化工作，保障系统稳定运行
    · 对接产品、测试团队，跟进需求落地与缺陷修复
    · 负责公司后端开发工程师相关业务的开发与维护，参与需求评审

【数聚信息技术有限公司】 后端开发工程师
2022年1月 - 2024年11月
    · 承担分配模块的编码、测试与优化工作，保障系统稳定运行
    · 对接产品、测试团队，跟进需求落地与缺陷修复

【合众互联网科技有限公司】 后端开发工程师
2020年2月 - 2022年9月
    · 对接产品、测试团队，跟进需求落地与缺陷修复
    · 承担分配模块的编码、测试与优化工作，保障系统稳定运行
    · 编写开发文档，沉淀技术规范，协助新人熟悉业务","■ 即时通讯服务开发
  项目目标：实现企业内部IM系统后端消息推送与存储
  个人职责：负责消息队列、离线消息、会话管理模块开发
  项目成果：支持万人同时在线，消息送达延迟低于100ms

■ 内容管理系统后端
  项目目标：搭建CMS系统后端服务，支持多站点内容发布
  个人职责：负责文章、栏目、权限模块接口开发，设计数据库表结构
  项目成果：支撑8个站点同时运营，内容发布效率提升3倍","专业技能：Docker、Gin、Redis、Go、MySQL、K8s
相关证书：华为HCIA认证、软件设计师（中级）",拥有8年行业经验，技术视野开阔，具备方案设计与项目把控能力；逻辑清晰，善于定位并解决复杂技术问题；具备良好的团队管理与跨部门沟通能力，能够推动技术优化与业务落地；责任心强，追求技术与业务的平衡发展。,后端开发工程师,苏州,互联网/信息技术/软件服务,24500-29500元,否,24500,29500,中山大学,计算机应用技术,本科,本科,2014-06,2014,软件工程、操作系统、算法设计与分析、机器学习,4,否,8,8年,3,否,云创网络科技有限公司,后端开发工程师,2024-10,是,2,即时通讯服务开发,Docker、Gin、Redis、Go、MySQL、K8s,6,华为HCIA认证、软件设计师（中级）,2,95,99,198,363
贺鑫,男,15730227135,hexin03@126.com,wx_hexin_608,宁德,"期望岗位：后端开发工程师
期望城市：宁德
期望行业：互联网/信息技术/软件服务
期望薪资：3500-4500元",专科计算机科学与技术专业应届毕业生，掌握PostgreSQL、Kafka基础技能，完成过课程设计与毕业项目，具备基础代码编写能力与问题排查思路，学习能力强，做事认真踏实，期望从事后端开发工程师相关工作。,"厦门海洋职业技术学院 | 计算机科学与技术 | 专科
毕业时间：2022年6月
核心课程：数字信号处理、软件工程、算法设计与分析、操作系统","【校园实践】
    · 参与学校计算机协会技术部，负责协会网站日常维护
    · 协助老师完成实验室设备管理与系统环境搭建
    · 参与班级课程设计小组，担任后端开发角色","■ 图书管理系统后端
  项目目标：实现图书借阅、归还、用户管理功能
  个人职责：负责接口开发与数据库表结构设计
  项目成果：完成核心功能，支持1000条数据量","专业技能：K8s、MySQL、PostgreSQL、Kafka、Docker、Java、Gin
相关证书：英语四级",应届毕业，具备扎实的专业基础知识与学习能力，能够快速掌握新技术；工作态度认真负责，有耐心，注重细节；具备良好的团队意识与沟通能力，能够积极配合团队完成任务；期望在工作中积累经验，快速成长。,后端开发工程师,宁德,互联网/信息技术/软件服务,3500-4500元,否,3500,4500,厦门海洋职业技术学院,计算机科学与技术,专科,大专,2022-06,2022,数字信号处理、软件工程、算法设计与分析、操作系统,4,是,0,应届,1,是,校园实践,· 参与学校计算机协会技术部，负责协会网站日常维护,,否,1,图书管理系统后端,K8s、MySQL、PostgreSQL、Kafka、Docker、Java、Gin,7,英语四级,1,101,94,82,89
邱鹏,男,13381367504,qiupeng3813@163.com,18302911797,芜湖,"期望岗位：软件测试工程师
期望城市：芜湖
期望行业：互联网/信息技术/软件服务
期望薪资：8500-11500元",2年软件测试工程师工作经验，精通TestNG、Appium技术栈，参与过完整项目迭代，能够独立完成模块开发与问题排查，注重代码质量与开发效率，具备良好的沟通协作能力。,"浙江万里学院 | 数据科学与大数据技术 | 本科
毕业时间：2020年6月
核心课程：数据库原理、Python编程、算法设计与分析、操作系统","【易联软件有限公司】 软件测试工程师
2025年8月 - 至今
    · 负责公司软件测试工程师相关业务的开发与维护，参与需求评审
    · 对接产品、测试团队，跟进需求落地与缺陷修复

【卓望科技有限公司】 软件测试工程师
2024年10月 - 2025年2月
    · 负责公司软件测试工程师相关业务的开发与维护，参与需求评审
    · 承担分配模块的编码、测试与优化工作，保障系统稳定运行
    · 编写开发文档，沉淀技术规范，协助新人熟悉业务","■ 电商平台功能测试
  项目目标：保障电商系统上线质量，覆盖全业务流程
  个人职责：设计测试用例，执行功能、回归测试，提交缺陷报告
  项目成果：发现并修复120+缺陷，上线后线上缺陷率低于0.5%

■ 自动化测试框架搭建
  项目目标：提升回归测试效率，减少人工重复劳动
  个人职责：基于Selenium搭建UI自动化框架，编写核心模块测试脚本
  项目成果：回归测试周期从7天缩短至2天，覆盖率达85%","专业技能：缺陷管理、MySQL、Postman、Selenium、接口测试、测试用例设计、TestNG、性能测试
相关证书：英语六级",拥有2年实际工作经验，技术功底扎实，熟悉完整开发流程；具备较强的问题解决能力，能够独立排查并解决常见技术问题；工作认真负责，注重团队协作，能够高效推进项目落地；持续学习，保持技术敏感度。,软件测试工程师,芜湖,互联网/信息技术/软件服务,8500-11500元,否,8500,11500,浙江万里学院,数据科学与大数据技术,本科,本科,2020-06,2020,数据库原理、Python编程、算法设计与分析、操作系统,4,否,2,2年,2,否,易联软件有限公司,软件测试工程师,2025-08,是,2,电商平台功能测试,缺陷管理、MySQL、Postman、Selenium、接口测试、测试用例设计、TestNG、性能测试,8,英语六级,1,83,93,207,230
史慧,女,17661803295,shihui14@qq.com,wx_shihui_141,福州,"期望岗位：前端开发工程师
期望城市：福州
期望行业：互联网/信息技术/软件服务
期望薪资：7000-8000元",专科软件技术专业应届毕业生，有1段前端开发工程师实习经验，掌握移动端适配技术栈，参与过实习项目开发，具备良好的代码规范与团队协作意识，能够快速上手业务，期望正式入职发展。,"苏州职业大学 | 软件技术 | 专科
毕业时间：2021年6月
核心课程：数字信号处理、机器学习、软件工程、算法设计与分析","【数聚软件有限公司】 前端开发工程师（实习）
2025年1月 - 至今
    · 编写开发文档，沉淀技术规范，协助新人熟悉业务
    · 负责公司前端开发工程师相关业务的开发与维护，参与需求评审
    · 承担分配模块的编码、测试与优化工作，保障系统稳定运行","■ 个人博客系统（课程作业）
  项目目标：开发个人博客前端页面，实现文章展示与评论
  个人职责：负责页面布局、交互效果、接口联调
  项目成果：完成响应式页面，兼容多浏览器

■ 校园社团官网（实训项目）
  项目目标：为学校社团开发官方展示网站
  个人职责：负责首页、新闻页、成员页开发
  项目成果：上线后访问量累计5000+","专业技能：Vite、Axios、HTML5、Element UI、Webpack、Vue、CSS3
相关证书：计算机二级",有实习经验，熟悉开发基本流程，具备基础的项目实践能力；学习能力强，能够快速上手新业务新技术；工作踏实，责任心强，善于沟通协作，能够高效完成分配的工作任务。,前端开发工程师,福州,互联网/信息技术/软件服务,7000-8000元,否,7000,8000,苏州职业大学,软件技术,专科,大专,2021-06,2021,数字信号处理、机器学习、软件工程、算法设计与分析,4,是,0,应届,1,否,数聚软件有限公司,前端开发工程师（实习）,2025-01,是,2,个人博客系统（课程作业）,Vite、Axios、HTML5、Element UI、Webpack、Vue、CSS3,7,计算机二级,1,85,77,168,132
覃鑫,男,15129137076,qinxin4482@126.com,13443811945,温州,"期望岗位：运维工程师
期望城市：温州
期望行业：互联网/信息技术/软件服务
期望薪资：面议",3年运维工程师工作经验，精通Zabbix、Docker技术栈，参与过完整项目迭代，能够独立完成模块开发与问题排查，注重代码质量与开发效率，具备良好的沟通协作能力。,"苏州大学 | 电子信息工程 | 本科
毕业时间：2019年6月
核心课程：机器学习、Java程序设计、软件工程、数据库原理","【汇智信息技术有限公司】 运维工程师
2025年10月 - 至今
    · 负责公司运维工程师相关业务的开发与维护，参与需求评审
    · 编写开发文档，沉淀技术规范，协助新人熟悉业务
    · 承担分配模块的编码、测试与优化工作，保障系统稳定运行

【东软软件有限公司】 运维工程师
2024年3月 - 2025年12月
    · 对接产品、测试团队，跟进需求落地与缺陷修复
    · 承担分配模块的编码、测试与优化工作，保障系统稳定运行","■ 服务器集群运维优化
  项目目标：提升服务器集群稳定性，降低故障发生率
  个人职责：负责日常巡检、故障排查，优化监控告警规则与分级策略
  项目成果：服务器故障率下降60%，平均故障响应时间缩短至15分钟

■ CI/CD自动化流水线
  项目目标：实现代码自动化构建、测试、部署，提升发布效率
  个人职责：基于Jenkins搭建持续集成流水线，配置Docker容器化部署
  项目成果：发布周期从每周1次提升至每天3次，部署失误率降为0","专业技能：Ansible、Prometheus、Docker、Linux、Jenkins、Zabbix、MySQL、Kubernetes、Nginx、Shell
相关证书：华为HCIA认证",拥有3年实际工作经验，技术功底扎实，熟悉完整开发流程；具备较强的问题解决能力，能够独立排查并解决常见技术问题；工作认真负责，注重团队协作，能够高效推进项目落地；持续学习，保持技术敏感度。,运维工程师,温州,互联网/信息技术/软件服务,面议,是,,,苏州大学,电子信息工程,本科,本科,2019-06,2019,机器学习、Java程序设计、软件工程、数据库原理,4,否,3,3年,2,否,汇智信息技术有限公司,运维工程师,2025-10,是,2,服务器集群运维优化,Ansible、Prometheus、Docker、Linux、Jenkins、Zabbix、MySQL、Kubernetes、Nginx、Shell,10,华为HCIA认证,1,81,93,223,225
陆辉,男,13373601073,luhui292@163.com,wx_luhui_139,苏州,"期望岗位：算法工程师
期望城市：苏州
期望行业：互联网/信息技术/软件服务
期望薪资：4000-7500元",本科软件技术专业应届毕业生，有1段算法工程师实习经验，掌握推荐算法技术栈，参与过实习项目开发，具备良好的代码规范与团队协作意识，能够快速上手业务，期望正式入职发展。,"华南理工大学 | 软件技术 | 本科
毕业时间：2021年6月
核心课程：操作系统、数据结构、Java程序设计、数据库原理","【小米（南京分公司）】 算法工程师（实习）
2025年5月 - 至今
    · 对接产品、测试团队，跟进需求落地与缺陷修复
    · 编写开发文档，沉淀技术规范，协助新人熟悉业务
    · 负责公司算法工程师相关业务的开发与维护，参与需求评审","■ 电影推荐系统（毕设）
  项目目标：基于协同过滤实现简单电影推荐
  个人职责：数据处理、模型实现、效果验证
  项目成果：召回准确率达到75%

■ 手写数字识别（课程作业）
  项目目标：基于MNIST数据集实现手写数字识别
  个人职责：使用CNN搭建模型，训练与调优
  项目成果：识别准确率达到92%","专业技能：算法优化、特征工程、TensorFlow、推荐算法、Python
相关证书：系统架构设计师",有实习经验，熟悉开发基本流程，具备基础的项目实践能力；学习能力强，能够快速上手新业务新技术；工作踏实，责任心强，善于沟通协作，能够高效完成分配的工作任务。,算法工程师,苏州,互联网/信息技术/软件服务,4000-7500元,否,4000,7500,华南理工大学,软件技术,本科,本科,2021-06,2021,操作系统、数据结构、Java程序设计、数据库原理,4,是,0,应届,1,否,小米（南京分公司）,算法工程师（实习）,2025-05,是,2,电影推荐系统（毕设）,算法优化、特征工程、TensorFlow、推荐算法、Python,5,系统架构设计师,1,82,77,157,124
范茜,女,13571894648,fanxi2533@163.com,wx_fanxi_350,无锡,"期望岗位：后端开发工程师
期望城市：无锡
期望行业：互联网/信息技术/软件服务
期望薪资：7500-8000元",专科物联网工程专业应届毕业生，有0段后端开发工程师实习经验，掌握Redis技术栈，参与过实习项目开发，具备良好的代码规范与团队协作意识，能够快速上手业务，期望正式入职发展。,"广东轻工职业技术学院 | 物联网工程 | 专科
毕业时间：2022年6月
核心课程：计算机网络、算法设计与分析、数字信号处理、Java程序设计","【中软软件有限公司】 后端开发工程师（实习）
2018年4月 - 至今
    · 编写开发文档，沉淀技术规范，协助新人熟悉业务
    · 负责公司后端开发工程师相关业务的开发与维护，参与需求评审","■ 图书管理系统后端
  项目目标：实现图书借阅、归还、用户管理功能
  个人职责：负责接口开发与数据库表结构设计
  项目成果：完成核心功能，支持1000条数据量

■ 简单论坛系统
  项目目标：实现帖子发布、回复、板块管理
  个人职责：负责后端服务开发与接口文档编写
  项目成果：支持百人同时在线访问","专业技能：Java、K8s、Redis、SpringBoot
相关证书：红帽RHCE认证、系统架构设计师",有实习经验，熟悉开发基本流程，具备基础的项目实践能力；学习能力强，能够快速上手新业务新技术；工作踏实，责任心强，善于沟通协作，能够高效完成分配的工作任务。,后端开发工程师,无锡,互联网/信息技术/软件服务,7500-8000元,否,7500,8000,广东轻工职业技术学院,物联网工程,专科,大专,2022-06,2022,计算机网络、算法设计与分析、数字信号处理、Java程序设计,4,是,0,应届,1,否,中软软件有限公司,后端开发工程师（实习）,2018-04,是,2,图书管理系统后端,Java、K8s、Redis、SpringBoot,4,红帽RHCE认证、系统架构设计师,2,86,77,155,99
冯紫涵,女,18347681448,feng紫han9418@126.com,15503060317,漳州,"期望岗位：数据分析师
期望城市：漳州
期望行业：互联网/信息技术/软件服务
期望薪资：6500-7500元",3年数据分析师工作经验，精通数据可视化、NumPy技术栈，参与过完整项目迭代，能够独立完成模块开发与问题排查，注重代码质量与开发效率，具备良好的沟通协作能力。,"厦门海洋职业技术学院 | 软件工程 | 专科
毕业时间：2019年6月
核心课程：数字信号处理、数据库原理、Java程序设计、Python编程","【东软软件有限公司】 数据分析师
2025年7月 - 至今
    · 对接产品、测试团队，跟进需求落地与缺陷修复
    · 承担分配模块的编码、测试与优化工作，保障系统稳定运行
    · 负责公司数据分析师相关业务的开发与维护，参与需求评审

【合众数据技术有限公司】 数据分析师
2024年7月 - 2025年8月
    · 负责公司数据分析师相关业务的开发与维护，参与需求评审
    · 承担分配模块的编码、测试与优化工作，保障系统稳定运行","■ 用户行为分析看板
  项目目标：构建用户行为数据体系，支撑运营决策
  个人职责：负责数据清洗、指标体系搭建，输出可视化运营报表
  项目成果：输出15+核心运营指标，支撑每月3次运营优化，用户留存率提升8%

■ 销售数据预测建模
  项目目标：基于历史数据预测销量，指导库存与备货
  个人职责：数据预处理，构建时间序列预测模型，输出月度预测报告
  项目成果：预测准确率达89%，库存周转效率提升25%","专业技能：统计学、NumPy、Python、Excel、Pandas、SQL、Tableau
相关证书：华为HCIA认证",拥有3年实际工作经验，技术功底扎实，熟悉完整开发流程；具备较强的问题解决能力，能够独立排查并解决常见技术问题；工作认真负责，注重团队协作，能够高效推进项目落地；持续学习，保持技术敏感度。,数据分析师,漳州,互联网/信息技术/软件服务,6500-7500元,否,6500,7500,厦门海洋职业技术学院,软件工程,专科,大专,2019-06,2019,数字信号处理、数据库原理、Java程序设计、Python编程,4,否,3,3年,2,否,东软软件有限公司,数据分析师,2025-07,是,2,用户行为分析看板,统计学、NumPy、Python、Excel、Pandas、SQL、Tableau,7,华为HCIA认证,1,79,93,206,227
郝俊熙,男,15787121741,haojunxi64@outlook.com,wx_haojunxi_805,厦门,"期望岗位：软件测试工程师
期望城市：厦门
期望行业：互联网/信息技术/软件服务
期望薪资：3500-5000元",本科通信工程专业应届毕业生，掌握Python、MySQL基础技能，完成过课程设计与毕业项目，具备基础代码编写能力与问题排查思路，学习能力强，做事认真踏实，期望从事软件测试工程师相关工作。,"浙江万里学院 | 通信工程 | 本科
毕业时间：2022年6月
核心课程：数据结构、操作系统、数字信号处理、机器学习","【校园实践】
    · 参与学校计算机协会技术部，负责协会网站日常维护
    · 协助老师完成实验室设备管理与系统环境搭建
    · 参与班级课程设计小组，担任后端开发角色","■ 学生管理系统功能测试
  项目目标：对课程设计系统进行功能测试与缺陷提交
  个人职责：设计测试用例，执行黑盒测试
  项目成果：发现并提交8个功能缺陷","专业技能：TestNG、Python、测试用例设计、接口测试、JMeter、缺陷管理
相关证书：英语四级、红帽RHCE认证、英语六级",应届毕业，具备扎实的专业基础知识与学习能力，能够快速掌握新技术；工作态度认真负责，有耐心，注重细节；具备良好的团队意识与沟通能力，能够积极配合团队完成任务；期望在工作中积累经验，快速成长。,软件测试工程师,厦门,互联网/信息技术/软件服务,3500-5000元,否,3500,5000,浙江万里学院,通信工程,本科,本科,2022-06,2022,数据结构、操作系统、数字信号处理、机器学习,4,是,0,应届,1,是,校园实践,· 参与学校计算机协会技术部，负责协会网站日常维护,,否,1,学生管理系统功能测试,TestNG、Python、测试用例设计、接口测试、JMeter、缺陷管理,6,英语四级、红帽RHCE认证、英语六级,3,93,94,78,89
胡佳,女,17796742771,hujia515@outlook.com,wx_hujia_852,常州,"期望岗位：运维工程师
期望城市：常州
期望行业：互联网/信息技术/软件服务
期望薪资：13500-18000元",4年运维工程师从业经验，精通Nginx技术架构，主导过中型项目从0到1落地，擅长技术方案设计与性能优化，曾推动核心模块技术重构，带来显著效率提升，具备跨部门协作与项目推进能力。,"南京理工大学 | 数据科学与大数据技术 | 本科
毕业时间：2018年6月
核心课程：软件工程、数字信号处理、数据库原理、算法设计与分析","【微远软件有限公司】 运维工程师
2024年12月 - 至今
    · 对接产品、测试团队，跟进需求落地与缺陷修复
    · 编写开发文档，沉淀技术规范，协助新人熟悉业务

【博思数据技术有限公司】 运维工程师
2022年1月 - 2024年11月
    · 承担分配模块的编码、测试与优化工作，保障系统稳定运行
    · 负责公司运维工程师相关业务的开发与维护，参与需求评审
    · 编写开发文档，沉淀技术规范，协助新人熟悉业务","■ 服务器集群运维优化
  项目目标：提升服务器集群稳定性，降低故障发生率
  个人职责：负责日常巡检、故障排查，优化监控告警规则与分级策略
  项目成果：服务器故障率下降60%，平均故障响应时间缩短至15分钟

■ CI/CD自动化流水线
  项目目标：实现代码自动化构建、测试、部署，提升发布效率
  个人职责：基于Jenkins搭建持续集成流水线，配置Docker容器化部署
  项目成果：发布周期从每周1次提升至每天3次，部署失误率降为0","专业技能：Ansible、网络运维、Jenkins、Docker、MySQL、Nginx、Shell
相关证书：无",拥有4年行业经验，技术视野开阔，具备方案设计与项目把控能力；逻辑清晰，善于定位并解决复杂技术问题；具备良好的团队管理与跨部门沟通能力，能够推动技术优化与业务落地；责任心强，追求技术与业务的平衡发展。,运维工程师,常州,互联网/信息技术/软件服务,13500-18000元,否,13500,18000,南京理工大学,数据科学与大数据技术,本科,本科,2018-06,2018,软件工程、数字信号处理、数据库原理、算法设计与分析,4,否,4,4年,2,否,微远软件有限公司,运维工程师,2024-12,是,2,服务器集群运维优化,Ansible、网络运维、Jenkins、Docker、MySQL、Nginx、Shell,7,无,0,88,99,223,221
陈俊,男,15575964027,chenjun581@gmail.com,wx_chenjun_232,南京,"期望岗位：数据分析师
期望城市：南京
期望行业：互联网/信息技术/软件服务
期望薪资：面议",2年数据分析师工作经验，精通Excel、MySQL技术栈，参与过完整项目迭代，能够独立完成模块开发与问题排查，注重代码质量与开发效率，具备良好的沟通协作能力。,"厦门理工学院 | 软件工程 | 本科
毕业时间：2020年6月
核心课程：数据结构、Python编程、数据库原理、算法设计与分析","【亿联网络】 数据分析师
2025年2月 - 至今
    · 负责公司数据分析师相关业务的开发与维护，参与需求评审
    · 承担分配模块的编码、测试与优化工作，保障系统稳定运行

【锐捷互联网科技有限公司】 数据分析师
2024年3月 - 2025年4月
    · 承担分配模块的编码、测试与优化工作，保障系统稳定运行
    · 编写开发文档，沉淀技术规范，协助新人熟悉业务
    · 负责公司数据分析师相关业务的开发与维护，参与需求评审","■ 销售数据预测建模
  项目目标：基于历史数据预测销量，指导库存与备货
  个人职责：数据预处理，构建时间序列预测模型，输出月度预测报告
  项目成果：预测准确率达89%，库存周转效率提升25%

■ 用户行为分析看板
  项目目标：构建用户行为数据体系，支撑运营决策
  个人职责：负责数据清洗、指标体系搭建，输出可视化运营报表
  项目成果：输出15+核心运营指标，支撑每月3次运营优化，用户留存率提升8%","专业技能：Python、用户分析、Power BI、Tableau、Excel、SQL
相关证书：计算机二级",拥有2年实际工作经验，技术功底扎实，熟悉完整开发流程；具备较强的问题解决能力，能够独立排查并解决常见技术问题；工作认真负责，注重团队协作，能够高效推进项目落地；持续学习，保持技术敏感度。,数据分析师,南京,互联网/信息技术/软件服务,面议,是,,,厦门理工学院,软件工程,本科,本科,2020-06,2020,数据结构、Python编程、数据库原理、算法设计与分析,4,否,2,2年,2,否,亿联网络,数据分析师,2025-02,是,2,销售数据预测建模,Python、用户分析、Power BI、Tableau、Excel、SQL,6,计算机二级,1,79,93,206,225
郭静,女,18868777145,guojing954@126.com,wx_guojing_410,宁波,"期望岗位：数据分析师
期望城市：宁波
期望行业：互联网/信息技术/软件服务
期望薪资：14500-17000元",4年数据分析师从业经验，精通用户分析技术架构，主导过中型项目从0到1落地，擅长技术方案设计与性能优化，曾推动核心模块技术重构，带来显著效率提升，具备跨部门协作与项目推进能力。,"厦门大学 | 网络工程 | 本科
毕业时间：2018年6月
核心课程：算法设计与分析、Java程序设计、数据库原理、机器学习","【美图公司】 数据分析师
2024年8月 - 至今
    · 对接产品、测试团队，跟进需求落地与缺陷修复
    · 负责公司数据分析师相关业务的开发与维护，参与需求评审
    · 承担分配模块的编码、测试与优化工作，保障系统稳定运行

【锐捷软件有限公司】 数据分析师
2022年12月 - 2024年9月
    · 负责公司数据分析师相关业务的开发与维护，参与需求评审
    · 编写开发文档，沉淀技术规范，协助新人熟悉业务
    · 承担分配模块的编码、测试与优化工作，保障系统稳定运行","■ 用户行为分析看板
  项目目标：构建用户行为数据体系，支撑运营决策
  个人职责：负责数据清洗、指标体系搭建，输出可视化运营报表
  项目成果：输出15+核心运营指标，支撑每月3次运营优化，用户留存率提升8%

■ 销售数据预测建模
  项目目标：基于历史数据预测销量，指导库存与备货
  个人职责：数据预处理，构建时间序列预测模型，输出月度预测报告
  项目成果：预测准确率达89%，库存周转效率提升25%","专业技能：MySQL、Tableau、统计学、SQL、用户分析、Python、Power BI
相关证书：无",拥有4年行业经验，技术视野开阔，具备方案设计与项目把控能力；逻辑清晰，善于定位并解决复杂技术问题；具备良好的团队管理与跨部门沟通能力，能够推动技术优化与业务落地；责任心强，追求技术与业务的平衡发展。,数据分析师,宁波,互联网/信息技术/软件服务,14500-17000元,否,14500,17000,厦门大学,网络工程,本科,本科,2018-06,2018,算法设计与分析、Java程序设计、数据库原理、机器学习,4,否,4,4年,2,否,美图公司,数据分析师,2024-08,是,2,用户行为分析看板,MySQL、Tableau、统计学、SQL、用户分析、Python、Power BI,7,无,0,87,99,206,251
蔡思琪,女,15934137782,caisiqi6565@qq.com,wx_caisiqi_322,福州,"期望岗位：数据分析师
期望城市：福州
期望行业：互联网/信息技术/软件服务
期望薪资：7500-10000元",3年数据分析师工作经验，精通MySQL、Pandas技术栈，参与过完整项目迭代，能够独立完成模块开发与问题排查，注重代码质量与开发效率，具备良好的沟通协作能力。,"苏州职业大学 | 数学与应用数学 | 专科
毕业时间：2019年6月
核心课程：操作系统、算法设计与分析、计算机网络、Python编程","【星图互联网科技有限公司】 数据分析师
2025年4月 - 至今
    · 负责公司数据分析师相关业务的开发与维护，参与需求评审
    · 承担分配模块的编码、测试与优化工作，保障系统稳定运行
    · 对接产品、测试团队，跟进需求落地与缺陷修复

【合众科技有限公司】 数据分析师
2024年12月 - 2025年10月
    · 编写开发文档，沉淀技术规范，协助新人熟悉业务
    · 负责公司数据分析师相关业务的开发与维护，参与需求评审","■ 销售数据预测建模
  项目目标：基于历史数据预测销量，指导库存与备货
  个人职责：数据预处理，构建时间序列预测模型，输出月度预测报告
  项目成果：预测准确率达89%，库存周转效率提升25%

■ 用户行为分析看板
  项目目标：构建用户行为数据体系，支撑运营决策
  个人职责：负责数据清洗、指标体系搭建，输出可视化运营报表
  项目成果：输出15+核心运营指标，支撑每月3次运营优化，用户留存率提升8%","专业技能：Excel、统计学、MySQL、用户分析、NumPy、Pandas、Hive、Power BI、Python
相关证书：系统架构设计师、红帽RHCE认证",拥有3年实际工作经验，技术功底扎实，熟悉完整开发流程；具备较强的问题解决能力，能够独立排查并解决常见技术问题；工作认真负责，注重团队协作，能够高效推进项目落地；持续学习，保持技术敏感度。,数据分析师,福州,互联网/信息技术/软件服务,7500-10000元,否,7500,10000,苏州职业大学,数学与应用数学,专科,大专,2019-06,2019,操作系统、算法设计与分析、计算机网络、Python编程,4,否,3,3年,2,否,星图互联网科技有限公司,数据分析师,2025-04,是,2,销售数据预测建模,Excel、统计学、MySQL、用户分析、NumPy、Pandas、Hive、Power BI、Python,9,系统架构设计师、红帽RHCE认证,2,80,93,206,226
武瑶,女,17618965197,wuyao382@qq.com,wx_wuyao_345,温州,"期望岗位：数据分析师
期望城市：温州
期望行业：互联网/信息技术/软件服务
期望薪资：4000-6000元",本科信息管理与信息系统专业应届毕业生，掌握Excel、Hive基础技能，完成过课程设计与毕业项目，具备基础代码编写能力与问题排查思路，学习能力强，做事认真踏实，期望从事数据分析师相关工作。,"佛山科学技术学院 | 信息管理与信息系统 | 本科
毕业时间：2022年6月
核心课程：软件工程、数字信号处理、Python编程、计算机网络","【校园实践】
    · 参与学校计算机协会技术部，负责协会网站日常维护
    · 协助老师完成实验室设备管理与系统环境搭建
    · 参与班级课程设计小组，担任后端开发角色","■ 电商公开数据爬取分析
  项目目标：采集公开电商商品数据并分析
  个人职责：数据爬取、清洗、价格销量分析
  项目成果：输出可视化分析图表","专业技能：Hive、MySQL、Tableau、统计学、Python、Pandas、用户分析
相关证书：无",应届毕业，具备扎实的专业基础知识与学习能力，能够快速掌握新技术；工作态度认真负责，有耐心，注重细节；具备良好的团队意识与沟通能力，能够积极配合团队完成任务；期望在工作中积累经验，快速成长。,数据分析师,温州,互联网/信息技术/软件服务,4000-6000元,否,4000,6000,佛山科学技术学院,信息管理与信息系统,本科,本科,2022-06,2022,软件工程、数字信号处理、Python编程、计算机网络,4,是,0,应届,1,是,校园实践,· 参与学校计算机协会技术部，负责协会网站日常维护,,否,1,电商公开数据爬取分析,Hive、MySQL、Tableau、统计学、Python、Pandas、用户分析,7,无,0,94,94,72,89
顾妍,女,13148808375,guyan0088@gmail.com,wx_guyan_520,厦门,"期望岗位：算法工程师
期望城市：厦门
期望行业：互联网/信息技术/软件服务
期望薪资：面议",2年算法工程师工作经验，精通PyTorch、计算机视觉技术栈，参与过完整项目迭代，能够独立完成模块开发与问题排查，注重代码质量与开发效率，具备良好的沟通协作能力。,"南京工业职业技术大学 | 信息管理与信息系统 | 专科
毕业时间：2020年6月
核心课程：计算机网络、Python编程、算法设计与分析、数据结构","【未来网络科技有限公司】 算法工程师
2025年1月 - 至今
    · 对接产品、测试团队，跟进需求落地与缺陷修复
    · 负责公司算法工程师相关业务的开发与维护，参与需求评审

【科创数据技术有限公司】 算法工程师
2024年1月 - 2025年8月
    · 编写开发文档，沉淀技术规范，协助新人熟悉业务
    · 对接产品、测试团队，跟进需求落地与缺陷修复
    · 承担分配模块的编码、测试与优化工作，保障系统稳定运行","■ 个性化推荐系统
  项目目标：提升内容推荐精准度，增加用户停留时长
  个人职责：负责协同过滤、深度学习推荐模型开发与离线优化
  项目成果：用户平均停留时长提升25%，点击率提升15%

■ 风控欺诈识别模型
  项目目标：识别交易欺诈行为，降低资金损失风险
  个人职责：特征工程，构建XGBoost风控模型，在线部署与迭代
  项目成果：欺诈识别准确率达92%，每年减少损失超200万","专业技能：Python、机器学习、深度学习、PyTorch、计算机视觉、算法优化、SQL、推荐算法、TensorFlow
相关证书：英语六级",拥有2年实际工作经验，技术功底扎实，熟悉完整开发流程；具备较强的问题解决能力，能够独立排查并解决常见技术问题；工作认真负责，注重团队协作，能够高效推进项目落地；持续学习，保持技术敏感度。,算法工程师,厦门,互联网/信息技术/软件服务,面议,是,,,南京工业职业技术大学,信息管理与信息系统,专科,大专,2020-06,2020,计算机网络、Python编程、算法设计与分析、数据结构,4,否,2,2年,2,否,未来网络科技有限公司,算法工程师,2025-01,是,2,个性化推荐系统,Python、机器学习、深度学习、PyTorch、计算机视觉、算法优化、SQL、推荐算法、TensorFlow,9,英语六级,1,81,93,197,220
余皓,男,15243785655,yuhao702@126.com,15869854531,扬州,"期望岗位：运维工程师
期望城市：扬州
期望行业：互联网/信息技术/软件服务
期望薪资：面议",3年运维工程师工作经验，精通Shell、Jenkins技术栈，参与过完整项目迭代，能够独立完成模块开发与问题排查，注重代码质量与开发效率，具备良好的沟通协作能力。,"南京工业职业技术大学 | 物联网工程 | 专科
毕业时间：2019年6月
核心课程：软件工程、数字信号处理、Java程序设计、Python编程","【云创网络科技有限公司】 运维工程师
2025年9月 - 至今
    · 负责公司运维工程师相关业务的开发与维护，参与需求评审
    · 编写开发文档，沉淀技术规范，协助新人熟悉业务

【易联科技有限公司】 运维工程师
2024年12月 - 2025年5月
    · 编写开发文档，沉淀技术规范，协助新人熟悉业务
    · 承担分配模块的编码、测试与优化工作，保障系统稳定运行","■ 服务器集群运维优化
  项目目标：提升服务器集群稳定性，降低故障发生率
  个人职责：负责日常巡检、故障排查，优化监控告警规则与分级策略
  项目成果：服务器故障率下降60%，平均故障响应时间缩短至15分钟

■ CI/CD自动化流水线
  项目目标：实现代码自动化构建、测试、部署，提升发布效率
  个人职责：基于Jenkins搭建持续集成流水线，配置Docker容器化部署
  项目成果：发布周期从每周1次提升至每天3次，部署失误率降为0","专业技能：Nginx、Shell、网络运维、MySQL、Redis、Ansible、Jenkins、Kubernetes、Zabbix、Linux
相关证书：无",拥有3年实际工作经验，技术功底扎实，熟悉完整开发流程；具备较强的问题解决能力，能够独立排查并解决常见技术问题；工作认真负责，注重团队协作，能够高效推进项目落地；持续学习，保持技术敏感度。,运维工程师,扬州,互联网/信息技术/软件服务,面议,是,,,南京工业职业技术大学,物联网工程,专科,大专,2019-06,2019,软件工程、数字信号处理、Java程序设计、Python编程,4,否,3,3年,2,否,云创网络科技有限公司,运维工程师,2025-09,是,2,服务器集群运维优化,Nginx、Shell、网络运维、MySQL、Redis、Ansible、Jenkins、Kubernetes、Zabbix、Linux,10,无,0,81,93,223,192
宋妍,女,15742548589,songyan64@qq.com,18603236949,温州,"期望岗位：软件测试工程师
期望城市：温州
期望行业：互联网/信息技术/软件服务
期望薪资：5000-8000元",本科计算机应用技术专业应届毕业生，有0段软件测试工程师实习经验，掌握TestNG技术栈，参与过实习项目开发，具备良好的代码规范与团队协作意识，能够快速上手业务，期望正式入职发展。,"东南大学 | 计算机应用技术 | 本科
毕业时间：2022年6月
核心课程：机器学习、Java程序设计、数字信号处理、计算机网络","【小米（南京分公司）】 软件测试工程师（实习）
2020年6月 - 至今
    · 负责公司软件测试工程师相关业务的开发与维护，参与需求评审
    · 承担分配模块的编码、测试与优化工作，保障系统稳定运行
    · 编写开发文档，沉淀技术规范，协助新人熟悉业务","■ 网页兼容性测试实训
  项目目标：对多个网站进行浏览器兼容测试
  个人职责：制定测试方案，输出测试报告
  项目成果：覆盖5款主流浏览器

■ 学生管理系统功能测试
  项目目标：对课程设计系统进行功能测试与缺陷提交
  个人职责：设计测试用例，执行黑盒测试
  项目成果：发现并提交8个功能缺陷","专业技能：Python、性能测试、接口测试、功能测试
相关证书：英语四级",有实习经验，熟悉开发基本流程，具备基础的项目实践能力；学习能力强，能够快速上手新业务新技术；工作踏实，责任心强，善于沟通协作，能够高效完成分配的工作任务。,软件测试工程师,温州,互联网/信息技术/软件服务,5000-8000元,否,5000,8000,东南大学,计算机应用技术,本科,本科,2022-06,2022,机器学习、Java程序设计、数字信号处理、计算机网络,4,是,0,应届,1,否,小米（南京分公司）,软件测试工程师（实习）,2020-06,是,2,网页兼容性测试实训,Python、性能测试、接口测试、功能测试,4,英语四级,1,89,77,151,133
石佳怡,女,18172151083,shijiayi28@qq.com,wx_shijiayi_811,宁德,"期望岗位：后端开发工程师
期望城市：宁德
期望行业：互联网/信息技术/软件服务
期望薪资：11500-16500元",4年后端开发工程师从业经验，精通Kafka技术架构，主导过中型项目从0到1落地，擅长技术方案设计与性能优化，曾推动核心模块技术重构，带来显著效率提升，具备跨部门协作与项目推进能力。,"暨南大学 | 电子信息工程 | 本科
毕业时间：2018年6月
核心课程：机器学习、软件工程、计算机网络、操作系统","【OPPO（东莞）】 后端开发工程师
2024年3月 - 至今
    · 承担分配模块的编码、测试与优化工作，保障系统稳定运行
    · 对接产品、测试团队，跟进需求落地与缺陷修复

【合众软件有限公司】 后端开发工程师
2022年8月 - 2024年6月
    · 承担分配模块的编码、测试与优化工作，保障系统稳定运行
    · 负责公司后端开发工程师相关业务的开发与维护，参与需求评审","■ 即时通讯服务开发
  项目目标：实现企业内部IM系统后端消息推送与存储
  个人职责：负责消息队列、离线消息、会话管理模块开发
  项目成果：支持万人同时在线，消息送达延迟低于100ms

■ 内容管理系统后端
  项目目标：搭建CMS系统后端服务，支持多站点内容发布
  个人职责：负责文章、栏目、权限模块接口开发，设计数据库表结构
  项目成果：支撑8个站点同时运营，内容发布效率提升3倍","专业技能：Kafka、K8s、MySQL、Go、PostgreSQL、Gin、Java、Python、Redis、SpringBoot
相关证书：无",拥有4年行业经验，技术视野开阔，具备方案设计与项目把控能力；逻辑清晰，善于定位并解决复杂技术问题；具备良好的团队管理与跨部门沟通能力，能够推动技术优化与业务落地；责任心强，追求技术与业务的平衡发展。,后端开发工程师,宁德,互联网/信息技术/软件服务,11500-16500元,否,11500,16500,暨南大学,电子信息工程,本科,本科,2018-06,2018,机器学习、软件工程、计算机网络、操作系统,4,否,4,4年,2,否,OPPO（东莞）,后端开发工程师,2024-03,是,2,即时通讯服务开发,Kafka、K8s、MySQL、Go、PostgreSQL、Gin、Java、Python、Redis、SpringBoot,10,无,0,90,99,198,198
刘晨,男,13245557184,liuchen23@qq.com,wx_liuchen_703,南通,"期望岗位：软件测试工程师
期望城市：南通
期望行业：互联网/信息技术/软件服务
期望薪资：6500-9500元",2年软件测试工程师工作经验，精通Selenium、测试用例设计技术栈，参与过完整项目迭代，能够独立完成模块开发与问题排查，注重代码质量与开发效率，具备良好的沟通协作能力。,"苏州科技大学 | 通信工程 | 本科
毕业时间：2020年6月
核心课程：操作系统、机器学习、软件工程、计算机网络","【网易（杭州）】 软件测试工程师
2025年11月 - 至今
    · 承担分配模块的编码、测试与优化工作，保障系统稳定运行
    · 编写开发文档，沉淀技术规范，协助新人熟悉业务

【新科信息技术有限公司】 软件测试工程师
2024年1月 - 2025年4月
    · 负责公司软件测试工程师相关业务的开发与维护，参与需求评审
    · 承担分配模块的编码、测试与优化工作，保障系统稳定运行
    · 对接产品、测试团队，跟进需求落地与缺陷修复","■ 自动化测试框架搭建
  项目目标：提升回归测试效率，减少人工重复劳动
  个人职责：基于Selenium搭建UI自动化框架，编写核心模块测试脚本
  项目成果：回归测试周期从7天缩短至2天，覆盖率达85%

■ 电商平台功能测试
  项目目标：保障电商系统上线质量，覆盖全业务流程
  个人职责：设计测试用例，执行功能、回归测试，提交缺陷报告
  项目成果：发现并修复120+缺陷，上线后线上缺陷率低于0.5%","专业技能：TestNG、缺陷管理、Selenium、性能测试、JMeter、功能测试、接口测试、Postman
相关证书：软件设计师（中级）、英语六级",拥有2年实际工作经验，技术功底扎实，熟悉完整开发流程；具备较强的问题解决能力，能够独立排查并解决常见技术问题；工作认真负责，注重团队协作，能够高效推进项目落地；持续学习，保持技术敏感度。,软件测试工程师,南通,互联网/信息技术/软件服务,6500-9500元,否,6500,9500,苏州科技大学,通信工程,本科,本科,2020-06,2020,操作系统、机器学习、软件工程、计算机网络,4,否,2,2年,2,否,网易（杭州）,软件测试工程师,2025-11,是,2,自动化测试框架搭建,TestNG、缺陷管理、Selenium、性能测试、JMeter、功能测试、接口测试、Postman,8,软件设计师（中级）、英语六级,2,85,93,207,228
韩霞,女,13485148044,hanxia088@163.com,wx_hanxia_530,绍兴,"期望岗位：算法工程师
期望城市：绍兴
期望行业：互联网/信息技术/软件服务
期望薪资：23500-29500元",6年算法工程师资深经验，精通全链路技术架构，具备团队技术规划与方案设计能力，主导过多个大型项目重构与升级，在高并发/系统稳定性领域有深厚积累，能够带领团队攻克技术难题，驱动业务技术升级。,"暨南大学 | 信息管理与信息系统 | 本科
毕业时间：2016年6月
核心课程：Java程序设计、Python编程、软件工程、操作系统","【阿里巴巴（福州分公司）】 算法工程师
2024年9月 - 至今
    · 负责公司算法工程师相关业务的开发与维护，参与需求评审
    · 编写开发文档，沉淀技术规范，协助新人熟悉业务

【金蝶网络科技有限公司】 算法工程师
2022年3月 - 2024年7月
    · 对接产品、测试团队，跟进需求落地与缺陷修复
    · 承担分配模块的编码、测试与优化工作，保障系统稳定运行

【金蝶互联网科技有限公司】 算法工程师
2020年5月 - 2022年9月
    · 对接产品、测试团队，跟进需求落地与缺陷修复
    · 承担分配模块的编码、测试与优化工作，保障系统稳定运行
    · 编写开发文档，沉淀技术规范，协助新人熟悉业务","■ 风控欺诈识别模型
  项目目标：识别交易欺诈行为，降低资金损失风险
  个人职责：特征工程，构建XGBoost风控模型，在线部署与迭代
  项目成果：欺诈识别准确率达92%，每年减少损失超200万

■ 个性化推荐系统
  项目目标：提升内容推荐精准度，增加用户停留时长
  个人职责：负责协同过滤、深度学习推荐模型开发与离线优化
  项目成果：用户平均停留时长提升25%，点击率提升15%","专业技能：计算机视觉、SQL、算法优化、NLP、PyTorch、Python、TensorFlow
相关证书：红帽RHCE认证、计算机二级",拥有6年行业经验，技术视野开阔，具备方案设计与项目把控能力；逻辑清晰，善于定位并解决复杂技术问题；具备良好的团队管理与跨部门沟通能力，能够推动技术优化与业务落地；责任心强，追求技术与业务的平衡发展。,算法工程师,绍兴,互联网/信息技术/软件服务,23500-29500元,否,23500,29500,暨南大学,信息管理与信息系统,本科,本科,2016-06,2016,Java程序设计、Python编程、软件工程、操作系统,4,否,6,6年,3,否,阿里巴巴（福州分公司）,算法工程师,2024-09,是,2,风控欺诈识别模型,计算机视觉、SQL、算法优化、NLP、PyTorch、Python、TensorFlow,7,红帽RHCE认证、计算机二级,2,93,99,197,322
高阳,男,18256696777,gaoyang3372@gmail.com,wx_gaoyang_117,南平,"期望岗位：后端开发工程师
期望城市：南平
期望行业：互联网/信息技术/软件服务
期望薪资：19000-19500元",5年后端开发工程师从业经验，精通Redis技术架构，主导过中型项目从0到1落地，擅长技术方案设计与性能优化，曾推动核心模块技术重构，带来显著效率提升，具备跨部门协作与项目推进能力。,"福州职业技术学院 | 软件工程 | 专科
毕业时间：2017年6月
核心课程：Python编程、数字信号处理、数据库原理、Java程序设计","【未来科技有限公司】 后端开发工程师
2025年7月 - 至今
    · 编写开发文档，沉淀技术规范，协助新人熟悉业务
    · 对接产品、测试团队，跟进需求落地与缺陷修复
    · 承担分配模块的编码、测试与优化工作，保障系统稳定运行

【智联网络科技有限公司】 后端开发工程师
2024年6月 - 2025年9月
    · 编写开发文档，沉淀技术规范，协助新人熟悉业务
    · 负责公司后端开发工程师相关业务的开发与维护，参与需求评审

【智联网络科技有限公司】 后端开发工程师
2023年5月 - 2024年12月
    · 编写开发文档，沉淀技术规范，协助新人熟悉业务
    · 负责公司后端开发工程师相关业务的开发与维护，参与需求评审
    · 对接产品、测试团队，跟进需求落地与缺陷修复","■ 内容管理系统后端
  项目目标：搭建CMS系统后端服务，支持多站点内容发布
  个人职责：负责文章、栏目、权限模块接口开发，设计数据库表结构
  项目成果：支撑8个站点同时运营，内容发布效率提升3倍

■ 即时通讯服务开发
  项目目标：实现企业内部IM系统后端消息推送与存储
  个人职责：负责消息队列、离线消息、会话管理模块开发
  项目成果：支持万人同时在线，消息送达延迟低于100ms","专业技能：Kafka、MySQL、Redis、Python、K8s、Docker、Gin、Java
相关证书：红帽RHCE认证、系统架构设计师、软考中级",拥有5年行业经验，技术视野开阔，具备方案设计与项目把控能力；逻辑清晰，善于定位并解决复杂技术问题；具备良好的团队管理与跨部门沟通能力，能够推动技术优化与业务落地；责任心强，追求技术与业务的平衡发展。,后端开发工程师,南平,互联网/信息技术/软件服务,19000-19500元,否,19000,19500,福州职业技术学院,软件工程,专科,大专,2017-06,2017,Python编程、数字信号处理、数据库原理、Java程序设计,4,否,5,5年,3,否,未来科技有限公司,后端开发工程师,2025-07,是,2,内容管理系统后端,Kafka、MySQL、Redis、Python、K8s、Docker、Gin、Java,8,红帽RHCE认证、系统架构设计师、软考中级,3,90,99,198,358
戴杰,男,18569051139,daijie3668@gmail.com,wx_daijie_380,莆田,"期望岗位：前端开发工程师
期望城市：莆田
期望行业：互联网/信息技术/软件服务
期望薪资：面议",1年前端开发工程师工作经验，精通Vue、移动端适配技术栈，参与过完整项目迭代，能够独立完成模块开发与问题排查，注重代码质量与开发效率，具备良好的沟通协作能力。,"福州职业技术学院 | 物联网工程 | 专科
毕业时间：2021年6月
核心课程：Java程序设计、机器学习、操作系统、计算机网络","【博思数据技术有限公司】 前端开发工程师
2025年1月 - 至今
    · 编写开发文档，沉淀技术规范，协助新人熟悉业务
    · 对接产品、测试团队，跟进需求落地与缺陷修复","■ 电商平台前端重构
  项目目标：升级旧版电商系统前端架构，提升用户体验与加载速度
  个人职责：负责商品详情页、购物车模块开发，组件化封装公共组件
  项目成果：首屏加载时间从3.2s降至1.8s，页面转化率提升12%

■ 企业后台管理系统
  项目目标：搭建企业运营管理后台，实现业务数据可视化
  个人职责：负责权限管理、数据报表模块开发，对接后端接口联调
  项目成果：覆盖12个业务部门，运营效率提升40%","专业技能：HTML5、移动端适配、Ant Design、JavaScript、CSS3、Axios
相关证书：计算机一级",拥有1年实际工作经验，技术功底扎实，熟悉完整开发流程；具备较强的问题解决能力，能够独立排查并解决常见技术问题；工作认真负责，注重团队协作，能够高效推进项目落地；持续学习，保持技术敏感度。,前端开发工程师,莆田,互联网/信息技术/软件服务,面议,是,,,福州职业技术学院,物联网工程,专科,大专,2021-06,2021,Java程序设计、机器学习、操作系统、计算机网络,4,否,1,1年,1,否,博思数据技术有限公司,前端开发工程师,2025-01,是,2,电商平台前端重构,HTML5、移动端适配、Ant Design、JavaScript、CSS3、Axios,6,计算机一级,1,79,93,210,90
廖阳,男,18990329949,liaoyang16@126.com,wx_liaoyang_890,厦门,"期望岗位：前端开发工程师
期望城市：厦门
期望行业：互联网/信息技术/软件服务
期望薪资：7500-11000元",3年前端开发工程师工作经验，精通JavaScript、HTML5技术栈，参与过完整项目迭代，能够独立完成模块开发与问题排查，注重代码质量与开发效率，具备良好的沟通协作能力。,"南京大学 | 网络工程 | 本科
毕业时间：2019年6月
核心课程：机器学习、Java程序设计、数字信号处理、数据库原理","【未来信息技术有限公司】 前端开发工程师
2025年5月 - 至今
    · 负责公司前端开发工程师相关业务的开发与维护，参与需求评审
    · 编写开发文档，沉淀技术规范，协助新人熟悉业务

【数聚互联网科技有限公司】 前端开发工程师
2024年6月 - 2025年9月
    · 承担分配模块的编码、测试与优化工作，保障系统稳定运行
    · 负责公司前端开发工程师相关业务的开发与维护，参与需求评审","■ 企业后台管理系统
  项目目标：搭建企业运营管理后台，实现业务数据可视化
  个人职责：负责权限管理、数据报表模块开发，对接后端接口联调
  项目成果：覆盖12个业务部门，运营效率提升40%

■ 电商平台前端重构
  项目目标：升级旧版电商系统前端架构，提升用户体验与加载速度
  个人职责：负责商品详情页、购物车模块开发，组件化封装公共组件
  项目成果：首屏加载时间从3.2s降至1.8s，页面转化率提升12%","专业技能：Element UI、Vite、Webpack、TypeScript、Vue、JavaScript
相关证书：阿里云ACP云计算认证",拥有3年实际工作经验，技术功底扎实，熟悉完整开发流程；具备较强的问题解决能力，能够独立排查并解决常见技术问题；工作认真负责，注重团队协作，能够高效推进项目落地；持续学习，保持技术敏感度。,前端开发工程师,厦门,互联网/信息技术/软件服务,7500-11000元,否,7500,11000,南京大学,网络工程,本科,本科,2019-06,2019,机器学习、Java程序设计、数字信号处理、数据库原理,4,否,3,3年,2,否,未来信息技术有限公司,前端开发工程师,2025-05,是,2,企业后台管理系统,Element UI、Vite、Webpack、TypeScript、Vue、JavaScript,6,阿里云ACP云计算认证,1,86,93,210,206
钱强,男,13644821398,qianqiang71@gmail.com,18705189214,莆田,"期望岗位：数据分析师
期望城市：莆田
期望行业：互联网/信息技术/软件服务
期望薪资：4000-6000元",本科网络工程专业应届毕业生，掌握MySQL、用户分析基础技能，完成过课程设计与毕业项目，具备基础代码编写能力与问题排查思路，学习能力强，做事认真踏实，期望从事数据分析师相关工作。,"福建师范大学 | 网络工程 | 本科
毕业时间：2022年6月
核心课程：数据结构、数据库原理、机器学习、操作系统","【校园实践】
    · 参与学校计算机协会技术部，负责协会网站日常维护
    · 协助老师完成实验室设备管理与系统环境搭建
    · 参与班级课程设计小组，担任后端开发角色","■ 学生成绩数据分析
  项目目标：对班级期末成绩进行统计分析
  个人职责：数据清洗、可视化图表制作、结论输出
  项目成果：输出分析报告，提出3点教学建议","专业技能：SQL、NumPy、Pandas、Hive、Tableau、数据可视化、MySQL
相关证书：计算机一级、英语六级",应届毕业，具备扎实的专业基础知识与学习能力，能够快速掌握新技术；工作态度认真负责，有耐心，注重细节；具备良好的团队意识与沟通能力，能够积极配合团队完成任务；期望在工作中积累经验，快速成长。,数据分析师,莆田,互联网/信息技术/软件服务,4000-6000元,否,4000,6000,福建师范大学,网络工程,本科,本科,2022-06,2022,数据结构、数据库原理、机器学习、操作系统,4,是,0,应届,1,是,校园实践,· 参与学校计算机协会技术部，负责协会网站日常维护,,否,1,学生成绩数据分析,SQL、NumPy、Pandas、Hive、Tableau、数据可视化、MySQL,7,计算机一级、英语六级,2,89,94,79,89
黄雨萱,女,18357495306,huang雨xuan0116@outlook.com,15079113907,滁州,"期望岗位：软件测试工程师
期望城市：滁州
期望行业：互联网/信息技术/软件服务
期望薪资：7000-7500元",2年软件测试工程师工作经验，精通接口测试、功能测试技术栈，参与过完整项目迭代，能够独立完成模块开发与问题排查，注重代码质量与开发效率，具备良好的沟通协作能力。,"浙江大学 | 计算机应用技术 | 本科
毕业时间：2020年6月
核心课程：数据库原理、计算机网络、操作系统、算法设计与分析","【中软互联网科技有限公司】 软件测试工程师
2025年11月 - 至今
    · 负责公司软件测试工程师相关业务的开发与维护，参与需求评审
    · 承担分配模块的编码、测试与优化工作，保障系统稳定运行

【新科互联网科技有限公司】 软件测试工程师
2024年1月 - 2025年4月
    · 负责公司软件测试工程师相关业务的开发与维护，参与需求评审
    · 编写开发文档，沉淀技术规范，协助新人熟悉业务","■ 电商平台功能测试
  项目目标：保障电商系统上线质量，覆盖全业务流程
  个人职责：设计测试用例，执行功能、回归测试，提交缺陷报告
  项目成果：发现并修复120+缺陷，上线后线上缺陷率低于0.5%

■ 自动化测试框架搭建
  项目目标：提升回归测试效率，减少人工重复劳动
  个人职责：基于Selenium搭建UI自动化框架，编写核心模块测试脚本
  项目成果：回归测试周期从7天缩短至2天，覆盖率达85%","专业技能：性能测试、功能测试、Selenium、接口测试、测试用例设计、Python、TestNG、MySQL、缺陷管理、Postman
相关证书：无",拥有2年实际工作经验，技术功底扎实，熟悉完整开发流程；具备较强的问题解决能力，能够独立排查并解决常见技术问题；工作认真负责，注重团队协作，能够高效推进项目落地；持续学习，保持技术敏感度。,软件测试工程师,滁州,互联网/信息技术/软件服务,7000-7500元,否,7000,7500,浙江大学,计算机应用技术,本科,本科,2020-06,2020,数据库原理、计算机网络、操作系统、算法设计与分析,4,否,2,2年,2,否,中软互联网科技有限公司,软件测试工程师,2025-11,是,2,电商平台功能测试,性能测试、功能测试、Selenium、接口测试、测试用例设计、Python、TestNG、MySQL、缺陷管理、Postman,10,无,0,79,93,207,208
龙安然,女,18938408306,longanran4881@qq.com,wx_longanran_635,南通,"期望岗位：算法工程师
期望城市：南通
期望行业：互联网/信息技术/软件服务
期望薪资：面议",2年算法工程师工作经验，精通NLP、数据结构技术栈，参与过完整项目迭代，能够独立完成模块开发与问题排查，注重代码质量与开发效率，具备良好的沟通协作能力。,"厦门理工学院 | 信息管理与信息系统 | 本科
毕业时间：2020年6月
核心课程：机器学习、计算机网络、Java程序设计、Python编程","【博思信息技术有限公司】 算法工程师
2025年10月 - 至今
    · 编写开发文档，沉淀技术规范，协助新人熟悉业务
    · 承担分配模块的编码、测试与优化工作，保障系统稳定运行
    · 负责公司算法工程师相关业务的开发与维护，参与需求评审

【云创互联网科技有限公司】 算法工程师
2024年8月 - 2025年1月
    · 对接产品、测试团队，跟进需求落地与缺陷修复
    · 编写开发文档，沉淀技术规范，协助新人熟悉业务","■ 个性化推荐系统
  项目目标：提升内容推荐精准度，增加用户停留时长
  个人职责：负责协同过滤、深度学习推荐模型开发与离线优化
  项目成果：用户平均停留时长提升25%，点击率提升15%

■ 风控欺诈识别模型
  项目目标：识别交易欺诈行为，降低资金损失风险
  个人职责：特征工程，构建XGBoost风控模型，在线部署与迭代
  项目成果：欺诈识别准确率达92%，每年减少损失超200万","专业技能：机器学习、特征工程、PyTorch、NLP、数据结构、SQL、TensorFlow
相关证书：英语四级",拥有2年实际工作经验，技术功底扎实，熟悉完整开发流程；具备较强的问题解决能力，能够独立排查并解决常见技术问题；工作认真负责，注重团队协作，能够高效推进项目落地；持续学习，保持技术敏感度。,算法工程师,南通,互联网/信息技术/软件服务,面议,是,,,厦门理工学院,信息管理与信息系统,本科,本科,2020-06,2020,机器学习、计算机网络、Java程序设计、Python编程,4,否,2,2年,2,否,博思信息技术有限公司,算法工程师,2025-10,是,2,个性化推荐系统,机器学习、特征工程、PyTorch、NLP、数据结构、SQL、TensorFlow,7,英语四级,1,76,93,197,223
严强,男,18871513141,yanqiang535@163.com,wx_yanqiang_478,苏州,"期望岗位：软件测试工程师
期望城市：苏州
期望行业：互联网/信息技术/软件服务
期望薪资：面议",本科计算机应用技术专业应届毕业生，掌握接口测试、Postman基础技能，完成过课程设计与毕业项目，具备基础代码编写能力与问题排查思路，学习能力强，做事认真踏实，期望从事软件测试工程师相关工作。,"苏州科技大学 | 计算机应用技术 | 本科
毕业时间：2022年6月
核心课程：机器学习、算法设计与分析、计算机网络、数据结构","【校园实践】
    · 参与学校计算机协会技术部，负责协会网站日常维护
    · 协助老师完成实验室设备管理与系统环境搭建
    · 参与班级课程设计小组，担任后端开发角色","■ 学生管理系统功能测试
  项目目标：对课程设计系统进行功能测试与缺陷提交
  个人职责：设计测试用例，执行黑盒测试
  项目成果：发现并提交8个功能缺陷","专业技能：Python、接口测试、MySQL、Appium
相关证书：英语六级、MySQL数据库认证、计算机一级",应届毕业，具备扎实的专业基础知识与学习能力，能够快速掌握新技术；工作态度认真负责，有耐心，注重细节；具备良好的团队意识与沟通能力，能够积极配合团队完成任务；期望在工作中积累经验，快速成长。,软件测试工程师,苏州,互联网/信息技术/软件服务,面议,是,,,苏州科技大学,计算机应用技术,本科,本科,2022-06,2022,机器学习、算法设计与分析、计算机网络、数据结构,4,是,0,应届,1,是,校园实践,· 参与学校计算机协会技术部，负责协会网站日常维护,,否,1,学生管理系统功能测试,Python、接口测试、MySQL、Appium,4,英语六级、MySQL数据库认证、计算机一级,3,96,94,78,89
郝阳,男,18136471542,haoyang35@outlook.com,13338557256,福州,"期望岗位：算法工程师
期望城市：福州
期望行业：互联网/信息技术/软件服务
期望薪资：面议",3年算法工程师工作经验，精通机器学习、PyTorch技术栈，参与过完整项目迭代，能够独立完成模块开发与问题排查，注重代码质量与开发效率，具备良好的沟通协作能力。,"南京大学 | 计算机科学与技术 | 本科
毕业时间：2019年6月
核心课程：机器学习、Java程序设计、数字信号处理、操作系统","【未来科技有限公司】 算法工程师
2025年1月 - 至今
    · 负责公司算法工程师相关业务的开发与维护，参与需求评审
    · 编写开发文档，沉淀技术规范，协助新人熟悉业务
    · 承担分配模块的编码、测试与优化工作，保障系统稳定运行

【天擎互联网科技有限公司】 算法工程师
2024年10月 - 2025年10月
    · 编写开发文档，沉淀技术规范，协助新人熟悉业务
    · 对接产品、测试团队，跟进需求落地与缺陷修复","■ 风控欺诈识别模型
  项目目标：识别交易欺诈行为，降低资金损失风险
  个人职责：特征工程，构建XGBoost风控模型，在线部署与迭代
  项目成果：欺诈识别准确率达92%，每年减少损失超200万

■ 个性化推荐系统
  项目目标：提升内容推荐精准度，增加用户停留时长
  个人职责：负责协同过滤、深度学习推荐模型开发与离线优化
  项目成果：用户平均停留时长提升25%，点击率提升15%","专业技能：TensorFlow、SQL、深度学习、NLP、特征工程、PyTorch、推荐算法
相关证书：软考中级、系统架构设计师、软件设计师（中级）",拥有3年实际工作经验，技术功底扎实，熟悉完整开发流程；具备较强的问题解决能力，能够独立排查并解决常见技术问题；工作认真负责，注重团队协作，能够高效推进项目落地；持续学习，保持技术敏感度。,算法工程师,福州,互联网/信息技术/软件服务,面议,是,,,南京大学,计算机科学与技术,本科,本科,2019-06,2019,机器学习、Java程序设计、数字信号处理、操作系统,4,否,3,3年,2,否,未来科技有限公司,算法工程师,2025-01,是,2,风控欺诈识别模型,TensorFlow、SQL、深度学习、NLP、特征工程、PyTorch、推荐算法,7,软考中级、系统架构设计师、软件设计师（中级）,3,80,93,197,222
傅雨桐,女,18715837255,fu雨tong09@qq.com,wx_fu雨tong_185,扬州,"期望岗位：前端开发工程师
期望城市：扬州
期望行业：互联网/信息技术/软件服务
期望薪资：面议",5年前端开发工程师从业经验，精通Vue技术架构，主导过中型项目从0到1落地，擅长技术方案设计与性能优化，曾推动核心模块技术重构，带来显著效率提升，具备跨部门协作与项目推进能力。,"福建师范大学 | 计算机科学与技术 | 本科
毕业时间：2017年6月
核心课程：操作系统、数据库原理、计算机网络、数字信号处理","【科创网络科技有限公司】 前端开发工程师
2025年6月 - 至今
    · 承担分配模块的编码、测试与优化工作，保障系统稳定运行
    · 编写开发文档，沉淀技术规范，协助新人熟悉业务

【汇智网络科技有限公司】 前端开发工程师
2024年6月 - 2025年3月
    · 承担分配模块的编码、测试与优化工作，保障系统稳定运行
    · 负责公司前端开发工程师相关业务的开发与维护，参与需求评审

【启明网络科技有限公司】 前端开发工程师
2023年6月 - 2024年10月
    · 承担分配模块的编码、测试与优化工作，保障系统稳定运行
    · 对接产品、测试团队，跟进需求落地与缺陷修复","■ 电商平台前端重构
  项目目标：升级旧版电商系统前端架构，提升用户体验与加载速度
  个人职责：负责商品详情页、购物车模块开发，组件化封装公共组件
  项目成果：首屏加载时间从3.2s降至1.8s，页面转化率提升12%

■ 企业后台管理系统
  项目目标：搭建企业运营管理后台，实现业务数据可视化
  个人职责：负责权限管理、数据报表模块开发，对接后端接口联调
  项目成果：覆盖12个业务部门，运营效率提升40%","专业技能：Webpack、Element UI、TypeScript、Axios、React、HTML5、移动端适配、Vite、Ant Design、JavaScript
相关证书：软考中级、计算机一级",拥有5年行业经验，技术视野开阔，具备方案设计与项目把控能力；逻辑清晰，善于定位并解决复杂技术问题；具备良好的团队管理与跨部门沟通能力，能够推动技术优化与业务落地；责任心强，追求技术与业务的平衡发展。,前端开发工程师,扬州,互联网/信息技术/软件服务,面议,是,,,福建师范大学,计算机科学与技术,本科,本科,2017-06,2017,操作系统、数据库原理、计算机网络、数字信号处理,4,否,5,5年,3,否,科创网络科技有限公司,前端开发工程师,2025-06,是,2,电商平台前端重构,Webpack、Element UI、TypeScript、Axios、React、HTML5、移动端适配、Vite、Ant Design、JavaScript,10,软考中级、计算机一级,2,88,99,210,305
袁阳,男,18088904869,yuanyang01@qq.com,13155014998,漳州,"期望岗位：Python开发工程师
期望城市：漳州
期望行业：互联网/信息技术/软件服务
期望薪资：3500-4000元",专科信息管理与信息系统专业应届毕业生，掌握Redis、Flask基础技能，完成过课程设计与毕业项目，具备基础代码编写能力与问题排查思路，学习能力强，做事认真踏实，期望从事Python开发工程师相关工作。,"福建信息职业技术学院 | 信息管理与信息系统 | 专科
毕业时间：2022年6月
核心课程：数字信号处理、数据库原理、算法设计与分析、操作系统","【校园实践】
    · 参与学校计算机协会技术部，负责协会网站日常维护
    · 协助老师完成实验室设备管理与系统环境搭建
    · 参与班级课程设计小组，担任后端开发角色","■ 简单爬虫脚本开发
  项目目标：爬取公开网站数据并入库
  个人职责：负责反爬处理、数据清洗、SQLite存储
  项目成果：日均采集数据1万条","专业技能：Redis、Django、爬虫、Flask、MongoDB
相关证书：阿里云ACP云计算认证、红帽RHCE认证",应届毕业，具备扎实的专业基础知识与学习能力，能够快速掌握新技术；工作态度认真负责，有耐心，注重细节；具备良好的团队意识与沟通能力，能够积极配合团队完成任务；期望在工作中积累经验，快速成长。,Python开发工程师,漳州,互联网/信息技术/软件服务,3500-4000元,否,3500,4000,福建信息职业技术学院,信息管理与信息系统,专科,大专,2022-06,2022,数字信号处理、数据库原理、算法设计与分析、操作系统,4,是,0,应届,1,是,校园实践,· 参与学校计算机协会技术部，负责协会网站日常维护,,否,1,简单爬虫脚本开发,Redis、Django、爬虫、Flask、MongoDB,5,阿里云ACP云计算认证、红帽RHCE认证,2,101,94,74,89
孟佳怡,女,15092406568,mengjiayi2132@126.com,18253224003,阜阳,"期望岗位：后端开发工程师
期望城市：阜阳
期望行业：互联网/信息技术/软件服务
期望薪资：面议",10年后端开发工程师资深经验，精通全链路技术架构，具备团队技术规划与方案设计能力，主导过多个大型项目重构与升级，在高并发/系统稳定性领域有深厚积累，能够带领团队攻克技术难题，驱动业务技术升级。,"江西交通职业技术学院 | 软件技术 | 专科
毕业时间：2012年6月
核心课程：软件工程、数据库原理、Java程序设计、计算机网络","【微远互联网科技有限公司】 后端开发工程师
2023年3月 - 至今
    · 对接产品、测试团队，跟进需求落地与缺陷修复
    · 负责公司后端开发工程师相关业务的开发与维护，参与需求评审

【云创互联网科技有限公司】 后端开发工程师
2020年3月 - 2023年5月
    · 负责公司后端开发工程师相关业务的开发与维护，参与需求评审
    · 编写开发文档，沉淀技术规范，协助新人熟悉业务

【汇智信息技术有限公司】 后端开发工程师
2017年9月 - 2020年5月
    · 承担分配模块的编码、测试与优化工作，保障系统稳定运行
    · 负责公司后端开发工程师相关业务的开发与维护，参与需求评审","■ 即时通讯服务开发
  项目目标：实现企业内部IM系统后端消息推送与存储
  个人职责：负责消息队列、离线消息、会话管理模块开发
  项目成果：支持万人同时在线，消息送达延迟低于100ms

■ 内容管理系统后端
  项目目标：搭建CMS系统后端服务，支持多站点内容发布
  个人职责：负责文章、栏目、权限模块接口开发，设计数据库表结构
  项目成果：支撑8个站点同时运营，内容发布效率提升3倍","专业技能：Gin、K8s、Python、Kafka、微服务、Redis、MySQL、SpringBoot、PostgreSQL、Go
相关证书：软考中级",拥有10年行业经验，技术视野开阔，具备方案设计与项目把控能力；逻辑清晰，善于定位并解决复杂技术问题；具备良好的团队管理与跨部门沟通能力，能够推动技术优化与业务落地；责任心强，追求技术与业务的平衡发展。,后端开发工程师,阜阳,互联网/信息技术/软件服务,面议,是,,,江西交通职业技术学院,软件技术,专科,大专,2012-06,2012,软件工程、数据库原理、Java程序设计、计算机网络,4,否,10,10年,3,否,微远互联网科技有限公司,后端开发工程师,2023-03,是,2,即时通讯服务开发,Gin、K8s、Python、Kafka、微服务、Redis、MySQL、SpringBoot、PostgreSQL、Go,10,软考中级,1,96,100,198,310
戴雨桐,女,13995658136,dai雨tong11@outlook.com,15055598785,扬州,"期望岗位：后端开发工程师
期望城市：扬州
期望行业：互联网/信息技术/软件服务
期望薪资：12000-18500元",5年后端开发工程师从业经验，精通Java技术架构，主导过中型项目从0到1落地，擅长技术方案设计与性能优化，曾推动核心模块技术重构，带来显著效率提升，具备跨部门协作与项目推进能力。,"南京理工大学 | 软件技术 | 本科
毕业时间：2017年6月
核心课程：数字信号处理、Python编程、数据结构、计算机网络","【亿联网络】 后端开发工程师
2025年9月 - 至今
    · 负责公司后端开发工程师相关业务的开发与维护，参与需求评审
    · 编写开发文档，沉淀技术规范，协助新人熟悉业务
    · 对接产品、测试团队，跟进需求落地与缺陷修复

【微远数据技术有限公司】 后端开发工程师
2024年9月 - 2025年9月
    · 承担分配模块的编码、测试与优化工作，保障系统稳定运行
    · 对接产品、测试团队，跟进需求落地与缺陷修复
    · 编写开发文档，沉淀技术规范，协助新人熟悉业务

【金蝶数据技术有限公司】 后端开发工程师
2023年1月 - 2024年1月
    · 承担分配模块的编码、测试与优化工作，保障系统稳定运行
    · 负责公司后端开发工程师相关业务的开发与维护，参与需求评审","■ 内容管理系统后端
  项目目标：搭建CMS系统后端服务，支持多站点内容发布
  个人职责：负责文章、栏目、权限模块接口开发，设计数据库表结构
  项目成果：支撑8个站点同时运营，内容发布效率提升3倍

■ 即时通讯服务开发
  项目目标：实现企业内部IM系统后端消息推送与存储
  个人职责：负责消息队列、离线消息、会话管理模块开发
  项目成果：支持万人同时在线，消息送达延迟低于100ms","专业技能：微服务、Gin、SpringBoot、Python、Go、Docker、MySQL、K8s
相关证书：红帽RHCE认证",拥有5年行业经验，技术视野开阔，具备方案设计与项目把控能力；逻辑清晰，善于定位并解决复杂技术问题；具备良好的团队管理与跨部门沟通能力，能够推动技术优化与业务落地；责任心强，追求技术与业务的平衡发展。,后端开发工程师,扬州,互联网/信息技术/软件服务,12000-18500元,否,12000,18500,南京理工大学,软件技术,本科,本科,2017-06,2017,数字信号处理、Python编程、数据结构、计算机网络,4,否,5,5年,3,否,亿联网络,后端开发工程师,2025-09,是,2,内容管理系统后端,微服务、Gin、SpringBoot、Python、Go、Docker、MySQL、K8s,8,红帽RHCE认证,1,89,99,198,357
严安然,女,18069354539,yananran388@gmail.com,wx_yananran_786,滁州,"期望岗位：数据分析师
期望城市：滁州
期望行业：互联网/信息技术/软件服务
期望薪资：面议",专科物联网工程专业应届毕业生，掌握Excel、Excel基础技能，完成过课程设计与毕业项目，具备基础代码编写能力与问题排查思路，学习能力强，做事认真踏实，期望从事数据分析师相关工作。,"江西交通职业技术学院 | 物联网工程 | 专科
毕业时间：2022年6月
核心课程：数据库原理、Java程序设计、计算机网络、算法设计与分析","【校园实践】
    · 参与学校计算机协会技术部，负责协会网站日常维护
    · 协助老师完成实验室设备管理与系统环境搭建
    · 参与班级课程设计小组，担任后端开发角色","■ 电商公开数据爬取分析
  项目目标：采集公开电商商品数据并分析
  个人职责：数据爬取、清洗、价格销量分析
  项目成果：输出可视化分析图表","专业技能：Power BI、NumPy、数据可视化、统计学
相关证书：无",应届毕业，具备扎实的专业基础知识与学习能力，能够快速掌握新技术；工作态度认真负责，有耐心，注重细节；具备良好的团队意识与沟通能力，能够积极配合团队完成任务；期望在工作中积累经验，快速成长。,数据分析师,滁州,互联网/信息技术/软件服务,面议,是,,,江西交通职业技术学院,物联网工程,专科,大专,2022-06,2022,数据库原理、Java程序设计、计算机网络、算法设计与分析,4,是,0,应届,1,是,校园实践,· 参与学校计算机协会技术部，负责协会网站日常维护,,否,1,电商公开数据爬取分析,Power BI、NumPy、数据可视化、统计学,4,无,0,91,94,72,89
汪梅,女,18728831547,wangmei223@126.com,wx_wangmei_440,芜湖,"期望岗位：Python开发工程师
期望城市：芜湖
期望行业：互联网/信息技术/软件服务
期望薪资：面议",本科网络工程专业应届毕业生，有0段Python开发工程师实习经验，掌握Django技术栈，参与过实习项目开发，具备良好的代码规范与团队协作意识，能够快速上手业务，期望正式入职发展。,"厦门大学 | 网络工程 | 本科
毕业时间：2022年6月
核心课程：Python编程、操作系统、计算机网络、算法设计与分析","【合众科技有限公司】 Python开发工程师（实习）
2021年10月 - 至今
    · 编写开发文档，沉淀技术规范，协助新人熟悉业务
    · 负责公司Python开发工程师相关业务的开发与维护，参与需求评审","■ 自动化办公脚本
  项目目标：批量处理Excel表格数据
  个人职责：实现数据合并、格式转换、自动统计
  项目成果：提升人工效率80%

■ 简单爬虫脚本开发
  项目目标：爬取公开网站数据并入库
  个人职责：负责反爬处理、数据清洗、SQLite存储
  项目成果：日均采集数据1万条","专业技能：MongoDB、Django、FastAPI、MySQL、Redis、Celery
相关证书：英语六级",有实习经验，熟悉开发基本流程，具备基础的项目实践能力；学习能力强，能够快速上手新业务新技术；工作踏实，责任心强，善于沟通协作，能够高效完成分配的工作任务。,Python开发工程师,芜湖,互联网/信息技术/软件服务,面议,是,,,厦门大学,网络工程,本科,本科,2022-06,2022,Python编程、操作系统、计算机网络、算法设计与分析,4,是,0,应届,1,否,合众科技有限公司,Python开发工程师（实习）,2021-10,是,2,自动化办公脚本,MongoDB、Django、FastAPI、MySQL、Redis、Celery,6,英语六级,1,90,77,147,108
于梓涵,女,18664401095,yu梓han8140@gmail.com,wx_yu梓han_988,南平,"期望岗位：运维工程师
期望城市：南平
期望行业：互联网/信息技术/软件服务
期望薪资：6000-12000元",3年运维工程师工作经验，精通Docker、网络运维技术栈，参与过完整项目迭代，能够独立完成模块开发与问题排查，注重代码质量与开发效率，具备良好的沟通协作能力。,"福建信息职业技术学院 | 数字媒体技术 | 专科
毕业时间：2019年6月
核心课程：数据库原理、Python编程、Java程序设计、操作系统","【美图公司】 运维工程师
2025年8月 - 至今
    · 对接产品、测试团队，跟进需求落地与缺陷修复
    · 负责公司运维工程师相关业务的开发与维护，参与需求评审

【金蝶信息技术有限公司】 运维工程师
2024年3月 - 2025年6月
    · 承担分配模块的编码、测试与优化工作，保障系统稳定运行
    · 对接产品、测试团队，跟进需求落地与缺陷修复
    · 负责公司运维工程师相关业务的开发与维护，参与需求评审","■ CI/CD自动化流水线
  项目目标：实现代码自动化构建、测试、部署，提升发布效率
  个人职责：基于Jenkins搭建持续集成流水线，配置Docker容器化部署
  项目成果：发布周期从每周1次提升至每天3次，部署失误率降为0

■ 服务器集群运维优化
  项目目标：提升服务器集群稳定性，降低故障发生率
  个人职责：负责日常巡检、故障排查，优化监控告警规则与分级策略
  项目成果：服务器故障率下降60%，平均故障响应时间缩短至15分钟","专业技能：Ansible、Kubernetes、Linux、Redis、Prometheus、网络运维、Jenkins、Zabbix、Docker
相关证书：无",拥有3年实际工作经验，技术功底扎实，熟悉完整开发流程；具备较强的问题解决能力，能够独立排查并解决常见技术问题；工作认真负责，注重团队协作，能够高效推进项目落地；持续学习，保持技术敏感度。,运维工程师,南平,互联网/信息技术/软件服务,6000-12000元,否,6000,12000,福建信息职业技术学院,数字媒体技术,专科,大专,2019-06,2019,数据库原理、Python编程、Java程序设计、操作系统,4,否,3,3年,2,否,美图公司,运维工程师,2025-08,是,2,CI/CD自动化流水线,Ansible、Kubernetes、Linux、Redis、Prometheus、网络运维、Jenkins、Zabbix、Docker,9,无,0,79,93,223,218
向思琪,女,13320993376,xiangsiqi9074@163.com,wx_xiangsiqi_331,合肥,"期望岗位：后端开发工程师
期望城市：合肥
期望行业：互联网/信息技术/软件服务
期望薪资：6000-7000元",2年后端开发工程师工作经验，精通Docker、Python技术栈，参与过完整项目迭代，能够独立完成模块开发与问题排查，注重代码质量与开发效率，具备良好的沟通协作能力。,"苏州科技大学 | 计算机科学与技术 | 本科
毕业时间：2020年6月
核心课程：Python编程、数据库原理、机器学习、操作系统","【汇智软件有限公司】 后端开发工程师
2025年3月 - 至今
    · 编写开发文档，沉淀技术规范，协助新人熟悉业务
    · 负责公司后端开发工程师相关业务的开发与维护，参与需求评审

【天擎数据技术有限公司】 后端开发工程师
2024年9月 - 2025年4月
    · 编写开发文档，沉淀技术规范，协助新人熟悉业务
    · 负责公司后端开发工程师相关业务的开发与维护，参与需求评审
    · 对接产品、测试团队，跟进需求落地与缺陷修复","■ 即时通讯服务开发
  项目目标：实现企业内部IM系统后端消息推送与存储
  个人职责：负责消息队列、离线消息、会话管理模块开发
  项目成果：支持万人同时在线，消息送达延迟低于100ms

■ 内容管理系统后端
  项目目标：搭建CMS系统后端服务，支持多站点内容发布
  个人职责：负责文章、栏目、权限模块接口开发，设计数据库表结构
  项目成果：支撑8个站点同时运营，内容发布效率提升3倍","专业技能：Java、Docker、Python、MySQL、K8s、PostgreSQL、Kafka、Go、Gin、微服务
相关证书：英语四级、软件设计师（中级）",拥有2年实际工作经验，技术功底扎实，熟悉完整开发流程；具备较强的问题解决能力，能够独立排查并解决常见技术问题；工作认真负责，注重团队协作，能够高效推进项目落地；持续学习，保持技术敏感度。,后端开发工程师,合肥,互联网/信息技术/软件服务,6000-7000元,否,6000,7000,苏州科技大学,计算机科学与技术,本科,本科,2020-06,2020,Python编程、数据库原理、机器学习、操作系统,4,否,2,2年,2,否,汇智软件有限公司,后端开发工程师,2025-03,是,2,即时通讯服务开发,Java、Docker、Python、MySQL、K8s、PostgreSQL、Kafka、Go、Gin、微服务,10,英语四级、软件设计师（中级）,2,83,93,198,227
朱恒,男,18976583082,zhuheng0499@163.com,18031213568,莆田,"期望岗位：后端开发工程师
期望城市：莆田
期望行业：互联网/信息技术/软件服务
期望薪资：5000-5500元",专科软件技术专业应届毕业生，掌握Kafka、SpringBoot基础技能，完成过课程设计与毕业项目，具备基础代码编写能力与问题排查思路，学习能力强，做事认真踏实，期望从事后端开发工程师相关工作。,"福建船政交通职业学院 | 软件技术 | 专科
毕业时间：2022年6月
核心课程：Java程序设计、Python编程、计算机网络、算法设计与分析","【校园实践】
    · 参与学校计算机协会技术部，负责协会网站日常维护
    · 协助老师完成实验室设备管理与系统环境搭建
    · 参与班级课程设计小组，担任后端开发角色","■ 图书管理系统后端
  项目目标：实现图书借阅、归还、用户管理功能
  个人职责：负责接口开发与数据库表结构设计
  项目成果：完成核心功能，支持1000条数据量","专业技能：Redis、PostgreSQL、Java、Gin、Docker、微服务
相关证书：计算机二级",应届毕业，具备扎实的专业基础知识与学习能力，能够快速掌握新技术；工作态度认真负责，有耐心，注重细节；具备良好的团队意识与沟通能力，能够积极配合团队完成任务；期望在工作中积累经验，快速成长。,后端开发工程师,莆田,互联网/信息技术/软件服务,5000-5500元,否,5000,5500,福建船政交通职业学院,软件技术,专科,大专,2022-06,2022,Java程序设计、Python编程、计算机网络、算法设计与分析,4,是,0,应届,1,是,校园实践,· 参与学校计算机协会技术部，负责协会网站日常维护,,否,1,图书管理系统后端,Redis、PostgreSQL、Java、Gin、Docker、微服务,6,计算机二级,1,97,94,82,89
严宇,男,17630502358,yanyu25@126.com,13555477783,温州,"期望岗位：Python开发工程师
期望城市：温州
期望行业：互联网/信息技术/软件服务
期望薪资：面议",专科计算机科学与技术专业应届毕业生，掌握Celery、Linux基础技能，完成过课程设计与毕业项目，具备基础代码编写能力与问题排查思路，学习能力强，做事认真踏实，期望从事Python开发工程师相关工作。,"广东轻工职业技术学院 | 计算机科学与技术 | 专科
毕业时间：2022年6月
核心课程：数字信号处理、计算机网络、算法设计与分析、Java程序设计","【校园实践】
    · 参与学校计算机协会技术部，负责协会网站日常维护
    · 协助老师完成实验室设备管理与系统环境搭建
    · 参与班级课程设计小组，担任后端开发角色","■ 简单爬虫脚本开发
  项目目标：爬取公开网站数据并入库
  个人职责：负责反爬处理、数据清洗、SQLite存储
  项目成果：日均采集数据1万条","专业技能：MongoDB、MySQL、Django、Docker、Git、FastAPI、Flask
相关证书：计算机二级",应届毕业，具备扎实的专业基础知识与学习能力，能够快速掌握新技术；工作态度认真负责，有耐心，注重细节；具备良好的团队意识与沟通能力，能够积极配合团队完成任务；期望在工作中积累经验，快速成长。,Python开发工程师,温州,互联网/信息技术/软件服务,面议,是,,,广东轻工职业技术学院,计算机科学与技术,专科,大专,2022-06,2022,数字信号处理、计算机网络、算法设计与分析、Java程序设计,4,是,0,应届,1,是,校园实践,· 参与学校计算机协会技术部，负责协会网站日常维护,,否,1,简单爬虫脚本开发,MongoDB、MySQL、Django、Docker、Git、FastAPI、Flask,7,计算机二级,1,101,94,74,89
许洋,男,18485129580,xuyang6683@163.com,wx_xuyang_326,宁波,"期望岗位：Python开发工程师
期望城市：宁波
期望行业：互联网/信息技术/软件服务
期望薪资：7000-7500元",本科物联网工程专业应届毕业生，有1段Python开发工程师实习经验，掌握爬虫技术栈，参与过实习项目开发，具备良好的代码规范与团队协作意识，能够快速上手业务，期望正式入职发展。,"东南大学 | 物联网工程 | 本科
毕业时间：2021年6月
核心课程：数据库原理、Python编程、数字信号处理、计算机网络","【科创信息技术有限公司】 Python开发工程师（实习）
2025年12月 - 至今
    · 负责公司Python开发工程师相关业务的开发与维护，参与需求评审
    · 编写开发文档，沉淀技术规范，协助新人熟悉业务","■ 简单爬虫脚本开发
  项目目标：爬取公开网站数据并入库
  个人职责：负责反爬处理、数据清洗、SQLite存储
  项目成果：日均采集数据1万条

■ 自动化办公脚本
  项目目标：批量处理Excel表格数据
  个人职责：实现数据合并、格式转换、自动统计
  项目成果：提升人工效率80%","专业技能：Python、MySQL、Celery、Docker、MongoDB、Redis
相关证书：英语四级、MySQL数据库认证",有实习经验，熟悉开发基本流程，具备基础的项目实践能力；学习能力强，能够快速上手新业务新技术；工作踏实，责任心强，善于沟通协作，能够高效完成分配的工作任务。,Python开发工程师,宁波,互联网/信息技术/软件服务,7000-7500元,否,7000,7500,东南大学,物联网工程,本科,本科,2021-06,2021,数据库原理、Python编程、数字信号处理、计算机网络,4,是,0,应届,1,否,科创信息技术有限公司,Python开发工程师（实习）,2025-12,是,2,简单爬虫脚本开发,Python、MySQL、Celery、Docker、MongoDB、Redis,6,英语四级、MySQL数据库认证,2,87,77,147,110
顾琳,女,15001097236,gulin017@qq.com,15128363289,福州,"期望岗位：软件测试工程师
期望城市：福州
期望行业：互联网/信息技术/软件服务
期望薪资：26000-28500元",9年软件测试工程师资深经验，精通全链路技术架构，具备团队技术规划与方案设计能力，主导过多个大型项目重构与升级，在高并发/系统稳定性领域有深厚积累，能够带领团队攻克技术难题，驱动业务技术升级。,"福建师范大学 | 计算机应用技术 | 本科
毕业时间：2013年6月
核心课程：数据库原理、数据结构、机器学习、Python编程","【博思数据技术有限公司】 软件测试工程师
2023年1月 - 至今
    · 负责公司软件测试工程师相关业务的开发与维护，参与需求评审
    · 对接产品、测试团队，跟进需求落地与缺陷修复
    · 编写开发文档，沉淀技术规范，协助新人熟悉业务

【东软软件有限公司】 软件测试工程师
2020年5月 - 2023年4月
    · 对接产品、测试团队，跟进需求落地与缺陷修复
    · 承担分配模块的编码、测试与优化工作，保障系统稳定运行
    · 编写开发文档，沉淀技术规范，协助新人熟悉业务

【用友信息技术有限公司】 软件测试工程师
2017年2月 - 2020年1月
    · 编写开发文档，沉淀技术规范，协助新人熟悉业务
    · 承担分配模块的编码、测试与优化工作，保障系统稳定运行
    · 负责公司软件测试工程师相关业务的开发与维护，参与需求评审","■ 自动化测试框架搭建
  项目目标：提升回归测试效率，减少人工重复劳动
  个人职责：基于Selenium搭建UI自动化框架，编写核心模块测试脚本
  项目成果：回归测试周期从7天缩短至2天，覆盖率达85%

■ 电商平台功能测试
  项目目标：保障电商系统上线质量，覆盖全业务流程
  个人职责：设计测试用例，执行功能、回归测试，提交缺陷报告
  项目成果：发现并修复120+缺陷，上线后线上缺陷率低于0.5%","专业技能：功能测试、Selenium、缺陷管理、TestNG、测试用例设计、Appium
相关证书：英语六级、计算机二级",拥有9年行业经验，技术视野开阔，具备方案设计与项目把控能力；逻辑清晰，善于定位并解决复杂技术问题；具备良好的团队管理与跨部门沟通能力，能够推动技术优化与业务落地；责任心强，追求技术与业务的平衡发展。,软件测试工程师,福州,互联网/信息技术/软件服务,26000-28500元,否,26000,28500,福建师范大学,计算机应用技术,本科,本科,2013-06,2013,数据库原理、数据结构、机器学习、Python编程,4,否,9,9年,3,否,博思数据技术有限公司,软件测试工程师,2023-01,是,2,自动化测试框架搭建,功能测试、Selenium、缺陷管理、TestNG、测试用例设计、Appium,6,英语六级、计算机二级,2,95,99,207,390
廖天佑,男,18419329089,liao天you72@outlook.com,wx_liao天you_223,安庆,"期望岗位：运维工程师
期望城市：安庆
期望行业：互联网/信息技术/软件服务
期望薪资：面议",3年运维工程师从业经验，精通Redis技术架构，主导过中型项目从0到1落地，擅长技术方案设计与性能优化，曾推动核心模块技术重构，带来显著效率提升，具备跨部门协作与项目推进能力。,"佛山科学技术学院 | 物联网工程 | 本科
毕业时间：2019年6月
核心课程：算法设计与分析、操作系统、数字信号处理、数据结构","【网易（杭州）】 运维工程师
2025年12月 - 至今
    · 负责公司运维工程师相关业务的开发与维护，参与需求评审
    · 编写开发文档，沉淀技术规范，协助新人熟悉业务

【通元软件有限公司】 运维工程师
2024年10月 - 2025年11月
    · 承担分配模块的编码、测试与优化工作，保障系统稳定运行
    · 编写开发文档，沉淀技术规范，协助新人熟悉业务
    · 对接产品、测试团队，跟进需求落地与缺陷修复","■ CI/CD自动化流水线
  项目目标：实现代码自动化构建、测试、部署，提升发布效率
  个人职责：基于Jenkins搭建持续集成流水线，配置Docker容器化部署
  项目成果：发布周期从每周1次提升至每天3次，部署失误率降为0

■ 服务器集群运维优化
  项目目标：提升服务器集群稳定性，降低故障发生率
  个人职责：负责日常巡检、故障排查，优化监控告警规则与分级策略
  项目成果：服务器故障率下降60%，平均故障响应时间缩短至15分钟","专业技能：网络运维、Shell、Prometheus、Docker、Jenkins、Nginx、Linux、Redis、MySQL
相关证书：无",拥有3年行业经验，技术视野开阔，具备方案设计与项目把控能力；逻辑清晰，善于定位并解决复杂技术问题；具备良好的团队管理与跨部门沟通能力，能够推动技术优化与业务落地；责任心强，追求技术与业务的平衡发展。,运维工程师,安庆,互联网/信息技术/软件服务,面议,是,,,佛山科学技术学院,物联网工程,本科,本科,2019-06,2019,算法设计与分析、操作系统、数字信号处理、数据结构,4,否,3,3年,2,否,网易（杭州）,运维工程师,2025-12,是,2,CI/CD自动化流水线,网络运维、Shell、Prometheus、Docker、Jenkins、Nginx、Linux、Redis、MySQL,9,无,0,88,99,223,218
马皓,男,15098311293,mahao175@gmail.com,wx_mahao_942,苏州,"期望岗位：后端开发工程师
期望城市：苏州
期望行业：互联网/信息技术/软件服务
期望薪资：17500-24500元",7年后端开发工程师资深经验，精通全链路技术架构，具备团队技术规划与方案设计能力，主导过多个大型项目重构与升级，在高并发/系统稳定性领域有深厚积累，能够带领团队攻克技术难题，驱动业务技术升级。,"南京大学 | 通信工程 | 本科
毕业时间：2015年6月
核心课程：数字信号处理、Python编程、机器学习、操作系统","【星图互联网科技有限公司】 后端开发工程师
2024年2月 - 至今
    · 对接产品、测试团队，跟进需求落地与缺陷修复
    · 负责公司后端开发工程师相关业务的开发与维护，参与需求评审
    · 编写开发文档，沉淀技术规范，协助新人熟悉业务

【易联网络科技有限公司】 后端开发工程师
2022年4月 - 2024年10月
    · 承担分配模块的编码、测试与优化工作，保障系统稳定运行
    · 编写开发文档，沉淀技术规范，协助新人熟悉业务

【安硕科技有限公司】 后端开发工程师
2020年12月 - 2022年6月
    · 对接产品、测试团队，跟进需求落地与缺陷修复
    · 编写开发文档，沉淀技术规范，协助新人熟悉业务","■ 即时通讯服务开发
  项目目标：实现企业内部IM系统后端消息推送与存储
  个人职责：负责消息队列、离线消息、会话管理模块开发
  项目成果：支持万人同时在线，消息送达延迟低于100ms

■ 内容管理系统后端
  项目目标：搭建CMS系统后端服务，支持多站点内容发布
  个人职责：负责文章、栏目、权限模块接口开发，设计数据库表结构
  项目成果：支撑8个站点同时运营，内容发布效率提升3倍","专业技能：Docker、K8s、Java、MySQL、SpringBoot、PostgreSQL、Kafka、Gin、微服务、Go
相关证书：无",拥有7年行业经验，技术视野开阔，具备方案设计与项目把控能力；逻辑清晰，善于定位并解决复杂技术问题；具备良好的团队管理与跨部门沟通能力，能够推动技术优化与业务落地；责任心强，追求技术与业务的平衡发展。,后端开发工程师,苏州,互联网/信息技术/软件服务,17500-24500元,否,17500,24500,南京大学,通信工程,本科,本科,2015-06,2015,数字信号处理、Python编程、机器学习、操作系统,4,否,7,7年,3,否,星图互联网科技有限公司,后端开发工程师,2024-02,是,2,即时通讯服务开发,Docker、K8s、Java、MySQL、SpringBoot、PostgreSQL、Kafka、Gin、微服务、Go,10,无,0,95,99,198,325
黎紫涵,女,13791616509,li紫han0680@outlook.com,15976786215,滁州,"期望岗位：数据分析师
期望城市：滁州
期望行业：互联网/信息技术/软件服务
期望薪资：17500-19000元",5年数据分析师从业经验，精通Python技术架构，主导过中型项目从0到1落地，擅长技术方案设计与性能优化，曾推动核心模块技术重构，带来显著效率提升，具备跨部门协作与项目推进能力。,"深圳职业技术学院 | 软件技术 | 专科
毕业时间：2017年6月
核心课程：计算机网络、算法设计与分析、Python编程、软件工程","【合众数据技术有限公司】 数据分析师
2025年5月 - 至今
    · 承担分配模块的编码、测试与优化工作，保障系统稳定运行
    · 对接产品、测试团队，跟进需求落地与缺陷修复
    · 编写开发文档，沉淀技术规范，协助新人熟悉业务

【未来科技有限公司】 数据分析师
2024年11月 - 2025年1月
    · 承担分配模块的编码、测试与优化工作，保障系统稳定运行
    · 负责公司数据分析师相关业务的开发与维护，参与需求评审
    · 编写开发文档，沉淀技术规范，协助新人熟悉业务

【天擎数据技术有限公司】 数据分析师
2023年12月 - 2024年9月
    · 负责公司数据分析师相关业务的开发与维护，参与需求评审
    · 承担分配模块的编码、测试与优化工作，保障系统稳定运行
    · 对接产品、测试团队，跟进需求落地与缺陷修复","■ 用户行为分析看板
  项目目标：构建用户行为数据体系，支撑运营决策
  个人职责：负责数据清洗、指标体系搭建，输出可视化运营报表
  项目成果：输出15+核心运营指标，支撑每月3次运营优化，用户留存率提升8%

■ 销售数据预测建模
  项目目标：基于历史数据预测销量，指导库存与备货
  个人职责：数据预处理，构建时间序列预测模型，输出月度预测报告
  项目成果：预测准确率达89%，库存周转效率提升25%","专业技能：NumPy、MySQL、Power BI、统计学、Hive、Python、Excel、Pandas
相关证书：软件设计师（中级）、MySQL数据库认证、软考中级",拥有5年行业经验，技术视野开阔，具备方案设计与项目把控能力；逻辑清晰，善于定位并解决复杂技术问题；具备良好的团队管理与跨部门沟通能力，能够推动技术优化与业务落地；责任心强，追求技术与业务的平衡发展。,数据分析师,滁州,互联网/信息技术/软件服务,17500-19000元,否,17500,19000,深圳职业技术学院,软件技术,专科,大专,2017-06,2017,计算机网络、算法设计与分析、Python编程、软件工程,4,否,5,5年,3,否,合众数据技术有限公司,数据分析师,2025-05,是,2,用户行为分析看板,NumPy、MySQL、Power BI、统计学、Hive、Python、Excel、Pandas,8,软件设计师（中级）、MySQL数据库认证、软考中级,3,89,99,206,386
魏晨,男,13189570718,weichen07@outlook.com,15539493420,无锡,"期望岗位：前端开发工程师
期望城市：无锡
期望行业：互联网/信息技术/软件服务
期望薪资：面议",专科计算机科学与技术专业应届毕业生，有0段前端开发工程师实习经验，掌握Webpack技术栈，参与过实习项目开发，具备良好的代码规范与团队协作意识，能够快速上手业务，期望正式入职发展。,"福建信息职业技术学院 | 计算机科学与技术 | 专科
毕业时间：2022年6月
核心课程：数据结构、数据库原理、软件工程、算法设计与分析","【科创互联网科技有限公司】 前端开发工程师（实习）
2023年11月 - 至今
    · 编写开发文档，沉淀技术规范，协助新人熟悉业务
    · 对接产品、测试团队，跟进需求落地与缺陷修复
    · 负责公司前端开发工程师相关业务的开发与维护，参与需求评审","■ 校园社团官网（实训项目）
  项目目标：为学校社团开发官方展示网站
  个人职责：负责首页、新闻页、成员页开发
  项目成果：上线后访问量累计5000+

■ 个人博客系统（课程作业）
  项目目标：开发个人博客前端页面，实现文章展示与评论
  个人职责：负责页面布局、交互效果、接口联调
  项目成果：完成响应式页面，兼容多浏览器","专业技能：Axios、React、移动端适配、Element UI、CSS3
相关证书：英语六级、计算机一级",有实习经验，熟悉开发基本流程，具备基础的项目实践能力；学习能力强，能够快速上手新业务新技术；工作踏实，责任心强，善于沟通协作，能够高效完成分配的工作任务。,前端开发工程师,无锡,互联网/信息技术/软件服务,面议,是,,,福建信息职业技术学院,计算机科学与技术,专科,大专,2022-06,2022,数据结构、数据库原理、软件工程、算法设计与分析,4,是,0,应届,1,否,科创互联网科技有限公司,前端开发工程师（实习）,2023-11,是,2,校园社团官网（实训项目）,Axios、React、移动端适配、Element UI、CSS3,5,英语六级、计算机一级,2,91,77,168,131
蒋阳,男,18945168793,jiangyang8821@126.com,18939817014,阜阳,"期望岗位：运维工程师
期望城市：阜阳
期望行业：互联网/信息技术/软件服务
期望薪资：15000-17000元",3年运维工程师从业经验，精通Linux技术架构，主导过中型项目从0到1落地，擅长技术方案设计与性能优化，曾推动核心模块技术重构，带来显著效率提升，具备跨部门协作与项目推进能力。,"浙江大学 | 数学与应用数学 | 本科
毕业时间：2019年6月
核心课程：算法设计与分析、Java程序设计、Python编程、计算机网络","【阿里巴巴（福州分公司）】 运维工程师
2025年1月 - 至今
    · 负责公司运维工程师相关业务的开发与维护，参与需求评审
    · 承担分配模块的编码、测试与优化工作，保障系统稳定运行

【云创互联网科技有限公司】 运维工程师
2024年7月 - 2025年12月
    · 对接产品、测试团队，跟进需求落地与缺陷修复
    · 编写开发文档，沉淀技术规范，协助新人熟悉业务","■ CI/CD自动化流水线
  项目目标：实现代码自动化构建、测试、部署，提升发布效率
  个人职责：基于Jenkins搭建持续集成流水线，配置Docker容器化部署
  项目成果：发布周期从每周1次提升至每天3次，部署失误率降为0

■ 服务器集群运维优化
  项目目标：提升服务器集群稳定性，降低故障发生率
  个人职责：负责日常巡检、故障排查，优化监控告警规则与分级策略
  项目成果：服务器故障率下降60%，平均故障响应时间缩短至15分钟","专业技能：Redis、Shell、Prometheus、MySQL、Nginx、Zabbix、网络运维
相关证书：MySQL数据库认证、华为HCIA认证",拥有3年行业经验，技术视野开阔，具备方案设计与项目把控能力；逻辑清晰，善于定位并解决复杂技术问题；具备良好的团队管理与跨部门沟通能力，能够推动技术优化与业务落地；责任心强，追求技术与业务的平衡发展。,运维工程师,阜阳,互联网/信息技术/软件服务,15000-17000元,否,15000,17000,浙江大学,数学与应用数学,本科,本科,2019-06,2019,算法设计与分析、Java程序设计、Python编程、计算机网络,4,否,3,3年,2,否,阿里巴巴（福州分公司）,运维工程师,2025-01,是,2,CI/CD自动化流水线,Redis、Shell、Prometheus、MySQL、Nginx、Zabbix、网络运维,7,MySQL数据库认证、华为HCIA认证,2,88,99,223,195
覃杰,男,17692015380,qinjie785@gmail.com,wx_qinjie_230,合肥,"期望岗位：数据分析师
期望城市：合肥
期望行业：互联网/信息技术/软件服务
期望薪资：6500-7500元",专科信息管理与信息系统专业应届毕业生，有1段数据分析师实习经验，掌握统计学技术栈，参与过实习项目开发，具备良好的代码规范与团队协作意识，能够快速上手业务，期望正式入职发展。,"深圳职业技术学院 | 信息管理与信息系统 | 专科
毕业时间：2021年6月
核心课程：Java程序设计、算法设计与分析、Python编程、数据结构","【亿联网络】 数据分析师（实习）
2025年10月 - 至今
    · 对接产品、测试团队，跟进需求落地与缺陷修复
    · 编写开发文档，沉淀技术规范，协助新人熟悉业务","■ 学生成绩数据分析
  项目目标：对班级期末成绩进行统计分析
  个人职责：数据清洗、可视化图表制作、结论输出
  项目成果：输出分析报告，提出3点教学建议

■ 电商公开数据爬取分析
  项目目标：采集公开电商商品数据并分析
  个人职责：数据爬取、清洗、价格销量分析
  项目成果：输出可视化分析图表","专业技能：Tableau、Python、NumPy、Excel
相关证书：华为HCIA认证",有实习经验，熟悉开发基本流程，具备基础的项目实践能力；学习能力强，能够快速上手新业务新技术；工作踏实，责任心强，善于沟通协作，能够高效完成分配的工作任务。,数据分析师,合肥,互联网/信息技术/软件服务,6500-7500元,否,6500,7500,深圳职业技术学院,信息管理与信息系统,专科,大专,2021-06,2021,Java程序设计、算法设计与分析、Python编程、数据结构,4,是,0,应届,1,否,亿联网络,数据分析师（实习）,2025-10,是,2,学生成绩数据分析,Tableau、Python、NumPy、Excel,4,华为HCIA认证,1,86,77,153,87
覃燕,女,18611916105,qinyan3585@126.com,17679054424,绍兴,"期望岗位：前端开发工程师
期望城市：绍兴
期望行业：互联网/信息技术/软件服务
期望薪资：面议",3年前端开发工程师工作经验，精通Element UI、React技术栈，参与过完整项目迭代，能够独立完成模块开发与问题排查，注重代码质量与开发效率，具备良好的沟通协作能力。,"广东轻工职业技术学院 | 网络工程 | 专科
毕业时间：2019年6月
核心课程：操作系统、数据结构、机器学习、算法设计与分析","【东软科技有限公司】 前端开发工程师
2025年5月 - 至今
    · 承担分配模块的编码、测试与优化工作，保障系统稳定运行
    · 对接产品、测试团队，跟进需求落地与缺陷修复
    · 编写开发文档，沉淀技术规范，协助新人熟悉业务

【汇智科技有限公司】 前端开发工程师
2024年9月 - 2025年12月
    · 编写开发文档，沉淀技术规范，协助新人熟悉业务
    · 负责公司前端开发工程师相关业务的开发与维护，参与需求评审","■ 企业后台管理系统
  项目目标：搭建企业运营管理后台，实现业务数据可视化
  个人职责：负责权限管理、数据报表模块开发，对接后端接口联调
  项目成果：覆盖12个业务部门，运营效率提升40%

■ 电商平台前端重构
  项目目标：升级旧版电商系统前端架构，提升用户体验与加载速度
  个人职责：负责商品详情页、购物车模块开发，组件化封装公共组件
  项目成果：首屏加载时间从3.2s降至1.8s，页面转化率提升12%","专业技能：Element UI、Vite、JavaScript、移动端适配、Vue、TypeScript、HTML5、Ant Design、Webpack、CSS3
相关证书：无",拥有3年实际工作经验，技术功底扎实，熟悉完整开发流程；具备较强的问题解决能力，能够独立排查并解决常见技术问题；工作认真负责，注重团队协作，能够高效推进项目落地；持续学习，保持技术敏感度。,前端开发工程师,绍兴,互联网/信息技术/软件服务,面议,是,,,广东轻工职业技术学院,网络工程,专科,大专,2019-06,2019,操作系统、数据结构、机器学习、算法设计与分析,4,否,3,3年,2,否,东软科技有限公司,前端开发工程师,2025-05,是,2,企业后台管理系统,Element UI、Vite、JavaScript、移动端适配、Vue、TypeScript、HTML5、Ant Design、Webpack、CSS3,10,无,0,86,93,210,224
袁雨桐,女,15908528161,yuan雨tong926@gmail.com,wx_yuan雨tong_756,南通,"期望岗位：前端开发工程师
期望城市：南通
期望行业：互联网/信息技术/软件服务
期望薪资：面议",10年前端开发工程师资深经验，精通全链路技术架构，具备团队技术规划与方案设计能力，主导过多个大型项目重构与升级，在高并发/系统稳定性领域有深厚积累，能够带领团队攻克技术难题，驱动业务技术升级。,"广东技术师范大学 | 数学与应用数学 | 本科
毕业时间：2012年6月
核心课程：数据结构、计算机网络、操作系统、软件工程","【汇智信息技术有限公司】 前端开发工程师
2023年9月 - 至今
    · 负责公司前端开发工程师相关业务的开发与维护，参与需求评审
    · 对接产品、测试团队，跟进需求落地与缺陷修复

【安硕互联网科技有限公司】 前端开发工程师
2020年10月 - 2023年12月
    · 对接产品、测试团队，跟进需求落地与缺陷修复
    · 编写开发文档，沉淀技术规范，协助新人熟悉业务
    · 负责公司前端开发工程师相关业务的开发与维护，参与需求评审

【通元信息技术有限公司】 前端开发工程师
2017年12月 - 2020年7月
    · 编写开发文档，沉淀技术规范，协助新人熟悉业务
    · 负责公司前端开发工程师相关业务的开发与维护，参与需求评审
    · 对接产品、测试团队，跟进需求落地与缺陷修复","■ 企业后台管理系统
  项目目标：搭建企业运营管理后台，实现业务数据可视化
  个人职责：负责权限管理、数据报表模块开发，对接后端接口联调
  项目成果：覆盖12个业务部门，运营效率提升40%

■ 电商平台前端重构
  项目目标：升级旧版电商系统前端架构，提升用户体验与加载速度
  个人职责：负责商品详情页、购物车模块开发，组件化封装公共组件
  项目成果：首屏加载时间从3.2s降至1.8s，页面转化率提升12%","专业技能：移动端适配、JavaScript、TypeScript、Vite、HTML5、Vue
相关证书：无",拥有10年行业经验，技术视野开阔，具备方案设计与项目把控能力；逻辑清晰，善于定位并解决复杂技术问题；具备良好的团队管理与跨部门沟通能力，能够推动技术优化与业务落地；责任心强，追求技术与业务的平衡发展。,前端开发工程师,南通,互联网/信息技术/软件服务,面议,是,,,广东技术师范大学,数学与应用数学,本科,本科,2012-06,2012,数据结构、计算机网络、操作系统、软件工程,4,否,10,10年,3,否,汇智信息技术有限公司,前端开发工程师,2023-09,是,2,企业后台管理系统,移动端适配、JavaScript、TypeScript、Vite、HTML5、Vue,6,无,0,96,100,210,364
胡然,男,15841341206,huran3716@163.com,wx_huran_581,苏州,"期望岗位：Java开发工程师
期望城市：苏州
期望行业：互联网/信息技术/软件服务
期望薪资：6000-6500元",专科物联网工程专业应届毕业生，有1段Java开发工程师实习经验，掌握SpringBoot技术栈，参与过实习项目开发，具备良好的代码规范与团队协作意识，能够快速上手业务，期望正式入职发展。,"福州职业技术学院 | 物联网工程 | 专科
毕业时间：2021年6月
核心课程：机器学习、算法设计与分析、计算机网络、数据库原理","【智联网络科技有限公司】 Java开发工程师（实习）
2025年6月 - 至今
    · 负责公司Java开发工程师相关业务的开发与维护，参与需求评审
    · 编写开发文档，沉淀技术规范，协助新人熟悉业务","■ 校园二手交易平台（毕设）
  项目目标：搭建校园闲置物品发布与交易平台
  个人职责：负责用户模块、商品发布模块开发
  项目成果：完成系统原型，获得良好成绩

■ 学生成绩管理系统（课程设计）
  项目目标：实现学生信息、成绩、班级的增删改查管理
  个人职责：负责后端接口开发与数据库设计
  项目成果：完成基础功能，通过课程答辩","专业技能：微服务、Git、Java、RabbitMQ、Redis、SpringBoot、MyBatis
相关证书：英语四级、华为HCIA认证",有实习经验，熟悉开发基本流程，具备基础的项目实践能力；学习能力强，能够快速上手新业务新技术；工作踏实，责任心强，善于沟通协作，能够高效完成分配的工作任务。,Java开发工程师,苏州,互联网/信息技术/软件服务,6000-6500元,否,6000,6500,福州职业技术学院,物联网工程,专科,大专,2021-06,2021,机器学习、算法设计与分析、计算机网络、数据库原理,4,是,0,应届,1,否,智联网络科技有限公司,Java开发工程师（实习）,2025-06,是,2,校园二手交易平台（毕设）,微服务、Git、Java、RabbitMQ、Redis、SpringBoot、MyBatis,7,英语四级、华为HCIA认证,2,93,77,169,105
赵恒,男,13306032709,zhaoheng308@126.com,wx_zhaoheng_914,苏州,"期望岗位：运维工程师
期望城市：苏州
期望行业：互联网/信息技术/软件服务
期望薪资：4500-6000元",专科网络工程专业应届毕业生，掌握网络运维、Ansible基础技能，完成过课程设计与毕业项目，具备基础代码编写能力与问题排查思路，学习能力强，做事认真踏实，期望从事运维工程师相关工作。,"江西交通职业技术学院 | 网络工程 | 专科
毕业时间：2022年6月
核心课程：数字信号处理、Python编程、Java程序设计、操作系统","【校园实践】
    · 参与学校计算机协会技术部，负责协会网站日常维护
    · 协助老师完成实验室设备管理与系统环境搭建
    · 参与班级课程设计小组，担任后端开发角色","■ 简单监控脚本开发
  项目目标：编写服务器状态监控脚本
  个人职责：实现CPU、内存、磁盘使用率自动采集
  项目成果：支持异常邮件告警","专业技能：MySQL、Kubernetes、Docker、Jenkins、Prometheus
相关证书：英语六级",应届毕业，具备扎实的专业基础知识与学习能力，能够快速掌握新技术；工作态度认真负责，有耐心，注重细节；具备良好的团队意识与沟通能力，能够积极配合团队完成任务；期望在工作中积累经验，快速成长。,运维工程师,苏州,互联网/信息技术/软件服务,4500-6000元,否,4500,6000,江西交通职业技术学院,网络工程,专科,大专,2022-06,2022,数字信号处理、Python编程、Java程序设计、操作系统,4,是,0,应届,1,是,校园实践,· 参与学校计算机协会技术部，负责协会网站日常维护,,否,1,简单监控脚本开发,MySQL、Kubernetes、Docker、Jenkins、Prometheus,5,英语六级,1,91,94,71,89
邵洋,男,18405977985,shaoyang8494@163.com,wx_shaoyang_243,莆田,"期望岗位：运维工程师
期望城市：莆田
期望行业：互联网/信息技术/软件服务
期望薪资：面议",本科电子信息工程专业应届毕业生，掌握Jenkins、Linux基础技能，完成过课程设计与毕业项目，具备基础代码编写能力与问题排查思路，学习能力强，做事认真踏实，期望从事运维工程师相关工作。,"广东技术师范大学 | 电子信息工程 | 本科
毕业时间：2022年6月
核心课程：机器学习、数据库原理、数据结构、软件工程","【校园实践】
    · 参与学校计算机协会技术部，负责协会网站日常维护
    · 协助老师完成实验室设备管理与系统环境搭建
    · 参与班级课程设计小组，担任后端开发角色","■ 实验室服务器搭建实训
  项目目标：搭建实验室Linux服务器环境
  个人职责：负责系统安装、网络配置、基础服务部署
  项目成果：完成3台服务器环境搭建","专业技能：Redis、Kubernetes、网络运维、Jenkins、Docker、Shell、Zabbix
相关证书：无",应届毕业，具备扎实的专业基础知识与学习能力，能够快速掌握新技术；工作态度认真负责，有耐心，注重细节；具备良好的团队意识与沟通能力，能够积极配合团队完成任务；期望在工作中积累经验，快速成长。,运维工程师,莆田,互联网/信息技术/软件服务,面议,是,,,广东技术师范大学,电子信息工程,本科,本科,2022-06,2022,机器学习、数据库原理、数据结构、软件工程,4,是,0,应届,1,是,校园实践,· 参与学校计算机协会技术部，负责协会网站日常维护,,否,1,实验室服务器搭建实训,Redis、Kubernetes、网络运维、Jenkins、Docker、Shell、Zabbix,7,无,0,94,94,80,89
严洋,男,17697544744,yanyang83@qq.com,18321863568,宁波,"期望岗位：Python开发工程师
期望城市：宁波
期望行业：互联网/信息技术/软件服务
期望薪资：面议",本科软件技术专业应届毕业生，有0段Python开发工程师实习经验，掌握Celery技术栈，参与过实习项目开发，具备良好的代码规范与团队协作意识，能够快速上手业务，期望正式入职发展。,"华南理工大学 | 软件技术 | 本科
毕业时间：2022年6月
核心课程：操作系统、机器学习、软件工程、Python编程","【安硕软件有限公司】 Python开发工程师（实习）
2019年12月 - 至今
    · 承担分配模块的编码、测试与优化工作，保障系统稳定运行
    · 负责公司Python开发工程师相关业务的开发与维护，参与需求评审
    · 编写开发文档，沉淀技术规范，协助新人熟悉业务","■ 简单爬虫脚本开发
  项目目标：爬取公开网站数据并入库
  个人职责：负责反爬处理、数据清洗、SQLite存储
  项目成果：日均采集数据1万条

■ 自动化办公脚本
  项目目标：批量处理Excel表格数据
  个人职责：实现数据合并、格式转换、自动统计
  项目成果：提升人工效率80%","专业技能：Linux、FastAPI、Flask、Docker
相关证书：计算机一级",有实习经验，熟悉开发基本流程，具备基础的项目实践能力；学习能力强，能够快速上手新业务新技术；工作踏实，责任心强，善于沟通协作，能够高效完成分配的工作任务。,Python开发工程师,宁波,互联网/信息技术/软件服务,面议,是,,,华南理工大学,软件技术,本科,本科,2022-06,2022,操作系统、机器学习、软件工程、Python编程,4,是,0,应届,1,否,安硕软件有限公司,Python开发工程师（实习）,2019-12,是,2,简单爬虫脚本开发,Linux、FastAPI、Flask、Docker,4,计算机一级,1,90,77,147,141
潘梓轩,男,17628266270,pan梓xuan94@qq.com,13921223459,杭州,"期望岗位：软件测试工程师
期望城市：杭州
期望行业：互联网/信息技术/软件服务
期望薪资：面议",专科通信工程专业应届毕业生，有0段软件测试工程师实习经验，掌握TestNG技术栈，参与过实习项目开发，具备良好的代码规范与团队协作意识，能够快速上手业务，期望正式入职发展。,"泉州经贸职业技术学院 | 通信工程 | 专科
毕业时间：2022年6月
核心课程：Java程序设计、数据结构、机器学习、操作系统","【吉比特网络】 软件测试工程师（实习）
2020年10月 - 至今
    · 对接产品、测试团队，跟进需求落地与缺陷修复
    · 承担分配模块的编码、测试与优化工作，保障系统稳定运行
    · 负责公司软件测试工程师相关业务的开发与维护，参与需求评审","■ 网页兼容性测试实训
  项目目标：对多个网站进行浏览器兼容测试
  个人职责：制定测试方案，输出测试报告
  项目成果：覆盖5款主流浏览器

■ 学生管理系统功能测试
  项目目标：对课程设计系统进行功能测试与缺陷提交
  个人职责：设计测试用例，执行黑盒测试
  项目成果：发现并提交8个功能缺陷","专业技能：测试用例设计、Postman、性能测试、功能测试、Python、Appium
相关证书：PMP项目管理专业人士、英语六级、MySQL数据库认证",有实习经验，熟悉开发基本流程，具备基础的项目实践能力；学习能力强，能够快速上手新业务新技术；工作踏实，责任心强，善于沟通协作，能够高效完成分配的工作任务。,软件测试工程师,杭州,互联网/信息技术/软件服务,面议,是,,,泉州经贸职业技术学院,通信工程,专科,大专,2022-06,2022,Java程序设计、数据结构、机器学习、操作系统,4,是,0,应届,1,否,吉比特网络,软件测试工程师（实习）,2020-10,是,2,网页兼容性测试实训,测试用例设计、Postman、性能测试、功能测试、Python、Appium,6,PMP项目管理专业人士、英语六级、MySQL数据库认证,3,86,77,151,129
毛天佑,男,18522987822,mao天you767@qq.com,wx_mao天you_446,南平,"期望岗位：算法工程师
期望城市：南平
期望行业：互联网/信息技术/软件服务
期望薪资：11000-16000元",5年算法工程师从业经验，精通Python技术架构，主导过中型项目从0到1落地，擅长技术方案设计与性能优化，曾推动核心模块技术重构，带来显著效率提升，具备跨部门协作与项目推进能力。,"苏州科技大学 | 电子信息工程 | 本科
毕业时间：2017年6月
核心课程：机器学习、数据结构、数据库原理、Python编程","【金蝶网络科技有限公司】 算法工程师
2025年11月 - 至今
    · 编写开发文档，沉淀技术规范，协助新人熟悉业务
    · 负责公司算法工程师相关业务的开发与维护，参与需求评审

【中软数据技术有限公司】 算法工程师
2024年8月 - 2025年1月
    · 负责公司算法工程师相关业务的开发与维护，参与需求评审
    · 编写开发文档，沉淀技术规范，协助新人熟悉业务

【用友互联网科技有限公司】 算法工程师
2023年10月 - 2024年1月
    · 承担分配模块的编码、测试与优化工作，保障系统稳定运行
    · 对接产品、测试团队，跟进需求落地与缺陷修复
    · 编写开发文档，沉淀技术规范，协助新人熟悉业务","■ 个性化推荐系统
  项目目标：提升内容推荐精准度，增加用户停留时长
  个人职责：负责协同过滤、深度学习推荐模型开发与离线优化
  项目成果：用户平均停留时长提升25%，点击率提升15%

■ 风控欺诈识别模型
  项目目标：识别交易欺诈行为，降低资金损失风险
  个人职责：特征工程，构建XGBoost风控模型，在线部署与迭代
  项目成果：欺诈识别准确率达92%，每年减少损失超200万","专业技能：计算机视觉、深度学习、NLP、机器学习、数据结构、Python、特征工程
相关证书：软件设计师（中级）",拥有5年行业经验，技术视野开阔，具备方案设计与项目把控能力；逻辑清晰，善于定位并解决复杂技术问题；具备良好的团队管理与跨部门沟通能力，能够推动技术优化与业务落地；责任心强，追求技术与业务的平衡发展。,算法工程师,南平,互联网/信息技术/软件服务,11000-16000元,否,11000,16000,苏州科技大学,电子信息工程,本科,本科,2017-06,2017,机器学习、数据结构、数据库原理、Python编程,4,否,5,5年,3,否,金蝶网络科技有限公司,算法工程师,2025-11,是,2,个性化推荐系统,计算机视觉、深度学习、NLP、机器学习、数据结构、Python、特征工程,7,软件设计师（中级）,1,89,99,197,324
江一诺,女,18284467809,jiang一nuo63@163.com,13050637729,嘉兴,"期望岗位：运维工程师
期望城市：嘉兴
期望行业：互联网/信息技术/软件服务
期望薪资：8000-9500元",1年运维工程师工作经验，精通MySQL、Redis技术栈，参与过完整项目迭代，能够独立完成模块开发与问题排查，注重代码质量与开发效率，具备良好的沟通协作能力。,"江西师范大学 | 信息管理与信息系统 | 本科
毕业时间：2021年6月
核心课程：数据库原理、数据结构、软件工程、Java程序设计","【美图公司】 运维工程师
2025年12月 - 至今
    · 编写开发文档，沉淀技术规范，协助新人熟悉业务
    · 承担分配模块的编码、测试与优化工作，保障系统稳定运行
    · 负责公司运维工程师相关业务的开发与维护，参与需求评审","■ CI/CD自动化流水线
  项目目标：实现代码自动化构建、测试、部署，提升发布效率
  个人职责：基于Jenkins搭建持续集成流水线，配置Docker容器化部署
  项目成果：发布周期从每周1次提升至每天3次，部署失误率降为0

■ 服务器集群运维优化
  项目目标：提升服务器集群稳定性，降低故障发生率
  个人职责：负责日常巡检、故障排查，优化监控告警规则与分级策略
  项目成果：服务器故障率下降60%，平均故障响应时间缩短至15分钟","专业技能：Prometheus、Linux、Shell、Jenkins、Nginx、Zabbix、Ansible
相关证书：计算机一级、计算机二级",拥有1年实际工作经验，技术功底扎实，熟悉完整开发流程；具备较强的问题解决能力，能够独立排查并解决常见技术问题；工作认真负责，注重团队协作，能够高效推进项目落地；持续学习，保持技术敏感度。,运维工程师,嘉兴,互联网/信息技术/软件服务,8000-9500元,否,8000,9500,江西师范大学,信息管理与信息系统,本科,本科,2021-06,2021,数据库原理、数据结构、软件工程、Java程序设计,4,否,1,1年,1,否,美图公司,运维工程师,2025-12,是,2,CI/CD自动化流水线,Prometheus、Linux、Shell、Jenkins、Nginx、Zabbix、Ansible,7,计算机一级、计算机二级,2,79,93,223,121
黎杰,男,15319807311,lijie8428@163.com,wx_lijie_340,扬州,"期望岗位：数据分析师
期望城市：扬州
期望行业：互联网/信息技术/软件服务
期望薪资：面议",1年数据分析师工作经验，精通SQL、Hive技术栈，参与过完整项目迭代，能够独立完成模块开发与问题排查，注重代码质量与开发效率，具备良好的沟通协作能力。,"福建信息职业技术学院 | 电子信息工程 | 专科
毕业时间：2021年6月
核心课程：Python编程、软件工程、操作系统、算法设计与分析","【易联信息技术有限公司】 数据分析师
2025年10月 - 至今
    · 承担分配模块的编码、测试与优化工作，保障系统稳定运行
    · 负责公司数据分析师相关业务的开发与维护，参与需求评审","■ 用户行为分析看板
  项目目标：构建用户行为数据体系，支撑运营决策
  个人职责：负责数据清洗、指标体系搭建，输出可视化运营报表
  项目成果：输出15+核心运营指标，支撑每月3次运营优化，用户留存率提升8%

■ 销售数据预测建模
  项目目标：基于历史数据预测销量，指导库存与备货
  个人职责：数据预处理，构建时间序列预测模型，输出月度预测报告
  项目成果：预测准确率达89%，库存周转效率提升25%","专业技能：用户分析、SQL、MySQL、NumPy、数据可视化、Hive、Tableau、Excel、Power BI
相关证书：系统架构设计师、阿里云ACP云计算认证",拥有1年实际工作经验，技术功底扎实，熟悉完整开发流程；具备较强的问题解决能力，能够独立排查并解决常见技术问题；工作认真负责，注重团队协作，能够高效推进项目落地；持续学习，保持技术敏感度。,数据分析师,扬州,互联网/信息技术/软件服务,面议,是,,,福建信息职业技术学院,电子信息工程,专科,大专,2021-06,2021,Python编程、软件工程、操作系统、算法设计与分析,4,否,1,1年,1,否,易联信息技术有限公司,数据分析师,2025-10,是,2,用户行为分析看板,用户分析、SQL、MySQL、NumPy、数据可视化、Hive、Tableau、Excel、Power BI,9,系统架构设计师、阿里云ACP云计算认证,2,76,93,206,98
赵敏,女,13953055338,zhaomin92@163.com,17797445615,扬州,"期望岗位：后端开发工程师
期望城市：扬州
期望行业：互联网/信息技术/软件服务
期望薪资：3000-4000元",本科数学与应用数学专业应届毕业生，掌握PostgreSQL、Redis基础技能，完成过课程设计与毕业项目，具备基础代码编写能力与问题排查思路，学习能力强，做事认真踏实，期望从事后端开发工程师相关工作。,"厦门大学 | 数学与应用数学 | 本科
毕业时间：2022年6月
核心课程：计算机网络、数字信号处理、数据库原理、Python编程","【校园实践】
    · 参与学校计算机协会技术部，负责协会网站日常维护
    · 协助老师完成实验室设备管理与系统环境搭建
    · 参与班级课程设计小组，担任后端开发角色","■ 简单论坛系统
  项目目标：实现帖子发布、回复、板块管理
  个人职责：负责后端服务开发与接口文档编写
  项目成果：支持百人同时在线访问","专业技能：Redis、微服务、Java、Go、MySQL
相关证书：英语六级、计算机二级",应届毕业，具备扎实的专业基础知识与学习能力，能够快速掌握新技术；工作态度认真负责，有耐心，注重细节；具备良好的团队意识与沟通能力，能够积极配合团队完成任务；期望在工作中积累经验，快速成长。,后端开发工程师,扬州,互联网/信息技术/软件服务,3000-4000元,否,3000,4000,厦门大学,数学与应用数学,本科,本科,2022-06,2022,计算机网络、数字信号处理、数据库原理、Python编程,4,是,0,应届,1,是,校园实践,· 参与学校计算机协会技术部，负责协会网站日常维护,,否,1,简单论坛系统,Redis、微服务、Java、Go、MySQL,5,英语六级、计算机二级,2,100,94,71,89
余一诺,女,18830447692,yu一nuo8091@gmail.com,15696657400,台州,"期望岗位：运维工程师
期望城市：台州
期望行业：互联网/信息技术/软件服务
期望薪资：5000-6000元",专科数学与应用数学专业应届毕业生，掌握Docker、MySQL基础技能，完成过课程设计与毕业项目，具备基础代码编写能力与问题排查思路，学习能力强，做事认真踏实，期望从事运维工程师相关工作。,"厦门海洋职业技术学院 | 数学与应用数学 | 专科
毕业时间：2022年6月
核心课程：数据库原理、数据结构、Python编程、机器学习","【校园实践】
    · 参与学校计算机协会技术部，负责协会网站日常维护
    · 协助老师完成实验室设备管理与系统环境搭建
    · 参与班级课程设计小组，担任后端开发角色","■ 实验室服务器搭建实训
  项目目标：搭建实验室Linux服务器环境
  个人职责：负责系统安装、网络配置、基础服务部署
  项目成果：完成3台服务器环境搭建","专业技能：Docker、Linux、Kubernetes、Jenkins、MySQL、Redis、Ansible
相关证书：英语四级",应届毕业，具备扎实的专业基础知识与学习能力，能够快速掌握新技术；工作态度认真负责，有耐心，注重细节；具备良好的团队意识与沟通能力，能够积极配合团队完成任务；期望在工作中积累经验，快速成长。,运维工程师,台州,互联网/信息技术/软件服务,5000-6000元,否,5000,6000,厦门海洋职业技术学院,数学与应用数学,专科,大专,2022-06,2022,数据库原理、数据结构、Python编程、机器学习,4,是,0,应届,1,是,校园实践,· 参与学校计算机协会技术部，负责协会网站日常维护,,否,1,实验室服务器搭建实训,Docker、Linux、Kubernetes、Jenkins、MySQL、Redis、Ansible,7,英语四级,1,94,94,80,89
曾雯,女,15070459816,zengwen26@outlook.com,18542831065,无锡,"期望岗位：后端开发工程师
期望城市：无锡
期望行业：互联网/信息技术/软件服务
期望薪资：3500-5500元",本科物联网工程专业应届毕业生，掌握Python、Kafka基础技能，完成过课程设计与毕业项目，具备基础代码编写能力与问题排查思路，学习能力强，做事认真踏实，期望从事后端开发工程师相关工作。,"南京理工大学 | 物联网工程 | 本科
毕业时间：2022年6月
核心课程：操作系统、算法设计与分析、计算机网络、数字信号处理","【校园实践】
    · 参与学校计算机协会技术部，负责协会网站日常维护
    · 协助老师完成实验室设备管理与系统环境搭建
    · 参与班级课程设计小组，担任后端开发角色","■ 图书管理系统后端
  项目目标：实现图书借阅、归还、用户管理功能
  个人职责：负责接口开发与数据库表结构设计
  项目成果：完成核心功能，支持1000条数据量","专业技能：MySQL、Docker、PostgreSQL、Go
相关证书：无",应届毕业，具备扎实的专业基础知识与学习能力，能够快速掌握新技术；工作态度认真负责，有耐心，注重细节；具备良好的团队意识与沟通能力，能够积极配合团队完成任务；期望在工作中积累经验，快速成长。,后端开发工程师,无锡,互联网/信息技术/软件服务,3500-5500元,否,3500,5500,南京理工大学,物联网工程,本科,本科,2022-06,2022,操作系统、算法设计与分析、计算机网络、数字信号处理,4,是,0,应届,1,是,校园实践,· 参与学校计算机协会技术部，负责协会网站日常维护,,否,1,图书管理系统后端,MySQL、Docker、PostgreSQL、Go,4,无,0,94,94,82,89
莫俊熙,男,18877989754,mojunxi00@outlook.com,18522355590,宁德,"期望岗位：后端开发工程师
期望城市：宁德
期望行业：互联网/信息技术/软件服务
期望薪资：5000-6000元",专科计算机科学与技术专业应届毕业生，掌握微服务、SpringBoot基础技能，完成过课程设计与毕业项目，具备基础代码编写能力与问题排查思路，学习能力强，做事认真踏实，期望从事后端开发工程师相关工作。,"深圳职业技术学院 | 计算机科学与技术 | 专科
毕业时间：2022年6月
核心课程：算法设计与分析、计算机网络、软件工程、操作系统","【校园实践】
    · 参与学校计算机协会技术部，负责协会网站日常维护
    · 协助老师完成实验室设备管理与系统环境搭建
    · 参与班级课程设计小组，担任后端开发角色","■ 图书管理系统后端
  项目目标：实现图书借阅、归还、用户管理功能
  个人职责：负责接口开发与数据库表结构设计
  项目成果：完成核心功能，支持1000条数据量","专业技能：K8s、PostgreSQL、Java、Python、SpringBoot、Redis
相关证书：计算机二级",应届毕业，具备扎实的专业基础知识与学习能力，能够快速掌握新技术；工作态度认真负责，有耐心，注重细节；具备良好的团队意识与沟通能力，能够积极配合团队完成任务；期望在工作中积累经验，快速成长。,后端开发工程师,宁德,互联网/信息技术/软件服务,5000-6000元,否,5000,6000,深圳职业技术学院,计算机科学与技术,专科,大专,2022-06,2022,算法设计与分析、计算机网络、软件工程、操作系统,4,是,0,应届,1,是,校园实践,· 参与学校计算机协会技术部，负责协会网站日常维护,,否,1,图书管理系统后端,K8s、PostgreSQL、Java、Python、SpringBoot、Redis,6,计算机二级,1,99,94,82,89
彭明,男,18192425579,pengming3994@gmail.com,wx_pengming_403,蚌埠,"期望岗位：数据分析师
期望城市：蚌埠
期望行业：互联网/信息技术/软件服务
期望薪资：面议",本科软件工程专业应届毕业生，有0段数据分析师实习经验，掌握用户分析技术栈，参与过实习项目开发，具备良好的代码规范与团队协作意识，能够快速上手业务，期望正式入职发展。,"厦门大学 | 软件工程 | 本科
毕业时间：2022年6月
核心课程：数据库原理、机器学习、操作系统、数据结构","【新科数据技术有限公司】 数据分析师（实习）
2022年8月 - 至今
    · 编写开发文档，沉淀技术规范，协助新人熟悉业务
    · 对接产品、测试团队，跟进需求落地与缺陷修复
    · 承担分配模块的编码、测试与优化工作，保障系统稳定运行","■ 电商公开数据爬取分析
  项目目标：采集公开电商商品数据并分析
  个人职责：数据爬取、清洗、价格销量分析
  项目成果：输出可视化分析图表

■ 学生成绩数据分析
  项目目标：对班级期末成绩进行统计分析
  个人职责：数据清洗、可视化图表制作、结论输出
  项目成果：输出分析报告，提出3点教学建议","专业技能：用户分析、Pandas、SQL、Excel
相关证书：无",有实习经验，熟悉开发基本流程，具备基础的项目实践能力；学习能力强，能够快速上手新业务新技术；工作踏实，责任心强，善于沟通协作，能够高效完成分配的工作任务。,数据分析师,蚌埠,互联网/信息技术/软件服务,面议,是,,,厦门大学,软件工程,本科,本科,2022-06,2022,数据库原理、机器学习、操作系统、数据结构,4,是,0,应届,1,否,新科数据技术有限公司,数据分析师（实习）,2022-08,是,2,电商公开数据爬取分析,用户分析、Pandas、SQL、Excel,4,无,0,82,77,153,125
范雪,女,15249167813,fanxue00@outlook.com,18467678700,嘉兴,"期望岗位：Python开发工程师
期望城市：嘉兴
期望行业：互联网/信息技术/软件服务
期望薪资：3000-6000元",本科数字媒体技术专业应届毕业生，掌握Celery、Git基础技能，完成过课程设计与毕业项目，具备基础代码编写能力与问题排查思路，学习能力强，做事认真踏实，期望从事Python开发工程师相关工作。,"东南大学 | 数字媒体技术 | 本科
毕业时间：2022年6月
核心课程：操作系统、计算机网络、数据结构、算法设计与分析","【校园实践】
    · 参与学校计算机协会技术部，负责协会网站日常维护
    · 协助老师完成实验室设备管理与系统环境搭建
    · 参与班级课程设计小组，担任后端开发角色","■ 简单爬虫脚本开发
  项目目标：爬取公开网站数据并入库
  个人职责：负责反爬处理、数据清洗、SQLite存储
  项目成果：日均采集数据1万条","专业技能：Celery、Linux、Django、爬虫、FastAPI
相关证书：计算机一级、计算机二级、英语四级",应届毕业，具备扎实的专业基础知识与学习能力，能够快速掌握新技术；工作态度认真负责，有耐心，注重细节；具备良好的团队意识与沟通能力，能够积极配合团队完成任务；期望在工作中积累经验，快速成长。,Python开发工程师,嘉兴,互联网/信息技术/软件服务,3000-6000元,否,3000,6000,东南大学,数字媒体技术,本科,本科,2022-06,2022,操作系统、计算机网络、数据结构、算法设计与分析,4,是,0,应届,1,是,校园实践,· 参与学校计算机协会技术部，负责协会网站日常维护,,否,1,简单爬虫脚本开发,Celery、Linux、Django、爬虫、FastAPI,5,计算机一级、计算机二级、英语四级,3,97,94,74,89
高然,男,18417908523,gaoran30@126.com,wx_gaoran_189,滁州,"期望岗位：后端开发工程师
期望城市：滁州
期望行业：互联网/信息技术/软件服务
期望薪资：11500-14500元",4年后端开发工程师从业经验，精通K8s技术架构，主导过中型项目从0到1落地，擅长技术方案设计与性能优化，曾推动核心模块技术重构，带来显著效率提升，具备跨部门协作与项目推进能力。,"广东轻工职业技术学院 | 网络工程 | 专科
毕业时间：2018年6月
核心课程：数据结构、数据库原理、数字信号处理、机器学习","【通元信息技术有限公司】 后端开发工程师
2024年2月 - 至今
    · 编写开发文档，沉淀技术规范，协助新人熟悉业务
    · 承担分配模块的编码、测试与优化工作，保障系统稳定运行
    · 对接产品、测试团队，跟进需求落地与缺陷修复

【恒信数据技术有限公司】 后端开发工程师
2022年8月 - 2024年9月
    · 对接产品、测试团队，跟进需求落地与缺陷修复
    · 负责公司后端开发工程师相关业务的开发与维护，参与需求评审
    · 承担分配模块的编码、测试与优化工作，保障系统稳定运行","■ 内容管理系统后端
  项目目标：搭建CMS系统后端服务，支持多站点内容发布
  个人职责：负责文章、栏目、权限模块接口开发，设计数据库表结构
  项目成果：支撑8个站点同时运营，内容发布效率提升3倍

■ 即时通讯服务开发
  项目目标：实现企业内部IM系统后端消息推送与存储
  个人职责：负责消息队列、离线消息、会话管理模块开发
  项目成果：支持万人同时在线，消息送达延迟低于100ms","专业技能：PostgreSQL、微服务、SpringBoot、K8s、Gin、Redis、Kafka
相关证书：计算机一级",拥有4年行业经验，技术视野开阔，具备方案设计与项目把控能力；逻辑清晰，善于定位并解决复杂技术问题；具备良好的团队管理与跨部门沟通能力，能够推动技术优化与业务落地；责任心强，追求技术与业务的平衡发展。,后端开发工程师,滁州,互联网/信息技术/软件服务,11500-14500元,否,11500,14500,广东轻工职业技术学院,网络工程,专科,大专,2018-06,2018,数据结构、数据库原理、数字信号处理、机器学习,4,否,4,4年,2,否,通元信息技术有限公司,后端开发工程师,2024-02,是,2,内容管理系统后端,PostgreSQL、微服务、SpringBoot、K8s、Gin、Redis、Kafka,7,计算机一级,1,88,99,198,259
汤雨萱,女,13195107642,tang雨xuan9288@qq.com,15507986407,无锡,"期望岗位：Python开发工程师
期望城市：无锡
期望行业：互联网/信息技术/软件服务
期望薪资：10000-11500元",3年Python开发工程师工作经验，精通Git、Redis技术栈，参与过完整项目迭代，能够独立完成模块开发与问题排查，注重代码质量与开发效率，具备良好的沟通协作能力。,"浙江大学 | 通信工程 | 本科
毕业时间：2019年6月
核心课程：算法设计与分析、Python编程、数字信号处理、Java程序设计","【锐捷数据技术有限公司】 Python开发工程师
2025年2月 - 至今
    · 承担分配模块的编码、测试与优化工作，保障系统稳定运行
    · 负责公司Python开发工程师相关业务的开发与维护，参与需求评审
    · 对接产品、测试团队，跟进需求落地与缺陷修复

【新科软件有限公司】 Python开发工程师
2024年12月 - 2025年7月
    · 对接产品、测试团队，跟进需求落地与缺陷修复
    · 编写开发文档，沉淀技术规范，协助新人熟悉业务","■ 自动化运维平台
  项目目标：开发运维管理平台，实现服务器批量管理
  个人职责：负责监控、告警、任务调度模块后端开发
  项目成果：管理服务器200+，运维人力成本降低50%

■ 数据采集爬虫系统
  项目目标：搭建分布式爬虫平台，采集多渠道公开数据
  个人职责：负责反爬策略破解、数据清洗、入库逻辑开发
  项目成果：日均采集数据50万条，数据准确率98%以上","专业技能：Git、Docker、Flask、MySQL、Redis、FastAPI
相关证书：无",拥有3年实际工作经验，技术功底扎实，熟悉完整开发流程；具备较强的问题解决能力，能够独立排查并解决常见技术问题；工作认真负责，注重团队协作，能够高效推进项目落地；持续学习，保持技术敏感度。,Python开发工程师,无锡,互联网/信息技术/软件服务,10000-11500元,否,10000,11500,浙江大学,通信工程,本科,本科,2019-06,2019,算法设计与分析、Python编程、数字信号处理、Java程序设计,4,否,3,3年,2,否,锐捷数据技术有限公司,Python开发工程师,2025-02,是,2,自动化运维平台,Git、Docker、Flask、MySQL、Redis、FastAPI,6,无,0,83,93,186,237
叶浩,男,18164734589,yehao076@163.com,18598254063,福州,"期望岗位：后端开发工程师
期望城市：福州
期望行业：互联网/信息技术/软件服务
期望薪资：面议",1年后端开发工程师工作经验，精通K8s、Redis技术栈，参与过完整项目迭代，能够独立完成模块开发与问题排查，注重代码质量与开发效率，具备良好的沟通协作能力。,"福建信息职业技术学院 | 数据科学与大数据技术 | 专科
毕业时间：2021年6月
核心课程：Python编程、机器学习、软件工程、算法设计与分析","【微远互联网科技有限公司】 后端开发工程师
2025年11月 - 至今
    · 负责公司后端开发工程师相关业务的开发与维护，参与需求评审
    · 承担分配模块的编码、测试与优化工作，保障系统稳定运行
    · 编写开发文档，沉淀技术规范，协助新人熟悉业务","■ 即时通讯服务开发
  项目目标：实现企业内部IM系统后端消息推送与存储
  个人职责：负责消息队列、离线消息、会话管理模块开发
  项目成果：支持万人同时在线，消息送达延迟低于100ms

■ 内容管理系统后端
  项目目标：搭建CMS系统后端服务，支持多站点内容发布
  个人职责：负责文章、栏目、权限模块接口开发，设计数据库表结构
  项目成果：支撑8个站点同时运营，内容发布效率提升3倍","专业技能：K8s、SpringBoot、Kafka、Python、Gin、Go、Redis、Docker、Java、MySQL
相关证书：计算机二级、英语四级",拥有1年实际工作经验，技术功底扎实，熟悉完整开发流程；具备较强的问题解决能力，能够独立排查并解决常见技术问题；工作认真负责，注重团队协作，能够高效推进项目落地；持续学习，保持技术敏感度。,后端开发工程师,福州,互联网/信息技术/软件服务,面议,是,,,福建信息职业技术学院,数据科学与大数据技术,专科,大专,2021-06,2021,Python编程、机器学习、软件工程、算法设计与分析,4,否,1,1年,1,否,微远互联网科技有限公司,后端开发工程师,2025-11,是,2,即时通讯服务开发,K8s、SpringBoot、Kafka、Python、Gin、Go、Redis、Docker、Java、MySQL,10,计算机二级、英语四级,2,79,93,198,132
廖强,男,17654432239,liaoqiang920@gmail.com,wx_liaoqiang_911,南平,"期望岗位：后端开发工程师
期望城市：南平
期望行业：互联网/信息技术/软件服务
期望薪资：11500-12000元",1年后端开发工程师工作经验，精通K8s、MySQL技术栈，参与过完整项目迭代，能够独立完成模块开发与问题排查，注重代码质量与开发效率，具备良好的沟通协作能力。,"厦门海洋职业技术学院 | 数据科学与大数据技术 | 专科
毕业时间：2021年6月
核心课程：计算机网络、Java程序设计、软件工程、Python编程","【锐捷网络科技有限公司】 后端开发工程师
2025年11月 - 至今
    · 承担分配模块的编码、测试与优化工作，保障系统稳定运行
    · 对接产品、测试团队，跟进需求落地与缺陷修复
    · 编写开发文档，沉淀技术规范，协助新人熟悉业务","■ 内容管理系统后端
  项目目标：搭建CMS系统后端服务，支持多站点内容发布
  个人职责：负责文章、栏目、权限模块接口开发，设计数据库表结构
  项目成果：支撑8个站点同时运营，内容发布效率提升3倍

■ 即时通讯服务开发
  项目目标：实现企业内部IM系统后端消息推送与存储
  个人职责：负责消息队列、离线消息、会话管理模块开发
  项目成果：支持万人同时在线，消息送达延迟低于100ms","专业技能：K8s、SpringBoot、Go、PostgreSQL、Docker、Python、Gin、Java、MySQL
相关证书：软考中级、MySQL数据库认证、计算机二级",拥有1年实际工作经验，技术功底扎实，熟悉完整开发流程；具备较强的问题解决能力，能够独立排查并解决常见技术问题；工作认真负责，注重团队协作，能够高效推进项目落地；持续学习，保持技术敏感度。,后端开发工程师,南平,互联网/信息技术/软件服务,11500-12000元,否,11500,12000,厦门海洋职业技术学院,数据科学与大数据技术,专科,大专,2021-06,2021,计算机网络、Java程序设计、软件工程、Python编程,4,否,1,1年,1,否,锐捷网络科技有限公司,后端开发工程师,2025-11,是,2,内容管理系统后端,K8s、SpringBoot、Go、PostgreSQL、Docker、Python、Gin、Java、MySQL,9,软考中级、MySQL数据库认证、计算机二级,3,79,93,198,124
金娟,女,13498895969,jinjuan1717@qq.com,wx_jinjuan_823,温州,"期望岗位：Java开发工程师
期望城市：温州
期望行业：互联网/信息技术/软件服务
期望薪资：13500-14500元",4年Java开发工程师从业经验，精通Java技术架构，主导过中型项目从0到1落地，擅长技术方案设计与性能优化，曾推动核心模块技术重构，带来显著效率提升，具备跨部门协作与项目推进能力。,"江西师范大学 | 电子信息工程 | 本科
毕业时间：2018年6月
核心课程：机器学习、Python编程、数据结构、操作系统","【通元软件有限公司】 Java开发工程师
2024年3月 - 至今
    · 编写开发文档，沉淀技术规范，协助新人熟悉业务
    · 负责公司Java开发工程师相关业务的开发与维护，参与需求评审

【恒信网络科技有限公司】 Java开发工程师
2022年11月 - 2024年7月
    · 对接产品、测试团队，跟进需求落地与缺陷修复
    · 编写开发文档，沉淀技术规范，协助新人熟悉业务","■ 微服务用户中心重构
  项目目标：将单体用户系统拆分为微服务架构，提升并发承载能力
  个人职责：负责登录、注册、权限模块开发，优化数据库查询与缓存策略
  项目成果：支持并发量从500提升至5000，接口响应耗时减少60%

■ 电商订单交易系统
  项目目标：搭建高可用电商订单系统，支撑大促流量峰值
  个人职责：负责订单创建、支付回调、库存扣减核心逻辑开发
  项目成果：支撑日均订单量10万+，系统可用性达99.95%","专业技能：Redis、Git、JVM调优、RabbitMQ、MySQL、Java、Linux、微服务
相关证书：无",拥有4年行业经验，技术视野开阔，具备方案设计与项目把控能力；逻辑清晰，善于定位并解决复杂技术问题；具备良好的团队管理与跨部门沟通能力，能够推动技术优化与业务落地；责任心强，追求技术与业务的平衡发展。,Java开发工程师,温州,互联网/信息技术/软件服务,13500-14500元,否,13500,14500,江西师范大学,电子信息工程,本科,本科,2018-06,2018,机器学习、Python编程、数据结构、操作系统,4,否,4,4年,2,否,通元软件有限公司,Java开发工程师,2024-03,是,2,微服务用户中心重构,Redis、Git、JVM调优、RabbitMQ、MySQL、Java、Linux、微服务,8,无,0,91,99,216,199
萧然,男,18760300896,xiaoran17@gmail.com,wx_xiaoran_261,杭州,"期望岗位：Java开发工程师
期望城市：杭州
期望行业：互联网/信息技术/软件服务
期望薪资：11000-19000元",5年Java开发工程师从业经验，精通SpringCloud技术架构，主导过中型项目从0到1落地，擅长技术方案设计与性能优化，曾推动核心模块技术重构，带来显著效率提升，具备跨部门协作与项目推进能力。,"浙江大学 | 计算机应用技术 | 本科
毕业时间：2017年6月
核心课程：操作系统、计算机网络、算法设计与分析、数字信号处理","【云创数据技术有限公司】 Java开发工程师
2025年1月 - 至今
    · 负责公司Java开发工程师相关业务的开发与维护，参与需求评审
    · 承担分配模块的编码、测试与优化工作，保障系统稳定运行

【博思信息技术有限公司】 Java开发工程师
2024年12月 - 2025年12月
    · 负责公司Java开发工程师相关业务的开发与维护，参与需求评审
    · 对接产品、测试团队，跟进需求落地与缺陷修复
    · 承担分配模块的编码、测试与优化工作，保障系统稳定运行

【信雅数据技术有限公司】 Java开发工程师
2023年3月 - 2024年2月
    · 对接产品、测试团队，跟进需求落地与缺陷修复
    · 负责公司Java开发工程师相关业务的开发与维护，参与需求评审","■ 微服务用户中心重构
  项目目标：将单体用户系统拆分为微服务架构，提升并发承载能力
  个人职责：负责登录、注册、权限模块开发，优化数据库查询与缓存策略
  项目成果：支持并发量从500提升至5000，接口响应耗时减少60%

■ 电商订单交易系统
  项目目标：搭建高可用电商订单系统，支撑大促流量峰值
  个人职责：负责订单创建、支付回调、库存扣减核心逻辑开发
  项目成果：支撑日均订单量10万+，系统可用性达99.95%","专业技能：MyBatis、Java、Redis、JVM调优、Linux、SpringCloud、SpringBoot、RabbitMQ、Docker
相关证书：阿里云ACP云计算认证、英语四级",拥有5年行业经验，技术视野开阔，具备方案设计与项目把控能力；逻辑清晰，善于定位并解决复杂技术问题；具备良好的团队管理与跨部门沟通能力，能够推动技术优化与业务落地；责任心强，追求技术与业务的平衡发展。,Java开发工程师,杭州,互联网/信息技术/软件服务,11000-19000元,否,11000,19000,浙江大学,计算机应用技术,本科,本科,2017-06,2017,操作系统、计算机网络、算法设计与分析、数字信号处理,4,否,5,5年,3,否,云创数据技术有限公司,Java开发工程师,2025-01,是,2,微服务用户中心重构,MyBatis、Java、Redis、JVM调优、Linux、SpringCloud、SpringBoot、RabbitMQ、Docker,9,阿里云ACP云计算认证、英语四级,2,98,99,216,354
龚雯,女,13704425905,gongwen3686@qq.com,wx_gongwen_468,南平,"期望岗位：后端开发工程师
期望城市：南平
期望行业：互联网/信息技术/软件服务
期望薪资：19000-33000元",7年后端开发工程师资深经验，精通全链路技术架构，具备团队技术规划与方案设计能力，主导过多个大型项目重构与升级，在高并发/系统稳定性领域有深厚积累，能够带领团队攻克技术难题，驱动业务技术升级。,"浙江工业大学 | 数学与应用数学 | 本科
毕业时间：2015年6月
核心课程：操作系统、Python编程、软件工程、数字信号处理","【微远软件有限公司】 后端开发工程师
2024年12月 - 至今
    · 对接产品、测试团队，跟进需求落地与缺陷修复
    · 编写开发文档，沉淀技术规范，协助新人熟悉业务

【通元信息技术有限公司】 后端开发工程师
2022年8月 - 2024年9月
    · 对接产品、测试团队，跟进需求落地与缺陷修复
    · 承担分配模块的编码、测试与优化工作，保障系统稳定运行
    · 编写开发文档，沉淀技术规范，协助新人熟悉业务

【云创网络科技有限公司】 后端开发工程师
2020年7月 - 2022年6月
    · 负责公司后端开发工程师相关业务的开发与维护，参与需求评审
    · 编写开发文档，沉淀技术规范，协助新人熟悉业务
    · 承担分配模块的编码、测试与优化工作，保障系统稳定运行","■ 内容管理系统后端
  项目目标：搭建CMS系统后端服务，支持多站点内容发布
  个人职责：负责文章、栏目、权限模块接口开发，设计数据库表结构
  项目成果：支撑8个站点同时运营，内容发布效率提升3倍

■ 即时通讯服务开发
  项目目标：实现企业内部IM系统后端消息推送与存储
  个人职责：负责消息队列、离线消息、会话管理模块开发
  项目成果：支持万人同时在线，消息送达延迟低于100ms","专业技能：Gin、K8s、Kafka、SpringBoot、MySQL、Java、Go、Docker、Python、PostgreSQL
相关证书：英语六级",拥有7年行业经验，技术视野开阔，具备方案设计与项目把控能力；逻辑清晰，善于定位并解决复杂技术问题；具备良好的团队管理与跨部门沟通能力，能够推动技术优化与业务落地；责任心强，追求技术与业务的平衡发展。,后端开发工程师,南平,互联网/信息技术/软件服务,19000-33000元,否,19000,33000,浙江工业大学,数学与应用数学,本科,本科,2015-06,2015,操作系统、Python编程、软件工程、数字信号处理,4,否,7,7年,3,否,微远软件有限公司,后端开发工程师,2024-12,是,2,内容管理系统后端,Gin、K8s、Kafka、SpringBoot、MySQL、Java、Go、Docker、Python、PostgreSQL,10,英语六级,1,95,99,198,356
万刚,男,13045125055,wangang685@qq.com,13629428646,泉州,"期望岗位：运维工程师
期望城市：泉州
期望行业：互联网/信息技术/软件服务
期望薪资：3000-4500元",专科计算机科学与技术专业应届毕业生，掌握Shell、Jenkins基础技能，完成过课程设计与毕业项目，具备基础代码编写能力与问题排查思路，学习能力强，做事认真踏实，期望从事运维工程师相关工作。,"泉州经贸职业技术学院 | 计算机科学与技术 | 专科
毕业时间：2022年6月
核心课程：Java程序设计、计算机网络、数据库原理、软件工程","【校园实践】
    · 参与学校计算机协会技术部，负责协会网站日常维护
    · 协助老师完成实验室设备管理与系统环境搭建
    · 参与班级课程设计小组，担任后端开发角色","■ 简单监控脚本开发
  项目目标：编写服务器状态监控脚本
  个人职责：实现CPU、内存、磁盘使用率自动采集
  项目成果：支持异常邮件告警","专业技能：Prometheus、网络运维、Kubernetes、Nginx
相关证书：计算机二级、计算机一级、MySQL数据库认证",应届毕业，具备扎实的专业基础知识与学习能力，能够快速掌握新技术；工作态度认真负责，有耐心，注重细节；具备良好的团队意识与沟通能力，能够积极配合团队完成任务；期望在工作中积累经验，快速成长。,运维工程师,泉州,互联网/信息技术/软件服务,3000-4500元,否,3000,4500,泉州经贸职业技术学院,计算机科学与技术,专科,大专,2022-06,2022,Java程序设计、计算机网络、数据库原理、软件工程,4,是,0,应届,1,是,校园实践,· 参与学校计算机协会技术部，负责协会网站日常维护,,否,1,简单监控脚本开发,Prometheus、网络运维、Kubernetes、Nginx,4,计算机二级、计算机一级、MySQL数据库认证,3,96,94,71,89
宋磊,男,18869893669,songlei85@126.com,wx_songlei_688,台州,"期望岗位：后端开发工程师
期望城市：台州
期望行业：互联网/信息技术/软件服务
期望薪资：21500-25500元",7年后端开发工程师资深经验，精通全链路技术架构，具备团队技术规划与方案设计能力，主导过多个大型项目重构与升级，在高并发/系统稳定性领域有深厚积累，能够带领团队攻克技术难题，驱动业务技术升级。,"佛山科学技术学院 | 数据科学与大数据技术 | 本科
毕业时间：2015年6月
核心课程：数据库原理、数据结构、数字信号处理、算法设计与分析","【通元科技有限公司】 后端开发工程师
2024年2月 - 至今
    · 负责公司后端开发工程师相关业务的开发与维护，参与需求评审
    · 对接产品、测试团队，跟进需求落地与缺陷修复

【汇智信息技术有限公司】 后端开发工程师
2022年5月 - 2024年4月
    · 编写开发文档，沉淀技术规范，协助新人熟悉业务
    · 负责公司后端开发工程师相关业务的开发与维护，参与需求评审

【未来互联网科技有限公司】 后端开发工程师
2020年1月 - 2022年2月
    · 对接产品、测试团队，跟进需求落地与缺陷修复
    · 负责公司后端开发工程师相关业务的开发与维护，参与需求评审
    · 编写开发文档，沉淀技术规范，协助新人熟悉业务","■ 即时通讯服务开发
  项目目标：实现企业内部IM系统后端消息推送与存储
  个人职责：负责消息队列、离线消息、会话管理模块开发
  项目成果：支持万人同时在线，消息送达延迟低于100ms

■ 内容管理系统后端
  项目目标：搭建CMS系统后端服务，支持多站点内容发布
  个人职责：负责文章、栏目、权限模块接口开发，设计数据库表结构
  项目成果：支撑8个站点同时运营，内容发布效率提升3倍","专业技能：K8s、Go、MySQL、Docker、微服务、SpringBoot、Kafka、Redis、PostgreSQL
相关证书：软考中级",拥有7年行业经验，技术视野开阔，具备方案设计与项目把控能力；逻辑清晰，善于定位并解决复杂技术问题；具备良好的团队管理与跨部门沟通能力，能够推动技术优化与业务落地；责任心强，追求技术与业务的平衡发展。,后端开发工程师,台州,互联网/信息技术/软件服务,21500-25500元,否,21500,25500,佛山科学技术学院,数据科学与大数据技术,本科,本科,2015-06,2015,数据库原理、数据结构、数字信号处理、算法设计与分析,4,否,7,7年,3,否,通元科技有限公司,后端开发工程师,2024-02,是,2,即时通讯服务开发,K8s、Go、MySQL、Docker、微服务、SpringBoot、Kafka、Redis、PostgreSQL,9,软考中级,1,95,99,198,331
曾晨,男,15715829869,zengchen4526@163.com,wx_zengchen_313,宁波,"期望岗位：算法工程师
期望城市：宁波
期望行业：互联网/信息技术/软件服务
期望薪资：15000-15500元",5年算法工程师从业经验，精通TensorFlow技术架构，主导过中型项目从0到1落地，擅长技术方案设计与性能优化，曾推动核心模块技术重构，带来显著效率提升，具备跨部门协作与项目推进能力。,"东南大学 | 通信工程 | 本科
毕业时间：2017年6月
核心课程：Java程序设计、数据库原理、算法设计与分析、数据结构","【信雅科技有限公司】 算法工程师
2025年6月 - 至今
    · 编写开发文档，沉淀技术规范，协助新人熟悉业务
    · 负责公司算法工程师相关业务的开发与维护，参与需求评审

【微远软件有限公司】 算法工程师
2024年3月 - 2025年5月
    · 编写开发文档，沉淀技术规范，协助新人熟悉业务
    · 负责公司算法工程师相关业务的开发与维护，参与需求评审
    · 承担分配模块的编码、测试与优化工作，保障系统稳定运行

【博思软件有限公司】 算法工程师
2023年12月 - 2024年1月
    · 承担分配模块的编码、测试与优化工作，保障系统稳定运行
    · 负责公司算法工程师相关业务的开发与维护，参与需求评审","■ 个性化推荐系统
  项目目标：提升内容推荐精准度，增加用户停留时长
  个人职责：负责协同过滤、深度学习推荐模型开发与离线优化
  项目成果：用户平均停留时长提升25%，点击率提升15%

■ 风控欺诈识别模型
  项目目标：识别交易欺诈行为，降低资金损失风险
  个人职责：特征工程，构建XGBoost风控模型，在线部署与迭代
  项目成果：欺诈识别准确率达92%，每年减少损失超200万","专业技能：Python、TensorFlow、特征工程、机器学习、数据结构、PyTorch、计算机视觉、推荐算法、NLP
相关证书：软考中级",拥有5年行业经验，技术视野开阔，具备方案设计与项目把控能力；逻辑清晰，善于定位并解决复杂技术问题；具备良好的团队管理与跨部门沟通能力，能够推动技术优化与业务落地；责任心强，追求技术与业务的平衡发展。,算法工程师,宁波,互联网/信息技术/软件服务,15000-15500元,否,15000,15500,东南大学,通信工程,本科,本科,2017-06,2017,Java程序设计、数据库原理、算法设计与分析、数据结构,4,否,5,5年,3,否,信雅科技有限公司,算法工程师,2025-06,是,2,个性化推荐系统,Python、TensorFlow、特征工程、机器学习、数据结构、PyTorch、计算机视觉、推荐算法、NLP,9,软考中级,1,93,99,197,325
林萍,女,18017061615,linping985@gmail.com,wx_linping_312,苏州,"期望岗位：软件测试工程师
期望城市：苏州
期望行业：互联网/信息技术/软件服务
期望薪资：4500-5500元",专科信息管理与信息系统专业应届毕业生，有0段软件测试工程师实习经验，掌握接口测试技术栈，参与过实习项目开发，具备良好的代码规范与团队协作意识，能够快速上手业务，期望正式入职发展。,"深圳职业技术学院 | 信息管理与信息系统 | 专科
毕业时间：2022年6月
核心课程：数据库原理、操作系统、算法设计与分析、数据结构","【用友网络科技有限公司】 软件测试工程师（实习）
2020年2月 - 至今
    · 负责公司软件测试工程师相关业务的开发与维护，参与需求评审
    · 编写开发文档，沉淀技术规范，协助新人熟悉业务","■ 网页兼容性测试实训
  项目目标：对多个网站进行浏览器兼容测试
  个人职责：制定测试方案，输出测试报告
  项目成果：覆盖5款主流浏览器

■ 学生管理系统功能测试
  项目目标：对课程设计系统进行功能测试与缺陷提交
  个人职责：设计测试用例，执行黑盒测试
  项目成果：发现并提交8个功能缺陷","专业技能：测试用例设计、JMeter、Postman、性能测试
相关证书：英语四级、计算机二级、红帽RHCE认证",有实习经验，熟悉开发基本流程，具备基础的项目实践能力；学习能力强，能够快速上手新业务新技术；工作踏实，责任心强，善于沟通协作，能够高效完成分配的工作任务。,软件测试工程师,苏州,互联网/信息技术/软件服务,4500-5500元,否,4500,5500,深圳职业技术学院,信息管理与信息系统,专科,大专,2022-06,2022,数据库原理、操作系统、算法设计与分析、数据结构,4,是,0,应届,1,否,用友网络科技有限公司,软件测试工程师（实习）,2020-02,是,2,网页兼容性测试实训,测试用例设计、JMeter、Postman、性能测试,4,英语四级、计算机二级、红帽RHCE认证,3,89,77,151,101
曾霞,女,18480197991,zengxia8663@163.com,wx_zengxia_667,漳州,"期望岗位：Python开发工程师
期望城市：漳州
期望行业：互联网/信息技术/软件服务
期望薪资：5000-5500元",本科信息管理与信息系统专业应届毕业生，掌握MongoDB、Docker基础技能，完成过课程设计与毕业项目，具备基础代码编写能力与问题排查思路，学习能力强，做事认真踏实，期望从事Python开发工程师相关工作。,"江西师范大学 | 信息管理与信息系统 | 本科
毕业时间：2022年6月
核心课程：计算机网络、Python编程、数字信号处理、操作系统","【校园实践】
    · 参与学校计算机协会技术部，负责协会网站日常维护
    · 协助老师完成实验室设备管理与系统环境搭建
    · 参与班级课程设计小组，担任后端开发角色","■ 自动化办公脚本
  项目目标：批量处理Excel表格数据
  个人职责：实现数据合并、格式转换、自动统计
  项目成果：提升人工效率80%","专业技能：Django、Redis、Docker、FastAPI、MySQL、Git、爬虫
相关证书：英语四级、阿里云ACP云计算认证、计算机二级",应届毕业，具备扎实的专业基础知识与学习能力，能够快速掌握新技术；工作态度认真负责，有耐心，注重细节；具备良好的团队意识与沟通能力，能够积极配合团队完成任务；期望在工作中积累经验，快速成长。,Python开发工程师,漳州,互联网/信息技术/软件服务,5000-5500元,否,5000,5500,江西师范大学,信息管理与信息系统,本科,本科,2022-06,2022,计算机网络、Python编程、数字信号处理、操作系统,4,是,0,应届,1,是,校园实践,· 参与学校计算机协会技术部，负责协会网站日常维护,,否,1,自动化办公脚本,Django、Redis、Docker、FastAPI、MySQL、Git、爬虫,7,英语四级、阿里云ACP云计算认证、计算机二级,3,104,94,71,89
贾梓轩,男,15773788773,jia梓xuan656@126.com,15159841059,苏州,"期望岗位：后端开发工程师
期望城市：苏州
期望行业：互联网/信息技术/软件服务
期望薪资：8000-12000元",1年后端开发工程师工作经验，精通Redis、微服务技术栈，参与过完整项目迭代，能够独立完成模块开发与问题排查，注重代码质量与开发效率，具备良好的沟通协作能力。,"暨南大学 | 电子信息工程 | 本科
毕业时间：2021年6月
核心课程：数据库原理、计算机网络、操作系统、算法设计与分析","【新科数据技术有限公司】 后端开发工程师
2025年1月 - 至今
    · 负责公司后端开发工程师相关业务的开发与维护，参与需求评审
    · 编写开发文档，沉淀技术规范，协助新人熟悉业务
    · 承担分配模块的编码、测试与优化工作，保障系统稳定运行","■ 即时通讯服务开发
  项目目标：实现企业内部IM系统后端消息推送与存储
  个人职责：负责消息队列、离线消息、会话管理模块开发
  项目成果：支持万人同时在线，消息送达延迟低于100ms

■ 内容管理系统后端
  项目目标：搭建CMS系统后端服务，支持多站点内容发布
  个人职责：负责文章、栏目、权限模块接口开发，设计数据库表结构
  项目成果：支撑8个站点同时运营，内容发布效率提升3倍","专业技能：K8s、微服务、Docker、Java、Python、Gin、PostgreSQL、Go、SpringBoot、MySQL
相关证书：红帽RHCE认证",拥有1年实际工作经验，技术功底扎实，熟悉完整开发流程；具备较强的问题解决能力，能够独立排查并解决常见技术问题；工作认真负责，注重团队协作，能够高效推进项目落地；持续学习，保持技术敏感度。,后端开发工程师,苏州,互联网/信息技术/软件服务,8000-12000元,否,8000,12000,暨南大学,电子信息工程,本科,本科,2021-06,2021,数据库原理、计算机网络、操作系统、算法设计与分析,4,否,1,1年,1,否,新科数据技术有限公司,后端开发工程师,2025-01,是,2,即时通讯服务开发,K8s、微服务、Docker、Java、Python、Gin、PostgreSQL、Go、SpringBoot、MySQL,10,红帽RHCE认证,1,79,93,198,130
高芳,女,17761026218,gaofang8840@gmail.com,15933698081,无锡,"期望岗位：Python开发工程师
期望城市：无锡
期望行业：互联网/信息技术/软件服务
期望薪资：面议",专科数学与应用数学专业应届毕业生，有1段Python开发工程师实习经验，掌握爬虫技术栈，参与过实习项目开发，具备良好的代码规范与团队协作意识，能够快速上手业务，期望正式入职发展。,"福建船政交通职业学院 | 数学与应用数学 | 专科
毕业时间：2021年6月
核心课程：算法设计与分析、计算机网络、数字信号处理、数据库原理","【华为（东莞研究所）】 Python开发工程师（实习）
2025年3月 - 至今
    · 对接产品、测试团队，跟进需求落地与缺陷修复
    · 负责公司Python开发工程师相关业务的开发与维护，参与需求评审
    · 承担分配模块的编码、测试与优化工作，保障系统稳定运行","■ 简单爬虫脚本开发
  项目目标：爬取公开网站数据并入库
  个人职责：负责反爬处理、数据清洗、SQLite存储
  项目成果：日均采集数据1万条

■ 自动化办公脚本
  项目目标：批量处理Excel表格数据
  个人职责：实现数据合并、格式转换、自动统计
  项目成果：提升人工效率80%","专业技能：Django、Linux、Redis、爬虫、FastAPI、Flask、MySQL
相关证书：无",有实习经验，熟悉开发基本流程，具备基础的项目实践能力；学习能力强，能够快速上手新业务新技术；工作踏实，责任心强，善于沟通协作，能够高效完成分配的工作任务。,Python开发工程师,无锡,互联网/信息技术/软件服务,面议,是,,,福建船政交通职业学院,数学与应用数学,专科,大专,2021-06,2021,算法设计与分析、计算机网络、数字信号处理、数据库原理,4,是,0,应届,1,否,华为（东莞研究所）,Python开发工程师（实习）,2025-03,是,2,简单爬虫脚本开发,Django、Linux、Redis、爬虫、FastAPI、Flask、MySQL,7,无,0,89,77,147,140
杨玲,女,13515580136,yangling71@163.com,wx_yangling_581,马鞍山,"期望岗位：后端开发工程师
期望城市：马鞍山
期望行业：互联网/信息技术/软件服务
期望薪资：6000-7500元",本科信息管理与信息系统专业应届毕业生，有1段后端开发工程师实习经验，掌握PostgreSQL技术栈，参与过实习项目开发，具备良好的代码规范与团队协作意识，能够快速上手业务，期望正式入职发展。,"浙江工业大学 | 信息管理与信息系统 | 本科
毕业时间：2021年6月
核心课程：计算机网络、算法设计与分析、软件工程、数据结构","【小米（南京分公司）】 后端开发工程师（实习）
2025年10月 - 至今
    · 负责公司后端开发工程师相关业务的开发与维护，参与需求评审
    · 承担分配模块的编码、测试与优化工作，保障系统稳定运行","■ 简单论坛系统
  项目目标：实现帖子发布、回复、板块管理
  个人职责：负责后端服务开发与接口文档编写
  项目成果：支持百人同时在线访问

■ 图书管理系统后端
  项目目标：实现图书借阅、归还、用户管理功能
  个人职责：负责接口开发与数据库表结构设计
  项目成果：完成核心功能，支持1000条数据量","专业技能：Redis、PostgreSQL、Gin、Go、微服务、Docker、MySQL
相关证书：无",有实习经验，熟悉开发基本流程，具备基础的项目实践能力；学习能力强，能够快速上手新业务新技术；工作踏实，责任心强，善于沟通协作，能够高效完成分配的工作任务。,后端开发工程师,马鞍山,互联网/信息技术/软件服务,6000-7500元,否,6000,7500,浙江工业大学,信息管理与信息系统,本科,本科,2021-06,2021,计算机网络、算法设计与分析、软件工程、数据结构,4,是,0,应届,1,否,小米（南京分公司）,后端开发工程师（实习）,2025-10,是,2,简单论坛系统,Redis、PostgreSQL、Gin、Go、微服务、Docker、MySQL,7,无,0,95,77,155,105
万伟,男,15249861989,wanwei84@qq.com,13117650195,厦门,"期望岗位：运维工程师
期望城市：厦门
期望行业：互联网/信息技术/软件服务
期望薪资：17500-19000元",3年运维工程师从业经验，精通Kubernetes技术架构，主导过中型项目从0到1落地，擅长技术方案设计与性能优化，曾推动核心模块技术重构，带来显著效率提升，具备跨部门协作与项目推进能力。,"南京大学 | 软件工程 | 本科
毕业时间：2019年6月
核心课程：数字信号处理、操作系统、软件工程、算法设计与分析","【卓望软件有限公司】 运维工程师
2025年5月 - 至今
    · 负责公司运维工程师相关业务的开发与维护，参与需求评审
    · 承担分配模块的编码、测试与优化工作，保障系统稳定运行
    · 编写开发文档，沉淀技术规范，协助新人熟悉业务

【云创软件有限公司】 运维工程师
2024年6月 - 2025年8月
    · 编写开发文档，沉淀技术规范，协助新人熟悉业务
    · 对接产品、测试团队，跟进需求落地与缺陷修复","■ 服务器集群运维优化
  项目目标：提升服务器集群稳定性，降低故障发生率
  个人职责：负责日常巡检、故障排查，优化监控告警规则与分级策略
  项目成果：服务器故障率下降60%，平均故障响应时间缩短至15分钟

■ CI/CD自动化流水线
  项目目标：实现代码自动化构建、测试、部署，提升发布效率
  个人职责：基于Jenkins搭建持续集成流水线，配置Docker容器化部署
  项目成果：发布周期从每周1次提升至每天3次，部署失误率降为0","专业技能：Linux、Shell、Kubernetes、Docker、Ansible、Prometheus、网络运维、Nginx、Redis
相关证书：软件设计师（中级）",拥有3年行业经验，技术视野开阔，具备方案设计与项目把控能力；逻辑清晰，善于定位并解决复杂技术问题；具备良好的团队管理与跨部门沟通能力，能够推动技术优化与业务落地；责任心强，追求技术与业务的平衡发展。,运维工程师,厦门,互联网/信息技术/软件服务,17500-19000元,否,17500,19000,南京大学,软件工程,本科,本科,2019-06,2019,数字信号处理、操作系统、软件工程、算法设计与分析,4,否,3,3年,2,否,卓望软件有限公司,运维工程师,2025-05,是,2,服务器集群运维优化,Linux、Shell、Kubernetes、Docker、Ansible、Prometheus、网络运维、Nginx、Redis,9,软件设计师（中级）,1,93,99,223,217
贺璐,女,18117090524,helu69@126.com,15735231523,台州,"期望岗位：前端开发工程师
期望城市：台州
期望行业：互联网/信息技术/软件服务
期望薪资：16500-18000元",4年前端开发工程师从业经验，精通JavaScript技术架构，主导过中型项目从0到1落地，擅长技术方案设计与性能优化，曾推动核心模块技术重构，带来显著效率提升，具备跨部门协作与项目推进能力。,"东南大学 | 通信工程 | 本科
毕业时间：2018年6月
核心课程：数据库原理、机器学习、计算机网络、数据结构","【微远信息技术有限公司】 前端开发工程师
2024年11月 - 至今
    · 编写开发文档，沉淀技术规范，协助新人熟悉业务
    · 对接产品、测试团队，跟进需求落地与缺陷修复
    · 负责公司前端开发工程师相关业务的开发与维护，参与需求评审

【中软软件有限公司】 前端开发工程师
2022年7月 - 2024年7月
    · 负责公司前端开发工程师相关业务的开发与维护，参与需求评审
    · 编写开发文档，沉淀技术规范，协助新人熟悉业务
    · 承担分配模块的编码、测试与优化工作，保障系统稳定运行","■ 企业后台管理系统
  项目目标：搭建企业运营管理后台，实现业务数据可视化
  个人职责：负责权限管理、数据报表模块开发，对接后端接口联调
  项目成果：覆盖12个业务部门，运营效率提升40%

■ 电商平台前端重构
  项目目标：升级旧版电商系统前端架构，提升用户体验与加载速度
  个人职责：负责商品详情页、购物车模块开发，组件化封装公共组件
  项目成果：首屏加载时间从3.2s降至1.8s，页面转化率提升12%","专业技能：Axios、JavaScript、TypeScript、HTML5、Ant Design、Webpack
相关证书：英语六级",拥有4年行业经验，技术视野开阔，具备方案设计与项目把控能力；逻辑清晰，善于定位并解决复杂技术问题；具备良好的团队管理与跨部门沟通能力，能够推动技术优化与业务落地；责任心强，追求技术与业务的平衡发展。,前端开发工程师,台州,互联网/信息技术/软件服务,16500-18000元,否,16500,18000,东南大学,通信工程,本科,本科,2018-06,2018,数据库原理、机器学习、计算机网络、数据结构,4,否,4,4年,2,否,微远信息技术有限公司,前端开发工程师,2024-11,是,2,企业后台管理系统,Axios、JavaScript、TypeScript、HTML5、Ant Design、Webpack,6,英语六级,1,95,99,210,261
胡燕,女,18393560141,huyan995@gmail.com,wx_huyan_340,杭州,"期望岗位：算法工程师
期望城市：杭州
期望行业：互联网/信息技术/软件服务
期望薪资：面议",10年算法工程师资深经验，精通全链路技术架构，具备团队技术规划与方案设计能力，主导过多个大型项目重构与升级，在高并发/系统稳定性领域有深厚积累，能够带领团队攻克技术难题，驱动业务技术升级。,"福建船政交通职业学院 | 数学与应用数学 | 专科
毕业时间：2012年6月
核心课程：软件工程、Java程序设计、数据库原理、操作系统","【安硕信息技术有限公司】 算法工程师
2023年11月 - 至今
    · 负责公司算法工程师相关业务的开发与维护，参与需求评审
    · 承担分配模块的编码、测试与优化工作，保障系统稳定运行

【博思互联网科技有限公司】 算法工程师
2020年9月 - 2023年11月
    · 负责公司算法工程师相关业务的开发与维护，参与需求评审
    · 编写开发文档，沉淀技术规范，协助新人熟悉业务

【东软网络科技有限公司】 算法工程师
2017年3月 - 2020年6月
    · 编写开发文档，沉淀技术规范，协助新人熟悉业务
    · 负责公司算法工程师相关业务的开发与维护，参与需求评审
    · 对接产品、测试团队，跟进需求落地与缺陷修复","■ 个性化推荐系统
  项目目标：提升内容推荐精准度，增加用户停留时长
  个人职责：负责协同过滤、深度学习推荐模型开发与离线优化
  项目成果：用户平均停留时长提升25%，点击率提升15%

■ 风控欺诈识别模型
  项目目标：识别交易欺诈行为，降低资金损失风险
  个人职责：特征工程，构建XGBoost风控模型，在线部署与迭代
  项目成果：欺诈识别准确率达92%，每年减少损失超200万","专业技能：SQL、TensorFlow、数据结构、计算机视觉、PyTorch、深度学习
相关证书：PMP项目管理专业人士",拥有10年行业经验，技术视野开阔，具备方案设计与项目把控能力；逻辑清晰，善于定位并解决复杂技术问题；具备良好的团队管理与跨部门沟通能力，能够推动技术优化与业务落地；责任心强，追求技术与业务的平衡发展。,算法工程师,杭州,互联网/信息技术/软件服务,面议,是,,,福建船政交通职业学院,数学与应用数学,专科,大专,2012-06,2012,软件工程、Java程序设计、数据库原理、操作系统,4,否,10,10年,3,否,安硕信息技术有限公司,算法工程师,2023-11,是,2,个性化推荐系统,SQL、TensorFlow、数据结构、计算机视觉、PyTorch、深度学习,6,PMP项目管理专业人士,1,94,100,197,328
程安然,女,15334295582,chenganran02@163.com,13327865355,无锡,"期望岗位：后端开发工程师
期望城市：无锡
期望行业：互联网/信息技术/软件服务
期望薪资：9500-11000元",2年后端开发工程师工作经验，精通SpringBoot、Redis技术栈，参与过完整项目迭代，能够独立完成模块开发与问题排查，注重代码质量与开发效率，具备良好的沟通协作能力。,"福建信息职业技术学院 | 电子信息工程 | 专科
毕业时间：2020年6月
核心课程：数据库原理、Java程序设计、计算机网络、机器学习","【OPPO（东莞）】 后端开发工程师
2025年2月 - 至今
    · 负责公司后端开发工程师相关业务的开发与维护，参与需求评审
    · 承担分配模块的编码、测试与优化工作，保障系统稳定运行

【科创软件有限公司】 后端开发工程师
2024年1月 - 2025年4月
    · 负责公司后端开发工程师相关业务的开发与维护，参与需求评审
    · 承担分配模块的编码、测试与优化工作，保障系统稳定运行","■ 即时通讯服务开发
  项目目标：实现企业内部IM系统后端消息推送与存储
  个人职责：负责消息队列、离线消息、会话管理模块开发
  项目成果：支持万人同时在线，消息送达延迟低于100ms

■ 内容管理系统后端
  项目目标：搭建CMS系统后端服务，支持多站点内容发布
  个人职责：负责文章、栏目、权限模块接口开发，设计数据库表结构
  项目成果：支撑8个站点同时运营，内容发布效率提升3倍","专业技能：微服务、MySQL、Gin、Go、SpringBoot、Redis、Docker、PostgreSQL
相关证书：无",拥有2年实际工作经验，技术功底扎实，熟悉完整开发流程；具备较强的问题解决能力，能够独立排查并解决常见技术问题；工作认真负责，注重团队协作，能够高效推进项目落地；持续学习，保持技术敏感度。,后端开发工程师,无锡,互联网/信息技术/软件服务,9500-11000元,否,9500,11000,福建信息职业技术学院,电子信息工程,专科,大专,2020-06,2020,数据库原理、Java程序设计、计算机网络、机器学习,4,否,2,2年,2,否,OPPO（东莞）,后端开发工程师,2025-02,是,2,即时通讯服务开发,微服务、MySQL、Gin、Go、SpringBoot、Redis、Docker、PostgreSQL,8,无,0,86,93,198,205
张雪,女,13813236236,zhangxue91@163.com,17792793132,无锡,"期望岗位：数据分析师
期望城市：无锡
期望行业：互联网/信息技术/软件服务
期望薪资：3000-3500元",本科电子信息工程专业应届毕业生，掌握Excel、数据可视化基础技能，完成过课程设计与毕业项目，具备基础代码编写能力与问题排查思路，学习能力强，做事认真踏实，期望从事数据分析师相关工作。,"苏州大学 | 电子信息工程 | 本科
毕业时间：2022年6月
核心课程：数据库原理、操作系统、机器学习、数据结构","【校园实践】
    · 参与学校计算机协会技术部，负责协会网站日常维护
    · 协助老师完成实验室设备管理与系统环境搭建
    · 参与班级课程设计小组，担任后端开发角色","■ 学生成绩数据分析
  项目目标：对班级期末成绩进行统计分析
  个人职责：数据清洗、可视化图表制作、结论输出
  项目成果：输出分析报告，提出3点教学建议","专业技能：Python、MySQL、数据可视化、Pandas
相关证书：计算机二级",应届毕业，具备扎实的专业基础知识与学习能力，能够快速掌握新技术；工作态度认真负责，有耐心，注重细节；具备良好的团队意识与沟通能力，能够积极配合团队完成任务；期望在工作中积累经验，快速成长。,数据分析师,无锡,互联网/信息技术/软件服务,3000-3500元,否,3000,3500,苏州大学,电子信息工程,本科,本科,2022-06,2022,数据库原理、操作系统、机器学习、数据结构,4,是,0,应届,1,是,校园实践,· 参与学校计算机协会技术部，负责协会网站日常维护,,否,1,学生成绩数据分析,Python、MySQL、数据可视化、Pandas,4,计算机二级,1,92,94,79,89
彭梓涵,女,15677207593,peng梓han464@outlook.com,13323590516,温州,"期望岗位：软件测试工程师
期望城市：温州
期望行业：互联网/信息技术/软件服务
期望薪资：面议",本科数字媒体技术专业应届毕业生，掌握测试用例设计、JMeter基础技能，完成过课程设计与毕业项目，具备基础代码编写能力与问题排查思路，学习能力强，做事认真踏实，期望从事软件测试工程师相关工作。,"福建农林大学 | 数字媒体技术 | 本科
毕业时间：2022年6月
核心课程：数字信号处理、算法设计与分析、Java程序设计、数据结构","【校园实践】
    · 参与学校计算机协会技术部，负责协会网站日常维护
    · 协助老师完成实验室设备管理与系统环境搭建
    · 参与班级课程设计小组，担任后端开发角色","■ 网页兼容性测试实训
  项目目标：对多个网站进行浏览器兼容测试
  个人职责：制定测试方案，输出测试报告
  项目成果：覆盖5款主流浏览器","专业技能：缺陷管理、Appium、性能测试、功能测试、Selenium
相关证书：红帽RHCE认证、计算机一级、系统架构设计师",应届毕业，具备扎实的专业基础知识与学习能力，能够快速掌握新技术；工作态度认真负责，有耐心，注重细节；具备良好的团队意识与沟通能力，能够积极配合团队完成任务；期望在工作中积累经验，快速成长。,软件测试工程师,温州,互联网/信息技术/软件服务,面议,是,,,福建农林大学,数字媒体技术,本科,本科,2022-06,2022,数字信号处理、算法设计与分析、Java程序设计、数据结构,4,是,0,应届,1,是,校园实践,· 参与学校计算机协会技术部，负责协会网站日常维护,,否,1,网页兼容性测试实训,缺陷管理、Appium、性能测试、功能测试、Selenium,5,红帽RHCE认证、计算机一级、系统架构设计师,3,96,94,71,89
雷皓,男,17671678125,leihao511@gmail.com,wx_leihao_494,阜阳,"期望岗位：后端开发工程师
期望城市：阜阳
期望行业：互联网/信息技术/软件服务
期望薪资：7500-8000元",2年后端开发工程师工作经验，精通SpringBoot、K8s技术栈，参与过完整项目迭代，能够独立完成模块开发与问题排查，注重代码质量与开发效率，具备良好的沟通协作能力。,"福建信息职业技术学院 | 软件工程 | 专科
毕业时间：2020年6月
核心课程：数据库原理、数据结构、软件工程、算法设计与分析","【汇智信息技术有限公司】 后端开发工程师
2025年6月 - 至今
    · 负责公司后端开发工程师相关业务的开发与维护，参与需求评审
    · 承担分配模块的编码、测试与优化工作，保障系统稳定运行

【新科软件有限公司】 后端开发工程师
2024年11月 - 2025年3月
    · 负责公司后端开发工程师相关业务的开发与维护，参与需求评审
    · 编写开发文档，沉淀技术规范，协助新人熟悉业务
    · 对接产品、测试团队，跟进需求落地与缺陷修复","■ 内容管理系统后端
  项目目标：搭建CMS系统后端服务，支持多站点内容发布
  个人职责：负责文章、栏目、权限模块接口开发，设计数据库表结构
  项目成果：支撑8个站点同时运营，内容发布效率提升3倍

■ 即时通讯服务开发
  项目目标：实现企业内部IM系统后端消息推送与存储
  个人职责：负责消息队列、离线消息、会话管理模块开发
  项目成果：支持万人同时在线，消息送达延迟低于100ms","专业技能：Python、K8s、Redis、Docker、Java、Kafka、PostgreSQL、Go、MySQL
相关证书：软考中级",拥有2年实际工作经验，技术功底扎实，熟悉完整开发流程；具备较强的问题解决能力，能够独立排查并解决常见技术问题；工作认真负责，注重团队协作，能够高效推进项目落地；持续学习，保持技术敏感度。,后端开发工程师,阜阳,互联网/信息技术/软件服务,7500-8000元,否,7500,8000,福建信息职业技术学院,软件工程,专科,大专,2020-06,2020,数据库原理、数据结构、软件工程、算法设计与分析,4,否,2,2年,2,否,汇智信息技术有限公司,后端开发工程师,2025-06,是,2,内容管理系统后端,Python、K8s、Redis、Docker、Java、Kafka、PostgreSQL、Go、MySQL,9,软考中级,1,84,93,198,232
孙若曦,女,13167820903,sun若xi53@qq.com,15976959584,宁德,"期望岗位：运维工程师
期望城市：宁德
期望行业：互联网/信息技术/软件服务
期望薪资：8000-8500元",2年运维工程师工作经验，精通Zabbix、Kubernetes技术栈，参与过完整项目迭代，能够独立完成模块开发与问题排查，注重代码质量与开发效率，具备良好的沟通协作能力。,"厦门理工学院 | 计算机应用技术 | 本科
毕业时间：2020年6月
核心课程：数字信号处理、数据库原理、数据结构、机器学习","【安硕数据技术有限公司】 运维工程师
2025年10月 - 至今
    · 对接产品、测试团队，跟进需求落地与缺陷修复
    · 负责公司运维工程师相关业务的开发与维护，参与需求评审
    · 编写开发文档，沉淀技术规范，协助新人熟悉业务

【新科信息技术有限公司】 运维工程师
2024年8月 - 2025年9月
    · 对接产品、测试团队，跟进需求落地与缺陷修复
    · 编写开发文档，沉淀技术规范，协助新人熟悉业务","■ CI/CD自动化流水线
  项目目标：实现代码自动化构建、测试、部署，提升发布效率
  个人职责：基于Jenkins搭建持续集成流水线，配置Docker容器化部署
  项目成果：发布周期从每周1次提升至每天3次，部署失误率降为0

■ 服务器集群运维优化
  项目目标：提升服务器集群稳定性，降低故障发生率
  个人职责：负责日常巡检、故障排查，优化监控告警规则与分级策略
  项目成果：服务器故障率下降60%，平均故障响应时间缩短至15分钟","专业技能：Linux、Nginx、网络运维、Zabbix、Ansible、Jenkins、Shell、Docker、Kubernetes、MySQL
相关证书：无",拥有2年实际工作经验，技术功底扎实，熟悉完整开发流程；具备较强的问题解决能力，能够独立排查并解决常见技术问题；工作认真负责，注重团队协作，能够高效推进项目落地；持续学习，保持技术敏感度。,运维工程师,宁德,互联网/信息技术/软件服务,8000-8500元,否,8000,8500,厦门理工学院,计算机应用技术,本科,本科,2020-06,2020,数字信号处理、数据库原理、数据结构、机器学习,4,否,2,2年,2,否,安硕数据技术有限公司,运维工程师,2025-10,是,2,CI/CD自动化流水线,Linux、Nginx、网络运维、Zabbix、Ansible、Jenkins、Shell、Docker、Kubernetes、MySQL,10,无,0,85,93,223,217
潘玲,女,13403335028,panling24@126.com,wx_panling_432,南通,"期望岗位：后端开发工程师
期望城市：南通
期望行业：互联网/信息技术/软件服务
期望薪资：10500-12000元",2年后端开发工程师工作经验，精通Redis、MySQL技术栈，参与过完整项目迭代，能够独立完成模块开发与问题排查，注重代码质量与开发效率，具备良好的沟通协作能力。,"江西师范大学 | 软件工程 | 本科
毕业时间：2020年6月
核心课程：数据结构、操作系统、算法设计与分析、软件工程","【vivo（东莞）】 后端开发工程师
2025年11月 - 至今
    · 负责公司后端开发工程师相关业务的开发与维护，参与需求评审
    · 承担分配模块的编码、测试与优化工作，保障系统稳定运行

【锐捷软件有限公司】 后端开发工程师
2024年6月 - 2025年5月
    · 编写开发文档，沉淀技术规范，协助新人熟悉业务
    · 承担分配模块的编码、测试与优化工作，保障系统稳定运行","■ 即时通讯服务开发
  项目目标：实现企业内部IM系统后端消息推送与存储
  个人职责：负责消息队列、离线消息、会话管理模块开发
  项目成果：支持万人同时在线，消息送达延迟低于100ms

■ 内容管理系统后端
  项目目标：搭建CMS系统后端服务，支持多站点内容发布
  个人职责：负责文章、栏目、权限模块接口开发，设计数据库表结构
  项目成果：支撑8个站点同时运营，内容发布效率提升3倍","专业技能：Kafka、Docker、SpringBoot、MySQL、Python、微服务、Java、Redis
相关证书：无",拥有2年实际工作经验，技术功底扎实，熟悉完整开发流程；具备较强的问题解决能力，能够独立排查并解决常见技术问题；工作认真负责，注重团队协作，能够高效推进项目落地；持续学习，保持技术敏感度。,后端开发工程师,南通,互联网/信息技术/软件服务,10500-12000元,否,10500,12000,江西师范大学,软件工程,本科,本科,2020-06,2020,数据结构、操作系统、算法设计与分析、软件工程,4,否,2,2年,2,否,vivo（东莞）,后端开发工程师,2025-11,是,2,即时通讯服务开发,Kafka、Docker、SpringBoot、MySQL、Python、微服务、Java、Redis,8,无,0,81,93,198,200
汪敏,女,13658898079,wangmin72@163.com,wx_wangmin_918,温州,"期望岗位：Java开发工程师
期望城市：温州
期望行业：互联网/信息技术/软件服务
期望薪资：16500-19000元",5年Java开发工程师从业经验，精通SpringCloud技术架构，主导过中型项目从0到1落地，擅长技术方案设计与性能优化，曾推动核心模块技术重构，带来显著效率提升，具备跨部门协作与项目推进能力。,"东南大学 | 网络工程 | 本科
毕业时间：2017年6月
核心课程：软件工程、Python编程、操作系统、计算机网络","【启明软件有限公司】 Java开发工程师
2025年12月 - 至今
    · 承担分配模块的编码、测试与优化工作，保障系统稳定运行
    · 编写开发文档，沉淀技术规范，协助新人熟悉业务
    · 对接产品、测试团队，跟进需求落地与缺陷修复

【未来互联网科技有限公司】 Java开发工程师
2024年9月 - 2025年2月
    · 负责公司Java开发工程师相关业务的开发与维护，参与需求评审
    · 对接产品、测试团队，跟进需求落地与缺陷修复

【新科网络科技有限公司】 Java开发工程师
2023年11月 - 2024年8月
    · 承担分配模块的编码、测试与优化工作，保障系统稳定运行
    · 负责公司Java开发工程师相关业务的开发与维护，参与需求评审
    · 编写开发文档，沉淀技术规范，协助新人熟悉业务","■ 电商订单交易系统
  项目目标：搭建高可用电商订单系统，支撑大促流量峰值
  个人职责：负责订单创建、支付回调、库存扣减核心逻辑开发
  项目成果：支撑日均订单量10万+，系统可用性达99.95%

■ 微服务用户中心重构
  项目目标：将单体用户系统拆分为微服务架构，提升并发承载能力
  个人职责：负责登录、注册、权限模块开发，优化数据库查询与缓存策略
  项目成果：支持并发量从500提升至5000，接口响应耗时减少60%","专业技能：SpringCloud、SpringBoot、Redis、Git、MyBatis、Docker、Linux、Java、微服务
相关证书：无",拥有5年行业经验，技术视野开阔，具备方案设计与项目把控能力；逻辑清晰，善于定位并解决复杂技术问题；具备良好的团队管理与跨部门沟通能力，能够推动技术优化与业务落地；责任心强，追求技术与业务的平衡发展。,Java开发工程师,温州,互联网/信息技术/软件服务,16500-19000元,否,16500,19000,东南大学,网络工程,本科,本科,2017-06,2017,软件工程、Python编程、操作系统、计算机网络,4,否,5,5年,3,否,启明软件有限公司,Java开发工程师,2025-12,是,2,电商订单交易系统,SpringCloud、SpringBoot、Redis、Git、MyBatis、Docker、Linux、Java、微服务,9,无,0,98,99,216,374
傅欣,女,18118166872,fuxin9965@126.com,wx_fuxin_391,杭州,"期望岗位：软件测试工程师
期望城市：杭州
期望行业：互联网/信息技术/软件服务
期望薪资：18000-19500元",3年软件测试工程师从业经验，精通测试用例设计技术架构，主导过中型项目从0到1落地，擅长技术方案设计与性能优化，曾推动核心模块技术重构，带来显著效率提升，具备跨部门协作与项目推进能力。,"福建船政交通职业学院 | 网络工程 | 专科
毕业时间：2019年6月
核心课程：数据结构、Java程序设计、Python编程、机器学习","【东软信息技术有限公司】 软件测试工程师
2025年10月 - 至今
    · 编写开发文档，沉淀技术规范，协助新人熟悉业务
    · 负责公司软件测试工程师相关业务的开发与维护，参与需求评审
    · 承担分配模块的编码、测试与优化工作，保障系统稳定运行

【数聚科技有限公司】 软件测试工程师
2024年1月 - 2025年4月
    · 承担分配模块的编码、测试与优化工作，保障系统稳定运行
    · 负责公司软件测试工程师相关业务的开发与维护，参与需求评审","■ 自动化测试框架搭建
  项目目标：提升回归测试效率，减少人工重复劳动
  个人职责：基于Selenium搭建UI自动化框架，编写核心模块测试脚本
  项目成果：回归测试周期从7天缩短至2天，覆盖率达85%

■ 电商平台功能测试
  项目目标：保障电商系统上线质量，覆盖全业务流程
  个人职责：设计测试用例，执行功能、回归测试，提交缺陷报告
  项目成果：发现并修复120+缺陷，上线后线上缺陷率低于0.5%","专业技能：性能测试、Selenium、JMeter、TestNG、功能测试、接口测试、Appium、缺陷管理
相关证书：计算机二级",拥有3年行业经验，技术视野开阔，具备方案设计与项目把控能力；逻辑清晰，善于定位并解决复杂技术问题；具备良好的团队管理与跨部门沟通能力，能够推动技术优化与业务落地；责任心强，追求技术与业务的平衡发展。,软件测试工程师,杭州,互联网/信息技术/软件服务,18000-19500元,否,18000,19500,福建船政交通职业学院,网络工程,专科,大专,2019-06,2019,数据结构、Java程序设计、Python编程、机器学习,4,否,3,3年,2,否,东软信息技术有限公司,软件测试工程师,2025-10,是,2,自动化测试框架搭建,性能测试、Selenium、JMeter、TestNG、功能测试、接口测试、Appium、缺陷管理,8,计算机二级,1,91,99,207,237
吴雨泽,男,13925162856,wu雨ze3676@163.com,wx_wu雨ze_817,金华,"期望岗位：后端开发工程师
期望城市：金华
期望行业：互联网/信息技术/软件服务
期望薪资：11000-12000元",1年后端开发工程师工作经验，精通K8s、SpringBoot技术栈，参与过完整项目迭代，能够独立完成模块开发与问题排查，注重代码质量与开发效率，具备良好的沟通协作能力。,"东南大学 | 通信工程 | 本科
毕业时间：2021年6月
核心课程：算法设计与分析、数据库原理、机器学习、Java程序设计","【锐捷信息技术有限公司】 后端开发工程师
2025年2月 - 至今
    · 对接产品、测试团队，跟进需求落地与缺陷修复
    · 编写开发文档，沉淀技术规范，协助新人熟悉业务
    · 负责公司后端开发工程师相关业务的开发与维护，参与需求评审","■ 内容管理系统后端
  项目目标：搭建CMS系统后端服务，支持多站点内容发布
  个人职责：负责文章、栏目、权限模块接口开发，设计数据库表结构
  项目成果：支撑8个站点同时运营，内容发布效率提升3倍

■ 即时通讯服务开发
  项目目标：实现企业内部IM系统后端消息推送与存储
  个人职责：负责消息队列、离线消息、会话管理模块开发
  项目成果：支持万人同时在线，消息送达延迟低于100ms","专业技能：微服务、MySQL、Redis、Gin、Docker、Python、K8s、Java、Go
相关证书：无",拥有1年实际工作经验，技术功底扎实，熟悉完整开发流程；具备较强的问题解决能力，能够独立排查并解决常见技术问题；工作认真负责，注重团队协作，能够高效推进项目落地；持续学习，保持技术敏感度。,后端开发工程师,金华,互联网/信息技术/软件服务,11000-12000元,否,11000,12000,东南大学,通信工程,本科,本科,2021-06,2021,算法设计与分析、数据库原理、机器学习、Java程序设计,4,否,1,1年,1,否,锐捷信息技术有限公司,后端开发工程师,2025-02,是,2,内容管理系统后端,微服务、MySQL、Redis、Gin、Docker、Python、K8s、Java、Go,9,无,0,84,93,198,125
苏安然,女,13129734671,suanran6841@qq.com,18047831769,常州,"期望岗位：后端开发工程师
期望城市：常州
期望行业：互联网/信息技术/软件服务
期望薪资：面议",10年后端开发工程师资深经验，精通全链路技术架构，具备团队技术规划与方案设计能力，主导过多个大型项目重构与升级，在高并发/系统稳定性领域有深厚积累，能够带领团队攻克技术难题，驱动业务技术升级。,"浙江大学 | 软件工程 | 本科
毕业时间：2012年6月
核心课程：数据结构、Python编程、数据库原理、操作系统","【恒信数据技术有限公司】 后端开发工程师
2023年8月 - 至今
    · 编写开发文档，沉淀技术规范，协助新人熟悉业务
    · 承担分配模块的编码、测试与优化工作，保障系统稳定运行

【天擎科技有限公司】 后端开发工程师
2020年7月 - 2023年5月
    · 编写开发文档，沉淀技术规范，协助新人熟悉业务
    · 对接产品、测试团队，跟进需求落地与缺陷修复

【东软科技有限公司】 后端开发工程师
2017年3月 - 2020年8月
    · 负责公司后端开发工程师相关业务的开发与维护，参与需求评审
    · 编写开发文档，沉淀技术规范，协助新人熟悉业务","■ 即时通讯服务开发
  项目目标：实现企业内部IM系统后端消息推送与存储
  个人职责：负责消息队列、离线消息、会话管理模块开发
  项目成果：支持万人同时在线，消息送达延迟低于100ms

■ 内容管理系统后端
  项目目标：搭建CMS系统后端服务，支持多站点内容发布
  个人职责：负责文章、栏目、权限模块接口开发，设计数据库表结构
  项目成果：支撑8个站点同时运营，内容发布效率提升3倍","专业技能：Docker、Gin、Java、微服务、Kafka、PostgreSQL、Python、K8s
相关证书：软考中级、系统架构设计师、计算机一级",拥有10年行业经验，技术视野开阔，具备方案设计与项目把控能力；逻辑清晰，善于定位并解决复杂技术问题；具备良好的团队管理与跨部门沟通能力，能够推动技术优化与业务落地；责任心强，追求技术与业务的平衡发展。,后端开发工程师,常州,互联网/信息技术/软件服务,面议,是,,,浙江大学,软件工程,本科,本科,2012-06,2012,数据结构、Python编程、数据库原理、操作系统,4,否,10,10年,3,否,恒信数据技术有限公司,后端开发工程师,2023-08,是,2,即时通讯服务开发,Docker、Gin、Java、微服务、Kafka、PostgreSQL、Python、K8s,8,软考中级、系统架构设计师、计算机一级,3,96,100,198,292
莫浩然,男,17642180771,mohaoran7207@gmail.com,wx_mohaoran_163,芜湖,"期望岗位：软件测试工程师
期望城市：芜湖
期望行业：互联网/信息技术/软件服务
期望薪资：28000-28500元",8年软件测试工程师资深经验，精通全链路技术架构，具备团队技术规划与方案设计能力，主导过多个大型项目重构与升级，在高并发/系统稳定性领域有深厚积累，能够带领团队攻克技术难题，驱动业务技术升级。,"东南大学 | 信息管理与信息系统 | 本科
毕业时间：2014年6月
核心课程：Python编程、数据库原理、算法设计与分析、数字信号处理","【腾讯（深圳分公司）】 软件测试工程师
2024年8月 - 至今
    · 负责公司软件测试工程师相关业务的开发与维护，参与需求评审
    · 承担分配模块的编码、测试与优化工作，保障系统稳定运行

【启明信息技术有限公司】 软件测试工程师
2022年2月 - 2024年7月
    · 负责公司软件测试工程师相关业务的开发与维护，参与需求评审
    · 对接产品、测试团队，跟进需求落地与缺陷修复

【东软科技有限公司】 软件测试工程师
2020年6月 - 2022年3月
    · 对接产品、测试团队，跟进需求落地与缺陷修复
    · 承担分配模块的编码、测试与优化工作，保障系统稳定运行","■ 电商平台功能测试
  项目目标：保障电商系统上线质量，覆盖全业务流程
  个人职责：设计测试用例，执行功能、回归测试，提交缺陷报告
  项目成果：发现并修复120+缺陷，上线后线上缺陷率低于0.5%

■ 自动化测试框架搭建
  项目目标：提升回归测试效率，减少人工重复劳动
  个人职责：基于Selenium搭建UI自动化框架，编写核心模块测试脚本
  项目成果：回归测试周期从7天缩短至2天，覆盖率达85%","专业技能：JMeter、接口测试、MySQL、Selenium、Python、TestNG
相关证书：软件设计师（中级）、红帽RHCE认证、阿里云ACP云计算认证",拥有8年行业经验，技术视野开阔，具备方案设计与项目把控能力；逻辑清晰，善于定位并解决复杂技术问题；具备良好的团队管理与跨部门沟通能力，能够推动技术优化与业务落地；责任心强，追求技术与业务的平衡发展。,软件测试工程师,芜湖,互联网/信息技术/软件服务,28000-28500元,否,28000,28500,东南大学,信息管理与信息系统,本科,本科,2014-06,2014,Python编程、数据库原理、算法设计与分析、数字信号处理,4,否,8,8年,3,否,腾讯（深圳分公司）,软件测试工程师,2024-08,是,2,电商平台功能测试,JMeter、接口测试、MySQL、Selenium、Python、TestNG,6,软件设计师（中级）、红帽RHCE认证、阿里云ACP云计算认证,3,95,99,207,302
龚雨泽,男,18484992635,gong雨ze86@126.com,wx_gong雨ze_718,南京,"期望岗位：Java开发工程师
期望城市：南京
期望行业：互联网/信息技术/软件服务
期望薪资：11500-12000元",3年Java开发工程师工作经验，精通SpringBoot、Redis技术栈，参与过完整项目迭代，能够独立完成模块开发与问题排查，注重代码质量与开发效率，具备良好的沟通协作能力。,"泉州师范学院 | 数字媒体技术 | 本科
毕业时间：2019年6月
核心课程：数字信号处理、机器学习、算法设计与分析、计算机网络","【携程（厦门）】 Java开发工程师
2025年5月 - 至今
    · 承担分配模块的编码、测试与优化工作，保障系统稳定运行
    · 对接产品、测试团队，跟进需求落地与缺陷修复

【汇智科技有限公司】 Java开发工程师
2024年8月 - 2025年3月
    · 负责公司Java开发工程师相关业务的开发与维护，参与需求评审
    · 对接产品、测试团队，跟进需求落地与缺陷修复
    · 承担分配模块的编码、测试与优化工作，保障系统稳定运行","■ 微服务用户中心重构
  项目目标：将单体用户系统拆分为微服务架构，提升并发承载能力
  个人职责：负责登录、注册、权限模块开发，优化数据库查询与缓存策略
  项目成果：支持并发量从500提升至5000，接口响应耗时减少60%

■ 电商订单交易系统
  项目目标：搭建高可用电商订单系统，支撑大促流量峰值
  个人职责：负责订单创建、支付回调、库存扣减核心逻辑开发
  项目成果：支撑日均订单量10万+，系统可用性达99.95%","专业技能：JVM调优、Redis、SpringBoot、Java、MySQL、MyBatis、RabbitMQ、Docker
相关证书：阿里云ACP云计算认证",拥有3年实际工作经验，技术功底扎实，熟悉完整开发流程；具备较强的问题解决能力，能够独立排查并解决常见技术问题；工作认真负责，注重团队协作，能够高效推进项目落地；持续学习，保持技术敏感度。,Java开发工程师,南京,互联网/信息技术/软件服务,11500-12000元,否,11500,12000,泉州师范学院,数字媒体技术,本科,本科,2019-06,2019,数字信号处理、机器学习、算法设计与分析、计算机网络,4,否,3,3年,2,否,携程（厦门）,Java开发工程师,2025-05,是,2,微服务用户中心重构,JVM调优、Redis、SpringBoot、Java、MySQL、MyBatis、RabbitMQ、Docker,8,阿里云ACP云计算认证,1,88,93,216,230
曹雯,女,18922506378,caowen230@outlook.com,wx_caowen_844,福州,"期望岗位：前端开发工程师
期望城市：福州
期望行业：互联网/信息技术/软件服务
期望薪资：7500-8000元",专科计算机科学与技术专业应届毕业生，有1段前端开发工程师实习经验，掌握Axios技术栈，参与过实习项目开发，具备良好的代码规范与团队协作意识，能够快速上手业务，期望正式入职发展。,"厦门海洋职业技术学院 | 计算机科学与技术 | 专科
毕业时间：2021年6月
核心课程：数据库原理、数字信号处理、Java程序设计、计算机网络","【小米（南京分公司）】 前端开发工程师（实习）
2025年11月 - 至今
    · 编写开发文档，沉淀技术规范，协助新人熟悉业务
    · 承担分配模块的编码、测试与优化工作，保障系统稳定运行","■ 个人博客系统（课程作业）
  项目目标：开发个人博客前端页面，实现文章展示与评论
  个人职责：负责页面布局、交互效果、接口联调
  项目成果：完成响应式页面，兼容多浏览器

■ 校园社团官网（实训项目）
  项目目标：为学校社团开发官方展示网站
  个人职责：负责首页、新闻页、成员页开发
  项目成果：上线后访问量累计5000+","专业技能：Axios、Webpack、Vue、JavaScript、Element UI
相关证书：英语六级",有实习经验，熟悉开发基本流程，具备基础的项目实践能力；学习能力强，能够快速上手新业务新技术；工作踏实，责任心强，善于沟通协作，能够高效完成分配的工作任务。,前端开发工程师,福州,互联网/信息技术/软件服务,7500-8000元,否,7500,8000,厦门海洋职业技术学院,计算机科学与技术,专科,大专,2021-06,2021,数据库原理、数字信号处理、Java程序设计、计算机网络,4,是,0,应届,1,否,小米（南京分公司）,前端开发工程师（实习）,2025-11,是,2,个人博客系统（课程作业）,Axios、Webpack、Vue、JavaScript、Element UI,5,英语六级,1,89,77,168,99
蒋悦,女,18652764742,jiangyue35@gmail.com,15375863634,无锡,"期望岗位：软件测试工程师
期望城市：无锡
期望行业：互联网/信息技术/软件服务
期望薪资：10000-12000元",1年软件测试工程师工作经验，精通功能测试、Postman技术栈，参与过完整项目迭代，能够独立完成模块开发与问题排查，注重代码质量与开发效率，具备良好的沟通协作能力。,"泉州师范学院 | 计算机科学与技术 | 本科
毕业时间：2021年6月
核心课程：数据库原理、软件工程、Java程序设计、操作系统","【东软软件有限公司】 软件测试工程师
2025年3月 - 至今
    · 编写开发文档，沉淀技术规范，协助新人熟悉业务
    · 对接产品、测试团队，跟进需求落地与缺陷修复
    · 承担分配模块的编码、测试与优化工作，保障系统稳定运行","■ 自动化测试框架搭建
  项目目标：提升回归测试效率，减少人工重复劳动
  个人职责：基于Selenium搭建UI自动化框架，编写核心模块测试脚本
  项目成果：回归测试周期从7天缩短至2天，覆盖率达85%

■ 电商平台功能测试
  项目目标：保障电商系统上线质量，覆盖全业务流程
  个人职责：设计测试用例，执行功能、回归测试，提交缺陷报告
  项目成果：发现并修复120+缺陷，上线后线上缺陷率低于0.5%","专业技能：性能测试、Appium、测试用例设计、Selenium、Postman、TestNG
相关证书：计算机一级、英语四级",拥有1年实际工作经验，技术功底扎实，熟悉完整开发流程；具备较强的问题解决能力，能够独立排查并解决常见技术问题；工作认真负责，注重团队协作，能够高效推进项目落地；持续学习，保持技术敏感度。,软件测试工程师,无锡,互联网/信息技术/软件服务,10000-12000元,否,10000,12000,泉州师范学院,计算机科学与技术,本科,本科,2021-06,2021,数据库原理、软件工程、Java程序设计、操作系统,4,否,1,1年,1,否,东软软件有限公司,软件测试工程师,2025-03,是,2,自动化测试框架搭建,性能测试、Appium、测试用例设计、Selenium、Postman、TestNG,6,计算机一级、英语四级,2,82,93,207,121
崔晨,男,18338396377,cuichen3239@163.com,13429689030,宁德,"期望岗位：算法工程师
期望城市：宁德
期望行业：互联网/信息技术/软件服务
期望薪资：13500-16500元",4年算法工程师从业经验，精通SQL技术架构，主导过中型项目从0到1落地，擅长技术方案设计与性能优化，曾推动核心模块技术重构，带来显著效率提升，具备跨部门协作与项目推进能力。,"广东技术师范大学 | 通信工程 | 本科
毕业时间：2018年6月
核心课程：机器学习、数据库原理、操作系统、软件工程","【亿联网络】 算法工程师
2024年9月 - 至今
    · 对接产品、测试团队，跟进需求落地与缺陷修复
    · 负责公司算法工程师相关业务的开发与维护，参与需求评审
    · 编写开发文档，沉淀技术规范，协助新人熟悉业务

【博思科技有限公司】 算法工程师
2022年9月 - 2024年8月
    · 负责公司算法工程师相关业务的开发与维护，参与需求评审
    · 承担分配模块的编码、测试与优化工作，保障系统稳定运行
    · 编写开发文档，沉淀技术规范，协助新人熟悉业务","■ 风控欺诈识别模型
  项目目标：识别交易欺诈行为，降低资金损失风险
  个人职责：特征工程，构建XGBoost风控模型，在线部署与迭代
  项目成果：欺诈识别准确率达92%，每年减少损失超200万

■ 个性化推荐系统
  项目目标：提升内容推荐精准度，增加用户停留时长
  个人职责：负责协同过滤、深度学习推荐模型开发与离线优化
  项目成果：用户平均停留时长提升25%，点击率提升15%","专业技能：特征工程、PyTorch、SQL、TensorFlow、NLP、机器学习、计算机视觉、数据结构、深度学习
相关证书：系统架构设计师、阿里云ACP云计算认证",拥有4年行业经验，技术视野开阔，具备方案设计与项目把控能力；逻辑清晰，善于定位并解决复杂技术问题；具备良好的团队管理与跨部门沟通能力，能够推动技术优化与业务落地；责任心强，追求技术与业务的平衡发展。,算法工程师,宁德,互联网/信息技术/软件服务,13500-16500元,否,13500,16500,广东技术师范大学,通信工程,本科,本科,2018-06,2018,机器学习、数据库原理、操作系统、软件工程,4,否,4,4年,2,否,亿联网络,算法工程师,2024-09,是,2,风控欺诈识别模型,特征工程、PyTorch、SQL、TensorFlow、NLP、机器学习、计算机视觉、数据结构、深度学习,9,系统架构设计师、阿里云ACP云计算认证,2,86,99,197,246
雷梓涵,女,15751131821,lei梓han87@outlook.com,wx_lei梓han_497,杭州,"期望岗位：算法工程师
期望城市：杭州
期望行业：互联网/信息技术/软件服务
期望薪资：3000-4000元",本科数据科学与大数据技术专业应届毕业生，掌握TensorFlow、计算机视觉基础技能，完成过课程设计与毕业项目，具备基础代码编写能力与问题排查思路，学习能力强，做事认真踏实，期望从事算法工程师相关工作。,"江西师范大学 | 数据科学与大数据技术 | 本科
毕业时间：2022年6月
核心课程：数据结构、软件工程、机器学习、Python编程","【校园实践】
    · 参与学校计算机协会技术部，负责协会网站日常维护
    · 协助老师完成实验室设备管理与系统环境搭建
    · 参与班级课程设计小组，担任后端开发角色","■ 电影推荐系统（毕设）
  项目目标：基于协同过滤实现简单电影推荐
  个人职责：数据处理、模型实现、效果验证
  项目成果：召回准确率达到75%","专业技能：TensorFlow、特征工程、数据结构、Python、NLP
相关证书：计算机二级、软考中级",应届毕业，具备扎实的专业基础知识与学习能力，能够快速掌握新技术；工作态度认真负责，有耐心，注重细节；具备良好的团队意识与沟通能力，能够积极配合团队完成任务；期望在工作中积累经验，快速成长。,算法工程师,杭州,互联网/信息技术/软件服务,3000-4000元,否,3000,4000,江西师范大学,数据科学与大数据技术,本科,本科,2022-06,2022,数据结构、软件工程、机器学习、Python编程,4,是,0,应届,1,是,校园实践,· 参与学校计算机协会技术部，负责协会网站日常维护,,否,1,电影推荐系统（毕设）,TensorFlow、特征工程、数据结构、Python、NLP,5,计算机二级、软考中级,2,101,94,74,89
何晨,男,15537033506,hechen49@outlook.com,wx_hechen_257,三明,"期望岗位：后端开发工程师
期望城市：三明
期望行业：互联网/信息技术/软件服务
期望薪资：9000-11500元",3年后端开发工程师工作经验，精通K8s、PostgreSQL技术栈，参与过完整项目迭代，能够独立完成模块开发与问题排查，注重代码质量与开发效率，具备良好的沟通协作能力。,"集美大学 | 数字媒体技术 | 本科
毕业时间：2019年6月
核心课程：机器学习、Java程序设计、Python编程、算法设计与分析","【未来互联网科技有限公司】 后端开发工程师
2025年2月 - 至今
    · 编写开发文档，沉淀技术规范，协助新人熟悉业务
    · 负责公司后端开发工程师相关业务的开发与维护，参与需求评审

【启明信息技术有限公司】 后端开发工程师
2024年3月 - 2025年3月
    · 对接产品、测试团队，跟进需求落地与缺陷修复
    · 编写开发文档，沉淀技术规范，协助新人熟悉业务
    · 承担分配模块的编码、测试与优化工作，保障系统稳定运行","■ 即时通讯服务开发
  项目目标：实现企业内部IM系统后端消息推送与存储
  个人职责：负责消息队列、离线消息、会话管理模块开发
  项目成果：支持万人同时在线，消息送达延迟低于100ms

■ 内容管理系统后端
  项目目标：搭建CMS系统后端服务，支持多站点内容发布
  个人职责：负责文章、栏目、权限模块接口开发，设计数据库表结构
  项目成果：支撑8个站点同时运营，内容发布效率提升3倍","专业技能：Java、Kafka、MySQL、微服务、SpringBoot、Docker
相关证书：MySQL数据库认证、PMP项目管理专业人士",拥有3年实际工作经验，技术功底扎实，熟悉完整开发流程；具备较强的问题解决能力，能够独立排查并解决常见技术问题；工作认真负责，注重团队协作，能够高效推进项目落地；持续学习，保持技术敏感度。,后端开发工程师,三明,互联网/信息技术/软件服务,9000-11500元,否,9000,11500,集美大学,数字媒体技术,本科,本科,2019-06,2019,机器学习、Java程序设计、Python编程、算法设计与分析,4,否,3,3年,2,否,未来互联网科技有限公司,后端开发工程师,2025-02,是,2,即时通讯服务开发,Java、Kafka、MySQL、微服务、SpringBoot、Docker,6,MySQL数据库认证、PMP项目管理专业人士,2,84,93,198,228
崔梅,女,13498329538,cuimei3381@qq.com,18753779216,苏州,"期望岗位：后端开发工程师
期望城市：苏州
期望行业：互联网/信息技术/软件服务
期望薪资：17000-19500元",7年后端开发工程师资深经验，精通全链路技术架构，具备团队技术规划与方案设计能力，主导过多个大型项目重构与升级，在高并发/系统稳定性领域有深厚积累，能够带领团队攻克技术难题，驱动业务技术升级。,"福建农林大学 | 计算机科学与技术 | 本科
毕业时间：2015年6月
核心课程：数据结构、操作系统、Java程序设计、数字信号处理","【用友信息技术有限公司】 后端开发工程师
2024年11月 - 至今
    · 编写开发文档，沉淀技术规范，协助新人熟悉业务
    · 承担分配模块的编码、测试与优化工作，保障系统稳定运行
    · 对接产品、测试团队，跟进需求落地与缺陷修复

【智联科技有限公司】 后端开发工程师
2022年6月 - 2024年4月
    · 负责公司后端开发工程师相关业务的开发与维护，参与需求评审
    · 编写开发文档，沉淀技术规范，协助新人熟悉业务

【信雅科技有限公司】 后端开发工程师
2020年3月 - 2022年8月
    · 负责公司后端开发工程师相关业务的开发与维护，参与需求评审
    · 承担分配模块的编码、测试与优化工作，保障系统稳定运行
    · 对接产品、测试团队，跟进需求落地与缺陷修复","■ 内容管理系统后端
  项目目标：搭建CMS系统后端服务，支持多站点内容发布
  个人职责：负责文章、栏目、权限模块接口开发，设计数据库表结构
  项目成果：支撑8个站点同时运营，内容发布效率提升3倍

■ 即时通讯服务开发
  项目目标：实现企业内部IM系统后端消息推送与存储
  个人职责：负责消息队列、离线消息、会话管理模块开发
  项目成果：支持万人同时在线，消息送达延迟低于100ms","专业技能：Python、Go、Kafka、Gin、Java、微服务、Docker、PostgreSQL、MySQL
相关证书：软考中级、英语六级、华为HCIA认证",拥有7年行业经验，技术视野开阔，具备方案设计与项目把控能力；逻辑清晰，善于定位并解决复杂技术问题；具备良好的团队管理与跨部门沟通能力，能够推动技术优化与业务落地；责任心强，追求技术与业务的平衡发展。,后端开发工程师,苏州,互联网/信息技术/软件服务,17000-19500元,否,17000,19500,福建农林大学,计算机科学与技术,本科,本科,2015-06,2015,数据结构、操作系统、Java程序设计、数字信号处理,4,否,7,7年,3,否,用友信息技术有限公司,后端开发工程师,2024-11,是,2,内容管理系统后端,Python、Go、Kafka、Gin、Java、微服务、Docker、PostgreSQL、MySQL,9,软考中级、英语六级、华为HCIA认证,3,95,99,198,360
徐颖,女,15269095628,xuying03@163.com,13916665765,徐州,"期望岗位：Java开发工程师
期望城市：徐州
期望行业：互联网/信息技术/软件服务
期望薪资：11000-12000元",3年Java开发工程师工作经验，精通SpringCloud、MySQL技术栈，参与过完整项目迭代，能够独立完成模块开发与问题排查，注重代码质量与开发效率，具备良好的沟通协作能力。,"厦门理工学院 | 软件工程 | 本科
毕业时间：2019年6月
核心课程：数字信号处理、Python编程、数据结构、数据库原理","【华为（东莞研究所）】 Java开发工程师
2025年5月 - 至今
    · 承担分配模块的编码、测试与优化工作，保障系统稳定运行
    · 编写开发文档，沉淀技术规范，协助新人熟悉业务

【信雅科技有限公司】 Java开发工程师
2024年2月 - 2025年12月
    · 承担分配模块的编码、测试与优化工作，保障系统稳定运行
    · 对接产品、测试团队，跟进需求落地与缺陷修复","■ 电商订单交易系统
  项目目标：搭建高可用电商订单系统，支撑大促流量峰值
  个人职责：负责订单创建、支付回调、库存扣减核心逻辑开发
  项目成果：支撑日均订单量10万+，系统可用性达99.95%

■ 微服务用户中心重构
  项目目标：将单体用户系统拆分为微服务架构，提升并发承载能力
  个人职责：负责登录、注册、权限模块开发，优化数据库查询与缓存策略
  项目成果：支持并发量从500提升至5000，接口响应耗时减少60%","专业技能：Java、Docker、Linux、JVM调优、MyBatis、Git、RabbitMQ、SpringCloud、MySQL
相关证书：英语六级、PMP项目管理专业人士",拥有3年实际工作经验，技术功底扎实，熟悉完整开发流程；具备较强的问题解决能力，能够独立排查并解决常见技术问题；工作认真负责，注重团队协作，能够高效推进项目落地；持续学习，保持技术敏感度。,Java开发工程师,徐州,互联网/信息技术/软件服务,11000-12000元,否,11000,12000,厦门理工学院,软件工程,本科,本科,2019-06,2019,数字信号处理、Python编程、数据结构、数据库原理,4,否,3,3年,2,否,华为（东莞研究所）,Java开发工程师,2025-05,是,2,电商订单交易系统,Java、Docker、Linux、JVM调优、MyBatis、Git、RabbitMQ、SpringCloud、MySQL,9,英语六级、PMP项目管理专业人士,2,89,93,216,198
王浩,男,18467971093,wanghao277@126.com,wx_wanghao_122,阜阳,"期望岗位：数据分析师
期望城市：阜阳
期望行业：互联网/信息技术/软件服务
期望薪资：9000-9500元",3年数据分析师工作经验，精通数据可视化、Power BI技术栈，参与过完整项目迭代，能够独立完成模块开发与问题排查，注重代码质量与开发效率，具备良好的沟通协作能力。,"苏州职业大学 | 计算机应用技术 | 专科
毕业时间：2019年6月
核心课程：机器学习、计算机网络、软件工程、Java程序设计","【东软软件有限公司】 数据分析师
2025年1月 - 至今
    · 负责公司数据分析师相关业务的开发与维护，参与需求评审
    · 对接产品、测试团队，跟进需求落地与缺陷修复
    · 编写开发文档，沉淀技术规范，协助新人熟悉业务

【未来软件有限公司】 数据分析师
2024年11月 - 2025年4月
    · 对接产品、测试团队，跟进需求落地与缺陷修复
    · 编写开发文档，沉淀技术规范，协助新人熟悉业务
    · 承担分配模块的编码、测试与优化工作，保障系统稳定运行","■ 用户行为分析看板
  项目目标：构建用户行为数据体系，支撑运营决策
  个人职责：负责数据清洗、指标体系搭建，输出可视化运营报表
  项目成果：输出15+核心运营指标，支撑每月3次运营优化，用户留存率提升8%

■ 销售数据预测建模
  项目目标：基于历史数据预测销量，指导库存与备货
  个人职责：数据预处理，构建时间序列预测模型，输出月度预测报告
  项目成果：预测准确率达89%，库存周转效率提升25%","专业技能：统计学、SQL、数据可视化、Hive、MySQL、用户分析、Excel、Power BI、NumPy
相关证书：无",拥有3年实际工作经验，技术功底扎实，熟悉完整开发流程；具备较强的问题解决能力，能够独立排查并解决常见技术问题；工作认真负责，注重团队协作，能够高效推进项目落地；持续学习，保持技术敏感度。,数据分析师,阜阳,互联网/信息技术/软件服务,9000-9500元,否,9000,9500,苏州职业大学,计算机应用技术,专科,大专,2019-06,2019,机器学习、计算机网络、软件工程、Java程序设计,4,否,3,3年,2,否,东软软件有限公司,数据分析师,2025-01,是,2,用户行为分析看板,统计学、SQL、数据可视化、Hive、MySQL、用户分析、Excel、Power BI、NumPy,9,无,0,82,93,206,246
钱博,男,18493776064,qianbo6183@outlook.com,wx_qianbo_997,漳州,"期望岗位：Java开发工程师
期望城市：漳州
期望行业：互联网/信息技术/软件服务
期望薪资：3500-4500元",专科计算机应用技术专业应届毕业生，掌握Docker、Java基础技能，完成过课程设计与毕业项目，具备基础代码编写能力与问题排查思路，学习能力强，做事认真踏实，期望从事Java开发工程师相关工作。,"苏州职业大学 | 计算机应用技术 | 专科
毕业时间：2022年6月
核心课程：数据结构、Python编程、Java程序设计、数字信号处理","【校园实践】
    · 参与学校计算机协会技术部，负责协会网站日常维护
    · 协助老师完成实验室设备管理与系统环境搭建
    · 参与班级课程设计小组，担任后端开发角色","■ 学生成绩管理系统（课程设计）
  项目目标：实现学生信息、成绩、班级的增删改查管理
  个人职责：负责后端接口开发与数据库设计
  项目成果：完成基础功能，通过课程答辩","专业技能：微服务、RabbitMQ、Linux、JVM调优、SpringBoot
相关证书：英语四级、计算机二级",应届毕业，具备扎实的专业基础知识与学习能力，能够快速掌握新技术；工作态度认真负责，有耐心，注重细节；具备良好的团队意识与沟通能力，能够积极配合团队完成任务；期望在工作中积累经验，快速成长。,Java开发工程师,漳州,互联网/信息技术/软件服务,3500-4500元,否,3500,4500,苏州职业大学,计算机应用技术,专科,大专,2022-06,2022,数据结构、Python编程、Java程序设计、数字信号处理,4,是,0,应届,1,是,校园实践,· 参与学校计算机协会技术部，负责协会网站日常维护,,否,1,学生成绩管理系统（课程设计）,微服务、RabbitMQ、Linux、JVM调优、SpringBoot,5,英语四级、计算机二级,2,97,94,86,89
黎雨桐,女,18854314954,li雨tong67@qq.com,wx_li雨tong_710,黄山,"期望岗位：软件测试工程师
期望城市：黄山
期望行业：互联网/信息技术/软件服务
期望薪资：8500-9000元",2年软件测试工程师工作经验，精通接口测试、Appium技术栈，参与过完整项目迭代，能够独立完成模块开发与问题排查，注重代码质量与开发效率，具备良好的沟通协作能力。,"福建农林大学 | 物联网工程 | 本科
毕业时间：2020年6月
核心课程：Java程序设计、数据结构、算法设计与分析、计算机网络","【吉比特网络】 软件测试工程师
2025年6月 - 至今
    · 负责公司软件测试工程师相关业务的开发与维护，参与需求评审
    · 对接产品、测试团队，跟进需求落地与缺陷修复
    · 承担分配模块的编码、测试与优化工作，保障系统稳定运行

【通元信息技术有限公司】 软件测试工程师
2024年3月 - 2025年9月
    · 编写开发文档，沉淀技术规范，协助新人熟悉业务
    · 对接产品、测试团队，跟进需求落地与缺陷修复","■ 电商平台功能测试
  项目目标：保障电商系统上线质量，覆盖全业务流程
  个人职责：设计测试用例，执行功能、回归测试，提交缺陷报告
  项目成果：发现并修复120+缺陷，上线后线上缺陷率低于0.5%

■ 自动化测试框架搭建
  项目目标：提升回归测试效率，减少人工重复劳动
  个人职责：基于Selenium搭建UI自动化框架，编写核心模块测试脚本
  项目成果：回归测试周期从7天缩短至2天，覆盖率达85%","专业技能：接口测试、TestNG、Postman、Appium、Selenium、测试用例设计、MySQL、性能测试、缺陷管理、Python
相关证书：计算机一级",拥有2年实际工作经验，技术功底扎实，熟悉完整开发流程；具备较强的问题解决能力，能够独立排查并解决常见技术问题；工作认真负责，注重团队协作，能够高效推进项目落地；持续学习，保持技术敏感度。,软件测试工程师,黄山,互联网/信息技术/软件服务,8500-9000元,否,8500,9000,福建农林大学,物联网工程,本科,本科,2020-06,2020,Java程序设计、数据结构、算法设计与分析、计算机网络,4,否,2,2年,2,否,吉比特网络,软件测试工程师,2025-06,是,2,电商平台功能测试,接口测试、TestNG、Postman、Appium、Selenium、测试用例设计、MySQL、性能测试、缺陷管理、Python,10,计算机一级,1,81,93,207,221
林峰,男,13585984575,linfeng31@gmail.com,15345649805,阜阳,"期望岗位：软件测试工程师
期望城市：阜阳
期望行业：互联网/信息技术/软件服务
期望薪资：19000-19500元",4年软件测试工程师从业经验，精通MySQL技术架构，主导过中型项目从0到1落地，擅长技术方案设计与性能优化，曾推动核心模块技术重构，带来显著效率提升，具备跨部门协作与项目推进能力。,"暨南大学 | 数字媒体技术 | 本科
毕业时间：2018年6月
核心课程：机器学习、Java程序设计、算法设计与分析、数据库原理","【用友互联网科技有限公司】 软件测试工程师
2024年8月 - 至今
    · 承担分配模块的编码、测试与优化工作，保障系统稳定运行
    · 负责公司软件测试工程师相关业务的开发与维护，参与需求评审
    · 编写开发文档，沉淀技术规范，协助新人熟悉业务

【未来科技有限公司】 软件测试工程师
2022年12月 - 2024年7月
    · 承担分配模块的编码、测试与优化工作，保障系统稳定运行
    · 负责公司软件测试工程师相关业务的开发与维护，参与需求评审
    · 编写开发文档，沉淀技术规范，协助新人熟悉业务","■ 电商平台功能测试
  项目目标：保障电商系统上线质量，覆盖全业务流程
  个人职责：设计测试用例，执行功能、回归测试，提交缺陷报告
  项目成果：发现并修复120+缺陷，上线后线上缺陷率低于0.5%

■ 自动化测试框架搭建
  项目目标：提升回归测试效率，减少人工重复劳动
  个人职责：基于Selenium搭建UI自动化框架，编写核心模块测试脚本
  项目成果：回归测试周期从7天缩短至2天，覆盖率达85%","专业技能：Python、性能测试、Postman、功能测试、Appium、缺陷管理、接口测试、测试用例设计、Selenium、TestNG
相关证书：无",拥有4年行业经验，技术视野开阔，具备方案设计与项目把控能力；逻辑清晰，善于定位并解决复杂技术问题；具备良好的团队管理与跨部门沟通能力，能够推动技术优化与业务落地；责任心强，追求技术与业务的平衡发展。,软件测试工程师,阜阳,互联网/信息技术/软件服务,19000-19500元,否,19000,19500,暨南大学,数字媒体技术,本科,本科,2018-06,2018,机器学习、Java程序设计、算法设计与分析、数据库原理,4,否,4,4年,2,否,用友互联网科技有限公司,软件测试工程师,2024-08,是,2,电商平台功能测试,Python、性能测试、Postman、功能测试、Appium、缺陷管理、接口测试、测试用例设计、Selenium、TestNG,10,无,0,90,99,207,267
汪语桐,女,15030652511,wang语tong7671@126.com,wx_wang语tong_585,绍兴,"期望岗位：后端开发工程师
期望城市：绍兴
期望行业：互联网/信息技术/软件服务
期望薪资：面议",本科物联网工程专业应届毕业生，掌握K8s、PostgreSQL基础技能，完成过课程设计与毕业项目，具备基础代码编写能力与问题排查思路，学习能力强，做事认真踏实，期望从事后端开发工程师相关工作。,"华南理工大学 | 物联网工程 | 本科
毕业时间：2022年6月
核心课程：数据结构、软件工程、Python编程、数字信号处理","【校园实践】
    · 参与学校计算机协会技术部，负责协会网站日常维护
    · 协助老师完成实验室设备管理与系统环境搭建
    · 参与班级课程设计小组，担任后端开发角色","■ 简单论坛系统
  项目目标：实现帖子发布、回复、板块管理
  个人职责：负责后端服务开发与接口文档编写
  项目成果：支持百人同时在线访问","专业技能：Docker、Python、Kafka、Gin、K8s
相关证书：英语四级",应届毕业，具备扎实的专业基础知识与学习能力，能够快速掌握新技术；工作态度认真负责，有耐心，注重细节；具备良好的团队意识与沟通能力，能够积极配合团队完成任务；期望在工作中积累经验，快速成长。,后端开发工程师,绍兴,互联网/信息技术/软件服务,面议,是,,,华南理工大学,物联网工程,本科,本科,2022-06,2022,数据结构、软件工程、Python编程、数字信号处理,4,是,0,应届,1,是,校园实践,· 参与学校计算机协会技术部，负责协会网站日常维护,,否,1,简单论坛系统,Docker、Python、Kafka、Gin、K8s,5,英语四级,1,96,94,71,89
刘俊熙,男,13820265299,liujunxi579@qq.com,18784801010,泉州,"期望岗位：前端开发工程师
期望城市：泉州
期望行业：互联网/信息技术/软件服务
期望薪资：5500-6000元",本科数学与应用数学专业应届毕业生，掌握Element UI、HTML5基础技能，完成过课程设计与毕业项目，具备基础代码编写能力与问题排查思路，学习能力强，做事认真踏实，期望从事前端开发工程师相关工作。,"浙江万里学院 | 数学与应用数学 | 本科
毕业时间：2022年6月
核心课程：数字信号处理、算法设计与分析、计算机网络、数据库原理","【校园实践】
    · 参与学校计算机协会技术部，负责协会网站日常维护
    · 协助老师完成实验室设备管理与系统环境搭建
    · 参与班级课程设计小组，担任后端开发角色","■ 校园社团官网（实训项目）
  项目目标：为学校社团开发官方展示网站
  个人职责：负责首页、新闻页、成员页开发
  项目成果：上线后访问量累计5000+","专业技能：Vue、Element UI、Axios、CSS3、移动端适配、HTML5、Ant Design
相关证书：无",应届毕业，具备扎实的专业基础知识与学习能力，能够快速掌握新技术；工作态度认真负责，有耐心，注重细节；具备良好的团队意识与沟通能力，能够积极配合团队完成任务；期望在工作中积累经验，快速成长。,前端开发工程师,泉州,互联网/信息技术/软件服务,5500-6000元,否,5500,6000,浙江万里学院,数学与应用数学,本科,本科,2022-06,2022,数字信号处理、算法设计与分析、计算机网络、数据库原理,4,是,0,应届,1,是,校园实践,· 参与学校计算机协会技术部，负责协会网站日常维护,,否,1,校园社团官网（实训项目）,Vue、Element UI、Axios、CSS3、移动端适配、HTML5、Ant Design,7,无,0,100,94,78,89
陶梓涵,女,13505878014,tao梓han467@qq.com,15190231355,台州,"期望岗位：算法工程师
期望城市：台州
期望行业：互联网/信息技术/软件服务
期望薪资：面议",2年算法工程师工作经验，精通计算机视觉、PyTorch技术栈，参与过完整项目迭代，能够独立完成模块开发与问题排查，注重代码质量与开发效率，具备良好的沟通协作能力。,"浙江工业大学 | 信息管理与信息系统 | 本科
毕业时间：2020年6月
核心课程：操作系统、计算机网络、数字信号处理、Java程序设计","【字节跳动（厦门分公司）】 算法工程师
2025年12月 - 至今
    · 编写开发文档，沉淀技术规范，协助新人熟悉业务
    · 负责公司算法工程师相关业务的开发与维护，参与需求评审

【新科互联网科技有限公司】 算法工程师
2024年4月 - 2025年3月
    · 编写开发文档，沉淀技术规范，协助新人熟悉业务
    · 承担分配模块的编码、测试与优化工作，保障系统稳定运行","■ 个性化推荐系统
  项目目标：提升内容推荐精准度，增加用户停留时长
  个人职责：负责协同过滤、深度学习推荐模型开发与离线优化
  项目成果：用户平均停留时长提升25%，点击率提升15%

■ 风控欺诈识别模型
  项目目标：识别交易欺诈行为，降低资金损失风险
  个人职责：特征工程，构建XGBoost风控模型，在线部署与迭代
  项目成果：欺诈识别准确率达92%，每年减少损失超200万","专业技能：推荐算法、机器学习、Python、PyTorch、数据结构、TensorFlow、深度学习、NLP、计算机视觉、算法优化
相关证书：计算机二级",拥有2年实际工作经验，技术功底扎实，熟悉完整开发流程；具备较强的问题解决能力，能够独立排查并解决常见技术问题；工作认真负责，注重团队协作，能够高效推进项目落地；持续学习，保持技术敏感度。,算法工程师,台州,互联网/信息技术/软件服务,面议,是,,,浙江工业大学,信息管理与信息系统,本科,本科,2020-06,2020,操作系统、计算机网络、数字信号处理、Java程序设计,4,否,2,2年,2,否,字节跳动（厦门分公司）,算法工程师,2025-12,是,2,个性化推荐系统,推荐算法、机器学习、Python、PyTorch、数据结构、TensorFlow、深度学习、NLP、计算机视觉、算法优化,10,计算机二级,1,81,93,197,196
覃欣,女,13402016115,qinxin0378@gmail.com,wx_qinxin_895,龙岩,"期望岗位：数据分析师
期望城市：龙岩
期望行业：互联网/信息技术/软件服务
期望薪资：10000-11500元",5年数据分析师从业经验，精通SQL技术架构，主导过中型项目从0到1落地，擅长技术方案设计与性能优化，曾推动核心模块技术重构，带来显著效率提升，具备跨部门协作与项目推进能力。,"集美大学 | 计算机科学与技术 | 本科
毕业时间：2017年6月
核心课程：Java程序设计、计算机网络、软件工程、数据库原理","【锐捷网络科技有限公司】 数据分析师
2025年5月 - 至今
    · 编写开发文档，沉淀技术规范，协助新人熟悉业务
    · 负责公司数据分析师相关业务的开发与维护，参与需求评审
    · 对接产品、测试团队，跟进需求落地与缺陷修复

【金蝶数据技术有限公司】 数据分析师
2024年5月 - 2025年6月
    · 承担分配模块的编码、测试与优化工作，保障系统稳定运行
    · 编写开发文档，沉淀技术规范，协助新人熟悉业务
    · 负责公司数据分析师相关业务的开发与维护，参与需求评审

【未来互联网科技有限公司】 数据分析师
2023年7月 - 2024年1月
    · 负责公司数据分析师相关业务的开发与维护，参与需求评审
    · 承担分配模块的编码、测试与优化工作，保障系统稳定运行
    · 对接产品、测试团队，跟进需求落地与缺陷修复","■ 销售数据预测建模
  项目目标：基于历史数据预测销量，指导库存与备货
  个人职责：数据预处理，构建时间序列预测模型，输出月度预测报告
  项目成果：预测准确率达89%，库存周转效率提升25%

■ 用户行为分析看板
  项目目标：构建用户行为数据体系，支撑运营决策
  个人职责：负责数据清洗、指标体系搭建，输出可视化运营报表
  项目成果：输出15+核心运营指标，支撑每月3次运营优化，用户留存率提升8%","专业技能：Power BI、NumPy、Pandas、MySQL、Excel、统计学
相关证书：英语四级、软考中级",拥有5年行业经验，技术视野开阔，具备方案设计与项目把控能力；逻辑清晰，善于定位并解决复杂技术问题；具备良好的团队管理与跨部门沟通能力，能够推动技术优化与业务落地；责任心强，追求技术与业务的平衡发展。,数据分析师,龙岩,互联网/信息技术/软件服务,10000-11500元,否,10000,11500,集美大学,计算机科学与技术,本科,本科,2017-06,2017,Java程序设计、计算机网络、软件工程、数据库原理,4,否,5,5年,3,否,锐捷网络科技有限公司,数据分析师,2025-05,是,2,销售数据预测建模,Power BI、NumPy、Pandas、MySQL、Excel、统计学,6,英语四级、软考中级,2,86,99,206,387
黎梅,女,18118680055,limei052@126.com,wx_limei_752,龙岩,"期望岗位：运维工程师
期望城市：龙岩
期望行业：互联网/信息技术/软件服务
期望薪资：7000-9000元",3年运维工程师工作经验，精通Ansible、Nginx技术栈，参与过完整项目迭代，能够独立完成模块开发与问题排查，注重代码质量与开发效率，具备良好的沟通协作能力。,"江西交通职业技术学院 | 计算机应用技术 | 专科
毕业时间：2019年6月
核心课程：Python编程、软件工程、数据结构、Java程序设计","【恒信软件有限公司】 运维工程师
2025年7月 - 至今
    · 对接产品、测试团队，跟进需求落地与缺陷修复
    · 编写开发文档，沉淀技术规范，协助新人熟悉业务
    · 承担分配模块的编码、测试与优化工作，保障系统稳定运行

【智联数据技术有限公司】 运维工程师
2024年8月 - 2025年6月
    · 承担分配模块的编码、测试与优化工作，保障系统稳定运行
    · 对接产品、测试团队，跟进需求落地与缺陷修复","■ CI/CD自动化流水线
  项目目标：实现代码自动化构建、测试、部署，提升发布效率
  个人职责：基于Jenkins搭建持续集成流水线，配置Docker容器化部署
  项目成果：发布周期从每周1次提升至每天3次，部署失误率降为0

■ 服务器集群运维优化
  项目目标：提升服务器集群稳定性，降低故障发生率
  个人职责：负责日常巡检、故障排查，优化监控告警规则与分级策略
  项目成果：服务器故障率下降60%，平均故障响应时间缩短至15分钟","专业技能：Jenkins、Ansible、Redis、Docker、Shell、Zabbix、MySQL、Kubernetes
相关证书：系统架构设计师",拥有3年实际工作经验，技术功底扎实，熟悉完整开发流程；具备较强的问题解决能力，能够独立排查并解决常见技术问题；工作认真负责，注重团队协作，能够高效推进项目落地；持续学习，保持技术敏感度。,运维工程师,龙岩,互联网/信息技术/软件服务,7000-9000元,否,7000,9000,江西交通职业技术学院,计算机应用技术,专科,大专,2019-06,2019,Python编程、软件工程、数据结构、Java程序设计,4,否,3,3年,2,否,恒信软件有限公司,运维工程师,2025-07,是,2,CI/CD自动化流水线,Jenkins、Ansible、Redis、Docker、Shell、Zabbix、MySQL、Kubernetes,8,系统架构设计师,1,81,93,223,218
顾若曦,女,15816279486,gu若xi744@126.com,wx_gu若xi_189,三明,"期望岗位：软件测试工程师
期望城市：三明
期望行业：互联网/信息技术/软件服务
期望薪资：7000-12000元",2年软件测试工程师工作经验，精通Appium、Postman技术栈，参与过完整项目迭代，能够独立完成模块开发与问题排查，注重代码质量与开发效率，具备良好的沟通协作能力。,"南昌大学 | 信息管理与信息系统 | 本科
毕业时间：2020年6月
核心课程：软件工程、操作系统、数字信号处理、算法设计与分析","【数聚软件有限公司】 软件测试工程师
2025年1月 - 至今
    · 负责公司软件测试工程师相关业务的开发与维护，参与需求评审
    · 编写开发文档，沉淀技术规范，协助新人熟悉业务

【通元软件有限公司】 软件测试工程师
2024年4月 - 2025年10月
    · 编写开发文档，沉淀技术规范，协助新人熟悉业务
    · 对接产品、测试团队，跟进需求落地与缺陷修复","■ 自动化测试框架搭建
  项目目标：提升回归测试效率，减少人工重复劳动
  个人职责：基于Selenium搭建UI自动化框架，编写核心模块测试脚本
  项目成果：回归测试周期从7天缩短至2天，覆盖率达85%

■ 电商平台功能测试
  项目目标：保障电商系统上线质量，覆盖全业务流程
  个人职责：设计测试用例，执行功能、回归测试，提交缺陷报告
  项目成果：发现并修复120+缺陷，上线后线上缺陷率低于0.5%","专业技能：缺陷管理、TestNG、Appium、测试用例设计、MySQL、Python、性能测试
相关证书：MySQL数据库认证、红帽RHCE认证",拥有2年实际工作经验，技术功底扎实，熟悉完整开发流程；具备较强的问题解决能力，能够独立排查并解决常见技术问题；工作认真负责，注重团队协作，能够高效推进项目落地；持续学习，保持技术敏感度。,软件测试工程师,三明,互联网/信息技术/软件服务,7000-12000元,否,7000,12000,南昌大学,信息管理与信息系统,本科,本科,2020-06,2020,软件工程、操作系统、数字信号处理、算法设计与分析,4,否,2,2年,2,否,数聚软件有限公司,软件测试工程师,2025-01,是,2,自动化测试框架搭建,缺陷管理、TestNG、Appium、测试用例设计、MySQL、Python、性能测试,7,MySQL数据库认证、红帽RHCE认证,2,84,93,207,191
罗勇,男,13802157517,luoyong997@163.com,wx_luoyong_213,黄山,"期望岗位：Python开发工程师
期望城市：黄山
期望行业：互联网/信息技术/软件服务
期望薪资：10000-10500元",2年Python开发工程师工作经验，精通Git、Docker技术栈，参与过完整项目迭代，能够独立完成模块开发与问题排查，注重代码质量与开发效率，具备良好的沟通协作能力。,"浙江工业大学 | 电子信息工程 | 本科
毕业时间：2020年6月
核心课程：软件工程、计算机网络、操作系统、数据库原理","【微远信息技术有限公司】 Python开发工程师
2025年8月 - 至今
    · 承担分配模块的编码、测试与优化工作，保障系统稳定运行
    · 编写开发文档，沉淀技术规范，协助新人熟悉业务

【汇智互联网科技有限公司】 Python开发工程师
2024年11月 - 2025年6月
    · 编写开发文档，沉淀技术规范，协助新人熟悉业务
    · 承担分配模块的编码、测试与优化工作，保障系统稳定运行
    · 对接产品、测试团队，跟进需求落地与缺陷修复","■ 数据采集爬虫系统
  项目目标：搭建分布式爬虫平台，采集多渠道公开数据
  个人职责：负责反爬策略破解、数据清洗、入库逻辑开发
  项目成果：日均采集数据50万条，数据准确率98%以上

■ 自动化运维平台
  项目目标：开发运维管理平台，实现服务器批量管理
  个人职责：负责监控、告警、任务调度模块后端开发
  项目成果：管理服务器200+，运维人力成本降低50%","专业技能：Python、FastAPI、Flask、Redis、Celery、Git
相关证书：MySQL数据库认证",拥有2年实际工作经验，技术功底扎实，熟悉完整开发流程；具备较强的问题解决能力，能够独立排查并解决常见技术问题；工作认真负责，注重团队协作，能够高效推进项目落地；持续学习，保持技术敏感度。,Python开发工程师,黄山,互联网/信息技术/软件服务,10000-10500元,否,10000,10500,浙江工业大学,电子信息工程,本科,本科,2020-06,2020,软件工程、计算机网络、操作系统、数据库原理,4,否,2,2年,2,否,微远信息技术有限公司,Python开发工程师,2025-08,是,2,数据采集爬虫系统,Python、FastAPI、Flask、Redis、Celery、Git,6,MySQL数据库认证,1,84,93,186,235
莫丽,女,18834666545,moli068@outlook.com,18717735784,绍兴,"期望岗位：数据分析师
期望城市：绍兴
期望行业：互联网/信息技术/软件服务
期望薪资：32500-34000元",10年数据分析师资深经验，精通全链路技术架构，具备团队技术规划与方案设计能力，主导过多个大型项目重构与升级，在高并发/系统稳定性领域有深厚积累，能够带领团队攻克技术难题，驱动业务技术升级。,"苏州科技大学 | 软件技术 | 本科
毕业时间：2012年6月
核心课程：机器学习、软件工程、数据结构、操作系统","【安硕科技有限公司】 数据分析师
2023年7月 - 至今
    · 编写开发文档，沉淀技术规范，协助新人熟悉业务
    · 负责公司数据分析师相关业务的开发与维护，参与需求评审
    · 对接产品、测试团队，跟进需求落地与缺陷修复

【锐捷软件有限公司】 数据分析师
2020年3月 - 2023年5月
    · 对接产品、测试团队，跟进需求落地与缺陷修复
    · 承担分配模块的编码、测试与优化工作，保障系统稳定运行

【用友软件有限公司】 数据分析师
2017年4月 - 2020年2月
    · 编写开发文档，沉淀技术规范，协助新人熟悉业务
    · 负责公司数据分析师相关业务的开发与维护，参与需求评审","■ 销售数据预测建模
  项目目标：基于历史数据预测销量，指导库存与备货
  个人职责：数据预处理，构建时间序列预测模型，输出月度预测报告
  项目成果：预测准确率达89%，库存周转效率提升25%

■ 用户行为分析看板
  项目目标：构建用户行为数据体系，支撑运营决策
  个人职责：负责数据清洗、指标体系搭建，输出可视化运营报表
  项目成果：输出15+核心运营指标，支撑每月3次运营优化，用户留存率提升8%","专业技能：SQL、MySQL、统计学、NumPy、Pandas、Python、Hive、用户分析、Tableau
相关证书：软考中级",拥有10年行业经验，技术视野开阔，具备方案设计与项目把控能力；逻辑清晰，善于定位并解决复杂技术问题；具备良好的团队管理与跨部门沟通能力，能够推动技术优化与业务落地；责任心强，追求技术与业务的平衡发展。,数据分析师,绍兴,互联网/信息技术/软件服务,32500-34000元,否,32500,34000,苏州科技大学,软件技术,本科,本科,2012-06,2012,机器学习、软件工程、数据结构、操作系统,4,否,10,10年,3,否,安硕科技有限公司,数据分析师,2023-07,是,2,销售数据预测建模,SQL、MySQL、统计学、NumPy、Pandas、Python、Hive、用户分析、Tableau,9,软考中级,1,94,100,206,314
熊峰,男,13993837565,xiongfeng7507@126.com,wx_xiongfeng_966,镇江,"期望岗位：后端开发工程师
期望城市：镇江
期望行业：互联网/信息技术/软件服务
期望薪资：7000-8000元",专科数学与应用数学专业应届毕业生，有1段后端开发工程师实习经验，掌握PostgreSQL技术栈，参与过实习项目开发，具备良好的代码规范与团队协作意识，能够快速上手业务，期望正式入职发展。,"厦门海洋职业技术学院 | 数学与应用数学 | 专科
毕业时间：2021年6月
核心课程：机器学习、数字信号处理、Java程序设计、Python编程","【易联数据技术有限公司】 后端开发工程师（实习）
2025年3月 - 至今
    · 承担分配模块的编码、测试与优化工作，保障系统稳定运行
    · 编写开发文档，沉淀技术规范，协助新人熟悉业务
    · 负责公司后端开发工程师相关业务的开发与维护，参与需求评审","■ 简单论坛系统
  项目目标：实现帖子发布、回复、板块管理
  个人职责：负责后端服务开发与接口文档编写
  项目成果：支持百人同时在线访问

■ 图书管理系统后端
  项目目标：实现图书借阅、归还、用户管理功能
  个人职责：负责接口开发与数据库表结构设计
  项目成果：完成核心功能，支持1000条数据量","专业技能：MySQL、K8s、PostgreSQL、Docker、SpringBoot、Go
相关证书：英语六级",有实习经验，熟悉开发基本流程，具备基础的项目实践能力；学习能力强，能够快速上手新业务新技术；工作踏实，责任心强，善于沟通协作，能够高效完成分配的工作任务。,后端开发工程师,镇江,互联网/信息技术/软件服务,7000-8000元,否,7000,8000,厦门海洋职业技术学院,数学与应用数学,专科,大专,2021-06,2021,机器学习、数字信号处理、Java程序设计、Python编程,4,是,0,应届,1,否,易联数据技术有限公司,后端开发工程师（实习）,2025-03,是,2,简单论坛系统,MySQL、K8s、PostgreSQL、Docker、SpringBoot、Go,6,英语六级,1,93,77,155,134
罗强,男,13389944758,luoqiang21@outlook.com,15053878389,宁德,"期望岗位：软件测试工程师
期望城市：宁德
期望行业：互联网/信息技术/软件服务
期望薪资：面议",本科软件工程专业应届毕业生，掌握缺陷管理、Appium基础技能，完成过课程设计与毕业项目，具备基础代码编写能力与问题排查思路，学习能力强，做事认真踏实，期望从事软件测试工程师相关工作。,"南京理工大学 | 软件工程 | 本科
毕业时间：2022年6月
核心课程：数据结构、操作系统、计算机网络、数据库原理","【校园实践】
    · 参与学校计算机协会技术部，负责协会网站日常维护
    · 协助老师完成实验室设备管理与系统环境搭建
    · 参与班级课程设计小组，担任后端开发角色","■ 网页兼容性测试实训
  项目目标：对多个网站进行浏览器兼容测试
  个人职责：制定测试方案，输出测试报告
  项目成果：覆盖5款主流浏览器","专业技能：Postman、性能测试、缺陷管理、Appium
相关证书：英语四级、MySQL数据库认证、英语六级",应届毕业，具备扎实的专业基础知识与学习能力，能够快速掌握新技术；工作态度认真负责，有耐心，注重细节；具备良好的团队意识与沟通能力，能够积极配合团队完成任务；期望在工作中积累经验，快速成长。,软件测试工程师,宁德,互联网/信息技术/软件服务,面议,是,,,南京理工大学,软件工程,本科,本科,2022-06,2022,数据结构、操作系统、计算机网络、数据库原理,4,是,0,应届,1,是,校园实践,· 参与学校计算机协会技术部，负责协会网站日常维护,,否,1,网页兼容性测试实训,Postman、性能测试、缺陷管理、Appium,4,英语四级、MySQL数据库认证、英语六级,3,92,94,71,89
蔡明,男,15981106254,caiming2264@gmail.com,wx_caiming_599,金华,"期望岗位：后端开发工程师
期望城市：金华
期望行业：互联网/信息技术/软件服务
期望薪资：12000-16500元",3年后端开发工程师从业经验，精通Go技术架构，主导过中型项目从0到1落地，擅长技术方案设计与性能优化，曾推动核心模块技术重构，带来显著效率提升，具备跨部门协作与项目推进能力。,"暨南大学 | 数字媒体技术 | 本科
毕业时间：2019年6月
核心课程：Python编程、计算机网络、算法设计与分析、软件工程","【合众信息技术有限公司】 后端开发工程师
2025年7月 - 至今
    · 承担分配模块的编码、测试与优化工作，保障系统稳定运行
    · 编写开发文档，沉淀技术规范，协助新人熟悉业务

【博思网络科技有限公司】 后端开发工程师
2024年1月 - 2025年5月
    · 负责公司后端开发工程师相关业务的开发与维护，参与需求评审
    · 承担分配模块的编码、测试与优化工作，保障系统稳定运行
    · 编写开发文档，沉淀技术规范，协助新人熟悉业务","■ 内容管理系统后端
  项目目标：搭建CMS系统后端服务，支持多站点内容发布
  个人职责：负责文章、栏目、权限模块接口开发，设计数据库表结构
  项目成果：支撑8个站点同时运营，内容发布效率提升3倍

■ 即时通讯服务开发
  项目目标：实现企业内部IM系统后端消息推送与存储
  个人职责：负责消息队列、离线消息、会话管理模块开发
  项目成果：支持万人同时在线，消息送达延迟低于100ms","专业技能：Kafka、Docker、MySQL、Gin、SpringBoot、微服务、PostgreSQL、Redis、Python
相关证书：软件设计师（中级）",拥有3年行业经验，技术视野开阔，具备方案设计与项目把控能力；逻辑清晰，善于定位并解决复杂技术问题；具备良好的团队管理与跨部门沟通能力，能够推动技术优化与业务落地；责任心强，追求技术与业务的平衡发展。,后端开发工程师,金华,互联网/信息技术/软件服务,12000-16500元,否,12000,16500,暨南大学,数字媒体技术,本科,本科,2019-06,2019,Python编程、计算机网络、算法设计与分析、软件工程,4,否,3,3年,2,否,合众信息技术有限公司,后端开发工程师,2025-07,是,2,内容管理系统后端,Kafka、Docker、MySQL、Gin、SpringBoot、微服务、PostgreSQL、Redis、Python,9,软件设计师（中级）,1,87,99,198,232
刘雨泽,男,18751929801,liu雨ze76@gmail.com,18686395700,安庆,"期望岗位：算法工程师
期望城市：安庆
期望行业：互联网/信息技术/软件服务
期望薪资：面议",3年算法工程师从业经验，精通算法优化技术架构，主导过中型项目从0到1落地，擅长技术方案设计与性能优化，曾推动核心模块技术重构，带来显著效率提升，具备跨部门协作与项目推进能力。,"闽南师范大学 | 通信工程 | 本科
毕业时间：2019年6月
核心课程：数据库原理、Python编程、计算机网络、软件工程","【云创互联网科技有限公司】 算法工程师
2025年10月 - 至今
    · 对接产品、测试团队，跟进需求落地与缺陷修复
    · 负责公司算法工程师相关业务的开发与维护，参与需求评审
    · 编写开发文档，沉淀技术规范，协助新人熟悉业务

【易联软件有限公司】 算法工程师
2024年8月 - 2025年8月
    · 负责公司算法工程师相关业务的开发与维护，参与需求评审
    · 对接产品、测试团队，跟进需求落地与缺陷修复
    · 承担分配模块的编码、测试与优化工作，保障系统稳定运行","■ 个性化推荐系统
  项目目标：提升内容推荐精准度，增加用户停留时长
  个人职责：负责协同过滤、深度学习推荐模型开发与离线优化
  项目成果：用户平均停留时长提升25%，点击率提升15%

■ 风控欺诈识别模型
  项目目标：识别交易欺诈行为，降低资金损失风险
  个人职责：特征工程，构建XGBoost风控模型，在线部署与迭代
  项目成果：欺诈识别准确率达92%，每年减少损失超200万","专业技能：机器学习、计算机视觉、数据结构、PyTorch、特征工程、Python、深度学习、TensorFlow、算法优化、推荐算法
相关证书：无",拥有3年行业经验，技术视野开阔，具备方案设计与项目把控能力；逻辑清晰，善于定位并解决复杂技术问题；具备良好的团队管理与跨部门沟通能力，能够推动技术优化与业务落地；责任心强，追求技术与业务的平衡发展。,算法工程师,安庆,互联网/信息技术/软件服务,面议,是,,,闽南师范大学,通信工程,本科,本科,2019-06,2019,数据库原理、Python编程、计算机网络、软件工程,4,否,3,3年,2,否,云创互联网科技有限公司,算法工程师,2025-10,是,2,个性化推荐系统,机器学习、计算机视觉、数据结构、PyTorch、特征工程、Python、深度学习、TensorFlow、算法优化、推荐算法,10,无,0,87,99,197,253
莫雯,女,17672248033,mowen5978@gmail.com,18436193844,镇江,"期望岗位：算法工程师
期望城市：镇江
期望行业：互联网/信息技术/软件服务
期望薪资：13500-20000元",3年算法工程师从业经验，精通算法优化技术架构，主导过中型项目从0到1落地，擅长技术方案设计与性能优化，曾推动核心模块技术重构，带来显著效率提升，具备跨部门协作与项目推进能力。,"东南大学 | 软件技术 | 本科
毕业时间：2019年6月
核心课程：机器学习、数字信号处理、算法设计与分析、Java程序设计","【启明科技有限公司】 算法工程师
2025年8月 - 至今
    · 编写开发文档，沉淀技术规范，协助新人熟悉业务
    · 对接产品、测试团队，跟进需求落地与缺陷修复

【天擎数据技术有限公司】 算法工程师
2024年1月 - 2025年5月
    · 编写开发文档，沉淀技术规范，协助新人熟悉业务
    · 对接产品、测试团队，跟进需求落地与缺陷修复
    · 承担分配模块的编码、测试与优化工作，保障系统稳定运行","■ 个性化推荐系统
  项目目标：提升内容推荐精准度，增加用户停留时长
  个人职责：负责协同过滤、深度学习推荐模型开发与离线优化
  项目成果：用户平均停留时长提升25%，点击率提升15%

■ 风控欺诈识别模型
  项目目标：识别交易欺诈行为，降低资金损失风险
  个人职责：特征工程，构建XGBoost风控模型，在线部署与迭代
  项目成果：欺诈识别准确率达92%，每年减少损失超200万","专业技能：TensorFlow、机器学习、Python、数据结构、SQL、计算机视觉
相关证书：无",拥有3年行业经验，技术视野开阔，具备方案设计与项目把控能力；逻辑清晰，善于定位并解决复杂技术问题；具备良好的团队管理与跨部门沟通能力，能够推动技术优化与业务落地；责任心强，追求技术与业务的平衡发展。,算法工程师,镇江,互联网/信息技术/软件服务,13500-20000元,否,13500,20000,东南大学,软件技术,本科,本科,2019-06,2019,机器学习、数字信号处理、算法设计与分析、Java程序设计,4,否,3,3年,2,否,启明科技有限公司,算法工程师,2025-08,是,2,个性化推荐系统,TensorFlow、机器学习、Python、数据结构、SQL、计算机视觉,6,无,0,87,99,197,214
韦彬,男,18139358215,weibin474@163.com,18926125545,莆田,"期望岗位：后端开发工程师
期望城市：莆田
期望行业：互联网/信息技术/软件服务
期望薪资：11000-14500元",5年后端开发工程师从业经验，精通SpringBoot技术架构，主导过中型项目从0到1落地，擅长技术方案设计与性能优化，曾推动核心模块技术重构，带来显著效率提升，具备跨部门协作与项目推进能力。,"福建船政交通职业学院 | 计算机科学与技术 | 专科
毕业时间：2017年6月
核心课程：机器学习、数字信号处理、数据库原理、计算机网络","【星图数据技术有限公司】 后端开发工程师
2025年7月 - 至今
    · 编写开发文档，沉淀技术规范，协助新人熟悉业务
    · 负责公司后端开发工程师相关业务的开发与维护，参与需求评审
    · 对接产品、测试团队，跟进需求落地与缺陷修复

【信雅网络科技有限公司】 后端开发工程师
2024年5月 - 2025年1月
    · 编写开发文档，沉淀技术规范，协助新人熟悉业务
    · 对接产品、测试团队，跟进需求落地与缺陷修复
    · 承担分配模块的编码、测试与优化工作，保障系统稳定运行

【星图互联网科技有限公司】 后端开发工程师
2023年3月 - 2024年4月
    · 负责公司后端开发工程师相关业务的开发与维护，参与需求评审
    · 承担分配模块的编码、测试与优化工作，保障系统稳定运行","■ 即时通讯服务开发
  项目目标：实现企业内部IM系统后端消息推送与存储
  个人职责：负责消息队列、离线消息、会话管理模块开发
  项目成果：支持万人同时在线，消息送达延迟低于100ms

■ 内容管理系统后端
  项目目标：搭建CMS系统后端服务，支持多站点内容发布
  个人职责：负责文章、栏目、权限模块接口开发，设计数据库表结构
  项目成果：支撑8个站点同时运营，内容发布效率提升3倍","专业技能：MySQL、Java、K8s、Kafka、Python、Docker、微服务
相关证书：无",拥有5年行业经验，技术视野开阔，具备方案设计与项目把控能力；逻辑清晰，善于定位并解决复杂技术问题；具备良好的团队管理与跨部门沟通能力，能够推动技术优化与业务落地；责任心强，追求技术与业务的平衡发展。,后端开发工程师,莆田,互联网/信息技术/软件服务,11000-14500元,否,11000,14500,福建船政交通职业学院,计算机科学与技术,专科,大专,2017-06,2017,机器学习、数字信号处理、数据库原理、计算机网络,4,否,5,5年,3,否,星图数据技术有限公司,后端开发工程师,2025-07,是,2,即时通讯服务开发,MySQL、Java、K8s、Kafka、Python、Docker、微服务,7,无,0,95,99,198,364
萧雪,女,13532116602,xiaoxue92@gmail.com,wx_xiaoxue_813,镇江,"期望岗位：后端开发工程师
期望城市：镇江
期望行业：互联网/信息技术/软件服务
期望薪资：面议",专科信息管理与信息系统专业应届毕业生，有0段后端开发工程师实习经验，掌握Kafka技术栈，参与过实习项目开发，具备良好的代码规范与团队协作意识，能够快速上手业务，期望正式入职发展。,"福建船政交通职业学院 | 信息管理与信息系统 | 专科
毕业时间：2022年6月
核心课程：Python编程、计算机网络、Java程序设计、软件工程","【华为（东莞研究所）】 后端开发工程师（实习）
2023年9月 - 至今
    · 对接产品、测试团队，跟进需求落地与缺陷修复
    · 负责公司后端开发工程师相关业务的开发与维护，参与需求评审
    · 承担分配模块的编码、测试与优化工作，保障系统稳定运行","■ 简单论坛系统
  项目目标：实现帖子发布、回复、板块管理
  个人职责：负责后端服务开发与接口文档编写
  项目成果：支持百人同时在线访问

■ 图书管理系统后端
  项目目标：实现图书借阅、归还、用户管理功能
  个人职责：负责接口开发与数据库表结构设计
  项目成果：完成核心功能，支持1000条数据量","专业技能：K8s、Java、微服务、SpringBoot、MySQL、Gin、Redis
相关证书：无",有实习经验，熟悉开发基本流程，具备基础的项目实践能力；学习能力强，能够快速上手新业务新技术；工作踏实，责任心强，善于沟通协作，能够高效完成分配的工作任务。,后端开发工程师,镇江,互联网/信息技术/软件服务,面议,是,,,福建船政交通职业学院,信息管理与信息系统,专科,大专,2022-06,2022,Python编程、计算机网络、Java程序设计、软件工程,4,是,0,应届,1,否,华为（东莞研究所）,后端开发工程师（实习）,2023-09,是,2,简单论坛系统,K8s、Java、微服务、SpringBoot、MySQL、Gin、Redis,7,无,0,90,77,155,132
苏娜,女,18229253736,suna877@outlook.com,18732899858,滁州,"期望岗位：算法工程师
期望城市：滁州
期望行业：互联网/信息技术/软件服务
期望薪资：4000-4500元",专科物联网工程专业应届毕业生，掌握算法优化、TensorFlow基础技能，完成过课程设计与毕业项目，具备基础代码编写能力与问题排查思路，学习能力强，做事认真踏实，期望从事算法工程师相关工作。,"福州职业技术学院 | 物联网工程 | 专科
毕业时间：2022年6月
核心课程：数字信号处理、算法设计与分析、软件工程、数据库原理","【校园实践】
    · 参与学校计算机协会技术部，负责协会网站日常维护
    · 协助老师完成实验室设备管理与系统环境搭建
    · 参与班级课程设计小组，担任后端开发角色","■ 电影推荐系统（毕设）
  项目目标：基于协同过滤实现简单电影推荐
  个人职责：数据处理、模型实现、效果验证
  项目成果：召回准确率达到75%","专业技能：Python、机器学习、数据结构、深度学习
相关证书：MySQL数据库认证、英语六级",应届毕业，具备扎实的专业基础知识与学习能力，能够快速掌握新技术；工作态度认真负责，有耐心，注重细节；具备良好的团队意识与沟通能力，能够积极配合团队完成任务；期望在工作中积累经验，快速成长。,算法工程师,滁州,互联网/信息技术/软件服务,4000-4500元,否,4000,4500,福州职业技术学院,物联网工程,专科,大专,2022-06,2022,数字信号处理、算法设计与分析、软件工程、数据库原理,4,是,0,应届,1,是,校园实践,· 参与学校计算机协会技术部，负责协会网站日常维护,,否,1,电影推荐系统（毕设）,Python、机器学习、数据结构、深度学习,4,MySQL数据库认证、英语六级,2,95,94,74,89
白欣,女,17728434112,baixin83@gmail.com,wx_baixin_304,马鞍山,"期望岗位：运维工程师
期望城市：马鞍山
期望行业：互联网/信息技术/软件服务
期望薪资：6000-8000元",3年运维工程师工作经验，精通Kubernetes、MySQL技术栈，参与过完整项目迭代，能够独立完成模块开发与问题排查，注重代码质量与开发效率，具备良好的沟通协作能力。,"泉州师范学院 | 网络工程 | 本科
毕业时间：2019年6月
核心课程：软件工程、数字信号处理、Python编程、算法设计与分析","【腾讯（深圳分公司）】 运维工程师
2025年2月 - 至今
    · 承担分配模块的编码、测试与优化工作，保障系统稳定运行
    · 对接产品、测试团队，跟进需求落地与缺陷修复
    · 编写开发文档，沉淀技术规范，协助新人熟悉业务

【通元网络科技有限公司】 运维工程师
2024年10月 - 2025年12月
    · 承担分配模块的编码、测试与优化工作，保障系统稳定运行
    · 负责公司运维工程师相关业务的开发与维护，参与需求评审
    · 对接产品、测试团队，跟进需求落地与缺陷修复","■ 服务器集群运维优化
  项目目标：提升服务器集群稳定性，降低故障发生率
  个人职责：负责日常巡检、故障排查，优化监控告警规则与分级策略
  项目成果：服务器故障率下降60%，平均故障响应时间缩短至15分钟

■ CI/CD自动化流水线
  项目目标：实现代码自动化构建、测试、部署，提升发布效率
  个人职责：基于Jenkins搭建持续集成流水线，配置Docker容器化部署
  项目成果：发布周期从每周1次提升至每天3次，部署失误率降为0","专业技能：Nginx、Kubernetes、Prometheus、Zabbix、网络运维、Jenkins、Ansible、MySQL
相关证书：PMP项目管理专业人士、英语六级、计算机一级",拥有3年实际工作经验，技术功底扎实，熟悉完整开发流程；具备较强的问题解决能力，能够独立排查并解决常见技术问题；工作认真负责，注重团队协作，能够高效推进项目落地；持续学习，保持技术敏感度。,运维工程师,马鞍山,互联网/信息技术/软件服务,6000-8000元,否,6000,8000,泉州师范学院,网络工程,本科,本科,2019-06,2019,软件工程、数字信号处理、Python编程、算法设计与分析,4,否,3,3年,2,否,腾讯（深圳分公司）,运维工程师,2025-02,是,2,服务器集群运维优化,Nginx、Kubernetes、Prometheus、Zabbix、网络运维、Jenkins、Ansible、MySQL,8,PMP项目管理专业人士、英语六级、计算机一级,3,84,93,223,254
胡杰,男,18388804083,hujie81@126.com,wx_hujie_922,莆田,"期望岗位：后端开发工程师
期望城市：莆田
期望行业：互联网/信息技术/软件服务
期望薪资：5000-5500元",本科数字媒体技术专业应届毕业生，掌握Java、SpringBoot基础技能，完成过课程设计与毕业项目，具备基础代码编写能力与问题排查思路，学习能力强，做事认真踏实，期望从事后端开发工程师相关工作。,"厦门理工学院 | 数字媒体技术 | 本科
毕业时间：2022年6月
核心课程：计算机网络、数字信号处理、操作系统、Java程序设计","【校园实践】
    · 参与学校计算机协会技术部，负责协会网站日常维护
    · 协助老师完成实验室设备管理与系统环境搭建
    · 参与班级课程设计小组，担任后端开发角色","■ 简单论坛系统
  项目目标：实现帖子发布、回复、板块管理
  个人职责：负责后端服务开发与接口文档编写
  项目成果：支持百人同时在线访问","专业技能：MySQL、Redis、Docker、微服务
相关证书：无",应届毕业，具备扎实的专业基础知识与学习能力，能够快速掌握新技术；工作态度认真负责，有耐心，注重细节；具备良好的团队意识与沟通能力，能够积极配合团队完成任务；期望在工作中积累经验，快速成长。,后端开发工程师,莆田,互联网/信息技术/软件服务,5000-5500元,否,5000,5500,厦门理工学院,数字媒体技术,本科,本科,2022-06,2022,计算机网络、数字信号处理、操作系统、Java程序设计,4,是,0,应届,1,是,校园实践,· 参与学校计算机协会技术部，负责协会网站日常维护,,否,1,简单论坛系统,MySQL、Redis、Docker、微服务,4,无,0,98,94,71,89
罗彬,男,15931879959,luobin073@qq.com,18892203311,扬州,"期望岗位：Python开发工程师
期望城市：扬州
期望行业：互联网/信息技术/软件服务
期望薪资：6500-7000元",专科计算机科学与技术专业应届毕业生，有0段Python开发工程师实习经验，掌握Django技术栈，参与过实习项目开发，具备良好的代码规范与团队协作意识，能够快速上手业务，期望正式入职发展。,"苏州职业大学 | 计算机科学与技术 | 专科
毕业时间：2022年6月
核心课程：软件工程、操作系统、机器学习、数据结构","【中软科技有限公司】 Python开发工程师（实习）
2021年8月 - 至今
    · 对接产品、测试团队，跟进需求落地与缺陷修复
    · 承担分配模块的编码、测试与优化工作，保障系统稳定运行","■ 自动化办公脚本
  项目目标：批量处理Excel表格数据
  个人职责：实现数据合并、格式转换、自动统计
  项目成果：提升人工效率80%

■ 简单爬虫脚本开发
  项目目标：爬取公开网站数据并入库
  个人职责：负责反爬处理、数据清洗、SQLite存储
  项目成果：日均采集数据1万条","专业技能：Redis、FastAPI、Git、Flask
相关证书：计算机一级",有实习经验，熟悉开发基本流程，具备基础的项目实践能力；学习能力强，能够快速上手新业务新技术；工作踏实，责任心强，善于沟通协作，能够高效完成分配的工作任务。,Python开发工程师,扬州,互联网/信息技术/软件服务,6500-7000元,否,6500,7000,苏州职业大学,计算机科学与技术,专科,大专,2022-06,2022,软件工程、操作系统、机器学习、数据结构,4,是,0,应届,1,否,中软科技有限公司,Python开发工程师（实习）,2021-08,是,2,自动化办公脚本,Redis、FastAPI、Git、Flask,4,计算机一级,1,94,77,147,100
罗浩然,男,18725016527,luohaoran60@qq.com,wx_luohaoran_190,南京,"期望岗位：运维工程师
期望城市：南京
期望行业：互联网/信息技术/软件服务
期望薪资：7000-12000元",1年运维工程师工作经验，精通Zabbix、Kubernetes技术栈，参与过完整项目迭代，能够独立完成模块开发与问题排查，注重代码质量与开发效率，具备良好的沟通协作能力。,"福建农林大学 | 计算机科学与技术 | 本科
毕业时间：2021年6月
核心课程：Python编程、机器学习、软件工程、数字信号处理","【vivo（东莞）】 运维工程师
2025年9月 - 至今
    · 编写开发文档，沉淀技术规范，协助新人熟悉业务
    · 承担分配模块的编码、测试与优化工作，保障系统稳定运行
    · 负责公司运维工程师相关业务的开发与维护，参与需求评审","■ CI/CD自动化流水线
  项目目标：实现代码自动化构建、测试、部署，提升发布效率
  个人职责：基于Jenkins搭建持续集成流水线，配置Docker容器化部署
  项目成果：发布周期从每周1次提升至每天3次，部署失误率降为0

■ 服务器集群运维优化
  项目目标：提升服务器集群稳定性，降低故障发生率
  个人职责：负责日常巡检、故障排查，优化监控告警规则与分级策略
  项目成果：服务器故障率下降60%，平均故障响应时间缩短至15分钟","专业技能：Ansible、Prometheus、Nginx、Kubernetes、Redis、Zabbix
相关证书：PMP项目管理专业人士",拥有1年实际工作经验，技术功底扎实，熟悉完整开发流程；具备较强的问题解决能力，能够独立排查并解决常见技术问题；工作认真负责，注重团队协作，能够高效推进项目落地；持续学习，保持技术敏感度。,运维工程师,南京,互联网/信息技术/软件服务,7000-12000元,否,7000,12000,福建农林大学,计算机科学与技术,本科,本科,2021-06,2021,Python编程、机器学习、软件工程、数字信号处理,4,否,1,1年,1,否,vivo（东莞）,运维工程师,2025-09,是,2,CI/CD自动化流水线,Ansible、Prometheus、Nginx、Kubernetes、Redis、Zabbix,6,PMP项目管理专业人士,1,85,93,223,124
孔军,男,15978764878,kongjun635@126.com,wx_kongjun_602,漳州,"期望岗位：算法工程师
期望城市：漳州
期望行业：互联网/信息技术/软件服务
期望薪资：19500-20000元",5年算法工程师从业经验，精通SQL技术架构，主导过中型项目从0到1落地，擅长技术方案设计与性能优化，曾推动核心模块技术重构，带来显著效率提升，具备跨部门协作与项目推进能力。,"广东轻工职业技术学院 | 软件技术 | 专科
毕业时间：2017年6月
核心课程：算法设计与分析、机器学习、数字信号处理、数据结构","【恒信数据技术有限公司】 算法工程师
2025年6月 - 至今
    · 承担分配模块的编码、测试与优化工作，保障系统稳定运行
    · 负责公司算法工程师相关业务的开发与维护，参与需求评审

【博思互联网科技有限公司】 算法工程师
2024年1月 - 2025年7月
    · 编写开发文档，沉淀技术规范，协助新人熟悉业务
    · 对接产品、测试团队，跟进需求落地与缺陷修复
    · 负责公司算法工程师相关业务的开发与维护，参与需求评审

【通元网络科技有限公司】 算法工程师
2023年5月 - 2024年7月
    · 承担分配模块的编码、测试与优化工作，保障系统稳定运行
    · 编写开发文档，沉淀技术规范，协助新人熟悉业务","■ 个性化推荐系统
  项目目标：提升内容推荐精准度，增加用户停留时长
  个人职责：负责协同过滤、深度学习推荐模型开发与离线优化
  项目成果：用户平均停留时长提升25%，点击率提升15%

■ 风控欺诈识别模型
  项目目标：识别交易欺诈行为，降低资金损失风险
  个人职责：特征工程，构建XGBoost风控模型，在线部署与迭代
  项目成果：欺诈识别准确率达92%，每年减少损失超200万","专业技能：SQL、Python、机器学习、TensorFlow、深度学习、NLP、推荐算法
相关证书：计算机二级",拥有5年行业经验，技术视野开阔，具备方案设计与项目把控能力；逻辑清晰，善于定位并解决复杂技术问题；具备良好的团队管理与跨部门沟通能力，能够推动技术优化与业务落地；责任心强，追求技术与业务的平衡发展。,算法工程师,漳州,互联网/信息技术/软件服务,19500-20000元,否,19500,20000,广东轻工职业技术学院,软件技术,专科,大专,2017-06,2017,算法设计与分析、机器学习、数字信号处理、数据结构,4,否,5,5年,3,否,恒信数据技术有限公司,算法工程师,2025-06,是,2,个性化推荐系统,SQL、Python、机器学习、TensorFlow、深度学习、NLP、推荐算法,7,计算机二级,1,86,99,197,326
史凯,男,18285431470,shikai054@163.com,wx_shikai_434,龙岩,"期望岗位：数据分析师
期望城市：龙岩
期望行业：互联网/信息技术/软件服务
期望薪资：6000-9000元",1年数据分析师工作经验，精通统计学、Tableau技术栈，参与过完整项目迭代，能够独立完成模块开发与问题排查，注重代码质量与开发效率，具备良好的沟通协作能力。,"厦门海洋职业技术学院 | 计算机应用技术 | 专科
毕业时间：2021年6月
核心课程：数据库原理、操作系统、数据结构、算法设计与分析","【智联数据技术有限公司】 数据分析师
2025年7月 - 至今
    · 承担分配模块的编码、测试与优化工作，保障系统稳定运行
    · 对接产品、测试团队，跟进需求落地与缺陷修复","■ 用户行为分析看板
  项目目标：构建用户行为数据体系，支撑运营决策
  个人职责：负责数据清洗、指标体系搭建，输出可视化运营报表
  项目成果：输出15+核心运营指标，支撑每月3次运营优化，用户留存率提升8%

■ 销售数据预测建模
  项目目标：基于历史数据预测销量，指导库存与备货
  个人职责：数据预处理，构建时间序列预测模型，输出月度预测报告
  项目成果：预测准确率达89%，库存周转效率提升25%","专业技能：Python、Pandas、MySQL、用户分析、统计学、Power BI、数据可视化、Tableau、SQL
相关证书：华为HCIA认证",拥有1年实际工作经验，技术功底扎实，熟悉完整开发流程；具备较强的问题解决能力，能够独立排查并解决常见技术问题；工作认真负责，注重团队协作，能够高效推进项目落地；持续学习，保持技术敏感度。,数据分析师,龙岩,互联网/信息技术/软件服务,6000-9000元,否,6000,9000,厦门海洋职业技术学院,计算机应用技术,专科,大专,2021-06,2021,数据库原理、操作系统、数据结构、算法设计与分析,4,否,1,1年,1,否,智联数据技术有限公司,数据分析师,2025-07,是,2,用户行为分析看板,Python、Pandas、MySQL、用户分析、统计学、Power BI、数据可视化、Tableau、SQL,9,华为HCIA认证,1,79,93,206,92
廖梓轩,男,15083752801,liao梓xuan3040@qq.com,15667324534,南京,"期望岗位：软件测试工程师
期望城市：南京
期望行业：互联网/信息技术/软件服务
期望薪资：5000-6000元",本科数字媒体技术专业应届毕业生，掌握Postman、性能测试基础技能，完成过课程设计与毕业项目，具备基础代码编写能力与问题排查思路，学习能力强，做事认真踏实，期望从事软件测试工程师相关工作。,"浙江万里学院 | 数字媒体技术 | 本科
毕业时间：2022年6月
核心课程：数据库原理、数据结构、Java程序设计、操作系统","【校园实践】
    · 参与学校计算机协会技术部，负责协会网站日常维护
    · 协助老师完成实验室设备管理与系统环境搭建
    · 参与班级课程设计小组，担任后端开发角色","■ 学生管理系统功能测试
  项目目标：对课程设计系统进行功能测试与缺陷提交
  个人职责：设计测试用例，执行黑盒测试
  项目成果：发现并提交8个功能缺陷","专业技能：Postman、接口测试、TestNG、缺陷管理、功能测试、Selenium、Appium
相关证书：软考中级",应届毕业，具备扎实的专业基础知识与学习能力，能够快速掌握新技术；工作态度认真负责，有耐心，注重细节；具备良好的团队意识与沟通能力，能够积极配合团队完成任务；期望在工作中积累经验，快速成长。,软件测试工程师,南京,互联网/信息技术/软件服务,5000-6000元,否,5000,6000,浙江万里学院,数字媒体技术,本科,本科,2022-06,2022,数据库原理、数据结构、Java程序设计、操作系统,4,是,0,应届,1,是,校园实践,· 参与学校计算机协会技术部，负责协会网站日常维护,,否,1,学生管理系统功能测试,Postman、接口测试、TestNG、缺陷管理、功能测试、Selenium、Appium,7,软考中级,1,95,94,78,89
黎宇,男,13075306924,liyu078@gmail.com,wx_liyu_367,龙岩,"期望岗位：后端开发工程师
期望城市：龙岩
期望行业：互联网/信息技术/软件服务
期望薪资：6000-12000元",1年后端开发工程师工作经验，精通K8s、微服务技术栈，参与过完整项目迭代，能够独立完成模块开发与问题排查，注重代码质量与开发效率，具备良好的沟通协作能力。,"东莞理工学院 | 软件技术 | 本科
毕业时间：2021年6月
核心课程：数字信号处理、操作系统、计算机网络、Java程序设计","【中软网络科技有限公司】 后端开发工程师
2025年4月 - 至今
    · 编写开发文档，沉淀技术规范，协助新人熟悉业务
    · 负责公司后端开发工程师相关业务的开发与维护，参与需求评审","■ 即时通讯服务开发
  项目目标：实现企业内部IM系统后端消息推送与存储
  个人职责：负责消息队列、离线消息、会话管理模块开发
  项目成果：支持万人同时在线，消息送达延迟低于100ms

■ 内容管理系统后端
  项目目标：搭建CMS系统后端服务，支持多站点内容发布
  个人职责：负责文章、栏目、权限模块接口开发，设计数据库表结构
  项目成果：支撑8个站点同时运营，内容发布效率提升3倍","专业技能：Kafka、SpringBoot、K8s、Go、Gin、Redis
相关证书：华为HCIA认证",拥有1年实际工作经验，技术功底扎实，熟悉完整开发流程；具备较强的问题解决能力，能够独立排查并解决常见技术问题；工作认真负责，注重团队协作，能够高效推进项目落地；持续学习，保持技术敏感度。,后端开发工程师,龙岩,互联网/信息技术/软件服务,6000-12000元,否,6000,12000,东莞理工学院,软件技术,本科,本科,2021-06,2021,数字信号处理、操作系统、计算机网络、Java程序设计,4,否,1,1年,1,否,中软网络科技有限公司,后端开发工程师,2025-04,是,2,即时通讯服务开发,Kafka、SpringBoot、K8s、Go、Gin、Redis,6,华为HCIA认证,1,77,93,198,97
宋倩,女,15224007204,songqian91@qq.com,13596390002,阜阳,"期望岗位：后端开发工程师
期望城市：阜阳
期望行业：互联网/信息技术/软件服务
期望薪资：5500-6000元",本科物联网工程专业应届毕业生，掌握Docker、微服务基础技能，完成过课程设计与毕业项目，具备基础代码编写能力与问题排查思路，学习能力强，做事认真踏实，期望从事后端开发工程师相关工作。,"厦门理工学院 | 物联网工程 | 本科
毕业时间：2022年6月
核心课程：操作系统、Python编程、机器学习、计算机网络","【校园实践】
    · 参与学校计算机协会技术部，负责协会网站日常维护
    · 协助老师完成实验室设备管理与系统环境搭建
    · 参与班级课程设计小组，担任后端开发角色","■ 图书管理系统后端
  项目目标：实现图书借阅、归还、用户管理功能
  个人职责：负责接口开发与数据库表结构设计
  项目成果：完成核心功能，支持1000条数据量","专业技能：K8s、PostgreSQL、MySQL、Gin、微服务
相关证书：计算机一级",应届毕业，具备扎实的专业基础知识与学习能力，能够快速掌握新技术；工作态度认真负责，有耐心，注重细节；具备良好的团队意识与沟通能力，能够积极配合团队完成任务；期望在工作中积累经验，快速成长。,后端开发工程师,阜阳,互联网/信息技术/软件服务,5500-6000元,否,5500,6000,厦门理工学院,物联网工程,本科,本科,2022-06,2022,操作系统、Python编程、机器学习、计算机网络,4,是,0,应届,1,是,校园实践,· 参与学校计算机协会技术部，负责协会网站日常维护,,否,1,图书管理系统后端,K8s、PostgreSQL、MySQL、Gin、微服务,5,计算机一级,1,92,94,82,89
杜若曦,女,15019987362,du若xi8954@126.com,wx_du若xi_999,厦门,"期望岗位：数据分析师
期望城市：厦门
期望行业：互联网/信息技术/软件服务
期望薪资：18500-19000元",5年数据分析师从业经验，精通MySQL技术架构，主导过中型项目从0到1落地，擅长技术方案设计与性能优化，曾推动核心模块技术重构，带来显著效率提升，具备跨部门协作与项目推进能力。,"苏州科技大学 | 数据科学与大数据技术 | 本科
毕业时间：2017年6月
核心课程：机器学习、数字信号处理、数据库原理、软件工程","【网易（杭州）】 数据分析师
2025年8月 - 至今
    · 对接产品、测试团队，跟进需求落地与缺陷修复
    · 承担分配模块的编码、测试与优化工作，保障系统稳定运行

【天擎软件有限公司】 数据分析师
2024年5月 - 2025年9月
    · 编写开发文档，沉淀技术规范，协助新人熟悉业务
    · 对接产品、测试团队，跟进需求落地与缺陷修复

【用友科技有限公司】 数据分析师
2023年8月 - 2024年3月
    · 承担分配模块的编码、测试与优化工作，保障系统稳定运行
    · 对接产品、测试团队，跟进需求落地与缺陷修复","■ 销售数据预测建模
  项目目标：基于历史数据预测销量，指导库存与备货
  个人职责：数据预处理，构建时间序列预测模型，输出月度预测报告
  项目成果：预测准确率达89%，库存周转效率提升25%

■ 用户行为分析看板
  项目目标：构建用户行为数据体系，支撑运营决策
  个人职责：负责数据清洗、指标体系搭建，输出可视化运营报表
  项目成果：输出15+核心运营指标，支撑每月3次运营优化，用户留存率提升8%","专业技能：NumPy、Power BI、Python、Hive、Pandas、统计学、MySQL、用户分析、Excel、SQL
相关证书：无",拥有5年行业经验，技术视野开阔，具备方案设计与项目把控能力；逻辑清晰，善于定位并解决复杂技术问题；具备良好的团队管理与跨部门沟通能力，能够推动技术优化与业务落地；责任心强，追求技术与业务的平衡发展。,数据分析师,厦门,互联网/信息技术/软件服务,18500-19000元,否,18500,19000,苏州科技大学,数据科学与大数据技术,本科,本科,2017-06,2017,机器学习、数字信号处理、数据库原理、软件工程,4,否,5,5年,3,否,网易（杭州）,数据分析师,2025-08,是,2,销售数据预测建模,NumPy、Power BI、Python、Hive、Pandas、统计学、MySQL、用户分析、Excel、SQL,10,无,0,88,99,206,278
曾凯,男,13854693575,zengkai6421@163.com,wx_zengkai_753,福州,"期望岗位：算法工程师
期望城市：福州
期望行业：互联网/信息技术/软件服务
期望薪资：7000-10500元",1年算法工程师工作经验，精通算法优化、机器学习技术栈，参与过完整项目迭代，能够独立完成模块开发与问题排查，注重代码质量与开发效率，具备良好的沟通协作能力。,"苏州科技大学 | 计算机应用技术 | 本科
毕业时间：2021年6月
核心课程：Python编程、操作系统、机器学习、数字信号处理","【金蝶数据技术有限公司】 算法工程师
2025年9月 - 至今
    · 承担分配模块的编码、测试与优化工作，保障系统稳定运行
    · 对接产品、测试团队，跟进需求落地与缺陷修复","■ 个性化推荐系统
  项目目标：提升内容推荐精准度，增加用户停留时长
  个人职责：负责协同过滤、深度学习推荐模型开发与离线优化
  项目成果：用户平均停留时长提升25%，点击率提升15%

■ 风控欺诈识别模型
  项目目标：识别交易欺诈行为，降低资金损失风险
  个人职责：特征工程，构建XGBoost风控模型，在线部署与迭代
  项目成果：欺诈识别准确率达92%，每年减少损失超200万","专业技能：PyTorch、深度学习、数据结构、TensorFlow、SQL、计算机视觉、推荐算法、算法优化
相关证书：无",拥有1年实际工作经验，技术功底扎实，熟悉完整开发流程；具备较强的问题解决能力，能够独立排查并解决常见技术问题；工作认真负责，注重团队协作，能够高效推进项目落地；持续学习，保持技术敏感度。,算法工程师,福州,互联网/信息技术/软件服务,7000-10500元,否,7000,10500,苏州科技大学,计算机应用技术,本科,本科,2021-06,2021,Python编程、操作系统、机器学习、数字信号处理,4,否,1,1年,1,否,金蝶数据技术有限公司,算法工程师,2025-09,是,2,个性化推荐系统,PyTorch、深度学习、数据结构、TensorFlow、SQL、计算机视觉、推荐算法、算法优化,8,无,0,77,93,197,92
韩洋,男,18775111904,hanyang479@gmail.com,13815910214,镇江,"期望岗位：前端开发工程师
期望城市：镇江
期望行业：互联网/信息技术/软件服务
期望薪资：19500-20000元",4年前端开发工程师从业经验，精通Vue技术架构，主导过中型项目从0到1落地，擅长技术方案设计与性能优化，曾推动核心模块技术重构，带来显著效率提升，具备跨部门协作与项目推进能力。,"苏州大学 | 物联网工程 | 本科
毕业时间：2018年6月
核心课程：计算机网络、软件工程、Java程序设计、算法设计与分析","【美图公司】 前端开发工程师
2024年12月 - 至今
    · 承担分配模块的编码、测试与优化工作，保障系统稳定运行
    · 编写开发文档，沉淀技术规范，协助新人熟悉业务

【安硕数据技术有限公司】 前端开发工程师
2022年1月 - 2024年2月
    · 对接产品、测试团队，跟进需求落地与缺陷修复
    · 编写开发文档，沉淀技术规范，协助新人熟悉业务
    · 负责公司前端开发工程师相关业务的开发与维护，参与需求评审","■ 电商平台前端重构
  项目目标：升级旧版电商系统前端架构，提升用户体验与加载速度
  个人职责：负责商品详情页、购物车模块开发，组件化封装公共组件
  项目成果：首屏加载时间从3.2s降至1.8s，页面转化率提升12%

■ 企业后台管理系统
  项目目标：搭建企业运营管理后台，实现业务数据可视化
  个人职责：负责权限管理、数据报表模块开发，对接后端接口联调
  项目成果：覆盖12个业务部门，运营效率提升40%","专业技能：Webpack、JavaScript、Vue、Element UI、React、Axios、移动端适配
相关证书：PMP项目管理专业人士、MySQL数据库认证",拥有4年行业经验，技术视野开阔，具备方案设计与项目把控能力；逻辑清晰，善于定位并解决复杂技术问题；具备良好的团队管理与跨部门沟通能力，能够推动技术优化与业务落地；责任心强，追求技术与业务的平衡发展。,前端开发工程师,镇江,互联网/信息技术/软件服务,19500-20000元,否,19500,20000,苏州大学,物联网工程,本科,本科,2018-06,2018,计算机网络、软件工程、Java程序设计、算法设计与分析,4,否,4,4年,2,否,美图公司,前端开发工程师,2024-12,是,2,电商平台前端重构,Webpack、JavaScript、Vue、Element UI、React、Axios、移动端适配,7,PMP项目管理专业人士、MySQL数据库认证,2,88,99,210,222
于佳,女,13661208152,yujia5199@outlook.com,wx_yujia_914,莆田,"期望岗位：后端开发工程师
期望城市：莆田
期望行业：互联网/信息技术/软件服务
期望薪资：面议",5年后端开发工程师从业经验，精通Java技术架构，主导过中型项目从0到1落地，擅长技术方案设计与性能优化，曾推动核心模块技术重构，带来显著效率提升，具备跨部门协作与项目推进能力。,"福建农林大学 | 信息管理与信息系统 | 本科
毕业时间：2017年6月
核心课程：算法设计与分析、机器学习、软件工程、计算机网络","【携程（厦门）】 后端开发工程师
2025年12月 - 至今
    · 负责公司后端开发工程师相关业务的开发与维护，参与需求评审
    · 承担分配模块的编码、测试与优化工作，保障系统稳定运行

【东软信息技术有限公司】 后端开发工程师
2024年2月 - 2025年5月
    · 对接产品、测试团队，跟进需求落地与缺陷修复
    · 承担分配模块的编码、测试与优化工作，保障系统稳定运行
    · 负责公司后端开发工程师相关业务的开发与维护，参与需求评审

【中软科技有限公司】 后端开发工程师
2023年9月 - 2024年1月
    · 负责公司后端开发工程师相关业务的开发与维护，参与需求评审
    · 承担分配模块的编码、测试与优化工作，保障系统稳定运行","■ 即时通讯服务开发
  项目目标：实现企业内部IM系统后端消息推送与存储
  个人职责：负责消息队列、离线消息、会话管理模块开发
  项目成果：支持万人同时在线，消息送达延迟低于100ms

■ 内容管理系统后端
  项目目标：搭建CMS系统后端服务，支持多站点内容发布
  个人职责：负责文章、栏目、权限模块接口开发，设计数据库表结构
  项目成果：支撑8个站点同时运营，内容发布效率提升3倍","专业技能：SpringBoot、Go、Python、MySQL、Java、Docker
相关证书：软件设计师（中级）",拥有5年行业经验，技术视野开阔，具备方案设计与项目把控能力；逻辑清晰，善于定位并解决复杂技术问题；具备良好的团队管理与跨部门沟通能力，能够推动技术优化与业务落地；责任心强，追求技术与业务的平衡发展。,后端开发工程师,莆田,互联网/信息技术/软件服务,面议,是,,,福建农林大学,信息管理与信息系统,本科,本科,2017-06,2017,算法设计与分析、机器学习、软件工程、计算机网络,4,否,5,5年,3,否,携程（厦门）,后端开发工程师,2025-12,是,2,即时通讯服务开发,SpringBoot、Go、Python、MySQL、Java、Docker,6,软件设计师（中级）,1,89,99,198,340
陆婷,女,18456499422,luting105@126.com,18522618694,镇江,"期望岗位：运维工程师
期望城市：镇江
期望行业：互联网/信息技术/软件服务
期望薪资：面议",1年运维工程师工作经验，精通Kubernetes、Shell技术栈，参与过完整项目迭代，能够独立完成模块开发与问题排查，注重代码质量与开发效率，具备良好的沟通协作能力。,"南京工程学院 | 计算机科学与技术 | 本科
毕业时间：2021年6月
核心课程：Java程序设计、Python编程、数据结构、数字信号处理","【汇智网络科技有限公司】 运维工程师
2025年8月 - 至今
    · 编写开发文档，沉淀技术规范，协助新人熟悉业务
    · 承担分配模块的编码、测试与优化工作，保障系统稳定运行","■ CI/CD自动化流水线
  项目目标：实现代码自动化构建、测试、部署，提升发布效率
  个人职责：基于Jenkins搭建持续集成流水线，配置Docker容器化部署
  项目成果：发布周期从每周1次提升至每天3次，部署失误率降为0

■ 服务器集群运维优化
  项目目标：提升服务器集群稳定性，降低故障发生率
  个人职责：负责日常巡检、故障排查，优化监控告警规则与分级策略
  项目成果：服务器故障率下降60%，平均故障响应时间缩短至15分钟","专业技能：Jenkins、Kubernetes、Docker、Prometheus、MySQL、Shell、Nginx
相关证书：无",拥有1年实际工作经验，技术功底扎实，熟悉完整开发流程；具备较强的问题解决能力，能够独立排查并解决常见技术问题；工作认真负责，注重团队协作，能够高效推进项目落地；持续学习，保持技术敏感度。,运维工程师,镇江,互联网/信息技术/软件服务,面议,是,,,南京工程学院,计算机科学与技术,本科,本科,2021-06,2021,Java程序设计、Python编程、数据结构、数字信号处理,4,否,1,1年,1,否,汇智网络科技有限公司,运维工程师,2025-08,是,2,CI/CD自动化流水线,Jenkins、Kubernetes、Docker、Prometheus、MySQL、Shell、Nginx,7,无,0,84,93,223,93
邱强,男,15830265363,qiuqiang6117@gmail.com,13978484207,蚌埠,"期望岗位：后端开发工程师
期望城市：蚌埠
期望行业：互联网/信息技术/软件服务
期望薪资：9000-12000元",2年后端开发工程师工作经验，精通Kafka、Python技术栈，参与过完整项目迭代，能够独立完成模块开发与问题排查，注重代码质量与开发效率，具备良好的沟通协作能力。,"厦门理工学院 | 网络工程 | 本科
毕业时间：2020年6月
核心课程：算法设计与分析、软件工程、数字信号处理、计算机网络","【易联数据技术有限公司】 后端开发工程师
2025年4月 - 至今
    · 编写开发文档，沉淀技术规范，协助新人熟悉业务
    · 对接产品、测试团队，跟进需求落地与缺陷修复
    · 承担分配模块的编码、测试与优化工作，保障系统稳定运行

【金蝶数据技术有限公司】 后端开发工程师
2024年2月 - 2025年12月
    · 承担分配模块的编码、测试与优化工作，保障系统稳定运行
    · 对接产品、测试团队，跟进需求落地与缺陷修复
    · 编写开发文档，沉淀技术规范，协助新人熟悉业务","■ 即时通讯服务开发
  项目目标：实现企业内部IM系统后端消息推送与存储
  个人职责：负责消息队列、离线消息、会话管理模块开发
  项目成果：支持万人同时在线，消息送达延迟低于100ms

■ 内容管理系统后端
  项目目标：搭建CMS系统后端服务，支持多站点内容发布
  个人职责：负责文章、栏目、权限模块接口开发，设计数据库表结构
  项目成果：支撑8个站点同时运营，内容发布效率提升3倍","专业技能：Kafka、Java、微服务、Docker、SpringBoot、Python、PostgreSQL、Go、K8s、Redis
相关证书：红帽RHCE认证、软考中级、系统架构设计师",拥有2年实际工作经验，技术功底扎实，熟悉完整开发流程；具备较强的问题解决能力，能够独立排查并解决常见技术问题；工作认真负责，注重团队协作，能够高效推进项目落地；持续学习，保持技术敏感度。,后端开发工程师,蚌埠,互联网/信息技术/软件服务,9000-12000元,否,9000,12000,厦门理工学院,网络工程,本科,本科,2020-06,2020,算法设计与分析、软件工程、数字信号处理、计算机网络,4,否,2,2年,2,否,易联数据技术有限公司,后端开发工程师,2025-04,是,2,即时通讯服务开发,Kafka、Java、微服务、Docker、SpringBoot、Python、PostgreSQL、Go、K8s、Redis,10,红帽RHCE认证、软考中级、系统架构设计师,3,82,93,198,254
罗刚,男,15780394494,luogang82@outlook.com,13480067502,福州,"期望岗位：数据分析师
期望城市：福州
期望行业：互联网/信息技术/软件服务
期望薪资：8000-11000元",1年数据分析师工作经验，精通统计学、数据可视化技术栈，参与过完整项目迭代，能够独立完成模块开发与问题排查，注重代码质量与开发效率，具备良好的沟通协作能力。,"华南理工大学 | 物联网工程 | 本科
毕业时间：2021年6月
核心课程：操作系统、算法设计与分析、Java程序设计、软件工程","【科创互联网科技有限公司】 数据分析师
2025年5月 - 至今
    · 承担分配模块的编码、测试与优化工作，保障系统稳定运行
    · 编写开发文档，沉淀技术规范，协助新人熟悉业务
    · 负责公司数据分析师相关业务的开发与维护，参与需求评审","■ 用户行为分析看板
  项目目标：构建用户行为数据体系，支撑运营决策
  个人职责：负责数据清洗、指标体系搭建，输出可视化运营报表
  项目成果：输出15+核心运营指标，支撑每月3次运营优化，用户留存率提升8%

■ 销售数据预测建模
  项目目标：基于历史数据预测销量，指导库存与备货
  个人职责：数据预处理，构建时间序列预测模型，输出月度预测报告
  项目成果：预测准确率达89%，库存周转效率提升25%","专业技能：Python、统计学、SQL、Pandas、Hive、Power BI、Tableau、MySQL、Excel
相关证书：软考中级",拥有1年实际工作经验，技术功底扎实，熟悉完整开发流程；具备较强的问题解决能力，能够独立排查并解决常见技术问题；工作认真负责，注重团队协作，能够高效推进项目落地；持续学习，保持技术敏感度。,数据分析师,福州,互联网/信息技术/软件服务,8000-11000元,否,8000,11000,华南理工大学,物联网工程,本科,本科,2021-06,2021,操作系统、算法设计与分析、Java程序设计、软件工程,4,否,1,1年,1,否,科创互联网科技有限公司,数据分析师,2025-05,是,2,用户行为分析看板,Python、统计学、SQL、Pandas、Hive、Power BI、Tableau、MySQL、Excel,9,软考中级,1,77,93,206,127
崔紫涵,女,18278155218,cui紫han33@gmail.com,18760598825,金华,"期望岗位：Java开发工程师
期望城市：金华
期望行业：互联网/信息技术/软件服务
期望薪资：16000-17000元",4年Java开发工程师从业经验，精通Git技术架构，主导过中型项目从0到1落地，擅长技术方案设计与性能优化，曾推动核心模块技术重构，带来显著效率提升，具备跨部门协作与项目推进能力。,"深圳职业技术学院 | 计算机应用技术 | 专科
毕业时间：2018年6月
核心课程：计算机网络、软件工程、Java程序设计、数字信号处理","【科创网络科技有限公司】 Java开发工程师
2024年6月 - 至今
    · 对接产品、测试团队，跟进需求落地与缺陷修复
    · 承担分配模块的编码、测试与优化工作，保障系统稳定运行
    · 编写开发文档，沉淀技术规范，协助新人熟悉业务

【金蝶科技有限公司】 Java开发工程师
2022年1月 - 2024年11月
    · 负责公司Java开发工程师相关业务的开发与维护，参与需求评审
    · 编写开发文档，沉淀技术规范，协助新人熟悉业务","■ 电商订单交易系统
  项目目标：搭建高可用电商订单系统，支撑大促流量峰值
  个人职责：负责订单创建、支付回调、库存扣减核心逻辑开发
  项目成果：支撑日均订单量10万+，系统可用性达99.95%

■ 微服务用户中心重构
  项目目标：将单体用户系统拆分为微服务架构，提升并发承载能力
  个人职责：负责登录、注册、权限模块开发，优化数据库查询与缓存策略
  项目成果：支持并发量从500提升至5000，接口响应耗时减少60%","专业技能：RabbitMQ、Git、微服务、SpringBoot、MySQL、JVM调优、Linux、SpringCloud、Java、Docker
相关证书：无",拥有4年行业经验，技术视野开阔，具备方案设计与项目把控能力；逻辑清晰，善于定位并解决复杂技术问题；具备良好的团队管理与跨部门沟通能力，能够推动技术优化与业务落地；责任心强，追求技术与业务的平衡发展。,Java开发工程师,金华,互联网/信息技术/软件服务,16000-17000元,否,16000,17000,深圳职业技术学院,计算机应用技术,专科,大专,2018-06,2018,计算机网络、软件工程、Java程序设计、数字信号处理,4,否,4,4年,2,否,科创网络科技有限公司,Java开发工程师,2024-06,是,2,电商订单交易系统,RabbitMQ、Git、微服务、SpringBoot、MySQL、JVM调优、Linux、SpringCloud、Java、Docker,10,无,0,90,99,216,232
何勇,男,15754530775,heyong725@126.com,wx_heyong_975,滁州,"期望岗位：数据分析师
期望城市：滁州
期望行业：互联网/信息技术/软件服务
期望薪资：6000-10500元",1年数据分析师工作经验，精通数据可视化、Tableau技术栈，参与过完整项目迭代，能够独立完成模块开发与问题排查，注重代码质量与开发效率，具备良好的沟通协作能力。,"厦门大学 | 信息管理与信息系统 | 本科
毕业时间：2021年6月
核心课程：Java程序设计、数字信号处理、操作系统、计算机网络","【东软信息技术有限公司】 数据分析师
2025年12月 - 至今
    · 负责公司数据分析师相关业务的开发与维护，参与需求评审
    · 承担分配模块的编码、测试与优化工作，保障系统稳定运行
    · 对接产品、测试团队，跟进需求落地与缺陷修复","■ 销售数据预测建模
  项目目标：基于历史数据预测销量，指导库存与备货
  个人职责：数据预处理，构建时间序列预测模型，输出月度预测报告
  项目成果：预测准确率达89%，库存周转效率提升25%

■ 用户行为分析看板
  项目目标：构建用户行为数据体系，支撑运营决策
  个人职责：负责数据清洗、指标体系搭建，输出可视化运营报表
  项目成果：输出15+核心运营指标，支撑每月3次运营优化，用户留存率提升8%","专业技能：Python、Pandas、数据可视化、MySQL、Hive、NumPy
相关证书：华为HCIA认证",拥有1年实际工作经验，技术功底扎实，熟悉完整开发流程；具备较强的问题解决能力，能够独立排查并解决常见技术问题；工作认真负责，注重团队协作，能够高效推进项目落地；持续学习，保持技术敏感度。,数据分析师,滁州,互联网/信息技术/软件服务,6000-10500元,否,6000,10500,厦门大学,信息管理与信息系统,本科,本科,2021-06,2021,Java程序设计、数字信号处理、操作系统、计算机网络,4,否,1,1年,1,否,东软信息技术有限公司,数据分析师,2025-12,是,2,销售数据预测建模,Python、Pandas、数据可视化、MySQL、Hive、NumPy,6,华为HCIA认证,1,81,93,206,126
严莉,女,13902439167,yanli66@163.com,13434402286,无锡,"期望岗位：Java开发工程师
期望城市：无锡
期望行业：互联网/信息技术/软件服务
期望薪资：11500-12000元",2年Java开发工程师工作经验，精通RabbitMQ、微服务技术栈，参与过完整项目迭代，能够独立完成模块开发与问题排查，注重代码质量与开发效率，具备良好的沟通协作能力。,"福建船政交通职业学院 | 信息管理与信息系统 | 专科
毕业时间：2020年6月
核心课程：算法设计与分析、数字信号处理、数据库原理、数据结构","【携程（厦门）】 Java开发工程师
2025年8月 - 至今
    · 负责公司Java开发工程师相关业务的开发与维护，参与需求评审
    · 编写开发文档，沉淀技术规范，协助新人熟悉业务
    · 对接产品、测试团队，跟进需求落地与缺陷修复

【恒信互联网科技有限公司】 Java开发工程师
2024年11月 - 2025年4月
    · 负责公司Java开发工程师相关业务的开发与维护，参与需求评审
    · 承担分配模块的编码、测试与优化工作，保障系统稳定运行","■ 微服务用户中心重构
  项目目标：将单体用户系统拆分为微服务架构，提升并发承载能力
  个人职责：负责登录、注册、权限模块开发，优化数据库查询与缓存策略
  项目成果：支持并发量从500提升至5000，接口响应耗时减少60%

■ 电商订单交易系统
  项目目标：搭建高可用电商订单系统，支撑大促流量峰值
  个人职责：负责订单创建、支付回调、库存扣减核心逻辑开发
  项目成果：支撑日均订单量10万+，系统可用性达99.95%","专业技能：Git、微服务、MyBatis、Linux、RabbitMQ、SpringCloud、JVM调优、Docker、SpringBoot
相关证书：无",拥有2年实际工作经验，技术功底扎实，熟悉完整开发流程；具备较强的问题解决能力，能够独立排查并解决常见技术问题；工作认真负责，注重团队协作，能够高效推进项目落地；持续学习，保持技术敏感度。,Java开发工程师,无锡,互联网/信息技术/软件服务,11500-12000元,否,11500,12000,福建船政交通职业学院,信息管理与信息系统,专科,大专,2020-06,2020,算法设计与分析、数字信号处理、数据库原理、数据结构,4,否,2,2年,2,否,携程（厦门）,Java开发工程师,2025-08,是,2,微服务用户中心重构,Git、微服务、MyBatis、Linux、RabbitMQ、SpringCloud、JVM调优、Docker、SpringBoot,9,无,0,84,93,216,239
丁玲,女,15723226959,dingling57@qq.com,wx_dingling_492,马鞍山,"期望岗位：数据分析师
期望城市：马鞍山
期望行业：互联网/信息技术/软件服务
期望薪资：3500-4000元",专科数字媒体技术专业应届毕业生，掌握Excel、MySQL基础技能，完成过课程设计与毕业项目，具备基础代码编写能力与问题排查思路，学习能力强，做事认真踏实，期望从事数据分析师相关工作。,"福州职业技术学院 | 数字媒体技术 | 专科
毕业时间：2022年6月
核心课程：操作系统、Python编程、数据结构、算法设计与分析","【校园实践】
    · 参与学校计算机协会技术部，负责协会网站日常维护
    · 协助老师完成实验室设备管理与系统环境搭建
    · 参与班级课程设计小组，担任后端开发角色","■ 电商公开数据爬取分析
  项目目标：采集公开电商商品数据并分析
  个人职责：数据爬取、清洗、价格销量分析
  项目成果：输出可视化分析图表","专业技能：Power BI、Python、Pandas、NumPy
相关证书：英语四级、英语六级",应届毕业，具备扎实的专业基础知识与学习能力，能够快速掌握新技术；工作态度认真负责，有耐心，注重细节；具备良好的团队意识与沟通能力，能够积极配合团队完成任务；期望在工作中积累经验，快速成长。,数据分析师,马鞍山,互联网/信息技术/软件服务,3500-4000元,否,3500,4000,福州职业技术学院,数字媒体技术,专科,大专,2022-06,2022,操作系统、Python编程、数据结构、算法设计与分析,4,是,0,应届,1,是,校园实践,· 参与学校计算机协会技术部，负责协会网站日常维护,,否,1,电商公开数据爬取分析,Power BI、Python、Pandas、NumPy,4,英语四级、英语六级,2,92,94,72,89
杜勇,男,15640104727,duyong96@gmail.com,18167572777,泉州,"期望岗位：后端开发工程师
期望城市：泉州
期望行业：互联网/信息技术/软件服务
期望薪资：21000-27000元",5年后端开发工程师资深经验，精通全链路技术架构，具备团队技术规划与方案设计能力，主导过多个大型项目重构与升级，在高并发/系统稳定性领域有深厚积累，能够带领团队攻克技术难题，驱动业务技术升级。,"江西师范大学 | 物联网工程 | 本科
毕业时间：2017年6月
核心课程：Java程序设计、数字信号处理、Python编程、机器学习","【博思软件有限公司】 后端开发工程师
2025年9月 - 至今
    · 承担分配模块的编码、测试与优化工作，保障系统稳定运行
    · 编写开发文档，沉淀技术规范，协助新人熟悉业务
    · 负责公司后端开发工程师相关业务的开发与维护，参与需求评审

【微远科技有限公司】 后端开发工程师
2024年8月 - 2025年11月
    · 承担分配模块的编码、测试与优化工作，保障系统稳定运行
    · 编写开发文档，沉淀技术规范，协助新人熟悉业务

【中软数据技术有限公司】 后端开发工程师
2023年4月 - 2024年8月
    · 负责公司后端开发工程师相关业务的开发与维护，参与需求评审
    · 承担分配模块的编码、测试与优化工作，保障系统稳定运行","■ 即时通讯服务开发
  项目目标：实现企业内部IM系统后端消息推送与存储
  个人职责：负责消息队列、离线消息、会话管理模块开发
  项目成果：支持万人同时在线，消息送达延迟低于100ms

■ 内容管理系统后端
  项目目标：搭建CMS系统后端服务，支持多站点内容发布
  个人职责：负责文章、栏目、权限模块接口开发，设计数据库表结构
  项目成果：支撑8个站点同时运营，内容发布效率提升3倍","专业技能：Python、Go、Gin、微服务、Redis、K8s、PostgreSQL、Docker、SpringBoot、Kafka
相关证书：软考中级、MySQL数据库认证",拥有5年行业经验，技术视野开阔，具备方案设计与项目把控能力；逻辑清晰，善于定位并解决复杂技术问题；具备良好的团队管理与跨部门沟通能力，能够推动技术优化与业务落地；责任心强，追求技术与业务的平衡发展。,后端开发工程师,泉州,互联网/信息技术/软件服务,21000-27000元,否,21000,27000,江西师范大学,物联网工程,本科,本科,2017-06,2017,Java程序设计、数字信号处理、Python编程、机器学习,4,否,5,5年,3,否,博思软件有限公司,后端开发工程师,2025-09,是,2,即时通讯服务开发,Python、Go、Gin、微服务、Redis、K8s、PostgreSQL、Docker、SpringBoot、Kafka,10,软考中级、MySQL数据库认证,2,95,99,198,337
吴华,男,18083495256,wuhua850@163.com,wx_wuhua_601,温州,"期望岗位：前端开发工程师
期望城市：温州
期望行业：互联网/信息技术/软件服务
期望薪资：19500-20000元",3年前端开发工程师从业经验，精通Element UI技术架构，主导过中型项目从0到1落地，擅长技术方案设计与性能优化，曾推动核心模块技术重构，带来显著效率提升，具备跨部门协作与项目推进能力。,"东莞理工学院 | 网络工程 | 本科
毕业时间：2019年6月
核心课程：数字信号处理、机器学习、Java程序设计、Python编程","【星图数据技术有限公司】 前端开发工程师
2025年9月 - 至今
    · 编写开发文档，沉淀技术规范，协助新人熟悉业务
    · 承担分配模块的编码、测试与优化工作，保障系统稳定运行
    · 负责公司前端开发工程师相关业务的开发与维护，参与需求评审

【恒信网络科技有限公司】 前端开发工程师
2024年5月 - 2025年4月
    · 负责公司前端开发工程师相关业务的开发与维护，参与需求评审
    · 承担分配模块的编码、测试与优化工作，保障系统稳定运行
    · 编写开发文档，沉淀技术规范，协助新人熟悉业务","■ 电商平台前端重构
  项目目标：升级旧版电商系统前端架构，提升用户体验与加载速度
  个人职责：负责商品详情页、购物车模块开发，组件化封装公共组件
  项目成果：首屏加载时间从3.2s降至1.8s，页面转化率提升12%

■ 企业后台管理系统
  项目目标：搭建企业运营管理后台，实现业务数据可视化
  个人职责：负责权限管理、数据报表模块开发，对接后端接口联调
  项目成果：覆盖12个业务部门，运营效率提升40%","专业技能：CSS3、Vite、React、Vue、Element UI、Webpack
相关证书：MySQL数据库认证、阿里云ACP云计算认证、计算机一级",拥有3年行业经验，技术视野开阔，具备方案设计与项目把控能力；逻辑清晰，善于定位并解决复杂技术问题；具备良好的团队管理与跨部门沟通能力，能够推动技术优化与业务落地；责任心强，追求技术与业务的平衡发展。,前端开发工程师,温州,互联网/信息技术/软件服务,19500-20000元,否,19500,20000,东莞理工学院,网络工程,本科,本科,2019-06,2019,数字信号处理、机器学习、Java程序设计、Python编程,4,否,3,3年,2,否,星图数据技术有限公司,前端开发工程师,2025-09,是,2,电商平台前端重构,CSS3、Vite、React、Vue、Element UI、Webpack,6,MySQL数据库认证、阿里云ACP云计算认证、计算机一级,3,95,99,210,267
方华,男,13544653475,fanghua46@126.com,wx_fanghua_398,扬州,"期望岗位：前端开发工程师
期望城市：扬州
期望行业：互联网/信息技术/软件服务
期望薪资：面议",专科数据科学与大数据技术专业应届毕业生，掌握Ant Design、JavaScript基础技能，完成过课程设计与毕业项目，具备基础代码编写能力与问题排查思路，学习能力强，做事认真踏实，期望从事前端开发工程师相关工作。,"福建船政交通职业学院 | 数据科学与大数据技术 | 专科
毕业时间：2022年6月
核心课程：计算机网络、数据结构、机器学习、数字信号处理","【校园实践】
    · 参与学校计算机协会技术部，负责协会网站日常维护
    · 协助老师完成实验室设备管理与系统环境搭建
    · 参与班级课程设计小组，担任后端开发角色","■ 个人博客系统（课程作业）
  项目目标：开发个人博客前端页面，实现文章展示与评论
  个人职责：负责页面布局、交互效果、接口联调
  项目成果：完成响应式页面，兼容多浏览器","专业技能：Vite、React、Axios、JavaScript
相关证书：计算机一级、系统架构设计师",应届毕业，具备扎实的专业基础知识与学习能力，能够快速掌握新技术；工作态度认真负责，有耐心，注重细节；具备良好的团队意识与沟通能力，能够积极配合团队完成任务；期望在工作中积累经验，快速成长。,前端开发工程师,扬州,互联网/信息技术/软件服务,面议,是,,,福建船政交通职业学院,数据科学与大数据技术,专科,大专,2022-06,2022,计算机网络、数据结构、机器学习、数字信号处理,4,是,0,应届,1,是,校园实践,· 参与学校计算机协会技术部，负责协会网站日常维护,,否,1,个人博客系统（课程作业）,Vite、React、Axios、JavaScript,4,计算机一级、系统架构设计师,2,108,94,88,89
袁慧,女,15112667764,yuanhui347@qq.com,15539727603,嘉兴,"期望岗位：后端开发工程师
期望城市：嘉兴
期望行业：互联网/信息技术/软件服务
期望薪资：20000-35000元",8年后端开发工程师资深经验，精通全链路技术架构，具备团队技术规划与方案设计能力，主导过多个大型项目重构与升级，在高并发/系统稳定性领域有深厚积累，能够带领团队攻克技术难题，驱动业务技术升级。,"闽南师范大学 | 软件工程 | 本科
毕业时间：2014年6月
核心课程：数字信号处理、机器学习、数据结构、Python编程","【数聚软件有限公司】 后端开发工程师
2024年11月 - 至今
    · 编写开发文档，沉淀技术规范，协助新人熟悉业务
    · 负责公司后端开发工程师相关业务的开发与维护，参与需求评审

【未来数据技术有限公司】 后端开发工程师
2022年5月 - 2024年9月
    · 对接产品、测试团队，跟进需求落地与缺陷修复
    · 编写开发文档，沉淀技术规范，协助新人熟悉业务

【新科软件有限公司】 后端开发工程师
2020年2月 - 2022年6月
    · 负责公司后端开发工程师相关业务的开发与维护，参与需求评审
    · 对接产品、测试团队，跟进需求落地与缺陷修复
    · 承担分配模块的编码、测试与优化工作，保障系统稳定运行","■ 即时通讯服务开发
  项目目标：实现企业内部IM系统后端消息推送与存储
  个人职责：负责消息队列、离线消息、会话管理模块开发
  项目成果：支持万人同时在线，消息送达延迟低于100ms

■ 内容管理系统后端
  项目目标：搭建CMS系统后端服务，支持多站点内容发布
  个人职责：负责文章、栏目、权限模块接口开发，设计数据库表结构
  项目成果：支撑8个站点同时运营，内容发布效率提升3倍","专业技能：微服务、Gin、Docker、Python、Kafka、MySQL、Redis、Go
相关证书：英语四级",拥有8年行业经验，技术视野开阔，具备方案设计与项目把控能力；逻辑清晰，善于定位并解决复杂技术问题；具备良好的团队管理与跨部门沟通能力，能够推动技术优化与业务落地；责任心强，追求技术与业务的平衡发展。,后端开发工程师,嘉兴,互联网/信息技术/软件服务,20000-35000元,否,20000,35000,闽南师范大学,软件工程,本科,本科,2014-06,2014,数字信号处理、机器学习、数据结构、Python编程,4,否,8,8年,3,否,数聚软件有限公司,后端开发工程师,2024-11,是,2,即时通讯服务开发,微服务、Gin、Docker、Python、Kafka、MySQL、Redis、Go,8,英语四级,1,95,99,198,327
陈梓轩,男,13196765946,chen梓xuan12@gmail.com,13386489363,温州,"期望岗位：Java开发工程师
期望城市：温州
期望行业：互联网/信息技术/软件服务
期望薪资：10000-13500元",3年Java开发工程师从业经验，精通Redis技术架构，主导过中型项目从0到1落地，擅长技术方案设计与性能优化，曾推动核心模块技术重构，带来显著效率提升，具备跨部门协作与项目推进能力。,"苏州职业大学 | 电子信息工程 | 专科
毕业时间：2019年6月
核心课程：操作系统、算法设计与分析、数据库原理、数字信号处理","【天擎信息技术有限公司】 Java开发工程师
2025年6月 - 至今
    · 对接产品、测试团队，跟进需求落地与缺陷修复
    · 负责公司Java开发工程师相关业务的开发与维护，参与需求评审

【安硕互联网科技有限公司】 Java开发工程师
2024年10月 - 2025年10月
    · 编写开发文档，沉淀技术规范，协助新人熟悉业务
    · 对接产品、测试团队，跟进需求落地与缺陷修复","■ 微服务用户中心重构
  项目目标：将单体用户系统拆分为微服务架构，提升并发承载能力
  个人职责：负责登录、注册、权限模块开发，优化数据库查询与缓存策略
  项目成果：支持并发量从500提升至5000，接口响应耗时减少60%

■ 电商订单交易系统
  项目目标：搭建高可用电商订单系统，支撑大促流量峰值
  个人职责：负责订单创建、支付回调、库存扣减核心逻辑开发
  项目成果：支撑日均订单量10万+，系统可用性达99.95%","专业技能：Redis、微服务、RabbitMQ、Git、JVM调优、MySQL、SpringCloud、MyBatis
相关证书：计算机一级",拥有3年行业经验，技术视野开阔，具备方案设计与项目把控能力；逻辑清晰，善于定位并解决复杂技术问题；具备良好的团队管理与跨部门沟通能力，能够推动技术优化与业务落地；责任心强，追求技术与业务的平衡发展。,Java开发工程师,温州,互联网/信息技术/软件服务,10000-13500元,否,10000,13500,苏州职业大学,电子信息工程,专科,大专,2019-06,2019,操作系统、算法设计与分析、数据库原理、数字信号处理,4,否,3,3年,2,否,天擎信息技术有限公司,Java开发工程师,2025-06,是,2,微服务用户中心重构,Redis、微服务、RabbitMQ、Git、JVM调优、MySQL、SpringCloud、MyBatis,8,计算机一级,1,92,99,216,202
严建,男,18457434071,yanjian385@qq.com,18261686466,安庆,"期望岗位：后端开发工程师
期望城市：安庆
期望行业：互联网/信息技术/软件服务
期望薪资：面议",专科软件技术专业应届毕业生，掌握Java、Java基础技能，完成过课程设计与毕业项目，具备基础代码编写能力与问题排查思路，学习能力强，做事认真踏实，期望从事后端开发工程师相关工作。,"南京工业职业技术大学 | 软件技术 | 专科
毕业时间：2022年6月
核心课程：机器学习、数据库原理、算法设计与分析、软件工程","【校园实践】
    · 参与学校计算机协会技术部，负责协会网站日常维护
    · 协助老师完成实验室设备管理与系统环境搭建
    · 参与班级课程设计小组，担任后端开发角色","■ 图书管理系统后端
  项目目标：实现图书借阅、归还、用户管理功能
  个人职责：负责接口开发与数据库表结构设计
  项目成果：完成核心功能，支持1000条数据量","专业技能：Java、K8s、Docker、MySQL
相关证书：英语四级",应届毕业，具备扎实的专业基础知识与学习能力，能够快速掌握新技术；工作态度认真负责，有耐心，注重细节；具备良好的团队意识与沟通能力，能够积极配合团队完成任务；期望在工作中积累经验，快速成长。,后端开发工程师,安庆,互联网/信息技术/软件服务,面议,是,,,南京工业职业技术大学,软件技术,专科,大专,2022-06,2022,机器学习、数据库原理、算法设计与分析、软件工程,4,是,0,应届,1,是,校园实践,· 参与学校计算机协会技术部，负责协会网站日常维护,,否,1,图书管理系统后端,Java、K8s、Docker、MySQL,4,英语四级,1,90,94,82,89
方雯,女,13166811084,fangwen9062@qq.com,18991009040,绍兴,"期望岗位：软件测试工程师
期望城市：绍兴
期望行业：互联网/信息技术/软件服务
期望薪资：7000-8000元",1年软件测试工程师工作经验，精通MySQL、Postman技术栈，参与过完整项目迭代，能够独立完成模块开发与问题排查，注重代码质量与开发效率，具备良好的沟通协作能力。,"东南大学 | 电子信息工程 | 本科
毕业时间：2021年6月
核心课程：算法设计与分析、数据库原理、Python编程、数字信号处理","【美图公司】 软件测试工程师
2025年11月 - 至今
    · 编写开发文档，沉淀技术规范，协助新人熟悉业务
    · 对接产品、测试团队，跟进需求落地与缺陷修复
    · 负责公司软件测试工程师相关业务的开发与维护，参与需求评审","■ 自动化测试框架搭建
  项目目标：提升回归测试效率，减少人工重复劳动
  个人职责：基于Selenium搭建UI自动化框架，编写核心模块测试脚本
  项目成果：回归测试周期从7天缩短至2天，覆盖率达85%

■ 电商平台功能测试
  项目目标：保障电商系统上线质量，覆盖全业务流程
  个人职责：设计测试用例，执行功能、回归测试，提交缺陷报告
  项目成果：发现并修复120+缺陷，上线后线上缺陷率低于0.5%","专业技能：JMeter、性能测试、功能测试、MySQL、缺陷管理、Appium、Selenium、Postman、测试用例设计
相关证书：软考中级",拥有1年实际工作经验，技术功底扎实，熟悉完整开发流程；具备较强的问题解决能力，能够独立排查并解决常见技术问题；工作认真负责，注重团队协作，能够高效推进项目落地；持续学习，保持技术敏感度。,软件测试工程师,绍兴,互联网/信息技术/软件服务,7000-8000元,否,7000,8000,东南大学,电子信息工程,本科,本科,2021-06,2021,算法设计与分析、数据库原理、Python编程、数字信号处理,4,否,1,1年,1,否,美图公司,软件测试工程师,2025-11,是,2,自动化测试框架搭建,JMeter、性能测试、功能测试、MySQL、缺陷管理、Appium、Selenium、Postman、测试用例设计,9,软考中级,1,83,93,207,120
杜语桐,女,13603171048,du语tong2845@qq.com,15828451615,宁波,"期望岗位：软件测试工程师
期望城市：宁波
期望行业：互联网/信息技术/软件服务
期望薪资：31500-34500元",7年软件测试工程师资深经验，精通全链路技术架构，具备团队技术规划与方案设计能力，主导过多个大型项目重构与升级，在高并发/系统稳定性领域有深厚积累，能够带领团队攻克技术难题，驱动业务技术升级。,"暨南大学 | 网络工程 | 本科
毕业时间：2015年6月
核心课程：计算机网络、数据结构、算法设计与分析、Java程序设计","【用友网络科技有限公司】 软件测试工程师
2024年1月 - 至今
    · 承担分配模块的编码、测试与优化工作，保障系统稳定运行
    · 对接产品、测试团队，跟进需求落地与缺陷修复
    · 编写开发文档，沉淀技术规范，协助新人熟悉业务

【中软互联网科技有限公司】 软件测试工程师
2022年9月 - 2024年6月
    · 负责公司软件测试工程师相关业务的开发与维护，参与需求评审
    · 编写开发文档，沉淀技术规范，协助新人熟悉业务

【东软数据技术有限公司】 软件测试工程师
2020年12月 - 2022年5月
    · 对接产品、测试团队，跟进需求落地与缺陷修复
    · 负责公司软件测试工程师相关业务的开发与维护，参与需求评审","■ 电商平台功能测试
  项目目标：保障电商系统上线质量，覆盖全业务流程
  个人职责：设计测试用例，执行功能、回归测试，提交缺陷报告
  项目成果：发现并修复120+缺陷，上线后线上缺陷率低于0.5%

■ 自动化测试框架搭建
  项目目标：提升回归测试效率，减少人工重复劳动
  个人职责：基于Selenium搭建UI自动化框架，编写核心模块测试脚本
  项目成果：回归测试周期从7天缩短至2天，覆盖率达85%","专业技能：TestNG、JMeter、MySQL、Appium、性能测试、接口测试、Postman、Selenium、缺陷管理、Python
相关证书：红帽RHCE认证",拥有7年行业经验，技术视野开阔，具备方案设计与项目把控能力；逻辑清晰，善于定位并解决复杂技术问题；具备良好的团队管理与跨部门沟通能力，能够推动技术优化与业务落地；责任心强，追求技术与业务的平衡发展。,软件测试工程师,宁波,互联网/信息技术/软件服务,31500-34500元,否,31500,34500,暨南大学,网络工程,本科,本科,2015-06,2015,计算机网络、数据结构、算法设计与分析、Java程序设计,4,否,7,7年,3,否,用友网络科技有限公司,软件测试工程师,2024-01,是,2,电商平台功能测试,TestNG、JMeter、MySQL、Appium、性能测试、接口测试、Postman、Selenium、缺陷管理、Python,10,红帽RHCE认证,1,95,99,207,332
王勇,男,18021692761,wangyong4720@qq.com,wx_wangyong_394,蚌埠,"期望岗位：数据分析师
期望城市：蚌埠
期望行业：互联网/信息技术/软件服务
期望薪资：12000-19500元",5年数据分析师从业经验，精通Hive技术架构，主导过中型项目从0到1落地，擅长技术方案设计与性能优化，曾推动核心模块技术重构，带来显著效率提升，具备跨部门协作与项目推进能力。,"福建信息职业技术学院 | 物联网工程 | 专科
毕业时间：2017年6月
核心课程：数据结构、机器学习、Python编程、操作系统","【华为（东莞研究所）】 数据分析师
2025年9月 - 至今
    · 对接产品、测试团队，跟进需求落地与缺陷修复
    · 承担分配模块的编码、测试与优化工作，保障系统稳定运行

【中软互联网科技有限公司】 数据分析师
2024年6月 - 2025年6月
    · 负责公司数据分析师相关业务的开发与维护，参与需求评审
    · 对接产品、测试团队，跟进需求落地与缺陷修复
    · 承担分配模块的编码、测试与优化工作，保障系统稳定运行

【金蝶数据技术有限公司】 数据分析师
2023年9月 - 2024年11月
    · 承担分配模块的编码、测试与优化工作，保障系统稳定运行
    · 负责公司数据分析师相关业务的开发与维护，参与需求评审
    · 对接产品、测试团队，跟进需求落地与缺陷修复","■ 用户行为分析看板
  项目目标：构建用户行为数据体系，支撑运营决策
  个人职责：负责数据清洗、指标体系搭建，输出可视化运营报表
  项目成果：输出15+核心运营指标，支撑每月3次运营优化，用户留存率提升8%

■ 销售数据预测建模
  项目目标：基于历史数据预测销量，指导库存与备货
  个人职责：数据预处理，构建时间序列预测模型，输出月度预测报告
  项目成果：预测准确率达89%，库存周转效率提升25%","专业技能：统计学、SQL、MySQL、Tableau、数据可视化、Python、Excel、Power BI、Pandas
相关证书：计算机一级",拥有5年行业经验，技术视野开阔，具备方案设计与项目把控能力；逻辑清晰，善于定位并解决复杂技术问题；具备良好的团队管理与跨部门沟通能力，能够推动技术优化与业务落地；责任心强，追求技术与业务的平衡发展。,数据分析师,蚌埠,互联网/信息技术/软件服务,12000-19500元,否,12000,19500,福建信息职业技术学院,物联网工程,专科,大专,2017-06,2017,数据结构、机器学习、Python编程、操作系统,4,否,5,5年,3,否,华为（东莞研究所）,数据分析师,2025-09,是,2,用户行为分析看板,统计学、SQL、MySQL、Tableau、数据可视化、Python、Excel、Power BI、Pandas,9,计算机一级,1,87,99,206,357
莫彬,男,13772449863,mobin87@outlook.com,wx_mobin_115,安庆,"期望岗位：运维工程师
期望城市：安庆
期望行业：互联网/信息技术/软件服务
期望薪资：13500-18000元",5年运维工程师从业经验，精通Redis技术架构，主导过中型项目从0到1落地，擅长技术方案设计与性能优化，曾推动核心模块技术重构，带来显著效率提升，具备跨部门协作与项目推进能力。,"厦门理工学院 | 信息管理与信息系统 | 本科
毕业时间：2017年6月
核心课程：数据库原理、软件工程、计算机网络、数字信号处理","【安硕网络科技有限公司】 运维工程师
2025年8月 - 至今
    · 承担分配模块的编码、测试与优化工作，保障系统稳定运行
    · 负责公司运维工程师相关业务的开发与维护，参与需求评审

【通元网络科技有限公司】 运维工程师
2024年5月 - 2025年2月
    · 对接产品、测试团队，跟进需求落地与缺陷修复
    · 负责公司运维工程师相关业务的开发与维护，参与需求评审
    · 承担分配模块的编码、测试与优化工作，保障系统稳定运行

【恒信互联网科技有限公司】 运维工程师
2023年1月 - 2024年2月
    · 承担分配模块的编码、测试与优化工作，保障系统稳定运行
    · 编写开发文档，沉淀技术规范，协助新人熟悉业务","■ 服务器集群运维优化
  项目目标：提升服务器集群稳定性，降低故障发生率
  个人职责：负责日常巡检、故障排查，优化监控告警规则与分级策略
  项目成果：服务器故障率下降60%，平均故障响应时间缩短至15分钟

■ CI/CD自动化流水线
  项目目标：实现代码自动化构建、测试、部署，提升发布效率
  个人职责：基于Jenkins搭建持续集成流水线，配置Docker容器化部署
  项目成果：发布周期从每周1次提升至每天3次，部署失误率降为0","专业技能：Redis、Nginx、Prometheus、网络运维、Linux、Ansible
相关证书：无",拥有5年行业经验，技术视野开阔，具备方案设计与项目把控能力；逻辑清晰，善于定位并解决复杂技术问题；具备良好的团队管理与跨部门沟通能力，能够推动技术优化与业务落地；责任心强，追求技术与业务的平衡发展。,运维工程师,安庆,互联网/信息技术/软件服务,13500-18000元,否,13500,18000,厦门理工学院,信息管理与信息系统,本科,本科,2017-06,2017,数据库原理、软件工程、计算机网络、数字信号处理,4,否,5,5年,3,否,安硕网络科技有限公司,运维工程师,2025-08,是,2,服务器集群运维优化,Redis、Nginx、Prometheus、网络运维、Linux、Ansible,6,无,0,88,99,223,330
戴鑫,男,13254392643,daixin16@outlook.com,wx_daixin_332,黄山,"期望岗位：Java开发工程师
期望城市：黄山
期望行业：互联网/信息技术/软件服务
期望薪资：28500-33500元",8年Java开发工程师资深经验，精通全链路技术架构，具备团队技术规划与方案设计能力，主导过多个大型项目重构与升级，在高并发/系统稳定性领域有深厚积累，能够带领团队攻克技术难题，驱动业务技术升级。,"广东轻工职业技术学院 | 通信工程 | 专科
毕业时间：2014年6月
核心课程：数据库原理、机器学习、计算机网络、软件工程","【vivo（东莞）】 Java开发工程师
2024年9月 - 至今
    · 负责公司Java开发工程师相关业务的开发与维护，参与需求评审
    · 承担分配模块的编码、测试与优化工作，保障系统稳定运行

【汇智科技有限公司】 Java开发工程师
2022年9月 - 2024年10月
    · 编写开发文档，沉淀技术规范，协助新人熟悉业务
    · 承担分配模块的编码、测试与优化工作，保障系统稳定运行

【易联软件有限公司】 Java开发工程师
2020年9月 - 2022年10月
    · 对接产品、测试团队，跟进需求落地与缺陷修复
    · 编写开发文档，沉淀技术规范，协助新人熟悉业务","■ 微服务用户中心重构
  项目目标：将单体用户系统拆分为微服务架构，提升并发承载能力
  个人职责：负责登录、注册、权限模块开发，优化数据库查询与缓存策略
  项目成果：支持并发量从500提升至5000，接口响应耗时减少60%

■ 电商订单交易系统
  项目目标：搭建高可用电商订单系统，支撑大促流量峰值
  个人职责：负责订单创建、支付回调、库存扣减核心逻辑开发
  项目成果：支撑日均订单量10万+，系统可用性达99.95%","专业技能：Java、RabbitMQ、JVM调优、Git、Docker、SpringCloud
相关证书：计算机一级、PMP项目管理专业人士",拥有8年行业经验，技术视野开阔，具备方案设计与项目把控能力；逻辑清晰，善于定位并解决复杂技术问题；具备良好的团队管理与跨部门沟通能力，能够推动技术优化与业务落地；责任心强，追求技术与业务的平衡发展。,Java开发工程师,黄山,互联网/信息技术/软件服务,28500-33500元,否,28500,33500,广东轻工职业技术学院,通信工程,专科,大专,2014-06,2014,数据库原理、机器学习、计算机网络、软件工程,4,否,8,8年,3,否,vivo（东莞）,Java开发工程师,2024-09,是,2,微服务用户中心重构,Java、RabbitMQ、JVM调优、Git、Docker、SpringCloud,6,计算机一级、PMP项目管理专业人士,2,97,99,216,304
曾茜,女,18540781024,zengxi758@163.com,wx_zengxi_659,宁波,"期望岗位：Python开发工程师
期望城市：宁波
期望行业：互联网/信息技术/软件服务
期望薪资：17000-35000元",5年Python开发工程师资深经验，精通全链路技术架构，具备团队技术规划与方案设计能力，主导过多个大型项目重构与升级，在高并发/系统稳定性领域有深厚积累，能够带领团队攻克技术难题，驱动业务技术升级。,"东南大学 | 通信工程 | 本科
毕业时间：2017年6月
核心课程：数据结构、数字信号处理、操作系统、软件工程","【恒信互联网科技有限公司】 Python开发工程师
2025年1月 - 至今
    · 对接产品、测试团队，跟进需求落地与缺陷修复
    · 承担分配模块的编码、测试与优化工作，保障系统稳定运行

【通元互联网科技有限公司】 Python开发工程师
2024年5月 - 2025年6月
    · 对接产品、测试团队，跟进需求落地与缺陷修复
    · 编写开发文档，沉淀技术规范，协助新人熟悉业务
    · 负责公司Python开发工程师相关业务的开发与维护，参与需求评审

【信雅网络科技有限公司】 Python开发工程师
2023年1月 - 2024年6月
    · 负责公司Python开发工程师相关业务的开发与维护，参与需求评审
    · 承担分配模块的编码、测试与优化工作，保障系统稳定运行","■ 数据采集爬虫系统
  项目目标：搭建分布式爬虫平台，采集多渠道公开数据
  个人职责：负责反爬策略破解、数据清洗、入库逻辑开发
  项目成果：日均采集数据50万条，数据准确率98%以上

■ 自动化运维平台
  项目目标：开发运维管理平台，实现服务器批量管理
  个人职责：负责监控、告警、任务调度模块后端开发
  项目成果：管理服务器200+，运维人力成本降低50%","专业技能：Redis、Django、Flask、MongoDB、Celery、FastAPI、Docker
相关证书：计算机一级、红帽RHCE认证",拥有5年行业经验，技术视野开阔，具备方案设计与项目把控能力；逻辑清晰，善于定位并解决复杂技术问题；具备良好的团队管理与跨部门沟通能力，能够推动技术优化与业务落地；责任心强，追求技术与业务的平衡发展。,Python开发工程师,宁波,互联网/信息技术/软件服务,17000-35000元,否,17000,35000,东南大学,通信工程,本科,本科,2017-06,2017,数据结构、数字信号处理、操作系统、软件工程,4,否,5,5年,3,否,恒信互联网科技有限公司,Python开发工程师,2025-01,是,2,数据采集爬虫系统,Redis、Django、Flask、MongoDB、Celery、FastAPI、Docker,7,计算机一级、红帽RHCE认证,2,99,99,186,356
苏健,男,15114399890,sujian227@126.com,15786547350,宁波,"期望岗位：Python开发工程师
期望城市：宁波
期望行业：互联网/信息技术/软件服务
期望薪资：11500-12000元",1年Python开发工程师工作经验，精通MySQL、Docker技术栈，参与过完整项目迭代，能够独立完成模块开发与问题排查，注重代码质量与开发效率，具备良好的沟通协作能力。,"中山大学 | 网络工程 | 本科
毕业时间：2021年6月
核心课程：Python编程、软件工程、数据库原理、计算机网络","【信雅信息技术有限公司】 Python开发工程师
2025年3月 - 至今
    · 对接产品、测试团队，跟进需求落地与缺陷修复
    · 负责公司Python开发工程师相关业务的开发与维护，参与需求评审","■ 自动化运维平台
  项目目标：开发运维管理平台，实现服务器批量管理
  个人职责：负责监控、告警、任务调度模块后端开发
  项目成果：管理服务器200+，运维人力成本降低50%

■ 数据采集爬虫系统
  项目目标：搭建分布式爬虫平台，采集多渠道公开数据
  个人职责：负责反爬策略破解、数据清洗、入库逻辑开发
  项目成果：日均采集数据50万条，数据准确率98%以上","专业技能：Django、Celery、FastAPI、Redis、Docker、Python、爬虫、MySQL
相关证书：华为HCIA认证",拥有1年实际工作经验，技术功底扎实，熟悉完整开发流程；具备较强的问题解决能力，能够独立排查并解决常见技术问题；工作认真负责，注重团队协作，能够高效推进项目落地；持续学习，保持技术敏感度。,Python开发工程师,宁波,互联网/信息技术/软件服务,11500-12000元,否,11500,12000,中山大学,网络工程,本科,本科,2021-06,2021,Python编程、软件工程、数据库原理、计算机网络,4,否,1,1年,1,否,信雅信息技术有限公司,Python开发工程师,2025-03,是,2,自动化运维平台,Django、Celery、FastAPI、Redis、Docker、Python、爬虫、MySQL,8,华为HCIA认证,1,86,93,186,104
汪明,男,13096773107,wangming8595@qq.com,wx_wangming_295,宁德,"期望岗位：Java开发工程师
期望城市：宁德
期望行业：互联网/信息技术/软件服务
期望薪资：4000-4500元",专科网络工程专业应届毕业生，掌握RabbitMQ、SpringCloud基础技能，完成过课程设计与毕业项目，具备基础代码编写能力与问题排查思路，学习能力强，做事认真踏实，期望从事Java开发工程师相关工作。,"江西交通职业技术学院 | 网络工程 | 专科
毕业时间：2022年6月
核心课程：算法设计与分析、Python编程、Java程序设计、机器学习","【校园实践】
    · 参与学校计算机协会技术部，负责协会网站日常维护
    · 协助老师完成实验室设备管理与系统环境搭建
    · 参与班级课程设计小组，担任后端开发角色","■ 校园二手交易平台（毕设）
  项目目标：搭建校园闲置物品发布与交易平台
  个人职责：负责用户模块、商品发布模块开发
  项目成果：完成系统原型，获得良好成绩","专业技能：微服务、Java、JVM调优、Docker
相关证书：无",应届毕业，具备扎实的专业基础知识与学习能力，能够快速掌握新技术；工作态度认真负责，有耐心，注重细节；具备良好的团队意识与沟通能力，能够积极配合团队完成任务；期望在工作中积累经验，快速成长。,Java开发工程师,宁德,互联网/信息技术/软件服务,4000-4500元,否,4000,4500,江西交通职业技术学院,网络工程,专科,大专,2022-06,2022,算法设计与分析、Python编程、Java程序设计、机器学习,4,是,0,应届,1,是,校园实践,· 参与学校计算机协会技术部，负责协会网站日常维护,,否,1,校园二手交易平台（毕设）,微服务、Java、JVM调优、Docker,4,无,0,103,94,81,89
刘安然,女,13161489592,liuanran5805@126.com,wx_liuanran_593,芜湖,"期望岗位：运维工程师
期望城市：芜湖
期望行业：互联网/信息技术/软件服务
期望薪资：5500-6000元",专科数学与应用数学专业应届毕业生，掌握Prometheus、Jenkins基础技能，完成过课程设计与毕业项目，具备基础代码编写能力与问题排查思路，学习能力强，做事认真踏实，期望从事运维工程师相关工作。,"深圳职业技术学院 | 数学与应用数学 | 专科
毕业时间：2022年6月
核心课程：计算机网络、Java程序设计、Python编程、算法设计与分析","【校园实践】
    · 参与学校计算机协会技术部，负责协会网站日常维护
    · 协助老师完成实验室设备管理与系统环境搭建
    · 参与班级课程设计小组，担任后端开发角色","■ 实验室服务器搭建实训
  项目目标：搭建实验室Linux服务器环境
  个人职责：负责系统安装、网络配置、基础服务部署
  项目成果：完成3台服务器环境搭建","专业技能：MySQL、网络运维、Zabbix、Ansible
相关证书：计算机二级",应届毕业，具备扎实的专业基础知识与学习能力，能够快速掌握新技术；工作态度认真负责，有耐心，注重细节；具备良好的团队意识与沟通能力，能够积极配合团队完成任务；期望在工作中积累经验，快速成长。,运维工程师,芜湖,互联网/信息技术/软件服务,5500-6000元,否,5500,6000,深圳职业技术学院,数学与应用数学,专科,大专,2022-06,2022,计算机网络、Java程序设计、Python编程、算法设计与分析,4,是,0,应届,1,是,校园实践,· 参与学校计算机协会技术部，负责协会网站日常维护,,否,1,实验室服务器搭建实训,MySQL、网络运维、Zabbix、Ansible,4,计算机二级,1,100,94,80,89
覃杰,男,18167739831,qinjie40@126.com,wx_qinjie_559,合肥,"期望岗位：后端开发工程师
期望城市：合肥
期望行业：互联网/信息技术/软件服务
期望薪资：面议",专科计算机应用技术专业应届毕业生，掌握微服务、K8s基础技能，完成过课程设计与毕业项目，具备基础代码编写能力与问题排查思路，学习能力强，做事认真踏实，期望从事后端开发工程师相关工作。,"福建船政交通职业学院 | 计算机应用技术 | 专科
毕业时间：2022年6月
核心课程：数据库原理、算法设计与分析、计算机网络、软件工程","【校园实践】
    · 参与学校计算机协会技术部，负责协会网站日常维护
    · 协助老师完成实验室设备管理与系统环境搭建
    · 参与班级课程设计小组，担任后端开发角色","■ 图书管理系统后端
  项目目标：实现图书借阅、归还、用户管理功能
  个人职责：负责接口开发与数据库表结构设计
  项目成果：完成核心功能，支持1000条数据量","专业技能：Java、MySQL、Docker、Go
相关证书：英语六级",应届毕业，具备扎实的专业基础知识与学习能力，能够快速掌握新技术；工作态度认真负责，有耐心，注重细节；具备良好的团队意识与沟通能力，能够积极配合团队完成任务；期望在工作中积累经验，快速成长。,后端开发工程师,合肥,互联网/信息技术/软件服务,面议,是,,,福建船政交通职业学院,计算机应用技术,专科,大专,2022-06,2022,数据库原理、算法设计与分析、计算机网络、软件工程,4,是,0,应届,1,是,校园实践,· 参与学校计算机协会技术部，负责协会网站日常维护,,否,1,图书管理系统后端,Java、MySQL、Docker、Go,4,英语六级,1,91,94,82,89
韩辉,男,15995526790,hanhui2406@outlook.com,18098834789,泉州,"期望岗位：Python开发工程师
期望城市：泉州
期望行业：互联网/信息技术/软件服务
期望薪资：10500-12000元",3年Python开发工程师工作经验，精通Django、爬虫技术栈，参与过完整项目迭代，能够独立完成模块开发与问题排查，注重代码质量与开发效率，具备良好的沟通协作能力。,"浙江万里学院 | 数字媒体技术 | 本科
毕业时间：2019年6月
核心课程：数据库原理、Java程序设计、操作系统、计算机网络","【恒信网络科技有限公司】 Python开发工程师
2025年10月 - 至今
    · 对接产品、测试团队，跟进需求落地与缺陷修复
    · 承担分配模块的编码、测试与优化工作，保障系统稳定运行
    · 负责公司Python开发工程师相关业务的开发与维护，参与需求评审

【锐捷科技有限公司】 Python开发工程师
2024年5月 - 2025年1月
    · 编写开发文档，沉淀技术规范，协助新人熟悉业务
    · 负责公司Python开发工程师相关业务的开发与维护，参与需求评审
    · 对接产品、测试团队，跟进需求落地与缺陷修复","■ 数据采集爬虫系统
  项目目标：搭建分布式爬虫平台，采集多渠道公开数据
  个人职责：负责反爬策略破解、数据清洗、入库逻辑开发
  项目成果：日均采集数据50万条，数据准确率98%以上

■ 自动化运维平台
  项目目标：开发运维管理平台，实现服务器批量管理
  个人职责：负责监控、告警、任务调度模块后端开发
  项目成果：管理服务器200+，运维人力成本降低50%","专业技能：Linux、MySQL、Docker、Celery、FastAPI、Django、Python、Redis、MongoDB、爬虫
相关证书：MySQL数据库认证、英语四级",拥有3年实际工作经验，技术功底扎实，熟悉完整开发流程；具备较强的问题解决能力，能够独立排查并解决常见技术问题；工作认真负责，注重团队协作，能够高效推进项目落地；持续学习，保持技术敏感度。,Python开发工程师,泉州,互联网/信息技术/软件服务,10500-12000元,否,10500,12000,浙江万里学院,数字媒体技术,本科,本科,2019-06,2019,数据库原理、Java程序设计、操作系统、计算机网络,4,否,3,3年,2,否,恒信网络科技有限公司,Python开发工程师,2025-10,是,2,数据采集爬虫系统,Linux、MySQL、Docker、Celery、FastAPI、Django、Python、Redis、MongoDB、爬虫,10,MySQL数据库认证、英语四级,2,83,93,186,276
夏洋,男,13061517699,xiayang844@outlook.com,wx_xiayang_784,合肥,"期望岗位：软件测试工程师
期望城市：合肥
期望行业：互联网/信息技术/软件服务
期望薪资：3000-5000元",专科计算机应用技术专业应届毕业生，掌握性能测试、性能测试基础技能，完成过课程设计与毕业项目，具备基础代码编写能力与问题排查思路，学习能力强，做事认真踏实，期望从事软件测试工程师相关工作。,"江西交通职业技术学院 | 计算机应用技术 | 专科
毕业时间：2022年6月
核心课程：数据结构、Java程序设计、机器学习、Python编程","【校园实践】
    · 参与学校计算机协会技术部，负责协会网站日常维护
    · 协助老师完成实验室设备管理与系统环境搭建
    · 参与班级课程设计小组，担任后端开发角色","■ 学生管理系统功能测试
  项目目标：对课程设计系统进行功能测试与缺陷提交
  个人职责：设计测试用例，执行黑盒测试
  项目成果：发现并提交8个功能缺陷","专业技能：JMeter、性能测试、接口测试、Postman
相关证书：无",应届毕业，具备扎实的专业基础知识与学习能力，能够快速掌握新技术；工作态度认真负责，有耐心，注重细节；具备良好的团队意识与沟通能力，能够积极配合团队完成任务；期望在工作中积累经验，快速成长。,软件测试工程师,合肥,互联网/信息技术/软件服务,3000-5000元,否,3000,5000,江西交通职业技术学院,计算机应用技术,专科,大专,2022-06,2022,数据结构、Java程序设计、机器学习、Python编程,4,是,0,应届,1,是,校园实践,· 参与学校计算机协会技术部，负责协会网站日常维护,,否,1,学生管理系统功能测试,JMeter、性能测试、接口测试、Postman,4,无,0,93,94,78,89
王静,女,18861470475,wangjing7858@outlook.com,wx_wangjing_667,滁州,"期望岗位：后端开发工程师
期望城市：滁州
期望行业：互联网/信息技术/软件服务
期望薪资：面议",本科软件工程专业应届毕业生，掌握SpringBoot、PostgreSQL基础技能，完成过课程设计与毕业项目，具备基础代码编写能力与问题排查思路，学习能力强，做事认真踏实，期望从事后端开发工程师相关工作。,"南昌大学 | 软件工程 | 本科
毕业时间：2022年6月
核心课程：算法设计与分析、Java程序设计、软件工程、机器学习","【校园实践】
    · 参与学校计算机协会技术部，负责协会网站日常维护
    · 协助老师完成实验室设备管理与系统环境搭建
    · 参与班级课程设计小组，担任后端开发角色","■ 图书管理系统后端
  项目目标：实现图书借阅、归还、用户管理功能
  个人职责：负责接口开发与数据库表结构设计
  项目成果：完成核心功能，支持1000条数据量","专业技能：Docker、Kafka、K8s、Java、Python
相关证书：计算机一级",应届毕业，具备扎实的专业基础知识与学习能力，能够快速掌握新技术；工作态度认真负责，有耐心，注重细节；具备良好的团队意识与沟通能力，能够积极配合团队完成任务；期望在工作中积累经验，快速成长。,后端开发工程师,滁州,互联网/信息技术/软件服务,面议,是,,,南昌大学,软件工程,本科,本科,2022-06,2022,算法设计与分析、Java程序设计、软件工程、机器学习,4,是,0,应届,1,是,校园实践,· 参与学校计算机协会技术部，负责协会网站日常维护,,否,1,图书管理系统后端,Docker、Kafka、K8s、Java、Python,5,计算机一级,1,102,94,82,89
侯洋,男,17630936793,houyang93@gmail.com,wx_houyang_547,常州,"期望岗位：运维工程师
期望城市：常州
期望行业：互联网/信息技术/软件服务
期望薪资：8000-10500元",2年运维工程师工作经验，精通Shell、Ansible技术栈，参与过完整项目迭代，能够独立完成模块开发与问题排查，注重代码质量与开发效率，具备良好的沟通协作能力。,"福州大学 | 计算机应用技术 | 本科
毕业时间：2020年6月
核心课程：机器学习、数据库原理、软件工程、Java程序设计","【天擎网络科技有限公司】 运维工程师
2025年9月 - 至今
    · 编写开发文档，沉淀技术规范，协助新人熟悉业务
    · 负责公司运维工程师相关业务的开发与维护，参与需求评审
    · 对接产品、测试团队，跟进需求落地与缺陷修复

【安硕信息技术有限公司】 运维工程师
2024年3月 - 2025年5月
    · 负责公司运维工程师相关业务的开发与维护，参与需求评审
    · 编写开发文档，沉淀技术规范，协助新人熟悉业务
    · 对接产品、测试团队，跟进需求落地与缺陷修复","■ CI/CD自动化流水线
  项目目标：实现代码自动化构建、测试、部署，提升发布效率
  个人职责：基于Jenkins搭建持续集成流水线，配置Docker容器化部署
  项目成果：发布周期从每周1次提升至每天3次，部署失误率降为0

■ 服务器集群运维优化
  项目目标：提升服务器集群稳定性，降低故障发生率
  个人职责：负责日常巡检、故障排查，优化监控告警规则与分级策略
  项目成果：服务器故障率下降60%，平均故障响应时间缩短至15分钟","专业技能：Nginx、Docker、Jenkins、Redis、MySQL、Kubernetes、Prometheus、Linux、Ansible、网络运维
相关证书：系统架构设计师",拥有2年实际工作经验，技术功底扎实，熟悉完整开发流程；具备较强的问题解决能力，能够独立排查并解决常见技术问题；工作认真负责，注重团队协作，能够高效推进项目落地；持续学习，保持技术敏感度。,运维工程师,常州,互联网/信息技术/软件服务,8000-10500元,否,8000,10500,福州大学,计算机应用技术,本科,本科,2020-06,2020,机器学习、数据库原理、软件工程、Java程序设计,4,否,2,2年,2,否,天擎网络科技有限公司,运维工程师,2025-09,是,2,CI/CD自动化流水线,Nginx、Docker、Jenkins、Redis、MySQL、Kubernetes、Prometheus、Linux、Ansible、网络运维,10,系统架构设计师,1,81,93,223,249
吕雪,女,18882747869,lvxue87@qq.com,wx_lvxue_349,南通,"期望岗位：Java开发工程师
期望城市：南通
期望行业：互联网/信息技术/软件服务
期望薪资：4500-5000元",专科通信工程专业应届毕业生，掌握微服务、SpringBoot基础技能，完成过课程设计与毕业项目，具备基础代码编写能力与问题排查思路，学习能力强，做事认真踏实，期望从事Java开发工程师相关工作。,"南京工业职业技术大学 | 通信工程 | 专科
毕业时间：2022年6月
核心课程：数据库原理、操作系统、机器学习、软件工程","【校园实践】
    · 参与学校计算机协会技术部，负责协会网站日常维护
    · 协助老师完成实验室设备管理与系统环境搭建
    · 参与班级课程设计小组，担任后端开发角色","■ 校园二手交易平台（毕设）
  项目目标：搭建校园闲置物品发布与交易平台
  个人职责：负责用户模块、商品发布模块开发
  项目成果：完成系统原型，获得良好成绩","专业技能：MyBatis、JVM调优、Redis、MySQL
相关证书：PMP项目管理专业人士",应届毕业，具备扎实的专业基础知识与学习能力，能够快速掌握新技术；工作态度认真负责，有耐心，注重细节；具备良好的团队意识与沟通能力，能够积极配合团队完成任务；期望在工作中积累经验，快速成长。,Java开发工程师,南通,互联网/信息技术/软件服务,4500-5000元,否,4500,5000,南京工业职业技术大学,通信工程,专科,大专,2022-06,2022,数据库原理、操作系统、机器学习、软件工程,4,是,0,应届,1,是,校园实践,· 参与学校计算机协会技术部，负责协会网站日常维护,,否,1,校园二手交易平台（毕设）,MyBatis、JVM调优、Redis、MySQL,4,PMP项目管理专业人士,1,97,94,81,89
白颖,女,13513023009,baiying3022@outlook.com,wx_baiying_183,苏州,"期望岗位：算法工程师
期望城市：苏州
期望行业：互联网/信息技术/软件服务
期望薪资：面议",5年算法工程师从业经验，精通NLP技术架构，主导过中型项目从0到1落地，擅长技术方案设计与性能优化，曾推动核心模块技术重构，带来显著效率提升，具备跨部门协作与项目推进能力。,"广东技术师范大学 | 计算机科学与技术 | 本科
毕业时间：2017年6月
核心课程：Python编程、数字信号处理、机器学习、计算机网络","【锐捷科技有限公司】 算法工程师
2025年7月 - 至今
    · 承担分配模块的编码、测试与优化工作，保障系统稳定运行
    · 负责公司算法工程师相关业务的开发与维护，参与需求评审
    · 对接产品、测试团队，跟进需求落地与缺陷修复

【汇智软件有限公司】 算法工程师
2024年5月 - 2025年10月
    · 编写开发文档，沉淀技术规范，协助新人熟悉业务
    · 对接产品、测试团队，跟进需求落地与缺陷修复

【金蝶科技有限公司】 算法工程师
2023年4月 - 2024年5月
    · 编写开发文档，沉淀技术规范，协助新人熟悉业务
    · 负责公司算法工程师相关业务的开发与维护，参与需求评审","■ 个性化推荐系统
  项目目标：提升内容推荐精准度，增加用户停留时长
  个人职责：负责协同过滤、深度学习推荐模型开发与离线优化
  项目成果：用户平均停留时长提升25%，点击率提升15%

■ 风控欺诈识别模型
  项目目标：识别交易欺诈行为，降低资金损失风险
  个人职责：特征工程，构建XGBoost风控模型，在线部署与迭代
  项目成果：欺诈识别准确率达92%，每年减少损失超200万","专业技能：计算机视觉、推荐算法、TensorFlow、NLP、机器学习、数据结构、特征工程、Python
相关证书：软件设计师（中级）、计算机二级",拥有5年行业经验，技术视野开阔，具备方案设计与项目把控能力；逻辑清晰，善于定位并解决复杂技术问题；具备良好的团队管理与跨部门沟通能力，能够推动技术优化与业务落地；责任心强，追求技术与业务的平衡发展。,算法工程师,苏州,互联网/信息技术/软件服务,面议,是,,,广东技术师范大学,计算机科学与技术,本科,本科,2017-06,2017,Python编程、数字信号处理、机器学习、计算机网络,4,否,5,5年,3,否,锐捷科技有限公司,算法工程师,2025-07,是,2,个性化推荐系统,计算机视觉、推荐算法、TensorFlow、NLP、机器学习、数据结构、特征工程、Python,8,软件设计师（中级）、计算机二级,2,86,99,197,315
陈建,男,13492695588,chenjian32@gmail.com,wx_chenjian_200,芜湖,"期望岗位：软件测试工程师
期望城市：芜湖
期望行业：互联网/信息技术/软件服务
期望薪资：11500-12000元",2年软件测试工程师工作经验，精通TestNG、性能测试技术栈，参与过完整项目迭代，能够独立完成模块开发与问题排查，注重代码质量与开发效率，具备良好的沟通协作能力。,"福州大学 | 数字媒体技术 | 本科
毕业时间：2020年6月
核心课程：Java程序设计、算法设计与分析、操作系统、数据结构","【携程（厦门）】 软件测试工程师
2025年9月 - 至今
    · 负责公司软件测试工程师相关业务的开发与维护，参与需求评审
    · 编写开发文档，沉淀技术规范，协助新人熟悉业务

【安硕科技有限公司】 软件测试工程师
2024年4月 - 2025年6月
    · 承担分配模块的编码、测试与优化工作，保障系统稳定运行
    · 负责公司软件测试工程师相关业务的开发与维护，参与需求评审
    · 对接产品、测试团队，跟进需求落地与缺陷修复","■ 电商平台功能测试
  项目目标：保障电商系统上线质量，覆盖全业务流程
  个人职责：设计测试用例，执行功能、回归测试，提交缺陷报告
  项目成果：发现并修复120+缺陷，上线后线上缺陷率低于0.5%

■ 自动化测试框架搭建
  项目目标：提升回归测试效率，减少人工重复劳动
  个人职责：基于Selenium搭建UI自动化框架，编写核心模块测试脚本
  项目成果：回归测试周期从7天缩短至2天，覆盖率达85%","专业技能：TestNG、Selenium、Python、JMeter、接口测试、Postman
相关证书：软考中级",拥有2年实际工作经验，技术功底扎实，熟悉完整开发流程；具备较强的问题解决能力，能够独立排查并解决常见技术问题；工作认真负责，注重团队协作，能够高效推进项目落地；持续学习，保持技术敏感度。,软件测试工程师,芜湖,互联网/信息技术/软件服务,11500-12000元,否,11500,12000,福州大学,数字媒体技术,本科,本科,2020-06,2020,Java程序设计、算法设计与分析、操作系统、数据结构,4,否,2,2年,2,否,携程（厦门）,软件测试工程师,2025-09,是,2,电商平台功能测试,TestNG、Selenium、Python、JMeter、接口测试、Postman,6,软考中级,1,81,93,207,227
郝然,男,15066879343,haoran9960@outlook.com,wx_haoran_916,泉州,"期望岗位：Python开发工程师
期望城市：泉州
期望行业：互联网/信息技术/软件服务
期望薪资：10000-10500元",5年Python开发工程师从业经验，精通Flask技术架构，主导过中型项目从0到1落地，擅长技术方案设计与性能优化，曾推动核心模块技术重构，带来显著效率提升，具备跨部门协作与项目推进能力。,"南京理工大学 | 物联网工程 | 本科
毕业时间：2017年6月
核心课程：软件工程、算法设计与分析、机器学习、操作系统","【云创互联网科技有限公司】 Python开发工程师
2025年9月 - 至今
    · 承担分配模块的编码、测试与优化工作，保障系统稳定运行
    · 编写开发文档，沉淀技术规范，协助新人熟悉业务

【易联信息技术有限公司】 Python开发工程师
2024年11月 - 2025年4月
    · 承担分配模块的编码、测试与优化工作，保障系统稳定运行
    · 对接产品、测试团队，跟进需求落地与缺陷修复
    · 负责公司Python开发工程师相关业务的开发与维护，参与需求评审

【卓望软件有限公司】 Python开发工程师
2023年6月 - 2024年9月
    · 对接产品、测试团队，跟进需求落地与缺陷修复
    · 负责公司Python开发工程师相关业务的开发与维护，参与需求评审
    · 编写开发文档，沉淀技术规范，协助新人熟悉业务","■ 自动化运维平台
  项目目标：开发运维管理平台，实现服务器批量管理
  个人职责：负责监控、告警、任务调度模块后端开发
  项目成果：管理服务器200+，运维人力成本降低50%

■ 数据采集爬虫系统
  项目目标：搭建分布式爬虫平台，采集多渠道公开数据
  个人职责：负责反爬策略破解、数据清洗、入库逻辑开发
  项目成果：日均采集数据50万条，数据准确率98%以上","专业技能：MySQL、Flask、Celery、Docker、MongoDB、Django、FastAPI
相关证书：系统架构设计师",拥有5年行业经验，技术视野开阔，具备方案设计与项目把控能力；逻辑清晰，善于定位并解决复杂技术问题；具备良好的团队管理与跨部门沟通能力，能够推动技术优化与业务落地；责任心强，追求技术与业务的平衡发展。,Python开发工程师,泉州,互联网/信息技术/软件服务,10000-10500元,否,10000,10500,南京理工大学,物联网工程,本科,本科,2017-06,2017,软件工程、算法设计与分析、机器学习、操作系统,4,否,5,5年,3,否,云创互联网科技有限公司,Python开发工程师,2025-09,是,2,自动化运维平台,MySQL、Flask、Celery、Docker、MongoDB、Django、FastAPI,7,系统架构设计师,1,94,99,186,383
陈皓,男,18789537657,chenhao233@126.com,wx_chenhao_168,宁波,"期望岗位：运维工程师
期望城市：宁波
期望行业：互联网/信息技术/软件服务
期望薪资：面议",3年运维工程师工作经验，精通Redis、MySQL技术栈，参与过完整项目迭代，能够独立完成模块开发与问题排查，注重代码质量与开发效率，具备良好的沟通协作能力。,"福建船政交通职业学院 | 通信工程 | 专科
毕业时间：2019年6月
核心课程：机器学习、软件工程、数字信号处理、算法设计与分析","【未来信息技术有限公司】 运维工程师
2025年1月 - 至今
    · 负责公司运维工程师相关业务的开发与维护，参与需求评审
    · 编写开发文档，沉淀技术规范，协助新人熟悉业务

【汇智互联网科技有限公司】 运维工程师
2024年10月 - 2025年7月
    · 对接产品、测试团队，跟进需求落地与缺陷修复
    · 承担分配模块的编码、测试与优化工作，保障系统稳定运行
    · 负责公司运维工程师相关业务的开发与维护，参与需求评审","■ CI/CD自动化流水线
  项目目标：实现代码自动化构建、测试、部署，提升发布效率
  个人职责：基于Jenkins搭建持续集成流水线，配置Docker容器化部署
  项目成果：发布周期从每周1次提升至每天3次，部署失误率降为0

■ 服务器集群运维优化
  项目目标：提升服务器集群稳定性，降低故障发生率
  个人职责：负责日常巡检、故障排查，优化监控告警规则与分级策略
  项目成果：服务器故障率下降60%，平均故障响应时间缩短至15分钟","专业技能：Ansible、MySQL、Docker、Kubernetes、Nginx、Prometheus、Redis、Linux、Shell
相关证书：软考中级",拥有3年实际工作经验，技术功底扎实，熟悉完整开发流程；具备较强的问题解决能力，能够独立排查并解决常见技术问题；工作认真负责，注重团队协作，能够高效推进项目落地；持续学习，保持技术敏感度。,运维工程师,宁波,互联网/信息技术/软件服务,面议,是,,,福建船政交通职业学院,通信工程,专科,大专,2019-06,2019,机器学习、软件工程、数字信号处理、算法设计与分析,4,否,3,3年,2,否,未来信息技术有限公司,运维工程师,2025-01,是,2,CI/CD自动化流水线,Ansible、MySQL、Docker、Kubernetes、Nginx、Prometheus、Redis、Linux、Shell,9,软考中级,1,79,93,223,227
严思琪,女,18128041532,yansiqi2145@126.com,18903888337,泉州,"期望岗位：数据分析师
期望城市：泉州
期望行业：互联网/信息技术/软件服务
期望薪资：34500-35000元",9年数据分析师资深经验，精通全链路技术架构，具备团队技术规划与方案设计能力，主导过多个大型项目重构与升级，在高并发/系统稳定性领域有深厚积累，能够带领团队攻克技术难题，驱动业务技术升级。,"福建船政交通职业学院 | 通信工程 | 专科
毕业时间：2013年6月
核心课程：数据结构、数据库原理、算法设计与分析、机器学习","【OPPO（东莞）】 数据分析师
2023年8月 - 至今
    · 编写开发文档，沉淀技术规范，协助新人熟悉业务
    · 负责公司数据分析师相关业务的开发与维护，参与需求评审

【未来科技有限公司】 数据分析师
2020年7月 - 2023年9月
    · 承担分配模块的编码、测试与优化工作，保障系统稳定运行
    · 负责公司数据分析师相关业务的开发与维护，参与需求评审

【中软数据技术有限公司】 数据分析师
2017年9月 - 2020年1月
    · 负责公司数据分析师相关业务的开发与维护，参与需求评审
    · 编写开发文档，沉淀技术规范，协助新人熟悉业务
    · 承担分配模块的编码、测试与优化工作，保障系统稳定运行","■ 销售数据预测建模
  项目目标：基于历史数据预测销量，指导库存与备货
  个人职责：数据预处理，构建时间序列预测模型，输出月度预测报告
  项目成果：预测准确率达89%，库存周转效率提升25%

■ 用户行为分析看板
  项目目标：构建用户行为数据体系，支撑运营决策
  个人职责：负责数据清洗、指标体系搭建，输出可视化运营报表
  项目成果：输出15+核心运营指标，支撑每月3次运营优化，用户留存率提升8%","专业技能：SQL、Tableau、Python、用户分析、统计学、Pandas
相关证书：红帽RHCE认证、MySQL数据库认证、计算机一级",拥有9年行业经验，技术视野开阔，具备方案设计与项目把控能力；逻辑清晰，善于定位并解决复杂技术问题；具备良好的团队管理与跨部门沟通能力，能够推动技术优化与业务落地；责任心强，追求技术与业务的平衡发展。,数据分析师,泉州,互联网/信息技术/软件服务,34500-35000元,否,34500,35000,福建船政交通职业学院,通信工程,专科,大专,2013-06,2013,数据结构、数据库原理、算法设计与分析、机器学习,4,否,9,9年,3,否,OPPO（东莞）,数据分析师,2023-08,是,2,销售数据预测建模,SQL、Tableau、Python、用户分析、统计学、Pandas,6,红帽RHCE认证、MySQL数据库认证、计算机一级,3,93,99,206,326
武凯,男,18689001825,wukai81@126.com,wx_wukai_778,常州,"期望岗位：运维工程师
期望城市：常州
期望行业：互联网/信息技术/软件服务
期望薪资：5500-6000元",专科数学与应用数学专业应届毕业生，有0段运维工程师实习经验，掌握Jenkins技术栈，参与过实习项目开发，具备良好的代码规范与团队协作意识，能够快速上手业务，期望正式入职发展。,"福建船政交通职业学院 | 数学与应用数学 | 专科
毕业时间：2022年6月
核心课程：数据结构、算法设计与分析、Java程序设计、机器学习","【合众互联网科技有限公司】 运维工程师（实习）
2021年7月 - 至今
    · 承担分配模块的编码、测试与优化工作，保障系统稳定运行
    · 编写开发文档，沉淀技术规范，协助新人熟悉业务
    · 负责公司运维工程师相关业务的开发与维护，参与需求评审","■ 实验室服务器搭建实训
  项目目标：搭建实验室Linux服务器环境
  个人职责：负责系统安装、网络配置、基础服务部署
  项目成果：完成3台服务器环境搭建

■ 简单监控脚本开发
  项目目标：编写服务器状态监控脚本
  个人职责：实现CPU、内存、磁盘使用率自动采集
  项目成果：支持异常邮件告警","专业技能：网络运维、Redis、Prometheus、Linux、Ansible、MySQL、Docker
相关证书：计算机二级、软件设计师（中级）",有实习经验，熟悉开发基本流程，具备基础的项目实践能力；学习能力强，能够快速上手新业务新技术；工作踏实，责任心强，善于沟通协作，能够高效完成分配的工作任务。,运维工程师,常州,互联网/信息技术/软件服务,5500-6000元,否,5500,6000,福建船政交通职业学院,数学与应用数学,专科,大专,2022-06,2022,数据结构、算法设计与分析、Java程序设计、机器学习,4,是,0,应届,1,否,合众互联网科技有限公司,运维工程师（实习）,2021-07,是,2,实验室服务器搭建实训,网络运维、Redis、Prometheus、Linux、Ansible、MySQL、Docker,7,计算机二级、软件设计师（中级）,2,88,77,153,131
范莉,女,13413928852,fanli59@126.com,wx_fanli_660,龙岩,"期望岗位：软件测试工程师
期望城市：龙岩
期望行业：互联网/信息技术/软件服务
期望薪资：面议",1年软件测试工程师工作经验，精通性能测试、缺陷管理技术栈，参与过完整项目迭代，能够独立完成模块开发与问题排查，注重代码质量与开发效率，具备良好的沟通协作能力。,"东南大学 | 电子信息工程 | 本科
毕业时间：2021年6月
核心课程：Java程序设计、数据库原理、软件工程、Python编程","【博思软件有限公司】 软件测试工程师
2025年2月 - 至今
    · 负责公司软件测试工程师相关业务的开发与维护，参与需求评审
    · 承担分配模块的编码、测试与优化工作，保障系统稳定运行","■ 自动化测试框架搭建
  项目目标：提升回归测试效率，减少人工重复劳动
  个人职责：基于Selenium搭建UI自动化框架，编写核心模块测试脚本
  项目成果：回归测试周期从7天缩短至2天，覆盖率达85%

■ 电商平台功能测试
  项目目标：保障电商系统上线质量，覆盖全业务流程
  个人职责：设计测试用例，执行功能、回归测试，提交缺陷报告
  项目成果：发现并修复120+缺陷，上线后线上缺陷率低于0.5%","专业技能：接口测试、Python、Appium、JMeter、MySQL、缺陷管理、测试用例设计、Postman、Selenium、功能测试
相关证书：系统架构设计师、计算机二级、计算机一级",拥有1年实际工作经验，技术功底扎实，熟悉完整开发流程；具备较强的问题解决能力，能够独立排查并解决常见技术问题；工作认真负责，注重团队协作，能够高效推进项目落地；持续学习，保持技术敏感度。,软件测试工程师,龙岩,互联网/信息技术/软件服务,面议,是,,,东南大学,电子信息工程,本科,本科,2021-06,2021,Java程序设计、数据库原理、软件工程、Python编程,4,否,1,1年,1,否,博思软件有限公司,软件测试工程师,2025-02,是,2,自动化测试框架搭建,接口测试、Python、Appium、JMeter、MySQL、缺陷管理、测试用例设计、Postman、Selenium、功能测试,10,系统架构设计师、计算机二级、计算机一级,3,79,93,207,99
