姓名,性别,手机号,邮箱,微信号,居住地,求职意向,个人简介,教育经历,工作/实践经历,项目经验,技能特长,自我评价,个人简介_分词,项目经验_分词,工作经历_分词,自我评价_分词,技能特长_分词,技能词,证书
傅宇泽,男,18640647473,fuyuze556@163.com,wx_fuyuze_935,杭州,"期望岗位：数据分析师
期望城市：杭州
期望行业：互联网/信息技术/软件服务
期望薪资：面议",专科计算机科学与技术专业应届毕业生，掌握统计学、SQL基础技能，完成过课程设计与毕业项目，具备基础代码编写能力与问题排查思路，学习能力强，做事认真踏实，期望从事数据分析师相关工作。,"苏州职业大学 | 计算机科学与技术 | 专科
毕业时间：2022年6月
核心课程：机器学习、Java程序设计、算法设计与分析、数字信号处理","【校园实践】
    · 参与学校计算机协会技术部，负责协会网站日常维护
    · 协助老师完成实验室设备管理与系统环境搭建
    · 参与班级课程设计小组，担任后端开发角色","■ 电商公开数据爬取分析
  项目目标：采集公开电商商品数据并分析
  个人职责：数据爬取、清洗、价格销量分析
  项目成果：输出可视化分析图表","专业技能：Pandas、MySQL、统计学、数据可视化、SQL、Excel、Python
相关证书：红帽RHCE认证、计算机一级",应届毕业，具备扎实的专业基础知识与学习能力，能够快速掌握新技术；工作态度认真负责，有耐心，注重细节；具备良好的团队意识与沟通能力，能够积极配合团队完成任务；期望在工作中积累经验，快速成长。,专科 计算机科学与技术 应届 毕业生 统计学 SQL 课程设计 项目 代码 编写 排查 数据 分析师,电商 公开 数据 爬取 分析 采集 公开 电商 商品 数据 分析 数据 爬取 清洗 价格 销量 分析 可视化 分析 图表,学校 计算机 协会 技术部 协会 网站 维护 老师 实验室 设备 管理 系统 环境 搭建 班级 课程设计 小组 后端 开发 角色,应届 基础知识 技术 认真负责,Pandas MySQL 统计学 数据可视化 SQL Excel Python 红帽RHCE认证 计算机一级,Pandas、MySQL、统计学、数据可视化、SQL、Excel、Python,红帽RHCE认证、计算机一级
郭勇,男,18833705865,guoyong6876@gmail.com,15102987120,合肥,"期望岗位：软件测试工程师
期望城市：合肥
期望行业：互联网/信息技术/软件服务
期望薪资：面议",专科软件技术专业应届毕业生，掌握TestNG、接口测试基础技能，完成过课程设计与毕业项目，具备基础代码编写能力与问题排查思路，学习能力强，做事认真踏实，期望从事软件测试工程师相关工作。,"江西交通职业技术学院 | 软件技术 | 专科
毕业时间：2022年6月
核心课程：数据库原理、操作系统、数字信号处理、算法设计与分析","【校园实践】
    · 参与学校计算机协会技术部，负责协会网站日常维护
    · 协助老师完成实验室设备管理与系统环境搭建
    · 参与班级课程设计小组，担任后端开发角色","■ 网页兼容性测试实训
  项目目标：对多个网站进行浏览器兼容测试
  个人职责：制定测试方案，输出测试报告
  项目成果：覆盖5款主流浏览器","专业技能：缺陷管理、Python、性能测试、Postman、MySQL、接口测试
相关证书：无",应届毕业，具备扎实的专业基础知识与学习能力，能够快速掌握新技术；工作态度认真负责，有耐心，注重细节；具备良好的团队意识与沟通能力，能够积极配合团队完成任务；期望在工作中积累经验，快速成长。,专科 软件技术 应届 毕业生 TestNG 接口测试 课程设计 项目 代码 编写 排查 软件测试 工程师,网页 兼容性 测试 实训 多个 网站 浏览器 兼容 测试 制定 测试 方案 测试报告 覆盖 主流 浏览器,学校 计算机 协会 技术部 协会 网站 维护 老师 实验室 设备 管理 系统 环境 搭建 班级 课程设计 小组 后端 开发 角色,应届 基础知识 技术 认真负责,缺陷管理 Python 性能测试 Postman MySQL 接口测试,缺陷管理、Python、性能测试、Postman、MySQL、接口测试,
向阳,男,13066534129,xiangyang155@gmail.com,15268655768,马鞍山,"期望岗位：算法工程师
期望城市：马鞍山
期望行业：互联网/信息技术/软件服务
期望薪资：4500-7000元",本科数字媒体技术专业应届毕业生，有0段算法工程师实习经验，掌握深度学习技术栈，参与过实习项目开发，具备良好的代码规范与团队协作意识，能够快速上手业务，期望正式入职发展。,"南京大学 | 数字媒体技术 | 本科
毕业时间：2022年6月
核心课程：数据结构、Python编程、Java程序设计、操作系统","【博思信息技术有限公司】 算法工程师（实习）
2018年12月 - 至今
    · 负责公司算法工程师相关业务的开发与维护，参与需求评审
    · 承担分配模块的编码、测试与优化工作，保障系统稳定运行
    · 编写开发文档，沉淀技术规范，协助新人熟悉业务","■ 手写数字识别（课程作业）
  项目目标：基于MNIST数据集实现手写数字识别
  个人职责：使用CNN搭建模型，训练与调优
  项目成果：识别准确率达到92%

■ 电影推荐系统（毕设）
  项目目标：基于协同过滤实现简单电影推荐
  个人职责：数据处理、模型实现、效果验证
  项目成果：召回准确率达到75%","专业技能：Python、计算机视觉、TensorFlow、深度学习、PyTorch
相关证书：华为HCIA认证、计算机二级",有实习经验，熟悉开发基本流程，具备基础的项目实践能力；学习能力强，能够快速上手新业务新技术；工作踏实，责任心强，善于沟通协作，能够高效完成分配的工作任务。,本科 数字媒体技术 应届 毕业生 算法 工程师 实习 深度学习 技术 实习 项目 开发 代码 规范 协作 上手 业务 正式 入职 发展,手写 数字 识别 作业 基于 MNIST 数据 手写 数字 识别 CNN 搭建 模型 训练 调优 识别 准确率 达到 电影 推荐 系统 毕设 基于 协同 过滤 简单 电影 推荐 数据处理 模型 效果 验证 召回 准确率 达到,博思 信息技术 算法 工程师 实习 至今 算法 工程师 业务 开发 维护 需求 评审 分配 模块 编码 测试 保障系统 稳定 运行 编写 开发 文档 沉淀 技术规范 新人 熟悉业务,实习 开发 基本 流程 项目 实践 上手 业务 技术 责任心 善于 协作 高效 分配,Python 计算机视觉 TensorFlow 深度学习 PyTorch 华为HCIA认证 计算机二级,Python、计算机视觉、TensorFlow、深度学习、PyTorch,华为HCIA认证、计算机二级
叶天佑,男,13233685010,ye天you62@gmail.com,wx_ye天you_542,宁德,"期望岗位：Python开发工程师
期望城市：宁德
期望行业：互联网/信息技术/软件服务
期望薪资：23000-24500元",7年Python开发工程师资深经验，精通全链路技术架构，具备团队技术规划与方案设计能力，主导过多个大型项目重构与升级，在高并发/系统稳定性领域有深厚积累，能够带领团队攻克技术难题，驱动业务技术升级。,"苏州大学 | 数字媒体技术 | 本科
毕业时间：2015年6月
核心课程：Java程序设计、机器学习、计算机网络、数字信号处理","【汇智互联网科技有限公司】 Python开发工程师
2024年1月 - 至今
    · 对接产品、测试团队，跟进需求落地与缺陷修复
    · 承担分配模块的编码、测试与优化工作，保障系统稳定运行
    · 编写开发文档，沉淀技术规范，协助新人熟悉业务

【汇智数据技术有限公司】 Python开发工程师
2022年6月 - 2024年4月
    · 编写开发文档，沉淀技术规范，协助新人熟悉业务
    · 对接产品、测试团队，跟进需求落地与缺陷修复
    · 负责公司Python开发工程师相关业务的开发与维护，参与需求评审

【用友网络科技有限公司】 Python开发工程师
2020年4月 - 2022年6月
    · 编写开发文档，沉淀技术规范，协助新人熟悉业务
    · 负责公司Python开发工程师相关业务的开发与维护，参与需求评审
    · 承担分配模块的编码、测试与优化工作，保障系统稳定运行","■ 数据采集爬虫系统
  项目目标：搭建分布式爬虫平台，采集多渠道公开数据
  个人职责：负责反爬策略破解、数据清洗、入库逻辑开发
  项目成果：日均采集数据50万条，数据准确率98%以上

■ 自动化运维平台
  项目目标：开发运维管理平台，实现服务器批量管理
  个人职责：负责监控、告警、任务调度模块后端开发
  项目成果：管理服务器200+，运维人力成本降低50%","专业技能：MongoDB、Celery、Python、MySQL、Flask、Django、Linux、Redis、FastAPI、Git
相关证书：红帽RHCE认证、计算机一级",拥有7年行业经验，技术视野开阔，具备方案设计与项目把控能力；逻辑清晰，善于定位并解决复杂技术问题；具备良好的团队管理与跨部门沟通能力，能够推动技术优化与业务落地；责任心强，追求技术与业务的平衡发展。,Python 开发 工程师 资深 链路 技术 架构 技术 规划 方案设计 主导 多个 大型项目 重构 升级 并发 系统 稳定性 领域 深厚 带领 攻克 技术难题 驱动 业务 技术升级,数据 采集 爬虫 系统 搭建 分布式 爬虫 平台 采集 多渠道 公开 数据 反爬 策略 破解 数据 清洗 入库 逻辑 开发 日均 采集 数据 万条 数据 准确率 以上 自动化 运维 平台 开发 运维 管理 平台 服务器 批量 管理 监控 告警 任务调度 模块 后端 开发 管理 服务器 运维 人力 成本 降低,汇智 互联网 科技 Python 开发 工程师 至今 对接 产品 测试 跟进 需求 落地 缺陷 修复 分配 模块 编码 测试 保障系统 稳定 运行 编写 开发 文档 沉淀 技术规范 新人 熟悉业务 汇智 数据 技术 Python 开发 工程师 编写 开发 文档 沉淀 技术规范 新人 熟悉业务 对接 产品 测试 跟进 需求 落地 缺陷 修复 Python 开发 工程师 业务 开发 维护 需求 评审 用友 网络科技 Python 开发 工程师 编写 开发 文档 沉淀 技术规范 新人 熟悉业务 Python 开发 工程师 业务 开发 维护 需求 评审 分配 模块 编码 测试 保障系统 稳定 运行,技术 视野 开阔 方案设计 项目 逻辑 清晰 善于 定位 复杂 技术 管理 跨部门 推动 技术 业务 落地 责任心 追求 技术 业务 平衡 发展,MongoDB Celery Python MySQL Flask Django Linux Redis FastAPI Git 红帽RHCE认证 计算机一级,MongoDB、Celery、Python、MySQL、Flask、Django、Linux、Redis、FastAPI、Git,红帽RHCE认证、计算机一级
梁颖,女,18417954626,liangying1303@163.com,13894720003,南平,"期望岗位：算法工程师
期望城市：南平
期望行业：互联网/信息技术/软件服务
期望薪资：面议",专科计算机应用技术专业应届毕业生，掌握PyTorch、SQL基础技能，完成过课程设计与毕业项目，具备基础代码编写能力与问题排查思路，学习能力强，做事认真踏实，期望从事算法工程师相关工作。,"深圳职业技术学院 | 计算机应用技术 | 专科
毕业时间：2022年6月
核心课程：算法设计与分析、操作系统、软件工程、数据结构","【校园实践】
    · 参与学校计算机协会技术部，负责协会网站日常维护
    · 协助老师完成实验室设备管理与系统环境搭建
    · 参与班级课程设计小组，担任后端开发角色","■ 电影推荐系统（毕设）
  项目目标：基于协同过滤实现简单电影推荐
  个人职责：数据处理、模型实现、效果验证
  项目成果：召回准确率达到75%","专业技能：SQL、特征工程、NLP、TensorFlow、算法优化、Python
相关证书：英语六级",应届毕业，具备扎实的专业基础知识与学习能力，能够快速掌握新技术；工作态度认真负责，有耐心，注重细节；具备良好的团队意识与沟通能力，能够积极配合团队完成任务；期望在工作中积累经验，快速成长。,专科 计算机应用技术 应届 毕业生 PyTorch SQL 课程设计 项目 代码 编写 排查 算法 工程师,电影 推荐 系统 毕设 基于 协同 过滤 简单 电影 推荐 数据处理 模型 效果 验证 召回 准确率 达到,学校 计算机 协会 技术部 协会 网站 维护 老师 实验室 设备 管理 系统 环境 搭建 班级 课程设计 小组 后端 开发 角色,应届 基础知识 技术 认真负责,SQL 特征工程 NLP TensorFlow 算法优化 Python 英语六级,SQL、特征工程、NLP、TensorFlow、算法优化、Python,英语六级
傅平,男,17660484236,fuping965@outlook.com,wx_fuping_371,宁德,"期望岗位：软件测试工程师
期望城市：宁德
期望行业：互联网/信息技术/软件服务
期望薪资：10500-20000元",5年软件测试工程师从业经验，精通接口测试技术架构，主导过中型项目从0到1落地，擅长技术方案设计与性能优化，曾推动核心模块技术重构，带来显著效率提升，具备跨部门协作与项目推进能力。,"暨南大学 | 物联网工程 | 本科
毕业时间：2017年6月
核心课程：Java程序设计、操作系统、数字信号处理、计算机网络","【阿里巴巴（福州分公司）】 软件测试工程师
2025年6月 - 至今
    · 对接产品、测试团队，跟进需求落地与缺陷修复
    · 编写开发文档，沉淀技术规范，协助新人熟悉业务

【启明软件有限公司】 软件测试工程师
2024年1月 - 2025年3月
    · 承担分配模块的编码、测试与优化工作，保障系统稳定运行
    · 负责公司软件测试工程师相关业务的开发与维护，参与需求评审
    · 编写开发文档，沉淀技术规范，协助新人熟悉业务

【安硕数据技术有限公司】 软件测试工程师
2023年7月 - 2024年12月
    · 负责公司软件测试工程师相关业务的开发与维护，参与需求评审
    · 对接产品、测试团队，跟进需求落地与缺陷修复","■ 电商平台功能测试
  项目目标：保障电商系统上线质量，覆盖全业务流程
  个人职责：设计测试用例，执行功能、回归测试，提交缺陷报告
  项目成果：发现并修复120+缺陷，上线后线上缺陷率低于0.5%

■ 自动化测试框架搭建
  项目目标：提升回归测试效率，减少人工重复劳动
  个人职责：基于Selenium搭建UI自动化框架，编写核心模块测试脚本
  项目成果：回归测试周期从7天缩短至2天，覆盖率达85%","专业技能：Postman、JMeter、Selenium、MySQL、性能测试、缺陷管理、TestNG
相关证书：英语四级",拥有5年行业经验，技术视野开阔，具备方案设计与项目把控能力；逻辑清晰，善于定位并解决复杂技术问题；具备良好的团队管理与跨部门沟通能力，能够推动技术优化与业务落地；责任心强，追求技术与业务的平衡发展。,软件测试 工程师 从业 接口测试 技术 架构 主导 中型 项目 落地 擅长 技术 方案设计 性能 推动 核心 模块 技术 重构 带来 显著 效率 跨部门 协作 项目 推进,电商 平台 功能测试 保障 电商 系统 上线 质量 覆盖 业务流程 测试用例 执行 功能 回归 测试 提交 缺陷 报告 发现 修复 缺陷 上线 后线 缺陷率 低于 自动化 测试 框架 搭建 回归 测试 效率 减少 人工 重复劳动 基于 Selenium 搭建 UI 自动化 框架 编写 核心 模块 测试 脚本 回归 测试 周期 缩短 覆盖率,阿里巴巴 福州 分公司 软件测试 工程师 至今 对接 产品 测试 跟进 需求 落地 缺陷 修复 编写 开发 文档 沉淀 技术规范 新人 熟悉业务 启明 软件 软件测试 工程师 分配 模块 编码 测试 保障系统 稳定 运行 软件测试 工程师 业务 开发 维护 需求 评审 编写 开发 文档 沉淀 技术规范 新人 熟悉业务 安硕 数据 技术 软件测试 工程师 软件测试 工程师 业务 开发 维护 需求 评审 对接 产品 测试 跟进 需求 落地 缺陷 修复,技术 视野 开阔 方案设计 项目 逻辑 清晰 善于 定位 复杂 技术 管理 跨部门 推动 技术 业务 落地 责任心 追求 技术 业务 平衡 发展,Postman JMeter Selenium MySQL 性能测试 缺陷管理 TestNG 英语四级,Postman、JMeter、Selenium、MySQL、性能测试、缺陷管理、TestNG,英语四级
陶俊,男,18810487154,taojun301@126.com,15775615309,南京,"期望岗位：Python开发工程师
期望城市：南京
期望行业：互联网/信息技术/软件服务
期望薪资：4000-4500元",专科数学与应用数学专业应届毕业生，掌握Docker、MongoDB基础技能，完成过课程设计与毕业项目，具备基础代码编写能力与问题排查思路，学习能力强，做事认真踏实，期望从事Python开发工程师相关工作。,"厦门海洋职业技术学院 | 数学与应用数学 | 专科
毕业时间：2022年6月
核心课程：数字信号处理、机器学习、Java程序设计、数据库原理","【校园实践】
    · 参与学校计算机协会技术部，负责协会网站日常维护
    · 协助老师完成实验室设备管理与系统环境搭建
    · 参与班级课程设计小组，担任后端开发角色","■ 自动化办公脚本
  项目目标：批量处理Excel表格数据
  个人职责：实现数据合并、格式转换、自动统计
  项目成果：提升人工效率80%","专业技能：Python、MySQL、Git、爬虫、FastAPI
相关证书：计算机一级、红帽RHCE认证、计算机二级",应届毕业，具备扎实的专业基础知识与学习能力，能够快速掌握新技术；工作态度认真负责，有耐心，注重细节；具备良好的团队意识与沟通能力，能够积极配合团队完成任务；期望在工作中积累经验，快速成长。,专科 数学与应用数学 应届 毕业生 Docker MongoDB 课程设计 项目 代码 编写 排查 Python 开发 工程师,自动化 办公 脚本 批量 处理 Excel 表格 数据 数据 合并 格式 转换 自动 统计 人工效率,学校 计算机 协会 技术部 协会 网站 维护 老师 实验室 设备 管理 系统 环境 搭建 班级 课程设计 小组 后端 开发 角色,应届 基础知识 技术 认真负责,Python MySQL Git 爬虫 FastAPI 计算机一级 红帽RHCE认证 计算机二级,Python、MySQL、Git、爬虫、FastAPI,计算机一级、红帽RHCE认证、计算机二级
曹军,男,18719369310,caojun3799@qq.com,18077471168,安庆,"期望岗位：数据分析师
期望城市：安庆
期望行业：互联网/信息技术/软件服务
期望薪资：3000-4000元",本科计算机应用技术专业应届毕业生，掌握Pandas、SQL基础技能，完成过课程设计与毕业项目，具备基础代码编写能力与问题排查思路，学习能力强，做事认真踏实，期望从事数据分析师相关工作。,"佛山科学技术学院 | 计算机应用技术 | 本科
毕业时间：2022年6月
核心课程：算法设计与分析、Python编程、数字信号处理、操作系统","【校园实践】
    · 参与学校计算机协会技术部，负责协会网站日常维护
    · 协助老师完成实验室设备管理与系统环境搭建
    · 参与班级课程设计小组，担任后端开发角色","■ 学生成绩数据分析
  项目目标：对班级期末成绩进行统计分析
  个人职责：数据清洗、可视化图表制作、结论输出
  项目成果：输出分析报告，提出3点教学建议","专业技能：统计学、SQL、Pandas、Python
相关证书：计算机二级",应届毕业，具备扎实的专业基础知识与学习能力，能够快速掌握新技术；工作态度认真负责，有耐心，注重细节；具备良好的团队意识与沟通能力，能够积极配合团队完成任务；期望在工作中积累经验，快速成长。,本科 计算机应用技术 应届 毕业生 Pandas SQL 课程设计 项目 代码 编写 排查 数据 分析师,学生 成绩 数据分析 班级 期末 成绩 统计分析 数据 清洗 可视化 图表 制作 结论 分析报告 提出 教学 建议,学校 计算机 协会 技术部 协会 网站 维护 老师 实验室 设备 管理 系统 环境 搭建 班级 课程设计 小组 后端 开发 角色,应届 基础知识 技术 认真负责,统计学 SQL Pandas Python 计算机二级,统计学、SQL、Pandas、Python,计算机二级
许佳,女,18909074462,xujia64@126.com,13089902840,黄山,"期望岗位：前端开发工程师
期望城市：黄山
期望行业：互联网/信息技术/软件服务
期望薪资：面议",2年前端开发工程师工作经验，精通移动端适配、Axios技术栈，参与过完整项目迭代，能够独立完成模块开发与问题排查，注重代码质量与开发效率，具备良好的沟通协作能力。,"南京工程学院 | 软件技术 | 本科
毕业时间：2020年6月
核心课程：操作系统、数字信号处理、机器学习、软件工程","【云创互联网科技有限公司】 前端开发工程师
2025年5月 - 至今
    · 负责公司前端开发工程师相关业务的开发与维护，参与需求评审
    · 对接产品、测试团队，跟进需求落地与缺陷修复

【微远信息技术有限公司】 前端开发工程师
2024年9月 - 2025年7月
    · 负责公司前端开发工程师相关业务的开发与维护，参与需求评审
    · 编写开发文档，沉淀技术规范，协助新人熟悉业务
    · 对接产品、测试团队，跟进需求落地与缺陷修复","■ 电商平台前端重构
  项目目标：升级旧版电商系统前端架构，提升用户体验与加载速度
  个人职责：负责商品详情页、购物车模块开发，组件化封装公共组件
  项目成果：首屏加载时间从3.2s降至1.8s，页面转化率提升12%

■ 企业后台管理系统
  项目目标：搭建企业运营管理后台，实现业务数据可视化
  个人职责：负责权限管理、数据报表模块开发，对接后端接口联调
  项目成果：覆盖12个业务部门，运营效率提升40%","专业技能：React、TypeScript、JavaScript、CSS3、HTML5、Element UI、Vue
相关证书：红帽RHCE认证、英语四级、华为HCIA认证",拥有2年实际工作经验，技术功底扎实，熟悉完整开发流程；具备较强的问题解决能力，能够独立排查并解决常见技术问题；工作认真负责，注重团队协作，能够高效推进项目落地；持续学习，保持技术敏感度。,前端开发 工程师 移动端适配 Axios 技术 完整 项目 迭代 独立 模块 开发 排查 代码 质量 开发 效率 协作,电商 平台 前端 重构 升级 旧版 电商 系统 前端 架构 用户 体验 加载 速度 商品 详情页 购物车 模块 开发 组件 封装 公共 组件 首屏 加载 时间 3.2 降至 1.8 页面 转化率 企业 后台 管理系统 搭建 企业 运营 管理 后台 业务 数据可视化 权限 管理 数据报表 模块 开发 对接 后端 接口 联调 覆盖 业务部门 运营 效率,云创 互联网 科技 前端开发 工程师 至今 前端开发 工程师 业务 开发 维护 需求 评审 对接 产品 测试 跟进 需求 落地 缺陷 修复 微远 信息技术 前端开发 工程师 前端开发 工程师 业务 开发 维护 需求 评审 编写 开发 文档 沉淀 技术规范 新人 熟悉业务 对接 产品 测试 跟进 需求 落地 缺陷 修复,实际 技术 功底 完整 开发 流程 独立 排查 常见 技术 认真负责 协作 高效 推进 项目 落地 持续 保持 技术 敏感度,React TypeScript JavaScript CSS3 HTML5 Element UI Vue 红帽RHCE认证 英语四级 华为HCIA认证,React、TypeScript、JavaScript、CSS3、HTML5、Element UI、Vue,红帽RHCE认证、英语四级、华为HCIA认证
唐紫涵,女,17624254807,tang紫han8022@126.com,wx_tang紫han_598,温州,"期望岗位：算法工程师
期望城市：温州
期望行业：互联网/信息技术/软件服务
期望薪资：7500-8000元",本科计算机应用技术专业应届毕业生，有1段算法工程师实习经验，掌握PyTorch技术栈，参与过实习项目开发，具备良好的代码规范与团队协作意识，能够快速上手业务，期望正式入职发展。,"南京大学 | 计算机应用技术 | 本科
毕业时间：2021年6月
核心课程：Python编程、计算机网络、数字信号处理、算法设计与分析","【吉比特网络】 算法工程师（实习）
2025年3月 - 至今
    · 承担分配模块的编码、测试与优化工作，保障系统稳定运行
    · 编写开发文档，沉淀技术规范，协助新人熟悉业务","■ 电影推荐系统（毕设）
  项目目标：基于协同过滤实现简单电影推荐
  个人职责：数据处理、模型实现、效果验证
  项目成果：召回准确率达到75%

■ 手写数字识别（课程作业）
  项目目标：基于MNIST数据集实现手写数字识别
  个人职责：使用CNN搭建模型，训练与调优
  项目成果：识别准确率达到92%","专业技能：机器学习、计算机视觉、SQL、TensorFlow、特征工程
相关证书：无",有实习经验，熟悉开发基本流程，具备基础的项目实践能力；学习能力强，能够快速上手新业务新技术；工作踏实，责任心强，善于沟通协作，能够高效完成分配的工作任务。,本科 计算机应用技术 应届 毕业生 算法 工程师 实习 PyTorch 技术 实习 项目 开发 代码 规范 协作 上手 业务 正式 入职 发展,电影 推荐 系统 毕设 基于 协同 过滤 简单 电影 推荐 数据处理 模型 效果 验证 召回 准确率 达到 手写 数字 识别 作业 基于 MNIST 数据 手写 数字 识别 CNN 搭建 模型 训练 调优 识别 准确率 达到,比特 网络 算法 工程师 实习 至今 分配 模块 编码 测试 保障系统 稳定 运行 编写 开发 文档 沉淀 技术规范 新人 熟悉业务,实习 开发 基本 流程 项目 实践 上手 业务 技术 责任心 善于 协作 高效 分配,机器学习 计算机视觉 SQL TensorFlow 特征工程,机器学习、计算机视觉、SQL、TensorFlow、特征工程,
莫强,男,15800368631,moqiang89@gmail.com,15862869567,无锡,"期望岗位：Java开发工程师
期望城市：无锡
期望行业：互联网/信息技术/软件服务
期望薪资：9000-10500元",3年Java开发工程师工作经验，精通Docker、微服务技术栈，参与过完整项目迭代，能够独立完成模块开发与问题排查，注重代码质量与开发效率，具备良好的沟通协作能力。,"深圳职业技术学院 | 通信工程 | 专科
毕业时间：2019年6月
核心课程：软件工程、Python编程、Java程序设计、机器学习","【微远软件有限公司】 Java开发工程师
2025年5月 - 至今
    · 对接产品、测试团队，跟进需求落地与缺陷修复
    · 编写开发文档，沉淀技术规范，协助新人熟悉业务
    · 承担分配模块的编码、测试与优化工作，保障系统稳定运行

【中软软件有限公司】 Java开发工程师
2024年10月 - 2025年10月
    · 对接产品、测试团队，跟进需求落地与缺陷修复
    · 编写开发文档，沉淀技术规范，协助新人熟悉业务","■ 微服务用户中心重构
  项目目标：将单体用户系统拆分为微服务架构，提升并发承载能力
  个人职责：负责登录、注册、权限模块开发，优化数据库查询与缓存策略
  项目成果：支持并发量从500提升至5000，接口响应耗时减少60%

■ 电商订单交易系统
  项目目标：搭建高可用电商订单系统，支撑大促流量峰值
  个人职责：负责订单创建、支付回调、库存扣减核心逻辑开发
  项目成果：支撑日均订单量10万+，系统可用性达99.95%","专业技能：Docker、JVM调优、MyBatis、RabbitMQ、Linux、Git、MySQL、微服务、Redis、SpringBoot
相关证书：MySQL数据库认证、华为HCIA认证、软考中级",拥有3年实际工作经验，技术功底扎实，熟悉完整开发流程；具备较强的问题解决能力，能够独立排查并解决常见技术问题；工作认真负责，注重团队协作，能够高效推进项目落地；持续学习，保持技术敏感度。,Java 开发 工程师 Docker 微服务 技术 完整 项目 迭代 独立 模块 开发 排查 代码 质量 开发 效率 协作,微服务 用户 中心 重构 单体 用户 系统 分为 微服务 架构 并发 承载能力 登录 注册 权限 模块 开发 数据库 查询 缓存 策略 并发 接口 响应 耗时 减少 电商 订单 交易系统 搭建 可用 电商 订单 系统 支撑 大促 流量 峰值 订单 创建 支付 回调 库存 扣减 核心 逻辑 开发 支撑 日均 订单 系统 可用性,微远 软件 Java 开发 工程师 至今 对接 产品 测试 跟进 需求 落地 缺陷 修复 编写 开发 文档 沉淀 技术规范 新人 熟悉业务 分配 模块 编码 测试 保障系统 稳定 运行 中软 软件 Java 开发 工程师 对接 产品 测试 跟进 需求 落地 缺陷 修复 编写 开发 文档 沉淀 技术规范 新人 熟悉业务,实际 技术 功底 完整 开发 流程 独立 排查 常见 技术 认真负责 协作 高效 推进 项目 落地 持续 保持 技术 敏感度,Docker JVM调优 MyBatis RabbitMQ Linux Git MySQL 微服务 Redis SpringBoot MySQL数据库认证 华为HCIA认证 软考中级,Docker、JVM调优、MyBatis、RabbitMQ、Linux、Git、MySQL、微服务、Redis、SpringBoot,MySQL数据库认证、华为HCIA认证、软考中级
曹雯,女,17649839319,caowen5501@outlook.com,wx_caowen_919,南京,"期望岗位：数据分析师
期望城市：南京
期望行业：互联网/信息技术/软件服务
期望薪资：4500-7000元",专科计算机科学与技术专业应届毕业生，有0段数据分析师实习经验，掌握NumPy技术栈，参与过实习项目开发，具备良好的代码规范与团队协作意识，能够快速上手业务，期望正式入职发展。,"福建信息职业技术学院 | 计算机科学与技术 | 专科
毕业时间：2022年6月
核心课程：Java程序设计、软件工程、Python编程、算法设计与分析","【微远互联网科技有限公司】 数据分析师（实习）
2018年10月 - 至今
    · 承担分配模块的编码、测试与优化工作，保障系统稳定运行
    · 负责公司数据分析师相关业务的开发与维护，参与需求评审
    · 对接产品、测试团队，跟进需求落地与缺陷修复","■ 学生成绩数据分析
  项目目标：对班级期末成绩进行统计分析
  个人职责：数据清洗、可视化图表制作、结论输出
  项目成果：输出分析报告，提出3点教学建议

■ 电商公开数据爬取分析
  项目目标：采集公开电商商品数据并分析
  个人职责：数据爬取、清洗、价格销量分析
  项目成果：输出可视化分析图表","专业技能：用户分析、Excel、数据可视化、Hive
相关证书：计算机一级",有实习经验，熟悉开发基本流程，具备基础的项目实践能力；学习能力强，能够快速上手新业务新技术；工作踏实，责任心强，善于沟通协作，能够高效完成分配的工作任务。,专科 计算机科学与技术 应届 毕业生 数据 分析师 实习 NumPy 技术 实习 项目 开发 代码 规范 协作 上手 业务 正式 入职 发展,学生 成绩 数据分析 班级 期末 成绩 统计分析 数据 清洗 可视化 图表 制作 结论 分析报告 提出 教学 建议 电商 公开 数据 爬取 分析 采集 公开 电商 商品 数据 分析 数据 爬取 清洗 价格 销量 分析 可视化 分析 图表,微远 互联网 科技 数据 分析师 实习 至今 分配 模块 编码 测试 保障系统 稳定 运行 数据 分析师 业务 开发 维护 需求 评审 对接 产品 测试 跟进 需求 落地 缺陷 修复,实习 开发 基本 流程 项目 实践 上手 业务 技术 责任心 善于 协作 高效 分配,用户分析 Excel 数据可视化 Hive 计算机一级,用户分析、Excel、数据可视化、Hive,计算机一级
毛鹏,男,15879602159,maopeng601@163.com,13471399900,绍兴,"期望岗位：Python开发工程师
期望城市：绍兴
期望行业：互联网/信息技术/软件服务
期望薪资：32000-33000元",9年Python开发工程师资深经验，精通全链路技术架构，具备团队技术规划与方案设计能力，主导过多个大型项目重构与升级，在高并发/系统稳定性领域有深厚积累，能够带领团队攻克技术难题，驱动业务技术升级。,"泉州师范学院 | 物联网工程 | 本科
毕业时间：2013年6月
核心课程：软件工程、数据结构、机器学习、Java程序设计","【锐捷数据技术有限公司】 Python开发工程师
2023年11月 - 至今
    · 负责公司Python开发工程师相关业务的开发与维护，参与需求评审
    · 承担分配模块的编码、测试与优化工作，保障系统稳定运行

【易联互联网科技有限公司】 Python开发工程师
2020年1月 - 2023年8月
    · 承担分配模块的编码、测试与优化工作，保障系统稳定运行
    · 对接产品、测试团队，跟进需求落地与缺陷修复

【中软软件有限公司】 Python开发工程师
2017年1月 - 2020年8月
    · 负责公司Python开发工程师相关业务的开发与维护，参与需求评审
    · 对接产品、测试团队，跟进需求落地与缺陷修复
    · 承担分配模块的编码、测试与优化工作，保障系统稳定运行","■ 自动化运维平台
  项目目标：开发运维管理平台，实现服务器批量管理
  个人职责：负责监控、告警、任务调度模块后端开发
  项目成果：管理服务器200+，运维人力成本降低50%

■ 数据采集爬虫系统
  项目目标：搭建分布式爬虫平台，采集多渠道公开数据
  个人职责：负责反爬策略破解、数据清洗、入库逻辑开发
  项目成果：日均采集数据50万条，数据准确率98%以上","专业技能：FastAPI、Docker、Flask、MongoDB、Python、爬虫、Celery
相关证书：系统架构设计师、软考中级",拥有9年行业经验，技术视野开阔，具备方案设计与项目把控能力；逻辑清晰，善于定位并解决复杂技术问题；具备良好的团队管理与跨部门沟通能力，能够推动技术优化与业务落地；责任心强，追求技术与业务的平衡发展。,Python 开发 工程师 资深 链路 技术 架构 技术 规划 方案设计 主导 多个 大型项目 重构 升级 并发 系统 稳定性 领域 深厚 带领 攻克 技术难题 驱动 业务 技术升级,自动化 运维 平台 开发 运维 管理 平台 服务器 批量 管理 监控 告警 任务调度 模块 后端 开发 管理 服务器 运维 人力 成本 降低 数据 采集 爬虫 系统 搭建 分布式 爬虫 平台 采集 多渠道 公开 数据 反爬 策略 破解 数据 清洗 入库 逻辑 开发 日均 采集 数据 万条 数据 准确率 以上,锐捷 数据 技术 Python 开发 工程师 至今 Python 开发 工程师 业务 开发 维护 需求 评审 分配 模块 编码 测试 保障系统 稳定 运行 易联 互联网 科技 Python 开发 工程师 分配 模块 编码 测试 保障系统 稳定 运行 对接 产品 测试 跟进 需求 落地 缺陷 修复 中软 软件 Python 开发 工程师 Python 开发 工程师 业务 开发 维护 需求 评审 对接 产品 测试 跟进 需求 落地 缺陷 修复 分配 模块 编码 测试 保障系统 稳定 运行,技术 视野 开阔 方案设计 项目 逻辑 清晰 善于 定位 复杂 技术 管理 跨部门 推动 技术 业务 落地 责任心 追求 技术 业务 平衡 发展,FastAPI Docker Flask MongoDB Python 爬虫 Celery 系统架构设计师 软考中级,FastAPI、Docker、Flask、MongoDB、Python、爬虫、Celery,系统架构设计师、软考中级
苏阳,男,18941422811,suyang637@qq.com,wx_suyang_681,台州,"期望岗位：Java开发工程师
期望城市：台州
期望行业：互联网/信息技术/软件服务
期望薪资：10500-14500元",4年Java开发工程师从业经验，精通MySQL技术架构，主导过中型项目从0到1落地，擅长技术方案设计与性能优化，曾推动核心模块技术重构，带来显著效率提升，具备跨部门协作与项目推进能力。,"苏州职业大学 | 计算机科学与技术 | 专科
毕业时间：2018年6月
核心课程：数据库原理、机器学习、Python编程、数据结构","【金蝶互联网科技有限公司】 Java开发工程师
2024年11月 - 至今
    · 对接产品、测试团队，跟进需求落地与缺陷修复
    · 负责公司Java开发工程师相关业务的开发与维护，参与需求评审

【金蝶科技有限公司】 Java开发工程师
2022年12月 - 2024年4月
    · 负责公司Java开发工程师相关业务的开发与维护，参与需求评审
    · 承担分配模块的编码、测试与优化工作，保障系统稳定运行
    · 对接产品、测试团队，跟进需求落地与缺陷修复","■ 电商订单交易系统
  项目目标：搭建高可用电商订单系统，支撑大促流量峰值
  个人职责：负责订单创建、支付回调、库存扣减核心逻辑开发
  项目成果：支撑日均订单量10万+，系统可用性达99.95%

■ 微服务用户中心重构
  项目目标：将单体用户系统拆分为微服务架构，提升并发承载能力
  个人职责：负责登录、注册、权限模块开发，优化数据库查询与缓存策略
  项目成果：支持并发量从500提升至5000，接口响应耗时减少60%","专业技能：JVM调优、Linux、RabbitMQ、Redis、Git、SpringCloud、Java、SpringBoot、MyBatis
相关证书：阿里云ACP云计算认证",拥有4年行业经验，技术视野开阔，具备方案设计与项目把控能力；逻辑清晰，善于定位并解决复杂技术问题；具备良好的团队管理与跨部门沟通能力，能够推动技术优化与业务落地；责任心强，追求技术与业务的平衡发展。,Java 开发 工程师 从业 MySQL 技术 架构 主导 中型 项目 落地 擅长 技术 方案设计 性能 推动 核心 模块 技术 重构 带来 显著 效率 跨部门 协作 项目 推进,电商 订单 交易系统 搭建 可用 电商 订单 系统 支撑 大促 流量 峰值 订单 创建 支付 回调 库存 扣减 核心 逻辑 开发 支撑 日均 订单 系统 可用性 微服务 用户 中心 重构 单体 用户 系统 分为 微服务 架构 并发 承载能力 登录 注册 权限 模块 开发 数据库 查询 缓存 策略 并发 接口 响应 耗时 减少,金蝶 互联网 科技 Java 开发 工程师 至今 对接 产品 测试 跟进 需求 落地 缺陷 修复 Java 开发 工程师 业务 开发 维护 需求 评审 金蝶 科技 Java 开发 工程师 Java 开发 工程师 业务 开发 维护 需求 评审 分配 模块 编码 测试 保障系统 稳定 运行 对接 产品 测试 跟进 需求 落地 缺陷 修复,技术 视野 开阔 方案设计 项目 逻辑 清晰 善于 定位 复杂 技术 管理 跨部门 推动 技术 业务 落地 责任心 追求 技术 业务 平衡 发展,JVM调优 Linux RabbitMQ Redis Git SpringCloud Java SpringBoot MyBatis 阿里云ACP云计算认证,JVM调优、Linux、RabbitMQ、Redis、Git、SpringCloud、Java、SpringBoot、MyBatis,阿里云ACP云计算认证
向恒,男,18058908832,xiangheng3520@126.com,18769713134,泉州,"期望岗位：软件测试工程师
期望城市：泉州
期望行业：互联网/信息技术/软件服务
期望薪资：3000-5500元",本科电子信息工程专业应届毕业生，掌握MySQL、接口测试基础技能，完成过课程设计与毕业项目，具备基础代码编写能力与问题排查思路，学习能力强，做事认真踏实，期望从事软件测试工程师相关工作。,"厦门理工学院 | 电子信息工程 | 本科
毕业时间：2022年6月
核心课程：计算机网络、机器学习、数据结构、软件工程","【校园实践】
    · 参与学校计算机协会技术部，负责协会网站日常维护
    · 协助老师完成实验室设备管理与系统环境搭建
    · 参与班级课程设计小组，担任后端开发角色","■ 网页兼容性测试实训
  项目目标：对多个网站进行浏览器兼容测试
  个人职责：制定测试方案，输出测试报告
  项目成果：覆盖5款主流浏览器","专业技能：MySQL、Appium、性能测试、Python、功能测试、JMeter、接口测试
相关证书：无",应届毕业，具备扎实的专业基础知识与学习能力，能够快速掌握新技术；工作态度认真负责，有耐心，注重细节；具备良好的团队意识与沟通能力，能够积极配合团队完成任务；期望在工作中积累经验，快速成长。,本科 电子信息工程 应届 毕业生 MySQL 接口测试 课程设计 项目 代码 编写 排查 软件测试 工程师,网页 兼容性 测试 实训 多个 网站 浏览器 兼容 测试 制定 测试 方案 测试报告 覆盖 主流 浏览器,学校 计算机 协会 技术部 协会 网站 维护 老师 实验室 设备 管理 系统 环境 搭建 班级 课程设计 小组 后端 开发 角色,应届 基础知识 技术 认真负责,MySQL Appium 性能测试 Python 功能测试 JMeter 接口测试,MySQL、Appium、性能测试、Python、功能测试、JMeter、接口测试,
金璐,女,13210621853,jinlu34@126.com,15260882996,滁州,"期望岗位：Java开发工程师
期望城市：滁州
期望行业：互联网/信息技术/软件服务
期望薪资：16500-22500元",10年Java开发工程师资深经验，精通全链路技术架构，具备团队技术规划与方案设计能力，主导过多个大型项目重构与升级，在高并发/系统稳定性领域有深厚积累，能够带领团队攻克技术难题，驱动业务技术升级。,"厦门海洋职业技术学院 | 电子信息工程 | 专科
毕业时间：2012年6月
核心课程：Java程序设计、Python编程、数据库原理、机器学习","【锐捷数据技术有限公司】 Java开发工程师
2023年8月 - 至今
    · 承担分配模块的编码、测试与优化工作，保障系统稳定运行
    · 编写开发文档，沉淀技术规范，协助新人熟悉业务
    · 负责公司Java开发工程师相关业务的开发与维护，参与需求评审

【恒信信息技术有限公司】 Java开发工程师
2020年10月 - 2023年11月
    · 承担分配模块的编码、测试与优化工作，保障系统稳定运行
    · 负责公司Java开发工程师相关业务的开发与维护，参与需求评审
    · 对接产品、测试团队，跟进需求落地与缺陷修复

【启明科技有限公司】 Java开发工程师
2017年6月 - 2020年4月
    · 承担分配模块的编码、测试与优化工作，保障系统稳定运行
    · 负责公司Java开发工程师相关业务的开发与维护，参与需求评审
    · 对接产品、测试团队，跟进需求落地与缺陷修复","■ 电商订单交易系统
  项目目标：搭建高可用电商订单系统，支撑大促流量峰值
  个人职责：负责订单创建、支付回调、库存扣减核心逻辑开发
  项目成果：支撑日均订单量10万+，系统可用性达99.95%

■ 微服务用户中心重构
  项目目标：将单体用户系统拆分为微服务架构，提升并发承载能力
  个人职责：负责登录、注册、权限模块开发，优化数据库查询与缓存策略
  项目成果：支持并发量从500提升至5000，接口响应耗时减少60%","专业技能：Redis、Docker、MyBatis、RabbitMQ、SpringBoot、Git、微服务、Java、JVM调优、SpringCloud
相关证书：无",拥有10年行业经验，技术视野开阔，具备方案设计与项目把控能力；逻辑清晰，善于定位并解决复杂技术问题；具备良好的团队管理与跨部门沟通能力，能够推动技术优化与业务落地；责任心强，追求技术与业务的平衡发展。,Java 开发 工程师 资深 链路 技术 架构 技术 规划 方案设计 主导 多个 大型项目 重构 升级 并发 系统 稳定性 领域 深厚 带领 攻克 技术难题 驱动 业务 技术升级,电商 订单 交易系统 搭建 可用 电商 订单 系统 支撑 大促 流量 峰值 订单 创建 支付 回调 库存 扣减 核心 逻辑 开发 支撑 日均 订单 系统 可用性 微服务 用户 中心 重构 单体 用户 系统 分为 微服务 架构 并发 承载能力 登录 注册 权限 模块 开发 数据库 查询 缓存 策略 并发 接口 响应 耗时 减少,锐捷 数据 技术 Java 开发 工程师 至今 分配 模块 编码 测试 保障系统 稳定 运行 编写 开发 文档 沉淀 技术规范 新人 熟悉业务 Java 开发 工程师 业务 开发 维护 需求 评审 恒信 信息技术 Java 开发 工程师 分配 模块 编码 测试 保障系统 稳定 运行 Java 开发 工程师 业务 开发 维护 需求 评审 对接 产品 测试 跟进 需求 落地 缺陷 修复 启明 科技 Java 开发 工程师 分配 模块 编码 测试 保障系统 稳定 运行 Java 开发 工程师 业务 开发 维护 需求 评审 对接 产品 测试 跟进 需求 落地 缺陷 修复,技术 视野 开阔 方案设计 项目 逻辑 清晰 善于 定位 复杂 技术 管理 跨部门 推动 技术 业务 落地 责任心 追求 技术 业务 平衡 发展,Redis Docker MyBatis RabbitMQ SpringBoot Git 微服务 Java JVM调优 SpringCloud,Redis、Docker、MyBatis、RabbitMQ、SpringBoot、Git、微服务、Java、JVM调优、SpringCloud,
汤强,男,18807360899,tangqiang3739@gmail.com,13666344361,扬州,"期望岗位：前端开发工程师
期望城市：扬州
期望行业：互联网/信息技术/软件服务
期望薪资：5000-8000元",本科网络工程专业应届毕业生，有1段前端开发工程师实习经验，掌握JavaScript技术栈，参与过实习项目开发，具备良好的代码规范与团队协作意识，能够快速上手业务，期望正式入职发展。,"浙江大学 | 网络工程 | 本科
毕业时间：2021年6月
核心课程：数据结构、数字信号处理、Java程序设计、计算机网络","【阿里巴巴（福州分公司）】 前端开发工程师（实习）
2025年8月 - 至今
    · 负责公司前端开发工程师相关业务的开发与维护，参与需求评审
    · 对接产品、测试团队，跟进需求落地与缺陷修复
    · 承担分配模块的编码、测试与优化工作，保障系统稳定运行","■ 校园社团官网（实训项目）
  项目目标：为学校社团开发官方展示网站
  个人职责：负责首页、新闻页、成员页开发
  项目成果：上线后访问量累计5000+

■ 个人博客系统（课程作业）
  项目目标：开发个人博客前端页面，实现文章展示与评论
  个人职责：负责页面布局、交互效果、接口联调
  项目成果：完成响应式页面，兼容多浏览器","专业技能：Element UI、React、移动端适配、Vite、Ant Design、TypeScript、Axios
相关证书：英语六级",有实习经验，熟悉开发基本流程，具备基础的项目实践能力；学习能力强，能够快速上手新业务新技术；工作踏实，责任心强，善于沟通协作，能够高效完成分配的工作任务。,本科 网络工程 应届 毕业生 前端开发 工程师 实习 JavaScript 技术 实习 项目 开发 代码 规范 协作 上手 业务 正式 入职 发展,社团 官网 实训 项目 学校 社团 开发 官方 展示 网站 首页 新闻页 成员 开发 上线 访问量 累计 博客 系统 作业 开发 博客 前端 页面 文章 展示 评论 页面 布局 交互 效果 接口 联调 响应 页面 兼容 浏览器,阿里巴巴 福州 分公司 前端开发 工程师 实习 至今 前端开发 工程师 业务 开发 维护 需求 评审 对接 产品 测试 跟进 需求 落地 缺陷 修复 分配 模块 编码 测试 保障系统 稳定 运行,实习 开发 基本 流程 项目 实践 上手 业务 技术 责任心 善于 协作 高效 分配,Element UI React 移动端适配 Vite Ant Design TypeScript Axios 英语六级,Element UI、React、移动端适配、Vite、Ant Design、TypeScript、Axios,英语六级
段峰,男,17788421317,duanfeng2932@126.com,13472467406,南通,"期望岗位：软件测试工程师
期望城市：南通
期望行业：互联网/信息技术/软件服务
期望薪资：32000-33500元",9年软件测试工程师资深经验，精通全链路技术架构，具备团队技术规划与方案设计能力，主导过多个大型项目重构与升级，在高并发/系统稳定性领域有深厚积累，能够带领团队攻克技术难题，驱动业务技术升级。,"南京工业职业技术大学 | 通信工程 | 专科
毕业时间：2013年6月
核心课程：数据结构、Python编程、计算机网络、Java程序设计","【OPPO（东莞）】 软件测试工程师
2023年12月 - 至今
    · 承担分配模块的编码、测试与优化工作，保障系统稳定运行
    · 对接产品、测试团队，跟进需求落地与缺陷修复

【东软互联网科技有限公司】 软件测试工程师
2020年3月 - 2023年11月
    · 承担分配模块的编码、测试与优化工作，保障系统稳定运行
    · 对接产品、测试团队，跟进需求落地与缺陷修复

【数聚科技有限公司】 软件测试工程师
2017年10月 - 2020年9月
    · 对接产品、测试团队，跟进需求落地与缺陷修复
    · 承担分配模块的编码、测试与优化工作，保障系统稳定运行","■ 电商平台功能测试
  项目目标：保障电商系统上线质量，覆盖全业务流程
  个人职责：设计测试用例，执行功能、回归测试，提交缺陷报告
  项目成果：发现并修复120+缺陷，上线后线上缺陷率低于0.5%

■ 自动化测试框架搭建
  项目目标：提升回归测试效率，减少人工重复劳动
  个人职责：基于Selenium搭建UI自动化框架，编写核心模块测试脚本
  项目成果：回归测试周期从7天缩短至2天，覆盖率达85%","专业技能：性能测试、接口测试、测试用例设计、JMeter、MySQL、Appium
相关证书：无",拥有9年行业经验，技术视野开阔，具备方案设计与项目把控能力；逻辑清晰，善于定位并解决复杂技术问题；具备良好的团队管理与跨部门沟通能力，能够推动技术优化与业务落地；责任心强，追求技术与业务的平衡发展。,软件测试 工程师 资深 链路 技术 架构 技术 规划 方案设计 主导 多个 大型项目 重构 升级 并发 系统 稳定性 领域 深厚 带领 攻克 技术难题 驱动 业务 技术升级,电商 平台 功能测试 保障 电商 系统 上线 质量 覆盖 业务流程 测试用例 执行 功能 回归 测试 提交 缺陷 报告 发现 修复 缺陷 上线 后线 缺陷率 低于 自动化 测试 框架 搭建 回归 测试 效率 减少 人工 重复劳动 基于 Selenium 搭建 UI 自动化 框架 编写 核心 模块 测试 脚本 回归 测试 周期 缩短 覆盖率,OPPO 东莞 软件测试 工程师 至今 分配 模块 编码 测试 保障系统 稳定 运行 对接 产品 测试 跟进 需求 落地 缺陷 修复 东软 互联网 科技 软件测试 工程师 分配 模块 编码 测试 保障系统 稳定 运行 对接 产品 测试 跟进 需求 落地 缺陷 修复 数聚 科技 软件测试 工程师 对接 产品 测试 跟进 需求 落地 缺陷 修复 分配 模块 编码 测试 保障系统 稳定 运行,技术 视野 开阔 方案设计 项目 逻辑 清晰 善于 定位 复杂 技术 管理 跨部门 推动 技术 业务 落地 责任心 追求 技术 业务 平衡 发展,性能测试 接口测试 测试用例设计 JMeter MySQL Appium,性能测试、接口测试、测试用例设计、JMeter、MySQL、Appium,
江宇,男,15279481008,jiangyu58@gmail.com,wx_jiangyu_297,马鞍山,"期望岗位：软件测试工程师
期望城市：马鞍山
期望行业：互联网/信息技术/软件服务
期望薪资：23500-34000元",6年软件测试工程师资深经验，精通全链路技术架构，具备团队技术规划与方案设计能力，主导过多个大型项目重构与升级，在高并发/系统稳定性领域有深厚积累，能够带领团队攻克技术难题，驱动业务技术升级。,"苏州科技大学 | 数字媒体技术 | 本科
毕业时间：2016年6月
核心课程：数据库原理、计算机网络、Python编程、操作系统","【亿联网络】 软件测试工程师
2024年9月 - 至今
    · 负责公司软件测试工程师相关业务的开发与维护，参与需求评审
    · 承担分配模块的编码、测试与优化工作，保障系统稳定运行
    · 对接产品、测试团队，跟进需求落地与缺陷修复

【云创科技有限公司】 软件测试工程师
2022年11月 - 2024年5月
    · 负责公司软件测试工程师相关业务的开发与维护，参与需求评审
    · 承担分配模块的编码、测试与优化工作，保障系统稳定运行
    · 编写开发文档，沉淀技术规范，协助新人熟悉业务

【数聚软件有限公司】 软件测试工程师
2020年6月 - 2022年10月
    · 对接产品、测试团队，跟进需求落地与缺陷修复
    · 负责公司软件测试工程师相关业务的开发与维护，参与需求评审
    · 承担分配模块的编码、测试与优化工作，保障系统稳定运行","■ 自动化测试框架搭建
  项目目标：提升回归测试效率，减少人工重复劳动
  个人职责：基于Selenium搭建UI自动化框架，编写核心模块测试脚本
  项目成果：回归测试周期从7天缩短至2天，覆盖率达85%

■ 电商平台功能测试
  项目目标：保障电商系统上线质量，覆盖全业务流程
  个人职责：设计测试用例，执行功能、回归测试，提交缺陷报告
  项目成果：发现并修复120+缺陷，上线后线上缺陷率低于0.5%","专业技能：MySQL、Postman、缺陷管理、功能测试、接口测试、JMeter、测试用例设计、Selenium、性能测试、TestNG
相关证书：软件设计师（中级）、英语六级",拥有6年行业经验，技术视野开阔，具备方案设计与项目把控能力；逻辑清晰，善于定位并解决复杂技术问题；具备良好的团队管理与跨部门沟通能力，能够推动技术优化与业务落地；责任心强，追求技术与业务的平衡发展。,软件测试 工程师 资深 链路 技术 架构 技术 规划 方案设计 主导 多个 大型项目 重构 升级 并发 系统 稳定性 领域 深厚 带领 攻克 技术难题 驱动 业务 技术升级,自动化 测试 框架 搭建 回归 测试 效率 减少 人工 重复劳动 基于 Selenium 搭建 UI 自动化 框架 编写 核心 模块 测试 脚本 回归 测试 周期 缩短 覆盖率 电商 平台 功能测试 保障 电商 系统 上线 质量 覆盖 业务流程 测试用例 执行 功能 回归 测试 提交 缺陷 报告 发现 修复 缺陷 上线 后线 缺陷率 低于,联网络 软件测试 工程师 至今 软件测试 工程师 业务 开发 维护 需求 评审 分配 模块 编码 测试 保障系统 稳定 运行 对接 产品 测试 跟进 需求 落地 缺陷 修复 云创 科技 软件测试 工程师 软件测试 工程师 业务 开发 维护 需求 评审 分配 模块 编码 测试 保障系统 稳定 运行 编写 开发 文档 沉淀 技术规范 新人 熟悉业务 数聚 软件 软件测试 工程师 对接 产品 测试 跟进 需求 落地 缺陷 修复 软件测试 工程师 业务 开发 维护 需求 评审 分配 模块 编码 测试 保障系统 稳定 运行,技术 视野 开阔 方案设计 项目 逻辑 清晰 善于 定位 复杂 技术 管理 跨部门 推动 技术 业务 落地 责任心 追求 技术 业务 平衡 发展,MySQL Postman 缺陷管理 功能测试 接口测试 JMeter 测试用例设计 Selenium 性能测试 TestNG 软件 设计师 中级 英语六级,MySQL、Postman、缺陷管理、功能测试、接口测试、JMeter、测试用例设计、Selenium、性能测试、TestNG,软件设计师（中级）、英语六级
韩俊,男,13834985886,hanjun09@outlook.com,wx_hanjun_106,苏州,"期望岗位：算法工程师
期望城市：苏州
期望行业：互联网/信息技术/软件服务
期望薪资：10500-11500元",3年算法工程师工作经验，精通计算机视觉、PyTorch技术栈，参与过完整项目迭代，能够独立完成模块开发与问题排查，注重代码质量与开发效率，具备良好的沟通协作能力。,"中山大学 | 通信工程 | 本科
毕业时间：2019年6月
核心课程：Python编程、计算机网络、数据结构、操作系统","【未来数据技术有限公司】 算法工程师
2025年5月 - 至今
    · 编写开发文档，沉淀技术规范，协助新人熟悉业务
    · 承担分配模块的编码、测试与优化工作，保障系统稳定运行
    · 对接产品、测试团队，跟进需求落地与缺陷修复

【博思软件有限公司】 算法工程师
2024年1月 - 2025年12月
    · 承担分配模块的编码、测试与优化工作，保障系统稳定运行
    · 对接产品、测试团队，跟进需求落地与缺陷修复
    · 编写开发文档，沉淀技术规范，协助新人熟悉业务","■ 个性化推荐系统
  项目目标：提升内容推荐精准度，增加用户停留时长
  个人职责：负责协同过滤、深度学习推荐模型开发与离线优化
  项目成果：用户平均停留时长提升25%，点击率提升15%

■ 风控欺诈识别模型
  项目目标：识别交易欺诈行为，降低资金损失风险
  个人职责：特征工程，构建XGBoost风控模型，在线部署与迭代
  项目成果：欺诈识别准确率达92%，每年减少损失超200万","专业技能：数据结构、PyTorch、特征工程、算法优化、计算机视觉、NLP、机器学习
相关证书：PMP项目管理专业人士、红帽RHCE认证",拥有3年实际工作经验，技术功底扎实，熟悉完整开发流程；具备较强的问题解决能力，能够独立排查并解决常见技术问题；工作认真负责，注重团队协作，能够高效推进项目落地；持续学习，保持技术敏感度。,算法 工程师 计算机视觉 PyTorch 技术 完整 项目 迭代 独立 模块 开发 排查 代码 质量 开发 效率 协作,个性化 推荐 系统 推荐 精准度 增加 用户 停留 时长 协同 过滤 深度学习 推荐 模型 开发 离线 用户 平均 停留 时长 点击率 风控 欺诈 识别 模型 识别 交易 欺诈 行为 降低 资金 损失 风险 特征工程 构建 XGBoost 风控 模型 在线 部署 迭代 欺诈 识别 准确率 每年 减少 损失,未来 数据 技术 算法 工程师 至今 编写 开发 文档 沉淀 技术规范 新人 熟悉业务 分配 模块 编码 测试 保障系统 稳定 运行 对接 产品 测试 跟进 需求 落地 缺陷 修复 博思 软件 算法 工程师 分配 模块 编码 测试 保障系统 稳定 运行 对接 产品 测试 跟进 需求 落地 缺陷 修复 编写 开发 文档 沉淀 技术规范 新人 熟悉业务,实际 技术 功底 完整 开发 流程 独立 排查 常见 技术 认真负责 协作 高效 推进 项目 落地 持续 保持 技术 敏感度,数据结构 PyTorch 特征工程 算法优化 计算机视觉 NLP 机器学习 PMP项目管理专业人士 红帽RHCE认证,数据结构、PyTorch、特征工程、算法优化、计算机视觉、NLP、机器学习,PMP项目管理专业人士、红帽RHCE认证
杨建,男,17644585648,yangjian00@qq.com,17734919104,厦门,"期望岗位：Java开发工程师
期望城市：厦门
期望行业：互联网/信息技术/软件服务
期望薪资：5500-6000元",本科信息管理与信息系统专业应届毕业生，掌握微服务、SpringCloud基础技能，完成过课程设计与毕业项目，具备基础代码编写能力与问题排查思路，学习能力强，做事认真踏实，期望从事Java开发工程师相关工作。,"中山大学 | 信息管理与信息系统 | 本科
毕业时间：2022年6月
核心课程：软件工程、数字信号处理、数据库原理、机器学习","【校园实践】
    · 参与学校计算机协会技术部，负责协会网站日常维护
    · 协助老师完成实验室设备管理与系统环境搭建
    · 参与班级课程设计小组，担任后端开发角色","■ 学生成绩管理系统（课程设计）
  项目目标：实现学生信息、成绩、班级的增删改查管理
  个人职责：负责后端接口开发与数据库设计
  项目成果：完成基础功能，通过课程答辩","专业技能：RabbitMQ、微服务、Docker、Linux
相关证书：无",应届毕业，具备扎实的专业基础知识与学习能力，能够快速掌握新技术；工作态度认真负责，有耐心，注重细节；具备良好的团队意识与沟通能力，能够积极配合团队完成任务；期望在工作中积累经验，快速成长。,本科 信息管理与信息系统 应届 毕业生 微服务 SpringCloud 课程设计 项目 代码 编写 排查 Java 开发 工程师,学生 成绩 管理系统 课程设计 学生 信息 成绩 班级 增删 改查 管理 后端 接口 开发 数据库 功能 答辩,学校 计算机 协会 技术部 协会 网站 维护 老师 实验室 设备 管理 系统 环境 搭建 班级 课程设计 小组 后端 开发 角色,应届 基础知识 技术 认真负责,RabbitMQ 微服务 Docker Linux,RabbitMQ、微服务、Docker、Linux,
丁凯,男,15830171153,dingkai03@126.com,wx_dingkai_164,厦门,"期望岗位：Java开发工程师
期望城市：厦门
期望行业：互联网/信息技术/软件服务
期望薪资：5000-6000元",本科软件技术专业应届毕业生，掌握MySQL、微服务基础技能，完成过课程设计与毕业项目，具备基础代码编写能力与问题排查思路，学习能力强，做事认真踏实，期望从事Java开发工程师相关工作。,"浙江工业大学 | 软件技术 | 本科
毕业时间：2022年6月
核心课程：机器学习、Java程序设计、计算机网络、操作系统","【校园实践】
    · 参与学校计算机协会技术部，负责协会网站日常维护
    · 协助老师完成实验室设备管理与系统环境搭建
    · 参与班级课程设计小组，担任后端开发角色","■ 学生成绩管理系统（课程设计）
  项目目标：实现学生信息、成绩、班级的增删改查管理
  个人职责：负责后端接口开发与数据库设计
  项目成果：完成基础功能，通过课程答辩","专业技能：MyBatis、RabbitMQ、Docker、Java、Linux
相关证书：英语六级",应届毕业，具备扎实的专业基础知识与学习能力，能够快速掌握新技术；工作态度认真负责，有耐心，注重细节；具备良好的团队意识与沟通能力，能够积极配合团队完成任务；期望在工作中积累经验，快速成长。,本科 软件技术 应届 毕业生 MySQL 微服务 课程设计 项目 代码 编写 排查 Java 开发 工程师,学生 成绩 管理系统 课程设计 学生 信息 成绩 班级 增删 改查 管理 后端 接口 开发 数据库 功能 答辩,学校 计算机 协会 技术部 协会 网站 维护 老师 实验室 设备 管理 系统 环境 搭建 班级 课程设计 小组 后端 开发 角色,应届 基础知识 技术 认真负责,MyBatis RabbitMQ Docker Java Linux 英语六级,MyBatis、RabbitMQ、Docker、Java、Linux,英语六级
程伟,男,13726833188,chengwei3362@qq.com,15709979838,安庆,"期望岗位：软件测试工程师
期望城市：安庆
期望行业：互联网/信息技术/软件服务
期望薪资：面议",1年软件测试工程师工作经验，精通接口测试、性能测试技术栈，参与过完整项目迭代，能够独立完成模块开发与问题排查，注重代码质量与开发效率，具备良好的沟通协作能力。,"南京理工大学 | 通信工程 | 本科
毕业时间：2021年6月
核心课程：Java程序设计、计算机网络、操作系统、数据结构","【易联软件有限公司】 软件测试工程师
2025年2月 - 至今
    · 对接产品、测试团队，跟进需求落地与缺陷修复
    · 编写开发文档，沉淀技术规范，协助新人熟悉业务","■ 电商平台功能测试
  项目目标：保障电商系统上线质量，覆盖全业务流程
  个人职责：设计测试用例，执行功能、回归测试，提交缺陷报告
  项目成果：发现并修复120+缺陷，上线后线上缺陷率低于0.5%

■ 自动化测试框架搭建
  项目目标：提升回归测试效率，减少人工重复劳动
  个人职责：基于Selenium搭建UI自动化框架，编写核心模块测试脚本
  项目成果：回归测试周期从7天缩短至2天，覆盖率达85%","专业技能：TestNG、JMeter、Selenium、MySQL、Postman、功能测试、Python、Appium、性能测试、测试用例设计
相关证书：无",拥有1年实际工作经验，技术功底扎实，熟悉完整开发流程；具备较强的问题解决能力，能够独立排查并解决常见技术问题；工作认真负责，注重团队协作，能够高效推进项目落地；持续学习，保持技术敏感度。,软件测试 工程师 接口测试 性能测试 技术 完整 项目 迭代 独立 模块 开发 排查 代码 质量 开发 效率 协作,电商 平台 功能测试 保障 电商 系统 上线 质量 覆盖 业务流程 测试用例 执行 功能 回归 测试 提交 缺陷 报告 发现 修复 缺陷 上线 后线 缺陷率 低于 自动化 测试 框架 搭建 回归 测试 效率 减少 人工 重复劳动 基于 Selenium 搭建 UI 自动化 框架 编写 核心 模块 测试 脚本 回归 测试 周期 缩短 覆盖率,易联 软件 软件测试 工程师 至今 对接 产品 测试 跟进 需求 落地 缺陷 修复 编写 开发 文档 沉淀 技术规范 新人 熟悉业务,实际 技术 功底 完整 开发 流程 独立 排查 常见 技术 认真负责 协作 高效 推进 项目 落地 持续 保持 技术 敏感度,TestNG JMeter Selenium MySQL Postman 功能测试 Python Appium 性能测试 测试用例设计,TestNG、JMeter、Selenium、MySQL、Postman、功能测试、Python、Appium、性能测试、测试用例设计,
贺语桐,女,15768446400,he语tong654@outlook.com,wx_he语tong_367,福州,"期望岗位：前端开发工程师
期望城市：福州
期望行业：互联网/信息技术/软件服务
期望薪资：13000-18500元",3年前端开发工程师从业经验，精通Element UI技术架构，主导过中型项目从0到1落地，擅长技术方案设计与性能优化，曾推动核心模块技术重构，带来显著效率提升，具备跨部门协作与项目推进能力。,"江西师范大学 | 网络工程 | 本科
毕业时间：2019年6月
核心课程：Python编程、计算机网络、软件工程、机器学习","【用友网络科技有限公司】 前端开发工程师
2025年9月 - 至今
    · 承担分配模块的编码、测试与优化工作，保障系统稳定运行
    · 编写开发文档，沉淀技术规范，协助新人熟悉业务

【星图软件有限公司】 前端开发工程师
2024年10月 - 2025年2月
    · 编写开发文档，沉淀技术规范，协助新人熟悉业务
    · 对接产品、测试团队，跟进需求落地与缺陷修复","■ 企业后台管理系统
  项目目标：搭建企业运营管理后台，实现业务数据可视化
  个人职责：负责权限管理、数据报表模块开发，对接后端接口联调
  项目成果：覆盖12个业务部门，运营效率提升40%

■ 电商平台前端重构
  项目目标：升级旧版电商系统前端架构，提升用户体验与加载速度
  个人职责：负责商品详情页、购物车模块开发，组件化封装公共组件
  项目成果：首屏加载时间从3.2s降至1.8s，页面转化率提升12%","专业技能：Vite、HTML5、JavaScript、Element UI、Vue、Axios、React、移动端适配、TypeScript、Webpack
相关证书：无",拥有3年行业经验，技术视野开阔，具备方案设计与项目把控能力；逻辑清晰，善于定位并解决复杂技术问题；具备良好的团队管理与跨部门沟通能力，能够推动技术优化与业务落地；责任心强，追求技术与业务的平衡发展。,前端开发 工程师 从业 Element UI 技术 架构 主导 中型 项目 落地 擅长 技术 方案设计 性能 推动 核心 模块 技术 重构 带来 显著 效率 跨部门 协作 项目 推进,企业 后台 管理系统 搭建 企业 运营 管理 后台 业务 数据可视化 权限 管理 数据报表 模块 开发 对接 后端 接口 联调 覆盖 业务部门 运营 效率 电商 平台 前端 重构 升级 旧版 电商 系统 前端 架构 用户 体验 加载 速度 商品 详情页 购物车 模块 开发 组件 封装 公共 组件 首屏 加载 时间 3.2 降至 1.8 页面 转化率,用友 网络科技 前端开发 工程师 至今 分配 模块 编码 测试 保障系统 稳定 运行 编写 开发 文档 沉淀 技术规范 新人 熟悉业务 星图 软件 前端开发 工程师 编写 开发 文档 沉淀 技术规范 新人 熟悉业务 对接 产品 测试 跟进 需求 落地 缺陷 修复,技术 视野 开阔 方案设计 项目 逻辑 清晰 善于 定位 复杂 技术 管理 跨部门 推动 技术 业务 落地 责任心 追求 技术 业务 平衡 发展,Vite HTML5 JavaScript Element UI Vue Axios React 移动端适配 TypeScript Webpack,Vite、HTML5、JavaScript、Element UI、Vue、Axios、React、移动端适配、TypeScript、Webpack,
陆博文,男,13021720806,lubowen783@gmail.com,wx_lubowen_773,金华,"期望岗位：运维工程师
期望城市：金华
期望行业：互联网/信息技术/软件服务
期望薪资：面议",2年运维工程师工作经验，精通Shell、MySQL技术栈，参与过完整项目迭代，能够独立完成模块开发与问题排查，注重代码质量与开发效率，具备良好的沟通协作能力。,"广东轻工职业技术学院 | 电子信息工程 | 专科
毕业时间：2020年6月
核心课程：算法设计与分析、操作系统、数据结构、机器学习","【美图公司】 运维工程师
2025年10月 - 至今
    · 负责公司运维工程师相关业务的开发与维护，参与需求评审
    · 对接产品、测试团队，跟进需求落地与缺陷修复
    · 编写开发文档，沉淀技术规范，协助新人熟悉业务

【数聚数据技术有限公司】 运维工程师
2024年7月 - 2025年3月
    · 承担分配模块的编码、测试与优化工作，保障系统稳定运行
    · 负责公司运维工程师相关业务的开发与维护，参与需求评审","■ 服务器集群运维优化
  项目目标：提升服务器集群稳定性，降低故障发生率
  个人职责：负责日常巡检、故障排查，优化监控告警规则与分级策略
  项目成果：服务器故障率下降60%，平均故障响应时间缩短至15分钟

■ CI/CD自动化流水线
  项目目标：实现代码自动化构建、测试、部署，提升发布效率
  个人职责：基于Jenkins搭建持续集成流水线，配置Docker容器化部署
  项目成果：发布周期从每周1次提升至每天3次，部署失误率降为0","专业技能：Prometheus、网络运维、Shell、Kubernetes、Docker、MySQL、Ansible、Zabbix、Linux
相关证书：阿里云ACP云计算认证",拥有2年实际工作经验，技术功底扎实，熟悉完整开发流程；具备较强的问题解决能力，能够独立排查并解决常见技术问题；工作认真负责，注重团队协作，能够高效推进项目落地；持续学习，保持技术敏感度。,运维 工程师 Shell MySQL 技术 完整 项目 迭代 独立 模块 开发 排查 代码 质量 开发 效率 协作,服务器 集群 运维 服务器 集群 稳定性 降低 故障 发生率 巡检 故障 排查 监控 告警 规则 分级 策略 服务器 故障率 下降 平均 故障 响应 时间 缩短 分钟 CI CD 自动化 流水线 代码 自动化 构建 测试 部署 发布 效率 基于 Jenkins 搭建 持续 集成 流水线 配置 Docker 容器 部署 发布 周期 每周 每天 部署 失误 降为,美图 运维 工程师 至今 运维 工程师 业务 开发 维护 需求 评审 对接 产品 测试 跟进 需求 落地 缺陷 修复 编写 开发 文档 沉淀 技术规范 新人 熟悉业务 数聚 数据 技术 运维 工程师 分配 模块 编码 测试 保障系统 稳定 运行 运维 工程师 业务 开发 维护 需求 评审,实际 技术 功底 完整 开发 流程 独立 排查 常见 技术 认真负责 协作 高效 推进 项目 落地 持续 保持 技术 敏感度,Prometheus 网络运维 Shell Kubernetes Docker MySQL Ansible Zabbix Linux 阿里云ACP云计算认证,Prometheus、网络运维、Shell、Kubernetes、Docker、MySQL、Ansible、Zabbix、Linux,阿里云ACP云计算认证
潘芳,女,15691907301,panfang22@gmail.com,13181454400,绍兴,"期望岗位：运维工程师
期望城市：绍兴
期望行业：互联网/信息技术/软件服务
期望薪资：14500-19500元",5年运维工程师从业经验，精通Zabbix技术架构，主导过中型项目从0到1落地，擅长技术方案设计与性能优化，曾推动核心模块技术重构，带来显著效率提升，具备跨部门协作与项目推进能力。,"南京大学 | 数字媒体技术 | 本科
毕业时间：2017年6月
核心课程：Java程序设计、Python编程、操作系统、数据库原理","【智联科技有限公司】 运维工程师
2025年2月 - 至今
    · 编写开发文档，沉淀技术规范，协助新人熟悉业务
    · 承担分配模块的编码、测试与优化工作，保障系统稳定运行
    · 对接产品、测试团队，跟进需求落地与缺陷修复

【未来科技有限公司】 运维工程师
2024年10月 - 2025年3月
    · 承担分配模块的编码、测试与优化工作，保障系统稳定运行
    · 负责公司运维工程师相关业务的开发与维护，参与需求评审
    · 对接产品、测试团队，跟进需求落地与缺陷修复

【科创网络科技有限公司】 运维工程师
2023年12月 - 2024年9月
    · 负责公司运维工程师相关业务的开发与维护，参与需求评审
    · 编写开发文档，沉淀技术规范，协助新人熟悉业务
    · 承担分配模块的编码、测试与优化工作，保障系统稳定运行","■ 服务器集群运维优化
  项目目标：提升服务器集群稳定性，降低故障发生率
  个人职责：负责日常巡检、故障排查，优化监控告警规则与分级策略
  项目成果：服务器故障率下降60%，平均故障响应时间缩短至15分钟

■ CI/CD自动化流水线
  项目目标：实现代码自动化构建、测试、部署，提升发布效率
  个人职责：基于Jenkins搭建持续集成流水线，配置Docker容器化部署
  项目成果：发布周期从每周1次提升至每天3次，部署失误率降为0","专业技能：Shell、Zabbix、网络运维、Linux、Docker、MySQL、Kubernetes
相关证书：无",拥有5年行业经验，技术视野开阔，具备方案设计与项目把控能力；逻辑清晰，善于定位并解决复杂技术问题；具备良好的团队管理与跨部门沟通能力，能够推动技术优化与业务落地；责任心强，追求技术与业务的平衡发展。,运维 工程师 从业 Zabbix 技术 架构 主导 中型 项目 落地 擅长 技术 方案设计 性能 推动 核心 模块 技术 重构 带来 显著 效率 跨部门 协作 项目 推进,服务器 集群 运维 服务器 集群 稳定性 降低 故障 发生率 巡检 故障 排查 监控 告警 规则 分级 策略 服务器 故障率 下降 平均 故障 响应 时间 缩短 分钟 CI CD 自动化 流水线 代码 自动化 构建 测试 部署 发布 效率 基于 Jenkins 搭建 持续 集成 流水线 配置 Docker 容器 部署 发布 周期 每周 每天 部署 失误 降为,智联 科技 运维 工程师 至今 编写 开发 文档 沉淀 技术规范 新人 熟悉业务 分配 模块 编码 测试 保障系统 稳定 运行 对接 产品 测试 跟进 需求 落地 缺陷 修复 未来 科技 运维 工程师 分配 模块 编码 测试 保障系统 稳定 运行 运维 工程师 业务 开发 维护 需求 评审 对接 产品 测试 跟进 需求 落地 缺陷 修复 科创 网络科技 运维 工程师 运维 工程师 业务 开发 维护 需求 评审 编写 开发 文档 沉淀 技术规范 新人 熟悉业务 分配 模块 编码 测试 保障系统 稳定 运行,技术 视野 开阔 方案设计 项目 逻辑 清晰 善于 定位 复杂 技术 管理 跨部门 推动 技术 业务 落地 责任心 追求 技术 业务 平衡 发展,Shell Zabbix 网络运维 Linux Docker MySQL Kubernetes,Shell、Zabbix、网络运维、Linux、Docker、MySQL、Kubernetes,
任明,男,13062137170,renming63@gmail.com,18012759582,厦门,"期望岗位：算法工程师
期望城市：厦门
期望行业：互联网/信息技术/软件服务
期望薪资：11000-12000元",2年算法工程师工作经验，精通计算机视觉、计算机视觉技术栈，参与过完整项目迭代，能够独立完成模块开发与问题排查，注重代码质量与开发效率，具备良好的沟通协作能力。,"泉州师范学院 | 软件技术 | 本科
毕业时间：2020年6月
核心课程：数据结构、计算机网络、算法设计与分析、Java程序设计","【科创数据技术有限公司】 算法工程师
2025年10月 - 至今
    · 承担分配模块的编码、测试与优化工作，保障系统稳定运行
    · 负责公司算法工程师相关业务的开发与维护，参与需求评审
    · 编写开发文档，沉淀技术规范，协助新人熟悉业务

【智联科技有限公司】 算法工程师
2024年7月 - 2025年7月
    · 承担分配模块的编码、测试与优化工作，保障系统稳定运行
    · 编写开发文档，沉淀技术规范，协助新人熟悉业务","■ 个性化推荐系统
  项目目标：提升内容推荐精准度，增加用户停留时长
  个人职责：负责协同过滤、深度学习推荐模型开发与离线优化
  项目成果：用户平均停留时长提升25%，点击率提升15%

■ 风控欺诈识别模型
  项目目标：识别交易欺诈行为，降低资金损失风险
  个人职责：特征工程，构建XGBoost风控模型，在线部署与迭代
  项目成果：欺诈识别准确率达92%，每年减少损失超200万","专业技能：特征工程、PyTorch、机器学习、计算机视觉、SQL、Python、TensorFlow
相关证书：MySQL数据库认证、华为HCIA认证",拥有2年实际工作经验，技术功底扎实，熟悉完整开发流程；具备较强的问题解决能力，能够独立排查并解决常见技术问题；工作认真负责，注重团队协作，能够高效推进项目落地；持续学习，保持技术敏感度。,算法 工程师 计算机视觉 计算机视觉 技术 完整 项目 迭代 独立 模块 开发 排查 代码 质量 开发 效率 协作,个性化 推荐 系统 推荐 精准度 增加 用户 停留 时长 协同 过滤 深度学习 推荐 模型 开发 离线 用户 平均 停留 时长 点击率 风控 欺诈 识别 模型 识别 交易 欺诈 行为 降低 资金 损失 风险 特征工程 构建 XGBoost 风控 模型 在线 部署 迭代 欺诈 识别 准确率 每年 减少 损失,科创 数据 技术 算法 工程师 至今 分配 模块 编码 测试 保障系统 稳定 运行 算法 工程师 业务 开发 维护 需求 评审 编写 开发 文档 沉淀 技术规范 新人 熟悉业务 智联 科技 算法 工程师 分配 模块 编码 测试 保障系统 稳定 运行 编写 开发 文档 沉淀 技术规范 新人 熟悉业务,实际 技术 功底 完整 开发 流程 独立 排查 常见 技术 认真负责 协作 高效 推进 项目 落地 持续 保持 技术 敏感度,特征工程 PyTorch 机器学习 计算机视觉 SQL Python TensorFlow MySQL数据库认证 华为HCIA认证,特征工程、PyTorch、机器学习、计算机视觉、SQL、Python、TensorFlow,MySQL数据库认证、华为HCIA认证
龙恒,男,13466792216,longheng743@gmail.com,15939093867,南通,"期望岗位：软件测试工程师
期望城市：南通
期望行业：互联网/信息技术/软件服务
期望薪资：面议",专科软件技术专业应届毕业生，有1段软件测试工程师实习经验，掌握TestNG技术栈，参与过实习项目开发，具备良好的代码规范与团队协作意识，能够快速上手业务，期望正式入职发展。,"苏州职业大学 | 软件技术 | 专科
毕业时间：2021年6月
核心课程：软件工程、操作系统、机器学习、Java程序设计","【易联数据技术有限公司】 软件测试工程师（实习）
2025年10月 - 至今
    · 负责公司软件测试工程师相关业务的开发与维护，参与需求评审
    · 承担分配模块的编码、测试与优化工作，保障系统稳定运行","■ 学生管理系统功能测试
  项目目标：对课程设计系统进行功能测试与缺陷提交
  个人职责：设计测试用例，执行黑盒测试
  项目成果：发现并提交8个功能缺陷

■ 网页兼容性测试实训
  项目目标：对多个网站进行浏览器兼容测试
  个人职责：制定测试方案，输出测试报告
  项目成果：覆盖5款主流浏览器","专业技能：Appium、测试用例设计、Selenium、TestNG、Python
相关证书：计算机一级",有实习经验，熟悉开发基本流程，具备基础的项目实践能力；学习能力强，能够快速上手新业务新技术；工作踏实，责任心强，善于沟通协作，能够高效完成分配的工作任务。,专科 软件技术 应届 毕业生 软件测试 工程师 实习 TestNG 技术 实习 项目 开发 代码 规范 协作 上手 业务 正式 入职 发展,学生 管理系统 功能测试 课程设计 系统 功能测试 缺陷 提交 测试用例 执行 黑盒 测试 发现 提交 功能 缺陷 网页 兼容性 测试 实训 多个 网站 浏览器 兼容 测试 制定 测试 方案 测试报告 覆盖 主流 浏览器,易联 数据 技术 软件测试 工程师 实习 至今 软件测试 工程师 业务 开发 维护 需求 评审 分配 模块 编码 测试 保障系统 稳定 运行,实习 开发 基本 流程 项目 实践 上手 业务 技术 责任心 善于 协作 高效 分配,Appium 测试用例设计 Selenium TestNG Python 计算机一级,Appium、测试用例设计、Selenium、TestNG、Python,计算机一级
张磊,男,13361028208,zhanglei01@163.com,18456169165,常州,"期望岗位：运维工程师
期望城市：常州
期望行业：互联网/信息技术/软件服务
期望薪资：4500-7000元",本科数学与应用数学专业应届毕业生，有0段运维工程师实习经验，掌握网络运维技术栈，参与过实习项目开发，具备良好的代码规范与团队协作意识，能够快速上手业务，期望正式入职发展。,"福州大学 | 数学与应用数学 | 本科
毕业时间：2022年6月
核心课程：算法设计与分析、Python编程、数字信号处理、数据库原理","【未来网络科技有限公司】 运维工程师（实习）
2019年11月 - 至今
    · 承担分配模块的编码、测试与优化工作，保障系统稳定运行
    · 编写开发文档，沉淀技术规范，协助新人熟悉业务
    · 对接产品、测试团队，跟进需求落地与缺陷修复","■ 实验室服务器搭建实训
  项目目标：搭建实验室Linux服务器环境
  个人职责：负责系统安装、网络配置、基础服务部署
  项目成果：完成3台服务器环境搭建

■ 简单监控脚本开发
  项目目标：编写服务器状态监控脚本
  个人职责：实现CPU、内存、磁盘使用率自动采集
  项目成果：支持异常邮件告警","专业技能：Linux、Nginx、Docker、Ansible、MySQL、Redis
相关证书：英语四级、华为HCIA认证",有实习经验，熟悉开发基本流程，具备基础的项目实践能力；学习能力强，能够快速上手新业务新技术；工作踏实，责任心强，善于沟通协作，能够高效完成分配的工作任务。,本科 数学与应用数学 应届 毕业生 运维 工程师 实习 网络运维 技术 实习 项目 开发 代码 规范 协作 上手 业务 正式 入职 发展,实验室 服务器 搭建 实训 搭建 实验室 Linux 服务器 环境 系统 安装 网络 配置 服务 部署 服务器 环境 搭建 简单 监控 脚本 开发 编写 服务器 状态 监控 脚本 CPU 内存 磁盘 使用率 自动 采集 异常 邮件 告警,未来 网络科技 运维 工程师 实习 至今 分配 模块 编码 测试 保障系统 稳定 运行 编写 开发 文档 沉淀 技术规范 新人 熟悉业务 对接 产品 测试 跟进 需求 落地 缺陷 修复,实习 开发 基本 流程 项目 实践 上手 业务 技术 责任心 善于 协作 高效 分配,Linux Nginx Docker Ansible MySQL Redis 英语四级 华为HCIA认证,Linux、Nginx、Docker、Ansible、MySQL、Redis,英语四级、华为HCIA认证
尹军,男,18695482396,yinjun8233@163.com,18189294205,安庆,"期望岗位：运维工程师
期望城市：安庆
期望行业：互联网/信息技术/软件服务
期望薪资：5500-7000元",本科软件技术专业应届毕业生，有1段运维工程师实习经验，掌握Nginx技术栈，参与过实习项目开发，具备良好的代码规范与团队协作意识，能够快速上手业务，期望正式入职发展。,"闽南师范大学 | 软件技术 | 本科
毕业时间：2021年6月
核心课程：计算机网络、Python编程、数据库原理、算法设计与分析","【微远网络科技有限公司】 运维工程师（实习）
2025年2月 - 至今
    · 编写开发文档，沉淀技术规范，协助新人熟悉业务
    · 对接产品、测试团队，跟进需求落地与缺陷修复
    · 承担分配模块的编码、测试与优化工作，保障系统稳定运行","■ 实验室服务器搭建实训
  项目目标：搭建实验室Linux服务器环境
  个人职责：负责系统安装、网络配置、基础服务部署
  项目成果：完成3台服务器环境搭建

■ 简单监控脚本开发
  项目目标：编写服务器状态监控脚本
  个人职责：实现CPU、内存、磁盘使用率自动采集
  项目成果：支持异常邮件告警","专业技能：网络运维、Jenkins、Prometheus、Shell、Ansible
相关证书：无",有实习经验，熟悉开发基本流程，具备基础的项目实践能力；学习能力强，能够快速上手新业务新技术；工作踏实，责任心强，善于沟通协作，能够高效完成分配的工作任务。,本科 软件技术 应届 毕业生 运维 工程师 实习 Nginx 技术 实习 项目 开发 代码 规范 协作 上手 业务 正式 入职 发展,实验室 服务器 搭建 实训 搭建 实验室 Linux 服务器 环境 系统 安装 网络 配置 服务 部署 服务器 环境 搭建 简单 监控 脚本 开发 编写 服务器 状态 监控 脚本 CPU 内存 磁盘 使用率 自动 采集 异常 邮件 告警,微远 网络科技 运维 工程师 实习 至今 编写 开发 文档 沉淀 技术规范 新人 熟悉业务 对接 产品 测试 跟进 需求 落地 缺陷 修复 分配 模块 编码 测试 保障系统 稳定 运行,实习 开发 基本 流程 项目 实践 上手 业务 技术 责任心 善于 协作 高效 分配,网络运维 Jenkins Prometheus Shell Ansible,网络运维、Jenkins、Prometheus、Shell、Ansible,
黎静,女,13637503605,lijing1010@outlook.com,18997004246,嘉兴,"期望岗位：运维工程师
期望城市：嘉兴
期望行业：互联网/信息技术/软件服务
期望薪资：6000-7500元",本科数据科学与大数据技术专业应届毕业生，有1段运维工程师实习经验，掌握MySQL技术栈，参与过实习项目开发，具备良好的代码规范与团队协作意识，能够快速上手业务，期望正式入职发展。,"厦门大学 | 数据科学与大数据技术 | 本科
毕业时间：2021年6月
核心课程：机器学习、操作系统、软件工程、Java程序设计","【汇智互联网科技有限公司】 运维工程师（实习）
2025年2月 - 至今
    · 承担分配模块的编码、测试与优化工作，保障系统稳定运行
    · 对接产品、测试团队，跟进需求落地与缺陷修复","■ 实验室服务器搭建实训
  项目目标：搭建实验室Linux服务器环境
  个人职责：负责系统安装、网络配置、基础服务部署
  项目成果：完成3台服务器环境搭建

■ 简单监控脚本开发
  项目目标：编写服务器状态监控脚本
  个人职责：实现CPU、内存、磁盘使用率自动采集
  项目成果：支持异常邮件告警","专业技能：MySQL、Jenkins、Ansible、Kubernetes、Docker、Redis、Prometheus
相关证书：计算机二级",有实习经验，熟悉开发基本流程，具备基础的项目实践能力；学习能力强，能够快速上手新业务新技术；工作踏实，责任心强，善于沟通协作，能够高效完成分配的工作任务。,本科 数据科学与大数据技术 应届 毕业生 运维 工程师 实习 MySQL 技术 实习 项目 开发 代码 规范 协作 上手 业务 正式 入职 发展,实验室 服务器 搭建 实训 搭建 实验室 Linux 服务器 环境 系统 安装 网络 配置 服务 部署 服务器 环境 搭建 简单 监控 脚本 开发 编写 服务器 状态 监控 脚本 CPU 内存 磁盘 使用率 自动 采集 异常 邮件 告警,汇智 互联网 科技 运维 工程师 实习 至今 分配 模块 编码 测试 保障系统 稳定 运行 对接 产品 测试 跟进 需求 落地 缺陷 修复,实习 开发 基本 流程 项目 实践 上手 业务 技术 责任心 善于 协作 高效 分配,MySQL Jenkins Ansible Kubernetes Docker Redis Prometheus 计算机二级,MySQL、Jenkins、Ansible、Kubernetes、Docker、Redis、Prometheus,计算机二级
张俊,男,18133067708,zhangjun44@outlook.com,13585085070,台州,"期望岗位：数据分析师
期望城市：台州
期望行业：互联网/信息技术/软件服务
期望薪资：7500-10500元",2年数据分析师工作经验，精通数据可视化、数据可视化技术栈，参与过完整项目迭代，能够独立完成模块开发与问题排查，注重代码质量与开发效率，具备良好的沟通协作能力。,"东莞理工学院 | 计算机科学与技术 | 本科
毕业时间：2020年6月
核心课程：机器学习、计算机网络、数据结构、算法设计与分析","【合众科技有限公司】 数据分析师
2025年1月 - 至今
    · 负责公司数据分析师相关业务的开发与维护，参与需求评审
    · 承担分配模块的编码、测试与优化工作，保障系统稳定运行

【科创互联网科技有限公司】 数据分析师
2024年9月 - 2025年6月
    · 对接产品、测试团队，跟进需求落地与缺陷修复
    · 编写开发文档，沉淀技术规范，协助新人熟悉业务","■ 用户行为分析看板
  项目目标：构建用户行为数据体系，支撑运营决策
  个人职责：负责数据清洗、指标体系搭建，输出可视化运营报表
  项目成果：输出15+核心运营指标，支撑每月3次运营优化，用户留存率提升8%

■ 销售数据预测建模
  项目目标：基于历史数据预测销量，指导库存与备货
  个人职责：数据预处理，构建时间序列预测模型，输出月度预测报告
  项目成果：预测准确率达89%，库存周转效率提升25%","专业技能：Tableau、SQL、用户分析、数据可视化、Hive、Excel、Pandas、MySQL、NumPy、Power BI
相关证书：无",拥有2年实际工作经验，技术功底扎实，熟悉完整开发流程；具备较强的问题解决能力，能够独立排查并解决常见技术问题；工作认真负责，注重团队协作，能够高效推进项目落地；持续学习，保持技术敏感度。,数据 分析师 数据可视化 数据可视化 技术 完整 项目 迭代 独立 模块 开发 排查 代码 质量 开发 效率 协作,用户 行为 分析 看板 构建 用户 行为 数据 体系 支撑 运营 决策 数据 清洗 指标体系 搭建 可视化 运营 报表 核心 运营 指标 支撑 每月 运营 用户 留存 销售 数据 预测 建模 基于 历史数据 预测 销量 指导 库存 备货 数据 预处理 构建 时间 序列 预测 模型 月度 预测 报告 预测 准确率 库存 周转 效率,合众 科技 数据 分析师 至今 数据 分析师 业务 开发 维护 需求 评审 分配 模块 编码 测试 保障系统 稳定 运行 科创 互联网 科技 数据 分析师 对接 产品 测试 跟进 需求 落地 缺陷 修复 编写 开发 文档 沉淀 技术规范 新人 熟悉业务,实际 技术 功底 完整 开发 流程 独立 排查 常见 技术 认真负责 协作 高效 推进 项目 落地 持续 保持 技术 敏感度,Tableau SQL 用户分析 数据可视化 Hive Excel Pandas MySQL NumPy Power BI,Tableau、SQL、用户分析、数据可视化、Hive、Excel、Pandas、MySQL、NumPy、Power BI,
熊然,男,18509844182,xiongran4440@gmail.com,17742091515,徐州,"期望岗位：前端开发工程师
期望城市：徐州
期望行业：互联网/信息技术/软件服务
期望薪资：面议",4年前端开发工程师从业经验，精通移动端适配技术架构，主导过中型项目从0到1落地，擅长技术方案设计与性能优化，曾推动核心模块技术重构，带来显著效率提升，具备跨部门协作与项目推进能力。,"江西交通职业技术学院 | 数字媒体技术 | 专科
毕业时间：2018年6月
核心课程：数据结构、数字信号处理、操作系统、机器学习","【云创软件有限公司】 前端开发工程师
2024年2月 - 至今
    · 对接产品、测试团队，跟进需求落地与缺陷修复
    · 负责公司前端开发工程师相关业务的开发与维护，参与需求评审

【易联数据技术有限公司】 前端开发工程师
2022年10月 - 2024年4月
    · 承担分配模块的编码、测试与优化工作，保障系统稳定运行
    · 负责公司前端开发工程师相关业务的开发与维护，参与需求评审
    · 编写开发文档，沉淀技术规范，协助新人熟悉业务","■ 企业后台管理系统
  项目目标：搭建企业运营管理后台，实现业务数据可视化
  个人职责：负责权限管理、数据报表模块开发，对接后端接口联调
  项目成果：覆盖12个业务部门，运营效率提升40%

■ 电商平台前端重构
  项目目标：升级旧版电商系统前端架构，提升用户体验与加载速度
  个人职责：负责商品详情页、购物车模块开发，组件化封装公共组件
  项目成果：首屏加载时间从3.2s降至1.8s，页面转化率提升12%","专业技能：React、Webpack、Ant Design、Element UI、Vite、HTML5、CSS3
相关证书：软件设计师（中级）",拥有4年行业经验，技术视野开阔，具备方案设计与项目把控能力；逻辑清晰，善于定位并解决复杂技术问题；具备良好的团队管理与跨部门沟通能力，能够推动技术优化与业务落地；责任心强，追求技术与业务的平衡发展。,前端开发 工程师 从业 移动端适配 技术 架构 主导 中型 项目 落地 擅长 技术 方案设计 性能 推动 核心 模块 技术 重构 带来 显著 效率 跨部门 协作 项目 推进,企业 后台 管理系统 搭建 企业 运营 管理 后台 业务 数据可视化 权限 管理 数据报表 模块 开发 对接 后端 接口 联调 覆盖 业务部门 运营 效率 电商 平台 前端 重构 升级 旧版 电商 系统 前端 架构 用户 体验 加载 速度 商品 详情页 购物车 模块 开发 组件 封装 公共 组件 首屏 加载 时间 3.2 降至 1.8 页面 转化率,云创 软件 前端开发 工程师 至今 对接 产品 测试 跟进 需求 落地 缺陷 修复 前端开发 工程师 业务 开发 维护 需求 评审 易联 数据 技术 前端开发 工程师 分配 模块 编码 测试 保障系统 稳定 运行 前端开发 工程师 业务 开发 维护 需求 评审 编写 开发 文档 沉淀 技术规范 新人 熟悉业务,技术 视野 开阔 方案设计 项目 逻辑 清晰 善于 定位 复杂 技术 管理 跨部门 推动 技术 业务 落地 责任心 追求 技术 业务 平衡 发展,React Webpack Ant Design Element UI Vite HTML5 CSS3 软件 设计师 中级,React、Webpack、Ant Design、Element UI、Vite、HTML5、CSS3,软件设计师（中级）
余博文,男,13287814453,yubowen365@126.com,15561074466,芜湖,"期望岗位：算法工程师
期望城市：芜湖
期望行业：互联网/信息技术/软件服务
期望薪资：4500-6000元",本科数字媒体技术专业应届毕业生，掌握PyTorch、Python基础技能，完成过课程设计与毕业项目，具备基础代码编写能力与问题排查思路，学习能力强，做事认真踏实，期望从事算法工程师相关工作。,"广东技术师范大学 | 数字媒体技术 | 本科
毕业时间：2022年6月
核心课程：操作系统、机器学习、数据库原理、Java程序设计","【校园实践】
    · 参与学校计算机协会技术部，负责协会网站日常维护
    · 协助老师完成实验室设备管理与系统环境搭建
    · 参与班级课程设计小组，担任后端开发角色","■ 电影推荐系统（毕设）
  项目目标：基于协同过滤实现简单电影推荐
  个人职责：数据处理、模型实现、效果验证
  项目成果：召回准确率达到75%","专业技能：机器学习、深度学习、PyTorch、计算机视觉、数据结构
相关证书：无",应届毕业，具备扎实的专业基础知识与学习能力，能够快速掌握新技术；工作态度认真负责，有耐心，注重细节；具备良好的团队意识与沟通能力，能够积极配合团队完成任务；期望在工作中积累经验，快速成长。,本科 数字媒体技术 应届 毕业生 PyTorch Python 课程设计 项目 代码 编写 排查 算法 工程师,电影 推荐 系统 毕设 基于 协同 过滤 简单 电影 推荐 数据处理 模型 效果 验证 召回 准确率 达到,学校 计算机 协会 技术部 协会 网站 维护 老师 实验室 设备 管理 系统 环境 搭建 班级 课程设计 小组 后端 开发 角色,应届 基础知识 技术 认真负责,机器学习 深度学习 PyTorch 计算机视觉 数据结构,机器学习、深度学习、PyTorch、计算机视觉、数据结构,
吕琳,女,17604936779,lvlin0293@outlook.com,15568100966,泉州,"期望岗位：数据分析师
期望城市：泉州
期望行业：互联网/信息技术/软件服务
期望薪资：16000-18500元",4年数据分析师从业经验，精通Tableau技术架构，主导过中型项目从0到1落地，擅长技术方案设计与性能优化，曾推动核心模块技术重构，带来显著效率提升，具备跨部门协作与项目推进能力。,"苏州职业大学 | 数据科学与大数据技术 | 专科
毕业时间：2018年6月
核心课程：Python编程、计算机网络、数据库原理、算法设计与分析","【携程（厦门）】 数据分析师
2024年5月 - 至今
    · 负责公司数据分析师相关业务的开发与维护，参与需求评审
    · 对接产品、测试团队，跟进需求落地与缺陷修复
    · 承担分配模块的编码、测试与优化工作，保障系统稳定运行

【数聚科技有限公司】 数据分析师
2022年2月 - 2024年11月
    · 编写开发文档，沉淀技术规范，协助新人熟悉业务
    · 负责公司数据分析师相关业务的开发与维护，参与需求评审","■ 用户行为分析看板
  项目目标：构建用户行为数据体系，支撑运营决策
  个人职责：负责数据清洗、指标体系搭建，输出可视化运营报表
  项目成果：输出15+核心运营指标，支撑每月3次运营优化，用户留存率提升8%

■ 销售数据预测建模
  项目目标：基于历史数据预测销量，指导库存与备货
  个人职责：数据预处理，构建时间序列预测模型，输出月度预测报告
  项目成果：预测准确率达89%，库存周转效率提升25%","专业技能：Python、NumPy、数据可视化、Tableau、SQL、Pandas、Power BI、统计学、Hive
相关证书：计算机二级",拥有4年行业经验，技术视野开阔，具备方案设计与项目把控能力；逻辑清晰，善于定位并解决复杂技术问题；具备良好的团队管理与跨部门沟通能力，能够推动技术优化与业务落地；责任心强，追求技术与业务的平衡发展。,数据 分析师 从业 Tableau 技术 架构 主导 中型 项目 落地 擅长 技术 方案设计 性能 推动 核心 模块 技术 重构 带来 显著 效率 跨部门 协作 项目 推进,用户 行为 分析 看板 构建 用户 行为 数据 体系 支撑 运营 决策 数据 清洗 指标体系 搭建 可视化 运营 报表 核心 运营 指标 支撑 每月 运营 用户 留存 销售 数据 预测 建模 基于 历史数据 预测 销量 指导 库存 备货 数据 预处理 构建 时间 序列 预测 模型 月度 预测 报告 预测 准确率 库存 周转 效率,携程 厦门 数据 分析师 至今 数据 分析师 业务 开发 维护 需求 评审 对接 产品 测试 跟进 需求 落地 缺陷 修复 分配 模块 编码 测试 保障系统 稳定 运行 数聚 科技 数据 分析师 编写 开发 文档 沉淀 技术规范 新人 熟悉业务 数据 分析师 业务 开发 维护 需求 评审,技术 视野 开阔 方案设计 项目 逻辑 清晰 善于 定位 复杂 技术 管理 跨部门 推动 技术 业务 落地 责任心 追求 技术 业务 平衡 发展,Python NumPy 数据可视化 Tableau SQL Pandas Power BI 统计学 Hive 计算机二级,Python、NumPy、数据可视化、Tableau、SQL、Pandas、Power BI、统计学、Hive,计算机二级
唐梦瑶,女,18633856099,tangmengyao56@gmail.com,15128598438,安庆,"期望岗位：Java开发工程师
期望城市：安庆
期望行业：互联网/信息技术/软件服务
期望薪资：3500-5500元",专科软件工程专业应届毕业生，掌握MySQL、微服务基础技能，完成过课程设计与毕业项目，具备基础代码编写能力与问题排查思路，学习能力强，做事认真踏实，期望从事Java开发工程师相关工作。,"广东轻工职业技术学院 | 软件工程 | 专科
毕业时间：2022年6月
核心课程：算法设计与分析、数据库原理、机器学习、软件工程","【校园实践】
    · 参与学校计算机协会技术部，负责协会网站日常维护
    · 协助老师完成实验室设备管理与系统环境搭建
    · 参与班级课程设计小组，担任后端开发角色","■ 学生成绩管理系统（课程设计）
  项目目标：实现学生信息、成绩、班级的增删改查管理
  个人职责：负责后端接口开发与数据库设计
  项目成果：完成基础功能，通过课程答辩","专业技能：MyBatis、Redis、Java、MySQL、JVM调优、RabbitMQ
相关证书：计算机一级、计算机二级",应届毕业，具备扎实的专业基础知识与学习能力，能够快速掌握新技术；工作态度认真负责，有耐心，注重细节；具备良好的团队意识与沟通能力，能够积极配合团队完成任务；期望在工作中积累经验，快速成长。,专科 软件工程 应届 毕业生 MySQL 微服务 课程设计 项目 代码 编写 排查 Java 开发 工程师,学生 成绩 管理系统 课程设计 学生 信息 成绩 班级 增删 改查 管理 后端 接口 开发 数据库 功能 答辩,学校 计算机 协会 技术部 协会 网站 维护 老师 实验室 设备 管理 系统 环境 搭建 班级 课程设计 小组 后端 开发 角色,应届 基础知识 技术 认真负责,MyBatis Redis Java MySQL JVM调优 RabbitMQ 计算机一级 计算机二级,MyBatis、Redis、Java、MySQL、JVM调优、RabbitMQ,计算机一级、计算机二级
何茜,女,13580531829,hexi3968@163.com,wx_hexi_974,三明,"期望岗位：Python开发工程师
期望城市：三明
期望行业：互联网/信息技术/软件服务
期望薪资：11000-12000元",1年Python开发工程师工作经验，精通MySQL、Django技术栈，参与过完整项目迭代，能够独立完成模块开发与问题排查，注重代码质量与开发效率，具备良好的沟通协作能力。,"苏州大学 | 计算机科学与技术 | 本科
毕业时间：2021年6月
核心课程：Python编程、机器学习、计算机网络、数字信号处理","【科创网络科技有限公司】 Python开发工程师
2025年1月 - 至今
    · 负责公司Python开发工程师相关业务的开发与维护，参与需求评审
    · 承担分配模块的编码、测试与优化工作，保障系统稳定运行","■ 自动化运维平台
  项目目标：开发运维管理平台，实现服务器批量管理
  个人职责：负责监控、告警、任务调度模块后端开发
  项目成果：管理服务器200+，运维人力成本降低50%

■ 数据采集爬虫系统
  项目目标：搭建分布式爬虫平台，采集多渠道公开数据
  个人职责：负责反爬策略破解、数据清洗、入库逻辑开发
  项目成果：日均采集数据50万条，数据准确率98%以上","专业技能：Git、Django、Flask、FastAPI、爬虫、Python、Docker
相关证书：MySQL数据库认证、英语六级",拥有1年实际工作经验，技术功底扎实，熟悉完整开发流程；具备较强的问题解决能力，能够独立排查并解决常见技术问题；工作认真负责，注重团队协作，能够高效推进项目落地；持续学习，保持技术敏感度。,Python 开发 工程师 MySQL Django 技术 完整 项目 迭代 独立 模块 开发 排查 代码 质量 开发 效率 协作,自动化 运维 平台 开发 运维 管理 平台 服务器 批量 管理 监控 告警 任务调度 模块 后端 开发 管理 服务器 运维 人力 成本 降低 数据 采集 爬虫 系统 搭建 分布式 爬虫 平台 采集 多渠道 公开 数据 反爬 策略 破解 数据 清洗 入库 逻辑 开发 日均 采集 数据 万条 数据 准确率 以上,科创 网络科技 Python 开发 工程师 至今 Python 开发 工程师 业务 开发 维护 需求 评审 分配 模块 编码 测试 保障系统 稳定 运行,实际 技术 功底 完整 开发 流程 独立 排查 常见 技术 认真负责 协作 高效 推进 项目 落地 持续 保持 技术 敏感度,Git Django Flask FastAPI 爬虫 Python Docker MySQL数据库认证 英语六级,Git、Django、Flask、FastAPI、爬虫、Python、Docker,MySQL数据库认证、英语六级
谢超,男,18645720045,xiechao333@outlook.com,13051592183,常州,"期望岗位：Java开发工程师
期望城市：常州
期望行业：互联网/信息技术/软件服务
期望薪资：6000-6500元",专科计算机应用技术专业应届毕业生，有1段Java开发工程师实习经验，掌握JVM调优技术栈，参与过实习项目开发，具备良好的代码规范与团队协作意识，能够快速上手业务，期望正式入职发展。,"福建船政交通职业学院 | 计算机应用技术 | 专科
毕业时间：2021年6月
核心课程：机器学习、算法设计与分析、软件工程、数据结构","【小米（南京分公司）】 Java开发工程师（实习）
2025年4月 - 至今
    · 负责公司Java开发工程师相关业务的开发与维护，参与需求评审
    · 编写开发文档，沉淀技术规范，协助新人熟悉业务
    · 承担分配模块的编码、测试与优化工作，保障系统稳定运行","■ 校园二手交易平台（毕设）
  项目目标：搭建校园闲置物品发布与交易平台
  个人职责：负责用户模块、商品发布模块开发
  项目成果：完成系统原型，获得良好成绩

■ 学生成绩管理系统（课程设计）
  项目目标：实现学生信息、成绩、班级的增删改查管理
  个人职责：负责后端接口开发与数据库设计
  项目成果：完成基础功能，通过课程答辩","专业技能：SpringCloud、Git、微服务、MyBatis、Linux、JVM调优、Java
相关证书：无",有实习经验，熟悉开发基本流程，具备基础的项目实践能力；学习能力强，能够快速上手新业务新技术；工作踏实，责任心强，善于沟通协作，能够高效完成分配的工作任务。,专科 计算机应用技术 应届 毕业生 Java 开发 工程师 实习 JVM调优 技术 实习 项目 开发 代码 规范 协作 上手 业务 正式 入职 发展,二手交易 平台 毕设 搭建 闲置 物品 发布 交易平台 用户 模块 商品 发布 模块 开发 系统 原型 获得 成绩 学生 成绩 管理系统 课程设计 学生 信息 成绩 班级 增删 改查 管理 后端 接口 开发 数据库 功能 答辩,小米 南京 分公司 Java 开发 工程师 实习 至今 Java 开发 工程师 业务 开发 维护 需求 评审 编写 开发 文档 沉淀 技术规范 新人 熟悉业务 分配 模块 编码 测试 保障系统 稳定 运行,实习 开发 基本 流程 项目 实践 上手 业务 技术 责任心 善于 协作 高效 分配,SpringCloud Git 微服务 MyBatis Linux JVM调优 Java,SpringCloud、Git、微服务、MyBatis、Linux、JVM调优、Java,
杜佳怡,女,13503472334,dujiayi16@qq.com,18022325658,龙岩,"期望岗位：算法工程师
期望城市：龙岩
期望行业：互联网/信息技术/软件服务
期望薪资：6000-7000元",本科数据科学与大数据技术专业应届毕业生，有0段算法工程师实习经验，掌握TensorFlow技术栈，参与过实习项目开发，具备良好的代码规范与团队协作意识，能够快速上手业务，期望正式入职发展。,"佛山科学技术学院 | 数据科学与大数据技术 | 本科
毕业时间：2022年6月
核心课程：计算机网络、软件工程、数据库原理、Python编程","【OPPO（东莞）】 算法工程师（实习）
2023年11月 - 至今
    · 编写开发文档，沉淀技术规范，协助新人熟悉业务
    · 承担分配模块的编码、测试与优化工作，保障系统稳定运行
    · 对接产品、测试团队，跟进需求落地与缺陷修复","■ 手写数字识别（课程作业）
  项目目标：基于MNIST数据集实现手写数字识别
  个人职责：使用CNN搭建模型，训练与调优
  项目成果：识别准确率达到92%

■ 电影推荐系统（毕设）
  项目目标：基于协同过滤实现简单电影推荐
  个人职责：数据处理、模型实现、效果验证
  项目成果：召回准确率达到75%","专业技能：NLP、TensorFlow、PyTorch、SQL、计算机视觉
相关证书：无",有实习经验，熟悉开发基本流程，具备基础的项目实践能力；学习能力强，能够快速上手新业务新技术；工作踏实，责任心强，善于沟通协作，能够高效完成分配的工作任务。,本科 数据科学与大数据技术 应届 毕业生 算法 工程师 实习 TensorFlow 技术 实习 项目 开发 代码 规范 协作 上手 业务 正式 入职 发展,手写 数字 识别 作业 基于 MNIST 数据 手写 数字 识别 CNN 搭建 模型 训练 调优 识别 准确率 达到 电影 推荐 系统 毕设 基于 协同 过滤 简单 电影 推荐 数据处理 模型 效果 验证 召回 准确率 达到,OPPO 东莞 算法 工程师 实习 至今 编写 开发 文档 沉淀 技术规范 新人 熟悉业务 分配 模块 编码 测试 保障系统 稳定 运行 对接 产品 测试 跟进 需求 落地 缺陷 修复,实习 开发 基本 流程 项目 实践 上手 业务 技术 责任心 善于 协作 高效 分配,NLP TensorFlow PyTorch SQL 计算机视觉,NLP、TensorFlow、PyTorch、SQL、计算机视觉,
罗佳,女,18630217941,luojia91@163.com,wx_luojia_497,苏州,"期望岗位：运维工程师
期望城市：苏州
期望行业：互联网/信息技术/软件服务
期望薪资：3000-3500元",专科软件技术专业应届毕业生，掌握Jenkins、Redis基础技能，完成过课程设计与毕业项目，具备基础代码编写能力与问题排查思路，学习能力强，做事认真踏实，期望从事运维工程师相关工作。,"泉州经贸职业技术学院 | 软件技术 | 专科
毕业时间：2022年6月
核心课程：数据库原理、数据结构、软件工程、机器学习","【校园实践】
    · 参与学校计算机协会技术部，负责协会网站日常维护
    · 协助老师完成实验室设备管理与系统环境搭建
    · 参与班级课程设计小组，担任后端开发角色","■ 简单监控脚本开发
  项目目标：编写服务器状态监控脚本
  个人职责：实现CPU、内存、磁盘使用率自动采集
  项目成果：支持异常邮件告警","专业技能：Redis、Nginx、Prometheus、Zabbix、MySQL
相关证书：计算机一级",应届毕业，具备扎实的专业基础知识与学习能力，能够快速掌握新技术；工作态度认真负责，有耐心，注重细节；具备良好的团队意识与沟通能力，能够积极配合团队完成任务；期望在工作中积累经验，快速成长。,专科 软件技术 应届 毕业生 Jenkins Redis 课程设计 项目 代码 编写 排查 运维 工程师,简单 监控 脚本 开发 编写 服务器 状态 监控 脚本 CPU 内存 磁盘 使用率 自动 采集 异常 邮件 告警,学校 计算机 协会 技术部 协会 网站 维护 老师 实验室 设备 管理 系统 环境 搭建 班级 课程设计 小组 后端 开发 角色,应届 基础知识 技术 认真负责,Redis Nginx Prometheus Zabbix MySQL 计算机一级,Redis、Nginx、Prometheus、Zabbix、MySQL,计算机一级
江敏,女,13349421256,jiangmin09@qq.com,18425035970,镇江,"期望岗位：算法工程师
期望城市：镇江
期望行业：互联网/信息技术/软件服务
期望薪资：5000-6000元",本科软件技术专业应届毕业生，掌握深度学习、算法优化基础技能，完成过课程设计与毕业项目，具备基础代码编写能力与问题排查思路，学习能力强，做事认真踏实，期望从事算法工程师相关工作。,"暨南大学 | 软件技术 | 本科
毕业时间：2022年6月
核心课程：操作系统、数据库原理、软件工程、Python编程","【校园实践】
    · 参与学校计算机协会技术部，负责协会网站日常维护
    · 协助老师完成实验室设备管理与系统环境搭建
    · 参与班级课程设计小组，担任后端开发角色","■ 手写数字识别（课程作业）
  项目目标：基于MNIST数据集实现手写数字识别
  个人职责：使用CNN搭建模型，训练与调优
  项目成果：识别准确率达到92%","专业技能：算法优化、特征工程、TensorFlow、PyTorch
相关证书：无",应届毕业，具备扎实的专业基础知识与学习能力，能够快速掌握新技术；工作态度认真负责，有耐心，注重细节；具备良好的团队意识与沟通能力，能够积极配合团队完成任务；期望在工作中积累经验，快速成长。,本科 软件技术 应届 毕业生 深度学习 算法优化 课程设计 项目 代码 编写 排查 算法 工程师,手写 数字 识别 作业 基于 MNIST 数据 手写 数字 识别 CNN 搭建 模型 训练 调优 识别 准确率 达到,学校 计算机 协会 技术部 协会 网站 维护 老师 实验室 设备 管理 系统 环境 搭建 班级 课程设计 小组 后端 开发 角色,应届 基础知识 技术 认真负责,算法优化 特征工程 TensorFlow PyTorch,算法优化、特征工程、TensorFlow、PyTorch,
龚颖,女,17723366237,gongying088@gmail.com,wx_gongying_389,泉州,"期望岗位：软件测试工程师
期望城市：泉州
期望行业：互联网/信息技术/软件服务
期望薪资：18000-20000元",3年软件测试工程师从业经验，精通接口测试技术架构，主导过中型项目从0到1落地，擅长技术方案设计与性能优化，曾推动核心模块技术重构，带来显著效率提升，具备跨部门协作与项目推进能力。,"福州大学 | 计算机应用技术 | 本科
毕业时间：2019年6月
核心课程：数字信号处理、算法设计与分析、数据结构、操作系统","【腾讯（深圳分公司）】 软件测试工程师
2025年2月 - 至今
    · 对接产品、测试团队，跟进需求落地与缺陷修复
    · 承担分配模块的编码、测试与优化工作，保障系统稳定运行
    · 编写开发文档，沉淀技术规范，协助新人熟悉业务

【科创信息技术有限公司】 软件测试工程师
2024年4月 - 2025年2月
    · 承担分配模块的编码、测试与优化工作，保障系统稳定运行
    · 负责公司软件测试工程师相关业务的开发与维护，参与需求评审
    · 编写开发文档，沉淀技术规范，协助新人熟悉业务","■ 电商平台功能测试
  项目目标：保障电商系统上线质量，覆盖全业务流程
  个人职责：设计测试用例，执行功能、回归测试，提交缺陷报告
  项目成果：发现并修复120+缺陷，上线后线上缺陷率低于0.5%

■ 自动化测试框架搭建
  项目目标：提升回归测试效率，减少人工重复劳动
  个人职责：基于Selenium搭建UI自动化框架，编写核心模块测试脚本
  项目成果：回归测试周期从7天缩短至2天，覆盖率达85%","专业技能：JMeter、功能测试、Python、Selenium、缺陷管理、性能测试
相关证书：英语四级、PMP项目管理专业人士、阿里云ACP云计算认证",拥有3年行业经验，技术视野开阔，具备方案设计与项目把控能力；逻辑清晰，善于定位并解决复杂技术问题；具备良好的团队管理与跨部门沟通能力，能够推动技术优化与业务落地；责任心强，追求技术与业务的平衡发展。,软件测试 工程师 从业 接口测试 技术 架构 主导 中型 项目 落地 擅长 技术 方案设计 性能 推动 核心 模块 技术 重构 带来 显著 效率 跨部门 协作 项目 推进,电商 平台 功能测试 保障 电商 系统 上线 质量 覆盖 业务流程 测试用例 执行 功能 回归 测试 提交 缺陷 报告 发现 修复 缺陷 上线 后线 缺陷率 低于 自动化 测试 框架 搭建 回归 测试 效率 减少 人工 重复劳动 基于 Selenium 搭建 UI 自动化 框架 编写 核心 模块 测试 脚本 回归 测试 周期 缩短 覆盖率,腾讯 深圳 分公司 软件测试 工程师 至今 对接 产品 测试 跟进 需求 落地 缺陷 修复 分配 模块 编码 测试 保障系统 稳定 运行 编写 开发 文档 沉淀 技术规范 新人 熟悉业务 科创 信息技术 软件测试 工程师 分配 模块 编码 测试 保障系统 稳定 运行 软件测试 工程师 业务 开发 维护 需求 评审 编写 开发 文档 沉淀 技术规范 新人 熟悉业务,技术 视野 开阔 方案设计 项目 逻辑 清晰 善于 定位 复杂 技术 管理 跨部门 推动 技术 业务 落地 责任心 追求 技术 业务 平衡 发展,JMeter 功能测试 Python Selenium 缺陷管理 性能测试 英语四级 PMP项目管理专业人士 阿里云ACP云计算认证,JMeter、功能测试、Python、Selenium、缺陷管理、性能测试,英语四级、PMP项目管理专业人士、阿里云ACP云计算认证
武茜,女,13919236273,wuxi22@163.com,17642330154,扬州,"期望岗位：Python开发工程师
期望城市：扬州
期望行业：互联网/信息技术/软件服务
期望薪资：面议",2年Python开发工程师工作经验，精通FastAPI、Python技术栈，参与过完整项目迭代，能够独立完成模块开发与问题排查，注重代码质量与开发效率，具备良好的沟通协作能力。,"福州大学 | 物联网工程 | 本科
毕业时间：2020年6月
核心课程：计算机网络、数字信号处理、操作系统、数据库原理","【未来数据技术有限公司】 Python开发工程师
2025年8月 - 至今
    · 编写开发文档，沉淀技术规范，协助新人熟悉业务
    · 承担分配模块的编码、测试与优化工作，保障系统稳定运行
    · 对接产品、测试团队，跟进需求落地与缺陷修复

【易联互联网科技有限公司】 Python开发工程师
2024年1月 - 2025年11月
    · 负责公司Python开发工程师相关业务的开发与维护，参与需求评审
    · 对接产品、测试团队，跟进需求落地与缺陷修复","■ 数据采集爬虫系统
  项目目标：搭建分布式爬虫平台，采集多渠道公开数据
  个人职责：负责反爬策略破解、数据清洗、入库逻辑开发
  项目成果：日均采集数据50万条，数据准确率98%以上

■ 自动化运维平台
  项目目标：开发运维管理平台，实现服务器批量管理
  个人职责：负责监控、告警、任务调度模块后端开发
  项目成果：管理服务器200+，运维人力成本降低50%","专业技能：Django、爬虫、FastAPI、Redis、Linux、Docker、Celery、Flask、Python
相关证书：计算机二级",拥有2年实际工作经验，技术功底扎实，熟悉完整开发流程；具备较强的问题解决能力，能够独立排查并解决常见技术问题；工作认真负责，注重团队协作，能够高效推进项目落地；持续学习，保持技术敏感度。,Python 开发 工程师 FastAPI Python 技术 完整 项目 迭代 独立 模块 开发 排查 代码 质量 开发 效率 协作,数据 采集 爬虫 系统 搭建 分布式 爬虫 平台 采集 多渠道 公开 数据 反爬 策略 破解 数据 清洗 入库 逻辑 开发 日均 采集 数据 万条 数据 准确率 以上 自动化 运维 平台 开发 运维 管理 平台 服务器 批量 管理 监控 告警 任务调度 模块 后端 开发 管理 服务器 运维 人力 成本 降低,未来 数据 技术 Python 开发 工程师 至今 编写 开发 文档 沉淀 技术规范 新人 熟悉业务 分配 模块 编码 测试 保障系统 稳定 运行 对接 产品 测试 跟进 需求 落地 缺陷 修复 易联 互联网 科技 Python 开发 工程师 Python 开发 工程师 业务 开发 维护 需求 评审 对接 产品 测试 跟进 需求 落地 缺陷 修复,实际 技术 功底 完整 开发 流程 独立 排查 常见 技术 认真负责 协作 高效 推进 项目 落地 持续 保持 技术 敏感度,Django 爬虫 FastAPI Redis Linux Docker Celery Flask Python 计算机二级,Django、爬虫、FastAPI、Redis、Linux、Docker、Celery、Flask、Python,计算机二级
方强,男,18328056033,fangqiang2993@163.com,13080763627,马鞍山,"期望岗位：后端开发工程师
期望城市：马鞍山
期望行业：互联网/信息技术/软件服务
期望薪资：4000-5000元",本科软件工程专业应届毕业生，掌握Go、Java基础技能，完成过课程设计与毕业项目，具备基础代码编写能力与问题排查思路，学习能力强，做事认真踏实，期望从事后端开发工程师相关工作。,"苏州科技大学 | 软件工程 | 本科
毕业时间：2022年6月
核心课程：Python编程、机器学习、算法设计与分析、数据库原理","【校园实践】
    · 参与学校计算机协会技术部，负责协会网站日常维护
    · 协助老师完成实验室设备管理与系统环境搭建
    · 参与班级课程设计小组，担任后端开发角色","■ 图书管理系统后端
  项目目标：实现图书借阅、归还、用户管理功能
  个人职责：负责接口开发与数据库表结构设计
  项目成果：完成核心功能，支持1000条数据量","专业技能：K8s、Java、Kafka、Redis、Go、Python、微服务
相关证书：无",应届毕业，具备扎实的专业基础知识与学习能力，能够快速掌握新技术；工作态度认真负责，有耐心，注重细节；具备良好的团队意识与沟通能力，能够积极配合团队完成任务；期望在工作中积累经验，快速成长。,本科 软件工程 应届 毕业生 Go Java 课程设计 项目 代码 编写 排查 后端 开发 工程师,图书 管理系统 后端 图书 借阅 归还 用户 管理 功能 接口 开发 数据库 结构设计 核心 功能 数据量,学校 计算机 协会 技术部 协会 网站 维护 老师 实验室 设备 管理 系统 环境 搭建 班级 课程设计 小组 后端 开发 角色,应届 基础知识 技术 认真负责,K8s Java Kafka Redis Go Python 微服务,K8s、Java、Kafka、Redis、Go、Python、微服务,
陆建,男,15140503817,lujian0231@qq.com,18692780911,安庆,"期望岗位：Python开发工程师
期望城市：安庆
期望行业：互联网/信息技术/软件服务
期望薪资：14000-19500元",3年Python开发工程师从业经验，精通Git技术架构，主导过中型项目从0到1落地，擅长技术方案设计与性能优化，曾推动核心模块技术重构，带来显著效率提升，具备跨部门协作与项目推进能力。,"福建师范大学 | 通信工程 | 本科
毕业时间：2019年6月
核心课程：数据库原理、操作系统、数据结构、Java程序设计","【云创信息技术有限公司】 Python开发工程师
2025年10月 - 至今
    · 承担分配模块的编码、测试与优化工作，保障系统稳定运行
    · 对接产品、测试团队，跟进需求落地与缺陷修复
    · 编写开发文档，沉淀技术规范，协助新人熟悉业务

【天擎互联网科技有限公司】 Python开发工程师
2024年11月 - 2025年9月
    · 承担分配模块的编码、测试与优化工作，保障系统稳定运行
    · 编写开发文档，沉淀技术规范，协助新人熟悉业务","■ 自动化运维平台
  项目目标：开发运维管理平台，实现服务器批量管理
  个人职责：负责监控、告警、任务调度模块后端开发
  项目成果：管理服务器200+，运维人力成本降低50%

■ 数据采集爬虫系统
  项目目标：搭建分布式爬虫平台，采集多渠道公开数据
  个人职责：负责反爬策略破解、数据清洗、入库逻辑开发
  项目成果：日均采集数据50万条，数据准确率98%以上","专业技能：Redis、Docker、爬虫、Linux、FastAPI、Django、Python、MySQL、MongoDB
相关证书：软考中级、红帽RHCE认证",拥有3年行业经验，技术视野开阔，具备方案设计与项目把控能力；逻辑清晰，善于定位并解决复杂技术问题；具备良好的团队管理与跨部门沟通能力，能够推动技术优化与业务落地；责任心强，追求技术与业务的平衡发展。,Python 开发 工程师 从业 Git 技术 架构 主导 中型 项目 落地 擅长 技术 方案设计 性能 推动 核心 模块 技术 重构 带来 显著 效率 跨部门 协作 项目 推进,自动化 运维 平台 开发 运维 管理 平台 服务器 批量 管理 监控 告警 任务调度 模块 后端 开发 管理 服务器 运维 人力 成本 降低 数据 采集 爬虫 系统 搭建 分布式 爬虫 平台 采集 多渠道 公开 数据 反爬 策略 破解 数据 清洗 入库 逻辑 开发 日均 采集 数据 万条 数据 准确率 以上,云创 信息技术 Python 开发 工程师 至今 分配 模块 编码 测试 保障系统 稳定 运行 对接 产品 测试 跟进 需求 落地 缺陷 修复 编写 开发 文档 沉淀 技术规范 新人 熟悉业务 天擎 互联网 科技 Python 开发 工程师 分配 模块 编码 测试 保障系统 稳定 运行 编写 开发 文档 沉淀 技术规范 新人 熟悉业务,技术 视野 开阔 方案设计 项目 逻辑 清晰 善于 定位 复杂 技术 管理 跨部门 推动 技术 业务 落地 责任心 追求 技术 业务 平衡 发展,Redis Docker 爬虫 Linux FastAPI Django Python MySQL MongoDB 软考中级 红帽RHCE认证,Redis、Docker、爬虫、Linux、FastAPI、Django、Python、MySQL、MongoDB,软考中级、红帽RHCE认证
陶雨萱,女,15771142407,tao雨xuan30@126.com,17767058942,漳州,"期望岗位：算法工程师
期望城市：漳州
期望行业：互联网/信息技术/软件服务
期望薪资：32500-34000元",6年算法工程师资深经验，精通全链路技术架构，具备团队技术规划与方案设计能力，主导过多个大型项目重构与升级，在高并发/系统稳定性领域有深厚积累，能够带领团队攻克技术难题，驱动业务技术升级。,"南京大学 | 通信工程 | 本科
毕业时间：2016年6月
核心课程：软件工程、操作系统、数据库原理、计算机网络","【美图公司】 算法工程师
2024年11月 - 至今
    · 承担分配模块的编码、测试与优化工作，保障系统稳定运行
    · 编写开发文档，沉淀技术规范，协助新人熟悉业务

【数聚互联网科技有限公司】 算法工程师
2022年4月 - 2024年1月
    · 承担分配模块的编码、测试与优化工作，保障系统稳定运行
    · 负责公司算法工程师相关业务的开发与维护，参与需求评审

【信雅软件有限公司】 算法工程师
2020年4月 - 2022年11月
    · 承担分配模块的编码、测试与优化工作，保障系统稳定运行
    · 负责公司算法工程师相关业务的开发与维护，参与需求评审","■ 风控欺诈识别模型
  项目目标：识别交易欺诈行为，降低资金损失风险
  个人职责：特征工程，构建XGBoost风控模型，在线部署与迭代
  项目成果：欺诈识别准确率达92%，每年减少损失超200万

■ 个性化推荐系统
  项目目标：提升内容推荐精准度，增加用户停留时长
  个人职责：负责协同过滤、深度学习推荐模型开发与离线优化
  项目成果：用户平均停留时长提升25%，点击率提升15%","专业技能：机器学习、计算机视觉、SQL、TensorFlow、算法优化、深度学习、PyTorch、特征工程、数据结构、NLP
相关证书：无",拥有6年行业经验，技术视野开阔，具备方案设计与项目把控能力；逻辑清晰，善于定位并解决复杂技术问题；具备良好的团队管理与跨部门沟通能力，能够推动技术优化与业务落地；责任心强，追求技术与业务的平衡发展。,算法 工程师 资深 链路 技术 架构 技术 规划 方案设计 主导 多个 大型项目 重构 升级 并发 系统 稳定性 领域 深厚 带领 攻克 技术难题 驱动 业务 技术升级,风控 欺诈 识别 模型 识别 交易 欺诈 行为 降低 资金 损失 风险 特征工程 构建 XGBoost 风控 模型 在线 部署 迭代 欺诈 识别 准确率 每年 减少 损失 个性化 推荐 系统 推荐 精准度 增加 用户 停留 时长 协同 过滤 深度学习 推荐 模型 开发 离线 用户 平均 停留 时长 点击率,美图 算法 工程师 至今 分配 模块 编码 测试 保障系统 稳定 运行 编写 开发 文档 沉淀 技术规范 新人 熟悉业务 数聚 互联网 科技 算法 工程师 分配 模块 编码 测试 保障系统 稳定 运行 算法 工程师 业务 开发 维护 需求 评审 信雅 软件 算法 工程师 分配 模块 编码 测试 保障系统 稳定 运行 算法 工程师 业务 开发 维护 需求 评审,技术 视野 开阔 方案设计 项目 逻辑 清晰 善于 定位 复杂 技术 管理 跨部门 推动 技术 业务 落地 责任心 追求 技术 业务 平衡 发展,机器学习 计算机视觉 SQL TensorFlow 算法优化 深度学习 PyTorch 特征工程 数据结构 NLP,机器学习、计算机视觉、SQL、TensorFlow、算法优化、深度学习、PyTorch、特征工程、数据结构、NLP,
孙天佑,男,15923755035,sun天you58@outlook.com,18579539170,南通,"期望岗位：Java开发工程师
期望城市：南通
期望行业：互联网/信息技术/软件服务
期望薪资：6000-11000元",2年Java开发工程师工作经验，精通Docker、SpringCloud技术栈，参与过完整项目迭代，能够独立完成模块开发与问题排查，注重代码质量与开发效率，具备良好的沟通协作能力。,"南京理工大学 | 计算机科学与技术 | 本科
毕业时间：2020年6月
核心课程：操作系统、Java程序设计、Python编程、软件工程","【新科信息技术有限公司】 Java开发工程师
2025年6月 - 至今
    · 对接产品、测试团队，跟进需求落地与缺陷修复
    · 承担分配模块的编码、测试与优化工作，保障系统稳定运行

【汇智科技有限公司】 Java开发工程师
2024年4月 - 2025年9月
    · 负责公司Java开发工程师相关业务的开发与维护，参与需求评审
    · 编写开发文档，沉淀技术规范，协助新人熟悉业务
    · 承担分配模块的编码、测试与优化工作，保障系统稳定运行","■ 电商订单交易系统
  项目目标：搭建高可用电商订单系统，支撑大促流量峰值
  个人职责：负责订单创建、支付回调、库存扣减核心逻辑开发
  项目成果：支撑日均订单量10万+，系统可用性达99.95%

■ 微服务用户中心重构
  项目目标：将单体用户系统拆分为微服务架构，提升并发承载能力
  个人职责：负责登录、注册、权限模块开发，优化数据库查询与缓存策略
  项目成果：支持并发量从500提升至5000，接口响应耗时减少60%","专业技能：MySQL、RabbitMQ、SpringBoot、Java、JVM调优、Redis、SpringCloud、Docker
相关证书：英语六级",拥有2年实际工作经验，技术功底扎实，熟悉完整开发流程；具备较强的问题解决能力，能够独立排查并解决常见技术问题；工作认真负责，注重团队协作，能够高效推进项目落地；持续学习，保持技术敏感度。,Java 开发 工程师 Docker SpringCloud 技术 完整 项目 迭代 独立 模块 开发 排查 代码 质量 开发 效率 协作,电商 订单 交易系统 搭建 可用 电商 订单 系统 支撑 大促 流量 峰值 订单 创建 支付 回调 库存 扣减 核心 逻辑 开发 支撑 日均 订单 系统 可用性 微服务 用户 中心 重构 单体 用户 系统 分为 微服务 架构 并发 承载能力 登录 注册 权限 模块 开发 数据库 查询 缓存 策略 并发 接口 响应 耗时 减少,新科 信息技术 Java 开发 工程师 至今 对接 产品 测试 跟进 需求 落地 缺陷 修复 分配 模块 编码 测试 保障系统 稳定 运行 汇智 科技 Java 开发 工程师 Java 开发 工程师 业务 开发 维护 需求 评审 编写 开发 文档 沉淀 技术规范 新人 熟悉业务 分配 模块 编码 测试 保障系统 稳定 运行,实际 技术 功底 完整 开发 流程 独立 排查 常见 技术 认真负责 协作 高效 推进 项目 落地 持续 保持 技术 敏感度,MySQL RabbitMQ SpringBoot Java JVM调优 Redis SpringCloud Docker 英语六级,MySQL、RabbitMQ、SpringBoot、Java、JVM调优、Redis、SpringCloud、Docker,英语六级
余彬,男,15174572869,yubin856@outlook.com,wx_yubin_185,无锡,"期望岗位：数据分析师
期望城市：无锡
期望行业：互联网/信息技术/软件服务
期望薪资：3000-5500元",专科软件技术专业应届毕业生，掌握Python、Tableau基础技能，完成过课程设计与毕业项目，具备基础代码编写能力与问题排查思路，学习能力强，做事认真踏实，期望从事数据分析师相关工作。,"苏州职业大学 | 软件技术 | 专科
毕业时间：2022年6月
核心课程：数字信号处理、操作系统、Python编程、Java程序设计","【校园实践】
    · 参与学校计算机协会技术部，负责协会网站日常维护
    · 协助老师完成实验室设备管理与系统环境搭建
    · 参与班级课程设计小组，担任后端开发角色","■ 电商公开数据爬取分析
  项目目标：采集公开电商商品数据并分析
  个人职责：数据爬取、清洗、价格销量分析
  项目成果：输出可视化分析图表","专业技能：Hive、Pandas、MySQL、Python、统计学
相关证书：无",应届毕业，具备扎实的专业基础知识与学习能力，能够快速掌握新技术；工作态度认真负责，有耐心，注重细节；具备良好的团队意识与沟通能力，能够积极配合团队完成任务；期望在工作中积累经验，快速成长。,专科 软件技术 应届 毕业生 Python Tableau 课程设计 项目 代码 编写 排查 数据 分析师,电商 公开 数据 爬取 分析 采集 公开 电商 商品 数据 分析 数据 爬取 清洗 价格 销量 分析 可视化 分析 图表,学校 计算机 协会 技术部 协会 网站 维护 老师 实验室 设备 管理 系统 环境 搭建 班级 课程设计 小组 后端 开发 角色,应届 基础知识 技术 认真负责,Hive Pandas MySQL Python 统计学,Hive、Pandas、MySQL、Python、统计学,
石雪,女,15613484181,shixue44@gmail.com,wx_shixue_578,常州,"期望岗位：运维工程师
期望城市：常州
期望行业：互联网/信息技术/软件服务
期望薪资：16500-18000元",3年运维工程师从业经验，精通MySQL技术架构，主导过中型项目从0到1落地，擅长技术方案设计与性能优化，曾推动核心模块技术重构，带来显著效率提升，具备跨部门协作与项目推进能力。,"东南大学 | 数字媒体技术 | 本科
毕业时间：2019年6月
核心课程：Python编程、操作系统、软件工程、数字信号处理","【中软互联网科技有限公司】 运维工程师
2025年7月 - 至今
    · 负责公司运维工程师相关业务的开发与维护，参与需求评审
    · 对接产品、测试团队，跟进需求落地与缺陷修复
    · 编写开发文档，沉淀技术规范，协助新人熟悉业务

【启明互联网科技有限公司】 运维工程师
2024年2月 - 2025年5月
    · 编写开发文档，沉淀技术规范，协助新人熟悉业务
    · 负责公司运维工程师相关业务的开发与维护，参与需求评审","■ 服务器集群运维优化
  项目目标：提升服务器集群稳定性，降低故障发生率
  个人职责：负责日常巡检、故障排查，优化监控告警规则与分级策略
  项目成果：服务器故障率下降60%，平均故障响应时间缩短至15分钟

■ CI/CD自动化流水线
  项目目标：实现代码自动化构建、测试、部署，提升发布效率
  个人职责：基于Jenkins搭建持续集成流水线，配置Docker容器化部署
  项目成果：发布周期从每周1次提升至每天3次，部署失误率降为0","专业技能：Redis、Prometheus、Ansible、Docker、网络运维、Shell
相关证书：英语六级、英语四级",拥有3年行业经验，技术视野开阔，具备方案设计与项目把控能力；逻辑清晰，善于定位并解决复杂技术问题；具备良好的团队管理与跨部门沟通能力，能够推动技术优化与业务落地；责任心强，追求技术与业务的平衡发展。,运维 工程师 从业 MySQL 技术 架构 主导 中型 项目 落地 擅长 技术 方案设计 性能 推动 核心 模块 技术 重构 带来 显著 效率 跨部门 协作 项目 推进,服务器 集群 运维 服务器 集群 稳定性 降低 故障 发生率 巡检 故障 排查 监控 告警 规则 分级 策略 服务器 故障率 下降 平均 故障 响应 时间 缩短 分钟 CI CD 自动化 流水线 代码 自动化 构建 测试 部署 发布 效率 基于 Jenkins 搭建 持续 集成 流水线 配置 Docker 容器 部署 发布 周期 每周 每天 部署 失误 降为,中软 互联网 科技 运维 工程师 至今 运维 工程师 业务 开发 维护 需求 评审 对接 产品 测试 跟进 需求 落地 缺陷 修复 编写 开发 文档 沉淀 技术规范 新人 熟悉业务 启明 互联网 科技 运维 工程师 编写 开发 文档 沉淀 技术规范 新人 熟悉业务 运维 工程师 业务 开发 维护 需求 评审,技术 视野 开阔 方案设计 项目 逻辑 清晰 善于 定位 复杂 技术 管理 跨部门 推动 技术 业务 落地 责任心 追求 技术 业务 平衡 发展,Redis Prometheus Ansible Docker 网络运维 Shell 英语六级 英语四级,Redis、Prometheus、Ansible、Docker、网络运维、Shell,英语六级、英语四级
韦佳,女,15263332833,weijia9442@163.com,wx_weijia_563,南平,"期望岗位：Java开发工程师
期望城市：南平
期望行业：互联网/信息技术/软件服务
期望薪资：4500-5000元",专科物联网工程专业应届毕业生，掌握Docker、微服务基础技能，完成过课程设计与毕业项目，具备基础代码编写能力与问题排查思路，学习能力强，做事认真踏实，期望从事Java开发工程师相关工作。,"福建船政交通职业学院 | 物联网工程 | 专科
毕业时间：2022年6月
核心课程：数据库原理、数据结构、Java程序设计、软件工程","【校园实践】
    · 参与学校计算机协会技术部，负责协会网站日常维护
    · 协助老师完成实验室设备管理与系统环境搭建
    · 参与班级课程设计小组，担任后端开发角色","■ 校园二手交易平台（毕设）
  项目目标：搭建校园闲置物品发布与交易平台
  个人职责：负责用户模块、商品发布模块开发
  项目成果：完成系统原型，获得良好成绩","专业技能：SpringBoot、Git、RabbitMQ、Java
相关证书：无",应届毕业，具备扎实的专业基础知识与学习能力，能够快速掌握新技术；工作态度认真负责，有耐心，注重细节；具备良好的团队意识与沟通能力，能够积极配合团队完成任务；期望在工作中积累经验，快速成长。,专科 物联网工程 应届 毕业生 Docker 微服务 课程设计 项目 代码 编写 排查 Java 开发 工程师,二手交易 平台 毕设 搭建 闲置 物品 发布 交易平台 用户 模块 商品 发布 模块 开发 系统 原型 获得 成绩,学校 计算机 协会 技术部 协会 网站 维护 老师 实验室 设备 管理 系统 环境 搭建 班级 课程设计 小组 后端 开发 角色,应届 基础知识 技术 认真负责,SpringBoot Git RabbitMQ Java,SpringBoot、Git、RabbitMQ、Java,
谭浩然,男,18770840255,tanhaoran94@163.com,17752778187,马鞍山,"期望岗位：算法工程师
期望城市：马鞍山
期望行业：互联网/信息技术/软件服务
期望薪资：6500-7000元",专科信息管理与信息系统专业应届毕业生，有0段算法工程师实习经验，掌握算法优化技术栈，参与过实习项目开发，具备良好的代码规范与团队协作意识，能够快速上手业务，期望正式入职发展。,"福州职业技术学院 | 信息管理与信息系统 | 专科
毕业时间：2022年6月
核心课程：计算机网络、数字信号处理、Python编程、数据库原理","【中软互联网科技有限公司】 算法工程师（实习）
2022年5月 - 至今
    · 对接产品、测试团队，跟进需求落地与缺陷修复
    · 负责公司算法工程师相关业务的开发与维护，参与需求评审
    · 编写开发文档，沉淀技术规范，协助新人熟悉业务","■ 电影推荐系统（毕设）
  项目目标：基于协同过滤实现简单电影推荐
  个人职责：数据处理、模型实现、效果验证
  项目成果：召回准确率达到75%

■ 手写数字识别（课程作业）
  项目目标：基于MNIST数据集实现手写数字识别
  个人职责：使用CNN搭建模型，训练与调优
  项目成果：识别准确率达到92%","专业技能：深度学习、Python、SQL、特征工程
相关证书：无",有实习经验，熟悉开发基本流程，具备基础的项目实践能力；学习能力强，能够快速上手新业务新技术；工作踏实，责任心强，善于沟通协作，能够高效完成分配的工作任务。,专科 信息管理与信息系统 应届 毕业生 算法 工程师 实习 算法优化 技术 实习 项目 开发 代码 规范 协作 上手 业务 正式 入职 发展,电影 推荐 系统 毕设 基于 协同 过滤 简单 电影 推荐 数据处理 模型 效果 验证 召回 准确率 达到 手写 数字 识别 作业 基于 MNIST 数据 手写 数字 识别 CNN 搭建 模型 训练 调优 识别 准确率 达到,中软 互联网 科技 算法 工程师 实习 至今 对接 产品 测试 跟进 需求 落地 缺陷 修复 算法 工程师 业务 开发 维护 需求 评审 编写 开发 文档 沉淀 技术规范 新人 熟悉业务,实习 开发 基本 流程 项目 实践 上手 业务 技术 责任心 善于 协作 高效 分配,深度学习 Python SQL 特征工程,深度学习、Python、SQL、特征工程,
莫一诺,女,17765872111,mo一nuo417@163.com,wx_mo一nuo_960,南平,"期望岗位：后端开发工程师
期望城市：南平
期望行业：互联网/信息技术/软件服务
期望薪资：11000-11500元",3年后端开发工程师工作经验，精通Gin、Python技术栈，参与过完整项目迭代，能够独立完成模块开发与问题排查，注重代码质量与开发效率，具备良好的沟通协作能力。,"中山大学 | 数字媒体技术 | 本科
毕业时间：2019年6月
核心课程：操作系统、软件工程、Python编程、算法设计与分析","【合众数据技术有限公司】 后端开发工程师
2025年4月 - 至今
    · 对接产品、测试团队，跟进需求落地与缺陷修复
    · 负责公司后端开发工程师相关业务的开发与维护，参与需求评审

【信雅网络科技有限公司】 后端开发工程师
2024年11月 - 2025年5月
    · 对接产品、测试团队，跟进需求落地与缺陷修复
    · 承担分配模块的编码、测试与优化工作，保障系统稳定运行","■ 内容管理系统后端
  项目目标：搭建CMS系统后端服务，支持多站点内容发布
  个人职责：负责文章、栏目、权限模块接口开发，设计数据库表结构
  项目成果：支撑8个站点同时运营，内容发布效率提升3倍

■ 即时通讯服务开发
  项目目标：实现企业内部IM系统后端消息推送与存储
  个人职责：负责消息队列、离线消息、会话管理模块开发
  项目成果：支持万人同时在线，消息送达延迟低于100ms","专业技能：K8s、Gin、Java、Go、Docker、Kafka、微服务、SpringBoot、Redis、PostgreSQL
相关证书：软件设计师（中级）",拥有3年实际工作经验，技术功底扎实，熟悉完整开发流程；具备较强的问题解决能力，能够独立排查并解决常见技术问题；工作认真负责，注重团队协作，能够高效推进项目落地；持续学习，保持技术敏感度。,年后 开发 工程师 Gin Python 技术 完整 项目 迭代 独立 模块 开发 排查 代码 质量 开发 效率 协作,管理系统 后端 搭建 CMS 系统 后端 服务 站点 发布 文章 栏目 权限 模块接口 开发 数据库 结构 支撑 站点 运营 发布 效率 即时通讯 服务 开发 企业 内部 IM 系统 后端 消息 推送 存储 消息 队列 离线 消息 会话 管理 模块 开发 万人 同时在线 消息 送达 延迟 低于 100ms,合众 数据 技术 后端 开发 工程师 至今 对接 产品 测试 跟进 需求 落地 缺陷 修复 后端 开发 工程师 业务 开发 维护 需求 评审 信雅 网络科技 后端 开发 工程师 对接 产品 测试 跟进 需求 落地 缺陷 修复 分配 模块 编码 测试 保障系统 稳定 运行,实际 技术 功底 完整 开发 流程 独立 排查 常见 技术 认真负责 协作 高效 推进 项目 落地 持续 保持 技术 敏感度,K8s Gin Java Go Docker Kafka 微服务 SpringBoot Redis PostgreSQL 软件 设计师 中级,K8s、Gin、Java、Go、Docker、Kafka、微服务、SpringBoot、Redis、PostgreSQL,软件设计师（中级）
段鹏,男,18249267630,duanpeng1855@126.com,wx_duanpeng_519,宁德,"期望岗位：运维工程师
期望城市：宁德
期望行业：互联网/信息技术/软件服务
期望薪资：9000-11500元",2年运维工程师工作经验，精通Docker、Ansible技术栈，参与过完整项目迭代，能够独立完成模块开发与问题排查，注重代码质量与开发效率，具备良好的沟通协作能力。,"泉州经贸职业技术学院 | 电子信息工程 | 专科
毕业时间：2020年6月
核心课程：数据库原理、数字信号处理、机器学习、操作系统","【合众科技有限公司】 运维工程师
2025年3月 - 至今
    · 编写开发文档，沉淀技术规范，协助新人熟悉业务
    · 对接产品、测试团队，跟进需求落地与缺陷修复
    · 负责公司运维工程师相关业务的开发与维护，参与需求评审

【智联软件有限公司】 运维工程师
2024年9月 - 2025年8月
    · 负责公司运维工程师相关业务的开发与维护，参与需求评审
    · 编写开发文档，沉淀技术规范，协助新人熟悉业务
    · 承担分配模块的编码、测试与优化工作，保障系统稳定运行","■ CI/CD自动化流水线
  项目目标：实现代码自动化构建、测试、部署，提升发布效率
  个人职责：基于Jenkins搭建持续集成流水线，配置Docker容器化部署
  项目成果：发布周期从每周1次提升至每天3次，部署失误率降为0

■ 服务器集群运维优化
  项目目标：提升服务器集群稳定性，降低故障发生率
  个人职责：负责日常巡检、故障排查，优化监控告警规则与分级策略
  项目成果：服务器故障率下降60%，平均故障响应时间缩短至15分钟","专业技能：Docker、Prometheus、网络运维、Redis、Linux、Nginx、Shell
相关证书：PMP项目管理专业人士",拥有2年实际工作经验，技术功底扎实，熟悉完整开发流程；具备较强的问题解决能力，能够独立排查并解决常见技术问题；工作认真负责，注重团队协作，能够高效推进项目落地；持续学习，保持技术敏感度。,运维 工程师 Docker Ansible 技术 完整 项目 迭代 独立 模块 开发 排查 代码 质量 开发 效率 协作,CI CD 自动化 流水线 代码 自动化 构建 测试 部署 发布 效率 基于 Jenkins 搭建 持续 集成 流水线 配置 Docker 容器 部署 发布 周期 每周 每天 部署 失误 降为 服务器 集群 运维 服务器 集群 稳定性 降低 故障 发生率 巡检 故障 排查 监控 告警 规则 分级 策略 服务器 故障率 下降 平均 故障 响应 时间 缩短 分钟,合众 科技 运维 工程师 至今 编写 开发 文档 沉淀 技术规范 新人 熟悉业务 对接 产品 测试 跟进 需求 落地 缺陷 修复 运维 工程师 业务 开发 维护 需求 评审 智联 软件 运维 工程师 运维 工程师 业务 开发 维护 需求 评审 编写 开发 文档 沉淀 技术规范 新人 熟悉业务 分配 模块 编码 测试 保障系统 稳定 运行,实际 技术 功底 完整 开发 流程 独立 排查 常见 技术 认真负责 协作 高效 推进 项目 落地 持续 保持 技术 敏感度,Docker Prometheus 网络运维 Redis Linux Nginx Shell PMP项目管理专业人士,Docker、Prometheus、网络运维、Redis、Linux、Nginx、Shell,PMP项目管理专业人士
徐雨萱,女,13195079504,xu雨xuan8430@126.com,wx_xu雨xuan_181,无锡,"期望岗位：前端开发工程师
期望城市：无锡
期望行业：互联网/信息技术/软件服务
期望薪资：16000-18500元",4年前端开发工程师从业经验，精通CSS3技术架构，主导过中型项目从0到1落地，擅长技术方案设计与性能优化，曾推动核心模块技术重构，带来显著效率提升，具备跨部门协作与项目推进能力。,"佛山科学技术学院 | 电子信息工程 | 本科
毕业时间：2018年6月
核心课程：Java程序设计、数据结构、Python编程、计算机网络","【汇智信息技术有限公司】 前端开发工程师
2024年12月 - 至今
    · 对接产品、测试团队，跟进需求落地与缺陷修复
    · 负责公司前端开发工程师相关业务的开发与维护，参与需求评审
    · 承担分配模块的编码、测试与优化工作，保障系统稳定运行

【微远互联网科技有限公司】 前端开发工程师
2022年4月 - 2024年9月
    · 编写开发文档，沉淀技术规范，协助新人熟悉业务
    · 负责公司前端开发工程师相关业务的开发与维护，参与需求评审
    · 承担分配模块的编码、测试与优化工作，保障系统稳定运行","■ 电商平台前端重构
  项目目标：升级旧版电商系统前端架构，提升用户体验与加载速度
  个人职责：负责商品详情页、购物车模块开发，组件化封装公共组件
  项目成果：首屏加载时间从3.2s降至1.8s，页面转化率提升12%

■ 企业后台管理系统
  项目目标：搭建企业运营管理后台，实现业务数据可视化
  个人职责：负责权限管理、数据报表模块开发，对接后端接口联调
  项目成果：覆盖12个业务部门，运营效率提升40%","专业技能：React、JavaScript、Webpack、Vite、移动端适配、TypeScript、Ant Design、HTML5、Axios
相关证书：软考中级、计算机一级",拥有4年行业经验，技术视野开阔，具备方案设计与项目把控能力；逻辑清晰，善于定位并解决复杂技术问题；具备良好的团队管理与跨部门沟通能力，能够推动技术优化与业务落地；责任心强，追求技术与业务的平衡发展。,前端开发 工程师 从业 CSS3 技术 架构 主导 中型 项目 落地 擅长 技术 方案设计 性能 推动 核心 模块 技术 重构 带来 显著 效率 跨部门 协作 项目 推进,电商 平台 前端 重构 升级 旧版 电商 系统 前端 架构 用户 体验 加载 速度 商品 详情页 购物车 模块 开发 组件 封装 公共 组件 首屏 加载 时间 3.2 降至 1.8 页面 转化率 企业 后台 管理系统 搭建 企业 运营 管理 后台 业务 数据可视化 权限 管理 数据报表 模块 开发 对接 后端 接口 联调 覆盖 业务部门 运营 效率,汇智 信息技术 前端开发 工程师 至今 对接 产品 测试 跟进 需求 落地 缺陷 修复 前端开发 工程师 业务 开发 维护 需求 评审 分配 模块 编码 测试 保障系统 稳定 运行 微远 互联网 科技 前端开发 工程师 编写 开发 文档 沉淀 技术规范 新人 熟悉业务 前端开发 工程师 业务 开发 维护 需求 评审 分配 模块 编码 测试 保障系统 稳定 运行,技术 视野 开阔 方案设计 项目 逻辑 清晰 善于 定位 复杂 技术 管理 跨部门 推动 技术 业务 落地 责任心 追求 技术 业务 平衡 发展,React JavaScript Webpack Vite 移动端适配 TypeScript Ant Design HTML5 Axios 软考中级 计算机一级,React、JavaScript、Webpack、Vite、移动端适配、TypeScript、Ant Design、HTML5、Axios,软考中级、计算机一级
张欣,女,13429429841,zhangxin20@qq.com,13550280964,马鞍山,"期望岗位：软件测试工程师
期望城市：马鞍山
期望行业：互联网/信息技术/软件服务
期望薪资：3000-5500元",专科电子信息工程专业应届毕业生，掌握JMeter、Appium基础技能，完成过课程设计与毕业项目，具备基础代码编写能力与问题排查思路，学习能力强，做事认真踏实，期望从事软件测试工程师相关工作。,"苏州职业大学 | 电子信息工程 | 专科
毕业时间：2022年6月
核心课程：机器学习、数据库原理、操作系统、Python编程","【校园实践】
    · 参与学校计算机协会技术部，负责协会网站日常维护
    · 协助老师完成实验室设备管理与系统环境搭建
    · 参与班级课程设计小组，担任后端开发角色","■ 学生管理系统功能测试
  项目目标：对课程设计系统进行功能测试与缺陷提交
  个人职责：设计测试用例，执行黑盒测试
  项目成果：发现并提交8个功能缺陷","专业技能：Appium、Postman、功能测试、接口测试、MySQL、测试用例设计、TestNG
相关证书：计算机二级",应届毕业，具备扎实的专业基础知识与学习能力，能够快速掌握新技术；工作态度认真负责，有耐心，注重细节；具备良好的团队意识与沟通能力，能够积极配合团队完成任务；期望在工作中积累经验，快速成长。,专科 电子信息工程 应届 毕业生 JMeter Appium 课程设计 项目 代码 编写 排查 软件测试 工程师,学生 管理系统 功能测试 课程设计 系统 功能测试 缺陷 提交 测试用例 执行 黑盒 测试 发现 提交 功能 缺陷,学校 计算机 协会 技术部 协会 网站 维护 老师 实验室 设备 管理 系统 环境 搭建 班级 课程设计 小组 后端 开发 角色,应届 基础知识 技术 认真负责,Appium Postman 功能测试 接口测试 MySQL 测试用例设计 TestNG 计算机二级,Appium、Postman、功能测试、接口测试、MySQL、测试用例设计、TestNG,计算机二级
卢峰,男,15960073895,lufeng340@qq.com,wx_lufeng_449,南通,"期望岗位：前端开发工程师
期望城市：南通
期望行业：互联网/信息技术/软件服务
期望薪资：16500-28000元",8年前端开发工程师资深经验，精通全链路技术架构，具备团队技术规划与方案设计能力，主导过多个大型项目重构与升级，在高并发/系统稳定性领域有深厚积累，能够带领团队攻克技术难题，驱动业务技术升级。,"集美大学 | 信息管理与信息系统 | 本科
毕业时间：2014年6月
核心课程：数字信号处理、操作系统、软件工程、数据库原理","【星图网络科技有限公司】 前端开发工程师
2024年3月 - 至今
    · 对接产品、测试团队，跟进需求落地与缺陷修复
    · 承担分配模块的编码、测试与优化工作，保障系统稳定运行
    · 编写开发文档，沉淀技术规范，协助新人熟悉业务

【未来科技有限公司】 前端开发工程师
2022年9月 - 2024年4月
    · 对接产品、测试团队，跟进需求落地与缺陷修复
    · 承担分配模块的编码、测试与优化工作，保障系统稳定运行
    · 编写开发文档，沉淀技术规范，协助新人熟悉业务

【博思网络科技有限公司】 前端开发工程师
2020年9月 - 2022年9月
    · 对接产品、测试团队，跟进需求落地与缺陷修复
    · 负责公司前端开发工程师相关业务的开发与维护，参与需求评审
    · 承担分配模块的编码、测试与优化工作，保障系统稳定运行","■ 企业后台管理系统
  项目目标：搭建企业运营管理后台，实现业务数据可视化
  个人职责：负责权限管理、数据报表模块开发，对接后端接口联调
  项目成果：覆盖12个业务部门，运营效率提升40%

■ 电商平台前端重构
  项目目标：升级旧版电商系统前端架构，提升用户体验与加载速度
  个人职责：负责商品详情页、购物车模块开发，组件化封装公共组件
  项目成果：首屏加载时间从3.2s降至1.8s，页面转化率提升12%","专业技能：移动端适配、Vite、JavaScript、Element UI、Webpack、Axios
相关证书：华为HCIA认证、MySQL数据库认证",拥有8年行业经验，技术视野开阔，具备方案设计与项目把控能力；逻辑清晰，善于定位并解决复杂技术问题；具备良好的团队管理与跨部门沟通能力，能够推动技术优化与业务落地；责任心强，追求技术与业务的平衡发展。,前端开发 工程师 资深 链路 技术 架构 技术 规划 方案设计 主导 多个 大型项目 重构 升级 并发 系统 稳定性 领域 深厚 带领 攻克 技术难题 驱动 业务 技术升级,企业 后台 管理系统 搭建 企业 运营 管理 后台 业务 数据可视化 权限 管理 数据报表 模块 开发 对接 后端 接口 联调 覆盖 业务部门 运营 效率 电商 平台 前端 重构 升级 旧版 电商 系统 前端 架构 用户 体验 加载 速度 商品 详情页 购物车 模块 开发 组件 封装 公共 组件 首屏 加载 时间 3.2 降至 1.8 页面 转化率,星图 网络科技 前端开发 工程师 至今 对接 产品 测试 跟进 需求 落地 缺陷 修复 分配 模块 编码 测试 保障系统 稳定 运行 编写 开发 文档 沉淀 技术规范 新人 熟悉业务 未来 科技 前端开发 工程师 对接 产品 测试 跟进 需求 落地 缺陷 修复 分配 模块 编码 测试 保障系统 稳定 运行 编写 开发 文档 沉淀 技术规范 新人 熟悉业务 博思 网络科技 前端开发 工程师 对接 产品 测试 跟进 需求 落地 缺陷 修复 前端开发 工程师 业务 开发 维护 需求 评审 分配 模块 编码 测试 保障系统 稳定 运行,技术 视野 开阔 方案设计 项目 逻辑 清晰 善于 定位 复杂 技术 管理 跨部门 推动 技术 业务 落地 责任心 追求 技术 业务 平衡 发展,移动端适配 Vite JavaScript Element UI Webpack Axios 华为HCIA认证 MySQL数据库认证,移动端适配、Vite、JavaScript、Element UI、Webpack、Axios,华为HCIA认证、MySQL数据库认证
胡华,男,15983690409,huhua0102@163.com,wx_huhua_581,厦门,"期望岗位：软件测试工程师
期望城市：厦门
期望行业：互联网/信息技术/软件服务
期望薪资：6000-7000元",3年软件测试工程师工作经验，精通性能测试、缺陷管理技术栈，参与过完整项目迭代，能够独立完成模块开发与问题排查，注重代码质量与开发效率，具备良好的沟通协作能力。,"江西交通职业技术学院 | 软件工程 | 专科
毕业时间：2019年6月
核心课程：数据库原理、操作系统、数字信号处理、机器学习","【用友网络科技有限公司】 软件测试工程师
2025年10月 - 至今
    · 对接产品、测试团队，跟进需求落地与缺陷修复
    · 承担分配模块的编码、测试与优化工作，保障系统稳定运行
    · 负责公司软件测试工程师相关业务的开发与维护，参与需求评审

【新科信息技术有限公司】 软件测试工程师
2024年8月 - 2025年12月
    · 编写开发文档，沉淀技术规范，协助新人熟悉业务
    · 负责公司软件测试工程师相关业务的开发与维护，参与需求评审
    · 承担分配模块的编码、测试与优化工作，保障系统稳定运行","■ 自动化测试框架搭建
  项目目标：提升回归测试效率，减少人工重复劳动
  个人职责：基于Selenium搭建UI自动化框架，编写核心模块测试脚本
  项目成果：回归测试周期从7天缩短至2天，覆盖率达85%

■ 电商平台功能测试
  项目目标：保障电商系统上线质量，覆盖全业务流程
  个人职责：设计测试用例，执行功能、回归测试，提交缺陷报告
  项目成果：发现并修复120+缺陷，上线后线上缺陷率低于0.5%","专业技能：Appium、Postman、测试用例设计、Python、MySQL、功能测试
相关证书：系统架构设计师、软考中级",拥有3年实际工作经验，技术功底扎实，熟悉完整开发流程；具备较强的问题解决能力，能够独立排查并解决常见技术问题；工作认真负责，注重团队协作，能够高效推进项目落地；持续学习，保持技术敏感度。,软件测试 工程师 性能测试 缺陷管理 技术 完整 项目 迭代 独立 模块 开发 排查 代码 质量 开发 效率 协作,自动化 测试 框架 搭建 回归 测试 效率 减少 人工 重复劳动 基于 Selenium 搭建 UI 自动化 框架 编写 核心 模块 测试 脚本 回归 测试 周期 缩短 覆盖率 电商 平台 功能测试 保障 电商 系统 上线 质量 覆盖 业务流程 测试用例 执行 功能 回归 测试 提交 缺陷 报告 发现 修复 缺陷 上线 后线 缺陷率 低于,用友 网络科技 软件测试 工程师 至今 对接 产品 测试 跟进 需求 落地 缺陷 修复 分配 模块 编码 测试 保障系统 稳定 运行 软件测试 工程师 业务 开发 维护 需求 评审 新科 信息技术 软件测试 工程师 编写 开发 文档 沉淀 技术规范 新人 熟悉业务 软件测试 工程师 业务 开发 维护 需求 评审 分配 模块 编码 测试 保障系统 稳定 运行,实际 技术 功底 完整 开发 流程 独立 排查 常见 技术 认真负责 协作 高效 推进 项目 落地 持续 保持 技术 敏感度,Appium Postman 测试用例设计 Python MySQL 功能测试 系统架构设计师 软考中级,Appium、Postman、测试用例设计、Python、MySQL、功能测试,系统架构设计师、软考中级
汤浩然,男,18176141521,tanghaoran233@outlook.com,18478015877,嘉兴,"期望岗位：算法工程师
期望城市：嘉兴
期望行业：互联网/信息技术/软件服务
期望薪资：7000-7500元",专科通信工程专业应届毕业生，有0段算法工程师实习经验，掌握机器学习技术栈，参与过实习项目开发，具备良好的代码规范与团队协作意识，能够快速上手业务，期望正式入职发展。,"福州职业技术学院 | 通信工程 | 专科
毕业时间：2022年6月
核心课程：算法设计与分析、机器学习、数字信号处理、软件工程","【未来网络科技有限公司】 算法工程师（实习）
2020年11月 - 至今
    · 对接产品、测试团队，跟进需求落地与缺陷修复
    · 承担分配模块的编码、测试与优化工作，保障系统稳定运行","■ 手写数字识别（课程作业）
  项目目标：基于MNIST数据集实现手写数字识别
  个人职责：使用CNN搭建模型，训练与调优
  项目成果：识别准确率达到92%

■ 电影推荐系统（毕设）
  项目目标：基于协同过滤实现简单电影推荐
  个人职责：数据处理、模型实现、效果验证
  项目成果：召回准确率达到75%","专业技能：Python、PyTorch、NLP、特征工程
相关证书：软考中级、英语四级",有实习经验，熟悉开发基本流程，具备基础的项目实践能力；学习能力强，能够快速上手新业务新技术；工作踏实，责任心强，善于沟通协作，能够高效完成分配的工作任务。,专科 通信工程 应届 毕业生 算法 工程师 实习 机器学习 技术 实习 项目 开发 代码 规范 协作 上手 业务 正式 入职 发展,手写 数字 识别 作业 基于 MNIST 数据 手写 数字 识别 CNN 搭建 模型 训练 调优 识别 准确率 达到 电影 推荐 系统 毕设 基于 协同 过滤 简单 电影 推荐 数据处理 模型 效果 验证 召回 准确率 达到,未来 网络科技 算法 工程师 实习 至今 对接 产品 测试 跟进 需求 落地 缺陷 修复 分配 模块 编码 测试 保障系统 稳定 运行,实习 开发 基本 流程 项目 实践 上手 业务 技术 责任心 善于 协作 高效 分配,Python PyTorch NLP 特征工程 软考中级 英语四级,Python、PyTorch、NLP、特征工程,软考中级、英语四级
段恒,男,18061796810,duanheng1286@163.com,15078926854,嘉兴,"期望岗位：Python开发工程师
期望城市：嘉兴
期望行业：互联网/信息技术/软件服务
期望薪资：面议",1年Python开发工程师工作经验，精通Docker、Django技术栈，参与过完整项目迭代，能够独立完成模块开发与问题排查，注重代码质量与开发效率，具备良好的沟通协作能力。,"广东技术师范大学 | 网络工程 | 本科
毕业时间：2021年6月
核心课程：数字信号处理、操作系统、数据库原理、软件工程","【星图互联网科技有限公司】 Python开发工程师
2025年3月 - 至今
    · 编写开发文档，沉淀技术规范，协助新人熟悉业务
    · 对接产品、测试团队，跟进需求落地与缺陷修复","■ 数据采集爬虫系统
  项目目标：搭建分布式爬虫平台，采集多渠道公开数据
  个人职责：负责反爬策略破解、数据清洗、入库逻辑开发
  项目成果：日均采集数据50万条，数据准确率98%以上

■ 自动化运维平台
  项目目标：开发运维管理平台，实现服务器批量管理
  个人职责：负责监控、告警、任务调度模块后端开发
  项目成果：管理服务器200+，运维人力成本降低50%","专业技能：Django、MongoDB、Linux、Docker、Flask、FastAPI
相关证书：无",拥有1年实际工作经验，技术功底扎实，熟悉完整开发流程；具备较强的问题解决能力，能够独立排查并解决常见技术问题；工作认真负责，注重团队协作，能够高效推进项目落地；持续学习，保持技术敏感度。,Python 开发 工程师 Docker Django 技术 完整 项目 迭代 独立 模块 开发 排查 代码 质量 开发 效率 协作,数据 采集 爬虫 系统 搭建 分布式 爬虫 平台 采集 多渠道 公开 数据 反爬 策略 破解 数据 清洗 入库 逻辑 开发 日均 采集 数据 万条 数据 准确率 以上 自动化 运维 平台 开发 运维 管理 平台 服务器 批量 管理 监控 告警 任务调度 模块 后端 开发 管理 服务器 运维 人力 成本 降低,星图 互联网 科技 Python 开发 工程师 至今 编写 开发 文档 沉淀 技术规范 新人 熟悉业务 对接 产品 测试 跟进 需求 落地 缺陷 修复,实际 技术 功底 完整 开发 流程 独立 排查 常见 技术 认真负责 协作 高效 推进 项目 落地 持续 保持 技术 敏感度,Django MongoDB Linux Docker Flask FastAPI,Django、MongoDB、Linux、Docker、Flask、FastAPI,
顾安然,女,18157722214,guanran450@qq.com,17748240171,杭州,"期望岗位：Java开发工程师
期望城市：杭州
期望行业：互联网/信息技术/软件服务
期望薪资：4000-5500元",专科电子信息工程专业应届毕业生，掌握Docker、Java基础技能，完成过课程设计与毕业项目，具备基础代码编写能力与问题排查思路，学习能力强，做事认真踏实，期望从事Java开发工程师相关工作。,"福建船政交通职业学院 | 电子信息工程 | 专科
毕业时间：2022年6月
核心课程：机器学习、Python编程、软件工程、数字信号处理","【校园实践】
    · 参与学校计算机协会技术部，负责协会网站日常维护
    · 协助老师完成实验室设备管理与系统环境搭建
    · 参与班级课程设计小组，担任后端开发角色","■ 学生成绩管理系统（课程设计）
  项目目标：实现学生信息、成绩、班级的增删改查管理
  个人职责：负责后端接口开发与数据库设计
  项目成果：完成基础功能，通过课程答辩","专业技能：Docker、MySQL、MyBatis、Java、JVM调优、Redis
相关证书：华为HCIA认证、计算机一级",应届毕业，具备扎实的专业基础知识与学习能力，能够快速掌握新技术；工作态度认真负责，有耐心，注重细节；具备良好的团队意识与沟通能力，能够积极配合团队完成任务；期望在工作中积累经验，快速成长。,专科 电子信息工程 应届 毕业生 Docker Java 课程设计 项目 代码 编写 排查 Java 开发 工程师,学生 成绩 管理系统 课程设计 学生 信息 成绩 班级 增删 改查 管理 后端 接口 开发 数据库 功能 答辩,学校 计算机 协会 技术部 协会 网站 维护 老师 实验室 设备 管理 系统 环境 搭建 班级 课程设计 小组 后端 开发 角色,应届 基础知识 技术 认真负责,Docker MySQL MyBatis Java JVM调优 Redis 华为HCIA认证 计算机一级,Docker、MySQL、MyBatis、Java、JVM调优、Redis,华为HCIA认证、计算机一级
田宇,男,13300986385,tianyu471@gmail.com,wx_tianyu_384,蚌埠,"期望岗位：数据分析师
期望城市：蚌埠
期望行业：互联网/信息技术/软件服务
期望薪资：面议",本科物联网工程专业应届毕业生，掌握NumPy、数据可视化基础技能，完成过课程设计与毕业项目，具备基础代码编写能力与问题排查思路，学习能力强，做事认真踏实，期望从事数据分析师相关工作。,"江西师范大学 | 物联网工程 | 本科
毕业时间：2022年6月
核心课程：计算机网络、Python编程、软件工程、数据库原理","【校园实践】
    · 参与学校计算机协会技术部，负责协会网站日常维护
    · 协助老师完成实验室设备管理与系统环境搭建
    · 参与班级课程设计小组，担任后端开发角色","■ 电商公开数据爬取分析
  项目目标：采集公开电商商品数据并分析
  个人职责：数据爬取、清洗、价格销量分析
  项目成果：输出可视化分析图表","专业技能：Excel、Tableau、NumPy、Hive、SQL、数据可视化
相关证书：英语四级、英语六级",应届毕业，具备扎实的专业基础知识与学习能力，能够快速掌握新技术；工作态度认真负责，有耐心，注重细节；具备良好的团队意识与沟通能力，能够积极配合团队完成任务；期望在工作中积累经验，快速成长。,本科 物联网工程 应届 毕业生 NumPy 数据可视化 课程设计 项目 代码 编写 排查 数据 分析师,电商 公开 数据 爬取 分析 采集 公开 电商 商品 数据 分析 数据 爬取 清洗 价格 销量 分析 可视化 分析 图表,学校 计算机 协会 技术部 协会 网站 维护 老师 实验室 设备 管理 系统 环境 搭建 班级 课程设计 小组 后端 开发 角色,应届 基础知识 技术 认真负责,Excel Tableau NumPy Hive SQL 数据可视化 英语四级 英语六级,Excel、Tableau、NumPy、Hive、SQL、数据可视化,英语四级、英语六级
任子轩,男,15118572926,ren子xuan71@163.com,wx_ren子xuan_819,常州,"期望岗位：后端开发工程师
期望城市：常州
期望行业：互联网/信息技术/软件服务
期望薪资：7500-11500元",2年后端开发工程师工作经验，精通Java、PostgreSQL技术栈，参与过完整项目迭代，能够独立完成模块开发与问题排查，注重代码质量与开发效率，具备良好的沟通协作能力。,"暨南大学 | 数字媒体技术 | 本科
毕业时间：2020年6月
核心课程：操作系统、计算机网络、数据库原理、数据结构","【合众网络科技有限公司】 后端开发工程师
2025年6月 - 至今
    · 编写开发文档，沉淀技术规范，协助新人熟悉业务
    · 承担分配模块的编码、测试与优化工作，保障系统稳定运行
    · 对接产品、测试团队，跟进需求落地与缺陷修复

【合众网络科技有限公司】 后端开发工程师
2024年11月 - 2025年12月
    · 负责公司后端开发工程师相关业务的开发与维护，参与需求评审
    · 承担分配模块的编码、测试与优化工作，保障系统稳定运行","■ 内容管理系统后端
  项目目标：搭建CMS系统后端服务，支持多站点内容发布
  个人职责：负责文章、栏目、权限模块接口开发，设计数据库表结构
  项目成果：支撑8个站点同时运营，内容发布效率提升3倍

■ 即时通讯服务开发
  项目目标：实现企业内部IM系统后端消息推送与存储
  个人职责：负责消息队列、离线消息、会话管理模块开发
  项目成果：支持万人同时在线，消息送达延迟低于100ms","专业技能：K8s、Go、PostgreSQL、Java、Gin、MySQL、微服务、SpringBoot
相关证书：英语六级",拥有2年实际工作经验，技术功底扎实，熟悉完整开发流程；具备较强的问题解决能力，能够独立排查并解决常见技术问题；工作认真负责，注重团队协作，能够高效推进项目落地；持续学习，保持技术敏感度。,年后 开发 工程师 Java PostgreSQL 技术 完整 项目 迭代 独立 模块 开发 排查 代码 质量 开发 效率 协作,管理系统 后端 搭建 CMS 系统 后端 服务 站点 发布 文章 栏目 权限 模块接口 开发 数据库 结构 支撑 站点 运营 发布 效率 即时通讯 服务 开发 企业 内部 IM 系统 后端 消息 推送 存储 消息 队列 离线 消息 会话 管理 模块 开发 万人 同时在线 消息 送达 延迟 低于 100ms,合众 网络科技 后端 开发 工程师 至今 编写 开发 文档 沉淀 技术规范 新人 熟悉业务 分配 模块 编码 测试 保障系统 稳定 运行 对接 产品 测试 跟进 需求 落地 缺陷 修复 合众 网络科技 后端 开发 工程师 后端 开发 工程师 业务 开发 维护 需求 评审 分配 模块 编码 测试 保障系统 稳定 运行,实际 技术 功底 完整 开发 流程 独立 排查 常见 技术 认真负责 协作 高效 推进 项目 落地 持续 保持 技术 敏感度,K8s Go PostgreSQL Java Gin MySQL 微服务 SpringBoot 英语六级,K8s、Go、PostgreSQL、Java、Gin、MySQL、微服务、SpringBoot,英语六级
金佳,女,13743202014,jinjia18@qq.com,18082881592,滁州,"期望岗位：Java开发工程师
期望城市：滁州
期望行业：互联网/信息技术/软件服务
期望薪资：10500-11000元",1年Java开发工程师工作经验，精通Linux、RabbitMQ技术栈，参与过完整项目迭代，能够独立完成模块开发与问题排查，注重代码质量与开发效率，具备良好的沟通协作能力。,"南京工程学院 | 通信工程 | 本科
毕业时间：2021年6月
核心课程：计算机网络、算法设计与分析、机器学习、软件工程","【东软信息技术有限公司】 Java开发工程师
2025年3月 - 至今
    · 承担分配模块的编码、测试与优化工作，保障系统稳定运行
    · 编写开发文档，沉淀技术规范，协助新人熟悉业务
    · 负责公司Java开发工程师相关业务的开发与维护，参与需求评审","■ 电商订单交易系统
  项目目标：搭建高可用电商订单系统，支撑大促流量峰值
  个人职责：负责订单创建、支付回调、库存扣减核心逻辑开发
  项目成果：支撑日均订单量10万+，系统可用性达99.95%

■ 微服务用户中心重构
  项目目标：将单体用户系统拆分为微服务架构，提升并发承载能力
  个人职责：负责登录、注册、权限模块开发，优化数据库查询与缓存策略
  项目成果：支持并发量从500提升至5000，接口响应耗时减少60%","专业技能：微服务、Docker、Git、JVM调优、MyBatis、MySQL
相关证书：无",拥有1年实际工作经验，技术功底扎实，熟悉完整开发流程；具备较强的问题解决能力，能够独立排查并解决常见技术问题；工作认真负责，注重团队协作，能够高效推进项目落地；持续学习，保持技术敏感度。,Java 开发 工程师 Linux RabbitMQ 技术 完整 项目 迭代 独立 模块 开发 排查 代码 质量 开发 效率 协作,电商 订单 交易系统 搭建 可用 电商 订单 系统 支撑 大促 流量 峰值 订单 创建 支付 回调 库存 扣减 核心 逻辑 开发 支撑 日均 订单 系统 可用性 微服务 用户 中心 重构 单体 用户 系统 分为 微服务 架构 并发 承载能力 登录 注册 权限 模块 开发 数据库 查询 缓存 策略 并发 接口 响应 耗时 减少,东软 信息技术 Java 开发 工程师 至今 分配 模块 编码 测试 保障系统 稳定 运行 编写 开发 文档 沉淀 技术规范 新人 熟悉业务 Java 开发 工程师 业务 开发 维护 需求 评审,实际 技术 功底 完整 开发 流程 独立 排查 常见 技术 认真负责 协作 高效 推进 项目 落地 持续 保持 技术 敏感度,微服务 Docker Git JVM调优 MyBatis MySQL,微服务、Docker、Git、JVM调优、MyBatis、MySQL,
邱宇,男,18308670458,qiuyu5018@gmail.com,15797321019,南平,"期望岗位：软件测试工程师
期望城市：南平
期望行业：互联网/信息技术/软件服务
期望薪资：16500-30000元",9年软件测试工程师资深经验，精通全链路技术架构，具备团队技术规划与方案设计能力，主导过多个大型项目重构与升级，在高并发/系统稳定性领域有深厚积累，能够带领团队攻克技术难题，驱动业务技术升级。,"暨南大学 | 数据科学与大数据技术 | 本科
毕业时间：2013年6月
核心课程：数据结构、数字信号处理、Python编程、机器学习","【天擎信息技术有限公司】 软件测试工程师
2023年12月 - 至今
    · 编写开发文档，沉淀技术规范，协助新人熟悉业务
    · 承担分配模块的编码、测试与优化工作，保障系统稳定运行
    · 负责公司软件测试工程师相关业务的开发与维护，参与需求评审

【安硕互联网科技有限公司】 软件测试工程师
2020年8月 - 2023年7月
    · 承担分配模块的编码、测试与优化工作，保障系统稳定运行
    · 编写开发文档，沉淀技术规范，协助新人熟悉业务
    · 负责公司软件测试工程师相关业务的开发与维护，参与需求评审

【东软网络科技有限公司】 软件测试工程师
2017年4月 - 2020年6月
    · 对接产品、测试团队，跟进需求落地与缺陷修复
    · 负责公司软件测试工程师相关业务的开发与维护，参与需求评审","■ 电商平台功能测试
  项目目标：保障电商系统上线质量，覆盖全业务流程
  个人职责：设计测试用例，执行功能、回归测试，提交缺陷报告
  项目成果：发现并修复120+缺陷，上线后线上缺陷率低于0.5%

■ 自动化测试框架搭建
  项目目标：提升回归测试效率，减少人工重复劳动
  个人职责：基于Selenium搭建UI自动化框架，编写核心模块测试脚本
  项目成果：回归测试周期从7天缩短至2天，覆盖率达85%","专业技能：缺陷管理、测试用例设计、Postman、JMeter、功能测试、Selenium
相关证书：阿里云ACP云计算认证、计算机一级",拥有9年行业经验，技术视野开阔，具备方案设计与项目把控能力；逻辑清晰，善于定位并解决复杂技术问题；具备良好的团队管理与跨部门沟通能力，能够推动技术优化与业务落地；责任心强，追求技术与业务的平衡发展。,软件测试 工程师 资深 链路 技术 架构 技术 规划 方案设计 主导 多个 大型项目 重构 升级 并发 系统 稳定性 领域 深厚 带领 攻克 技术难题 驱动 业务 技术升级,电商 平台 功能测试 保障 电商 系统 上线 质量 覆盖 业务流程 测试用例 执行 功能 回归 测试 提交 缺陷 报告 发现 修复 缺陷 上线 后线 缺陷率 低于 自动化 测试 框架 搭建 回归 测试 效率 减少 人工 重复劳动 基于 Selenium 搭建 UI 自动化 框架 编写 核心 模块 测试 脚本 回归 测试 周期 缩短 覆盖率,天擎 信息技术 软件测试 工程师 至今 编写 开发 文档 沉淀 技术规范 新人 熟悉业务 分配 模块 编码 测试 保障系统 稳定 运行 软件测试 工程师 业务 开发 维护 需求 评审 安硕 互联网 科技 软件测试 工程师 分配 模块 编码 测试 保障系统 稳定 运行 编写 开发 文档 沉淀 技术规范 新人 熟悉业务 软件测试 工程师 业务 开发 维护 需求 评审 东软 网络科技 软件测试 工程师 对接 产品 测试 跟进 需求 落地 缺陷 修复 软件测试 工程师 业务 开发 维护 需求 评审,技术 视野 开阔 方案设计 项目 逻辑 清晰 善于 定位 复杂 技术 管理 跨部门 推动 技术 业务 落地 责任心 追求 技术 业务 平衡 发展,缺陷管理 测试用例设计 Postman JMeter 功能测试 Selenium 阿里云ACP云计算认证 计算机一级,缺陷管理、测试用例设计、Postman、JMeter、功能测试、Selenium,阿里云ACP云计算认证、计算机一级
何梓涵,女,18929091800,he梓han617@gmail.com,wx_he梓han_922,安庆,"期望岗位：运维工程师
期望城市：安庆
期望行业：互联网/信息技术/软件服务
期望薪资：面议",3年运维工程师工作经验，精通MySQL、Jenkins技术栈，参与过完整项目迭代，能够独立完成模块开发与问题排查，注重代码质量与开发效率，具备良好的沟通协作能力。,"厦门理工学院 | 数字媒体技术 | 本科
毕业时间：2019年6月
核心课程：数字信号处理、操作系统、算法设计与分析、Python编程","【博思数据技术有限公司】 运维工程师
2025年7月 - 至今
    · 承担分配模块的编码、测试与优化工作，保障系统稳定运行
    · 对接产品、测试团队，跟进需求落地与缺陷修复
    · 负责公司运维工程师相关业务的开发与维护，参与需求评审

【卓望科技有限公司】 运维工程师
2024年12月 - 2025年1月
    · 编写开发文档，沉淀技术规范，协助新人熟悉业务
    · 承担分配模块的编码、测试与优化工作，保障系统稳定运行
    · 对接产品、测试团队，跟进需求落地与缺陷修复","■ CI/CD自动化流水线
  项目目标：实现代码自动化构建、测试、部署，提升发布效率
  个人职责：基于Jenkins搭建持续集成流水线，配置Docker容器化部署
  项目成果：发布周期从每周1次提升至每天3次，部署失误率降为0

■ 服务器集群运维优化
  项目目标：提升服务器集群稳定性，降低故障发生率
  个人职责：负责日常巡检、故障排查，优化监控告警规则与分级策略
  项目成果：服务器故障率下降60%，平均故障响应时间缩短至15分钟","专业技能：Ansible、Prometheus、Linux、Zabbix、Shell、网络运维
相关证书：华为HCIA认证、计算机一级、MySQL数据库认证",拥有3年实际工作经验，技术功底扎实，熟悉完整开发流程；具备较强的问题解决能力，能够独立排查并解决常见技术问题；工作认真负责，注重团队协作，能够高效推进项目落地；持续学习，保持技术敏感度。,运维 工程师 MySQL Jenkins 技术 完整 项目 迭代 独立 模块 开发 排查 代码 质量 开发 效率 协作,CI CD 自动化 流水线 代码 自动化 构建 测试 部署 发布 效率 基于 Jenkins 搭建 持续 集成 流水线 配置 Docker 容器 部署 发布 周期 每周 每天 部署 失误 降为 服务器 集群 运维 服务器 集群 稳定性 降低 故障 发生率 巡检 故障 排查 监控 告警 规则 分级 策略 服务器 故障率 下降 平均 故障 响应 时间 缩短 分钟,博思 数据 技术 运维 工程师 至今 分配 模块 编码 测试 保障系统 稳定 运行 对接 产品 测试 跟进 需求 落地 缺陷 修复 运维 工程师 业务 开发 维护 需求 评审 卓望 科技 运维 工程师 编写 开发 文档 沉淀 技术规范 新人 熟悉业务 分配 模块 编码 测试 保障系统 稳定 运行 对接 产品 测试 跟进 需求 落地 缺陷 修复,实际 技术 功底 完整 开发 流程 独立 排查 常见 技术 认真负责 协作 高效 推进 项目 落地 持续 保持 技术 敏感度,Ansible Prometheus Linux Zabbix Shell 网络运维 华为HCIA认证 计算机一级 MySQL数据库认证,Ansible、Prometheus、Linux、Zabbix、Shell、网络运维,华为HCIA认证、计算机一级、MySQL数据库认证
万军,男,15089844443,wanjun0257@gmail.com,13398723454,徐州,"期望岗位：前端开发工程师
期望城市：徐州
期望行业：互联网/信息技术/软件服务
期望薪资：4500-6500元",专科信息管理与信息系统专业应届毕业生，有0段前端开发工程师实习经验，掌握React技术栈，参与过实习项目开发，具备良好的代码规范与团队协作意识，能够快速上手业务，期望正式入职发展。,"深圳职业技术学院 | 信息管理与信息系统 | 专科
毕业时间：2022年6月
核心课程：软件工程、数据结构、计算机网络、算法设计与分析","【吉比特网络】 前端开发工程师（实习）
2018年7月 - 至今
    · 负责公司前端开发工程师相关业务的开发与维护，参与需求评审
    · 编写开发文档，沉淀技术规范，协助新人熟悉业务
    · 承担分配模块的编码、测试与优化工作，保障系统稳定运行","■ 校园社团官网（实训项目）
  项目目标：为学校社团开发官方展示网站
  个人职责：负责首页、新闻页、成员页开发
  项目成果：上线后访问量累计5000+

■ 个人博客系统（课程作业）
  项目目标：开发个人博客前端页面，实现文章展示与评论
  个人职责：负责页面布局、交互效果、接口联调
  项目成果：完成响应式页面，兼容多浏览器","专业技能：HTML5、移动端适配、Ant Design、CSS3
相关证书：英语四级",有实习经验，熟悉开发基本流程，具备基础的项目实践能力；学习能力强，能够快速上手新业务新技术；工作踏实，责任心强，善于沟通协作，能够高效完成分配的工作任务。,专科 信息管理与信息系统 应届 毕业生 前端开发 工程师 实习 React 技术 实习 项目 开发 代码 规范 协作 上手 业务 正式 入职 发展,社团 官网 实训 项目 学校 社团 开发 官方 展示 网站 首页 新闻页 成员 开发 上线 访问量 累计 博客 系统 作业 开发 博客 前端 页面 文章 展示 评论 页面 布局 交互 效果 接口 联调 响应 页面 兼容 浏览器,比特 网络 前端开发 工程师 实习 至今 前端开发 工程师 业务 开发 维护 需求 评审 编写 开发 文档 沉淀 技术规范 新人 熟悉业务 分配 模块 编码 测试 保障系统 稳定 运行,实习 开发 基本 流程 项目 实践 上手 业务 技术 责任心 善于 协作 高效 分配,HTML5 移动端适配 Ant Design CSS3 英语四级,HTML5、移动端适配、Ant Design、CSS3,英语四级
蒋凯,男,15264226965,jiangkai56@163.com,15661365806,台州,"期望岗位：软件测试工程师
期望城市：台州
期望行业：互联网/信息技术/软件服务
期望薪资：5500-7500元",本科通信工程专业应届毕业生，有0段软件测试工程师实习经验，掌握功能测试技术栈，参与过实习项目开发，具备良好的代码规范与团队协作意识，能够快速上手业务，期望正式入职发展。,"南京工程学院 | 通信工程 | 本科
毕业时间：2022年6月
核心课程：数据结构、操作系统、Java程序设计、数据库原理","【智联科技有限公司】 软件测试工程师（实习）
2023年3月 - 至今
    · 编写开发文档，沉淀技术规范，协助新人熟悉业务
    · 承担分配模块的编码、测试与优化工作，保障系统稳定运行","■ 学生管理系统功能测试
  项目目标：对课程设计系统进行功能测试与缺陷提交
  个人职责：设计测试用例，执行黑盒测试
  项目成果：发现并提交8个功能缺陷

■ 网页兼容性测试实训
  项目目标：对多个网站进行浏览器兼容测试
  个人职责：制定测试方案，输出测试报告
  项目成果：覆盖5款主流浏览器","专业技能：接口测试、测试用例设计、MySQL、Postman、Selenium
相关证书：计算机一级",有实习经验，熟悉开发基本流程，具备基础的项目实践能力；学习能力强，能够快速上手新业务新技术；工作踏实，责任心强，善于沟通协作，能够高效完成分配的工作任务。,本科 通信工程 应届 毕业生 软件测试 工程师 实习 功能测试 技术 实习 项目 开发 代码 规范 协作 上手 业务 正式 入职 发展,学生 管理系统 功能测试 课程设计 系统 功能测试 缺陷 提交 测试用例 执行 黑盒 测试 发现 提交 功能 缺陷 网页 兼容性 测试 实训 多个 网站 浏览器 兼容 测试 制定 测试 方案 测试报告 覆盖 主流 浏览器,智联 科技 软件测试 工程师 实习 至今 编写 开发 文档 沉淀 技术规范 新人 熟悉业务 分配 模块 编码 测试 保障系统 稳定 运行,实习 开发 基本 流程 项目 实践 上手 业务 技术 责任心 善于 协作 高效 分配,接口测试 测试用例设计 MySQL Postman Selenium 计算机一级,接口测试、测试用例设计、MySQL、Postman、Selenium,计算机一级
高涛,男,13498838697,gaotao33@126.com,wx_gaotao_672,温州,"期望岗位：数据分析师
期望城市：温州
期望行业：互联网/信息技术/软件服务
期望薪资：面议",5年数据分析师从业经验，精通Excel技术架构，主导过中型项目从0到1落地，擅长技术方案设计与性能优化，曾推动核心模块技术重构，带来显著效率提升，具备跨部门协作与项目推进能力。,"福建农林大学 | 信息管理与信息系统 | 本科
毕业时间：2017年6月
核心课程：Java程序设计、操作系统、数字信号处理、机器学习","【云创软件有限公司】 数据分析师
2025年7月 - 至今
    · 承担分配模块的编码、测试与优化工作，保障系统稳定运行
    · 负责公司数据分析师相关业务的开发与维护，参与需求评审

【通元信息技术有限公司】 数据分析师
2024年2月 - 2025年3月
    · 承担分配模块的编码、测试与优化工作，保障系统稳定运行
    · 编写开发文档，沉淀技术规范，协助新人熟悉业务
    · 负责公司数据分析师相关业务的开发与维护，参与需求评审

【新科信息技术有限公司】 数据分析师
2023年10月 - 2024年6月
    · 编写开发文档，沉淀技术规范，协助新人熟悉业务
    · 承担分配模块的编码、测试与优化工作，保障系统稳定运行
    · 对接产品、测试团队，跟进需求落地与缺陷修复","■ 销售数据预测建模
  项目目标：基于历史数据预测销量，指导库存与备货
  个人职责：数据预处理，构建时间序列预测模型，输出月度预测报告
  项目成果：预测准确率达89%，库存周转效率提升25%

■ 用户行为分析看板
  项目目标：构建用户行为数据体系，支撑运营决策
  个人职责：负责数据清洗、指标体系搭建，输出可视化运营报表
  项目成果：输出15+核心运营指标，支撑每月3次运营优化，用户留存率提升8%","专业技能：Pandas、Python、Tableau、Excel、Power BI、统计学、用户分析、Hive
相关证书：无",拥有5年行业经验，技术视野开阔，具备方案设计与项目把控能力；逻辑清晰，善于定位并解决复杂技术问题；具备良好的团队管理与跨部门沟通能力，能够推动技术优化与业务落地；责任心强，追求技术与业务的平衡发展。,数据 分析师 从业 Excel 技术 架构 主导 中型 项目 落地 擅长 技术 方案设计 性能 推动 核心 模块 技术 重构 带来 显著 效率 跨部门 协作 项目 推进,销售 数据 预测 建模 基于 历史数据 预测 销量 指导 库存 备货 数据 预处理 构建 时间 序列 预测 模型 月度 预测 报告 预测 准确率 库存 周转 效率 用户 行为 分析 看板 构建 用户 行为 数据 体系 支撑 运营 决策 数据 清洗 指标体系 搭建 可视化 运营 报表 核心 运营 指标 支撑 每月 运营 用户 留存,云创 软件 数据 分析师 至今 分配 模块 编码 测试 保障系统 稳定 运行 数据 分析师 业务 开发 维护 需求 评审 通元 信息技术 数据 分析师 分配 模块 编码 测试 保障系统 稳定 运行 编写 开发 文档 沉淀 技术规范 新人 熟悉业务 数据 分析师 业务 开发 维护 需求 评审 新科 信息技术 数据 分析师 编写 开发 文档 沉淀 技术规范 新人 熟悉业务 分配 模块 编码 测试 保障系统 稳定 运行 对接 产品 测试 跟进 需求 落地 缺陷 修复,技术 视野 开阔 方案设计 项目 逻辑 清晰 善于 定位 复杂 技术 管理 跨部门 推动 技术 业务 落地 责任心 追求 技术 业务 平衡 发展,Pandas Python Tableau Excel Power BI 统计学 用户分析 Hive,Pandas、Python、Tableau、Excel、Power BI、统计学、用户分析、Hive,
周霞,女,18723935435,zhouxia80@gmail.com,18360932778,无锡,"期望岗位：软件测试工程师
期望城市：无锡
期望行业：互联网/信息技术/软件服务
期望薪资：19500-20000元",4年软件测试工程师从业经验，精通接口测试技术架构，主导过中型项目从0到1落地，擅长技术方案设计与性能优化，曾推动核心模块技术重构，带来显著效率提升，具备跨部门协作与项目推进能力。,"苏州职业大学 | 网络工程 | 专科
毕业时间：2018年6月
核心课程：算法设计与分析、数据结构、数字信号处理、计算机网络","【用友互联网科技有限公司】 软件测试工程师
2024年12月 - 至今
    · 编写开发文档，沉淀技术规范，协助新人熟悉业务
    · 负责公司软件测试工程师相关业务的开发与维护，参与需求评审

【云创信息技术有限公司】 软件测试工程师
2022年5月 - 2024年3月
    · 对接产品、测试团队，跟进需求落地与缺陷修复
    · 承担分配模块的编码、测试与优化工作，保障系统稳定运行
    · 负责公司软件测试工程师相关业务的开发与维护，参与需求评审","■ 电商平台功能测试
  项目目标：保障电商系统上线质量，覆盖全业务流程
  个人职责：设计测试用例，执行功能、回归测试，提交缺陷报告
  项目成果：发现并修复120+缺陷，上线后线上缺陷率低于0.5%

■ 自动化测试框架搭建
  项目目标：提升回归测试效率，减少人工重复劳动
  个人职责：基于Selenium搭建UI自动化框架，编写核心模块测试脚本
  项目成果：回归测试周期从7天缩短至2天，覆盖率达85%","专业技能：TestNG、缺陷管理、MySQL、接口测试、JMeter、性能测试、Python、Selenium
相关证书：无",拥有4年行业经验，技术视野开阔，具备方案设计与项目把控能力；逻辑清晰，善于定位并解决复杂技术问题；具备良好的团队管理与跨部门沟通能力，能够推动技术优化与业务落地；责任心强，追求技术与业务的平衡发展。,软件测试 工程师 从业 接口测试 技术 架构 主导 中型 项目 落地 擅长 技术 方案设计 性能 推动 核心 模块 技术 重构 带来 显著 效率 跨部门 协作 项目 推进,电商 平台 功能测试 保障 电商 系统 上线 质量 覆盖 业务流程 测试用例 执行 功能 回归 测试 提交 缺陷 报告 发现 修复 缺陷 上线 后线 缺陷率 低于 自动化 测试 框架 搭建 回归 测试 效率 减少 人工 重复劳动 基于 Selenium 搭建 UI 自动化 框架 编写 核心 模块 测试 脚本 回归 测试 周期 缩短 覆盖率,用友 互联网 科技 软件测试 工程师 至今 编写 开发 文档 沉淀 技术规范 新人 熟悉业务 软件测试 工程师 业务 开发 维护 需求 评审 云创 信息技术 软件测试 工程师 对接 产品 测试 跟进 需求 落地 缺陷 修复 分配 模块 编码 测试 保障系统 稳定 运行 软件测试 工程师 业务 开发 维护 需求 评审,技术 视野 开阔 方案设计 项目 逻辑 清晰 善于 定位 复杂 技术 管理 跨部门 推动 技术 业务 落地 责任心 追求 技术 业务 平衡 发展,TestNG 缺陷管理 MySQL 接口测试 JMeter 性能测试 Python Selenium,TestNG、缺陷管理、MySQL、接口测试、JMeter、性能测试、Python、Selenium,
汪欣,女,18946022470,wangxin9713@163.com,wx_wangxin_475,福州,"期望岗位：软件测试工程师
期望城市：福州
期望行业：互联网/信息技术/软件服务
期望薪资：3000-6000元",本科数字媒体技术专业应届毕业生，掌握Postman、功能测试基础技能，完成过课程设计与毕业项目，具备基础代码编写能力与问题排查思路，学习能力强，做事认真踏实，期望从事软件测试工程师相关工作。,"中山大学 | 数字媒体技术 | 本科
毕业时间：2022年6月
核心课程：算法设计与分析、软件工程、数据结构、数据库原理","【校园实践】
    · 参与学校计算机协会技术部，负责协会网站日常维护
    · 协助老师完成实验室设备管理与系统环境搭建
    · 参与班级课程设计小组，担任后端开发角色","■ 网页兼容性测试实训
  项目目标：对多个网站进行浏览器兼容测试
  个人职责：制定测试方案，输出测试报告
  项目成果：覆盖5款主流浏览器","专业技能：JMeter、性能测试、测试用例设计、Python
相关证书：计算机一级",应届毕业，具备扎实的专业基础知识与学习能力，能够快速掌握新技术；工作态度认真负责，有耐心，注重细节；具备良好的团队意识与沟通能力，能够积极配合团队完成任务；期望在工作中积累经验，快速成长。,本科 数字媒体技术 应届 毕业生 Postman 功能测试 课程设计 项目 代码 编写 排查 软件测试 工程师,网页 兼容性 测试 实训 多个 网站 浏览器 兼容 测试 制定 测试 方案 测试报告 覆盖 主流 浏览器,学校 计算机 协会 技术部 协会 网站 维护 老师 实验室 设备 管理 系统 环境 搭建 班级 课程设计 小组 后端 开发 角色,应届 基础知识 技术 认真负责,JMeter 性能测试 测试用例设计 Python 计算机一级,JMeter、性能测试、测试用例设计、Python,计算机一级
郭霞,女,13524645792,guoxia4432@outlook.com,wx_guoxia_958,滁州,"期望岗位：算法工程师
期望城市：滁州
期望行业：互联网/信息技术/软件服务
期望薪资：6500-7500元",2年算法工程师工作经验，精通深度学习、数据结构技术栈，参与过完整项目迭代，能够独立完成模块开发与问题排查，注重代码质量与开发效率，具备良好的沟通协作能力。,"苏州职业大学 | 信息管理与信息系统 | 专科
毕业时间：2020年6月
核心课程：算法设计与分析、Java程序设计、数据库原理、操作系统","【云创信息技术有限公司】 算法工程师
2025年7月 - 至今
    · 负责公司算法工程师相关业务的开发与维护，参与需求评审
    · 对接产品、测试团队，跟进需求落地与缺陷修复
    · 编写开发文档，沉淀技术规范，协助新人熟悉业务

【东软软件有限公司】 算法工程师
2024年5月 - 2025年12月
    · 对接产品、测试团队，跟进需求落地与缺陷修复
    · 编写开发文档，沉淀技术规范，协助新人熟悉业务","■ 风控欺诈识别模型
  项目目标：识别交易欺诈行为，降低资金损失风险
  个人职责：特征工程，构建XGBoost风控模型，在线部署与迭代
  项目成果：欺诈识别准确率达92%，每年减少损失超200万

■ 个性化推荐系统
  项目目标：提升内容推荐精准度，增加用户停留时长
  个人职责：负责协同过滤、深度学习推荐模型开发与离线优化
  项目成果：用户平均停留时长提升25%，点击率提升15%","专业技能：机器学习、推荐算法、数据结构、TensorFlow、特征工程、SQL、深度学习、NLP、Python
相关证书：软考中级、计算机二级",拥有2年实际工作经验，技术功底扎实，熟悉完整开发流程；具备较强的问题解决能力，能够独立排查并解决常见技术问题；工作认真负责，注重团队协作，能够高效推进项目落地；持续学习，保持技术敏感度。,算法 工程师 深度学习 数据结构 技术 完整 项目 迭代 独立 模块 开发 排查 代码 质量 开发 效率 协作,风控 欺诈 识别 模型 识别 交易 欺诈 行为 降低 资金 损失 风险 特征工程 构建 XGBoost 风控 模型 在线 部署 迭代 欺诈 识别 准确率 每年 减少 损失 个性化 推荐 系统 推荐 精准度 增加 用户 停留 时长 协同 过滤 深度学习 推荐 模型 开发 离线 用户 平均 停留 时长 点击率,云创 信息技术 算法 工程师 至今 算法 工程师 业务 开发 维护 需求 评审 对接 产品 测试 跟进 需求 落地 缺陷 修复 编写 开发 文档 沉淀 技术规范 新人 熟悉业务 东软 软件 算法 工程师 对接 产品 测试 跟进 需求 落地 缺陷 修复 编写 开发 文档 沉淀 技术规范 新人 熟悉业务,实际 技术 功底 完整 开发 流程 独立 排查 常见 技术 认真负责 协作 高效 推进 项目 落地 持续 保持 技术 敏感度,机器学习 推荐算法 数据结构 TensorFlow 特征工程 SQL 深度学习 NLP Python 软考中级 计算机二级,机器学习、推荐算法、数据结构、TensorFlow、特征工程、SQL、深度学习、NLP、Python,软考中级、计算机二级
周悦,女,13444672868,zhouyue85@163.com,18116656489,马鞍山,"期望岗位：后端开发工程师
期望城市：马鞍山
期望行业：互联网/信息技术/软件服务
期望薪资：面议",专科通信工程专业应届毕业生，掌握PostgreSQL、SpringBoot基础技能，完成过课程设计与毕业项目，具备基础代码编写能力与问题排查思路，学习能力强，做事认真踏实，期望从事后端开发工程师相关工作。,"福建船政交通职业学院 | 通信工程 | 专科
毕业时间：2022年6月
核心课程：数据结构、Python编程、机器学习、操作系统","【校园实践】
    · 参与学校计算机协会技术部，负责协会网站日常维护
    · 协助老师完成实验室设备管理与系统环境搭建
    · 参与班级课程设计小组，担任后端开发角色","■ 简单论坛系统
  项目目标：实现帖子发布、回复、板块管理
  个人职责：负责后端服务开发与接口文档编写
  项目成果：支持百人同时在线访问","专业技能：Redis、Python、Java、Kafka
相关证书：英语六级、阿里云ACP云计算认证",应届毕业，具备扎实的专业基础知识与学习能力，能够快速掌握新技术；工作态度认真负责，有耐心，注重细节；具备良好的团队意识与沟通能力，能够积极配合团队完成任务；期望在工作中积累经验，快速成长。,专科 通信工程 应届 毕业生 PostgreSQL SpringBoot 课程设计 项目 代码 编写 排查 后端 开发 工程师,简单 论坛 系统 帖子 发布 回复 板块 管理 后端 服务 开发 接口 文档 编写 百人 同时在线 访问,学校 计算机 协会 技术部 协会 网站 维护 老师 实验室 设备 管理 系统 环境 搭建 班级 课程设计 小组 后端 开发 角色,应届 基础知识 技术 认真负责,Redis Python Java Kafka 英语六级 阿里云ACP云计算认证,Redis、Python、Java、Kafka,英语六级、阿里云ACP云计算认证
田红,女,13589257533,tianhong898@163.com,wx_tianhong_208,马鞍山,"期望岗位：前端开发工程师
期望城市：马鞍山
期望行业：互联网/信息技术/软件服务
期望薪资：7500-8000元",2年前端开发工程师工作经验，精通TypeScript、Vue技术栈，参与过完整项目迭代，能够独立完成模块开发与问题排查，注重代码质量与开发效率，具备良好的沟通协作能力。,"厦门海洋职业技术学院 | 网络工程 | 专科
毕业时间：2020年6月
核心课程：Java程序设计、数据库原理、操作系统、数字信号处理","【科创科技有限公司】 前端开发工程师
2025年11月 - 至今
    · 编写开发文档，沉淀技术规范，协助新人熟悉业务
    · 对接产品、测试团队，跟进需求落地与缺陷修复

【通元数据技术有限公司】 前端开发工程师
2024年7月 - 2025年4月
    · 对接产品、测试团队，跟进需求落地与缺陷修复
    · 负责公司前端开发工程师相关业务的开发与维护，参与需求评审","■ 企业后台管理系统
  项目目标：搭建企业运营管理后台，实现业务数据可视化
  个人职责：负责权限管理、数据报表模块开发，对接后端接口联调
  项目成果：覆盖12个业务部门，运营效率提升40%

■ 电商平台前端重构
  项目目标：升级旧版电商系统前端架构，提升用户体验与加载速度
  个人职责：负责商品详情页、购物车模块开发，组件化封装公共组件
  项目成果：首屏加载时间从3.2s降至1.8s，页面转化率提升12%","专业技能：Vue、Ant Design、Webpack、CSS3、Element UI、JavaScript、TypeScript、移动端适配
相关证书：无",拥有2年实际工作经验，技术功底扎实，熟悉完整开发流程；具备较强的问题解决能力，能够独立排查并解决常见技术问题；工作认真负责，注重团队协作，能够高效推进项目落地；持续学习，保持技术敏感度。,前端开发 工程师 TypeScript Vue 技术 完整 项目 迭代 独立 模块 开发 排查 代码 质量 开发 效率 协作,企业 后台 管理系统 搭建 企业 运营 管理 后台 业务 数据可视化 权限 管理 数据报表 模块 开发 对接 后端 接口 联调 覆盖 业务部门 运营 效率 电商 平台 前端 重构 升级 旧版 电商 系统 前端 架构 用户 体验 加载 速度 商品 详情页 购物车 模块 开发 组件 封装 公共 组件 首屏 加载 时间 3.2 降至 1.8 页面 转化率,科创 科技 前端开发 工程师 至今 编写 开发 文档 沉淀 技术规范 新人 熟悉业务 对接 产品 测试 跟进 需求 落地 缺陷 修复 通元 数据 技术 前端开发 工程师 对接 产品 测试 跟进 需求 落地 缺陷 修复 前端开发 工程师 业务 开发 维护 需求 评审,实际 技术 功底 完整 开发 流程 独立 排查 常见 技术 认真负责 协作 高效 推进 项目 落地 持续 保持 技术 敏感度,Vue Ant Design Webpack CSS3 Element UI JavaScript TypeScript 移动端适配,Vue、Ant Design、Webpack、CSS3、Element UI、JavaScript、TypeScript、移动端适配,
任梦瑶,女,13665229988,renmengyao23@outlook.com,13633594630,泉州,"期望岗位：Java开发工程师
期望城市：泉州
期望行业：互联网/信息技术/软件服务
期望薪资：16000-18000元",3年Java开发工程师从业经验，精通JVM调优技术架构，主导过中型项目从0到1落地，擅长技术方案设计与性能优化，曾推动核心模块技术重构，带来显著效率提升，具备跨部门协作与项目推进能力。,"浙江工业大学 | 数据科学与大数据技术 | 本科
毕业时间：2019年6月
核心课程：数据结构、算法设计与分析、软件工程、Python编程","【携程（厦门）】 Java开发工程师
2025年2月 - 至今
    · 负责公司Java开发工程师相关业务的开发与维护，参与需求评审
    · 编写开发文档，沉淀技术规范，协助新人熟悉业务

【新科信息技术有限公司】 Java开发工程师
2024年4月 - 2025年6月
    · 编写开发文档，沉淀技术规范，协助新人熟悉业务
    · 承担分配模块的编码、测试与优化工作，保障系统稳定运行
    · 负责公司Java开发工程师相关业务的开发与维护，参与需求评审","■ 电商订单交易系统
  项目目标：搭建高可用电商订单系统，支撑大促流量峰值
  个人职责：负责订单创建、支付回调、库存扣减核心逻辑开发
  项目成果：支撑日均订单量10万+，系统可用性达99.95%

■ 微服务用户中心重构
  项目目标：将单体用户系统拆分为微服务架构，提升并发承载能力
  个人职责：负责登录、注册、权限模块开发，优化数据库查询与缓存策略
  项目成果：支持并发量从500提升至5000，接口响应耗时减少60%","专业技能：SpringCloud、SpringBoot、Git、Redis、RabbitMQ、Docker、Linux
相关证书：系统架构设计师、软考中级",拥有3年行业经验，技术视野开阔，具备方案设计与项目把控能力；逻辑清晰，善于定位并解决复杂技术问题；具备良好的团队管理与跨部门沟通能力，能够推动技术优化与业务落地；责任心强，追求技术与业务的平衡发展。,Java 开发 工程师 从业 JVM调优 技术 架构 主导 中型 项目 落地 擅长 技术 方案设计 性能 推动 核心 模块 技术 重构 带来 显著 效率 跨部门 协作 项目 推进,电商 订单 交易系统 搭建 可用 电商 订单 系统 支撑 大促 流量 峰值 订单 创建 支付 回调 库存 扣减 核心 逻辑 开发 支撑 日均 订单 系统 可用性 微服务 用户 中心 重构 单体 用户 系统 分为 微服务 架构 并发 承载能力 登录 注册 权限 模块 开发 数据库 查询 缓存 策略 并发 接口 响应 耗时 减少,携程 厦门 Java 开发 工程师 至今 Java 开发 工程师 业务 开发 维护 需求 评审 编写 开发 文档 沉淀 技术规范 新人 熟悉业务 新科 信息技术 Java 开发 工程师 编写 开发 文档 沉淀 技术规范 新人 熟悉业务 分配 模块 编码 测试 保障系统 稳定 运行 Java 开发 工程师 业务 开发 维护 需求 评审,技术 视野 开阔 方案设计 项目 逻辑 清晰 善于 定位 复杂 技术 管理 跨部门 推动 技术 业务 落地 责任心 追求 技术 业务 平衡 发展,SpringCloud SpringBoot Git Redis RabbitMQ Docker Linux 系统架构设计师 软考中级,SpringCloud、SpringBoot、Git、Redis、RabbitMQ、Docker、Linux,系统架构设计师、软考中级
徐宇,男,13353807430,xuyu8650@outlook.com,wx_xuyu_574,台州,"期望岗位：软件测试工程师
期望城市：台州
期望行业：互联网/信息技术/软件服务
期望薪资：9500-11500元",2年软件测试工程师工作经验，精通Selenium、Postman技术栈，参与过完整项目迭代，能够独立完成模块开发与问题排查，注重代码质量与开发效率，具备良好的沟通协作能力。,"福建信息职业技术学院 | 软件工程 | 专科
毕业时间：2020年6月
核心课程：数据库原理、软件工程、机器学习、操作系统","【锐捷信息技术有限公司】 软件测试工程师
2025年3月 - 至今
    · 编写开发文档，沉淀技术规范，协助新人熟悉业务
    · 负责公司软件测试工程师相关业务的开发与维护，参与需求评审
    · 对接产品、测试团队，跟进需求落地与缺陷修复

【通元科技有限公司】 软件测试工程师
2024年11月 - 2025年2月
    · 对接产品、测试团队，跟进需求落地与缺陷修复
    · 编写开发文档，沉淀技术规范，协助新人熟悉业务","■ 自动化测试框架搭建
  项目目标：提升回归测试效率，减少人工重复劳动
  个人职责：基于Selenium搭建UI自动化框架，编写核心模块测试脚本
  项目成果：回归测试周期从7天缩短至2天，覆盖率达85%

■ 电商平台功能测试
  项目目标：保障电商系统上线质量，覆盖全业务流程
  个人职责：设计测试用例，执行功能、回归测试，提交缺陷报告
  项目成果：发现并修复120+缺陷，上线后线上缺陷率低于0.5%","专业技能：Appium、Postman、JMeter、性能测试、MySQL、Selenium、缺陷管理、TestNG
相关证书：华为HCIA认证、英语四级、英语六级",拥有2年实际工作经验，技术功底扎实，熟悉完整开发流程；具备较强的问题解决能力，能够独立排查并解决常见技术问题；工作认真负责，注重团队协作，能够高效推进项目落地；持续学习，保持技术敏感度。,软件测试 工程师 Selenium Postman 技术 完整 项目 迭代 独立 模块 开发 排查 代码 质量 开发 效率 协作,自动化 测试 框架 搭建 回归 测试 效率 减少 人工 重复劳动 基于 Selenium 搭建 UI 自动化 框架 编写 核心 模块 测试 脚本 回归 测试 周期 缩短 覆盖率 电商 平台 功能测试 保障 电商 系统 上线 质量 覆盖 业务流程 测试用例 执行 功能 回归 测试 提交 缺陷 报告 发现 修复 缺陷 上线 后线 缺陷率 低于,锐捷 信息技术 软件测试 工程师 至今 编写 开发 文档 沉淀 技术规范 新人 熟悉业务 软件测试 工程师 业务 开发 维护 需求 评审 对接 产品 测试 跟进 需求 落地 缺陷 修复 通元 科技 软件测试 工程师 对接 产品 测试 跟进 需求 落地 缺陷 修复 编写 开发 文档 沉淀 技术规范 新人 熟悉业务,实际 技术 功底 完整 开发 流程 独立 排查 常见 技术 认真负责 协作 高效 推进 项目 落地 持续 保持 技术 敏感度,Appium Postman JMeter 性能测试 MySQL Selenium 缺陷管理 TestNG 华为HCIA认证 英语四级 英语六级,Appium、Postman、JMeter、性能测试、MySQL、Selenium、缺陷管理、TestNG,华为HCIA认证、英语四级、英语六级
孙璐,女,13102255183,sunlu20@gmail.com,18659532430,徐州,"期望岗位：前端开发工程师
期望城市：徐州
期望行业：互联网/信息技术/软件服务
期望薪资：19500-20000元",4年前端开发工程师从业经验，精通移动端适配技术架构，主导过中型项目从0到1落地，擅长技术方案设计与性能优化，曾推动核心模块技术重构，带来显著效率提升，具备跨部门协作与项目推进能力。,"厦门海洋职业技术学院 | 网络工程 | 专科
毕业时间：2018年6月
核心课程：数字信号处理、数据结构、Java程序设计、计算机网络","【吉比特网络】 前端开发工程师
2024年12月 - 至今
    · 编写开发文档，沉淀技术规范，协助新人熟悉业务
    · 承担分配模块的编码、测试与优化工作，保障系统稳定运行
    · 负责公司前端开发工程师相关业务的开发与维护，参与需求评审

【科创信息技术有限公司】 前端开发工程师
2022年8月 - 2024年7月
    · 对接产品、测试团队，跟进需求落地与缺陷修复
    · 编写开发文档，沉淀技术规范，协助新人熟悉业务
    · 承担分配模块的编码、测试与优化工作，保障系统稳定运行","■ 电商平台前端重构
  项目目标：升级旧版电商系统前端架构，提升用户体验与加载速度
  个人职责：负责商品详情页、购物车模块开发，组件化封装公共组件
  项目成果：首屏加载时间从3.2s降至1.8s，页面转化率提升12%

■ 企业后台管理系统
  项目目标：搭建企业运营管理后台，实现业务数据可视化
  个人职责：负责权限管理、数据报表模块开发，对接后端接口联调
  项目成果：覆盖12个业务部门，运营效率提升40%","专业技能：Ant Design、CSS3、移动端适配、Vue、React、Webpack、Vite、Axios、Element UI
相关证书：无",拥有4年行业经验，技术视野开阔，具备方案设计与项目把控能力；逻辑清晰，善于定位并解决复杂技术问题；具备良好的团队管理与跨部门沟通能力，能够推动技术优化与业务落地；责任心强，追求技术与业务的平衡发展。,前端开发 工程师 从业 移动端适配 技术 架构 主导 中型 项目 落地 擅长 技术 方案设计 性能 推动 核心 模块 技术 重构 带来 显著 效率 跨部门 协作 项目 推进,电商 平台 前端 重构 升级 旧版 电商 系统 前端 架构 用户 体验 加载 速度 商品 详情页 购物车 模块 开发 组件 封装 公共 组件 首屏 加载 时间 3.2 降至 1.8 页面 转化率 企业 后台 管理系统 搭建 企业 运营 管理 后台 业务 数据可视化 权限 管理 数据报表 模块 开发 对接 后端 接口 联调 覆盖 业务部门 运营 效率,比特 网络 前端开发 工程师 至今 编写 开发 文档 沉淀 技术规范 新人 熟悉业务 分配 模块 编码 测试 保障系统 稳定 运行 前端开发 工程师 业务 开发 维护 需求 评审 科创 信息技术 前端开发 工程师 对接 产品 测试 跟进 需求 落地 缺陷 修复 编写 开发 文档 沉淀 技术规范 新人 熟悉业务 分配 模块 编码 测试 保障系统 稳定 运行,技术 视野 开阔 方案设计 项目 逻辑 清晰 善于 定位 复杂 技术 管理 跨部门 推动 技术 业务 落地 责任心 追求 技术 业务 平衡 发展,Ant Design CSS3 移动端适配 Vue React Webpack Vite Axios Element UI,Ant Design、CSS3、移动端适配、Vue、React、Webpack、Vite、Axios、Element UI,
钱梅,女,18928092405,qianmei12@gmail.com,wx_qianmei_299,南平,"期望岗位：前端开发工程师
期望城市：南平
期望行业：互联网/信息技术/软件服务
期望薪资：面议",5年前端开发工程师资深经验，精通全链路技术架构，具备团队技术规划与方案设计能力，主导过多个大型项目重构与升级，在高并发/系统稳定性领域有深厚积累，能够带领团队攻克技术难题，驱动业务技术升级。,"闽南师范大学 | 数学与应用数学 | 本科
毕业时间：2017年6月
核心课程：操作系统、数字信号处理、机器学习、Java程序设计","【未来数据技术有限公司】 前端开发工程师
2025年12月 - 至今
    · 对接产品、测试团队，跟进需求落地与缺陷修复
    · 承担分配模块的编码、测试与优化工作，保障系统稳定运行
    · 负责公司前端开发工程师相关业务的开发与维护，参与需求评审

【信雅数据技术有限公司】 前端开发工程师
2024年5月 - 2025年10月
    · 承担分配模块的编码、测试与优化工作，保障系统稳定运行
    · 编写开发文档，沉淀技术规范，协助新人熟悉业务
    · 负责公司前端开发工程师相关业务的开发与维护，参与需求评审

【未来互联网科技有限公司】 前端开发工程师
2023年8月 - 2024年11月
    · 对接产品、测试团队，跟进需求落地与缺陷修复
    · 负责公司前端开发工程师相关业务的开发与维护，参与需求评审","■ 电商平台前端重构
  项目目标：升级旧版电商系统前端架构，提升用户体验与加载速度
  个人职责：负责商品详情页、购物车模块开发，组件化封装公共组件
  项目成果：首屏加载时间从3.2s降至1.8s，页面转化率提升12%

■ 企业后台管理系统
  项目目标：搭建企业运营管理后台，实现业务数据可视化
  个人职责：负责权限管理、数据报表模块开发，对接后端接口联调
  项目成果：覆盖12个业务部门，运营效率提升40%","专业技能：Axios、移动端适配、TypeScript、React、CSS3、Vue、Ant Design
相关证书：计算机一级、系统架构设计师",拥有5年行业经验，技术视野开阔，具备方案设计与项目把控能力；逻辑清晰，善于定位并解决复杂技术问题；具备良好的团队管理与跨部门沟通能力，能够推动技术优化与业务落地；责任心强，追求技术与业务的平衡发展。,前端开发 工程师 资深 链路 技术 架构 技术 规划 方案设计 主导 多个 大型项目 重构 升级 并发 系统 稳定性 领域 深厚 带领 攻克 技术难题 驱动 业务 技术升级,电商 平台 前端 重构 升级 旧版 电商 系统 前端 架构 用户 体验 加载 速度 商品 详情页 购物车 模块 开发 组件 封装 公共 组件 首屏 加载 时间 3.2 降至 1.8 页面 转化率 企业 后台 管理系统 搭建 企业 运营 管理 后台 业务 数据可视化 权限 管理 数据报表 模块 开发 对接 后端 接口 联调 覆盖 业务部门 运营 效率,未来 数据 技术 前端开发 工程师 至今 对接 产品 测试 跟进 需求 落地 缺陷 修复 分配 模块 编码 测试 保障系统 稳定 运行 前端开发 工程师 业务 开发 维护 需求 评审 信雅 数据 技术 前端开发 工程师 分配 模块 编码 测试 保障系统 稳定 运行 编写 开发 文档 沉淀 技术规范 新人 熟悉业务 前端开发 工程师 业务 开发 维护 需求 评审 未来 互联网 科技 前端开发 工程师 对接 产品 测试 跟进 需求 落地 缺陷 修复 前端开发 工程师 业务 开发 维护 需求 评审,技术 视野 开阔 方案设计 项目 逻辑 清晰 善于 定位 复杂 技术 管理 跨部门 推动 技术 业务 落地 责任心 追求 技术 业务 平衡 发展,Axios 移动端适配 TypeScript React CSS3 Vue Ant Design 计算机一级 系统架构设计师,Axios、移动端适配、TypeScript、React、CSS3、Vue、Ant Design,计算机一级、系统架构设计师
魏天佑,男,18239198534,wei天you383@qq.com,wx_wei天you_658,宁德,"期望岗位：数据分析师
期望城市：宁德
期望行业：互联网/信息技术/软件服务
期望薪资：10000-19000元",3年数据分析师从业经验，精通用户分析技术架构，主导过中型项目从0到1落地，擅长技术方案设计与性能优化，曾推动核心模块技术重构，带来显著效率提升，具备跨部门协作与项目推进能力。,"福建船政交通职业学院 | 数学与应用数学 | 专科
毕业时间：2019年6月
核心课程：数字信号处理、机器学习、算法设计与分析、数据库原理","【金蝶科技有限公司】 数据分析师
2025年2月 - 至今
    · 编写开发文档，沉淀技术规范，协助新人熟悉业务
    · 承担分配模块的编码、测试与优化工作，保障系统稳定运行
    · 对接产品、测试团队，跟进需求落地与缺陷修复

【安硕互联网科技有限公司】 数据分析师
2024年1月 - 2025年7月
    · 承担分配模块的编码、测试与优化工作，保障系统稳定运行
    · 负责公司数据分析师相关业务的开发与维护，参与需求评审
    · 对接产品、测试团队，跟进需求落地与缺陷修复","■ 用户行为分析看板
  项目目标：构建用户行为数据体系，支撑运营决策
  个人职责：负责数据清洗、指标体系搭建，输出可视化运营报表
  项目成果：输出15+核心运营指标，支撑每月3次运营优化，用户留存率提升8%

■ 销售数据预测建模
  项目目标：基于历史数据预测销量，指导库存与备货
  个人职责：数据预处理，构建时间序列预测模型，输出月度预测报告
  项目成果：预测准确率达89%，库存周转效率提升25%","专业技能：Power BI、Pandas、SQL、MySQL、NumPy、Tableau、Python、用户分析、统计学
相关证书：软考中级",拥有3年行业经验，技术视野开阔，具备方案设计与项目把控能力；逻辑清晰，善于定位并解决复杂技术问题；具备良好的团队管理与跨部门沟通能力，能够推动技术优化与业务落地；责任心强，追求技术与业务的平衡发展。,数据 分析师 从业 用户分析 技术 架构 主导 中型 项目 落地 擅长 技术 方案设计 性能 推动 核心 模块 技术 重构 带来 显著 效率 跨部门 协作 项目 推进,用户 行为 分析 看板 构建 用户 行为 数据 体系 支撑 运营 决策 数据 清洗 指标体系 搭建 可视化 运营 报表 核心 运营 指标 支撑 每月 运营 用户 留存 销售 数据 预测 建模 基于 历史数据 预测 销量 指导 库存 备货 数据 预处理 构建 时间 序列 预测 模型 月度 预测 报告 预测 准确率 库存 周转 效率,金蝶 科技 数据 分析师 至今 编写 开发 文档 沉淀 技术规范 新人 熟悉业务 分配 模块 编码 测试 保障系统 稳定 运行 对接 产品 测试 跟进 需求 落地 缺陷 修复 安硕 互联网 科技 数据 分析师 分配 模块 编码 测试 保障系统 稳定 运行 数据 分析师 业务 开发 维护 需求 评审 对接 产品 测试 跟进 需求 落地 缺陷 修复,技术 视野 开阔 方案设计 项目 逻辑 清晰 善于 定位 复杂 技术 管理 跨部门 推动 技术 业务 落地 责任心 追求 技术 业务 平衡 发展,Power BI Pandas SQL MySQL NumPy Tableau Python 用户分析 统计学 软考中级,Power BI、Pandas、SQL、MySQL、NumPy、Tableau、Python、用户分析、统计学,软考中级
潘飞,男,18641454437,panfei357@outlook.com,18686329200,扬州,"期望岗位：Python开发工程师
期望城市：扬州
期望行业：互联网/信息技术/软件服务
期望薪资：4500-5500元",本科计算机应用技术专业应届毕业生，有1段Python开发工程师实习经验，掌握Docker技术栈，参与过实习项目开发，具备良好的代码规范与团队协作意识，能够快速上手业务，期望正式入职发展。,"浙江工业大学 | 计算机应用技术 | 本科
毕业时间：2021年6月
核心课程：Python编程、软件工程、数据库原理、操作系统","【亿联网络】 Python开发工程师（实习）
2025年12月 - 至今
    · 编写开发文档，沉淀技术规范，协助新人熟悉业务
    · 负责公司Python开发工程师相关业务的开发与维护，参与需求评审","■ 简单爬虫脚本开发
  项目目标：爬取公开网站数据并入库
  个人职责：负责反爬处理、数据清洗、SQLite存储
  项目成果：日均采集数据1万条

■ 自动化办公脚本
  项目目标：批量处理Excel表格数据
  个人职责：实现数据合并、格式转换、自动统计
  项目成果：提升人工效率80%","专业技能：爬虫、Python、Redis、Flask、MongoDB
相关证书：阿里云ACP云计算认证",有实习经验，熟悉开发基本流程，具备基础的项目实践能力；学习能力强，能够快速上手新业务新技术；工作踏实，责任心强，善于沟通协作，能够高效完成分配的工作任务。,本科 计算机应用技术 应届 毕业生 Python 开发 工程师 实习 Docker 技术 实习 项目 开发 代码 规范 协作 上手 业务 正式 入职 发展,简单 爬虫 脚本 开发 爬取 公开 网站 数据 入库 反爬 处理 数据 清洗 SQL ite 存储 日均 采集 数据 万条 自动化 办公 脚本 批量 处理 Excel 表格 数据 数据 合并 格式 转换 自动 统计 人工效率,联网络 Python 开发 工程师 实习 至今 编写 开发 文档 沉淀 技术规范 新人 熟悉业务 Python 开发 工程师 业务 开发 维护 需求 评审,实习 开发 基本 流程 项目 实践 上手 业务 技术 责任心 善于 协作 高效 分配,爬虫 Python Redis Flask MongoDB 阿里云ACP云计算认证,爬虫、Python、Redis、Flask、MongoDB,阿里云ACP云计算认证
任红,女,15739431075,renhong958@126.com,13740858899,蚌埠,"期望岗位：算法工程师
期望城市：蚌埠
期望行业：互联网/信息技术/软件服务
期望薪资：8000-8500元",2年算法工程师工作经验，精通深度学习、算法优化技术栈，参与过完整项目迭代，能够独立完成模块开发与问题排查，注重代码质量与开发效率，具备良好的沟通协作能力。,"浙江大学 | 计算机科学与技术 | 本科
毕业时间：2020年6月
核心课程：Java程序设计、操作系统、软件工程、计算机网络","【合众数据技术有限公司】 算法工程师
2025年8月 - 至今
    · 负责公司算法工程师相关业务的开发与维护，参与需求评审
    · 对接产品、测试团队，跟进需求落地与缺陷修复

【云创软件有限公司】 算法工程师
2024年9月 - 2025年12月
    · 负责公司算法工程师相关业务的开发与维护，参与需求评审
    · 承担分配模块的编码、测试与优化工作，保障系统稳定运行","■ 个性化推荐系统
  项目目标：提升内容推荐精准度，增加用户停留时长
  个人职责：负责协同过滤、深度学习推荐模型开发与离线优化
  项目成果：用户平均停留时长提升25%，点击率提升15%

■ 风控欺诈识别模型
  项目目标：识别交易欺诈行为，降低资金损失风险
  个人职责：特征工程，构建XGBoost风控模型，在线部署与迭代
  项目成果：欺诈识别准确率达92%，每年减少损失超200万","专业技能：数据结构、Python、机器学习、推荐算法、SQL、PyTorch
相关证书：无",拥有2年实际工作经验，技术功底扎实，熟悉完整开发流程；具备较强的问题解决能力，能够独立排查并解决常见技术问题；工作认真负责，注重团队协作，能够高效推进项目落地；持续学习，保持技术敏感度。,算法 工程师 深度学习 算法优化 技术 完整 项目 迭代 独立 模块 开发 排查 代码 质量 开发 效率 协作,个性化 推荐 系统 推荐 精准度 增加 用户 停留 时长 协同 过滤 深度学习 推荐 模型 开发 离线 用户 平均 停留 时长 点击率 风控 欺诈 识别 模型 识别 交易 欺诈 行为 降低 资金 损失 风险 特征工程 构建 XGBoost 风控 模型 在线 部署 迭代 欺诈 识别 准确率 每年 减少 损失,合众 数据 技术 算法 工程师 至今 算法 工程师 业务 开发 维护 需求 评审 对接 产品 测试 跟进 需求 落地 缺陷 修复 云创 软件 算法 工程师 算法 工程师 业务 开发 维护 需求 评审 分配 模块 编码 测试 保障系统 稳定 运行,实际 技术 功底 完整 开发 流程 独立 排查 常见 技术 认真负责 协作 高效 推进 项目 落地 持续 保持 技术 敏感度,数据结构 Python 机器学习 推荐算法 SQL PyTorch,数据结构、Python、机器学习、推荐算法、SQL、PyTorch,
吴丹,女,18149333014,wudan695@163.com,18403372691,温州,"期望岗位：算法工程师
期望城市：温州
期望行业：互联网/信息技术/软件服务
期望薪资：15000-19000元",4年算法工程师从业经验，精通NLP技术架构，主导过中型项目从0到1落地，擅长技术方案设计与性能优化，曾推动核心模块技术重构，带来显著效率提升，具备跨部门协作与项目推进能力。,"南京大学 | 通信工程 | 本科
毕业时间：2018年6月
核心课程：软件工程、数据库原理、Python编程、Java程序设计","【网易（杭州）】 算法工程师
2024年8月 - 至今
    · 对接产品、测试团队，跟进需求落地与缺陷修复
    · 承担分配模块的编码、测试与优化工作，保障系统稳定运行

【数聚网络科技有限公司】 算法工程师
2022年2月 - 2024年8月
    · 承担分配模块的编码、测试与优化工作，保障系统稳定运行
    · 编写开发文档，沉淀技术规范，协助新人熟悉业务","■ 个性化推荐系统
  项目目标：提升内容推荐精准度，增加用户停留时长
  个人职责：负责协同过滤、深度学习推荐模型开发与离线优化
  项目成果：用户平均停留时长提升25%，点击率提升15%

■ 风控欺诈识别模型
  项目目标：识别交易欺诈行为，降低资金损失风险
  个人职责：特征工程，构建XGBoost风控模型，在线部署与迭代
  项目成果：欺诈识别准确率达92%，每年减少损失超200万","专业技能：机器学习、Python、特征工程、计算机视觉、推荐算法、算法优化、TensorFlow
相关证书：PMP项目管理专业人士",拥有4年行业经验，技术视野开阔，具备方案设计与项目把控能力；逻辑清晰，善于定位并解决复杂技术问题；具备良好的团队管理与跨部门沟通能力，能够推动技术优化与业务落地；责任心强，追求技术与业务的平衡发展。,算法 工程师 从业 NLP 技术 架构 主导 中型 项目 落地 擅长 技术 方案设计 性能 推动 核心 模块 技术 重构 带来 显著 效率 跨部门 协作 项目 推进,个性化 推荐 系统 推荐 精准度 增加 用户 停留 时长 协同 过滤 深度学习 推荐 模型 开发 离线 用户 平均 停留 时长 点击率 风控 欺诈 识别 模型 识别 交易 欺诈 行为 降低 资金 损失 风险 特征工程 构建 XGBoost 风控 模型 在线 部署 迭代 欺诈 识别 准确率 每年 减少 损失,网易 杭州 算法 工程师 至今 对接 产品 测试 跟进 需求 落地 缺陷 修复 分配 模块 编码 测试 保障系统 稳定 运行 数聚 网络科技 算法 工程师 分配 模块 编码 测试 保障系统 稳定 运行 编写 开发 文档 沉淀 技术规范 新人 熟悉业务,技术 视野 开阔 方案设计 项目 逻辑 清晰 善于 定位 复杂 技术 管理 跨部门 推动 技术 业务 落地 责任心 追求 技术 业务 平衡 发展,机器学习 Python 特征工程 计算机视觉 推荐算法 算法优化 TensorFlow PMP项目管理专业人士,机器学习、Python、特征工程、计算机视觉、推荐算法、算法优化、TensorFlow,PMP项目管理专业人士
陈雯,女,15926932848,chenwen9690@outlook.com,15294128885,合肥,"期望岗位：软件测试工程师
期望城市：合肥
期望行业：互联网/信息技术/软件服务
期望薪资：4000-5000元",本科通信工程专业应届毕业生，掌握性能测试、功能测试基础技能，完成过课程设计与毕业项目，具备基础代码编写能力与问题排查思路，学习能力强，做事认真踏实，期望从事软件测试工程师相关工作。,"佛山科学技术学院 | 通信工程 | 本科
毕业时间：2022年6月
核心课程：操作系统、数字信号处理、机器学习、数据结构","【校园实践】
    · 参与学校计算机协会技术部，负责协会网站日常维护
    · 协助老师完成实验室设备管理与系统环境搭建
    · 参与班级课程设计小组，担任后端开发角色","■ 学生管理系统功能测试
  项目目标：对课程设计系统进行功能测试与缺陷提交
  个人职责：设计测试用例，执行黑盒测试
  项目成果：发现并提交8个功能缺陷","专业技能：JMeter、缺陷管理、接口测试、测试用例设计、Selenium、Postman
相关证书：英语六级",应届毕业，具备扎实的专业基础知识与学习能力，能够快速掌握新技术；工作态度认真负责，有耐心，注重细节；具备良好的团队意识与沟通能力，能够积极配合团队完成任务；期望在工作中积累经验，快速成长。,本科 通信工程 应届 毕业生 性能测试 功能测试 课程设计 项目 代码 编写 排查 软件测试 工程师,学生 管理系统 功能测试 课程设计 系统 功能测试 缺陷 提交 测试用例 执行 黑盒 测试 发现 提交 功能 缺陷,学校 计算机 协会 技术部 协会 网站 维护 老师 实验室 设备 管理 系统 环境 搭建 班级 课程设计 小组 后端 开发 角色,应届 基础知识 技术 认真负责,JMeter 缺陷管理 接口测试 测试用例设计 Selenium Postman 英语六级,JMeter、缺陷管理、接口测试、测试用例设计、Selenium、Postman,英语六级
沈一诺,女,18841114287,shen一nuo63@163.com,wx_shen一nuo_630,镇江,"期望岗位：后端开发工程师
期望城市：镇江
期望行业：互联网/信息技术/软件服务
期望薪资：19500-20000元",4年后端开发工程师从业经验，精通Python技术架构，主导过中型项目从0到1落地，擅长技术方案设计与性能优化，曾推动核心模块技术重构，带来显著效率提升，具备跨部门协作与项目推进能力。,"佛山科学技术学院 | 计算机应用技术 | 本科
毕业时间：2018年6月
核心课程：软件工程、数据结构、Java程序设计、算法设计与分析","【通元软件有限公司】 后端开发工程师
2024年9月 - 至今
    · 编写开发文档，沉淀技术规范，协助新人熟悉业务
    · 承担分配模块的编码、测试与优化工作，保障系统稳定运行
    · 负责公司后端开发工程师相关业务的开发与维护，参与需求评审

【科创科技有限公司】 后端开发工程师
2022年5月 - 2024年12月
    · 编写开发文档，沉淀技术规范，协助新人熟悉业务
    · 对接产品、测试团队，跟进需求落地与缺陷修复","■ 内容管理系统后端
  项目目标：搭建CMS系统后端服务，支持多站点内容发布
  个人职责：负责文章、栏目、权限模块接口开发，设计数据库表结构
  项目成果：支撑8个站点同时运营，内容发布效率提升3倍

■ 即时通讯服务开发
  项目目标：实现企业内部IM系统后端消息推送与存储
  个人职责：负责消息队列、离线消息、会话管理模块开发
  项目成果：支持万人同时在线，消息送达延迟低于100ms","专业技能：微服务、MySQL、Java、Go、Docker、Gin、Python、PostgreSQL、K8s
相关证书：系统架构设计师、红帽RHCE认证",拥有4年行业经验，技术视野开阔，具备方案设计与项目把控能力；逻辑清晰，善于定位并解决复杂技术问题；具备良好的团队管理与跨部门沟通能力，能够推动技术优化与业务落地；责任心强，追求技术与业务的平衡发展。,年后 开发 工程师 从业 Python 技术 架构 主导 中型 项目 落地 擅长 技术 方案设计 性能 推动 核心 模块 技术 重构 带来 显著 效率 跨部门 协作 项目 推进,管理系统 后端 搭建 CMS 系统 后端 服务 站点 发布 文章 栏目 权限 模块接口 开发 数据库 结构 支撑 站点 运营 发布 效率 即时通讯 服务 开发 企业 内部 IM 系统 后端 消息 推送 存储 消息 队列 离线 消息 会话 管理 模块 开发 万人 同时在线 消息 送达 延迟 低于 100ms,通元 软件 后端 开发 工程师 至今 编写 开发 文档 沉淀 技术规范 新人 熟悉业务 分配 模块 编码 测试 保障系统 稳定 运行 后端 开发 工程师 业务 开发 维护 需求 评审 科创 科技 后端 开发 工程师 编写 开发 文档 沉淀 技术规范 新人 熟悉业务 对接 产品 测试 跟进 需求 落地 缺陷 修复,技术 视野 开阔 方案设计 项目 逻辑 清晰 善于 定位 复杂 技术 管理 跨部门 推动 技术 业务 落地 责任心 追求 技术 业务 平衡 发展,微服务 MySQL Java Go Docker Gin Python PostgreSQL K8s 系统架构设计师 红帽RHCE认证,微服务、MySQL、Java、Go、Docker、Gin、Python、PostgreSQL、K8s,系统架构设计师、红帽RHCE认证
曾军,男,18733336312,zengjun6819@qq.com,15888734144,镇江,"期望岗位：数据分析师
期望城市：镇江
期望行业：互联网/信息技术/软件服务
期望薪资：3000-3500元",专科数据科学与大数据技术专业应届毕业生，掌握MySQL、SQL基础技能，完成过课程设计与毕业项目，具备基础代码编写能力与问题排查思路，学习能力强，做事认真踏实，期望从事数据分析师相关工作。,"泉州经贸职业技术学院 | 数据科学与大数据技术 | 专科
毕业时间：2022年6月
核心课程：数字信号处理、数据库原理、机器学习、数据结构","【校园实践】
    · 参与学校计算机协会技术部，负责协会网站日常维护
    · 协助老师完成实验室设备管理与系统环境搭建
    · 参与班级课程设计小组，担任后端开发角色","■ 电商公开数据爬取分析
  项目目标：采集公开电商商品数据并分析
  个人职责：数据爬取、清洗、价格销量分析
  项目成果：输出可视化分析图表","专业技能：Excel、MySQL、Hive、统计学、Python
相关证书：英语六级、MySQL数据库认证",应届毕业，具备扎实的专业基础知识与学习能力，能够快速掌握新技术；工作态度认真负责，有耐心，注重细节；具备良好的团队意识与沟通能力，能够积极配合团队完成任务；期望在工作中积累经验，快速成长。,专科 数据科学与大数据技术 应届 毕业生 MySQL SQL 课程设计 项目 代码 编写 排查 数据 分析师,电商 公开 数据 爬取 分析 采集 公开 电商 商品 数据 分析 数据 爬取 清洗 价格 销量 分析 可视化 分析 图表,学校 计算机 协会 技术部 协会 网站 维护 老师 实验室 设备 管理 系统 环境 搭建 班级 课程设计 小组 后端 开发 角色,应届 基础知识 技术 认真负责,Excel MySQL Hive 统计学 Python 英语六级 MySQL数据库认证,Excel、MySQL、Hive、统计学、Python,英语六级、MySQL数据库认证
萧博文,男,15627835113,xiaobowen1089@outlook.com,18822162609,南通,"期望岗位：Java开发工程师
期望城市：南通
期望行业：互联网/信息技术/软件服务
期望薪资：18000-19000元",5年Java开发工程师从业经验，精通Linux技术架构，主导过中型项目从0到1落地，擅长技术方案设计与性能优化，曾推动核心模块技术重构，带来显著效率提升，具备跨部门协作与项目推进能力。,"苏州大学 | 物联网工程 | 本科
毕业时间：2017年6月
核心课程：机器学习、数据库原理、数字信号处理、算法设计与分析","【吉比特网络】 Java开发工程师
2025年7月 - 至今
    · 对接产品、测试团队，跟进需求落地与缺陷修复
    · 承担分配模块的编码、测试与优化工作，保障系统稳定运行
    · 负责公司Java开发工程师相关业务的开发与维护，参与需求评审

【汇智科技有限公司】 Java开发工程师
2024年2月 - 2025年10月
    · 对接产品、测试团队，跟进需求落地与缺陷修复
    · 编写开发文档，沉淀技术规范，协助新人熟悉业务
    · 承担分配模块的编码、测试与优化工作，保障系统稳定运行

【未来网络科技有限公司】 Java开发工程师
2023年3月 - 2024年3月
    · 编写开发文档，沉淀技术规范，协助新人熟悉业务
    · 负责公司Java开发工程师相关业务的开发与维护，参与需求评审
    · 承担分配模块的编码、测试与优化工作，保障系统稳定运行","■ 电商订单交易系统
  项目目标：搭建高可用电商订单系统，支撑大促流量峰值
  个人职责：负责订单创建、支付回调、库存扣减核心逻辑开发
  项目成果：支撑日均订单量10万+，系统可用性达99.95%

■ 微服务用户中心重构
  项目目标：将单体用户系统拆分为微服务架构，提升并发承载能力
  个人职责：负责登录、注册、权限模块开发，优化数据库查询与缓存策略
  项目成果：支持并发量从500提升至5000，接口响应耗时减少60%","专业技能：JVM调优、MySQL、Git、Redis、SpringBoot、MyBatis、SpringCloud、Docker、Linux
相关证书：PMP项目管理专业人士、软考中级",拥有5年行业经验，技术视野开阔，具备方案设计与项目把控能力；逻辑清晰，善于定位并解决复杂技术问题；具备良好的团队管理与跨部门沟通能力，能够推动技术优化与业务落地；责任心强，追求技术与业务的平衡发展。,Java 开发 工程师 从业 Linux 技术 架构 主导 中型 项目 落地 擅长 技术 方案设计 性能 推动 核心 模块 技术 重构 带来 显著 效率 跨部门 协作 项目 推进,电商 订单 交易系统 搭建 可用 电商 订单 系统 支撑 大促 流量 峰值 订单 创建 支付 回调 库存 扣减 核心 逻辑 开发 支撑 日均 订单 系统 可用性 微服务 用户 中心 重构 单体 用户 系统 分为 微服务 架构 并发 承载能力 登录 注册 权限 模块 开发 数据库 查询 缓存 策略 并发 接口 响应 耗时 减少,比特 网络 Java 开发 工程师 至今 对接 产品 测试 跟进 需求 落地 缺陷 修复 分配 模块 编码 测试 保障系统 稳定 运行 Java 开发 工程师 业务 开发 维护 需求 评审 汇智 科技 Java 开发 工程师 对接 产品 测试 跟进 需求 落地 缺陷 修复 编写 开发 文档 沉淀 技术规范 新人 熟悉业务 分配 模块 编码 测试 保障系统 稳定 运行 未来 网络科技 Java 开发 工程师 编写 开发 文档 沉淀 技术规范 新人 熟悉业务 Java 开发 工程师 业务 开发 维护 需求 评审 分配 模块 编码 测试 保障系统 稳定 运行,技术 视野 开阔 方案设计 项目 逻辑 清晰 善于 定位 复杂 技术 管理 跨部门 推动 技术 业务 落地 责任心 追求 技术 业务 平衡 发展,JVM调优 MySQL Git Redis SpringBoot MyBatis SpringCloud Docker Linux PMP项目管理专业人士 软考中级,JVM调优、MySQL、Git、Redis、SpringBoot、MyBatis、SpringCloud、Docker、Linux,PMP项目管理专业人士、软考中级
丁恒,男,13328727061,dingheng39@163.com,wx_dingheng_584,南平,"期望岗位：运维工程师
期望城市：南平
期望行业：互联网/信息技术/软件服务
期望薪资：面议",专科数字媒体技术专业应届毕业生，掌握Jenkins、Nginx基础技能，完成过课程设计与毕业项目，具备基础代码编写能力与问题排查思路，学习能力强，做事认真踏实，期望从事运维工程师相关工作。,"江西交通职业技术学院 | 数字媒体技术 | 专科
毕业时间：2022年6月
核心课程：Java程序设计、数据结构、算法设计与分析、数据库原理","【校园实践】
    · 参与学校计算机协会技术部，负责协会网站日常维护
    · 协助老师完成实验室设备管理与系统环境搭建
    · 参与班级课程设计小组，担任后端开发角色","■ 实验室服务器搭建实训
  项目目标：搭建实验室Linux服务器环境
  个人职责：负责系统安装、网络配置、基础服务部署
  项目成果：完成3台服务器环境搭建","专业技能：Nginx、MySQL、Jenkins、Prometheus、Linux、Shell
相关证书：英语六级、红帽RHCE认证",应届毕业，具备扎实的专业基础知识与学习能力，能够快速掌握新技术；工作态度认真负责，有耐心，注重细节；具备良好的团队意识与沟通能力，能够积极配合团队完成任务；期望在工作中积累经验，快速成长。,专科 数字媒体技术 应届 毕业生 Jenkins Nginx 课程设计 项目 代码 编写 排查 运维 工程师,实验室 服务器 搭建 实训 搭建 实验室 Linux 服务器 环境 系统 安装 网络 配置 服务 部署 服务器 环境 搭建,学校 计算机 协会 技术部 协会 网站 维护 老师 实验室 设备 管理 系统 环境 搭建 班级 课程设计 小组 后端 开发 角色,应届 基础知识 技术 认真负责,Nginx MySQL Jenkins Prometheus Linux Shell 英语六级 红帽RHCE认证,Nginx、MySQL、Jenkins、Prometheus、Linux、Shell,英语六级、红帽RHCE认证
熊雨泽,男,15371729135,xiong雨ze42@163.com,wx_xiong雨ze_160,马鞍山,"期望岗位：算法工程师
期望城市：马鞍山
期望行业：互联网/信息技术/软件服务
期望薪资：10500-11500元",3年算法工程师工作经验，精通计算机视觉、SQL技术栈，参与过完整项目迭代，能够独立完成模块开发与问题排查，注重代码质量与开发效率，具备良好的沟通协作能力。,"中山大学 | 通信工程 | 本科
毕业时间：2019年6月
核心课程：计算机网络、算法设计与分析、数据结构、数据库原理","【合众信息技术有限公司】 算法工程师
2025年10月 - 至今
    · 负责公司算法工程师相关业务的开发与维护，参与需求评审
    · 承担分配模块的编码、测试与优化工作，保障系统稳定运行
    · 编写开发文档，沉淀技术规范，协助新人熟悉业务

【智联信息技术有限公司】 算法工程师
2024年11月 - 2025年7月
    · 对接产品、测试团队，跟进需求落地与缺陷修复
    · 承担分配模块的编码、测试与优化工作，保障系统稳定运行
    · 负责公司算法工程师相关业务的开发与维护，参与需求评审","■ 风控欺诈识别模型
  项目目标：识别交易欺诈行为，降低资金损失风险
  个人职责：特征工程，构建XGBoost风控模型，在线部署与迭代
  项目成果：欺诈识别准确率达92%，每年减少损失超200万

■ 个性化推荐系统
  项目目标：提升内容推荐精准度，增加用户停留时长
  个人职责：负责协同过滤、深度学习推荐模型开发与离线优化
  项目成果：用户平均停留时长提升25%，点击率提升15%","专业技能：深度学习、特征工程、机器学习、NLP、数据结构、SQL
相关证书：华为HCIA认证",拥有3年实际工作经验，技术功底扎实，熟悉完整开发流程；具备较强的问题解决能力，能够独立排查并解决常见技术问题；工作认真负责，注重团队协作，能够高效推进项目落地；持续学习，保持技术敏感度。,算法 工程师 计算机视觉 SQL 技术 完整 项目 迭代 独立 模块 开发 排查 代码 质量 开发 效率 协作,风控 欺诈 识别 模型 识别 交易 欺诈 行为 降低 资金 损失 风险 特征工程 构建 XGBoost 风控 模型 在线 部署 迭代 欺诈 识别 准确率 每年 减少 损失 个性化 推荐 系统 推荐 精准度 增加 用户 停留 时长 协同 过滤 深度学习 推荐 模型 开发 离线 用户 平均 停留 时长 点击率,合众 信息技术 算法 工程师 至今 算法 工程师 业务 开发 维护 需求 评审 分配 模块 编码 测试 保障系统 稳定 运行 编写 开发 文档 沉淀 技术规范 新人 熟悉业务 智联 信息技术 算法 工程师 对接 产品 测试 跟进 需求 落地 缺陷 修复 分配 模块 编码 测试 保障系统 稳定 运行 算法 工程师 业务 开发 维护 需求 评审,实际 技术 功底 完整 开发 流程 独立 排查 常见 技术 认真负责 协作 高效 推进 项目 落地 持续 保持 技术 敏感度,深度学习 特征工程 机器学习 NLP 数据结构 SQL 华为HCIA认证,深度学习、特征工程、机器学习、NLP、数据结构、SQL,华为HCIA认证
范飞,男,15378685274,fanfei21@gmail.com,18234255011,莆田,"期望岗位：算法工程师
期望城市：莆田
期望行业：互联网/信息技术/软件服务
期望薪资：7000-7500元",本科软件工程专业应届毕业生，有0段算法工程师实习经验，掌握算法优化技术栈，参与过实习项目开发，具备良好的代码规范与团队协作意识，能够快速上手业务，期望正式入职发展。,"厦门理工学院 | 软件工程 | 本科
毕业时间：2022年6月
核心课程：数据库原理、机器学习、数据结构、Java程序设计","【阿里巴巴（福州分公司）】 算法工程师（实习）
2021年2月 - 至今
    · 承担分配模块的编码、测试与优化工作，保障系统稳定运行
    · 编写开发文档，沉淀技术规范，协助新人熟悉业务
    · 负责公司算法工程师相关业务的开发与维护，参与需求评审","■ 电影推荐系统（毕设）
  项目目标：基于协同过滤实现简单电影推荐
  个人职责：数据处理、模型实现、效果验证
  项目成果：召回准确率达到75%

■ 手写数字识别（课程作业）
  项目目标：基于MNIST数据集实现手写数字识别
  个人职责：使用CNN搭建模型，训练与调优
  项目成果：识别准确率达到92%","专业技能：数据结构、深度学习、特征工程、PyTorch
相关证书：软考中级、计算机二级",有实习经验，熟悉开发基本流程，具备基础的项目实践能力；学习能力强，能够快速上手新业务新技术；工作踏实，责任心强，善于沟通协作，能够高效完成分配的工作任务。,本科 软件工程 应届 毕业生 算法 工程师 实习 算法优化 技术 实习 项目 开发 代码 规范 协作 上手 业务 正式 入职 发展,电影 推荐 系统 毕设 基于 协同 过滤 简单 电影 推荐 数据处理 模型 效果 验证 召回 准确率 达到 手写 数字 识别 作业 基于 MNIST 数据 手写 数字 识别 CNN 搭建 模型 训练 调优 识别 准确率 达到,阿里巴巴 福州 分公司 算法 工程师 实习 至今 分配 模块 编码 测试 保障系统 稳定 运行 编写 开发 文档 沉淀 技术规范 新人 熟悉业务 算法 工程师 业务 开发 维护 需求 评审,实习 开发 基本 流程 项目 实践 上手 业务 技术 责任心 善于 协作 高效 分配,数据结构 深度学习 特征工程 PyTorch 软考中级 计算机二级,数据结构、深度学习、特征工程、PyTorch,软考中级、计算机二级
胡燕,女,15252161800,huyan70@gmail.com,wx_huyan_346,龙岩,"期望岗位：软件测试工程师
期望城市：龙岩
期望行业：互联网/信息技术/软件服务
期望薪资：面议",3年软件测试工程师工作经验，精通功能测试、Appium技术栈，参与过完整项目迭代，能够独立完成模块开发与问题排查，注重代码质量与开发效率，具备良好的沟通协作能力。,"浙江万里学院 | 数据科学与大数据技术 | 本科
毕业时间：2019年6月
核心课程：数字信号处理、数据结构、算法设计与分析、Java程序设计","【科创互联网科技有限公司】 软件测试工程师
2025年1月 - 至今
    · 对接产品、测试团队，跟进需求落地与缺陷修复
    · 承担分配模块的编码、测试与优化工作，保障系统稳定运行

【恒信科技有限公司】 软件测试工程师
2024年7月 - 2025年1月
    · 编写开发文档，沉淀技术规范，协助新人熟悉业务
    · 对接产品、测试团队，跟进需求落地与缺陷修复","■ 自动化测试框架搭建
  项目目标：提升回归测试效率，减少人工重复劳动
  个人职责：基于Selenium搭建UI自动化框架，编写核心模块测试脚本
  项目成果：回归测试周期从7天缩短至2天，覆盖率达85%

■ 电商平台功能测试
  项目目标：保障电商系统上线质量，覆盖全业务流程
  个人职责：设计测试用例，执行功能、回归测试，提交缺陷报告
  项目成果：发现并修复120+缺陷，上线后线上缺陷率低于0.5%","专业技能：性能测试、功能测试、TestNG、缺陷管理、接口测试、Appium、MySQL
相关证书：软件设计师（中级）、英语六级、软考中级",拥有3年实际工作经验，技术功底扎实，熟悉完整开发流程；具备较强的问题解决能力，能够独立排查并解决常见技术问题；工作认真负责，注重团队协作，能够高效推进项目落地；持续学习，保持技术敏感度。,软件测试 工程师 功能测试 Appium 技术 完整 项目 迭代 独立 模块 开发 排查 代码 质量 开发 效率 协作,自动化 测试 框架 搭建 回归 测试 效率 减少 人工 重复劳动 基于 Selenium 搭建 UI 自动化 框架 编写 核心 模块 测试 脚本 回归 测试 周期 缩短 覆盖率 电商 平台 功能测试 保障 电商 系统 上线 质量 覆盖 业务流程 测试用例 执行 功能 回归 测试 提交 缺陷 报告 发现 修复 缺陷 上线 后线 缺陷率 低于,科创 互联网 科技 软件测试 工程师 至今 对接 产品 测试 跟进 需求 落地 缺陷 修复 分配 模块 编码 测试 保障系统 稳定 运行 恒信 科技 软件测试 工程师 编写 开发 文档 沉淀 技术规范 新人 熟悉业务 对接 产品 测试 跟进 需求 落地 缺陷 修复,实际 技术 功底 完整 开发 流程 独立 排查 常见 技术 认真负责 协作 高效 推进 项目 落地 持续 保持 技术 敏感度,性能测试 功能测试 TestNG 缺陷管理 接口测试 Appium MySQL 软件 设计师 中级 英语六级 软考中级,性能测试、功能测试、TestNG、缺陷管理、接口测试、Appium、MySQL,软件设计师（中级）、英语六级、软考中级
叶子轩,男,15621428576,ye子xuan5404@163.com,wx_ye子xuan_492,台州,"期望岗位：算法工程师
期望城市：台州
期望行业：互联网/信息技术/软件服务
期望薪资：5500-6000元",本科通信工程专业应届毕业生，有1段算法工程师实习经验，掌握推荐算法技术栈，参与过实习项目开发，具备良好的代码规范与团队协作意识，能够快速上手业务，期望正式入职发展。,"浙江万里学院 | 通信工程 | 本科
毕业时间：2021年6月
核心课程：数字信号处理、软件工程、Python编程、计算机网络","【易联科技有限公司】 算法工程师（实习）
2025年11月 - 至今
    · 承担分配模块的编码、测试与优化工作，保障系统稳定运行
    · 对接产品、测试团队，跟进需求落地与缺陷修复
    · 负责公司算法工程师相关业务的开发与维护，参与需求评审","■ 手写数字识别（课程作业）
  项目目标：基于MNIST数据集实现手写数字识别
  个人职责：使用CNN搭建模型，训练与调优
  项目成果：识别准确率达到92%

■ 电影推荐系统（毕设）
  项目目标：基于协同过滤实现简单电影推荐
  个人职责：数据处理、模型实现、效果验证
  项目成果：召回准确率达到75%","专业技能：TensorFlow、深度学习、特征工程、数据结构
相关证书：英语六级、计算机二级",有实习经验，熟悉开发基本流程，具备基础的项目实践能力；学习能力强，能够快速上手新业务新技术；工作踏实，责任心强，善于沟通协作，能够高效完成分配的工作任务。,本科 通信工程 应届 毕业生 算法 工程师 实习 推荐算法 技术 实习 项目 开发 代码 规范 协作 上手 业务 正式 入职 发展,手写 数字 识别 作业 基于 MNIST 数据 手写 数字 识别 CNN 搭建 模型 训练 调优 识别 准确率 达到 电影 推荐 系统 毕设 基于 协同 过滤 简单 电影 推荐 数据处理 模型 效果 验证 召回 准确率 达到,易联 科技 算法 工程师 实习 至今 分配 模块 编码 测试 保障系统 稳定 运行 对接 产品 测试 跟进 需求 落地 缺陷 修复 算法 工程师 业务 开发 维护 需求 评审,实习 开发 基本 流程 项目 实践 上手 业务 技术 责任心 善于 协作 高效 分配,TensorFlow 深度学习 特征工程 数据结构 英语六级 计算机二级,TensorFlow、深度学习、特征工程、数据结构,英语六级、计算机二级
史峰,男,13511655414,shifeng34@qq.com,13882572663,温州,"期望岗位：数据分析师
期望城市：温州
期望行业：互联网/信息技术/软件服务
期望薪资：4000-6500元",本科物联网工程专业应届毕业生，有0段数据分析师实习经验，掌握SQL技术栈，参与过实习项目开发，具备良好的代码规范与团队协作意识，能够快速上手业务，期望正式入职发展。,"泉州师范学院 | 物联网工程 | 本科
毕业时间：2022年6月
核心课程：Java程序设计、数据结构、计算机网络、机器学习","【微远数据技术有限公司】 数据分析师（实习）
2019年5月 - 至今
    · 承担分配模块的编码、测试与优化工作，保障系统稳定运行
    · 对接产品、测试团队，跟进需求落地与缺陷修复","■ 学生成绩数据分析
  项目目标：对班级期末成绩进行统计分析
  个人职责：数据清洗、可视化图表制作、结论输出
  项目成果：输出分析报告，提出3点教学建议

■ 电商公开数据爬取分析
  项目目标：采集公开电商商品数据并分析
  个人职责：数据爬取、清洗、价格销量分析
  项目成果：输出可视化分析图表","专业技能：SQL、Hive、用户分析、Tableau
相关证书：无",有实习经验，熟悉开发基本流程，具备基础的项目实践能力；学习能力强，能够快速上手新业务新技术；工作踏实，责任心强，善于沟通协作，能够高效完成分配的工作任务。,本科 物联网工程 应届 毕业生 数据 分析师 实习 SQL 技术 实习 项目 开发 代码 规范 协作 上手 业务 正式 入职 发展,学生 成绩 数据分析 班级 期末 成绩 统计分析 数据 清洗 可视化 图表 制作 结论 分析报告 提出 教学 建议 电商 公开 数据 爬取 分析 采集 公开 电商 商品 数据 分析 数据 爬取 清洗 价格 销量 分析 可视化 分析 图表,微远 数据 技术 数据 分析师 实习 至今 分配 模块 编码 测试 保障系统 稳定 运行 对接 产品 测试 跟进 需求 落地 缺陷 修复,实习 开发 基本 流程 项目 实践 上手 业务 技术 责任心 善于 协作 高效 分配,SQL Hive 用户分析 Tableau,SQL、Hive、用户分析、Tableau,
徐妍,女,15032306125,xuyan57@gmail.com,wx_xuyan_984,合肥,"期望岗位：前端开发工程师
期望城市：合肥
期望行业：互联网/信息技术/软件服务
期望薪资：5500-6000元",专科计算机科学与技术专业应届毕业生，掌握Axios、Element UI基础技能，完成过课程设计与毕业项目，具备基础代码编写能力与问题排查思路，学习能力强，做事认真踏实，期望从事前端开发工程师相关工作。,"福建船政交通职业学院 | 计算机科学与技术 | 专科
毕业时间：2022年6月
核心课程：计算机网络、机器学习、操作系统、数据结构","【校园实践】
    · 参与学校计算机协会技术部，负责协会网站日常维护
    · 协助老师完成实验室设备管理与系统环境搭建
    · 参与班级课程设计小组，担任后端开发角色","■ 个人博客系统（课程作业）
  项目目标：开发个人博客前端页面，实现文章展示与评论
  个人职责：负责页面布局、交互效果、接口联调
  项目成果：完成响应式页面，兼容多浏览器","专业技能：移动端适配、Webpack、TypeScript、Element UI
相关证书：英语四级",应届毕业，具备扎实的专业基础知识与学习能力，能够快速掌握新技术；工作态度认真负责，有耐心，注重细节；具备良好的团队意识与沟通能力，能够积极配合团队完成任务；期望在工作中积累经验，快速成长。,专科 计算机科学与技术 应届 毕业生 Axios Element UI 课程设计 项目 代码 编写 排查 前端开发 工程师,博客 系统 作业 开发 博客 前端 页面 文章 展示 评论 页面 布局 交互 效果 接口 联调 响应 页面 兼容 浏览器,学校 计算机 协会 技术部 协会 网站 维护 老师 实验室 设备 管理 系统 环境 搭建 班级 课程设计 小组 后端 开发 角色,应届 基础知识 技术 认真负责,移动端适配 Webpack TypeScript Element UI 英语四级,移动端适配、Webpack、TypeScript、Element UI,英语四级
魏建,男,15236464099,weijian3466@outlook.com,13719011349,莆田,"期望岗位：Java开发工程师
期望城市：莆田
期望行业：互联网/信息技术/软件服务
期望薪资：6000-7500元",本科计算机科学与技术专业应届毕业生，有0段Java开发工程师实习经验，掌握Docker技术栈，参与过实习项目开发，具备良好的代码规范与团队协作意识，能够快速上手业务，期望正式入职发展。,"南京大学 | 计算机科学与技术 | 本科
毕业时间：2022年6月
核心课程：操作系统、机器学习、计算机网络、数据结构","【网易（杭州）】 Java开发工程师（实习）
2018年5月 - 至今
    · 负责公司Java开发工程师相关业务的开发与维护，参与需求评审
    · 承担分配模块的编码、测试与优化工作，保障系统稳定运行","■ 校园二手交易平台（毕设）
  项目目标：搭建校园闲置物品发布与交易平台
  个人职责：负责用户模块、商品发布模块开发
  项目成果：完成系统原型，获得良好成绩

■ 学生成绩管理系统（课程设计）
  项目目标：实现学生信息、成绩、班级的增删改查管理
  个人职责：负责后端接口开发与数据库设计
  项目成果：完成基础功能，通过课程答辩","专业技能：JVM调优、Java、MyBatis、RabbitMQ
相关证书：计算机一级、计算机二级",有实习经验，熟悉开发基本流程，具备基础的项目实践能力；学习能力强，能够快速上手新业务新技术；工作踏实，责任心强，善于沟通协作，能够高效完成分配的工作任务。,本科 计算机科学与技术 应届 毕业生 Java 开发 工程师 实习 Docker 技术 实习 项目 开发 代码 规范 协作 上手 业务 正式 入职 发展,二手交易 平台 毕设 搭建 闲置 物品 发布 交易平台 用户 模块 商品 发布 模块 开发 系统 原型 获得 成绩 学生 成绩 管理系统 课程设计 学生 信息 成绩 班级 增删 改查 管理 后端 接口 开发 数据库 功能 答辩,网易 杭州 Java 开发 工程师 实习 至今 Java 开发 工程师 业务 开发 维护 需求 评审 分配 模块 编码 测试 保障系统 稳定 运行,实习 开发 基本 流程 项目 实践 上手 业务 技术 责任心 善于 协作 高效 分配,JVM调优 Java MyBatis RabbitMQ 计算机一级 计算机二级,JVM调优、Java、MyBatis、RabbitMQ,计算机一级、计算机二级
夏紫涵,女,18095378756,xia紫han328@outlook.com,wx_xia紫han_231,宁德,"期望岗位：运维工程师
期望城市：宁德
期望行业：互联网/信息技术/软件服务
期望薪资：面议",专科通信工程专业应届毕业生，掌握Nginx、Kubernetes基础技能，完成过课程设计与毕业项目，具备基础代码编写能力与问题排查思路，学习能力强，做事认真踏实，期望从事运维工程师相关工作。,"福建船政交通职业学院 | 通信工程 | 专科
毕业时间：2022年6月
核心课程：数据结构、机器学习、数据库原理、数字信号处理","【校园实践】
    · 参与学校计算机协会技术部，负责协会网站日常维护
    · 协助老师完成实验室设备管理与系统环境搭建
    · 参与班级课程设计小组，担任后端开发角色","■ 简单监控脚本开发
  项目目标：编写服务器状态监控脚本
  个人职责：实现CPU、内存、磁盘使用率自动采集
  项目成果：支持异常邮件告警","专业技能：Ansible、Redis、Jenkins、网络运维、Linux、Prometheus、Zabbix
相关证书：计算机一级",应届毕业，具备扎实的专业基础知识与学习能力，能够快速掌握新技术；工作态度认真负责，有耐心，注重细节；具备良好的团队意识与沟通能力，能够积极配合团队完成任务；期望在工作中积累经验，快速成长。,专科 通信工程 应届 毕业生 Nginx Kubernetes 课程设计 项目 代码 编写 排查 运维 工程师,简单 监控 脚本 开发 编写 服务器 状态 监控 脚本 CPU 内存 磁盘 使用率 自动 采集 异常 邮件 告警,学校 计算机 协会 技术部 协会 网站 维护 老师 实验室 设备 管理 系统 环境 搭建 班级 课程设计 小组 后端 开发 角色,应届 基础知识 技术 认真负责,Ansible Redis Jenkins 网络运维 Linux Prometheus Zabbix 计算机一级,Ansible、Redis、Jenkins、网络运维、Linux、Prometheus、Zabbix,计算机一级
廖刚,男,18749830712,liaogang010@outlook.com,15262754579,温州,"期望岗位：运维工程师
期望城市：温州
期望行业：互联网/信息技术/软件服务
期望薪资：面议",专科计算机应用技术专业应届毕业生，掌握Linux、MySQL基础技能，完成过课程设计与毕业项目，具备基础代码编写能力与问题排查思路，学习能力强，做事认真踏实，期望从事运维工程师相关工作。,"江西交通职业技术学院 | 计算机应用技术 | 专科
毕业时间：2022年6月
核心课程：Java程序设计、数据结构、算法设计与分析、数字信号处理","【校园实践】
    · 参与学校计算机协会技术部，负责协会网站日常维护
    · 协助老师完成实验室设备管理与系统环境搭建
    · 参与班级课程设计小组，担任后端开发角色","■ 实验室服务器搭建实训
  项目目标：搭建实验室Linux服务器环境
  个人职责：负责系统安装、网络配置、基础服务部署
  项目成果：完成3台服务器环境搭建","专业技能：Shell、Redis、Docker、MySQL、Nginx、Linux、网络运维
相关证书：计算机一级、英语四级、英语六级",应届毕业，具备扎实的专业基础知识与学习能力，能够快速掌握新技术；工作态度认真负责，有耐心，注重细节；具备良好的团队意识与沟通能力，能够积极配合团队完成任务；期望在工作中积累经验，快速成长。,专科 计算机应用技术 应届 毕业生 Linux MySQL 课程设计 项目 代码 编写 排查 运维 工程师,实验室 服务器 搭建 实训 搭建 实验室 Linux 服务器 环境 系统 安装 网络 配置 服务 部署 服务器 环境 搭建,学校 计算机 协会 技术部 协会 网站 维护 老师 实验室 设备 管理 系统 环境 搭建 班级 课程设计 小组 后端 开发 角色,应届 基础知识 技术 认真负责,Shell Redis Docker MySQL Nginx Linux 网络运维 计算机一级 英语四级 英语六级,Shell、Redis、Docker、MySQL、Nginx、Linux、网络运维,计算机一级、英语四级、英语六级
钱艳,女,18467416249,qianyan12@outlook.com,wx_qianyan_927,蚌埠,"期望岗位：算法工程师
期望城市：蚌埠
期望行业：互联网/信息技术/软件服务
期望薪资：面议",1年算法工程师工作经验，精通TensorFlow、NLP技术栈，参与过完整项目迭代，能够独立完成模块开发与问题排查，注重代码质量与开发效率，具备良好的沟通协作能力。,"东南大学 | 电子信息工程 | 本科
毕业时间：2021年6月
核心课程：操作系统、数据库原理、算法设计与分析、机器学习","【vivo（东莞）】 算法工程师
2025年6月 - 至今
    · 对接产品、测试团队，跟进需求落地与缺陷修复
    · 负责公司算法工程师相关业务的开发与维护，参与需求评审
    · 编写开发文档，沉淀技术规范，协助新人熟悉业务","■ 风控欺诈识别模型
  项目目标：识别交易欺诈行为，降低资金损失风险
  个人职责：特征工程，构建XGBoost风控模型，在线部署与迭代
  项目成果：欺诈识别准确率达92%，每年减少损失超200万

■ 个性化推荐系统
  项目目标：提升内容推荐精准度，增加用户停留时长
  个人职责：负责协同过滤、深度学习推荐模型开发与离线优化
  项目成果：用户平均停留时长提升25%，点击率提升15%","专业技能：深度学习、数据结构、特征工程、推荐算法、NLP、算法优化
相关证书：PMP项目管理专业人士",拥有1年实际工作经验，技术功底扎实，熟悉完整开发流程；具备较强的问题解决能力，能够独立排查并解决常见技术问题；工作认真负责，注重团队协作，能够高效推进项目落地；持续学习，保持技术敏感度。,算法 工程师 TensorFlow NLP 技术 完整 项目 迭代 独立 模块 开发 排查 代码 质量 开发 效率 协作,风控 欺诈 识别 模型 识别 交易 欺诈 行为 降低 资金 损失 风险 特征工程 构建 XGBoost 风控 模型 在线 部署 迭代 欺诈 识别 准确率 每年 减少 损失 个性化 推荐 系统 推荐 精准度 增加 用户 停留 时长 协同 过滤 深度学习 推荐 模型 开发 离线 用户 平均 停留 时长 点击率,vivo 东莞 算法 工程师 至今 对接 产品 测试 跟进 需求 落地 缺陷 修复 算法 工程师 业务 开发 维护 需求 评审 编写 开发 文档 沉淀 技术规范 新人 熟悉业务,实际 技术 功底 完整 开发 流程 独立 排查 常见 技术 认真负责 协作 高效 推进 项目 落地 持续 保持 技术 敏感度,深度学习 数据结构 特征工程 推荐算法 NLP 算法优化 PMP项目管理专业人士,深度学习、数据结构、特征工程、推荐算法、NLP、算法优化,PMP项目管理专业人士
姜茜,女,18455064851,jiangxi12@qq.com,wx_jiangxi_509,宁德,"期望岗位：软件测试工程师
期望城市：宁德
期望行业：互联网/信息技术/软件服务
期望薪资：5000-5500元",专科物联网工程专业应届毕业生，掌握缺陷管理、JMeter基础技能，完成过课程设计与毕业项目，具备基础代码编写能力与问题排查思路，学习能力强，做事认真踏实，期望从事软件测试工程师相关工作。,"福建信息职业技术学院 | 物联网工程 | 专科
毕业时间：2022年6月
核心课程：计算机网络、软件工程、Java程序设计、机器学习","【校园实践】
    · 参与学校计算机协会技术部，负责协会网站日常维护
    · 协助老师完成实验室设备管理与系统环境搭建
    · 参与班级课程设计小组，担任后端开发角色","■ 网页兼容性测试实训
  项目目标：对多个网站进行浏览器兼容测试
  个人职责：制定测试方案，输出测试报告
  项目成果：覆盖5款主流浏览器","专业技能：Selenium、Appium、JMeter、TestNG、Postman、缺陷管理、MySQL
相关证书：英语四级",应届毕业，具备扎实的专业基础知识与学习能力，能够快速掌握新技术；工作态度认真负责，有耐心，注重细节；具备良好的团队意识与沟通能力，能够积极配合团队完成任务；期望在工作中积累经验，快速成长。,专科 物联网工程 应届 毕业生 缺陷管理 JMeter 课程设计 项目 代码 编写 排查 软件测试 工程师,网页 兼容性 测试 实训 多个 网站 浏览器 兼容 测试 制定 测试 方案 测试报告 覆盖 主流 浏览器,学校 计算机 协会 技术部 协会 网站 维护 老师 实验室 设备 管理 系统 环境 搭建 班级 课程设计 小组 后端 开发 角色,应届 基础知识 技术 认真负责,Selenium Appium JMeter TestNG Postman 缺陷管理 MySQL 英语四级,Selenium、Appium、JMeter、TestNG、Postman、缺陷管理、MySQL,英语四级
向璐,女,15032207641,xianglu79@gmail.com,13073880859,黄山,"期望岗位：Java开发工程师
期望城市：黄山
期望行业：互联网/信息技术/软件服务
期望薪资：面议",2年Java开发工程师工作经验，精通Java、JVM调优技术栈，参与过完整项目迭代，能够独立完成模块开发与问题排查，注重代码质量与开发效率，具备良好的沟通协作能力。,"江西交通职业技术学院 | 软件工程 | 专科
毕业时间：2020年6月
核心课程：机器学习、操作系统、计算机网络、软件工程","【云创互联网科技有限公司】 Java开发工程师
2025年12月 - 至今
    · 对接产品、测试团队，跟进需求落地与缺陷修复
    · 承担分配模块的编码、测试与优化工作，保障系统稳定运行

【用友科技有限公司】 Java开发工程师
2024年12月 - 2025年6月
    · 承担分配模块的编码、测试与优化工作，保障系统稳定运行
    · 对接产品、测试团队，跟进需求落地与缺陷修复","■ 电商订单交易系统
  项目目标：搭建高可用电商订单系统，支撑大促流量峰值
  个人职责：负责订单创建、支付回调、库存扣减核心逻辑开发
  项目成果：支撑日均订单量10万+，系统可用性达99.95%

■ 微服务用户中心重构
  项目目标：将单体用户系统拆分为微服务架构，提升并发承载能力
  个人职责：负责登录、注册、权限模块开发，优化数据库查询与缓存策略
  项目成果：支持并发量从500提升至5000，接口响应耗时减少60%","专业技能：Linux、Java、Redis、MyBatis、RabbitMQ、SpringBoot、Docker、JVM调优、SpringCloud
相关证书：红帽RHCE认证",拥有2年实际工作经验，技术功底扎实，熟悉完整开发流程；具备较强的问题解决能力，能够独立排查并解决常见技术问题；工作认真负责，注重团队协作，能够高效推进项目落地；持续学习，保持技术敏感度。,Java 开发 工程师 Java JVM调优 技术 完整 项目 迭代 独立 模块 开发 排查 代码 质量 开发 效率 协作,电商 订单 交易系统 搭建 可用 电商 订单 系统 支撑 大促 流量 峰值 订单 创建 支付 回调 库存 扣减 核心 逻辑 开发 支撑 日均 订单 系统 可用性 微服务 用户 中心 重构 单体 用户 系统 分为 微服务 架构 并发 承载能力 登录 注册 权限 模块 开发 数据库 查询 缓存 策略 并发 接口 响应 耗时 减少,云创 互联网 科技 Java 开发 工程师 至今 对接 产品 测试 跟进 需求 落地 缺陷 修复 分配 模块 编码 测试 保障系统 稳定 运行 用友 科技 Java 开发 工程师 分配 模块 编码 测试 保障系统 稳定 运行 对接 产品 测试 跟进 需求 落地 缺陷 修复,实际 技术 功底 完整 开发 流程 独立 排查 常见 技术 认真负责 协作 高效 推进 项目 落地 持续 保持 技术 敏感度,Linux Java Redis MyBatis RabbitMQ SpringBoot Docker JVM调优 SpringCloud 红帽RHCE认证,Linux、Java、Redis、MyBatis、RabbitMQ、SpringBoot、Docker、JVM调优、SpringCloud,红帽RHCE认证
韦燕,女,18823903407,weiyan997@gmail.com,wx_weiyan_390,宁德,"期望岗位：后端开发工程师
期望城市：宁德
期望行业：互联网/信息技术/软件服务
期望薪资：7500-11000元",2年后端开发工程师工作经验，精通MySQL、PostgreSQL技术栈，参与过完整项目迭代，能够独立完成模块开发与问题排查，注重代码质量与开发效率，具备良好的沟通协作能力。,"闽南师范大学 | 物联网工程 | 本科
毕业时间：2020年6月
核心课程：软件工程、操作系统、Java程序设计、机器学习","【携程（厦门）】 后端开发工程师
2025年9月 - 至今
    · 承担分配模块的编码、测试与优化工作，保障系统稳定运行
    · 负责公司后端开发工程师相关业务的开发与维护，参与需求评审

【科创科技有限公司】 后端开发工程师
2024年4月 - 2025年12月
    · 编写开发文档，沉淀技术规范，协助新人熟悉业务
    · 负责公司后端开发工程师相关业务的开发与维护，参与需求评审
    · 对接产品、测试团队，跟进需求落地与缺陷修复","■ 内容管理系统后端
  项目目标：搭建CMS系统后端服务，支持多站点内容发布
  个人职责：负责文章、栏目、权限模块接口开发，设计数据库表结构
  项目成果：支撑8个站点同时运营，内容发布效率提升3倍

■ 即时通讯服务开发
  项目目标：实现企业内部IM系统后端消息推送与存储
  个人职责：负责消息队列、离线消息、会话管理模块开发
  项目成果：支持万人同时在线，消息送达延迟低于100ms","专业技能：Gin、Redis、MySQL、SpringBoot、PostgreSQL、Kafka、Java、Python
相关证书：系统架构设计师",拥有2年实际工作经验，技术功底扎实，熟悉完整开发流程；具备较强的问题解决能力，能够独立排查并解决常见技术问题；工作认真负责，注重团队协作，能够高效推进项目落地；持续学习，保持技术敏感度。,年后 开发 工程师 MySQL PostgreSQL 技术 完整 项目 迭代 独立 模块 开发 排查 代码 质量 开发 效率 协作,管理系统 后端 搭建 CMS 系统 后端 服务 站点 发布 文章 栏目 权限 模块接口 开发 数据库 结构 支撑 站点 运营 发布 效率 即时通讯 服务 开发 企业 内部 IM 系统 后端 消息 推送 存储 消息 队列 离线 消息 会话 管理 模块 开发 万人 同时在线 消息 送达 延迟 低于 100ms,携程 厦门 后端 开发 工程师 至今 分配 模块 编码 测试 保障系统 稳定 运行 后端 开发 工程师 业务 开发 维护 需求 评审 科创 科技 后端 开发 工程师 编写 开发 文档 沉淀 技术规范 新人 熟悉业务 后端 开发 工程师 业务 开发 维护 需求 评审 对接 产品 测试 跟进 需求 落地 缺陷 修复,实际 技术 功底 完整 开发 流程 独立 排查 常见 技术 认真负责 协作 高效 推进 项目 落地 持续 保持 技术 敏感度,Gin Redis MySQL SpringBoot PostgreSQL Kafka Java Python 系统架构设计师,Gin、Redis、MySQL、SpringBoot、PostgreSQL、Kafka、Java、Python,系统架构设计师
龙博,男,18101663639,longbo25@outlook.com,wx_longbo_365,南通,"期望岗位：Java开发工程师
期望城市：南通
期望行业：互联网/信息技术/软件服务
期望薪资：4000-5000元",专科信息管理与信息系统专业应届毕业生，掌握SpringBoot、SpringCloud基础技能，完成过课程设计与毕业项目，具备基础代码编写能力与问题排查思路，学习能力强，做事认真踏实，期望从事Java开发工程师相关工作。,"深圳职业技术学院 | 信息管理与信息系统 | 专科
毕业时间：2022年6月
核心课程：Java程序设计、算法设计与分析、数据库原理、计算机网络","【校园实践】
    · 参与学校计算机协会技术部，负责协会网站日常维护
    · 协助老师完成实验室设备管理与系统环境搭建
    · 参与班级课程设计小组，担任后端开发角色","■ 校园二手交易平台（毕设）
  项目目标：搭建校园闲置物品发布与交易平台
  个人职责：负责用户模块、商品发布模块开发
  项目成果：完成系统原型，获得良好成绩","专业技能：微服务、Linux、Redis、MySQL、Git
相关证书：无",应届毕业，具备扎实的专业基础知识与学习能力，能够快速掌握新技术；工作态度认真负责，有耐心，注重细节；具备良好的团队意识与沟通能力，能够积极配合团队完成任务；期望在工作中积累经验，快速成长。,专科 信息管理与信息系统 应届 毕业生 SpringBoot SpringCloud 课程设计 项目 代码 编写 排查 Java 开发 工程师,二手交易 平台 毕设 搭建 闲置 物品 发布 交易平台 用户 模块 商品 发布 模块 开发 系统 原型 获得 成绩,学校 计算机 协会 技术部 协会 网站 维护 老师 实验室 设备 管理 系统 环境 搭建 班级 课程设计 小组 后端 开发 角色,应届 基础知识 技术 认真负责,微服务 Linux Redis MySQL Git,微服务、Linux、Redis、MySQL、Git,
杜杰,男,13664273986,dujie90@126.com,18172376515,金华,"期望岗位：前端开发工程师
期望城市：金华
期望行业：互联网/信息技术/软件服务
期望薪资：5500-6000元",本科电子信息工程专业应届毕业生，有1段前端开发工程师实习经验，掌握Vite技术栈，参与过实习项目开发，具备良好的代码规范与团队协作意识，能够快速上手业务，期望正式入职发展。,"中山大学 | 电子信息工程 | 本科
毕业时间：2021年6月
核心课程：软件工程、算法设计与分析、Java程序设计、数字信号处理","【恒信数据技术有限公司】 前端开发工程师（实习）
2025年1月 - 至今
    · 承担分配模块的编码、测试与优化工作，保障系统稳定运行
    · 编写开发文档，沉淀技术规范，协助新人熟悉业务
    · 对接产品、测试团队，跟进需求落地与缺陷修复","■ 校园社团官网（实训项目）
  项目目标：为学校社团开发官方展示网站
  个人职责：负责首页、新闻页、成员页开发
  项目成果：上线后访问量累计5000+

■ 个人博客系统（课程作业）
  项目目标：开发个人博客前端页面，实现文章展示与评论
  个人职责：负责页面布局、交互效果、接口联调
  项目成果：完成响应式页面，兼容多浏览器","专业技能：HTML5、Webpack、JavaScript、Axios、CSS3
相关证书：计算机一级、MySQL数据库认证、英语四级",有实习经验，熟悉开发基本流程，具备基础的项目实践能力；学习能力强，能够快速上手新业务新技术；工作踏实，责任心强，善于沟通协作，能够高效完成分配的工作任务。,本科 电子信息工程 应届 毕业生 前端开发 工程师 实习 Vite 技术 实习 项目 开发 代码 规范 协作 上手 业务 正式 入职 发展,社团 官网 实训 项目 学校 社团 开发 官方 展示 网站 首页 新闻页 成员 开发 上线 访问量 累计 博客 系统 作业 开发 博客 前端 页面 文章 展示 评论 页面 布局 交互 效果 接口 联调 响应 页面 兼容 浏览器,恒信 数据 技术 前端开发 工程师 实习 至今 分配 模块 编码 测试 保障系统 稳定 运行 编写 开发 文档 沉淀 技术规范 新人 熟悉业务 对接 产品 测试 跟进 需求 落地 缺陷 修复,实习 开发 基本 流程 项目 实践 上手 业务 技术 责任心 善于 协作 高效 分配,HTML5 Webpack JavaScript Axios CSS3 计算机一级 MySQL数据库认证 英语四级,HTML5、Webpack、JavaScript、Axios、CSS3,计算机一级、MySQL数据库认证、英语四级
吕明,男,18548931073,lvming66@126.com,wx_lvming_421,福州,"期望岗位：前端开发工程师
期望城市：福州
期望行业：互联网/信息技术/软件服务
期望薪资：面议",4年前端开发工程师从业经验，精通React技术架构，主导过中型项目从0到1落地，擅长技术方案设计与性能优化，曾推动核心模块技术重构，带来显著效率提升，具备跨部门协作与项目推进能力。,"泉州师范学院 | 软件工程 | 本科
毕业时间：2018年6月
核心课程：软件工程、数据结构、机器学习、算法设计与分析","【金蝶信息技术有限公司】 前端开发工程师
2024年10月 - 至今
    · 负责公司前端开发工程师相关业务的开发与维护，参与需求评审
    · 承担分配模块的编码、测试与优化工作，保障系统稳定运行
    · 对接产品、测试团队，跟进需求落地与缺陷修复

【通元网络科技有限公司】 前端开发工程师
2022年2月 - 2024年1月
    · 负责公司前端开发工程师相关业务的开发与维护，参与需求评审
    · 对接产品、测试团队，跟进需求落地与缺陷修复","■ 企业后台管理系统
  项目目标：搭建企业运营管理后台，实现业务数据可视化
  个人职责：负责权限管理、数据报表模块开发，对接后端接口联调
  项目成果：覆盖12个业务部门，运营效率提升40%

■ 电商平台前端重构
  项目目标：升级旧版电商系统前端架构，提升用户体验与加载速度
  个人职责：负责商品详情页、购物车模块开发，组件化封装公共组件
  项目成果：首屏加载时间从3.2s降至1.8s，页面转化率提升12%","专业技能：JavaScript、HTML5、CSS3、React、Vue、Element UI、Vite、TypeScript、Webpack、Axios
相关证书：软考中级、阿里云ACP云计算认证",拥有4年行业经验，技术视野开阔，具备方案设计与项目把控能力；逻辑清晰，善于定位并解决复杂技术问题；具备良好的团队管理与跨部门沟通能力，能够推动技术优化与业务落地；责任心强，追求技术与业务的平衡发展。,前端开发 工程师 从业 React 技术 架构 主导 中型 项目 落地 擅长 技术 方案设计 性能 推动 核心 模块 技术 重构 带来 显著 效率 跨部门 协作 项目 推进,企业 后台 管理系统 搭建 企业 运营 管理 后台 业务 数据可视化 权限 管理 数据报表 模块 开发 对接 后端 接口 联调 覆盖 业务部门 运营 效率 电商 平台 前端 重构 升级 旧版 电商 系统 前端 架构 用户 体验 加载 速度 商品 详情页 购物车 模块 开发 组件 封装 公共 组件 首屏 加载 时间 3.2 降至 1.8 页面 转化率,金蝶 信息技术 前端开发 工程师 至今 前端开发 工程师 业务 开发 维护 需求 评审 分配 模块 编码 测试 保障系统 稳定 运行 对接 产品 测试 跟进 需求 落地 缺陷 修复 通元 网络科技 前端开发 工程师 前端开发 工程师 业务 开发 维护 需求 评审 对接 产品 测试 跟进 需求 落地 缺陷 修复,技术 视野 开阔 方案设计 项目 逻辑 清晰 善于 定位 复杂 技术 管理 跨部门 推动 技术 业务 落地 责任心 追求 技术 业务 平衡 发展,JavaScript HTML5 CSS3 React Vue Element UI Vite TypeScript Webpack Axios 软考中级 阿里云ACP云计算认证,JavaScript、HTML5、CSS3、React、Vue、Element UI、Vite、TypeScript、Webpack、Axios,软考中级、阿里云ACP云计算认证
潘婷,女,18238605414,panting688@qq.com,17734101926,三明,"期望岗位：算法工程师
期望城市：三明
期望行业：互联网/信息技术/软件服务
期望薪资：7500-10000元",1年算法工程师工作经验，精通SQL、NLP技术栈，参与过完整项目迭代，能够独立完成模块开发与问题排查，注重代码质量与开发效率，具备良好的沟通协作能力。,"南京工业职业技术大学 | 数据科学与大数据技术 | 专科
毕业时间：2021年6月
核心课程：Python编程、数字信号处理、操作系统、Java程序设计","【腾讯（深圳分公司）】 算法工程师
2025年8月 - 至今
    · 编写开发文档，沉淀技术规范，协助新人熟悉业务
    · 承担分配模块的编码、测试与优化工作，保障系统稳定运行
    · 对接产品、测试团队，跟进需求落地与缺陷修复","■ 个性化推荐系统
  项目目标：提升内容推荐精准度，增加用户停留时长
  个人职责：负责协同过滤、深度学习推荐模型开发与离线优化
  项目成果：用户平均停留时长提升25%，点击率提升15%

■ 风控欺诈识别模型
  项目目标：识别交易欺诈行为，降低资金损失风险
  个人职责：特征工程，构建XGBoost风控模型，在线部署与迭代
  项目成果：欺诈识别准确率达92%，每年减少损失超200万","专业技能：机器学习、SQL、计算机视觉、TensorFlow、PyTorch、Python、推荐算法、NLP
相关证书：计算机一级、软件设计师（中级）",拥有1年实际工作经验，技术功底扎实，熟悉完整开发流程；具备较强的问题解决能力，能够独立排查并解决常见技术问题；工作认真负责，注重团队协作，能够高效推进项目落地；持续学习，保持技术敏感度。,算法 工程师 SQL NLP 技术 完整 项目 迭代 独立 模块 开发 排查 代码 质量 开发 效率 协作,个性化 推荐 系统 推荐 精准度 增加 用户 停留 时长 协同 过滤 深度学习 推荐 模型 开发 离线 用户 平均 停留 时长 点击率 风控 欺诈 识别 模型 识别 交易 欺诈 行为 降低 资金 损失 风险 特征工程 构建 XGBoost 风控 模型 在线 部署 迭代 欺诈 识别 准确率 每年 减少 损失,腾讯 深圳 分公司 算法 工程师 至今 编写 开发 文档 沉淀 技术规范 新人 熟悉业务 分配 模块 编码 测试 保障系统 稳定 运行 对接 产品 测试 跟进 需求 落地 缺陷 修复,实际 技术 功底 完整 开发 流程 独立 排查 常见 技术 认真负责 协作 高效 推进 项目 落地 持续 保持 技术 敏感度,机器学习 SQL 计算机视觉 TensorFlow PyTorch Python 推荐算法 NLP 计算机一级 软件 设计师 中级,机器学习、SQL、计算机视觉、TensorFlow、PyTorch、Python、推荐算法、NLP,计算机一级、软件设计师（中级）
冯燕,女,13579015034,fengyan051@163.com,wx_fengyan_200,漳州,"期望岗位：软件测试工程师
期望城市：漳州
期望行业：互联网/信息技术/软件服务
期望薪资：面议",专科信息管理与信息系统专业应届毕业生，掌握接口测试、JMeter基础技能，完成过课程设计与毕业项目，具备基础代码编写能力与问题排查思路，学习能力强，做事认真踏实，期望从事软件测试工程师相关工作。,"厦门海洋职业技术学院 | 信息管理与信息系统 | 专科
毕业时间：2022年6月
核心课程：Python编程、数字信号处理、数据结构、数据库原理","【校园实践】
    · 参与学校计算机协会技术部，负责协会网站日常维护
    · 协助老师完成实验室设备管理与系统环境搭建
    · 参与班级课程设计小组，担任后端开发角色","■ 网页兼容性测试实训
  项目目标：对多个网站进行浏览器兼容测试
  个人职责：制定测试方案，输出测试报告
  项目成果：覆盖5款主流浏览器","专业技能：Postman、功能测试、Selenium、Python、性能测试、测试用例设计
相关证书：英语四级、英语六级",应届毕业，具备扎实的专业基础知识与学习能力，能够快速掌握新技术；工作态度认真负责，有耐心，注重细节；具备良好的团队意识与沟通能力，能够积极配合团队完成任务；期望在工作中积累经验，快速成长。,专科 信息管理与信息系统 应届 毕业生 接口测试 JMeter 课程设计 项目 代码 编写 排查 软件测试 工程师,网页 兼容性 测试 实训 多个 网站 浏览器 兼容 测试 制定 测试 方案 测试报告 覆盖 主流 浏览器,学校 计算机 协会 技术部 协会 网站 维护 老师 实验室 设备 管理 系统 环境 搭建 班级 课程设计 小组 后端 开发 角色,应届 基础知识 技术 认真负责,Postman 功能测试 Selenium Python 性能测试 测试用例设计 英语四级 英语六级,Postman、功能测试、Selenium、Python、性能测试、测试用例设计,英语四级、英语六级
陶若曦,女,13079457903,tao若xi1221@outlook.com,wx_tao若xi_506,常州,"期望岗位：数据分析师
期望城市：常州
期望行业：互联网/信息技术/软件服务
期望薪资：3000-5500元",本科通信工程专业应届毕业生，掌握Tableau、统计学基础技能，完成过课程设计与毕业项目，具备基础代码编写能力与问题排查思路，学习能力强，做事认真踏实，期望从事数据分析师相关工作。,"佛山科学技术学院 | 通信工程 | 本科
毕业时间：2022年6月
核心课程：Java程序设计、操作系统、数据库原理、数字信号处理","【校园实践】
    · 参与学校计算机协会技术部，负责协会网站日常维护
    · 协助老师完成实验室设备管理与系统环境搭建
    · 参与班级课程设计小组，担任后端开发角色","■ 电商公开数据爬取分析
  项目目标：采集公开电商商品数据并分析
  个人职责：数据爬取、清洗、价格销量分析
  项目成果：输出可视化分析图表","专业技能：统计学、Hive、Excel、Tableau、Power BI、MySQL
相关证书：无",应届毕业，具备扎实的专业基础知识与学习能力，能够快速掌握新技术；工作态度认真负责，有耐心，注重细节；具备良好的团队意识与沟通能力，能够积极配合团队完成任务；期望在工作中积累经验，快速成长。,本科 通信工程 应届 毕业生 Tableau 统计学 课程设计 项目 代码 编写 排查 数据 分析师,电商 公开 数据 爬取 分析 采集 公开 电商 商品 数据 分析 数据 爬取 清洗 价格 销量 分析 可视化 分析 图表,学校 计算机 协会 技术部 协会 网站 维护 老师 实验室 设备 管理 系统 环境 搭建 班级 课程设计 小组 后端 开发 角色,应届 基础知识 技术 认真负责,统计学 Hive Excel Tableau Power BI MySQL,统计学、Hive、Excel、Tableau、Power BI、MySQL,
余磊,男,18596917799,yulei034@gmail.com,wx_yulei_838,台州,"期望岗位：Java开发工程师
期望城市：台州
期望行业：互联网/信息技术/软件服务
期望薪资：7500-8000元",本科电子信息工程专业应届毕业生，有1段Java开发工程师实习经验，掌握SpringCloud技术栈，参与过实习项目开发，具备良好的代码规范与团队协作意识，能够快速上手业务，期望正式入职发展。,"浙江万里学院 | 电子信息工程 | 本科
毕业时间：2021年6月
核心课程：数字信号处理、数据库原理、软件工程、机器学习","【启明科技有限公司】 Java开发工程师（实习）
2025年8月 - 至今
    · 负责公司Java开发工程师相关业务的开发与维护，参与需求评审
    · 承担分配模块的编码、测试与优化工作，保障系统稳定运行
    · 编写开发文档，沉淀技术规范，协助新人熟悉业务","■ 校园二手交易平台（毕设）
  项目目标：搭建校园闲置物品发布与交易平台
  个人职责：负责用户模块、商品发布模块开发
  项目成果：完成系统原型，获得良好成绩

■ 学生成绩管理系统（课程设计）
  项目目标：实现学生信息、成绩、班级的增删改查管理
  个人职责：负责后端接口开发与数据库设计
  项目成果：完成基础功能，通过课程答辩","专业技能：MySQL、Java、SpringBoot、Linux、MyBatis、Redis
相关证书：华为HCIA认证、计算机二级",有实习经验，熟悉开发基本流程，具备基础的项目实践能力；学习能力强，能够快速上手新业务新技术；工作踏实，责任心强，善于沟通协作，能够高效完成分配的工作任务。,本科 电子信息工程 应届 毕业生 Java 开发 工程师 实习 SpringCloud 技术 实习 项目 开发 代码 规范 协作 上手 业务 正式 入职 发展,二手交易 平台 毕设 搭建 闲置 物品 发布 交易平台 用户 模块 商品 发布 模块 开发 系统 原型 获得 成绩 学生 成绩 管理系统 课程设计 学生 信息 成绩 班级 增删 改查 管理 后端 接口 开发 数据库 功能 答辩,启明 科技 Java 开发 工程师 实习 至今 Java 开发 工程师 业务 开发 维护 需求 评审 分配 模块 编码 测试 保障系统 稳定 运行 编写 开发 文档 沉淀 技术规范 新人 熟悉业务,实习 开发 基本 流程 项目 实践 上手 业务 技术 责任心 善于 协作 高效 分配,MySQL Java SpringBoot Linux MyBatis Redis 华为HCIA认证 计算机二级,MySQL、Java、SpringBoot、Linux、MyBatis、Redis,华为HCIA认证、计算机二级
黄芳,女,13275552305,huangfang5085@163.com,wx_huangfang_245,漳州,"期望岗位：软件测试工程师
期望城市：漳州
期望行业：互联网/信息技术/软件服务
期望薪资：4000-4500元",本科物联网工程专业应届毕业生，掌握Appium、Python基础技能，完成过课程设计与毕业项目，具备基础代码编写能力与问题排查思路，学习能力强，做事认真踏实，期望从事软件测试工程师相关工作。,"江西师范大学 | 物联网工程 | 本科
毕业时间：2022年6月
核心课程：算法设计与分析、Java程序设计、数据结构、机器学习","【校园实践】
    · 参与学校计算机协会技术部，负责协会网站日常维护
    · 协助老师完成实验室设备管理与系统环境搭建
    · 参与班级课程设计小组，担任后端开发角色","■ 学生管理系统功能测试
  项目目标：对课程设计系统进行功能测试与缺陷提交
  个人职责：设计测试用例，执行黑盒测试
  项目成果：发现并提交8个功能缺陷","专业技能：Python、Postman、Selenium、测试用例设计
相关证书：无",应届毕业，具备扎实的专业基础知识与学习能力，能够快速掌握新技术；工作态度认真负责，有耐心，注重细节；具备良好的团队意识与沟通能力，能够积极配合团队完成任务；期望在工作中积累经验，快速成长。,本科 物联网工程 应届 毕业生 Appium Python 课程设计 项目 代码 编写 排查 软件测试 工程师,学生 管理系统 功能测试 课程设计 系统 功能测试 缺陷 提交 测试用例 执行 黑盒 测试 发现 提交 功能 缺陷,学校 计算机 协会 技术部 协会 网站 维护 老师 实验室 设备 管理 系统 环境 搭建 班级 课程设计 小组 后端 开发 角色,应届 基础知识 技术 认真负责,Python Postman Selenium 测试用例设计,Python、Postman、Selenium、测试用例设计,
萧宇泽,男,15358062094,xiaoyuze5347@gmail.com,15968551176,金华,"期望岗位：后端开发工程师
期望城市：金华
期望行业：互联网/信息技术/软件服务
期望薪资：4000-4500元",专科计算机应用技术专业应届毕业生，掌握PostgreSQL、MySQL基础技能，完成过课程设计与毕业项目，具备基础代码编写能力与问题排查思路，学习能力强，做事认真踏实，期望从事后端开发工程师相关工作。,"福州职业技术学院 | 计算机应用技术 | 专科
毕业时间：2022年6月
核心课程：Java程序设计、操作系统、数字信号处理、软件工程","【校园实践】
    · 参与学校计算机协会技术部，负责协会网站日常维护
    · 协助老师完成实验室设备管理与系统环境搭建
    · 参与班级课程设计小组，担任后端开发角色","■ 简单论坛系统
  项目目标：实现帖子发布、回复、板块管理
  个人职责：负责后端服务开发与接口文档编写
  项目成果：支持百人同时在线访问","专业技能：Python、微服务、Docker、PostgreSQL、K8s、Go
相关证书：软件设计师（中级）、红帽RHCE认证、英语六级",应届毕业，具备扎实的专业基础知识与学习能力，能够快速掌握新技术；工作态度认真负责，有耐心，注重细节；具备良好的团队意识与沟通能力，能够积极配合团队完成任务；期望在工作中积累经验，快速成长。,专科 计算机应用技术 应届 毕业生 PostgreSQL MySQL 课程设计 项目 代码 编写 排查 后端 开发 工程师,简单 论坛 系统 帖子 发布 回复 板块 管理 后端 服务 开发 接口 文档 编写 百人 同时在线 访问,学校 计算机 协会 技术部 协会 网站 维护 老师 实验室 设备 管理 系统 环境 搭建 班级 课程设计 小组 后端 开发 角色,应届 基础知识 技术 认真负责,Python 微服务 Docker PostgreSQL K8s Go 软件 设计师 中级 红帽RHCE认证 英语六级,Python、微服务、Docker、PostgreSQL、K8s、Go,软件设计师（中级）、红帽RHCE认证、英语六级
钟建,男,13988440061,zhongjian9652@outlook.com,13720919458,南京,"期望岗位：算法工程师
期望城市：南京
期望行业：互联网/信息技术/软件服务
期望薪资：10000-12000元",1年算法工程师工作经验，精通NLP、算法优化技术栈，参与过完整项目迭代，能够独立完成模块开发与问题排查，注重代码质量与开发效率，具备良好的沟通协作能力。,"闽南师范大学 | 信息管理与信息系统 | 本科
毕业时间：2021年6月
核心课程：Java程序设计、Python编程、计算机网络、机器学习","【信雅软件有限公司】 算法工程师
2025年4月 - 至今
    · 编写开发文档，沉淀技术规范，协助新人熟悉业务
    · 负责公司算法工程师相关业务的开发与维护，参与需求评审
    · 承担分配模块的编码、测试与优化工作，保障系统稳定运行","■ 个性化推荐系统
  项目目标：提升内容推荐精准度，增加用户停留时长
  个人职责：负责协同过滤、深度学习推荐模型开发与离线优化
  项目成果：用户平均停留时长提升25%，点击率提升15%

■ 风控欺诈识别模型
  项目目标：识别交易欺诈行为，降低资金损失风险
  个人职责：特征工程，构建XGBoost风控模型，在线部署与迭代
  项目成果：欺诈识别准确率达92%，每年减少损失超200万","专业技能：机器学习、NLP、数据结构、推荐算法、算法优化、深度学习、特征工程、TensorFlow、SQL、计算机视觉
相关证书：系统架构设计师、软考中级、计算机一级",拥有1年实际工作经验，技术功底扎实，熟悉完整开发流程；具备较强的问题解决能力，能够独立排查并解决常见技术问题；工作认真负责，注重团队协作，能够高效推进项目落地；持续学习，保持技术敏感度。,算法 工程师 NLP 算法优化 技术 完整 项目 迭代 独立 模块 开发 排查 代码 质量 开发 效率 协作,个性化 推荐 系统 推荐 精准度 增加 用户 停留 时长 协同 过滤 深度学习 推荐 模型 开发 离线 用户 平均 停留 时长 点击率 风控 欺诈 识别 模型 识别 交易 欺诈 行为 降低 资金 损失 风险 特征工程 构建 XGBoost 风控 模型 在线 部署 迭代 欺诈 识别 准确率 每年 减少 损失,信雅 软件 算法 工程师 至今 编写 开发 文档 沉淀 技术规范 新人 熟悉业务 算法 工程师 业务 开发 维护 需求 评审 分配 模块 编码 测试 保障系统 稳定 运行,实际 技术 功底 完整 开发 流程 独立 排查 常见 技术 认真负责 协作 高效 推进 项目 落地 持续 保持 技术 敏感度,机器学习 NLP 数据结构 推荐算法 算法优化 深度学习 特征工程 TensorFlow SQL 计算机视觉 系统架构设计师 软考中级 计算机一级,机器学习、NLP、数据结构、推荐算法、算法优化、深度学习、特征工程、TensorFlow、SQL、计算机视觉,系统架构设计师、软考中级、计算机一级
高梓轩,男,18475120626,gao梓xuan485@126.com,18094988608,杭州,"期望岗位：运维工程师
期望城市：杭州
期望行业：互联网/信息技术/软件服务
期望薪资：3500-5500元",专科信息管理与信息系统专业应届毕业生，掌握Linux、Zabbix基础技能，完成过课程设计与毕业项目，具备基础代码编写能力与问题排查思路，学习能力强，做事认真踏实，期望从事运维工程师相关工作。,"福建船政交通职业学院 | 信息管理与信息系统 | 专科
毕业时间：2022年6月
核心课程：软件工程、机器学习、数据结构、数字信号处理","【校园实践】
    · 参与学校计算机协会技术部，负责协会网站日常维护
    · 协助老师完成实验室设备管理与系统环境搭建
    · 参与班级课程设计小组，担任后端开发角色","■ 实验室服务器搭建实训
  项目目标：搭建实验室Linux服务器环境
  个人职责：负责系统安装、网络配置、基础服务部署
  项目成果：完成3台服务器环境搭建","专业技能：Kubernetes、Zabbix、Ansible、Jenkins、网络运维、Shell
相关证书：无",应届毕业，具备扎实的专业基础知识与学习能力，能够快速掌握新技术；工作态度认真负责，有耐心，注重细节；具备良好的团队意识与沟通能力，能够积极配合团队完成任务；期望在工作中积累经验，快速成长。,专科 信息管理与信息系统 应届 毕业生 Linux Zabbix 课程设计 项目 代码 编写 排查 运维 工程师,实验室 服务器 搭建 实训 搭建 实验室 Linux 服务器 环境 系统 安装 网络 配置 服务 部署 服务器 环境 搭建,学校 计算机 协会 技术部 协会 网站 维护 老师 实验室 设备 管理 系统 环境 搭建 班级 课程设计 小组 后端 开发 角色,应届 基础知识 技术 认真负责,Kubernetes Zabbix Ansible Jenkins 网络运维 Shell,Kubernetes、Zabbix、Ansible、Jenkins、网络运维、Shell,
谭凯,男,18240404924,tankai271@gmail.com,18011323440,漳州,"期望岗位：软件测试工程师
期望城市：漳州
期望行业：互联网/信息技术/软件服务
期望薪资：24000-34000元",7年软件测试工程师资深经验，精通全链路技术架构，具备团队技术规划与方案设计能力，主导过多个大型项目重构与升级，在高并发/系统稳定性领域有深厚积累，能够带领团队攻克技术难题，驱动业务技术升级。,"南京工程学院 | 通信工程 | 本科
毕业时间：2015年6月
核心课程：计算机网络、软件工程、数据结构、操作系统","【启明互联网科技有限公司】 软件测试工程师
2024年7月 - 至今
    · 对接产品、测试团队，跟进需求落地与缺陷修复
    · 编写开发文档，沉淀技术规范，协助新人熟悉业务

【星图互联网科技有限公司】 软件测试工程师
2022年3月 - 2024年3月
    · 承担分配模块的编码、测试与优化工作，保障系统稳定运行
    · 负责公司软件测试工程师相关业务的开发与维护，参与需求评审
    · 对接产品、测试团队，跟进需求落地与缺陷修复

【合众科技有限公司】 软件测试工程师
2020年6月 - 2022年5月
    · 对接产品、测试团队，跟进需求落地与缺陷修复
    · 负责公司软件测试工程师相关业务的开发与维护，参与需求评审
    · 编写开发文档，沉淀技术规范，协助新人熟悉业务","■ 自动化测试框架搭建
  项目目标：提升回归测试效率，减少人工重复劳动
  个人职责：基于Selenium搭建UI自动化框架，编写核心模块测试脚本
  项目成果：回归测试周期从7天缩短至2天，覆盖率达85%

■ 电商平台功能测试
  项目目标：保障电商系统上线质量，覆盖全业务流程
  个人职责：设计测试用例，执行功能、回归测试，提交缺陷报告
  项目成果：发现并修复120+缺陷，上线后线上缺陷率低于0.5%","专业技能：TestNG、MySQL、Selenium、性能测试、Python、Appium、测试用例设计、缺陷管理
相关证书：计算机一级、英语六级",拥有7年行业经验，技术视野开阔，具备方案设计与项目把控能力；逻辑清晰，善于定位并解决复杂技术问题；具备良好的团队管理与跨部门沟通能力，能够推动技术优化与业务落地；责任心强，追求技术与业务的平衡发展。,软件测试 工程师 资深 链路 技术 架构 技术 规划 方案设计 主导 多个 大型项目 重构 升级 并发 系统 稳定性 领域 深厚 带领 攻克 技术难题 驱动 业务 技术升级,自动化 测试 框架 搭建 回归 测试 效率 减少 人工 重复劳动 基于 Selenium 搭建 UI 自动化 框架 编写 核心 模块 测试 脚本 回归 测试 周期 缩短 覆盖率 电商 平台 功能测试 保障 电商 系统 上线 质量 覆盖 业务流程 测试用例 执行 功能 回归 测试 提交 缺陷 报告 发现 修复 缺陷 上线 后线 缺陷率 低于,启明 互联网 科技 软件测试 工程师 至今 对接 产品 测试 跟进 需求 落地 缺陷 修复 编写 开发 文档 沉淀 技术规范 新人 熟悉业务 星图 互联网 科技 软件测试 工程师 分配 模块 编码 测试 保障系统 稳定 运行 软件测试 工程师 业务 开发 维护 需求 评审 对接 产品 测试 跟进 需求 落地 缺陷 修复 合众 科技 软件测试 工程师 对接 产品 测试 跟进 需求 落地 缺陷 修复 软件测试 工程师 业务 开发 维护 需求 评审 编写 开发 文档 沉淀 技术规范 新人 熟悉业务,技术 视野 开阔 方案设计 项目 逻辑 清晰 善于 定位 复杂 技术 管理 跨部门 推动 技术 业务 落地 责任心 追求 技术 业务 平衡 发展,TestNG MySQL Selenium 性能测试 Python Appium 测试用例设计 缺陷管理 计算机一级 英语六级,TestNG、MySQL、Selenium、性能测试、Python、Appium、测试用例设计、缺陷管理,计算机一级、英语六级
龚飞,男,18036211490,gongfei876@126.com,17791777492,宁德,"期望岗位：数据分析师
期望城市：宁德
期望行业：互联网/信息技术/软件服务
期望薪资：4000-8000元",本科网络工程专业应届毕业生，有1段数据分析师实习经验，掌握用户分析技术栈，参与过实习项目开发，具备良好的代码规范与团队协作意识，能够快速上手业务，期望正式入职发展。,"南昌大学 | 网络工程 | 本科
毕业时间：2021年6月
核心课程：数字信号处理、数据库原理、计算机网络、软件工程","【阿里巴巴（福州分公司）】 数据分析师（实习）
2025年1月 - 至今
    · 编写开发文档，沉淀技术规范，协助新人熟悉业务
    · 负责公司数据分析师相关业务的开发与维护，参与需求评审
    · 对接产品、测试团队，跟进需求落地与缺陷修复","■ 电商公开数据爬取分析
  项目目标：采集公开电商商品数据并分析
  个人职责：数据爬取、清洗、价格销量分析
  项目成果：输出可视化分析图表

■ 学生成绩数据分析
  项目目标：对班级期末成绩进行统计分析
  个人职责：数据清洗、可视化图表制作、结论输出
  项目成果：输出分析报告，提出3点教学建议","专业技能：SQL、Hive、Excel、Python、MySQL、Pandas
相关证书：计算机二级",有实习经验，熟悉开发基本流程，具备基础的项目实践能力；学习能力强，能够快速上手新业务新技术；工作踏实，责任心强，善于沟通协作，能够高效完成分配的工作任务。,本科 网络工程 应届 毕业生 数据 分析师 实习 用户分析 技术 实习 项目 开发 代码 规范 协作 上手 业务 正式 入职 发展,电商 公开 数据 爬取 分析 采集 公开 电商 商品 数据 分析 数据 爬取 清洗 价格 销量 分析 可视化 分析 图表 学生 成绩 数据分析 班级 期末 成绩 统计分析 数据 清洗 可视化 图表 制作 结论 分析报告 提出 教学 建议,阿里巴巴 福州 分公司 数据 分析师 实习 至今 编写 开发 文档 沉淀 技术规范 新人 熟悉业务 数据 分析师 业务 开发 维护 需求 评审 对接 产品 测试 跟进 需求 落地 缺陷 修复,实习 开发 基本 流程 项目 实践 上手 业务 技术 责任心 善于 协作 高效 分配,SQL Hive Excel Python MySQL Pandas 计算机二级,SQL、Hive、Excel、Python、MySQL、Pandas,计算机二级
向雨桐,女,15359421304,xiang雨tong97@163.com,wx_xiang雨tong_902,南通,"期望岗位：运维工程师
期望城市：南通
期望行业：互联网/信息技术/软件服务
期望薪资：7000-7500元",专科数字媒体技术专业应届毕业生，有0段运维工程师实习经验，掌握Zabbix技术栈，参与过实习项目开发，具备良好的代码规范与团队协作意识，能够快速上手业务，期望正式入职发展。,"江西交通职业技术学院 | 数字媒体技术 | 专科
毕业时间：2022年6月
核心课程：计算机网络、数据库原理、操作系统、数据结构","【腾讯（深圳分公司）】 运维工程师（实习）
2022年2月 - 至今
    · 对接产品、测试团队，跟进需求落地与缺陷修复
    · 负责公司运维工程师相关业务的开发与维护，参与需求评审
    · 编写开发文档，沉淀技术规范，协助新人熟悉业务","■ 实验室服务器搭建实训
  项目目标：搭建实验室Linux服务器环境
  个人职责：负责系统安装、网络配置、基础服务部署
  项目成果：完成3台服务器环境搭建

■ 简单监控脚本开发
  项目目标：编写服务器状态监控脚本
  个人职责：实现CPU、内存、磁盘使用率自动采集
  项目成果：支持异常邮件告警","专业技能：Ansible、Prometheus、Redis、MySQL、Nginx、Linux、Zabbix
相关证书：无",有实习经验，熟悉开发基本流程，具备基础的项目实践能力；学习能力强，能够快速上手新业务新技术；工作踏实，责任心强，善于沟通协作，能够高效完成分配的工作任务。,专科 数字媒体技术 应届 毕业生 运维 工程师 实习 Zabbix 技术 实习 项目 开发 代码 规范 协作 上手 业务 正式 入职 发展,实验室 服务器 搭建 实训 搭建 实验室 Linux 服务器 环境 系统 安装 网络 配置 服务 部署 服务器 环境 搭建 简单 监控 脚本 开发 编写 服务器 状态 监控 脚本 CPU 内存 磁盘 使用率 自动 采集 异常 邮件 告警,腾讯 深圳 分公司 运维 工程师 实习 至今 对接 产品 测试 跟进 需求 落地 缺陷 修复 运维 工程师 业务 开发 维护 需求 评审 编写 开发 文档 沉淀 技术规范 新人 熟悉业务,实习 开发 基本 流程 项目 实践 上手 业务 技术 责任心 善于 协作 高效 分配,Ansible Prometheus Redis MySQL Nginx Linux Zabbix,Ansible、Prometheus、Redis、MySQL、Nginx、Linux、Zabbix,
龚博,男,13682927921,gongbo0195@qq.com,15308953175,台州,"期望岗位：运维工程师
期望城市：台州
期望行业：互联网/信息技术/软件服务
期望薪资：5500-6000元",专科数学与应用数学专业应届毕业生，掌握Nginx、Prometheus基础技能，完成过课程设计与毕业项目，具备基础代码编写能力与问题排查思路，学习能力强，做事认真踏实，期望从事运维工程师相关工作。,"江西交通职业技术学院 | 数学与应用数学 | 专科
毕业时间：2022年6月
核心课程：计算机网络、Python编程、数据库原理、算法设计与分析","【校园实践】
    · 参与学校计算机协会技术部，负责协会网站日常维护
    · 协助老师完成实验室设备管理与系统环境搭建
    · 参与班级课程设计小组，担任后端开发角色","■ 简单监控脚本开发
  项目目标：编写服务器状态监控脚本
  个人职责：实现CPU、内存、磁盘使用率自动采集
  项目成果：支持异常邮件告警","专业技能：Redis、Shell、Linux、Jenkins
相关证书：软考中级、英语六级",应届毕业，具备扎实的专业基础知识与学习能力，能够快速掌握新技术；工作态度认真负责，有耐心，注重细节；具备良好的团队意识与沟通能力，能够积极配合团队完成任务；期望在工作中积累经验，快速成长。,专科 数学与应用数学 应届 毕业生 Nginx Prometheus 课程设计 项目 代码 编写 排查 运维 工程师,简单 监控 脚本 开发 编写 服务器 状态 监控 脚本 CPU 内存 磁盘 使用率 自动 采集 异常 邮件 告警,学校 计算机 协会 技术部 协会 网站 维护 老师 实验室 设备 管理 系统 环境 搭建 班级 课程设计 小组 后端 开发 角色,应届 基础知识 技术 认真负责,Redis Shell Linux Jenkins 软考中级 英语六级,Redis、Shell、Linux、Jenkins,软考中级、英语六级
彭莉,女,17763851121,pengli5658@gmail.com,wx_pengli_104,蚌埠,"期望岗位：运维工程师
期望城市：蚌埠
期望行业：互联网/信息技术/软件服务
期望薪资：5000-5500元",专科通信工程专业应届毕业生，掌握Kubernetes、Ansible基础技能，完成过课程设计与毕业项目，具备基础代码编写能力与问题排查思路，学习能力强，做事认真踏实，期望从事运维工程师相关工作。,"苏州职业大学 | 通信工程 | 专科
毕业时间：2022年6月
核心课程：Java程序设计、机器学习、数字信号处理、操作系统","【校园实践】
    · 参与学校计算机协会技术部，负责协会网站日常维护
    · 协助老师完成实验室设备管理与系统环境搭建
    · 参与班级课程设计小组，担任后端开发角色","■ 实验室服务器搭建实训
  项目目标：搭建实验室Linux服务器环境
  个人职责：负责系统安装、网络配置、基础服务部署
  项目成果：完成3台服务器环境搭建","专业技能：Redis、Kubernetes、MySQL、Docker、Ansible、Prometheus、Nginx
相关证书：英语四级",应届毕业，具备扎实的专业基础知识与学习能力，能够快速掌握新技术；工作态度认真负责，有耐心，注重细节；具备良好的团队意识与沟通能力，能够积极配合团队完成任务；期望在工作中积累经验，快速成长。,专科 通信工程 应届 毕业生 Kubernetes Ansible 课程设计 项目 代码 编写 排查 运维 工程师,实验室 服务器 搭建 实训 搭建 实验室 Linux 服务器 环境 系统 安装 网络 配置 服务 部署 服务器 环境 搭建,学校 计算机 协会 技术部 协会 网站 维护 老师 实验室 设备 管理 系统 环境 搭建 班级 课程设计 小组 后端 开发 角色,应届 基础知识 技术 认真负责,Redis Kubernetes MySQL Docker Ansible Prometheus Nginx 英语四级,Redis、Kubernetes、MySQL、Docker、Ansible、Prometheus、Nginx,英语四级
汤伟,男,17738217185,tangwei96@outlook.com,wx_tangwei_941,阜阳,"期望岗位：运维工程师
期望城市：阜阳
期望行业：互联网/信息技术/软件服务
期望薪资：8000-9500元",1年运维工程师工作经验，精通Linux、网络运维技术栈，参与过完整项目迭代，能够独立完成模块开发与问题排查，注重代码质量与开发效率，具备良好的沟通协作能力。,"南京工程学院 | 软件技术 | 本科
毕业时间：2021年6月
核心课程：数据库原理、操作系统、Python编程、软件工程","【启明软件有限公司】 运维工程师
2025年2月 - 至今
    · 编写开发文档，沉淀技术规范，协助新人熟悉业务
    · 负责公司运维工程师相关业务的开发与维护，参与需求评审","■ 服务器集群运维优化
  项目目标：提升服务器集群稳定性，降低故障发生率
  个人职责：负责日常巡检、故障排查，优化监控告警规则与分级策略
  项目成果：服务器故障率下降60%，平均故障响应时间缩短至15分钟

■ CI/CD自动化流水线
  项目目标：实现代码自动化构建、测试、部署，提升发布效率
  个人职责：基于Jenkins搭建持续集成流水线，配置Docker容器化部署
  项目成果：发布周期从每周1次提升至每天3次，部署失误率降为0","专业技能：Prometheus、网络运维、Ansible、Kubernetes、Shell、Linux
相关证书：系统架构设计师",拥有1年实际工作经验，技术功底扎实，熟悉完整开发流程；具备较强的问题解决能力，能够独立排查并解决常见技术问题；工作认真负责，注重团队协作，能够高效推进项目落地；持续学习，保持技术敏感度。,运维 工程师 Linux 网络运维 技术 完整 项目 迭代 独立 模块 开发 排查 代码 质量 开发 效率 协作,服务器 集群 运维 服务器 集群 稳定性 降低 故障 发生率 巡检 故障 排查 监控 告警 规则 分级 策略 服务器 故障率 下降 平均 故障 响应 时间 缩短 分钟 CI CD 自动化 流水线 代码 自动化 构建 测试 部署 发布 效率 基于 Jenkins 搭建 持续 集成 流水线 配置 Docker 容器 部署 发布 周期 每周 每天 部署 失误 降为,启明 软件 运维 工程师 至今 编写 开发 文档 沉淀 技术规范 新人 熟悉业务 运维 工程师 业务 开发 维护 需求 评审,实际 技术 功底 完整 开发 流程 独立 排查 常见 技术 认真负责 协作 高效 推进 项目 落地 持续 保持 技术 敏感度,Prometheus 网络运维 Ansible Kubernetes Shell Linux 系统架构设计师,Prometheus、网络运维、Ansible、Kubernetes、Shell、Linux,系统架构设计师
傅辉,男,15572498787,fuhui7787@outlook.com,18885690737,台州,"期望岗位：运维工程师
期望城市：台州
期望行业：互联网/信息技术/软件服务
期望薪资：面议",本科通信工程专业应届毕业生，掌握Zabbix、Nginx基础技能，完成过课程设计与毕业项目，具备基础代码编写能力与问题排查思路，学习能力强，做事认真踏实，期望从事运维工程师相关工作。,"厦门大学 | 通信工程 | 本科
毕业时间：2022年6月
核心课程：数据库原理、Java程序设计、操作系统、算法设计与分析","【校园实践】
    · 参与学校计算机协会技术部，负责协会网站日常维护
    · 协助老师完成实验室设备管理与系统环境搭建
    · 参与班级课程设计小组，担任后端开发角色","■ 实验室服务器搭建实训
  项目目标：搭建实验室Linux服务器环境
  个人职责：负责系统安装、网络配置、基础服务部署
  项目成果：完成3台服务器环境搭建","专业技能：MySQL、Redis、Docker、Kubernetes、网络运维
相关证书：英语六级、软考中级",应届毕业，具备扎实的专业基础知识与学习能力，能够快速掌握新技术；工作态度认真负责，有耐心，注重细节；具备良好的团队意识与沟通能力，能够积极配合团队完成任务；期望在工作中积累经验，快速成长。,本科 通信工程 应届 毕业生 Zabbix Nginx 课程设计 项目 代码 编写 排查 运维 工程师,实验室 服务器 搭建 实训 搭建 实验室 Linux 服务器 环境 系统 安装 网络 配置 服务 部署 服务器 环境 搭建,学校 计算机 协会 技术部 协会 网站 维护 老师 实验室 设备 管理 系统 环境 搭建 班级 课程设计 小组 后端 开发 角色,应届 基础知识 技术 认真负责,MySQL Redis Docker Kubernetes 网络运维 英语六级 软考中级,MySQL、Redis、Docker、Kubernetes、网络运维,英语六级、软考中级
尹紫涵,女,13800385649,yin紫han4591@126.com,wx_yin紫han_376,温州,"期望岗位：Java开发工程师
期望城市：温州
期望行业：互联网/信息技术/软件服务
期望薪资：5000-5500元",专科软件技术专业应届毕业生，掌握MySQL、Docker基础技能，完成过课程设计与毕业项目，具备基础代码编写能力与问题排查思路，学习能力强，做事认真踏实，期望从事Java开发工程师相关工作。,"泉州经贸职业技术学院 | 软件技术 | 专科
毕业时间：2022年6月
核心课程：软件工程、数据结构、计算机网络、数字信号处理","【校园实践】
    · 参与学校计算机协会技术部，负责协会网站日常维护
    · 协助老师完成实验室设备管理与系统环境搭建
    · 参与班级课程设计小组，担任后端开发角色","■ 校园二手交易平台（毕设）
  项目目标：搭建校园闲置物品发布与交易平台
  个人职责：负责用户模块、商品发布模块开发
  项目成果：完成系统原型，获得良好成绩","专业技能：SpringBoot、Git、SpringCloud、Java、微服务、MyBatis
相关证书：英语四级",应届毕业，具备扎实的专业基础知识与学习能力，能够快速掌握新技术；工作态度认真负责，有耐心，注重细节；具备良好的团队意识与沟通能力，能够积极配合团队完成任务；期望在工作中积累经验，快速成长。,专科 软件技术 应届 毕业生 MySQL Docker 课程设计 项目 代码 编写 排查 Java 开发 工程师,二手交易 平台 毕设 搭建 闲置 物品 发布 交易平台 用户 模块 商品 发布 模块 开发 系统 原型 获得 成绩,学校 计算机 协会 技术部 协会 网站 维护 老师 实验室 设备 管理 系统 环境 搭建 班级 课程设计 小组 后端 开发 角色,应届 基础知识 技术 认真负责,SpringBoot Git SpringCloud Java 微服务 MyBatis 英语四级,SpringBoot、Git、SpringCloud、Java、微服务、MyBatis,英语四级
曾浩,男,17788775953,zenghao84@126.com,wx_zenghao_401,芜湖,"期望岗位：Java开发工程师
期望城市：芜湖
期望行业：互联网/信息技术/软件服务
期望薪资：7500-12000元",2年Java开发工程师工作经验，精通微服务、MyBatis技术栈，参与过完整项目迭代，能够独立完成模块开发与问题排查，注重代码质量与开发效率，具备良好的沟通协作能力。,"苏州科技大学 | 软件工程 | 本科
毕业时间：2020年6月
核心课程：数据库原理、Python编程、计算机网络、软件工程","【卓望网络科技有限公司】 Java开发工程师
2025年7月 - 至今
    · 对接产品、测试团队，跟进需求落地与缺陷修复
    · 承担分配模块的编码、测试与优化工作，保障系统稳定运行
    · 负责公司Java开发工程师相关业务的开发与维护，参与需求评审

【天擎互联网科技有限公司】 Java开发工程师
2024年12月 - 2025年3月
    · 负责公司Java开发工程师相关业务的开发与维护，参与需求评审
    · 承担分配模块的编码、测试与优化工作，保障系统稳定运行
    · 对接产品、测试团队，跟进需求落地与缺陷修复","■ 电商订单交易系统
  项目目标：搭建高可用电商订单系统，支撑大促流量峰值
  个人职责：负责订单创建、支付回调、库存扣减核心逻辑开发
  项目成果：支撑日均订单量10万+，系统可用性达99.95%

■ 微服务用户中心重构
  项目目标：将单体用户系统拆分为微服务架构，提升并发承载能力
  个人职责：负责登录、注册、权限模块开发，优化数据库查询与缓存策略
  项目成果：支持并发量从500提升至5000，接口响应耗时减少60%","专业技能：MyBatis、JVM调优、Java、Linux、SpringCloud、SpringBoot、Docker、MySQL
相关证书：华为HCIA认证",拥有2年实际工作经验，技术功底扎实，熟悉完整开发流程；具备较强的问题解决能力，能够独立排查并解决常见技术问题；工作认真负责，注重团队协作，能够高效推进项目落地；持续学习，保持技术敏感度。,Java 开发 工程师 微服务 MyBatis 技术 完整 项目 迭代 独立 模块 开发 排查 代码 质量 开发 效率 协作,电商 订单 交易系统 搭建 可用 电商 订单 系统 支撑 大促 流量 峰值 订单 创建 支付 回调 库存 扣减 核心 逻辑 开发 支撑 日均 订单 系统 可用性 微服务 用户 中心 重构 单体 用户 系统 分为 微服务 架构 并发 承载能力 登录 注册 权限 模块 开发 数据库 查询 缓存 策略 并发 接口 响应 耗时 减少,卓望 网络科技 Java 开发 工程师 至今 对接 产品 测试 跟进 需求 落地 缺陷 修复 分配 模块 编码 测试 保障系统 稳定 运行 Java 开发 工程师 业务 开发 维护 需求 评审 天擎 互联网 科技 Java 开发 工程师 Java 开发 工程师 业务 开发 维护 需求 评审 分配 模块 编码 测试 保障系统 稳定 运行 对接 产品 测试 跟进 需求 落地 缺陷 修复,实际 技术 功底 完整 开发 流程 独立 排查 常见 技术 认真负责 协作 高效 推进 项目 落地 持续 保持 技术 敏感度,MyBatis JVM调优 Java Linux SpringCloud SpringBoot Docker MySQL 华为HCIA认证,MyBatis、JVM调优、Java、Linux、SpringCloud、SpringBoot、Docker、MySQL,华为HCIA认证
胡子轩,男,15180355165,hu子xuan867@outlook.com,15219449255,宁波,"期望岗位：数据分析师
期望城市：宁波
期望行业：互联网/信息技术/软件服务
期望薪资：3000-6000元",专科软件技术专业应届毕业生，掌握用户分析、NumPy基础技能，完成过课程设计与毕业项目，具备基础代码编写能力与问题排查思路，学习能力强，做事认真踏实，期望从事数据分析师相关工作。,"深圳职业技术学院 | 软件技术 | 专科
毕业时间：2022年6月
核心课程：Java程序设计、Python编程、数据库原理、计算机网络","【校园实践】
    · 参与学校计算机协会技术部，负责协会网站日常维护
    · 协助老师完成实验室设备管理与系统环境搭建
    · 参与班级课程设计小组，担任后端开发角色","■ 电商公开数据爬取分析
  项目目标：采集公开电商商品数据并分析
  个人职责：数据爬取、清洗、价格销量分析
  项目成果：输出可视化分析图表","专业技能：MySQL、Excel、Pandas、统计学、Hive、用户分析、数据可视化
相关证书：英语六级",应届毕业，具备扎实的专业基础知识与学习能力，能够快速掌握新技术；工作态度认真负责，有耐心，注重细节；具备良好的团队意识与沟通能力，能够积极配合团队完成任务；期望在工作中积累经验，快速成长。,专科 软件技术 应届 毕业生 用户分析 NumPy 课程设计 项目 代码 编写 排查 数据 分析师,电商 公开 数据 爬取 分析 采集 公开 电商 商品 数据 分析 数据 爬取 清洗 价格 销量 分析 可视化 分析 图表,学校 计算机 协会 技术部 协会 网站 维护 老师 实验室 设备 管理 系统 环境 搭建 班级 课程设计 小组 后端 开发 角色,应届 基础知识 技术 认真负责,MySQL Excel Pandas 统计学 Hive 用户分析 数据可视化 英语六级,MySQL、Excel、Pandas、统计学、Hive、用户分析、数据可视化,英语六级
蒋佳,女,18288855238,jiangjia376@gmail.com,15591587954,南通,"期望岗位：Python开发工程师
期望城市：南通
期望行业：互联网/信息技术/软件服务
期望薪资：7500-8000元",本科网络工程专业应届毕业生，有0段Python开发工程师实习经验，掌握爬虫技术栈，参与过实习项目开发，具备良好的代码规范与团队协作意识，能够快速上手业务，期望正式入职发展。,"江西师范大学 | 网络工程 | 本科
毕业时间：2022年6月
核心课程：算法设计与分析、数字信号处理、机器学习、操作系统","【易联数据技术有限公司】 Python开发工程师（实习）
2020年8月 - 至今
    · 对接产品、测试团队，跟进需求落地与缺陷修复
    · 负责公司Python开发工程师相关业务的开发与维护，参与需求评审
    · 承担分配模块的编码、测试与优化工作，保障系统稳定运行","■ 简单爬虫脚本开发
  项目目标：爬取公开网站数据并入库
  个人职责：负责反爬处理、数据清洗、SQLite存储
  项目成果：日均采集数据1万条

■ 自动化办公脚本
  项目目标：批量处理Excel表格数据
  个人职责：实现数据合并、格式转换、自动统计
  项目成果：提升人工效率80%","专业技能：Python、爬虫、Django、Docker、Celery、Flask
相关证书：英语六级",有实习经验，熟悉开发基本流程，具备基础的项目实践能力；学习能力强，能够快速上手新业务新技术；工作踏实，责任心强，善于沟通协作，能够高效完成分配的工作任务。,本科 网络工程 应届 毕业生 Python 开发 工程师 实习 爬虫 技术 实习 项目 开发 代码 规范 协作 上手 业务 正式 入职 发展,简单 爬虫 脚本 开发 爬取 公开 网站 数据 入库 反爬 处理 数据 清洗 SQL ite 存储 日均 采集 数据 万条 自动化 办公 脚本 批量 处理 Excel 表格 数据 数据 合并 格式 转换 自动 统计 人工效率,易联 数据 技术 Python 开发 工程师 实习 至今 对接 产品 测试 跟进 需求 落地 缺陷 修复 Python 开发 工程师 业务 开发 维护 需求 评审 分配 模块 编码 测试 保障系统 稳定 运行,实习 开发 基本 流程 项目 实践 上手 业务 技术 责任心 善于 协作 高效 分配,Python 爬虫 Django Docker Celery Flask 英语六级,Python、爬虫、Django、Docker、Celery、Flask,英语六级
蒋语桐,女,15373149600,jiang语tong8877@qq.com,17720269260,滁州,"期望岗位：算法工程师
期望城市：滁州
期望行业：互联网/信息技术/软件服务
期望薪资：12000-16500元",3年算法工程师从业经验，精通计算机视觉技术架构，主导过中型项目从0到1落地，擅长技术方案设计与性能优化，曾推动核心模块技术重构，带来显著效率提升，具备跨部门协作与项目推进能力。,"南昌大学 | 信息管理与信息系统 | 本科
毕业时间：2019年6月
核心课程：Java程序设计、操作系统、软件工程、Python编程","【信雅信息技术有限公司】 算法工程师
2025年11月 - 至今
    · 对接产品、测试团队，跟进需求落地与缺陷修复
    · 编写开发文档，沉淀技术规范，协助新人熟悉业务
    · 负责公司算法工程师相关业务的开发与维护，参与需求评审

【新科网络科技有限公司】 算法工程师
2024年3月 - 2025年1月
    · 负责公司算法工程师相关业务的开发与维护，参与需求评审
    · 对接产品、测试团队，跟进需求落地与缺陷修复
    · 编写开发文档，沉淀技术规范，协助新人熟悉业务","■ 个性化推荐系统
  项目目标：提升内容推荐精准度，增加用户停留时长
  个人职责：负责协同过滤、深度学习推荐模型开发与离线优化
  项目成果：用户平均停留时长提升25%，点击率提升15%

■ 风控欺诈识别模型
  项目目标：识别交易欺诈行为，降低资金损失风险
  个人职责：特征工程，构建XGBoost风控模型，在线部署与迭代
  项目成果：欺诈识别准确率达92%，每年减少损失超200万","专业技能：机器学习、推荐算法、SQL、NLP、计算机视觉、PyTorch
相关证书：无",拥有3年行业经验，技术视野开阔，具备方案设计与项目把控能力；逻辑清晰，善于定位并解决复杂技术问题；具备良好的团队管理与跨部门沟通能力，能够推动技术优化与业务落地；责任心强，追求技术与业务的平衡发展。,算法 工程师 从业 计算机视觉 技术 架构 主导 中型 项目 落地 擅长 技术 方案设计 性能 推动 核心 模块 技术 重构 带来 显著 效率 跨部门 协作 项目 推进,个性化 推荐 系统 推荐 精准度 增加 用户 停留 时长 协同 过滤 深度学习 推荐 模型 开发 离线 用户 平均 停留 时长 点击率 风控 欺诈 识别 模型 识别 交易 欺诈 行为 降低 资金 损失 风险 特征工程 构建 XGBoost 风控 模型 在线 部署 迭代 欺诈 识别 准确率 每年 减少 损失,信雅 信息技术 算法 工程师 至今 对接 产品 测试 跟进 需求 落地 缺陷 修复 编写 开发 文档 沉淀 技术规范 新人 熟悉业务 算法 工程师 业务 开发 维护 需求 评审 新科 网络科技 算法 工程师 算法 工程师 业务 开发 维护 需求 评审 对接 产品 测试 跟进 需求 落地 缺陷 修复 编写 开发 文档 沉淀 技术规范 新人 熟悉业务,技术 视野 开阔 方案设计 项目 逻辑 清晰 善于 定位 复杂 技术 管理 跨部门 推动 技术 业务 落地 责任心 追求 技术 业务 平衡 发展,机器学习 推荐算法 SQL NLP 计算机视觉 PyTorch,机器学习、推荐算法、SQL、NLP、计算机视觉、PyTorch,
汪梦瑶,女,18317782039,wangmengyao39@gmail.com,13753866446,厦门,"期望岗位：Python开发工程师
期望城市：厦门
期望行业：互联网/信息技术/软件服务
期望薪资：10000-16000元",5年Python开发工程师从业经验，精通FastAPI技术架构，主导过中型项目从0到1落地，擅长技术方案设计与性能优化，曾推动核心模块技术重构，带来显著效率提升，具备跨部门协作与项目推进能力。,"中山大学 | 数字媒体技术 | 本科
毕业时间：2017年6月
核心课程：Python编程、数据结构、算法设计与分析、计算机网络","【启明软件有限公司】 Python开发工程师
2025年11月 - 至今
    · 承担分配模块的编码、测试与优化工作，保障系统稳定运行
    · 编写开发文档，沉淀技术规范，协助新人熟悉业务

【用友网络科技有限公司】 Python开发工程师
2024年1月 - 2025年3月
    · 对接产品、测试团队，跟进需求落地与缺陷修复
    · 编写开发文档，沉淀技术规范，协助新人熟悉业务
    · 负责公司Python开发工程师相关业务的开发与维护，参与需求评审

【汇智科技有限公司】 Python开发工程师
2023年10月 - 2024年1月
    · 承担分配模块的编码、测试与优化工作，保障系统稳定运行
    · 对接产品、测试团队，跟进需求落地与缺陷修复
    · 负责公司Python开发工程师相关业务的开发与维护，参与需求评审","■ 数据采集爬虫系统
  项目目标：搭建分布式爬虫平台，采集多渠道公开数据
  个人职责：负责反爬策略破解、数据清洗、入库逻辑开发
  项目成果：日均采集数据50万条，数据准确率98%以上

■ 自动化运维平台
  项目目标：开发运维管理平台，实现服务器批量管理
  个人职责：负责监控、告警、任务调度模块后端开发
  项目成果：管理服务器200+，运维人力成本降低50%","专业技能：Python、MySQL、Redis、Django、爬虫、Docker、FastAPI、Git、Linux、Flask
相关证书：MySQL数据库认证、阿里云ACP云计算认证",拥有5年行业经验，技术视野开阔，具备方案设计与项目把控能力；逻辑清晰，善于定位并解决复杂技术问题；具备良好的团队管理与跨部门沟通能力，能够推动技术优化与业务落地；责任心强，追求技术与业务的平衡发展。,Python 开发 工程师 从业 FastAPI 技术 架构 主导 中型 项目 落地 擅长 技术 方案设计 性能 推动 核心 模块 技术 重构 带来 显著 效率 跨部门 协作 项目 推进,数据 采集 爬虫 系统 搭建 分布式 爬虫 平台 采集 多渠道 公开 数据 反爬 策略 破解 数据 清洗 入库 逻辑 开发 日均 采集 数据 万条 数据 准确率 以上 自动化 运维 平台 开发 运维 管理 平台 服务器 批量 管理 监控 告警 任务调度 模块 后端 开发 管理 服务器 运维 人力 成本 降低,启明 软件 Python 开发 工程师 至今 分配 模块 编码 测试 保障系统 稳定 运行 编写 开发 文档 沉淀 技术规范 新人 熟悉业务 用友 网络科技 Python 开发 工程师 对接 产品 测试 跟进 需求 落地 缺陷 修复 编写 开发 文档 沉淀 技术规范 新人 熟悉业务 Python 开发 工程师 业务 开发 维护 需求 评审 汇智 科技 Python 开发 工程师 分配 模块 编码 测试 保障系统 稳定 运行 对接 产品 测试 跟进 需求 落地 缺陷 修复 Python 开发 工程师 业务 开发 维护 需求 评审,技术 视野 开阔 方案设计 项目 逻辑 清晰 善于 定位 复杂 技术 管理 跨部门 推动 技术 业务 落地 责任心 追求 技术 业务 平衡 发展,Python MySQL Redis Django 爬虫 Docker FastAPI Git Linux Flask MySQL数据库认证 阿里云ACP云计算认证,Python、MySQL、Redis、Django、爬虫、Docker、FastAPI、Git、Linux、Flask,MySQL数据库认证、阿里云ACP云计算认证
韦玲,女,18327732070,weiling229@126.com,wx_weiling_330,镇江,"期望岗位：Python开发工程师
期望城市：镇江
期望行业：互联网/信息技术/软件服务
期望薪资：6000-8000元",专科信息管理与信息系统专业应届毕业生，有0段Python开发工程师实习经验，掌握Django技术栈，参与过实习项目开发，具备良好的代码规范与团队协作意识，能够快速上手业务，期望正式入职发展。,"广东轻工职业技术学院 | 信息管理与信息系统 | 专科
毕业时间：2022年6月
核心课程：操作系统、Java程序设计、算法设计与分析、数据结构","【东软数据技术有限公司】 Python开发工程师（实习）
2018年3月 - 至今
    · 承担分配模块的编码、测试与优化工作，保障系统稳定运行
    · 负责公司Python开发工程师相关业务的开发与维护，参与需求评审","■ 自动化办公脚本
  项目目标：批量处理Excel表格数据
  个人职责：实现数据合并、格式转换、自动统计
  项目成果：提升人工效率80%

■ 简单爬虫脚本开发
  项目目标：爬取公开网站数据并入库
  个人职责：负责反爬处理、数据清洗、SQLite存储
  项目成果：日均采集数据1万条","专业技能：Python、爬虫、Celery、MySQL、Flask
相关证书：英语四级、华为HCIA认证",有实习经验，熟悉开发基本流程，具备基础的项目实践能力；学习能力强，能够快速上手新业务新技术；工作踏实，责任心强，善于沟通协作，能够高效完成分配的工作任务。,专科 信息管理与信息系统 应届 毕业生 Python 开发 工程师 实习 Django 技术 实习 项目 开发 代码 规范 协作 上手 业务 正式 入职 发展,自动化 办公 脚本 批量 处理 Excel 表格 数据 数据 合并 格式 转换 自动 统计 人工效率 简单 爬虫 脚本 开发 爬取 公开 网站 数据 入库 反爬 处理 数据 清洗 SQL ite 存储 日均 采集 数据 万条,东软 数据 技术 Python 开发 工程师 实习 至今 分配 模块 编码 测试 保障系统 稳定 运行 Python 开发 工程师 业务 开发 维护 需求 评审,实习 开发 基本 流程 项目 实践 上手 业务 技术 责任心 善于 协作 高效 分配,Python 爬虫 Celery MySQL Flask 英语四级 华为HCIA认证,Python、爬虫、Celery、MySQL、Flask,英语四级、华为HCIA认证
谭艳,女,17797129102,tanyan1680@qq.com,15611604487,莆田,"期望岗位：运维工程师
期望城市：莆田
期望行业：互联网/信息技术/软件服务
期望薪资：4000-5500元",本科软件技术专业应届毕业生，掌握Zabbix、Nginx基础技能，完成过课程设计与毕业项目，具备基础代码编写能力与问题排查思路，学习能力强，做事认真踏实，期望从事运维工程师相关工作。,"福州大学 | 软件技术 | 本科
毕业时间：2022年6月
核心课程：Java程序设计、算法设计与分析、计算机网络、Python编程","【校园实践】
    · 参与学校计算机协会技术部，负责协会网站日常维护
    · 协助老师完成实验室设备管理与系统环境搭建
    · 参与班级课程设计小组，担任后端开发角色","■ 实验室服务器搭建实训
  项目目标：搭建实验室Linux服务器环境
  个人职责：负责系统安装、网络配置、基础服务部署
  项目成果：完成3台服务器环境搭建","专业技能：Ansible、Redis、Prometheus、MySQL、网络运维
相关证书：英语六级、PMP项目管理专业人士",应届毕业，具备扎实的专业基础知识与学习能力，能够快速掌握新技术；工作态度认真负责，有耐心，注重细节；具备良好的团队意识与沟通能力，能够积极配合团队完成任务；期望在工作中积累经验，快速成长。,本科 软件技术 应届 毕业生 Zabbix Nginx 课程设计 项目 代码 编写 排查 运维 工程师,实验室 服务器 搭建 实训 搭建 实验室 Linux 服务器 环境 系统 安装 网络 配置 服务 部署 服务器 环境 搭建,学校 计算机 协会 技术部 协会 网站 维护 老师 实验室 设备 管理 系统 环境 搭建 班级 课程设计 小组 后端 开发 角色,应届 基础知识 技术 认真负责,Ansible Redis Prometheus MySQL 网络运维 英语六级 PMP项目管理专业人士,Ansible、Redis、Prometheus、MySQL、网络运维,英语六级、PMP项目管理专业人士
唐明,男,15933839379,tangming7009@gmail.com,18031555318,莆田,"期望岗位：Python开发工程师
期望城市：莆田
期望行业：互联网/信息技术/软件服务
期望薪资：3500-5000元",专科电子信息工程专业应届毕业生，掌握Linux、Linux基础技能，完成过课程设计与毕业项目，具备基础代码编写能力与问题排查思路，学习能力强，做事认真踏实，期望从事Python开发工程师相关工作。,"福建信息职业技术学院 | 电子信息工程 | 专科
毕业时间：2022年6月
核心课程：Python编程、机器学习、算法设计与分析、操作系统","【校园实践】
    · 参与学校计算机协会技术部，负责协会网站日常维护
    · 协助老师完成实验室设备管理与系统环境搭建
    · 参与班级课程设计小组，担任后端开发角色","■ 简单爬虫脚本开发
  项目目标：爬取公开网站数据并入库
  个人职责：负责反爬处理、数据清洗、SQLite存储
  项目成果：日均采集数据1万条","专业技能：Python、Linux、FastAPI、爬虫
相关证书：计算机二级、软考中级",应届毕业，具备扎实的专业基础知识与学习能力，能够快速掌握新技术；工作态度认真负责，有耐心，注重细节；具备良好的团队意识与沟通能力，能够积极配合团队完成任务；期望在工作中积累经验，快速成长。,专科 电子信息工程 应届 毕业生 Linux Linux 课程设计 项目 代码 编写 排查 Python 开发 工程师,简单 爬虫 脚本 开发 爬取 公开 网站 数据 入库 反爬 处理 数据 清洗 SQL ite 存储 日均 采集 数据 万条,学校 计算机 协会 技术部 协会 网站 维护 老师 实验室 设备 管理 系统 环境 搭建 班级 课程设计 小组 后端 开发 角色,应届 基础知识 技术 认真负责,Python Linux FastAPI 爬虫 计算机二级 软考中级,Python、Linux、FastAPI、爬虫,计算机二级、软考中级
钟鑫,男,18721715883,zhongxin22@outlook.com,wx_zhongxin_990,黄山,"期望岗位：软件测试工程师
期望城市：黄山
期望行业：互联网/信息技术/软件服务
期望薪资：5000-5500元",本科计算机科学与技术专业应届毕业生，掌握性能测试、缺陷管理基础技能，完成过课程设计与毕业项目，具备基础代码编写能力与问题排查思路，学习能力强，做事认真踏实，期望从事软件测试工程师相关工作。,"东南大学 | 计算机科学与技术 | 本科
毕业时间：2022年6月
核心课程：算法设计与分析、操作系统、数据结构、机器学习","【校园实践】
    · 参与学校计算机协会技术部，负责协会网站日常维护
    · 协助老师完成实验室设备管理与系统环境搭建
    · 参与班级课程设计小组，担任后端开发角色","■ 学生管理系统功能测试
  项目目标：对课程设计系统进行功能测试与缺陷提交
  个人职责：设计测试用例，执行黑盒测试
  项目成果：发现并提交8个功能缺陷","专业技能：测试用例设计、Appium、性能测试、Selenium、功能测试、接口测试
相关证书：无",应届毕业，具备扎实的专业基础知识与学习能力，能够快速掌握新技术；工作态度认真负责，有耐心，注重细节；具备良好的团队意识与沟通能力，能够积极配合团队完成任务；期望在工作中积累经验，快速成长。,本科 计算机科学与技术 应届 毕业生 性能测试 缺陷管理 课程设计 项目 代码 编写 排查 软件测试 工程师,学生 管理系统 功能测试 课程设计 系统 功能测试 缺陷 提交 测试用例 执行 黑盒 测试 发现 提交 功能 缺陷,学校 计算机 协会 技术部 协会 网站 维护 老师 实验室 设备 管理 系统 环境 搭建 班级 课程设计 小组 后端 开发 角色,应届 基础知识 技术 认真负责,测试用例设计 Appium 性能测试 Selenium 功能测试 接口测试,测试用例设计、Appium、性能测试、Selenium、功能测试、接口测试,
傅艳,女,18741835604,fuyan7286@outlook.com,15355512299,宁波,"期望岗位：Java开发工程师
期望城市：宁波
期望行业：互联网/信息技术/软件服务
期望薪资：7000-10500元",3年Java开发工程师工作经验，精通Git、Java技术栈，参与过完整项目迭代，能够独立完成模块开发与问题排查，注重代码质量与开发效率，具备良好的沟通协作能力。,"闽南师范大学 | 通信工程 | 本科
毕业时间：2019年6月
核心课程：软件工程、操作系统、算法设计与分析、数据库原理","【金蝶网络科技有限公司】 Java开发工程师
2025年7月 - 至今
    · 对接产品、测试团队，跟进需求落地与缺陷修复
    · 承担分配模块的编码、测试与优化工作，保障系统稳定运行
    · 编写开发文档，沉淀技术规范，协助新人熟悉业务

【天擎信息技术有限公司】 Java开发工程师
2024年12月 - 2025年3月
    · 负责公司Java开发工程师相关业务的开发与维护，参与需求评审
    · 对接产品、测试团队，跟进需求落地与缺陷修复
    · 编写开发文档，沉淀技术规范，协助新人熟悉业务","■ 微服务用户中心重构
  项目目标：将单体用户系统拆分为微服务架构，提升并发承载能力
  个人职责：负责登录、注册、权限模块开发，优化数据库查询与缓存策略
  项目成果：支持并发量从500提升至5000，接口响应耗时减少60%

■ 电商订单交易系统
  项目目标：搭建高可用电商订单系统，支撑大促流量峰值
  个人职责：负责订单创建、支付回调、库存扣减核心逻辑开发
  项目成果：支撑日均订单量10万+，系统可用性达99.95%","专业技能：JVM调优、Git、Redis、Linux、SpringBoot、RabbitMQ
相关证书：阿里云ACP云计算认证、红帽RHCE认证、英语六级",拥有3年实际工作经验，技术功底扎实，熟悉完整开发流程；具备较强的问题解决能力，能够独立排查并解决常见技术问题；工作认真负责，注重团队协作，能够高效推进项目落地；持续学习，保持技术敏感度。,Java 开发 工程师 Git Java 技术 完整 项目 迭代 独立 模块 开发 排查 代码 质量 开发 效率 协作,微服务 用户 中心 重构 单体 用户 系统 分为 微服务 架构 并发 承载能力 登录 注册 权限 模块 开发 数据库 查询 缓存 策略 并发 接口 响应 耗时 减少 电商 订单 交易系统 搭建 可用 电商 订单 系统 支撑 大促 流量 峰值 订单 创建 支付 回调 库存 扣减 核心 逻辑 开发 支撑 日均 订单 系统 可用性,金蝶 网络科技 Java 开发 工程师 至今 对接 产品 测试 跟进 需求 落地 缺陷 修复 分配 模块 编码 测试 保障系统 稳定 运行 编写 开发 文档 沉淀 技术规范 新人 熟悉业务 天擎 信息技术 Java 开发 工程师 Java 开发 工程师 业务 开发 维护 需求 评审 对接 产品 测试 跟进 需求 落地 缺陷 修复 编写 开发 文档 沉淀 技术规范 新人 熟悉业务,实际 技术 功底 完整 开发 流程 独立 排查 常见 技术 认真负责 协作 高效 推进 项目 落地 持续 保持 技术 敏感度,JVM调优 Git Redis Linux SpringBoot RabbitMQ 阿里云ACP云计算认证 红帽RHCE认证 英语六级,JVM调优、Git、Redis、Linux、SpringBoot、RabbitMQ,阿里云ACP云计算认证、红帽RHCE认证、英语六级
黄鑫,男,15612261447,huangxin90@163.com,wx_huangxin_800,滁州,"期望岗位：后端开发工程师
期望城市：滁州
期望行业：互联网/信息技术/软件服务
期望薪资：25000-34000元",5年后端开发工程师资深经验，精通全链路技术架构，具备团队技术规划与方案设计能力，主导过多个大型项目重构与升级，在高并发/系统稳定性领域有深厚积累，能够带领团队攻克技术难题，驱动业务技术升级。,"中山大学 | 数学与应用数学 | 本科
毕业时间：2017年6月
核心课程：Java程序设计、软件工程、操作系统、数据结构","【字节跳动（厦门分公司）】 后端开发工程师
2025年6月 - 至今
    · 负责公司后端开发工程师相关业务的开发与维护，参与需求评审
    · 编写开发文档，沉淀技术规范，协助新人熟悉业务
    · 承担分配模块的编码、测试与优化工作，保障系统稳定运行

【智联数据技术有限公司】 后端开发工程师
2024年8月 - 2025年7月
    · 承担分配模块的编码、测试与优化工作，保障系统稳定运行
    · 编写开发文档，沉淀技术规范，协助新人熟悉业务
    · 对接产品、测试团队，跟进需求落地与缺陷修复

【数聚网络科技有限公司】 后端开发工程师
2023年2月 - 2024年9月
    · 负责公司后端开发工程师相关业务的开发与维护，参与需求评审
    · 承担分配模块的编码、测试与优化工作，保障系统稳定运行
    · 编写开发文档，沉淀技术规范，协助新人熟悉业务","■ 内容管理系统后端
  项目目标：搭建CMS系统后端服务，支持多站点内容发布
  个人职责：负责文章、栏目、权限模块接口开发，设计数据库表结构
  项目成果：支撑8个站点同时运营，内容发布效率提升3倍

■ 即时通讯服务开发
  项目目标：实现企业内部IM系统后端消息推送与存储
  个人职责：负责消息队列、离线消息、会话管理模块开发
  项目成果：支持万人同时在线，消息送达延迟低于100ms","专业技能：Java、Gin、K8s、Docker、MySQL、Go、Redis、PostgreSQL、SpringBoot
相关证书：无",拥有5年行业经验，技术视野开阔，具备方案设计与项目把控能力；逻辑清晰，善于定位并解决复杂技术问题；具备良好的团队管理与跨部门沟通能力，能够推动技术优化与业务落地；责任心强，追求技术与业务的平衡发展。,年后 开发 工程师 资深 链路 技术 架构 技术 规划 方案设计 主导 多个 大型项目 重构 升级 并发 系统 稳定性 领域 深厚 带领 攻克 技术难题 驱动 业务 技术升级,管理系统 后端 搭建 CMS 系统 后端 服务 站点 发布 文章 栏目 权限 模块接口 开发 数据库 结构 支撑 站点 运营 发布 效率 即时通讯 服务 开发 企业 内部 IM 系统 后端 消息 推送 存储 消息 队列 离线 消息 会话 管理 模块 开发 万人 同时在线 消息 送达 延迟 低于 100ms,字节 跳动 厦门 分公司 后端 开发 工程师 至今 后端 开发 工程师 业务 开发 维护 需求 评审 编写 开发 文档 沉淀 技术规范 新人 熟悉业务 分配 模块 编码 测试 保障系统 稳定 运行 智联 数据 技术 后端 开发 工程师 分配 模块 编码 测试 保障系统 稳定 运行 编写 开发 文档 沉淀 技术规范 新人 熟悉业务 对接 产品 测试 跟进 需求 落地 缺陷 修复 数聚 网络科技 后端 开发 工程师 后端 开发 工程师 业务 开发 维护 需求 评审 分配 模块 编码 测试 保障系统 稳定 运行 编写 开发 文档 沉淀 技术规范 新人 熟悉业务,技术 视野 开阔 方案设计 项目 逻辑 清晰 善于 定位 复杂 技术 管理 跨部门 推动 技术 业务 落地 责任心 追求 技术 业务 平衡 发展,Java Gin K8s Docker MySQL Go Redis PostgreSQL SpringBoot,Java、Gin、K8s、Docker、MySQL、Go、Redis、PostgreSQL、SpringBoot,
汪敏,女,18140143349,wangmin29@gmail.com,wx_wangmin_830,无锡,"期望岗位：Java开发工程师
期望城市：无锡
期望行业：互联网/信息技术/软件服务
期望薪资：32500-33500元",8年Java开发工程师资深经验，精通全链路技术架构，具备团队技术规划与方案设计能力，主导过多个大型项目重构与升级，在高并发/系统稳定性领域有深厚积累，能够带领团队攻克技术难题，驱动业务技术升级。,"泉州师范学院 | 计算机科学与技术 | 本科
毕业时间：2014年6月
核心课程：计算机网络、数据库原理、软件工程、机器学习","【汇智互联网科技有限公司】 Java开发工程师
2024年3月 - 至今
    · 负责公司Java开发工程师相关业务的开发与维护，参与需求评审
    · 编写开发文档，沉淀技术规范，协助新人熟悉业务
    · 承担分配模块的编码、测试与优化工作，保障系统稳定运行

【合众软件有限公司】 Java开发工程师
2022年8月 - 2024年3月
    · 对接产品、测试团队，跟进需求落地与缺陷修复
    · 承担分配模块的编码、测试与优化工作，保障系统稳定运行
    · 编写开发文档，沉淀技术规范，协助新人熟悉业务

【智联数据技术有限公司】 Java开发工程师
2020年11月 - 2022年12月
    · 编写开发文档，沉淀技术规范，协助新人熟悉业务
    · 对接产品、测试团队，跟进需求落地与缺陷修复","■ 电商订单交易系统
  项目目标：搭建高可用电商订单系统，支撑大促流量峰值
  个人职责：负责订单创建、支付回调、库存扣减核心逻辑开发
  项目成果：支撑日均订单量10万+，系统可用性达99.95%

■ 微服务用户中心重构
  项目目标：将单体用户系统拆分为微服务架构，提升并发承载能力
  个人职责：负责登录、注册、权限模块开发，优化数据库查询与缓存策略
  项目成果：支持并发量从500提升至5000，接口响应耗时减少60%","专业技能：Linux、MyBatis、MySQL、Java、JVM调优、SpringCloud、RabbitMQ、SpringBoot、Git、Redis
相关证书：红帽RHCE认证、计算机二级、软考中级",拥有8年行业经验，技术视野开阔，具备方案设计与项目把控能力；逻辑清晰，善于定位并解决复杂技术问题；具备良好的团队管理与跨部门沟通能力，能够推动技术优化与业务落地；责任心强，追求技术与业务的平衡发展。,Java 开发 工程师 资深 链路 技术 架构 技术 规划 方案设计 主导 多个 大型项目 重构 升级 并发 系统 稳定性 领域 深厚 带领 攻克 技术难题 驱动 业务 技术升级,电商 订单 交易系统 搭建 可用 电商 订单 系统 支撑 大促 流量 峰值 订单 创建 支付 回调 库存 扣减 核心 逻辑 开发 支撑 日均 订单 系统 可用性 微服务 用户 中心 重构 单体 用户 系统 分为 微服务 架构 并发 承载能力 登录 注册 权限 模块 开发 数据库 查询 缓存 策略 并发 接口 响应 耗时 减少,汇智 互联网 科技 Java 开发 工程师 至今 Java 开发 工程师 业务 开发 维护 需求 评审 编写 开发 文档 沉淀 技术规范 新人 熟悉业务 分配 模块 编码 测试 保障系统 稳定 运行 合众 软件 Java 开发 工程师 对接 产品 测试 跟进 需求 落地 缺陷 修复 分配 模块 编码 测试 保障系统 稳定 运行 编写 开发 文档 沉淀 技术规范 新人 熟悉业务 智联 数据 技术 Java 开发 工程师 编写 开发 文档 沉淀 技术规范 新人 熟悉业务 对接 产品 测试 跟进 需求 落地 缺陷 修复,技术 视野 开阔 方案设计 项目 逻辑 清晰 善于 定位 复杂 技术 管理 跨部门 推动 技术 业务 落地 责任心 追求 技术 业务 平衡 发展,Linux MyBatis MySQL Java JVM调优 SpringCloud RabbitMQ SpringBoot Git Redis 红帽RHCE认证 计算机二级 软考中级,Linux、MyBatis、MySQL、Java、JVM调优、SpringCloud、RabbitMQ、SpringBoot、Git、Redis,红帽RHCE认证、计算机二级、软考中级
汤梦瑶,女,15606278075,tangmengyao77@qq.com,18897198158,安庆,"期望岗位：Python开发工程师
期望城市：安庆
期望行业：互联网/信息技术/软件服务
期望薪资：4000-6000元",本科电子信息工程专业应届毕业生，有0段Python开发工程师实习经验，掌握Celery技术栈，参与过实习项目开发，具备良好的代码规范与团队协作意识，能够快速上手业务，期望正式入职发展。,"东莞理工学院 | 电子信息工程 | 本科
毕业时间：2022年6月
核心课程：数字信号处理、计算机网络、算法设计与分析、Python编程","【华为（东莞研究所）】 Python开发工程师（实习）
2019年2月 - 至今
    · 负责公司Python开发工程师相关业务的开发与维护，参与需求评审
    · 承担分配模块的编码、测试与优化工作，保障系统稳定运行
    · 编写开发文档，沉淀技术规范，协助新人熟悉业务","■ 自动化办公脚本
  项目目标：批量处理Excel表格数据
  个人职责：实现数据合并、格式转换、自动统计
  项目成果：提升人工效率80%

■ 简单爬虫脚本开发
  项目目标：爬取公开网站数据并入库
  个人职责：负责反爬处理、数据清洗、SQLite存储
  项目成果：日均采集数据1万条","专业技能：Celery、Flask、Linux、FastAPI、Django、Python、MongoDB
相关证书：系统架构设计师",有实习经验，熟悉开发基本流程，具备基础的项目实践能力；学习能力强，能够快速上手新业务新技术；工作踏实，责任心强，善于沟通协作，能够高效完成分配的工作任务。,本科 电子信息工程 应届 毕业生 Python 开发 工程师 实习 Celery 技术 实习 项目 开发 代码 规范 协作 上手 业务 正式 入职 发展,自动化 办公 脚本 批量 处理 Excel 表格 数据 数据 合并 格式 转换 自动 统计 人工效率 简单 爬虫 脚本 开发 爬取 公开 网站 数据 入库 反爬 处理 数据 清洗 SQL ite 存储 日均 采集 数据 万条,华为 东莞 研究所 Python 开发 工程师 实习 至今 Python 开发 工程师 业务 开发 维护 需求 评审 分配 模块 编码 测试 保障系统 稳定 运行 编写 开发 文档 沉淀 技术规范 新人 熟悉业务,实习 开发 基本 流程 项目 实践 上手 业务 技术 责任心 善于 协作 高效 分配,Celery Flask Linux FastAPI Django Python MongoDB 系统架构设计师,Celery、Flask、Linux、FastAPI、Django、Python、MongoDB,系统架构设计师
莫雯,女,15108766027,mowen78@qq.com,15515683614,南通,"期望岗位：前端开发工程师
期望城市：南通
期望行业：互联网/信息技术/软件服务
期望薪资：面议",5年前端开发工程师从业经验，精通JavaScript技术架构，主导过中型项目从0到1落地，擅长技术方案设计与性能优化，曾推动核心模块技术重构，带来显著效率提升，具备跨部门协作与项目推进能力。,"厦门大学 | 计算机应用技术 | 本科
毕业时间：2017年6月
核心课程：数据结构、Python编程、Java程序设计、算法设计与分析","【恒信互联网科技有限公司】 前端开发工程师
2025年11月 - 至今
    · 对接产品、测试团队，跟进需求落地与缺陷修复
    · 负责公司前端开发工程师相关业务的开发与维护，参与需求评审

【科创数据技术有限公司】 前端开发工程师
2024年7月 - 2025年6月
    · 负责公司前端开发工程师相关业务的开发与维护，参与需求评审
    · 承担分配模块的编码、测试与优化工作，保障系统稳定运行

【合众数据技术有限公司】 前端开发工程师
2023年11月 - 2024年11月
    · 编写开发文档，沉淀技术规范，协助新人熟悉业务
    · 对接产品、测试团队，跟进需求落地与缺陷修复
    · 负责公司前端开发工程师相关业务的开发与维护，参与需求评审","■ 电商平台前端重构
  项目目标：升级旧版电商系统前端架构，提升用户体验与加载速度
  个人职责：负责商品详情页、购物车模块开发，组件化封装公共组件
  项目成果：首屏加载时间从3.2s降至1.8s，页面转化率提升12%

■ 企业后台管理系统
  项目目标：搭建企业运营管理后台，实现业务数据可视化
  个人职责：负责权限管理、数据报表模块开发，对接后端接口联调
  项目成果：覆盖12个业务部门，运营效率提升40%","专业技能：Vite、TypeScript、Vue、Element UI、移动端适配、Webpack、React、Ant Design、JavaScript、Axios
相关证书：无",拥有5年行业经验，技术视野开阔，具备方案设计与项目把控能力；逻辑清晰，善于定位并解决复杂技术问题；具备良好的团队管理与跨部门沟通能力，能够推动技术优化与业务落地；责任心强，追求技术与业务的平衡发展。,前端开发 工程师 从业 JavaScript 技术 架构 主导 中型 项目 落地 擅长 技术 方案设计 性能 推动 核心 模块 技术 重构 带来 显著 效率 跨部门 协作 项目 推进,电商 平台 前端 重构 升级 旧版 电商 系统 前端 架构 用户 体验 加载 速度 商品 详情页 购物车 模块 开发 组件 封装 公共 组件 首屏 加载 时间 3.2 降至 1.8 页面 转化率 企业 后台 管理系统 搭建 企业 运营 管理 后台 业务 数据可视化 权限 管理 数据报表 模块 开发 对接 后端 接口 联调 覆盖 业务部门 运营 效率,恒信 互联网 科技 前端开发 工程师 至今 对接 产品 测试 跟进 需求 落地 缺陷 修复 前端开发 工程师 业务 开发 维护 需求 评审 科创 数据 技术 前端开发 工程师 前端开发 工程师 业务 开发 维护 需求 评审 分配 模块 编码 测试 保障系统 稳定 运行 合众 数据 技术 前端开发 工程师 编写 开发 文档 沉淀 技术规范 新人 熟悉业务 对接 产品 测试 跟进 需求 落地 缺陷 修复 前端开发 工程师 业务 开发 维护 需求 评审,技术 视野 开阔 方案设计 项目 逻辑 清晰 善于 定位 复杂 技术 管理 跨部门 推动 技术 业务 落地 责任心 追求 技术 业务 平衡 发展,Vite TypeScript Vue Element UI 移动端适配 Webpack React Ant Design JavaScript Axios,Vite、TypeScript、Vue、Element UI、移动端适配、Webpack、React、Ant Design、JavaScript、Axios,
黎强,男,18093506140,liqiang74@gmail.com,13449610219,漳州,"期望岗位：运维工程师
期望城市：漳州
期望行业：互联网/信息技术/软件服务
期望薪资：7500-8000元",本科计算机应用技术专业应届毕业生，有0段运维工程师实习经验，掌握Ansible技术栈，参与过实习项目开发，具备良好的代码规范与团队协作意识，能够快速上手业务，期望正式入职发展。,"佛山科学技术学院 | 计算机应用技术 | 本科
毕业时间：2022年6月
核心课程：算法设计与分析、Python编程、数据库原理、数字信号处理","【博思软件有限公司】 运维工程师（实习）
2022年1月 - 至今
    · 负责公司运维工程师相关业务的开发与维护，参与需求评审
    · 对接产品、测试团队，跟进需求落地与缺陷修复
    · 编写开发文档，沉淀技术规范，协助新人熟悉业务","■ 实验室服务器搭建实训
  项目目标：搭建实验室Linux服务器环境
  个人职责：负责系统安装、网络配置、基础服务部署
  项目成果：完成3台服务器环境搭建

■ 简单监控脚本开发
  项目目标：编写服务器状态监控脚本
  个人职责：实现CPU、内存、磁盘使用率自动采集
  项目成果：支持异常邮件告警","专业技能：Docker、网络运维、Prometheus、Nginx、Zabbix、Shell
相关证书：英语四级",有实习经验，熟悉开发基本流程，具备基础的项目实践能力；学习能力强，能够快速上手新业务新技术；工作踏实，责任心强，善于沟通协作，能够高效完成分配的工作任务。,本科 计算机应用技术 应届 毕业生 运维 工程师 实习 Ansible 技术 实习 项目 开发 代码 规范 协作 上手 业务 正式 入职 发展,实验室 服务器 搭建 实训 搭建 实验室 Linux 服务器 环境 系统 安装 网络 配置 服务 部署 服务器 环境 搭建 简单 监控 脚本 开发 编写 服务器 状态 监控 脚本 CPU 内存 磁盘 使用率 自动 采集 异常 邮件 告警,博思 软件 运维 工程师 实习 至今 运维 工程师 业务 开发 维护 需求 评审 对接 产品 测试 跟进 需求 落地 缺陷 修复 编写 开发 文档 沉淀 技术规范 新人 熟悉业务,实习 开发 基本 流程 项目 实践 上手 业务 技术 责任心 善于 协作 高效 分配,Docker 网络运维 Prometheus Nginx Zabbix Shell 英语四级,Docker、网络运维、Prometheus、Nginx、Zabbix、Shell,英语四级
吕娟,女,18013881044,lvjuan3610@163.com,18080008728,安庆,"期望岗位：数据分析师
期望城市：安庆
期望行业：互联网/信息技术/软件服务
期望薪资：18000-20000元",5年数据分析师从业经验，精通NumPy技术架构，主导过中型项目从0到1落地，擅长技术方案设计与性能优化，曾推动核心模块技术重构，带来显著效率提升，具备跨部门协作与项目推进能力。,"中山大学 | 软件工程 | 本科
毕业时间：2017年6月
核心课程：Python编程、数据结构、计算机网络、算法设计与分析","【网易（杭州）】 数据分析师
2025年11月 - 至今
    · 负责公司数据分析师相关业务的开发与维护，参与需求评审
    · 编写开发文档，沉淀技术规范，协助新人熟悉业务
    · 对接产品、测试团队，跟进需求落地与缺陷修复

【中软信息技术有限公司】 数据分析师
2024年9月 - 2025年8月
    · 负责公司数据分析师相关业务的开发与维护，参与需求评审
    · 编写开发文档，沉淀技术规范，协助新人熟悉业务
    · 承担分配模块的编码、测试与优化工作，保障系统稳定运行

【微远科技有限公司】 数据分析师
2023年10月 - 2024年8月
    · 承担分配模块的编码、测试与优化工作，保障系统稳定运行
    · 负责公司数据分析师相关业务的开发与维护，参与需求评审
    · 对接产品、测试团队，跟进需求落地与缺陷修复","■ 用户行为分析看板
  项目目标：构建用户行为数据体系，支撑运营决策
  个人职责：负责数据清洗、指标体系搭建，输出可视化运营报表
  项目成果：输出15+核心运营指标，支撑每月3次运营优化，用户留存率提升8%

■ 销售数据预测建模
  项目目标：基于历史数据预测销量，指导库存与备货
  个人职责：数据预处理，构建时间序列预测模型，输出月度预测报告
  项目成果：预测准确率达89%，库存周转效率提升25%","专业技能：NumPy、Python、MySQL、用户分析、Tableau、Power BI
相关证书：软件设计师（中级）",拥有5年行业经验，技术视野开阔，具备方案设计与项目把控能力；逻辑清晰，善于定位并解决复杂技术问题；具备良好的团队管理与跨部门沟通能力，能够推动技术优化与业务落地；责任心强，追求技术与业务的平衡发展。,数据 分析师 从业 NumPy 技术 架构 主导 中型 项目 落地 擅长 技术 方案设计 性能 推动 核心 模块 技术 重构 带来 显著 效率 跨部门 协作 项目 推进,用户 行为 分析 看板 构建 用户 行为 数据 体系 支撑 运营 决策 数据 清洗 指标体系 搭建 可视化 运营 报表 核心 运营 指标 支撑 每月 运营 用户 留存 销售 数据 预测 建模 基于 历史数据 预测 销量 指导 库存 备货 数据 预处理 构建 时间 序列 预测 模型 月度 预测 报告 预测 准确率 库存 周转 效率,网易 杭州 数据 分析师 至今 数据 分析师 业务 开发 维护 需求 评审 编写 开发 文档 沉淀 技术规范 新人 熟悉业务 对接 产品 测试 跟进 需求 落地 缺陷 修复 中软 信息技术 数据 分析师 数据 分析师 业务 开发 维护 需求 评审 编写 开发 文档 沉淀 技术规范 新人 熟悉业务 分配 模块 编码 测试 保障系统 稳定 运行 微远 科技 数据 分析师 分配 模块 编码 测试 保障系统 稳定 运行 数据 分析师 业务 开发 维护 需求 评审 对接 产品 测试 跟进 需求 落地 缺陷 修复,技术 视野 开阔 方案设计 项目 逻辑 清晰 善于 定位 复杂 技术 管理 跨部门 推动 技术 业务 落地 责任心 追求 技术 业务 平衡 发展,NumPy Python MySQL 用户分析 Tableau Power BI 软件 设计师 中级,NumPy、Python、MySQL、用户分析、Tableau、Power BI,软件设计师（中级）
谢子轩,男,15026195425,xie子xuan80@gmail.com,wx_xie子xuan_111,镇江,"期望岗位：数据分析师
期望城市：镇江
期望行业：互联网/信息技术/软件服务
期望薪资：9000-11000元",2年数据分析师工作经验，精通Hive、用户分析技术栈，参与过完整项目迭代，能够独立完成模块开发与问题排查，注重代码质量与开发效率，具备良好的沟通协作能力。,"泉州经贸职业技术学院 | 信息管理与信息系统 | 专科
毕业时间：2020年6月
核心课程：软件工程、操作系统、数字信号处理、Python编程","【锐捷科技有限公司】 数据分析师
2025年7月 - 至今
    · 对接产品、测试团队，跟进需求落地与缺陷修复
    · 编写开发文档，沉淀技术规范，协助新人熟悉业务
    · 承担分配模块的编码、测试与优化工作，保障系统稳定运行

【天擎科技有限公司】 数据分析师
2024年11月 - 2025年7月
    · 负责公司数据分析师相关业务的开发与维护，参与需求评审
    · 编写开发文档，沉淀技术规范，协助新人熟悉业务","■ 销售数据预测建模
  项目目标：基于历史数据预测销量，指导库存与备货
  个人职责：数据预处理，构建时间序列预测模型，输出月度预测报告
  项目成果：预测准确率达89%，库存周转效率提升25%

■ 用户行为分析看板
  项目目标：构建用户行为数据体系，支撑运营决策
  个人职责：负责数据清洗、指标体系搭建，输出可视化运营报表
  项目成果：输出15+核心运营指标，支撑每月3次运营优化，用户留存率提升8%","专业技能：用户分析、NumPy、数据可视化、SQL、MySQL、Hive、Python、Excel、统计学、Tableau
相关证书：无",拥有2年实际工作经验，技术功底扎实，熟悉完整开发流程；具备较强的问题解决能力，能够独立排查并解决常见技术问题；工作认真负责，注重团队协作，能够高效推进项目落地；持续学习，保持技术敏感度。,数据 分析师 Hive 用户分析 技术 完整 项目 迭代 独立 模块 开发 排查 代码 质量 开发 效率 协作,销售 数据 预测 建模 基于 历史数据 预测 销量 指导 库存 备货 数据 预处理 构建 时间 序列 预测 模型 月度 预测 报告 预测 准确率 库存 周转 效率 用户 行为 分析 看板 构建 用户 行为 数据 体系 支撑 运营 决策 数据 清洗 指标体系 搭建 可视化 运营 报表 核心 运营 指标 支撑 每月 运营 用户 留存,锐捷 科技 数据 分析师 至今 对接 产品 测试 跟进 需求 落地 缺陷 修复 编写 开发 文档 沉淀 技术规范 新人 熟悉业务 分配 模块 编码 测试 保障系统 稳定 运行 天擎 科技 数据 分析师 数据 分析师 业务 开发 维护 需求 评审 编写 开发 文档 沉淀 技术规范 新人 熟悉业务,实际 技术 功底 完整 开发 流程 独立 排查 常见 技术 认真负责 协作 高效 推进 项目 落地 持续 保持 技术 敏感度,用户分析 NumPy 数据可视化 SQL MySQL Hive Python Excel 统计学 Tableau,用户分析、NumPy、数据可视化、SQL、MySQL、Hive、Python、Excel、统计学、Tableau,
武玲,女,13206202765,wuling9288@gmail.com,15726441542,徐州,"期望岗位：Java开发工程师
期望城市：徐州
期望行业：互联网/信息技术/软件服务
期望薪资：4500-5500元",本科网络工程专业应届毕业生，掌握RabbitMQ、微服务基础技能，完成过课程设计与毕业项目，具备基础代码编写能力与问题排查思路，学习能力强，做事认真踏实，期望从事Java开发工程师相关工作。,"福州大学 | 网络工程 | 本科
毕业时间：2022年6月
核心课程：操作系统、算法设计与分析、Java程序设计、软件工程","【校园实践】
    · 参与学校计算机协会技术部，负责协会网站日常维护
    · 协助老师完成实验室设备管理与系统环境搭建
    · 参与班级课程设计小组，担任后端开发角色","■ 校园二手交易平台（毕设）
  项目目标：搭建校园闲置物品发布与交易平台
  个人职责：负责用户模块、商品发布模块开发
  项目成果：完成系统原型，获得良好成绩","专业技能：MyBatis、JVM调优、Java、Docker、SpringBoot、SpringCloud、微服务
相关证书：英语四级",应届毕业，具备扎实的专业基础知识与学习能力，能够快速掌握新技术；工作态度认真负责，有耐心，注重细节；具备良好的团队意识与沟通能力，能够积极配合团队完成任务；期望在工作中积累经验，快速成长。,本科 网络工程 应届 毕业生 RabbitMQ 微服务 课程设计 项目 代码 编写 排查 Java 开发 工程师,二手交易 平台 毕设 搭建 闲置 物品 发布 交易平台 用户 模块 商品 发布 模块 开发 系统 原型 获得 成绩,学校 计算机 协会 技术部 协会 网站 维护 老师 实验室 设备 管理 系统 环境 搭建 班级 课程设计 小组 后端 开发 角色,应届 基础知识 技术 认真负责,MyBatis JVM调优 Java Docker SpringBoot SpringCloud 微服务 英语四级,MyBatis、JVM调优、Java、Docker、SpringBoot、SpringCloud、微服务,英语四级
吕雨桐,女,13521610251,lv雨tong98@outlook.com,wx_lv雨tong_481,龙岩,"期望岗位：数据分析师
期望城市：龙岩
期望行业：互联网/信息技术/软件服务
期望薪资：27500-33500元",8年数据分析师资深经验，精通全链路技术架构，具备团队技术规划与方案设计能力，主导过多个大型项目重构与升级，在高并发/系统稳定性领域有深厚积累，能够带领团队攻克技术难题，驱动业务技术升级。,"福建农林大学 | 数学与应用数学 | 本科
毕业时间：2014年6月
核心课程：数字信号处理、机器学习、计算机网络、数据库原理","【字节跳动（厦门分公司）】 数据分析师
2024年4月 - 至今
    · 对接产品、测试团队，跟进需求落地与缺陷修复
    · 承担分配模块的编码、测试与优化工作，保障系统稳定运行

【博思信息技术有限公司】 数据分析师
2022年6月 - 2024年2月
    · 负责公司数据分析师相关业务的开发与维护，参与需求评审
    · 承担分配模块的编码、测试与优化工作，保障系统稳定运行

【未来互联网科技有限公司】 数据分析师
2020年8月 - 2022年4月
    · 编写开发文档，沉淀技术规范，协助新人熟悉业务
    · 负责公司数据分析师相关业务的开发与维护，参与需求评审
    · 承担分配模块的编码、测试与优化工作，保障系统稳定运行","■ 用户行为分析看板
  项目目标：构建用户行为数据体系，支撑运营决策
  个人职责：负责数据清洗、指标体系搭建，输出可视化运营报表
  项目成果：输出15+核心运营指标，支撑每月3次运营优化，用户留存率提升8%

■ 销售数据预测建模
  项目目标：基于历史数据预测销量，指导库存与备货
  个人职责：数据预处理，构建时间序列预测模型，输出月度预测报告
  项目成果：预测准确率达89%，库存周转效率提升25%","专业技能：数据可视化、Power BI、Excel、用户分析、NumPy、Tableau、Python
相关证书：华为HCIA认证",拥有8年行业经验，技术视野开阔，具备方案设计与项目把控能力；逻辑清晰，善于定位并解决复杂技术问题；具备良好的团队管理与跨部门沟通能力，能够推动技术优化与业务落地；责任心强，追求技术与业务的平衡发展。,数据 分析师 资深 链路 技术 架构 技术 规划 方案设计 主导 多个 大型项目 重构 升级 并发 系统 稳定性 领域 深厚 带领 攻克 技术难题 驱动 业务 技术升级,用户 行为 分析 看板 构建 用户 行为 数据 体系 支撑 运营 决策 数据 清洗 指标体系 搭建 可视化 运营 报表 核心 运营 指标 支撑 每月 运营 用户 留存 销售 数据 预测 建模 基于 历史数据 预测 销量 指导 库存 备货 数据 预处理 构建 时间 序列 预测 模型 月度 预测 报告 预测 准确率 库存 周转 效率,字节 跳动 厦门 分公司 数据 分析师 至今 对接 产品 测试 跟进 需求 落地 缺陷 修复 分配 模块 编码 测试 保障系统 稳定 运行 博思 信息技术 数据 分析师 数据 分析师 业务 开发 维护 需求 评审 分配 模块 编码 测试 保障系统 稳定 运行 未来 互联网 科技 数据 分析师 编写 开发 文档 沉淀 技术规范 新人 熟悉业务 数据 分析师 业务 开发 维护 需求 评审 分配 模块 编码 测试 保障系统 稳定 运行,技术 视野 开阔 方案设计 项目 逻辑 清晰 善于 定位 复杂 技术 管理 跨部门 推动 技术 业务 落地 责任心 追求 技术 业务 平衡 发展,数据可视化 Power BI Excel 用户分析 NumPy Tableau Python 华为HCIA认证,数据可视化、Power BI、Excel、用户分析、NumPy、Tableau、Python,华为HCIA认证
刘俊熙,男,18874508521,liujunxi04@163.com,18927775255,漳州,"期望岗位：前端开发工程师
期望城市：漳州
期望行业：互联网/信息技术/软件服务
期望薪资：6500-7000元",本科计算机科学与技术专业应届毕业生，有0段前端开发工程师实习经验，掌握JavaScript技术栈，参与过实习项目开发，具备良好的代码规范与团队协作意识，能够快速上手业务，期望正式入职发展。,"福建农林大学 | 计算机科学与技术 | 本科
毕业时间：2022年6月
核心课程：操作系统、数据库原理、计算机网络、Java程序设计","【未来数据技术有限公司】 前端开发工程师（实习）
2023年7月 - 至今
    · 对接产品、测试团队，跟进需求落地与缺陷修复
    · 编写开发文档，沉淀技术规范，协助新人熟悉业务
    · 承担分配模块的编码、测试与优化工作，保障系统稳定运行","■ 个人博客系统（课程作业）
  项目目标：开发个人博客前端页面，实现文章展示与评论
  个人职责：负责页面布局、交互效果、接口联调
  项目成果：完成响应式页面，兼容多浏览器

■ 校园社团官网（实训项目）
  项目目标：为学校社团开发官方展示网站
  个人职责：负责首页、新闻页、成员页开发
  项目成果：上线后访问量累计5000+","专业技能：HTML5、Vue、Element UI、移动端适配、TypeScript、Vite、Ant Design
相关证书：红帽RHCE认证",有实习经验，熟悉开发基本流程，具备基础的项目实践能力；学习能力强，能够快速上手新业务新技术；工作踏实，责任心强，善于沟通协作，能够高效完成分配的工作任务。,本科 计算机科学与技术 应届 毕业生 前端开发 工程师 实习 JavaScript 技术 实习 项目 开发 代码 规范 协作 上手 业务 正式 入职 发展,博客 系统 作业 开发 博客 前端 页面 文章 展示 评论 页面 布局 交互 效果 接口 联调 响应 页面 兼容 浏览器 社团 官网 实训 项目 学校 社团 开发 官方 展示 网站 首页 新闻页 成员 开发 上线 访问量 累计,未来 数据 技术 前端开发 工程师 实习 至今 对接 产品 测试 跟进 需求 落地 缺陷 修复 编写 开发 文档 沉淀 技术规范 新人 熟悉业务 分配 模块 编码 测试 保障系统 稳定 运行,实习 开发 基本 流程 项目 实践 上手 业务 技术 责任心 善于 协作 高效 分配,HTML5 Vue Element UI 移动端适配 TypeScript Vite Ant Design 红帽RHCE认证,HTML5、Vue、Element UI、移动端适配、TypeScript、Vite、Ant Design,红帽RHCE认证
吴瑶,女,13386246934,wuyao548@qq.com,wx_wuyao_611,无锡,"期望岗位：前端开发工程师
期望城市：无锡
期望行业：互联网/信息技术/软件服务
期望薪资：6000-10000元",1年前端开发工程师工作经验，精通Vite、JavaScript技术栈，参与过完整项目迭代，能够独立完成模块开发与问题排查，注重代码质量与开发效率，具备良好的沟通协作能力。,"泉州经贸职业技术学院 | 软件技术 | 专科
毕业时间：2021年6月
核心课程：算法设计与分析、数据库原理、Python编程、软件工程","【金蝶科技有限公司】 前端开发工程师
2025年5月 - 至今
    · 承担分配模块的编码、测试与优化工作，保障系统稳定运行
    · 对接产品、测试团队，跟进需求落地与缺陷修复","■ 电商平台前端重构
  项目目标：升级旧版电商系统前端架构，提升用户体验与加载速度
  个人职责：负责商品详情页、购物车模块开发，组件化封装公共组件
  项目成果：首屏加载时间从3.2s降至1.8s，页面转化率提升12%

■ 企业后台管理系统
  项目目标：搭建企业运营管理后台，实现业务数据可视化
  个人职责：负责权限管理、数据报表模块开发，对接后端接口联调
  项目成果：覆盖12个业务部门，运营效率提升40%","专业技能：JavaScript、Vite、TypeScript、Axios、Webpack、Element UI、HTML5
相关证书：计算机二级、红帽RHCE认证",拥有1年实际工作经验，技术功底扎实，熟悉完整开发流程；具备较强的问题解决能力，能够独立排查并解决常见技术问题；工作认真负责，注重团队协作，能够高效推进项目落地；持续学习，保持技术敏感度。,前端开发 工程师 Vite JavaScript 技术 完整 项目 迭代 独立 模块 开发 排查 代码 质量 开发 效率 协作,电商 平台 前端 重构 升级 旧版 电商 系统 前端 架构 用户 体验 加载 速度 商品 详情页 购物车 模块 开发 组件 封装 公共 组件 首屏 加载 时间 3.2 降至 1.8 页面 转化率 企业 后台 管理系统 搭建 企业 运营 管理 后台 业务 数据可视化 权限 管理 数据报表 模块 开发 对接 后端 接口 联调 覆盖 业务部门 运营 效率,金蝶 科技 前端开发 工程师 至今 分配 模块 编码 测试 保障系统 稳定 运行 对接 产品 测试 跟进 需求 落地 缺陷 修复,实际 技术 功底 完整 开发 流程 独立 排查 常见 技术 认真负责 协作 高效 推进 项目 落地 持续 保持 技术 敏感度,JavaScript Vite TypeScript Axios Webpack Element UI HTML5 计算机二级 红帽RHCE认证,JavaScript、Vite、TypeScript、Axios、Webpack、Element UI、HTML5,计算机二级、红帽RHCE认证
万艳,女,18522225137,wanyan82@126.com,wx_wanyan_300,苏州,"期望岗位：后端开发工程师
期望城市：苏州
期望行业：互联网/信息技术/软件服务
期望薪资：3500-4000元",专科软件技术专业应届毕业生，掌握MySQL、Docker基础技能，完成过课程设计与毕业项目，具备基础代码编写能力与问题排查思路，学习能力强，做事认真踏实，期望从事后端开发工程师相关工作。,"苏州职业大学 | 软件技术 | 专科
毕业时间：2022年6月
核心课程：操作系统、Python编程、计算机网络、数据结构","【校园实践】
    · 参与学校计算机协会技术部，负责协会网站日常维护
    · 协助老师完成实验室设备管理与系统环境搭建
    · 参与班级课程设计小组，担任后端开发角色","■ 图书管理系统后端
  项目目标：实现图书借阅、归还、用户管理功能
  个人职责：负责接口开发与数据库表结构设计
  项目成果：完成核心功能，支持1000条数据量","专业技能：MySQL、Redis、K8s、SpringBoot、Docker、微服务、Python
相关证书：红帽RHCE认证",应届毕业，具备扎实的专业基础知识与学习能力，能够快速掌握新技术；工作态度认真负责，有耐心，注重细节；具备良好的团队意识与沟通能力，能够积极配合团队完成任务；期望在工作中积累经验，快速成长。,专科 软件技术 应届 毕业生 MySQL Docker 课程设计 项目 代码 编写 排查 后端 开发 工程师,图书 管理系统 后端 图书 借阅 归还 用户 管理 功能 接口 开发 数据库 结构设计 核心 功能 数据量,学校 计算机 协会 技术部 协会 网站 维护 老师 实验室 设备 管理 系统 环境 搭建 班级 课程设计 小组 后端 开发 角色,应届 基础知识 技术 认真负责,MySQL Redis K8s SpringBoot Docker 微服务 Python 红帽RHCE认证,MySQL、Redis、K8s、SpringBoot、Docker、微服务、Python,红帽RHCE认证
郭浩然,男,13858759524,guohaoran908@gmail.com,wx_guohaoran_961,漳州,"期望岗位：数据分析师
期望城市：漳州
期望行业：互联网/信息技术/软件服务
期望薪资：5000-6000元",专科计算机科学与技术专业应届毕业生，掌握NumPy、统计学基础技能，完成过课程设计与毕业项目，具备基础代码编写能力与问题排查思路，学习能力强，做事认真踏实，期望从事数据分析师相关工作。,"厦门海洋职业技术学院 | 计算机科学与技术 | 专科
毕业时间：2022年6月
核心课程：计算机网络、软件工程、Python编程、机器学习","【校园实践】
    · 参与学校计算机协会技术部，负责协会网站日常维护
    · 协助老师完成实验室设备管理与系统环境搭建
    · 参与班级课程设计小组，担任后端开发角色","■ 电商公开数据爬取分析
  项目目标：采集公开电商商品数据并分析
  个人职责：数据爬取、清洗、价格销量分析
  项目成果：输出可视化分析图表","专业技能：Excel、Pandas、统计学、SQL、Power BI、用户分析
相关证书：计算机一级、英语四级",应届毕业，具备扎实的专业基础知识与学习能力，能够快速掌握新技术；工作态度认真负责，有耐心，注重细节；具备良好的团队意识与沟通能力，能够积极配合团队完成任务；期望在工作中积累经验，快速成长。,专科 计算机科学与技术 应届 毕业生 NumPy 统计学 课程设计 项目 代码 编写 排查 数据 分析师,电商 公开 数据 爬取 分析 采集 公开 电商 商品 数据 分析 数据 爬取 清洗 价格 销量 分析 可视化 分析 图表,学校 计算机 协会 技术部 协会 网站 维护 老师 实验室 设备 管理 系统 环境 搭建 班级 课程设计 小组 后端 开发 角色,应届 基础知识 技术 认真负责,Excel Pandas 统计学 SQL Power BI 用户分析 计算机一级 英语四级,Excel、Pandas、统计学、SQL、Power BI、用户分析,计算机一级、英语四级
何皓,男,15151623465,hehao5858@outlook.com,wx_hehao_860,徐州,"期望岗位：Python开发工程师
期望城市：徐州
期望行业：互联网/信息技术/软件服务
期望薪资：6500-7000元",本科信息管理与信息系统专业应届毕业生，有0段Python开发工程师实习经验，掌握Python技术栈，参与过实习项目开发，具备良好的代码规范与团队协作意识，能够快速上手业务，期望正式入职发展。,"福建师范大学 | 信息管理与信息系统 | 本科
毕业时间：2022年6月
核心课程：Java程序设计、算法设计与分析、操作系统、计算机网络","【金蝶软件有限公司】 Python开发工程师（实习）
2019年9月 - 至今
    · 对接产品、测试团队，跟进需求落地与缺陷修复
    · 编写开发文档，沉淀技术规范，协助新人熟悉业务","■ 自动化办公脚本
  项目目标：批量处理Excel表格数据
  个人职责：实现数据合并、格式转换、自动统计
  项目成果：提升人工效率80%

■ 简单爬虫脚本开发
  项目目标：爬取公开网站数据并入库
  个人职责：负责反爬处理、数据清洗、SQLite存储
  项目成果：日均采集数据1万条","专业技能：Git、Docker、Redis、Python、Flask、FastAPI
相关证书：英语四级、英语六级、计算机一级",有实习经验，熟悉开发基本流程，具备基础的项目实践能力；学习能力强，能够快速上手新业务新技术；工作踏实，责任心强，善于沟通协作，能够高效完成分配的工作任务。,本科 信息管理与信息系统 应届 毕业生 Python 开发 工程师 实习 Python 技术 实习 项目 开发 代码 规范 协作 上手 业务 正式 入职 发展,自动化 办公 脚本 批量 处理 Excel 表格 数据 数据 合并 格式 转换 自动 统计 人工效率 简单 爬虫 脚本 开发 爬取 公开 网站 数据 入库 反爬 处理 数据 清洗 SQL ite 存储 日均 采集 数据 万条,金蝶 软件 Python 开发 工程师 实习 至今 对接 产品 测试 跟进 需求 落地 缺陷 修复 编写 开发 文档 沉淀 技术规范 新人 熟悉业务,实习 开发 基本 流程 项目 实践 上手 业务 技术 责任心 善于 协作 高效 分配,Git Docker Redis Python Flask FastAPI 英语四级 英语六级 计算机一级,Git、Docker、Redis、Python、Flask、FastAPI,英语四级、英语六级、计算机一级
姚华,男,13720380025,yaohua52@outlook.com,wx_yaohua_793,马鞍山,"期望岗位：运维工程师
期望城市：马鞍山
期望行业：互联网/信息技术/软件服务
期望薪资：11500-15500元",5年运维工程师从业经验，精通Zabbix技术架构，主导过中型项目从0到1落地，擅长技术方案设计与性能优化，曾推动核心模块技术重构，带来显著效率提升，具备跨部门协作与项目推进能力。,"福建农林大学 | 通信工程 | 本科
毕业时间：2017年6月
核心课程：Python编程、软件工程、操作系统、Java程序设计","【云创互联网科技有限公司】 运维工程师
2025年8月 - 至今
    · 承担分配模块的编码、测试与优化工作，保障系统稳定运行
    · 对接产品、测试团队，跟进需求落地与缺陷修复
    · 编写开发文档，沉淀技术规范，协助新人熟悉业务

【新科互联网科技有限公司】 运维工程师
2024年6月 - 2025年7月
    · 对接产品、测试团队，跟进需求落地与缺陷修复
    · 编写开发文档，沉淀技术规范，协助新人熟悉业务
    · 负责公司运维工程师相关业务的开发与维护，参与需求评审

【恒信信息技术有限公司】 运维工程师
2023年10月 - 2024年11月
    · 负责公司运维工程师相关业务的开发与维护，参与需求评审
    · 承担分配模块的编码、测试与优化工作，保障系统稳定运行","■ 服务器集群运维优化
  项目目标：提升服务器集群稳定性，降低故障发生率
  个人职责：负责日常巡检、故障排查，优化监控告警规则与分级策略
  项目成果：服务器故障率下降60%，平均故障响应时间缩短至15分钟

■ CI/CD自动化流水线
  项目目标：实现代码自动化构建、测试、部署，提升发布效率
  个人职责：基于Jenkins搭建持续集成流水线，配置Docker容器化部署
  项目成果：发布周期从每周1次提升至每天3次，部署失误率降为0","专业技能：网络运维、Zabbix、Ansible、MySQL、Jenkins、Redis、Linux、Kubernetes、Shell
相关证书：红帽RHCE认证、计算机二级",拥有5年行业经验，技术视野开阔，具备方案设计与项目把控能力；逻辑清晰，善于定位并解决复杂技术问题；具备良好的团队管理与跨部门沟通能力，能够推动技术优化与业务落地；责任心强，追求技术与业务的平衡发展。,运维 工程师 从业 Zabbix 技术 架构 主导 中型 项目 落地 擅长 技术 方案设计 性能 推动 核心 模块 技术 重构 带来 显著 效率 跨部门 协作 项目 推进,服务器 集群 运维 服务器 集群 稳定性 降低 故障 发生率 巡检 故障 排查 监控 告警 规则 分级 策略 服务器 故障率 下降 平均 故障 响应 时间 缩短 分钟 CI CD 自动化 流水线 代码 自动化 构建 测试 部署 发布 效率 基于 Jenkins 搭建 持续 集成 流水线 配置 Docker 容器 部署 发布 周期 每周 每天 部署 失误 降为,云创 互联网 科技 运维 工程师 至今 分配 模块 编码 测试 保障系统 稳定 运行 对接 产品 测试 跟进 需求 落地 缺陷 修复 编写 开发 文档 沉淀 技术规范 新人 熟悉业务 新科 互联网 科技 运维 工程师 对接 产品 测试 跟进 需求 落地 缺陷 修复 编写 开发 文档 沉淀 技术规范 新人 熟悉业务 运维 工程师 业务 开发 维护 需求 评审 恒信 信息技术 运维 工程师 运维 工程师 业务 开发 维护 需求 评审 分配 模块 编码 测试 保障系统 稳定 运行,技术 视野 开阔 方案设计 项目 逻辑 清晰 善于 定位 复杂 技术 管理 跨部门 推动 技术 业务 落地 责任心 追求 技术 业务 平衡 发展,网络运维 Zabbix Ansible MySQL Jenkins Redis Linux Kubernetes Shell 红帽RHCE认证 计算机二级,网络运维、Zabbix、Ansible、MySQL、Jenkins、Redis、Linux、Kubernetes、Shell,红帽RHCE认证、计算机二级
梁萍,女,18028637653,liangping838@qq.com,wx_liangping_350,扬州,"期望岗位：软件测试工程师
期望城市：扬州
期望行业：互联网/信息技术/软件服务
期望薪资：5500-6000元",本科电子信息工程专业应届毕业生，掌握性能测试、MySQL基础技能，完成过课程设计与毕业项目，具备基础代码编写能力与问题排查思路，学习能力强，做事认真踏实，期望从事软件测试工程师相关工作。,"苏州科技大学 | 电子信息工程 | 本科
毕业时间：2022年6月
核心课程：Python编程、软件工程、计算机网络、机器学习","【校园实践】
    · 参与学校计算机协会技术部，负责协会网站日常维护
    · 协助老师完成实验室设备管理与系统环境搭建
    · 参与班级课程设计小组，担任后端开发角色","■ 网页兼容性测试实训
  项目目标：对多个网站进行浏览器兼容测试
  个人职责：制定测试方案，输出测试报告
  项目成果：覆盖5款主流浏览器","专业技能：TestNG、接口测试、JMeter、功能测试、缺陷管理、Appium、测试用例设计
相关证书：计算机一级、系统架构设计师",应届毕业，具备扎实的专业基础知识与学习能力，能够快速掌握新技术；工作态度认真负责，有耐心，注重细节；具备良好的团队意识与沟通能力，能够积极配合团队完成任务；期望在工作中积累经验，快速成长。,本科 电子信息工程 应届 毕业生 性能测试 MySQL 课程设计 项目 代码 编写 排查 软件测试 工程师,网页 兼容性 测试 实训 多个 网站 浏览器 兼容 测试 制定 测试 方案 测试报告 覆盖 主流 浏览器,学校 计算机 协会 技术部 协会 网站 维护 老师 实验室 设备 管理 系统 环境 搭建 班级 课程设计 小组 后端 开发 角色,应届 基础知识 技术 认真负责,TestNG 接口测试 JMeter 功能测试 缺陷管理 Appium 测试用例设计 计算机一级 系统架构设计师,TestNG、接口测试、JMeter、功能测试、缺陷管理、Appium、测试用例设计,计算机一级、系统架构设计师
孟娜,女,18870587621,mengna539@gmail.com,13413845207,三明,"期望岗位：软件测试工程师
期望城市：三明
期望行业：互联网/信息技术/软件服务
期望薪资：4000-5000元",本科电子信息工程专业应届毕业生，掌握JMeter、Selenium基础技能，完成过课程设计与毕业项目，具备基础代码编写能力与问题排查思路，学习能力强，做事认真踏实，期望从事软件测试工程师相关工作。,"佛山科学技术学院 | 电子信息工程 | 本科
毕业时间：2022年6月
核心课程：数据结构、Java程序设计、机器学习、算法设计与分析","【校园实践】
    · 参与学校计算机协会技术部，负责协会网站日常维护
    · 协助老师完成实验室设备管理与系统环境搭建
    · 参与班级课程设计小组，担任后端开发角色","■ 学生管理系统功能测试
  项目目标：对课程设计系统进行功能测试与缺陷提交
  个人职责：设计测试用例，执行黑盒测试
  项目成果：发现并提交8个功能缺陷","专业技能：接口测试、Selenium、TestNG、Python、Postman
相关证书：系统架构设计师、英语六级",应届毕业，具备扎实的专业基础知识与学习能力，能够快速掌握新技术；工作态度认真负责，有耐心，注重细节；具备良好的团队意识与沟通能力，能够积极配合团队完成任务；期望在工作中积累经验，快速成长。,本科 电子信息工程 应届 毕业生 JMeter Selenium 课程设计 项目 代码 编写 排查 软件测试 工程师,学生 管理系统 功能测试 课程设计 系统 功能测试 缺陷 提交 测试用例 执行 黑盒 测试 发现 提交 功能 缺陷,学校 计算机 协会 技术部 协会 网站 维护 老师 实验室 设备 管理 系统 环境 搭建 班级 课程设计 小组 后端 开发 角色,应届 基础知识 技术 认真负责,接口测试 Selenium TestNG Python Postman 系统架构设计师 英语六级,接口测试、Selenium、TestNG、Python、Postman,系统架构设计师、英语六级
谢雨桐,女,18317897365,xie雨tong48@gmail.com,18019831563,扬州,"期望岗位：软件测试工程师
期望城市：扬州
期望行业：互联网/信息技术/软件服务
期望薪资：3500-5000元",本科数据科学与大数据技术专业应届毕业生，掌握JMeter、功能测试基础技能，完成过课程设计与毕业项目，具备基础代码编写能力与问题排查思路，学习能力强，做事认真踏实，期望从事软件测试工程师相关工作。,"浙江工业大学 | 数据科学与大数据技术 | 本科
毕业时间：2022年6月
核心课程：操作系统、机器学习、数据结构、算法设计与分析","【校园实践】
    · 参与学校计算机协会技术部，负责协会网站日常维护
    · 协助老师完成实验室设备管理与系统环境搭建
    · 参与班级课程设计小组，担任后端开发角色","■ 学生管理系统功能测试
  项目目标：对课程设计系统进行功能测试与缺陷提交
  个人职责：设计测试用例，执行黑盒测试
  项目成果：发现并提交8个功能缺陷","专业技能：JMeter、Postman、Python、Appium、MySQL、Selenium、性能测试
相关证书：英语四级、软考中级",应届毕业，具备扎实的专业基础知识与学习能力，能够快速掌握新技术；工作态度认真负责，有耐心，注重细节；具备良好的团队意识与沟通能力，能够积极配合团队完成任务；期望在工作中积累经验，快速成长。,本科 数据科学与大数据技术 应届 毕业生 JMeter 功能测试 课程设计 项目 代码 编写 排查 软件测试 工程师,学生 管理系统 功能测试 课程设计 系统 功能测试 缺陷 提交 测试用例 执行 黑盒 测试 发现 提交 功能 缺陷,学校 计算机 协会 技术部 协会 网站 维护 老师 实验室 设备 管理 系统 环境 搭建 班级 课程设计 小组 后端 开发 角色,应届 基础知识 技术 认真负责,JMeter Postman Python Appium MySQL Selenium 性能测试 英语四级 软考中级,JMeter、Postman、Python、Appium、MySQL、Selenium、性能测试,英语四级、软考中级
杜华,男,17781199323,duhua941@outlook.com,wx_duhua_841,厦门,"期望岗位：Python开发工程师
期望城市：厦门
期望行业：互联网/信息技术/软件服务
期望薪资：8000-11000元",3年Python开发工程师工作经验，精通Linux、Docker技术栈，参与过完整项目迭代，能够独立完成模块开发与问题排查，注重代码质量与开发效率，具备良好的沟通协作能力。,"暨南大学 | 电子信息工程 | 本科
毕业时间：2019年6月
核心课程：计算机网络、操作系统、软件工程、机器学习","【锐捷软件有限公司】 Python开发工程师
2025年4月 - 至今
    · 编写开发文档，沉淀技术规范，协助新人熟悉业务
    · 对接产品、测试团队，跟进需求落地与缺陷修复

【卓望软件有限公司】 Python开发工程师
2024年12月 - 2025年5月
    · 承担分配模块的编码、测试与优化工作，保障系统稳定运行
    · 编写开发文档，沉淀技术规范，协助新人熟悉业务
    · 对接产品、测试团队，跟进需求落地与缺陷修复","■ 自动化运维平台
  项目目标：开发运维管理平台，实现服务器批量管理
  个人职责：负责监控、告警、任务调度模块后端开发
  项目成果：管理服务器200+，运维人力成本降低50%

■ 数据采集爬虫系统
  项目目标：搭建分布式爬虫平台，采集多渠道公开数据
  个人职责：负责反爬策略破解、数据清洗、入库逻辑开发
  项目成果：日均采集数据50万条，数据准确率98%以上","专业技能：MongoDB、Flask、Git、Python、MySQL、Linux、FastAPI、Django、Docker
相关证书：计算机二级、MySQL数据库认证、系统架构设计师",拥有3年实际工作经验，技术功底扎实，熟悉完整开发流程；具备较强的问题解决能力，能够独立排查并解决常见技术问题；工作认真负责，注重团队协作，能够高效推进项目落地；持续学习，保持技术敏感度。,Python 开发 工程师 Linux Docker 技术 完整 项目 迭代 独立 模块 开发 排查 代码 质量 开发 效率 协作,自动化 运维 平台 开发 运维 管理 平台 服务器 批量 管理 监控 告警 任务调度 模块 后端 开发 管理 服务器 运维 人力 成本 降低 数据 采集 爬虫 系统 搭建 分布式 爬虫 平台 采集 多渠道 公开 数据 反爬 策略 破解 数据 清洗 入库 逻辑 开发 日均 采集 数据 万条 数据 准确率 以上,锐捷 软件 Python 开发 工程师 至今 编写 开发 文档 沉淀 技术规范 新人 熟悉业务 对接 产品 测试 跟进 需求 落地 缺陷 修复 卓望 软件 Python 开发 工程师 分配 模块 编码 测试 保障系统 稳定 运行 编写 开发 文档 沉淀 技术规范 新人 熟悉业务 对接 产品 测试 跟进 需求 落地 缺陷 修复,实际 技术 功底 完整 开发 流程 独立 排查 常见 技术 认真负责 协作 高效 推进 项目 落地 持续 保持 技术 敏感度,MongoDB Flask Git Python MySQL Linux FastAPI Django Docker 计算机二级 MySQL数据库认证 系统架构设计师,MongoDB、Flask、Git、Python、MySQL、Linux、FastAPI、Django、Docker,计算机二级、MySQL数据库认证、系统架构设计师
钟健,男,17708921279,zhongjian85@qq.com,13719681104,嘉兴,"期望岗位：Java开发工程师
期望城市：嘉兴
期望行业：互联网/信息技术/软件服务
期望薪资：7500-8000元",专科数字媒体技术专业应届毕业生，有0段Java开发工程师实习经验，掌握JVM调优技术栈，参与过实习项目开发，具备良好的代码规范与团队协作意识，能够快速上手业务，期望正式入职发展。,"广东轻工职业技术学院 | 数字媒体技术 | 专科
毕业时间：2022年6月
核心课程：机器学习、数字信号处理、操作系统、计算机网络","【汇智科技有限公司】 Java开发工程师（实习）
2019年6月 - 至今
    · 负责公司Java开发工程师相关业务的开发与维护，参与需求评审
    · 承担分配模块的编码、测试与优化工作，保障系统稳定运行","■ 校园二手交易平台（毕设）
  项目目标：搭建校园闲置物品发布与交易平台
  个人职责：负责用户模块、商品发布模块开发
  项目成果：完成系统原型，获得良好成绩

■ 学生成绩管理系统（课程设计）
  项目目标：实现学生信息、成绩、班级的增删改查管理
  个人职责：负责后端接口开发与数据库设计
  项目成果：完成基础功能，通过课程答辩","专业技能：RabbitMQ、Linux、Docker、微服务
相关证书：英语六级",有实习经验，熟悉开发基本流程，具备基础的项目实践能力；学习能力强，能够快速上手新业务新技术；工作踏实，责任心强，善于沟通协作，能够高效完成分配的工作任务。,专科 数字媒体技术 应届 毕业生 Java 开发 工程师 实习 JVM调优 技术 实习 项目 开发 代码 规范 协作 上手 业务 正式 入职 发展,二手交易 平台 毕设 搭建 闲置 物品 发布 交易平台 用户 模块 商品 发布 模块 开发 系统 原型 获得 成绩 学生 成绩 管理系统 课程设计 学生 信息 成绩 班级 增删 改查 管理 后端 接口 开发 数据库 功能 答辩,汇智 科技 Java 开发 工程师 实习 至今 Java 开发 工程师 业务 开发 维护 需求 评审 分配 模块 编码 测试 保障系统 稳定 运行,实习 开发 基本 流程 项目 实践 上手 业务 技术 责任心 善于 协作 高效 分配,RabbitMQ Linux Docker 微服务 英语六级,RabbitMQ、Linux、Docker、微服务,英语六级
孙建,男,13001727965,sunjian30@qq.com,wx_sunjian_809,南京,"期望岗位：Java开发工程师
期望城市：南京
期望行业：互联网/信息技术/软件服务
期望薪资：30000-31500元",6年Java开发工程师资深经验，精通全链路技术架构，具备团队技术规划与方案设计能力，主导过多个大型项目重构与升级，在高并发/系统稳定性领域有深厚积累，能够带领团队攻克技术难题，驱动业务技术升级。,"南京工业职业技术大学 | 软件技术 | 专科
毕业时间：2016年6月
核心课程：数据结构、操作系统、软件工程、数据库原理","【华为（东莞研究所）】 Java开发工程师
2024年9月 - 至今
    · 编写开发文档，沉淀技术规范，协助新人熟悉业务
    · 负责公司Java开发工程师相关业务的开发与维护，参与需求评审
    · 承担分配模块的编码、测试与优化工作，保障系统稳定运行

【启明互联网科技有限公司】 Java开发工程师
2022年8月 - 2024年4月
    · 承担分配模块的编码、测试与优化工作，保障系统稳定运行
    · 负责公司Java开发工程师相关业务的开发与维护，参与需求评审
    · 对接产品、测试团队，跟进需求落地与缺陷修复

【星图信息技术有限公司】 Java开发工程师
2020年10月 - 2022年7月
    · 承担分配模块的编码、测试与优化工作，保障系统稳定运行
    · 对接产品、测试团队，跟进需求落地与缺陷修复","■ 电商订单交易系统
  项目目标：搭建高可用电商订单系统，支撑大促流量峰值
  个人职责：负责订单创建、支付回调、库存扣减核心逻辑开发
  项目成果：支撑日均订单量10万+，系统可用性达99.95%

■ 微服务用户中心重构
  项目目标：将单体用户系统拆分为微服务架构，提升并发承载能力
  个人职责：负责登录、注册、权限模块开发，优化数据库查询与缓存策略
  项目成果：支持并发量从500提升至5000，接口响应耗时减少60%","专业技能：MySQL、Java、JVM调优、Redis、RabbitMQ、Git、SpringBoot、MyBatis
相关证书：华为HCIA认证",拥有6年行业经验，技术视野开阔，具备方案设计与项目把控能力；逻辑清晰，善于定位并解决复杂技术问题；具备良好的团队管理与跨部门沟通能力，能够推动技术优化与业务落地；责任心强，追求技术与业务的平衡发展。,Java 开发 工程师 资深 链路 技术 架构 技术 规划 方案设计 主导 多个 大型项目 重构 升级 并发 系统 稳定性 领域 深厚 带领 攻克 技术难题 驱动 业务 技术升级,电商 订单 交易系统 搭建 可用 电商 订单 系统 支撑 大促 流量 峰值 订单 创建 支付 回调 库存 扣减 核心 逻辑 开发 支撑 日均 订单 系统 可用性 微服务 用户 中心 重构 单体 用户 系统 分为 微服务 架构 并发 承载能力 登录 注册 权限 模块 开发 数据库 查询 缓存 策略 并发 接口 响应 耗时 减少,华为 东莞 研究所 Java 开发 工程师 至今 编写 开发 文档 沉淀 技术规范 新人 熟悉业务 Java 开发 工程师 业务 开发 维护 需求 评审 分配 模块 编码 测试 保障系统 稳定 运行 启明 互联网 科技 Java 开发 工程师 分配 模块 编码 测试 保障系统 稳定 运行 Java 开发 工程师 业务 开发 维护 需求 评审 对接 产品 测试 跟进 需求 落地 缺陷 修复 星图 信息技术 Java 开发 工程师 分配 模块 编码 测试 保障系统 稳定 运行 对接 产品 测试 跟进 需求 落地 缺陷 修复,技术 视野 开阔 方案设计 项目 逻辑 清晰 善于 定位 复杂 技术 管理 跨部门 推动 技术 业务 落地 责任心 追求 技术 业务 平衡 发展,MySQL Java JVM调优 Redis RabbitMQ Git SpringBoot MyBatis 华为HCIA认证,MySQL、Java、JVM调优、Redis、RabbitMQ、Git、SpringBoot、MyBatis,华为HCIA认证
田莉,女,15985897855,tianli46@outlook.com,18358237381,金华,"期望岗位：软件测试工程师
期望城市：金华
期望行业：互联网/信息技术/软件服务
期望薪资：4500-8000元",专科通信工程专业应届毕业生，有1段软件测试工程师实习经验，掌握Selenium技术栈，参与过实习项目开发，具备良好的代码规范与团队协作意识，能够快速上手业务，期望正式入职发展。,"广东轻工职业技术学院 | 通信工程 | 专科
毕业时间：2021年6月
核心课程：数据库原理、Java程序设计、数据结构、Python编程","【启明数据技术有限公司】 软件测试工程师（实习）
2025年8月 - 至今
    · 编写开发文档，沉淀技术规范，协助新人熟悉业务
    · 对接产品、测试团队，跟进需求落地与缺陷修复","■ 网页兼容性测试实训
  项目目标：对多个网站进行浏览器兼容测试
  个人职责：制定测试方案，输出测试报告
  项目成果：覆盖5款主流浏览器

■ 学生管理系统功能测试
  项目目标：对课程设计系统进行功能测试与缺陷提交
  个人职责：设计测试用例，执行黑盒测试
  项目成果：发现并提交8个功能缺陷","专业技能：TestNG、JMeter、Postman、Appium
相关证书：无",有实习经验，熟悉开发基本流程，具备基础的项目实践能力；学习能力强，能够快速上手新业务新技术；工作踏实，责任心强，善于沟通协作，能够高效完成分配的工作任务。,专科 通信工程 应届 毕业生 软件测试 工程师 实习 Selenium 技术 实习 项目 开发 代码 规范 协作 上手 业务 正式 入职 发展,网页 兼容性 测试 实训 多个 网站 浏览器 兼容 测试 制定 测试 方案 测试报告 覆盖 主流 浏览器 学生 管理系统 功能测试 课程设计 系统 功能测试 缺陷 提交 测试用例 执行 黑盒 测试 发现 提交 功能 缺陷,启明 数据 技术 软件测试 工程师 实习 至今 编写 开发 文档 沉淀 技术规范 新人 熟悉业务 对接 产品 测试 跟进 需求 落地 缺陷 修复,实习 开发 基本 流程 项目 实践 上手 业务 技术 责任心 善于 协作 高效 分配,TestNG JMeter Postman Appium,TestNG、JMeter、Postman、Appium,
郑悦,女,13991603333,zhengyue953@outlook.com,15184830466,宁波,"期望岗位：前端开发工程师
期望城市：宁波
期望行业：互联网/信息技术/软件服务
期望薪资：10500-11500元",3年前端开发工程师工作经验，精通JavaScript、Axios技术栈，参与过完整项目迭代，能够独立完成模块开发与问题排查，注重代码质量与开发效率，具备良好的沟通协作能力。,"厦门理工学院 | 计算机科学与技术 | 本科
毕业时间：2019年6月
核心课程：机器学习、Python编程、算法设计与分析、数据库原理","【汇智数据技术有限公司】 前端开发工程师
2025年4月 - 至今
    · 编写开发文档，沉淀技术规范，协助新人熟悉业务
    · 承担分配模块的编码、测试与优化工作，保障系统稳定运行

【新科科技有限公司】 前端开发工程师
2024年5月 - 2025年4月
    · 编写开发文档，沉淀技术规范，协助新人熟悉业务
    · 对接产品、测试团队，跟进需求落地与缺陷修复
    · 负责公司前端开发工程师相关业务的开发与维护，参与需求评审","■ 电商平台前端重构
  项目目标：升级旧版电商系统前端架构，提升用户体验与加载速度
  个人职责：负责商品详情页、购物车模块开发，组件化封装公共组件
  项目成果：首屏加载时间从3.2s降至1.8s，页面转化率提升12%

■ 企业后台管理系统
  项目目标：搭建企业运营管理后台，实现业务数据可视化
  个人职责：负责权限管理、数据报表模块开发，对接后端接口联调
  项目成果：覆盖12个业务部门，运营效率提升40%","专业技能：JavaScript、Axios、移动端适配、Vite、Element UI、CSS3、React、TypeScript
相关证书：无",拥有3年实际工作经验，技术功底扎实，熟悉完整开发流程；具备较强的问题解决能力，能够独立排查并解决常见技术问题；工作认真负责，注重团队协作，能够高效推进项目落地；持续学习，保持技术敏感度。,前端开发 工程师 JavaScript Axios 技术 完整 项目 迭代 独立 模块 开发 排查 代码 质量 开发 效率 协作,电商 平台 前端 重构 升级 旧版 电商 系统 前端 架构 用户 体验 加载 速度 商品 详情页 购物车 模块 开发 组件 封装 公共 组件 首屏 加载 时间 3.2 降至 1.8 页面 转化率 企业 后台 管理系统 搭建 企业 运营 管理 后台 业务 数据可视化 权限 管理 数据报表 模块 开发 对接 后端 接口 联调 覆盖 业务部门 运营 效率,汇智 数据 技术 前端开发 工程师 至今 编写 开发 文档 沉淀 技术规范 新人 熟悉业务 分配 模块 编码 测试 保障系统 稳定 运行 新科 科技 前端开发 工程师 编写 开发 文档 沉淀 技术规范 新人 熟悉业务 对接 产品 测试 跟进 需求 落地 缺陷 修复 前端开发 工程师 业务 开发 维护 需求 评审,实际 技术 功底 完整 开发 流程 独立 排查 常见 技术 认真负责 协作 高效 推进 项目 落地 持续 保持 技术 敏感度,JavaScript Axios 移动端适配 Vite Element UI CSS3 React TypeScript,JavaScript、Axios、移动端适配、Vite、Element UI、CSS3、React、TypeScript,
程明,男,13421166601,chengming90@qq.com,wx_chengming_792,宁德,"期望岗位：运维工程师
期望城市：宁德
期望行业：互联网/信息技术/软件服务
期望薪资：10500-11000元",3年运维工程师工作经验，精通网络运维、Shell技术栈，参与过完整项目迭代，能够独立完成模块开发与问题排查，注重代码质量与开发效率，具备良好的沟通协作能力。,"深圳职业技术学院 | 物联网工程 | 专科
毕业时间：2019年6月
核心课程：软件工程、Java程序设计、机器学习、Python编程","【用友信息技术有限公司】 运维工程师
2025年10月 - 至今
    · 编写开发文档，沉淀技术规范，协助新人熟悉业务
    · 负责公司运维工程师相关业务的开发与维护，参与需求评审
    · 承担分配模块的编码、测试与优化工作，保障系统稳定运行

【合众数据技术有限公司】 运维工程师
2024年10月 - 2025年1月
    · 负责公司运维工程师相关业务的开发与维护，参与需求评审
    · 对接产品、测试团队，跟进需求落地与缺陷修复
    · 编写开发文档，沉淀技术规范，协助新人熟悉业务","■ CI/CD自动化流水线
  项目目标：实现代码自动化构建、测试、部署，提升发布效率
  个人职责：基于Jenkins搭建持续集成流水线，配置Docker容器化部署
  项目成果：发布周期从每周1次提升至每天3次，部署失误率降为0

■ 服务器集群运维优化
  项目目标：提升服务器集群稳定性，降低故障发生率
  个人职责：负责日常巡检、故障排查，优化监控告警规则与分级策略
  项目成果：服务器故障率下降60%，平均故障响应时间缩短至15分钟","专业技能：Shell、Linux、Redis、Docker、Jenkins、Zabbix、Ansible、Nginx
相关证书：英语四级、软考中级",拥有3年实际工作经验，技术功底扎实，熟悉完整开发流程；具备较强的问题解决能力，能够独立排查并解决常见技术问题；工作认真负责，注重团队协作，能够高效推进项目落地；持续学习，保持技术敏感度。,运维 工程师 网络运维 Shell 技术 完整 项目 迭代 独立 模块 开发 排查 代码 质量 开发 效率 协作,CI CD 自动化 流水线 代码 自动化 构建 测试 部署 发布 效率 基于 Jenkins 搭建 持续 集成 流水线 配置 Docker 容器 部署 发布 周期 每周 每天 部署 失误 降为 服务器 集群 运维 服务器 集群 稳定性 降低 故障 发生率 巡检 故障 排查 监控 告警 规则 分级 策略 服务器 故障率 下降 平均 故障 响应 时间 缩短 分钟,用友 信息技术 运维 工程师 至今 编写 开发 文档 沉淀 技术规范 新人 熟悉业务 运维 工程师 业务 开发 维护 需求 评审 分配 模块 编码 测试 保障系统 稳定 运行 合众 数据 技术 运维 工程师 运维 工程师 业务 开发 维护 需求 评审 对接 产品 测试 跟进 需求 落地 缺陷 修复 编写 开发 文档 沉淀 技术规范 新人 熟悉业务,实际 技术 功底 完整 开发 流程 独立 排查 常见 技术 认真负责 协作 高效 推进 项目 落地 持续 保持 技术 敏感度,Shell Linux Redis Docker Jenkins Zabbix Ansible Nginx 英语四级 软考中级,Shell、Linux、Redis、Docker、Jenkins、Zabbix、Ansible、Nginx,英语四级、软考中级
陈妍,女,18479498562,chenyan4053@outlook.com,18318673380,台州,"期望岗位：软件测试工程师
期望城市：台州
期望行业：互联网/信息技术/软件服务
期望薪资：面议",4年软件测试工程师从业经验，精通功能测试技术架构，主导过中型项目从0到1落地，擅长技术方案设计与性能优化，曾推动核心模块技术重构，带来显著效率提升，具备跨部门协作与项目推进能力。,"福州大学 | 数字媒体技术 | 本科
毕业时间：2018年6月
核心课程：算法设计与分析、操作系统、计算机网络、Java程序设计","【易联互联网科技有限公司】 软件测试工程师
2024年2月 - 至今
    · 编写开发文档，沉淀技术规范，协助新人熟悉业务
    · 承担分配模块的编码、测试与优化工作，保障系统稳定运行

【恒信信息技术有限公司】 软件测试工程师
2022年3月 - 2024年8月
    · 承担分配模块的编码、测试与优化工作，保障系统稳定运行
    · 对接产品、测试团队，跟进需求落地与缺陷修复","■ 自动化测试框架搭建
  项目目标：提升回归测试效率，减少人工重复劳动
  个人职责：基于Selenium搭建UI自动化框架，编写核心模块测试脚本
  项目成果：回归测试周期从7天缩短至2天，覆盖率达85%

■ 电商平台功能测试
  项目目标：保障电商系统上线质量，覆盖全业务流程
  个人职责：设计测试用例，执行功能、回归测试，提交缺陷报告
  项目成果：发现并修复120+缺陷，上线后线上缺陷率低于0.5%","专业技能：性能测试、功能测试、缺陷管理、测试用例设计、Selenium、JMeter
相关证书：无",拥有4年行业经验，技术视野开阔，具备方案设计与项目把控能力；逻辑清晰，善于定位并解决复杂技术问题；具备良好的团队管理与跨部门沟通能力，能够推动技术优化与业务落地；责任心强，追求技术与业务的平衡发展。,软件测试 工程师 从业 功能测试 技术 架构 主导 中型 项目 落地 擅长 技术 方案设计 性能 推动 核心 模块 技术 重构 带来 显著 效率 跨部门 协作 项目 推进,自动化 测试 框架 搭建 回归 测试 效率 减少 人工 重复劳动 基于 Selenium 搭建 UI 自动化 框架 编写 核心 模块 测试 脚本 回归 测试 周期 缩短 覆盖率 电商 平台 功能测试 保障 电商 系统 上线 质量 覆盖 业务流程 测试用例 执行 功能 回归 测试 提交 缺陷 报告 发现 修复 缺陷 上线 后线 缺陷率 低于,易联 互联网 科技 软件测试 工程师 至今 编写 开发 文档 沉淀 技术规范 新人 熟悉业务 分配 模块 编码 测试 保障系统 稳定 运行 恒信 信息技术 软件测试 工程师 分配 模块 编码 测试 保障系统 稳定 运行 对接 产品 测试 跟进 需求 落地 缺陷 修复,技术 视野 开阔 方案设计 项目 逻辑 清晰 善于 定位 复杂 技术 管理 跨部门 推动 技术 业务 落地 责任心 追求 技术 业务 平衡 发展,性能测试 功能测试 缺陷管理 测试用例设计 Selenium JMeter,性能测试、功能测试、缺陷管理、测试用例设计、Selenium、JMeter,
龚梓涵,女,15077923934,gong梓han2375@163.com,wx_gong梓han_299,南京,"期望岗位：算法工程师
期望城市：南京
期望行业：互联网/信息技术/软件服务
期望薪资：15000-18500元",5年算法工程师从业经验，精通PyTorch技术架构，主导过中型项目从0到1落地，擅长技术方案设计与性能优化，曾推动核心模块技术重构，带来显著效率提升，具备跨部门协作与项目推进能力。,"江西交通职业技术学院 | 电子信息工程 | 专科
毕业时间：2017年6月
核心课程：Python编程、数据库原理、计算机网络、软件工程","【天擎数据技术有限公司】 算法工程师
2025年2月 - 至今
    · 编写开发文档，沉淀技术规范，协助新人熟悉业务
    · 承担分配模块的编码、测试与优化工作，保障系统稳定运行

【中软科技有限公司】 算法工程师
2024年2月 - 2025年4月
    · 承担分配模块的编码、测试与优化工作，保障系统稳定运行
    · 编写开发文档，沉淀技术规范，协助新人熟悉业务

【启明软件有限公司】 算法工程师
2023年6月 - 2024年5月
    · 对接产品、测试团队，跟进需求落地与缺陷修复
    · 编写开发文档，沉淀技术规范，协助新人熟悉业务","■ 风控欺诈识别模型
  项目目标：识别交易欺诈行为，降低资金损失风险
  个人职责：特征工程，构建XGBoost风控模型，在线部署与迭代
  项目成果：欺诈识别准确率达92%，每年减少损失超200万

■ 个性化推荐系统
  项目目标：提升内容推荐精准度，增加用户停留时长
  个人职责：负责协同过滤、深度学习推荐模型开发与离线优化
  项目成果：用户平均停留时长提升25%，点击率提升15%","专业技能：算法优化、NLP、计算机视觉、数据结构、PyTorch、机器学习
相关证书：阿里云ACP云计算认证",拥有5年行业经验，技术视野开阔，具备方案设计与项目把控能力；逻辑清晰，善于定位并解决复杂技术问题；具备良好的团队管理与跨部门沟通能力，能够推动技术优化与业务落地；责任心强，追求技术与业务的平衡发展。,算法 工程师 从业 PyTorch 技术 架构 主导 中型 项目 落地 擅长 技术 方案设计 性能 推动 核心 模块 技术 重构 带来 显著 效率 跨部门 协作 项目 推进,风控 欺诈 识别 模型 识别 交易 欺诈 行为 降低 资金 损失 风险 特征工程 构建 XGBoost 风控 模型 在线 部署 迭代 欺诈 识别 准确率 每年 减少 损失 个性化 推荐 系统 推荐 精准度 增加 用户 停留 时长 协同 过滤 深度学习 推荐 模型 开发 离线 用户 平均 停留 时长 点击率,天擎 数据 技术 算法 工程师 至今 编写 开发 文档 沉淀 技术规范 新人 熟悉业务 分配 模块 编码 测试 保障系统 稳定 运行 中软 科技 算法 工程师 分配 模块 编码 测试 保障系统 稳定 运行 编写 开发 文档 沉淀 技术规范 新人 熟悉业务 启明 软件 算法 工程师 对接 产品 测试 跟进 需求 落地 缺陷 修复 编写 开发 文档 沉淀 技术规范 新人 熟悉业务,技术 视野 开阔 方案设计 项目 逻辑 清晰 善于 定位 复杂 技术 管理 跨部门 推动 技术 业务 落地 责任心 追求 技术 业务 平衡 发展,算法优化 NLP 计算机视觉 数据结构 PyTorch 机器学习 阿里云ACP云计算认证,算法优化、NLP、计算机视觉、数据结构、PyTorch、机器学习,阿里云ACP云计算认证
马欣,女,18192837051,maxin466@163.com,wx_maxin_629,阜阳,"期望岗位：软件测试工程师
期望城市：阜阳
期望行业：互联网/信息技术/软件服务
期望薪资：17000-19000元",5年软件测试工程师从业经验，精通接口测试技术架构，主导过中型项目从0到1落地，擅长技术方案设计与性能优化，曾推动核心模块技术重构，带来显著效率提升，具备跨部门协作与项目推进能力。,"江西师范大学 | 数学与应用数学 | 本科
毕业时间：2017年6月
核心课程：机器学习、数字信号处理、Python编程、Java程序设计","【天擎数据技术有限公司】 软件测试工程师
2025年6月 - 至今
    · 负责公司软件测试工程师相关业务的开发与维护，参与需求评审
    · 对接产品、测试团队，跟进需求落地与缺陷修复
    · 承担分配模块的编码、测试与优化工作，保障系统稳定运行

【新科网络科技有限公司】 软件测试工程师
2024年4月 - 2025年6月
    · 对接产品、测试团队，跟进需求落地与缺陷修复
    · 编写开发文档，沉淀技术规范，协助新人熟悉业务
    · 负责公司软件测试工程师相关业务的开发与维护，参与需求评审

【卓望数据技术有限公司】 软件测试工程师
2023年9月 - 2024年4月
    · 承担分配模块的编码、测试与优化工作，保障系统稳定运行
    · 编写开发文档，沉淀技术规范，协助新人熟悉业务
    · 对接产品、测试团队，跟进需求落地与缺陷修复","■ 自动化测试框架搭建
  项目目标：提升回归测试效率，减少人工重复劳动
  个人职责：基于Selenium搭建UI自动化框架，编写核心模块测试脚本
  项目成果：回归测试周期从7天缩短至2天，覆盖率达85%

■ 电商平台功能测试
  项目目标：保障电商系统上线质量，覆盖全业务流程
  个人职责：设计测试用例，执行功能、回归测试，提交缺陷报告
  项目成果：发现并修复120+缺陷，上线后线上缺陷率低于0.5%","专业技能：Appium、测试用例设计、性能测试、接口测试、Python、Selenium、功能测试、TestNG、Postman、JMeter
相关证书：无",拥有5年行业经验，技术视野开阔，具备方案设计与项目把控能力；逻辑清晰，善于定位并解决复杂技术问题；具备良好的团队管理与跨部门沟通能力，能够推动技术优化与业务落地；责任心强，追求技术与业务的平衡发展。,软件测试 工程师 从业 接口测试 技术 架构 主导 中型 项目 落地 擅长 技术 方案设计 性能 推动 核心 模块 技术 重构 带来 显著 效率 跨部门 协作 项目 推进,自动化 测试 框架 搭建 回归 测试 效率 减少 人工 重复劳动 基于 Selenium 搭建 UI 自动化 框架 编写 核心 模块 测试 脚本 回归 测试 周期 缩短 覆盖率 电商 平台 功能测试 保障 电商 系统 上线 质量 覆盖 业务流程 测试用例 执行 功能 回归 测试 提交 缺陷 报告 发现 修复 缺陷 上线 后线 缺陷率 低于,天擎 数据 技术 软件测试 工程师 至今 软件测试 工程师 业务 开发 维护 需求 评审 对接 产品 测试 跟进 需求 落地 缺陷 修复 分配 模块 编码 测试 保障系统 稳定 运行 新科 网络科技 软件测试 工程师 对接 产品 测试 跟进 需求 落地 缺陷 修复 编写 开发 文档 沉淀 技术规范 新人 熟悉业务 软件测试 工程师 业务 开发 维护 需求 评审 卓望 数据 技术 软件测试 工程师 分配 模块 编码 测试 保障系统 稳定 运行 编写 开发 文档 沉淀 技术规范 新人 熟悉业务 对接 产品 测试 跟进 需求 落地 缺陷 修复,技术 视野 开阔 方案设计 项目 逻辑 清晰 善于 定位 复杂 技术 管理 跨部门 推动 技术 业务 落地 责任心 追求 技术 业务 平衡 发展,Appium 测试用例设计 性能测试 接口测试 Python Selenium 功能测试 TestNG Postman JMeter,Appium、测试用例设计、性能测试、接口测试、Python、Selenium、功能测试、TestNG、Postman、JMeter,
袁妍,女,13039855325,yuanyan6203@outlook.com,wx_yuanyan_448,芜湖,"期望岗位：算法工程师
期望城市：芜湖
期望行业：互联网/信息技术/软件服务
期望薪资：面议",6年算法工程师资深经验，精通全链路技术架构，具备团队技术规划与方案设计能力，主导过多个大型项目重构与升级，在高并发/系统稳定性领域有深厚积累，能够带领团队攻克技术难题，驱动业务技术升级。,"江西师范大学 | 计算机应用技术 | 本科
毕业时间：2016年6月
核心课程：数字信号处理、机器学习、计算机网络、算法设计与分析","【启明科技有限公司】 算法工程师
2024年3月 - 至今
    · 对接产品、测试团队，跟进需求落地与缺陷修复
    · 编写开发文档，沉淀技术规范，协助新人熟悉业务
    · 负责公司算法工程师相关业务的开发与维护，参与需求评审

【云创互联网科技有限公司】 算法工程师
2022年6月 - 2024年11月
    · 承担分配模块的编码、测试与优化工作，保障系统稳定运行
    · 负责公司算法工程师相关业务的开发与维护，参与需求评审

【汇智网络科技有限公司】 算法工程师
2020年6月 - 2022年6月
    · 对接产品、测试团队，跟进需求落地与缺陷修复
    · 负责公司算法工程师相关业务的开发与维护，参与需求评审","■ 风控欺诈识别模型
  项目目标：识别交易欺诈行为，降低资金损失风险
  个人职责：特征工程，构建XGBoost风控模型，在线部署与迭代
  项目成果：欺诈识别准确率达92%，每年减少损失超200万

■ 个性化推荐系统
  项目目标：提升内容推荐精准度，增加用户停留时长
  个人职责：负责协同过滤、深度学习推荐模型开发与离线优化
  项目成果：用户平均停留时长提升25%，点击率提升15%","专业技能：Python、SQL、NLP、数据结构、特征工程、深度学习
相关证书：软件设计师（中级）",拥有6年行业经验，技术视野开阔，具备方案设计与项目把控能力；逻辑清晰，善于定位并解决复杂技术问题；具备良好的团队管理与跨部门沟通能力，能够推动技术优化与业务落地；责任心强，追求技术与业务的平衡发展。,算法 工程师 资深 链路 技术 架构 技术 规划 方案设计 主导 多个 大型项目 重构 升级 并发 系统 稳定性 领域 深厚 带领 攻克 技术难题 驱动 业务 技术升级,风控 欺诈 识别 模型 识别 交易 欺诈 行为 降低 资金 损失 风险 特征工程 构建 XGBoost 风控 模型 在线 部署 迭代 欺诈 识别 准确率 每年 减少 损失 个性化 推荐 系统 推荐 精准度 增加 用户 停留 时长 协同 过滤 深度学习 推荐 模型 开发 离线 用户 平均 停留 时长 点击率,启明 科技 算法 工程师 至今 对接 产品 测试 跟进 需求 落地 缺陷 修复 编写 开发 文档 沉淀 技术规范 新人 熟悉业务 算法 工程师 业务 开发 维护 需求 评审 云创 互联网 科技 算法 工程师 分配 模块 编码 测试 保障系统 稳定 运行 算法 工程师 业务 开发 维护 需求 评审 汇智 网络科技 算法 工程师 对接 产品 测试 跟进 需求 落地 缺陷 修复 算法 工程师 业务 开发 维护 需求 评审,技术 视野 开阔 方案设计 项目 逻辑 清晰 善于 定位 复杂 技术 管理 跨部门 推动 技术 业务 落地 责任心 追求 技术 业务 平衡 发展,Python SQL NLP 数据结构 特征工程 深度学习 软件 设计师 中级,Python、SQL、NLP、数据结构、特征工程、深度学习,软件设计师（中级）
李茜,女,15675338771,lixi1241@163.com,13129670913,蚌埠,"期望岗位：前端开发工程师
期望城市：蚌埠
期望行业：互联网/信息技术/软件服务
期望薪资：面议",专科物联网工程专业应届毕业生，掌握Webpack、Element UI基础技能，完成过课程设计与毕业项目，具备基础代码编写能力与问题排查思路，学习能力强，做事认真踏实，期望从事前端开发工程师相关工作。,"福州职业技术学院 | 物联网工程 | 专科
毕业时间：2022年6月
核心课程：算法设计与分析、Python编程、数据结构、数字信号处理","【校园实践】
    · 参与学校计算机协会技术部，负责协会网站日常维护
    · 协助老师完成实验室设备管理与系统环境搭建
    · 参与班级课程设计小组，担任后端开发角色","■ 个人博客系统（课程作业）
  项目目标：开发个人博客前端页面，实现文章展示与评论
  个人职责：负责页面布局、交互效果、接口联调
  项目成果：完成响应式页面，兼容多浏览器","专业技能：移动端适配、Axios、Vue、Ant Design、TypeScript、CSS3、Webpack
相关证书：英语四级",应届毕业，具备扎实的专业基础知识与学习能力，能够快速掌握新技术；工作态度认真负责，有耐心，注重细节；具备良好的团队意识与沟通能力，能够积极配合团队完成任务；期望在工作中积累经验，快速成长。,专科 物联网工程 应届 毕业生 Webpack Element UI 课程设计 项目 代码 编写 排查 前端开发 工程师,博客 系统 作业 开发 博客 前端 页面 文章 展示 评论 页面 布局 交互 效果 接口 联调 响应 页面 兼容 浏览器,学校 计算机 协会 技术部 协会 网站 维护 老师 实验室 设备 管理 系统 环境 搭建 班级 课程设计 小组 后端 开发 角色,应届 基础知识 技术 认真负责,移动端适配 Axios Vue Ant Design TypeScript CSS3 Webpack 英语四级,移动端适配、Axios、Vue、Ant Design、TypeScript、CSS3、Webpack,英语四级
余婷,女,13380042141,yuting20@qq.com,15800234116,厦门,"期望岗位：数据分析师
期望城市：厦门
期望行业：互联网/信息技术/软件服务
期望薪资：19000-20000元",5年数据分析师从业经验，精通NumPy技术架构，主导过中型项目从0到1落地，擅长技术方案设计与性能优化，曾推动核心模块技术重构，带来显著效率提升，具备跨部门协作与项目推进能力。,"暨南大学 | 物联网工程 | 本科
毕业时间：2017年6月
核心课程：计算机网络、算法设计与分析、操作系统、软件工程","【东软网络科技有限公司】 数据分析师
2025年1月 - 至今
    · 对接产品、测试团队，跟进需求落地与缺陷修复
    · 编写开发文档，沉淀技术规范，协助新人熟悉业务

【合众科技有限公司】 数据分析师
2024年2月 - 2025年8月
    · 负责公司数据分析师相关业务的开发与维护，参与需求评审
    · 对接产品、测试团队，跟进需求落地与缺陷修复

【微远信息技术有限公司】 数据分析师
2023年6月 - 2024年2月
    · 对接产品、测试团队，跟进需求落地与缺陷修复
    · 负责公司数据分析师相关业务的开发与维护，参与需求评审","■ 销售数据预测建模
  项目目标：基于历史数据预测销量，指导库存与备货
  个人职责：数据预处理，构建时间序列预测模型，输出月度预测报告
  项目成果：预测准确率达89%，库存周转效率提升25%

■ 用户行为分析看板
  项目目标：构建用户行为数据体系，支撑运营决策
  个人职责：负责数据清洗、指标体系搭建，输出可视化运营报表
  项目成果：输出15+核心运营指标，支撑每月3次运营优化，用户留存率提升8%","专业技能：Hive、SQL、Power BI、Python、Tableau、用户分析
相关证书：计算机一级",拥有5年行业经验，技术视野开阔，具备方案设计与项目把控能力；逻辑清晰，善于定位并解决复杂技术问题；具备良好的团队管理与跨部门沟通能力，能够推动技术优化与业务落地；责任心强，追求技术与业务的平衡发展。,数据 分析师 从业 NumPy 技术 架构 主导 中型 项目 落地 擅长 技术 方案设计 性能 推动 核心 模块 技术 重构 带来 显著 效率 跨部门 协作 项目 推进,销售 数据 预测 建模 基于 历史数据 预测 销量 指导 库存 备货 数据 预处理 构建 时间 序列 预测 模型 月度 预测 报告 预测 准确率 库存 周转 效率 用户 行为 分析 看板 构建 用户 行为 数据 体系 支撑 运营 决策 数据 清洗 指标体系 搭建 可视化 运营 报表 核心 运营 指标 支撑 每月 运营 用户 留存,东软 网络科技 数据 分析师 至今 对接 产品 测试 跟进 需求 落地 缺陷 修复 编写 开发 文档 沉淀 技术规范 新人 熟悉业务 合众 科技 数据 分析师 数据 分析师 业务 开发 维护 需求 评审 对接 产品 测试 跟进 需求 落地 缺陷 修复 微远 信息技术 数据 分析师 对接 产品 测试 跟进 需求 落地 缺陷 修复 数据 分析师 业务 开发 维护 需求 评审,技术 视野 开阔 方案设计 项目 逻辑 清晰 善于 定位 复杂 技术 管理 跨部门 推动 技术 业务 落地 责任心 追求 技术 业务 平衡 发展,Hive SQL Power BI Python Tableau 用户分析 计算机一级,Hive、SQL、Power BI、Python、Tableau、用户分析,计算机一级
周红,女,13512013761,zhouhong5220@126.com,17779619232,台州,"期望岗位：运维工程师
期望城市：台州
期望行业：互联网/信息技术/软件服务
期望薪资：7000-8000元",专科数据科学与大数据技术专业应届毕业生，有0段运维工程师实习经验，掌握Shell技术栈，参与过实习项目开发，具备良好的代码规范与团队协作意识，能够快速上手业务，期望正式入职发展。,"南京工业职业技术大学 | 数据科学与大数据技术 | 专科
毕业时间：2022年6月
核心课程：数字信号处理、Java程序设计、操作系统、计算机网络","【金蝶软件有限公司】 运维工程师（实习）
2019年3月 - 至今
    · 承担分配模块的编码、测试与优化工作，保障系统稳定运行
    · 对接产品、测试团队，跟进需求落地与缺陷修复
    · 编写开发文档，沉淀技术规范，协助新人熟悉业务","■ 实验室服务器搭建实训
  项目目标：搭建实验室Linux服务器环境
  个人职责：负责系统安装、网络配置、基础服务部署
  项目成果：完成3台服务器环境搭建

■ 简单监控脚本开发
  项目目标：编写服务器状态监控脚本
  个人职责：实现CPU、内存、磁盘使用率自动采集
  项目成果：支持异常邮件告警","专业技能：Linux、Zabbix、Docker、Redis、MySQL
相关证书：无",有实习经验，熟悉开发基本流程，具备基础的项目实践能力；学习能力强，能够快速上手新业务新技术；工作踏实，责任心强，善于沟通协作，能够高效完成分配的工作任务。,专科 数据科学与大数据技术 应届 毕业生 运维 工程师 实习 Shell 技术 实习 项目 开发 代码 规范 协作 上手 业务 正式 入职 发展,实验室 服务器 搭建 实训 搭建 实验室 Linux 服务器 环境 系统 安装 网络 配置 服务 部署 服务器 环境 搭建 简单 监控 脚本 开发 编写 服务器 状态 监控 脚本 CPU 内存 磁盘 使用率 自动 采集 异常 邮件 告警,金蝶 软件 运维 工程师 实习 至今 分配 模块 编码 测试 保障系统 稳定 运行 对接 产品 测试 跟进 需求 落地 缺陷 修复 编写 开发 文档 沉淀 技术规范 新人 熟悉业务,实习 开发 基本 流程 项目 实践 上手 业务 技术 责任心 善于 协作 高效 分配,Linux Zabbix Docker Redis MySQL,Linux、Zabbix、Docker、Redis、MySQL,
严然,男,15592064889,yanran882@outlook.com,wx_yanran_726,厦门,"期望岗位：Python开发工程师
期望城市：厦门
期望行业：互联网/信息技术/软件服务
期望薪资：8000-12000元",1年Python开发工程师工作经验，精通Linux、MySQL技术栈，参与过完整项目迭代，能够独立完成模块开发与问题排查，注重代码质量与开发效率，具备良好的沟通协作能力。,"福州职业技术学院 | 物联网工程 | 专科
毕业时间：2021年6月
核心课程：Python编程、计算机网络、算法设计与分析、数据结构","【金蝶网络科技有限公司】 Python开发工程师
2025年9月 - 至今
    · 负责公司Python开发工程师相关业务的开发与维护，参与需求评审
    · 承担分配模块的编码、测试与优化工作，保障系统稳定运行
    · 对接产品、测试团队，跟进需求落地与缺陷修复","■ 自动化运维平台
  项目目标：开发运维管理平台，实现服务器批量管理
  个人职责：负责监控、告警、任务调度模块后端开发
  项目成果：管理服务器200+，运维人力成本降低50%

■ 数据采集爬虫系统
  项目目标：搭建分布式爬虫平台，采集多渠道公开数据
  个人职责：负责反爬策略破解、数据清洗、入库逻辑开发
  项目成果：日均采集数据50万条，数据准确率98%以上","专业技能：Flask、爬虫、MongoDB、MySQL、Git、Docker、Linux、Redis、Python
相关证书：英语六级",拥有1年实际工作经验，技术功底扎实，熟悉完整开发流程；具备较强的问题解决能力，能够独立排查并解决常见技术问题；工作认真负责，注重团队协作，能够高效推进项目落地；持续学习，保持技术敏感度。,Python 开发 工程师 Linux MySQL 技术 完整 项目 迭代 独立 模块 开发 排查 代码 质量 开发 效率 协作,自动化 运维 平台 开发 运维 管理 平台 服务器 批量 管理 监控 告警 任务调度 模块 后端 开发 管理 服务器 运维 人力 成本 降低 数据 采集 爬虫 系统 搭建 分布式 爬虫 平台 采集 多渠道 公开 数据 反爬 策略 破解 数据 清洗 入库 逻辑 开发 日均 采集 数据 万条 数据 准确率 以上,金蝶 网络科技 Python 开发 工程师 至今 Python 开发 工程师 业务 开发 维护 需求 评审 分配 模块 编码 测试 保障系统 稳定 运行 对接 产品 测试 跟进 需求 落地 缺陷 修复,实际 技术 功底 完整 开发 流程 独立 排查 常见 技术 认真负责 协作 高效 推进 项目 落地 持续 保持 技术 敏感度,Flask 爬虫 MongoDB MySQL Git Docker Linux Redis Python 英语六级,Flask、爬虫、MongoDB、MySQL、Git、Docker、Linux、Redis、Python,英语六级
程勇,男,18897482237,chengyong880@gmail.com,wx_chengyong_732,绍兴,"期望岗位：前端开发工程师
期望城市：绍兴
期望行业：互联网/信息技术/软件服务
期望薪资：面议",3年前端开发工程师工作经验，精通Webpack、Vue技术栈，参与过完整项目迭代，能够独立完成模块开发与问题排查，注重代码质量与开发效率，具备良好的沟通协作能力。,"泉州师范学院 | 电子信息工程 | 本科
毕业时间：2019年6月
核心课程：Java程序设计、Python编程、数据库原理、数据结构","【通元信息技术有限公司】 前端开发工程师
2025年7月 - 至今
    · 承担分配模块的编码、测试与优化工作，保障系统稳定运行
    · 编写开发文档，沉淀技术规范，协助新人熟悉业务
    · 负责公司前端开发工程师相关业务的开发与维护，参与需求评审

【锐捷信息技术有限公司】 前端开发工程师
2024年11月 - 2025年8月
    · 负责公司前端开发工程师相关业务的开发与维护，参与需求评审
    · 承担分配模块的编码、测试与优化工作，保障系统稳定运行
    · 对接产品、测试团队，跟进需求落地与缺陷修复","■ 电商平台前端重构
  项目目标：升级旧版电商系统前端架构，提升用户体验与加载速度
  个人职责：负责商品详情页、购物车模块开发，组件化封装公共组件
  项目成果：首屏加载时间从3.2s降至1.8s，页面转化率提升12%

■ 企业后台管理系统
  项目目标：搭建企业运营管理后台，实现业务数据可视化
  个人职责：负责权限管理、数据报表模块开发，对接后端接口联调
  项目成果：覆盖12个业务部门，运营效率提升40%","专业技能：Axios、Webpack、移动端适配、CSS3、Ant Design、Vite、JavaScript、Vue
相关证书：华为HCIA认证、软考中级",拥有3年实际工作经验，技术功底扎实，熟悉完整开发流程；具备较强的问题解决能力，能够独立排查并解决常见技术问题；工作认真负责，注重团队协作，能够高效推进项目落地；持续学习，保持技术敏感度。,前端开发 工程师 Webpack Vue 技术 完整 项目 迭代 独立 模块 开发 排查 代码 质量 开发 效率 协作,电商 平台 前端 重构 升级 旧版 电商 系统 前端 架构 用户 体验 加载 速度 商品 详情页 购物车 模块 开发 组件 封装 公共 组件 首屏 加载 时间 3.2 降至 1.8 页面 转化率 企业 后台 管理系统 搭建 企业 运营 管理 后台 业务 数据可视化 权限 管理 数据报表 模块 开发 对接 后端 接口 联调 覆盖 业务部门 运营 效率,通元 信息技术 前端开发 工程师 至今 分配 模块 编码 测试 保障系统 稳定 运行 编写 开发 文档 沉淀 技术规范 新人 熟悉业务 前端开发 工程师 业务 开发 维护 需求 评审 锐捷 信息技术 前端开发 工程师 前端开发 工程师 业务 开发 维护 需求 评审 分配 模块 编码 测试 保障系统 稳定 运行 对接 产品 测试 跟进 需求 落地 缺陷 修复,实际 技术 功底 完整 开发 流程 独立 排查 常见 技术 认真负责 协作 高效 推进 项目 落地 持续 保持 技术 敏感度,Axios Webpack 移动端适配 CSS3 Ant Design Vite JavaScript Vue 华为HCIA认证 软考中级,Axios、Webpack、移动端适配、CSS3、Ant Design、Vite、JavaScript、Vue,华为HCIA认证、软考中级
石安然,女,15279180883,shianran9830@163.com,wx_shianran_384,滁州,"期望岗位：运维工程师
期望城市：滁州
期望行业：互联网/信息技术/软件服务
期望薪资：16500-19000元",5年运维工程师从业经验，精通Nginx技术架构，主导过中型项目从0到1落地，擅长技术方案设计与性能优化，曾推动核心模块技术重构，带来显著效率提升，具备跨部门协作与项目推进能力。,"暨南大学 | 信息管理与信息系统 | 本科
毕业时间：2017年6月
核心课程：机器学习、操作系统、数据库原理、软件工程","【亿联网络】 运维工程师
2025年7月 - 至今
    · 对接产品、测试团队，跟进需求落地与缺陷修复
    · 承担分配模块的编码、测试与优化工作，保障系统稳定运行

【金蝶软件有限公司】 运维工程师
2024年12月 - 2025年6月
    · 编写开发文档，沉淀技术规范，协助新人熟悉业务
    · 对接产品、测试团队，跟进需求落地与缺陷修复

【易联互联网科技有限公司】 运维工程师
2023年1月 - 2024年2月
    · 编写开发文档，沉淀技术规范，协助新人熟悉业务
    · 负责公司运维工程师相关业务的开发与维护，参与需求评审","■ CI/CD自动化流水线
  项目目标：实现代码自动化构建、测试、部署，提升发布效率
  个人职责：基于Jenkins搭建持续集成流水线，配置Docker容器化部署
  项目成果：发布周期从每周1次提升至每天3次，部署失误率降为0

■ 服务器集群运维优化
  项目目标：提升服务器集群稳定性，降低故障发生率
  个人职责：负责日常巡检、故障排查，优化监控告警规则与分级策略
  项目成果：服务器故障率下降60%，平均故障响应时间缩短至15分钟","专业技能：Prometheus、Docker、Zabbix、网络运维、Jenkins、Nginx、Kubernetes、Shell、MySQL、Redis
相关证书：计算机一级",拥有5年行业经验，技术视野开阔，具备方案设计与项目把控能力；逻辑清晰，善于定位并解决复杂技术问题；具备良好的团队管理与跨部门沟通能力，能够推动技术优化与业务落地；责任心强，追求技术与业务的平衡发展。,运维 工程师 从业 Nginx 技术 架构 主导 中型 项目 落地 擅长 技术 方案设计 性能 推动 核心 模块 技术 重构 带来 显著 效率 跨部门 协作 项目 推进,CI CD 自动化 流水线 代码 自动化 构建 测试 部署 发布 效率 基于 Jenkins 搭建 持续 集成 流水线 配置 Docker 容器 部署 发布 周期 每周 每天 部署 失误 降为 服务器 集群 运维 服务器 集群 稳定性 降低 故障 发生率 巡检 故障 排查 监控 告警 规则 分级 策略 服务器 故障率 下降 平均 故障 响应 时间 缩短 分钟,联网络 运维 工程师 至今 对接 产品 测试 跟进 需求 落地 缺陷 修复 分配 模块 编码 测试 保障系统 稳定 运行 金蝶 软件 运维 工程师 编写 开发 文档 沉淀 技术规范 新人 熟悉业务 对接 产品 测试 跟进 需求 落地 缺陷 修复 易联 互联网 科技 运维 工程师 编写 开发 文档 沉淀 技术规范 新人 熟悉业务 运维 工程师 业务 开发 维护 需求 评审,技术 视野 开阔 方案设计 项目 逻辑 清晰 善于 定位 复杂 技术 管理 跨部门 推动 技术 业务 落地 责任心 追求 技术 业务 平衡 发展,Prometheus Docker Zabbix 网络运维 Jenkins Nginx Kubernetes Shell MySQL Redis 计算机一级,Prometheus、Docker、Zabbix、网络运维、Jenkins、Nginx、Kubernetes、Shell、MySQL、Redis,计算机一级
薛璐,女,15330001939,xuelu622@126.com,wx_xuelu_619,滁州,"期望岗位：运维工程师
期望城市：滁州
期望行业：互联网/信息技术/软件服务
期望薪资：11500-12000元",1年运维工程师工作经验，精通网络运维、Zabbix技术栈，参与过完整项目迭代，能够独立完成模块开发与问题排查，注重代码质量与开发效率，具备良好的沟通协作能力。,"中山大学 | 软件工程 | 本科
毕业时间：2021年6月
核心课程：数字信号处理、数据结构、算法设计与分析、软件工程","【智联信息技术有限公司】 运维工程师
2025年4月 - 至今
    · 承担分配模块的编码、测试与优化工作，保障系统稳定运行
    · 对接产品、测试团队，跟进需求落地与缺陷修复","■ CI/CD自动化流水线
  项目目标：实现代码自动化构建、测试、部署，提升发布效率
  个人职责：基于Jenkins搭建持续集成流水线，配置Docker容器化部署
  项目成果：发布周期从每周1次提升至每天3次，部署失误率降为0

■ 服务器集群运维优化
  项目目标：提升服务器集群稳定性，降低故障发生率
  个人职责：负责日常巡检、故障排查，优化监控告警规则与分级策略
  项目成果：服务器故障率下降60%，平均故障响应时间缩短至15分钟","专业技能：Zabbix、Jenkins、Redis、Shell、Ansible、网络运维、Docker、MySQL
相关证书：软考中级、PMP项目管理专业人士",拥有1年实际工作经验，技术功底扎实，熟悉完整开发流程；具备较强的问题解决能力，能够独立排查并解决常见技术问题；工作认真负责，注重团队协作，能够高效推进项目落地；持续学习，保持技术敏感度。,运维 工程师 网络运维 Zabbix 技术 完整 项目 迭代 独立 模块 开发 排查 代码 质量 开发 效率 协作,CI CD 自动化 流水线 代码 自动化 构建 测试 部署 发布 效率 基于 Jenkins 搭建 持续 集成 流水线 配置 Docker 容器 部署 发布 周期 每周 每天 部署 失误 降为 服务器 集群 运维 服务器 集群 稳定性 降低 故障 发生率 巡检 故障 排查 监控 告警 规则 分级 策略 服务器 故障率 下降 平均 故障 响应 时间 缩短 分钟,智联 信息技术 运维 工程师 至今 分配 模块 编码 测试 保障系统 稳定 运行 对接 产品 测试 跟进 需求 落地 缺陷 修复,实际 技术 功底 完整 开发 流程 独立 排查 常见 技术 认真负责 协作 高效 推进 项目 落地 持续 保持 技术 敏感度,Zabbix Jenkins Redis Shell Ansible 网络运维 Docker MySQL 软考中级 PMP项目管理专业人士,Zabbix、Jenkins、Redis、Shell、Ansible、网络运维、Docker、MySQL,软考中级、PMP项目管理专业人士
崔婷,女,17684480574,cuiting472@126.com,13655874705,南通,"期望岗位：数据分析师
期望城市：南通
期望行业：互联网/信息技术/软件服务
期望薪资：27500-31500元",8年数据分析师资深经验，精通全链路技术架构，具备团队技术规划与方案设计能力，主导过多个大型项目重构与升级，在高并发/系统稳定性领域有深厚积累，能够带领团队攻克技术难题，驱动业务技术升级。,"福建船政交通职业学院 | 电子信息工程 | 专科
毕业时间：2014年6月
核心课程：算法设计与分析、计算机网络、机器学习、数据结构","【微远数据技术有限公司】 数据分析师
2024年9月 - 至今
    · 负责公司数据分析师相关业务的开发与维护，参与需求评审
    · 对接产品、测试团队，跟进需求落地与缺陷修复
    · 承担分配模块的编码、测试与优化工作，保障系统稳定运行

【启明数据技术有限公司】 数据分析师
2022年5月 - 2024年3月
    · 承担分配模块的编码、测试与优化工作，保障系统稳定运行
    · 编写开发文档，沉淀技术规范，协助新人熟悉业务

【金蝶科技有限公司】 数据分析师
2020年7月 - 2022年5月
    · 编写开发文档，沉淀技术规范，协助新人熟悉业务
    · 承担分配模块的编码、测试与优化工作，保障系统稳定运行","■ 用户行为分析看板
  项目目标：构建用户行为数据体系，支撑运营决策
  个人职责：负责数据清洗、指标体系搭建，输出可视化运营报表
  项目成果：输出15+核心运营指标，支撑每月3次运营优化，用户留存率提升8%

■ 销售数据预测建模
  项目目标：基于历史数据预测销量，指导库存与备货
  个人职责：数据预处理，构建时间序列预测模型，输出月度预测报告
  项目成果：预测准确率达89%，库存周转效率提升25%","专业技能：MySQL、Hive、Pandas、用户分析、统计学、Tableau、数据可视化
相关证书：无",拥有8年行业经验，技术视野开阔，具备方案设计与项目把控能力；逻辑清晰，善于定位并解决复杂技术问题；具备良好的团队管理与跨部门沟通能力，能够推动技术优化与业务落地；责任心强，追求技术与业务的平衡发展。,数据 分析师 资深 链路 技术 架构 技术 规划 方案设计 主导 多个 大型项目 重构 升级 并发 系统 稳定性 领域 深厚 带领 攻克 技术难题 驱动 业务 技术升级,用户 行为 分析 看板 构建 用户 行为 数据 体系 支撑 运营 决策 数据 清洗 指标体系 搭建 可视化 运营 报表 核心 运营 指标 支撑 每月 运营 用户 留存 销售 数据 预测 建模 基于 历史数据 预测 销量 指导 库存 备货 数据 预处理 构建 时间 序列 预测 模型 月度 预测 报告 预测 准确率 库存 周转 效率,微远 数据 技术 数据 分析师 至今 数据 分析师 业务 开发 维护 需求 评审 对接 产品 测试 跟进 需求 落地 缺陷 修复 分配 模块 编码 测试 保障系统 稳定 运行 启明 数据 技术 数据 分析师 分配 模块 编码 测试 保障系统 稳定 运行 编写 开发 文档 沉淀 技术规范 新人 熟悉业务 金蝶 科技 数据 分析师 编写 开发 文档 沉淀 技术规范 新人 熟悉业务 分配 模块 编码 测试 保障系统 稳定 运行,技术 视野 开阔 方案设计 项目 逻辑 清晰 善于 定位 复杂 技术 管理 跨部门 推动 技术 业务 落地 责任心 追求 技术 业务 平衡 发展,MySQL Hive Pandas 用户分析 统计学 Tableau 数据可视化,MySQL、Hive、Pandas、用户分析、统计学、Tableau、数据可视化,
向建,男,13217753453,xiangjian08@163.com,wx_xiangjian_253,镇江,"期望岗位：Java开发工程师
期望城市：镇江
期望行业：互联网/信息技术/软件服务
期望薪资：4000-5500元",专科信息管理与信息系统专业应届毕业生，掌握Redis、Linux基础技能，完成过课程设计与毕业项目，具备基础代码编写能力与问题排查思路，学习能力强，做事认真踏实，期望从事Java开发工程师相关工作。,"江西交通职业技术学院 | 信息管理与信息系统 | 专科
毕业时间：2022年6月
核心课程：算法设计与分析、数据库原理、Java程序设计、操作系统","【校园实践】
    · 参与学校计算机协会技术部，负责协会网站日常维护
    · 协助老师完成实验室设备管理与系统环境搭建
    · 参与班级课程设计小组，担任后端开发角色","■ 校园二手交易平台（毕设）
  项目目标：搭建校园闲置物品发布与交易平台
  个人职责：负责用户模块、商品发布模块开发
  项目成果：完成系统原型，获得良好成绩","专业技能：Docker、MyBatis、MySQL、微服务、RabbitMQ、Java、Linux
相关证书：无",应届毕业，具备扎实的专业基础知识与学习能力，能够快速掌握新技术；工作态度认真负责，有耐心，注重细节；具备良好的团队意识与沟通能力，能够积极配合团队完成任务；期望在工作中积累经验，快速成长。,专科 信息管理与信息系统 应届 毕业生 Redis Linux 课程设计 项目 代码 编写 排查 Java 开发 工程师,二手交易 平台 毕设 搭建 闲置 物品 发布 交易平台 用户 模块 商品 发布 模块 开发 系统 原型 获得 成绩,学校 计算机 协会 技术部 协会 网站 维护 老师 实验室 设备 管理 系统 环境 搭建 班级 课程设计 小组 后端 开发 角色,应届 基础知识 技术 认真负责,Docker MyBatis MySQL 微服务 RabbitMQ Java Linux,Docker、MyBatis、MySQL、微服务、RabbitMQ、Java、Linux,
林琳,女,13322382488,linlin74@gmail.com,13320478841,金华,"期望岗位：软件测试工程师
期望城市：金华
期望行业：互联网/信息技术/软件服务
期望薪资：7000-8000元",1年软件测试工程师工作经验，精通缺陷管理、Postman技术栈，参与过完整项目迭代，能够独立完成模块开发与问题排查，注重代码质量与开发效率，具备良好的沟通协作能力。,"厦门海洋职业技术学院 | 网络工程 | 专科
毕业时间：2021年6月
核心课程：Java程序设计、机器学习、Python编程、算法设计与分析","【亿联网络】 软件测试工程师
2025年1月 - 至今
    · 编写开发文档，沉淀技术规范，协助新人熟悉业务
    · 承担分配模块的编码、测试与优化工作，保障系统稳定运行","■ 自动化测试框架搭建
  项目目标：提升回归测试效率，减少人工重复劳动
  个人职责：基于Selenium搭建UI自动化框架，编写核心模块测试脚本
  项目成果：回归测试周期从7天缩短至2天，覆盖率达85%

■ 电商平台功能测试
  项目目标：保障电商系统上线质量，覆盖全业务流程
  个人职责：设计测试用例，执行功能、回归测试，提交缺陷报告
  项目成果：发现并修复120+缺陷，上线后线上缺陷率低于0.5%","专业技能：MySQL、测试用例设计、性能测试、接口测试、Appium、JMeter、Postman
相关证书：软件设计师（中级）",拥有1年实际工作经验，技术功底扎实，熟悉完整开发流程；具备较强的问题解决能力，能够独立排查并解决常见技术问题；工作认真负责，注重团队协作，能够高效推进项目落地；持续学习，保持技术敏感度。,软件测试 工程师 缺陷管理 Postman 技术 完整 项目 迭代 独立 模块 开发 排查 代码 质量 开发 效率 协作,自动化 测试 框架 搭建 回归 测试 效率 减少 人工 重复劳动 基于 Selenium 搭建 UI 自动化 框架 编写 核心 模块 测试 脚本 回归 测试 周期 缩短 覆盖率 电商 平台 功能测试 保障 电商 系统 上线 质量 覆盖 业务流程 测试用例 执行 功能 回归 测试 提交 缺陷 报告 发现 修复 缺陷 上线 后线 缺陷率 低于,联网络 软件测试 工程师 至今 编写 开发 文档 沉淀 技术规范 新人 熟悉业务 分配 模块 编码 测试 保障系统 稳定 运行,实际 技术 功底 完整 开发 流程 独立 排查 常见 技术 认真负责 协作 高效 推进 项目 落地 持续 保持 技术 敏感度,MySQL 测试用例设计 性能测试 接口测试 Appium JMeter Postman 软件 设计师 中级,MySQL、测试用例设计、性能测试、接口测试、Appium、JMeter、Postman,软件设计师（中级）
梁茜,女,13138488165,liangxi3365@126.com,15998044404,南平,"期望岗位：Python开发工程师
期望城市：南平
期望行业：互联网/信息技术/软件服务
期望薪资：面议",8年Python开发工程师资深经验，精通全链路技术架构，具备团队技术规划与方案设计能力，主导过多个大型项目重构与升级，在高并发/系统稳定性领域有深厚积累，能够带领团队攻克技术难题，驱动业务技术升级。,"福建农林大学 | 数学与应用数学 | 本科
毕业时间：2014年6月
核心课程：Python编程、数据结构、数字信号处理、Java程序设计","【卓望软件有限公司】 Python开发工程师
2024年11月 - 至今
    · 负责公司Python开发工程师相关业务的开发与维护，参与需求评审
    · 承担分配模块的编码、测试与优化工作，保障系统稳定运行

【博思软件有限公司】 Python开发工程师
2022年1月 - 2024年1月
    · 承担分配模块的编码、测试与优化工作，保障系统稳定运行
    · 负责公司Python开发工程师相关业务的开发与维护，参与需求评审
    · 对接产品、测试团队，跟进需求落地与缺陷修复

【用友信息技术有限公司】 Python开发工程师
2020年12月 - 2022年2月
    · 编写开发文档，沉淀技术规范，协助新人熟悉业务
    · 对接产品、测试团队，跟进需求落地与缺陷修复","■ 数据采集爬虫系统
  项目目标：搭建分布式爬虫平台，采集多渠道公开数据
  个人职责：负责反爬策略破解、数据清洗、入库逻辑开发
  项目成果：日均采集数据50万条，数据准确率98%以上

■ 自动化运维平台
  项目目标：开发运维管理平台，实现服务器批量管理
  个人职责：负责监控、告警、任务调度模块后端开发
  项目成果：管理服务器200+，运维人力成本降低50%","专业技能：MongoDB、Linux、爬虫、Git、MySQL、Celery
相关证书：无",拥有8年行业经验，技术视野开阔，具备方案设计与项目把控能力；逻辑清晰，善于定位并解决复杂技术问题；具备良好的团队管理与跨部门沟通能力，能够推动技术优化与业务落地；责任心强，追求技术与业务的平衡发展。,Python 开发 工程师 资深 链路 技术 架构 技术 规划 方案设计 主导 多个 大型项目 重构 升级 并发 系统 稳定性 领域 深厚 带领 攻克 技术难题 驱动 业务 技术升级,数据 采集 爬虫 系统 搭建 分布式 爬虫 平台 采集 多渠道 公开 数据 反爬 策略 破解 数据 清洗 入库 逻辑 开发 日均 采集 数据 万条 数据 准确率 以上 自动化 运维 平台 开发 运维 管理 平台 服务器 批量 管理 监控 告警 任务调度 模块 后端 开发 管理 服务器 运维 人力 成本 降低,卓望 软件 Python 开发 工程师 至今 Python 开发 工程师 业务 开发 维护 需求 评审 分配 模块 编码 测试 保障系统 稳定 运行 博思 软件 Python 开发 工程师 分配 模块 编码 测试 保障系统 稳定 运行 Python 开发 工程师 业务 开发 维护 需求 评审 对接 产品 测试 跟进 需求 落地 缺陷 修复 用友 信息技术 Python 开发 工程师 编写 开发 文档 沉淀 技术规范 新人 熟悉业务 对接 产品 测试 跟进 需求 落地 缺陷 修复,技术 视野 开阔 方案设计 项目 逻辑 清晰 善于 定位 复杂 技术 管理 跨部门 推动 技术 业务 落地 责任心 追求 技术 业务 平衡 发展,MongoDB Linux 爬虫 Git MySQL Celery,MongoDB、Linux、爬虫、Git、MySQL、Celery,
秦宇泽,男,15674010356,qinyuze3900@163.com,13005393714,安庆,"期望岗位：Python开发工程师
期望城市：安庆
期望行业：互联网/信息技术/软件服务
期望薪资：7500-9500元",3年Python开发工程师工作经验，精通MongoDB、Django技术栈，参与过完整项目迭代，能够独立完成模块开发与问题排查，注重代码质量与开发效率，具备良好的沟通协作能力。,"苏州科技大学 | 通信工程 | 本科
毕业时间：2019年6月
核心课程：数据库原理、操作系统、数字信号处理、数据结构","【未来软件有限公司】 Python开发工程师
2025年9月 - 至今
    · 编写开发文档，沉淀技术规范，协助新人熟悉业务
    · 对接产品、测试团队，跟进需求落地与缺陷修复
    · 承担分配模块的编码、测试与优化工作，保障系统稳定运行

【星图信息技术有限公司】 Python开发工程师
2024年8月 - 2025年6月
    · 负责公司Python开发工程师相关业务的开发与维护，参与需求评审
    · 对接产品、测试团队，跟进需求落地与缺陷修复","■ 自动化运维平台
  项目目标：开发运维管理平台，实现服务器批量管理
  个人职责：负责监控、告警、任务调度模块后端开发
  项目成果：管理服务器200+，运维人力成本降低50%

■ 数据采集爬虫系统
  项目目标：搭建分布式爬虫平台，采集多渠道公开数据
  个人职责：负责反爬策略破解、数据清洗、入库逻辑开发
  项目成果：日均采集数据50万条，数据准确率98%以上","专业技能：Django、FastAPI、Celery、Flask、Git、爬虫、MongoDB、MySQL、Redis、Python
相关证书：无",拥有3年实际工作经验，技术功底扎实，熟悉完整开发流程；具备较强的问题解决能力，能够独立排查并解决常见技术问题；工作认真负责，注重团队协作，能够高效推进项目落地；持续学习，保持技术敏感度。,Python 开发 工程师 MongoDB Django 技术 完整 项目 迭代 独立 模块 开发 排查 代码 质量 开发 效率 协作,自动化 运维 平台 开发 运维 管理 平台 服务器 批量 管理 监控 告警 任务调度 模块 后端 开发 管理 服务器 运维 人力 成本 降低 数据 采集 爬虫 系统 搭建 分布式 爬虫 平台 采集 多渠道 公开 数据 反爬 策略 破解 数据 清洗 入库 逻辑 开发 日均 采集 数据 万条 数据 准确率 以上,未来 软件 Python 开发 工程师 至今 编写 开发 文档 沉淀 技术规范 新人 熟悉业务 对接 产品 测试 跟进 需求 落地 缺陷 修复 分配 模块 编码 测试 保障系统 稳定 运行 星图 信息技术 Python 开发 工程师 Python 开发 工程师 业务 开发 维护 需求 评审 对接 产品 测试 跟进 需求 落地 缺陷 修复,实际 技术 功底 完整 开发 流程 独立 排查 常见 技术 认真负责 协作 高效 推进 项目 落地 持续 保持 技术 敏感度,Django FastAPI Celery Flask Git 爬虫 MongoDB MySQL Redis Python,Django、FastAPI、Celery、Flask、Git、爬虫、MongoDB、MySQL、Redis、Python,
唐丹,女,18056750260,tangdan167@qq.com,18952255637,温州,"期望岗位：前端开发工程师
期望城市：温州
期望行业：互联网/信息技术/软件服务
期望薪资：10000-13500元",5年前端开发工程师从业经验，精通Axios技术架构，主导过中型项目从0到1落地，擅长技术方案设计与性能优化，曾推动核心模块技术重构，带来显著效率提升，具备跨部门协作与项目推进能力。,"佛山科学技术学院 | 计算机应用技术 | 本科
毕业时间：2017年6月
核心课程：软件工程、机器学习、数字信号处理、Java程序设计","【恒信信息技术有限公司】 前端开发工程师
2025年1月 - 至今
    · 编写开发文档，沉淀技术规范，协助新人熟悉业务
    · 承担分配模块的编码、测试与优化工作，保障系统稳定运行
    · 对接产品、测试团队，跟进需求落地与缺陷修复

【中软科技有限公司】 前端开发工程师
2024年10月 - 2025年12月
    · 负责公司前端开发工程师相关业务的开发与维护，参与需求评审
    · 编写开发文档，沉淀技术规范，协助新人熟悉业务

【微远数据技术有限公司】 前端开发工程师
2023年10月 - 2024年8月
    · 对接产品、测试团队，跟进需求落地与缺陷修复
    · 承担分配模块的编码、测试与优化工作，保障系统稳定运行
    · 负责公司前端开发工程师相关业务的开发与维护，参与需求评审","■ 企业后台管理系统
  项目目标：搭建企业运营管理后台，实现业务数据可视化
  个人职责：负责权限管理、数据报表模块开发，对接后端接口联调
  项目成果：覆盖12个业务部门，运营效率提升40%

■ 电商平台前端重构
  项目目标：升级旧版电商系统前端架构，提升用户体验与加载速度
  个人职责：负责商品详情页、购物车模块开发，组件化封装公共组件
  项目成果：首屏加载时间从3.2s降至1.8s，页面转化率提升12%","专业技能：CSS3、Element UI、TypeScript、Axios、Webpack、HTML5、JavaScript、Vite
相关证书：华为HCIA认证、软考中级",拥有5年行业经验，技术视野开阔，具备方案设计与项目把控能力；逻辑清晰，善于定位并解决复杂技术问题；具备良好的团队管理与跨部门沟通能力，能够推动技术优化与业务落地；责任心强，追求技术与业务的平衡发展。,前端开发 工程师 从业 Axios 技术 架构 主导 中型 项目 落地 擅长 技术 方案设计 性能 推动 核心 模块 技术 重构 带来 显著 效率 跨部门 协作 项目 推进,企业 后台 管理系统 搭建 企业 运营 管理 后台 业务 数据可视化 权限 管理 数据报表 模块 开发 对接 后端 接口 联调 覆盖 业务部门 运营 效率 电商 平台 前端 重构 升级 旧版 电商 系统 前端 架构 用户 体验 加载 速度 商品 详情页 购物车 模块 开发 组件 封装 公共 组件 首屏 加载 时间 3.2 降至 1.8 页面 转化率,恒信 信息技术 前端开发 工程师 至今 编写 开发 文档 沉淀 技术规范 新人 熟悉业务 分配 模块 编码 测试 保障系统 稳定 运行 对接 产品 测试 跟进 需求 落地 缺陷 修复 中软 科技 前端开发 工程师 前端开发 工程师 业务 开发 维护 需求 评审 编写 开发 文档 沉淀 技术规范 新人 熟悉业务 微远 数据 技术 前端开发 工程师 对接 产品 测试 跟进 需求 落地 缺陷 修复 分配 模块 编码 测试 保障系统 稳定 运行 前端开发 工程师 业务 开发 维护 需求 评审,技术 视野 开阔 方案设计 项目 逻辑 清晰 善于 定位 复杂 技术 管理 跨部门 推动 技术 业务 落地 责任心 追求 技术 业务 平衡 发展,CSS3 Element UI TypeScript Axios Webpack HTML5 JavaScript Vite 华为HCIA认证 软考中级,CSS3、Element UI、TypeScript、Axios、Webpack、HTML5、JavaScript、Vite,华为HCIA认证、软考中级
武静,女,13029959047,wujing34@outlook.com,15064012541,阜阳,"期望岗位：Python开发工程师
期望城市：阜阳
期望行业：互联网/信息技术/软件服务
期望薪资：面议",5年Python开发工程师从业经验，精通FastAPI技术架构，主导过中型项目从0到1落地，擅长技术方案设计与性能优化，曾推动核心模块技术重构，带来显著效率提升，具备跨部门协作与项目推进能力。,"广东技术师范大学 | 软件工程 | 本科
毕业时间：2017年6月
核心课程：Java程序设计、数据结构、数据库原理、算法设计与分析","【亿联网络】 Python开发工程师
2025年4月 - 至今
    · 编写开发文档，沉淀技术规范，协助新人熟悉业务
    · 对接产品、测试团队，跟进需求落地与缺陷修复

【数聚网络科技有限公司】 Python开发工程师
2024年10月 - 2025年10月
    · 对接产品、测试团队，跟进需求落地与缺陷修复
    · 承担分配模块的编码、测试与优化工作，保障系统稳定运行

【云创互联网科技有限公司】 Python开发工程师
2023年4月 - 2024年1月
    · 对接产品、测试团队，跟进需求落地与缺陷修复
    · 负责公司Python开发工程师相关业务的开发与维护，参与需求评审","■ 数据采集爬虫系统
  项目目标：搭建分布式爬虫平台，采集多渠道公开数据
  个人职责：负责反爬策略破解、数据清洗、入库逻辑开发
  项目成果：日均采集数据50万条，数据准确率98%以上

■ 自动化运维平台
  项目目标：开发运维管理平台，实现服务器批量管理
  个人职责：负责监控、告警、任务调度模块后端开发
  项目成果：管理服务器200+，运维人力成本降低50%","专业技能：FastAPI、爬虫、Celery、Flask、Python、MongoDB、Git、MySQL
相关证书：英语四级、软考中级",拥有5年行业经验，技术视野开阔，具备方案设计与项目把控能力；逻辑清晰，善于定位并解决复杂技术问题；具备良好的团队管理与跨部门沟通能力，能够推动技术优化与业务落地；责任心强，追求技术与业务的平衡发展。,Python 开发 工程师 从业 FastAPI 技术 架构 主导 中型 项目 落地 擅长 技术 方案设计 性能 推动 核心 模块 技术 重构 带来 显著 效率 跨部门 协作 项目 推进,数据 采集 爬虫 系统 搭建 分布式 爬虫 平台 采集 多渠道 公开 数据 反爬 策略 破解 数据 清洗 入库 逻辑 开发 日均 采集 数据 万条 数据 准确率 以上 自动化 运维 平台 开发 运维 管理 平台 服务器 批量 管理 监控 告警 任务调度 模块 后端 开发 管理 服务器 运维 人力 成本 降低,联网络 Python 开发 工程师 至今 编写 开发 文档 沉淀 技术规范 新人 熟悉业务 对接 产品 测试 跟进 需求 落地 缺陷 修复 数聚 网络科技 Python 开发 工程师 对接 产品 测试 跟进 需求 落地 缺陷 修复 分配 模块 编码 测试 保障系统 稳定 运行 云创 互联网 科技 Python 开发 工程师 对接 产品 测试 跟进 需求 落地 缺陷 修复 Python 开发 工程师 业务 开发 维护 需求 评审,技术 视野 开阔 方案设计 项目 逻辑 清晰 善于 定位 复杂 技术 管理 跨部门 推动 技术 业务 落地 责任心 追求 技术 业务 平衡 发展,FastAPI 爬虫 Celery Flask Python MongoDB Git MySQL 英语四级 软考中级,FastAPI、爬虫、Celery、Flask、Python、MongoDB、Git、MySQL,英语四级、软考中级
贾一诺,女,13910674567,jia一nuo1556@126.com,wx_jia一nuo_110,南平,"期望岗位：数据分析师
期望城市：南平
期望行业：互联网/信息技术/软件服务
期望薪资：4000-4500元",专科数据科学与大数据技术专业应届毕业生，有0段数据分析师实习经验，掌握SQL技术栈，参与过实习项目开发，具备良好的代码规范与团队协作意识，能够快速上手业务，期望正式入职发展。,"广东轻工职业技术学院 | 数据科学与大数据技术 | 专科
毕业时间：2022年6月
核心课程：数字信号处理、计算机网络、操作系统、机器学习","【锐捷数据技术有限公司】 数据分析师（实习）
2022年8月 - 至今
    · 编写开发文档，沉淀技术规范，协助新人熟悉业务
    · 承担分配模块的编码、测试与优化工作，保障系统稳定运行","■ 电商公开数据爬取分析
  项目目标：采集公开电商商品数据并分析
  个人职责：数据爬取、清洗、价格销量分析
  项目成果：输出可视化分析图表

■ 学生成绩数据分析
  项目目标：对班级期末成绩进行统计分析
  个人职责：数据清洗、可视化图表制作、结论输出
  项目成果：输出分析报告，提出3点教学建议","专业技能：Excel、Power BI、Pandas、用户分析、数据可视化
相关证书：无",有实习经验，熟悉开发基本流程，具备基础的项目实践能力；学习能力强，能够快速上手新业务新技术；工作踏实，责任心强，善于沟通协作，能够高效完成分配的工作任务。,专科 数据科学与大数据技术 应届 毕业生 数据 分析师 实习 SQL 技术 实习 项目 开发 代码 规范 协作 上手 业务 正式 入职 发展,电商 公开 数据 爬取 分析 采集 公开 电商 商品 数据 分析 数据 爬取 清洗 价格 销量 分析 可视化 分析 图表 学生 成绩 数据分析 班级 期末 成绩 统计分析 数据 清洗 可视化 图表 制作 结论 分析报告 提出 教学 建议,锐捷 数据 技术 数据 分析师 实习 至今 编写 开发 文档 沉淀 技术规范 新人 熟悉业务 分配 模块 编码 测试 保障系统 稳定 运行,实习 开发 基本 流程 项目 实践 上手 业务 技术 责任心 善于 协作 高效 分配,Excel Power BI Pandas 用户分析 数据可视化,Excel、Power BI、Pandas、用户分析、数据可视化,
石悦,女,18149400503,shiyue455@qq.com,15814425303,苏州,"期望岗位：前端开发工程师
期望城市：苏州
期望行业：互联网/信息技术/软件服务
期望薪资：7500-8000元",3年前端开发工程师工作经验，精通Vite、Ant Design技术栈，参与过完整项目迭代，能够独立完成模块开发与问题排查，注重代码质量与开发效率，具备良好的沟通协作能力。,"泉州师范学院 | 软件技术 | 本科
毕业时间：2019年6月
核心课程：数据库原理、软件工程、数据结构、计算机网络","【携程（厦门）】 前端开发工程师
2025年6月 - 至今
    · 负责公司前端开发工程师相关业务的开发与维护，参与需求评审
    · 承担分配模块的编码、测试与优化工作，保障系统稳定运行

【博思数据技术有限公司】 前端开发工程师
2024年9月 - 2025年2月
    · 编写开发文档，沉淀技术规范，协助新人熟悉业务
    · 负责公司前端开发工程师相关业务的开发与维护，参与需求评审","■ 电商平台前端重构
  项目目标：升级旧版电商系统前端架构，提升用户体验与加载速度
  个人职责：负责商品详情页、购物车模块开发，组件化封装公共组件
  项目成果：首屏加载时间从3.2s降至1.8s，页面转化率提升12%

■ 企业后台管理系统
  项目目标：搭建企业运营管理后台，实现业务数据可视化
  个人职责：负责权限管理、数据报表模块开发，对接后端接口联调
  项目成果：覆盖12个业务部门，运营效率提升40%","专业技能：CSS3、TypeScript、JavaScript、React、移动端适配、Vue
相关证书：阿里云ACP云计算认证、英语六级、华为HCIA认证",拥有3年实际工作经验，技术功底扎实，熟悉完整开发流程；具备较强的问题解决能力，能够独立排查并解决常见技术问题；工作认真负责，注重团队协作，能够高效推进项目落地；持续学习，保持技术敏感度。,前端开发 工程师 Vite Ant Design 技术 完整 项目 迭代 独立 模块 开发 排查 代码 质量 开发 效率 协作,电商 平台 前端 重构 升级 旧版 电商 系统 前端 架构 用户 体验 加载 速度 商品 详情页 购物车 模块 开发 组件 封装 公共 组件 首屏 加载 时间 3.2 降至 1.8 页面 转化率 企业 后台 管理系统 搭建 企业 运营 管理 后台 业务 数据可视化 权限 管理 数据报表 模块 开发 对接 后端 接口 联调 覆盖 业务部门 运营 效率,携程 厦门 前端开发 工程师 至今 前端开发 工程师 业务 开发 维护 需求 评审 分配 模块 编码 测试 保障系统 稳定 运行 博思 数据 技术 前端开发 工程师 编写 开发 文档 沉淀 技术规范 新人 熟悉业务 前端开发 工程师 业务 开发 维护 需求 评审,实际 技术 功底 完整 开发 流程 独立 排查 常见 技术 认真负责 协作 高效 推进 项目 落地 持续 保持 技术 敏感度,CSS3 TypeScript JavaScript React 移动端适配 Vue 阿里云ACP云计算认证 英语六级 华为HCIA认证,CSS3、TypeScript、JavaScript、React、移动端适配、Vue,阿里云ACP云计算认证、英语六级、华为HCIA认证
邵然,男,15535785598,shaoran27@qq.com,13085883014,滁州,"期望岗位：软件测试工程师
期望城市：滁州
期望行业：互联网/信息技术/软件服务
期望薪资：3000-4000元",专科物联网工程专业应届毕业生，掌握功能测试、性能测试基础技能，完成过课程设计与毕业项目，具备基础代码编写能力与问题排查思路，学习能力强，做事认真踏实，期望从事软件测试工程师相关工作。,"福州职业技术学院 | 物联网工程 | 专科
毕业时间：2022年6月
核心课程：数字信号处理、数据库原理、机器学习、Java程序设计","【校园实践】
    · 参与学校计算机协会技术部，负责协会网站日常维护
    · 协助老师完成实验室设备管理与系统环境搭建
    · 参与班级课程设计小组，担任后端开发角色","■ 学生管理系统功能测试
  项目目标：对课程设计系统进行功能测试与缺陷提交
  个人职责：设计测试用例，执行黑盒测试
  项目成果：发现并提交8个功能缺陷","专业技能：Selenium、Postman、TestNG、功能测试、测试用例设计、MySQL、接口测试
相关证书：计算机一级、英语四级、阿里云ACP云计算认证",应届毕业，具备扎实的专业基础知识与学习能力，能够快速掌握新技术；工作态度认真负责，有耐心，注重细节；具备良好的团队意识与沟通能力，能够积极配合团队完成任务；期望在工作中积累经验，快速成长。,专科 物联网工程 应届 毕业生 功能测试 性能测试 课程设计 项目 代码 编写 排查 软件测试 工程师,学生 管理系统 功能测试 课程设计 系统 功能测试 缺陷 提交 测试用例 执行 黑盒 测试 发现 提交 功能 缺陷,学校 计算机 协会 技术部 协会 网站 维护 老师 实验室 设备 管理 系统 环境 搭建 班级 课程设计 小组 后端 开发 角色,应届 基础知识 技术 认真负责,Selenium Postman TestNG 功能测试 测试用例设计 MySQL 接口测试 计算机一级 英语四级 阿里云ACP云计算认证,Selenium、Postman、TestNG、功能测试、测试用例设计、MySQL、接口测试,计算机一级、英语四级、阿里云ACP云计算认证
邓若曦,女,15650034633,deng若xi727@163.com,wx_deng若xi_276,南通,"期望岗位：算法工程师
期望城市：南通
期望行业：互联网/信息技术/软件服务
期望薪资：4500-5500元",专科通信工程专业应届毕业生，掌握SQL、Python基础技能，完成过课程设计与毕业项目，具备基础代码编写能力与问题排查思路，学习能力强，做事认真踏实，期望从事算法工程师相关工作。,"广东轻工职业技术学院 | 通信工程 | 专科
毕业时间：2022年6月
核心课程：数据库原理、Python编程、Java程序设计、软件工程","【校园实践】
    · 参与学校计算机协会技术部，负责协会网站日常维护
    · 协助老师完成实验室设备管理与系统环境搭建
    · 参与班级课程设计小组，担任后端开发角色","■ 电影推荐系统（毕设）
  项目目标：基于协同过滤实现简单电影推荐
  个人职责：数据处理、模型实现、效果验证
  项目成果：召回准确率达到75%","专业技能：算法优化、推荐算法、数据结构、Python、PyTorch、计算机视觉、特征工程
相关证书：英语六级",应届毕业，具备扎实的专业基础知识与学习能力，能够快速掌握新技术；工作态度认真负责，有耐心，注重细节；具备良好的团队意识与沟通能力，能够积极配合团队完成任务；期望在工作中积累经验，快速成长。,专科 通信工程 应届 毕业生 SQL Python 课程设计 项目 代码 编写 排查 算法 工程师,电影 推荐 系统 毕设 基于 协同 过滤 简单 电影 推荐 数据处理 模型 效果 验证 召回 准确率 达到,学校 计算机 协会 技术部 协会 网站 维护 老师 实验室 设备 管理 系统 环境 搭建 班级 课程设计 小组 后端 开发 角色,应届 基础知识 技术 认真负责,算法优化 推荐算法 数据结构 Python PyTorch 计算机视觉 特征工程 英语六级,算法优化、推荐算法、数据结构、Python、PyTorch、计算机视觉、特征工程,英语六级
邵鑫,男,18135218218,shaoxin6625@126.com,wx_shaoxin_472,宁波,"期望岗位：Python开发工程师
期望城市：宁波
期望行业：互联网/信息技术/软件服务
期望薪资：7500-8000元",本科物联网工程专业应届毕业生，有0段Python开发工程师实习经验，掌握Django技术栈，参与过实习项目开发，具备良好的代码规范与团队协作意识，能够快速上手业务，期望正式入职发展。,"福建农林大学 | 物联网工程 | 本科
毕业时间：2022年6月
核心课程：数字信号处理、Python编程、操作系统、数据结构","【字节跳动（厦门分公司）】 Python开发工程师（实习）
2021年1月 - 至今
    · 编写开发文档，沉淀技术规范，协助新人熟悉业务
    · 承担分配模块的编码、测试与优化工作，保障系统稳定运行
    · 对接产品、测试团队，跟进需求落地与缺陷修复","■ 自动化办公脚本
  项目目标：批量处理Excel表格数据
  个人职责：实现数据合并、格式转换、自动统计
  项目成果：提升人工效率80%

■ 简单爬虫脚本开发
  项目目标：爬取公开网站数据并入库
  个人职责：负责反爬处理、数据清洗、SQLite存储
  项目成果：日均采集数据1万条","专业技能：Python、MongoDB、Django、FastAPI、爬虫
相关证书：阿里云ACP云计算认证、计算机二级、华为HCIA认证",有实习经验，熟悉开发基本流程，具备基础的项目实践能力；学习能力强，能够快速上手新业务新技术；工作踏实，责任心强，善于沟通协作，能够高效完成分配的工作任务。,本科 物联网工程 应届 毕业生 Python 开发 工程师 实习 Django 技术 实习 项目 开发 代码 规范 协作 上手 业务 正式 入职 发展,自动化 办公 脚本 批量 处理 Excel 表格 数据 数据 合并 格式 转换 自动 统计 人工效率 简单 爬虫 脚本 开发 爬取 公开 网站 数据 入库 反爬 处理 数据 清洗 SQL ite 存储 日均 采集 数据 万条,字节 跳动 厦门 分公司 Python 开发 工程师 实习 至今 编写 开发 文档 沉淀 技术规范 新人 熟悉业务 分配 模块 编码 测试 保障系统 稳定 运行 对接 产品 测试 跟进 需求 落地 缺陷 修复,实习 开发 基本 流程 项目 实践 上手 业务 技术 责任心 善于 协作 高效 分配,Python MongoDB Django FastAPI 爬虫 阿里云ACP云计算认证 计算机二级 华为HCIA认证,Python、MongoDB、Django、FastAPI、爬虫,阿里云ACP云计算认证、计算机二级、华为HCIA认证
高涛,男,15374193082,gaotao39@qq.com,wx_gaotao_966,泉州,"期望岗位：Python开发工程师
期望城市：泉州
期望行业：互联网/信息技术/软件服务
期望薪资：32000-35000元",6年Python开发工程师资深经验，精通全链路技术架构，具备团队技术规划与方案设计能力，主导过多个大型项目重构与升级，在高并发/系统稳定性领域有深厚积累，能够带领团队攻克技术难题，驱动业务技术升级。,"泉州经贸职业技术学院 | 软件工程 | 专科
毕业时间：2016年6月
核心课程：Python编程、数字信号处理、数据库原理、计算机网络","【新科软件有限公司】 Python开发工程师
2024年7月 - 至今
    · 负责公司Python开发工程师相关业务的开发与维护，参与需求评审
    · 对接产品、测试团队，跟进需求落地与缺陷修复
    · 编写开发文档，沉淀技术规范，协助新人熟悉业务

【东软数据技术有限公司】 Python开发工程师
2022年10月 - 2024年4月
    · 承担分配模块的编码、测试与优化工作，保障系统稳定运行
    · 负责公司Python开发工程师相关业务的开发与维护，参与需求评审

【用友信息技术有限公司】 Python开发工程师
2020年8月 - 2022年9月
    · 负责公司Python开发工程师相关业务的开发与维护，参与需求评审
    · 对接产品、测试团队，跟进需求落地与缺陷修复","■ 自动化运维平台
  项目目标：开发运维管理平台，实现服务器批量管理
  个人职责：负责监控、告警、任务调度模块后端开发
  项目成果：管理服务器200+，运维人力成本降低50%

■ 数据采集爬虫系统
  项目目标：搭建分布式爬虫平台，采集多渠道公开数据
  个人职责：负责反爬策略破解、数据清洗、入库逻辑开发
  项目成果：日均采集数据50万条，数据准确率98%以上","专业技能：Linux、FastAPI、Flask、Celery、MongoDB、Django、MySQL、Python、Redis
相关证书：无",拥有6年行业经验，技术视野开阔，具备方案设计与项目把控能力；逻辑清晰，善于定位并解决复杂技术问题；具备良好的团队管理与跨部门沟通能力，能够推动技术优化与业务落地；责任心强，追求技术与业务的平衡发展。,Python 开发 工程师 资深 链路 技术 架构 技术 规划 方案设计 主导 多个 大型项目 重构 升级 并发 系统 稳定性 领域 深厚 带领 攻克 技术难题 驱动 业务 技术升级,自动化 运维 平台 开发 运维 管理 平台 服务器 批量 管理 监控 告警 任务调度 模块 后端 开发 管理 服务器 运维 人力 成本 降低 数据 采集 爬虫 系统 搭建 分布式 爬虫 平台 采集 多渠道 公开 数据 反爬 策略 破解 数据 清洗 入库 逻辑 开发 日均 采集 数据 万条 数据 准确率 以上,新科 软件 Python 开发 工程师 至今 Python 开发 工程师 业务 开发 维护 需求 评审 对接 产品 测试 跟进 需求 落地 缺陷 修复 编写 开发 文档 沉淀 技术规范 新人 熟悉业务 东软 数据 技术 Python 开发 工程师 分配 模块 编码 测试 保障系统 稳定 运行 Python 开发 工程师 业务 开发 维护 需求 评审 用友 信息技术 Python 开发 工程师 Python 开发 工程师 业务 开发 维护 需求 评审 对接 产品 测试 跟进 需求 落地 缺陷 修复,技术 视野 开阔 方案设计 项目 逻辑 清晰 善于 定位 复杂 技术 管理 跨部门 推动 技术 业务 落地 责任心 追求 技术 业务 平衡 发展,Linux FastAPI Flask Celery MongoDB Django MySQL Python Redis,Linux、FastAPI、Flask、Celery、MongoDB、Django、MySQL、Python、Redis,
程静,女,15277904324,chengjing4631@qq.com,18988435800,南通,"期望岗位：运维工程师
期望城市：南通
期望行业：互联网/信息技术/软件服务
期望薪资：11500-12000元",3年运维工程师工作经验，精通Zabbix、Docker技术栈，参与过完整项目迭代，能够独立完成模块开发与问题排查，注重代码质量与开发效率，具备良好的沟通协作能力。,"厦门大学 | 数学与应用数学 | 本科
毕业时间：2019年6月
核心课程：Java程序设计、计算机网络、机器学习、操作系统","【美图公司】 运维工程师
2025年11月 - 至今
    · 承担分配模块的编码、测试与优化工作，保障系统稳定运行
    · 负责公司运维工程师相关业务的开发与维护，参与需求评审

【博思科技有限公司】 运维工程师
2024年6月 - 2025年2月
    · 对接产品、测试团队，跟进需求落地与缺陷修复
    · 承担分配模块的编码、测试与优化工作，保障系统稳定运行
    · 负责公司运维工程师相关业务的开发与维护，参与需求评审","■ 服务器集群运维优化
  项目目标：提升服务器集群稳定性，降低故障发生率
  个人职责：负责日常巡检、故障排查，优化监控告警规则与分级策略
  项目成果：服务器故障率下降60%，平均故障响应时间缩短至15分钟

■ CI/CD自动化流水线
  项目目标：实现代码自动化构建、测试、部署，提升发布效率
  个人职责：基于Jenkins搭建持续集成流水线，配置Docker容器化部署
  项目成果：发布周期从每周1次提升至每天3次，部署失误率降为0","专业技能：Docker、Nginx、Kubernetes、Zabbix、MySQL、Linux
相关证书：华为HCIA认证、红帽RHCE认证",拥有3年实际工作经验，技术功底扎实，熟悉完整开发流程；具备较强的问题解决能力，能够独立排查并解决常见技术问题；工作认真负责，注重团队协作，能够高效推进项目落地；持续学习，保持技术敏感度。,运维 工程师 Zabbix Docker 技术 完整 项目 迭代 独立 模块 开发 排查 代码 质量 开发 效率 协作,服务器 集群 运维 服务器 集群 稳定性 降低 故障 发生率 巡检 故障 排查 监控 告警 规则 分级 策略 服务器 故障率 下降 平均 故障 响应 时间 缩短 分钟 CI CD 自动化 流水线 代码 自动化 构建 测试 部署 发布 效率 基于 Jenkins 搭建 持续 集成 流水线 配置 Docker 容器 部署 发布 周期 每周 每天 部署 失误 降为,美图 运维 工程师 至今 分配 模块 编码 测试 保障系统 稳定 运行 运维 工程师 业务 开发 维护 需求 评审 博思 科技 运维 工程师 对接 产品 测试 跟进 需求 落地 缺陷 修复 分配 模块 编码 测试 保障系统 稳定 运行 运维 工程师 业务 开发 维护 需求 评审,实际 技术 功底 完整 开发 流程 独立 排查 常见 技术 认真负责 协作 高效 推进 项目 落地 持续 保持 技术 敏感度,Docker Nginx Kubernetes Zabbix MySQL Linux 华为HCIA认证 红帽RHCE认证,Docker、Nginx、Kubernetes、Zabbix、MySQL、Linux,华为HCIA认证、红帽RHCE认证
廖勇,男,13727274072,liaoyong84@qq.com,13194261041,宁德,"期望岗位：Python开发工程师
期望城市：宁德
期望行业：互联网/信息技术/软件服务
期望薪资：3500-4000元",本科数学与应用数学专业应届毕业生，掌握Docker、Redis基础技能，完成过课程设计与毕业项目，具备基础代码编写能力与问题排查思路，学习能力强，做事认真踏实，期望从事Python开发工程师相关工作。,"江西师范大学 | 数学与应用数学 | 本科
毕业时间：2022年6月
核心课程：操作系统、计算机网络、数字信号处理、机器学习","【校园实践】
    · 参与学校计算机协会技术部，负责协会网站日常维护
    · 协助老师完成实验室设备管理与系统环境搭建
    · 参与班级课程设计小组，担任后端开发角色","■ 简单爬虫脚本开发
  项目目标：爬取公开网站数据并入库
  个人职责：负责反爬处理、数据清洗、SQLite存储
  项目成果：日均采集数据1万条","专业技能：Django、Git、MySQL、Docker、Python
相关证书：计算机二级",应届毕业，具备扎实的专业基础知识与学习能力，能够快速掌握新技术；工作态度认真负责，有耐心，注重细节；具备良好的团队意识与沟通能力，能够积极配合团队完成任务；期望在工作中积累经验，快速成长。,本科 数学与应用数学 应届 毕业生 Docker Redis 课程设计 项目 代码 编写 排查 Python 开发 工程师,简单 爬虫 脚本 开发 爬取 公开 网站 数据 入库 反爬 处理 数据 清洗 SQL ite 存储 日均 采集 数据 万条,学校 计算机 协会 技术部 协会 网站 维护 老师 实验室 设备 管理 系统 环境 搭建 班级 课程设计 小组 后端 开发 角色,应届 基础知识 技术 认真负责,Django Git MySQL Docker Python 计算机二级,Django、Git、MySQL、Docker、Python,计算机二级
冯梓涵,女,15246232021,feng梓han4057@qq.com,wx_feng梓han_142,漳州,"期望岗位：算法工程师
期望城市：漳州
期望行业：互联网/信息技术/软件服务
期望薪资：3500-6000元",本科数据科学与大数据技术专业应届毕业生，掌握Python、SQL基础技能，完成过课程设计与毕业项目，具备基础代码编写能力与问题排查思路，学习能力强，做事认真踏实，期望从事算法工程师相关工作。,"浙江工业大学 | 数据科学与大数据技术 | 本科
毕业时间：2022年6月
核心课程：算法设计与分析、数字信号处理、软件工程、数据库原理","【校园实践】
    · 参与学校计算机协会技术部，负责协会网站日常维护
    · 协助老师完成实验室设备管理与系统环境搭建
    · 参与班级课程设计小组，担任后端开发角色","■ 手写数字识别（课程作业）
  项目目标：基于MNIST数据集实现手写数字识别
  个人职责：使用CNN搭建模型，训练与调优
  项目成果：识别准确率达到92%","专业技能：TensorFlow、深度学习、特征工程、数据结构、机器学习、PyTorch、推荐算法
相关证书：英语四级",应届毕业，具备扎实的专业基础知识与学习能力，能够快速掌握新技术；工作态度认真负责，有耐心，注重细节；具备良好的团队意识与沟通能力，能够积极配合团队完成任务；期望在工作中积累经验，快速成长。,本科 数据科学与大数据技术 应届 毕业生 Python SQL 课程设计 项目 代码 编写 排查 算法 工程师,手写 数字 识别 作业 基于 MNIST 数据 手写 数字 识别 CNN 搭建 模型 训练 调优 识别 准确率 达到,学校 计算机 协会 技术部 协会 网站 维护 老师 实验室 设备 管理 系统 环境 搭建 班级 课程设计 小组 后端 开发 角色,应届 基础知识 技术 认真负责,TensorFlow 深度学习 特征工程 数据结构 机器学习 PyTorch 推荐算法 英语四级,TensorFlow、深度学习、特征工程、数据结构、机器学习、PyTorch、推荐算法,英语四级
周峰,男,13194628312,zhoufeng83@outlook.com,wx_zhoufeng_964,安庆,"期望岗位：Python开发工程师
期望城市：安庆
期望行业：互联网/信息技术/软件服务
期望薪资：面议",3年Python开发工程师工作经验，精通Django、爬虫技术栈，参与过完整项目迭代，能够独立完成模块开发与问题排查，注重代码质量与开发效率，具备良好的沟通协作能力。,"佛山科学技术学院 | 数学与应用数学 | 本科
毕业时间：2019年6月
核心课程：软件工程、算法设计与分析、操作系统、Java程序设计","【数聚软件有限公司】 Python开发工程师
2025年3月 - 至今
    · 对接产品、测试团队，跟进需求落地与缺陷修复
    · 负责公司Python开发工程师相关业务的开发与维护，参与需求评审

【微远网络科技有限公司】 Python开发工程师
2024年6月 - 2025年8月
    · 承担分配模块的编码、测试与优化工作，保障系统稳定运行
    · 编写开发文档，沉淀技术规范，协助新人熟悉业务","■ 自动化运维平台
  项目目标：开发运维管理平台，实现服务器批量管理
  个人职责：负责监控、告警、任务调度模块后端开发
  项目成果：管理服务器200+，运维人力成本降低50%

■ 数据采集爬虫系统
  项目目标：搭建分布式爬虫平台，采集多渠道公开数据
  个人职责：负责反爬策略破解、数据清洗、入库逻辑开发
  项目成果：日均采集数据50万条，数据准确率98%以上","专业技能：MySQL、Celery、Django、MongoDB、Linux、Redis、爬虫、Docker、Python、FastAPI
相关证书：软件设计师（中级）",拥有3年实际工作经验，技术功底扎实，熟悉完整开发流程；具备较强的问题解决能力，能够独立排查并解决常见技术问题；工作认真负责，注重团队协作，能够高效推进项目落地；持续学习，保持技术敏感度。,Python 开发 工程师 Django 爬虫 技术 完整 项目 迭代 独立 模块 开发 排查 代码 质量 开发 效率 协作,自动化 运维 平台 开发 运维 管理 平台 服务器 批量 管理 监控 告警 任务调度 模块 后端 开发 管理 服务器 运维 人力 成本 降低 数据 采集 爬虫 系统 搭建 分布式 爬虫 平台 采集 多渠道 公开 数据 反爬 策略 破解 数据 清洗 入库 逻辑 开发 日均 采集 数据 万条 数据 准确率 以上,数聚 软件 Python 开发 工程师 至今 对接 产品 测试 跟进 需求 落地 缺陷 修复 Python 开发 工程师 业务 开发 维护 需求 评审 微远 网络科技 Python 开发 工程师 分配 模块 编码 测试 保障系统 稳定 运行 编写 开发 文档 沉淀 技术规范 新人 熟悉业务,实际 技术 功底 完整 开发 流程 独立 排查 常见 技术 认真负责 协作 高效 推进 项目 落地 持续 保持 技术 敏感度,MySQL Celery Django MongoDB Linux Redis 爬虫 Docker Python FastAPI 软件 设计师 中级,MySQL、Celery、Django、MongoDB、Linux、Redis、爬虫、Docker、Python、FastAPI,软件设计师（中级）
潘妍,女,13853291744,panyan6507@126.com,wx_panyan_684,金华,"期望岗位：数据分析师
期望城市：金华
期望行业：互联网/信息技术/软件服务
期望薪资：面议",专科软件技术专业应届毕业生，掌握Pandas、SQL基础技能，完成过课程设计与毕业项目，具备基础代码编写能力与问题排查思路，学习能力强，做事认真踏实，期望从事数据分析师相关工作。,"福建船政交通职业学院 | 软件技术 | 专科
毕业时间：2022年6月
核心课程：机器学习、计算机网络、操作系统、数据库原理","【校园实践】
    · 参与学校计算机协会技术部，负责协会网站日常维护
    · 协助老师完成实验室设备管理与系统环境搭建
    · 参与班级课程设计小组，担任后端开发角色","■ 电商公开数据爬取分析
  项目目标：采集公开电商商品数据并分析
  个人职责：数据爬取、清洗、价格销量分析
  项目成果：输出可视化分析图表","专业技能：Pandas、用户分析、Excel、MySQL、NumPy
相关证书：无",应届毕业，具备扎实的专业基础知识与学习能力，能够快速掌握新技术；工作态度认真负责，有耐心，注重细节；具备良好的团队意识与沟通能力，能够积极配合团队完成任务；期望在工作中积累经验，快速成长。,专科 软件技术 应届 毕业生 Pandas SQL 课程设计 项目 代码 编写 排查 数据 分析师,电商 公开 数据 爬取 分析 采集 公开 电商 商品 数据 分析 数据 爬取 清洗 价格 销量 分析 可视化 分析 图表,学校 计算机 协会 技术部 协会 网站 维护 老师 实验室 设备 管理 系统 环境 搭建 班级 课程设计 小组 后端 开发 角色,应届 基础知识 技术 认真负责,Pandas 用户分析 Excel MySQL NumPy,Pandas、用户分析、Excel、MySQL、NumPy,
董勇,男,18809530939,dongyong6237@163.com,wx_dongyong_393,宁德,"期望岗位：Java开发工程师
期望城市：宁德
期望行业：互联网/信息技术/软件服务
期望薪资：5000-5500元",本科计算机应用技术专业应届毕业生，有0段Java开发工程师实习经验，掌握JVM调优技术栈，参与过实习项目开发，具备良好的代码规范与团队协作意识，能够快速上手业务，期望正式入职发展。,"浙江大学 | 计算机应用技术 | 本科
毕业时间：2022年6月
核心课程：机器学习、算法设计与分析、数据结构、Python编程","【华为（东莞研究所）】 Java开发工程师（实习）
2022年1月 - 至今
    · 对接产品、测试团队，跟进需求落地与缺陷修复
    · 编写开发文档，沉淀技术规范，协助新人熟悉业务
    · 承担分配模块的编码、测试与优化工作，保障系统稳定运行","■ 校园二手交易平台（毕设）
  项目目标：搭建校园闲置物品发布与交易平台
  个人职责：负责用户模块、商品发布模块开发
  项目成果：完成系统原型，获得良好成绩

■ 学生成绩管理系统（课程设计）
  项目目标：实现学生信息、成绩、班级的增删改查管理
  个人职责：负责后端接口开发与数据库设计
  项目成果：完成基础功能，通过课程答辩","专业技能：Redis、Java、JVM调优、Git
相关证书：英语四级、英语六级",有实习经验，熟悉开发基本流程，具备基础的项目实践能力；学习能力强，能够快速上手新业务新技术；工作踏实，责任心强，善于沟通协作，能够高效完成分配的工作任务。,本科 计算机应用技术 应届 毕业生 Java 开发 工程师 实习 JVM调优 技术 实习 项目 开发 代码 规范 协作 上手 业务 正式 入职 发展,二手交易 平台 毕设 搭建 闲置 物品 发布 交易平台 用户 模块 商品 发布 模块 开发 系统 原型 获得 成绩 学生 成绩 管理系统 课程设计 学生 信息 成绩 班级 增删 改查 管理 后端 接口 开发 数据库 功能 答辩,华为 东莞 研究所 Java 开发 工程师 实习 至今 对接 产品 测试 跟进 需求 落地 缺陷 修复 编写 开发 文档 沉淀 技术规范 新人 熟悉业务 分配 模块 编码 测试 保障系统 稳定 运行,实习 开发 基本 流程 项目 实践 上手 业务 技术 责任心 善于 协作 高效 分配,Redis Java JVM调优 Git 英语四级 英语六级,Redis、Java、JVM调优、Git,英语四级、英语六级
黄欣,女,13906089111,huangxin351@qq.com,13751750725,莆田,"期望岗位：运维工程师
期望城市：莆田
期望行业：互联网/信息技术/软件服务
期望薪资：面议",专科软件技术专业应届毕业生，掌握Linux、Prometheus基础技能，完成过课程设计与毕业项目，具备基础代码编写能力与问题排查思路，学习能力强，做事认真踏实，期望从事运维工程师相关工作。,"苏州职业大学 | 软件技术 | 专科
毕业时间：2022年6月
核心课程：算法设计与分析、数据结构、机器学习、Java程序设计","【校园实践】
    · 参与学校计算机协会技术部，负责协会网站日常维护
    · 协助老师完成实验室设备管理与系统环境搭建
    · 参与班级课程设计小组，担任后端开发角色","■ 简单监控脚本开发
  项目目标：编写服务器状态监控脚本
  个人职责：实现CPU、内存、磁盘使用率自动采集
  项目成果：支持异常邮件告警","专业技能：Zabbix、Nginx、Docker、Redis、Ansible、Kubernetes
相关证书：计算机二级",应届毕业，具备扎实的专业基础知识与学习能力，能够快速掌握新技术；工作态度认真负责，有耐心，注重细节；具备良好的团队意识与沟通能力，能够积极配合团队完成任务；期望在工作中积累经验，快速成长。,专科 软件技术 应届 毕业生 Linux Prometheus 课程设计 项目 代码 编写 排查 运维 工程师,简单 监控 脚本 开发 编写 服务器 状态 监控 脚本 CPU 内存 磁盘 使用率 自动 采集 异常 邮件 告警,学校 计算机 协会 技术部 协会 网站 维护 老师 实验室 设备 管理 系统 环境 搭建 班级 课程设计 小组 后端 开发 角色,应届 基础知识 技术 认真负责,Zabbix Nginx Docker Redis Ansible Kubernetes 计算机二级,Zabbix、Nginx、Docker、Redis、Ansible、Kubernetes,计算机二级
钟敏,女,13666548146,zhongmin3587@gmail.com,18442434182,杭州,"期望岗位：软件测试工程师
期望城市：杭州
期望行业：互联网/信息技术/软件服务
期望薪资：13000-17000元",5年软件测试工程师从业经验，精通Appium技术架构，主导过中型项目从0到1落地，擅长技术方案设计与性能优化，曾推动核心模块技术重构，带来显著效率提升，具备跨部门协作与项目推进能力。,"东南大学 | 软件技术 | 本科
毕业时间：2017年6月
核心课程：Python编程、Java程序设计、软件工程、数字信号处理","【阿里巴巴（福州分公司）】 软件测试工程师
2025年11月 - 至今
    · 负责公司软件测试工程师相关业务的开发与维护，参与需求评审
    · 对接产品、测试团队，跟进需求落地与缺陷修复
    · 承担分配模块的编码、测试与优化工作，保障系统稳定运行

【东软网络科技有限公司】 软件测试工程师
2024年5月 - 2025年2月
    · 承担分配模块的编码、测试与优化工作，保障系统稳定运行
    · 负责公司软件测试工程师相关业务的开发与维护，参与需求评审

【汇智数据技术有限公司】 软件测试工程师
2023年10月 - 2024年2月
    · 编写开发文档，沉淀技术规范，协助新人熟悉业务
    · 负责公司软件测试工程师相关业务的开发与维护，参与需求评审
    · 对接产品、测试团队，跟进需求落地与缺陷修复","■ 电商平台功能测试
  项目目标：保障电商系统上线质量，覆盖全业务流程
  个人职责：设计测试用例，执行功能、回归测试，提交缺陷报告
  项目成果：发现并修复120+缺陷，上线后线上缺陷率低于0.5%

■ 自动化测试框架搭建
  项目目标：提升回归测试效率，减少人工重复劳动
  个人职责：基于Selenium搭建UI自动化框架，编写核心模块测试脚本
  项目成果：回归测试周期从7天缩短至2天，覆盖率达85%","专业技能：Python、功能测试、MySQL、缺陷管理、Selenium、TestNG、Postman、JMeter、Appium
相关证书：无",拥有5年行业经验，技术视野开阔，具备方案设计与项目把控能力；逻辑清晰，善于定位并解决复杂技术问题；具备良好的团队管理与跨部门沟通能力，能够推动技术优化与业务落地；责任心强，追求技术与业务的平衡发展。,软件测试 工程师 从业 Appium 技术 架构 主导 中型 项目 落地 擅长 技术 方案设计 性能 推动 核心 模块 技术 重构 带来 显著 效率 跨部门 协作 项目 推进,电商 平台 功能测试 保障 电商 系统 上线 质量 覆盖 业务流程 测试用例 执行 功能 回归 测试 提交 缺陷 报告 发现 修复 缺陷 上线 后线 缺陷率 低于 自动化 测试 框架 搭建 回归 测试 效率 减少 人工 重复劳动 基于 Selenium 搭建 UI 自动化 框架 编写 核心 模块 测试 脚本 回归 测试 周期 缩短 覆盖率,阿里巴巴 福州 分公司 软件测试 工程师 至今 软件测试 工程师 业务 开发 维护 需求 评审 对接 产品 测试 跟进 需求 落地 缺陷 修复 分配 模块 编码 测试 保障系统 稳定 运行 东软 网络科技 软件测试 工程师 分配 模块 编码 测试 保障系统 稳定 运行 软件测试 工程师 业务 开发 维护 需求 评审 汇智 数据 技术 软件测试 工程师 编写 开发 文档 沉淀 技术规范 新人 熟悉业务 软件测试 工程师 业务 开发 维护 需求 评审 对接 产品 测试 跟进 需求 落地 缺陷 修复,技术 视野 开阔 方案设计 项目 逻辑 清晰 善于 定位 复杂 技术 管理 跨部门 推动 技术 业务 落地 责任心 追求 技术 业务 平衡 发展,Python 功能测试 MySQL 缺陷管理 Selenium TestNG Postman JMeter Appium,Python、功能测试、MySQL、缺陷管理、Selenium、TestNG、Postman、JMeter、Appium,
罗刚,男,15381554547,luogang29@outlook.com,wx_luogang_933,绍兴,"期望岗位：前端开发工程师
期望城市：绍兴
期望行业：互联网/信息技术/软件服务
期望薪资：19500-20000元",5年前端开发工程师从业经验，精通JavaScript技术架构，主导过中型项目从0到1落地，擅长技术方案设计与性能优化，曾推动核心模块技术重构，带来显著效率提升，具备跨部门协作与项目推进能力。,"江西师范大学 | 数据科学与大数据技术 | 本科
毕业时间：2017年6月
核心课程：计算机网络、操作系统、数据结构、算法设计与分析","【恒信互联网科技有限公司】 前端开发工程师
2025年7月 - 至今
    · 负责公司前端开发工程师相关业务的开发与维护，参与需求评审
    · 承担分配模块的编码、测试与优化工作，保障系统稳定运行
    · 对接产品、测试团队，跟进需求落地与缺陷修复

【通元信息技术有限公司】 前端开发工程师
2024年12月 - 2025年6月
    · 对接产品、测试团队，跟进需求落地与缺陷修复
    · 负责公司前端开发工程师相关业务的开发与维护，参与需求评审

【星图软件有限公司】 前端开发工程师
2023年12月 - 2024年6月
    · 编写开发文档，沉淀技术规范，协助新人熟悉业务
    · 对接产品、测试团队，跟进需求落地与缺陷修复","■ 企业后台管理系统
  项目目标：搭建企业运营管理后台，实现业务数据可视化
  个人职责：负责权限管理、数据报表模块开发，对接后端接口联调
  项目成果：覆盖12个业务部门，运营效率提升40%

■ 电商平台前端重构
  项目目标：升级旧版电商系统前端架构，提升用户体验与加载速度
  个人职责：负责商品详情页、购物车模块开发，组件化封装公共组件
  项目成果：首屏加载时间从3.2s降至1.8s，页面转化率提升12%","专业技能：Vue、JavaScript、Webpack、CSS3、Vite、移动端适配、TypeScript
相关证书：计算机一级、系统架构设计师、MySQL数据库认证",拥有5年行业经验，技术视野开阔，具备方案设计与项目把控能力；逻辑清晰，善于定位并解决复杂技术问题；具备良好的团队管理与跨部门沟通能力，能够推动技术优化与业务落地；责任心强，追求技术与业务的平衡发展。,前端开发 工程师 从业 JavaScript 技术 架构 主导 中型 项目 落地 擅长 技术 方案设计 性能 推动 核心 模块 技术 重构 带来 显著 效率 跨部门 协作 项目 推进,企业 后台 管理系统 搭建 企业 运营 管理 后台 业务 数据可视化 权限 管理 数据报表 模块 开发 对接 后端 接口 联调 覆盖 业务部门 运营 效率 电商 平台 前端 重构 升级 旧版 电商 系统 前端 架构 用户 体验 加载 速度 商品 详情页 购物车 模块 开发 组件 封装 公共 组件 首屏 加载 时间 3.2 降至 1.8 页面 转化率,恒信 互联网 科技 前端开发 工程师 至今 前端开发 工程师 业务 开发 维护 需求 评审 分配 模块 编码 测试 保障系统 稳定 运行 对接 产品 测试 跟进 需求 落地 缺陷 修复 通元 信息技术 前端开发 工程师 对接 产品 测试 跟进 需求 落地 缺陷 修复 前端开发 工程师 业务 开发 维护 需求 评审 星图 软件 前端开发 工程师 编写 开发 文档 沉淀 技术规范 新人 熟悉业务 对接 产品 测试 跟进 需求 落地 缺陷 修复,技术 视野 开阔 方案设计 项目 逻辑 清晰 善于 定位 复杂 技术 管理 跨部门 推动 技术 业务 落地 责任心 追求 技术 业务 平衡 发展,Vue JavaScript Webpack CSS3 Vite 移动端适配 TypeScript 计算机一级 系统架构设计师 MySQL数据库认证,Vue、JavaScript、Webpack、CSS3、Vite、移动端适配、TypeScript,计算机一级、系统架构设计师、MySQL数据库认证
严天佑,男,15140330319,yan天you3358@163.com,wx_yan天you_305,杭州,"期望岗位：运维工程师
期望城市：杭州
期望行业：互联网/信息技术/软件服务
期望薪资：3000-6000元",专科数学与应用数学专业应届毕业生，掌握Docker、Ansible基础技能，完成过课程设计与毕业项目，具备基础代码编写能力与问题排查思路，学习能力强，做事认真踏实，期望从事运维工程师相关工作。,"南京工业职业技术大学 | 数学与应用数学 | 专科
毕业时间：2022年6月
核心课程：Python编程、计算机网络、软件工程、Java程序设计","【校园实践】
    · 参与学校计算机协会技术部，负责协会网站日常维护
    · 协助老师完成实验室设备管理与系统环境搭建
    · 参与班级课程设计小组，担任后端开发角色","■ 实验室服务器搭建实训
  项目目标：搭建实验室Linux服务器环境
  个人职责：负责系统安装、网络配置、基础服务部署
  项目成果：完成3台服务器环境搭建","专业技能：Zabbix、Kubernetes、Nginx、Shell、Prometheus、Redis
相关证书：PMP项目管理专业人士、计算机二级",应届毕业，具备扎实的专业基础知识与学习能力，能够快速掌握新技术；工作态度认真负责，有耐心，注重细节；具备良好的团队意识与沟通能力，能够积极配合团队完成任务；期望在工作中积累经验，快速成长。,专科 数学与应用数学 应届 毕业生 Docker Ansible 课程设计 项目 代码 编写 排查 运维 工程师,实验室 服务器 搭建 实训 搭建 实验室 Linux 服务器 环境 系统 安装 网络 配置 服务 部署 服务器 环境 搭建,学校 计算机 协会 技术部 协会 网站 维护 老师 实验室 设备 管理 系统 环境 搭建 班级 课程设计 小组 后端 开发 角色,应届 基础知识 技术 认真负责,Zabbix Kubernetes Nginx Shell Prometheus Redis PMP项目管理专业人士 计算机二级,Zabbix、Kubernetes、Nginx、Shell、Prometheus、Redis,PMP项目管理专业人士、计算机二级
韩建,男,13039772308,hanjian3851@126.com,wx_hanjian_811,南京,"期望岗位：Python开发工程师
期望城市：南京
期望行业：互联网/信息技术/软件服务
期望薪资：17500-18500元",4年Python开发工程师从业经验，精通Docker技术架构，主导过中型项目从0到1落地，擅长技术方案设计与性能优化，曾推动核心模块技术重构，带来显著效率提升，具备跨部门协作与项目推进能力。,"南京大学 | 物联网工程 | 本科
毕业时间：2018年6月
核心课程：数据结构、数字信号处理、Java程序设计、软件工程","【安硕互联网科技有限公司】 Python开发工程师
2024年1月 - 至今
    · 负责公司Python开发工程师相关业务的开发与维护，参与需求评审
    · 编写开发文档，沉淀技术规范，协助新人熟悉业务

【中软软件有限公司】 Python开发工程师
2022年7月 - 2024年5月
    · 负责公司Python开发工程师相关业务的开发与维护，参与需求评审
    · 对接产品、测试团队，跟进需求落地与缺陷修复
    · 编写开发文档，沉淀技术规范，协助新人熟悉业务","■ 数据采集爬虫系统
  项目目标：搭建分布式爬虫平台，采集多渠道公开数据
  个人职责：负责反爬策略破解、数据清洗、入库逻辑开发
  项目成果：日均采集数据50万条，数据准确率98%以上

■ 自动化运维平台
  项目目标：开发运维管理平台，实现服务器批量管理
  个人职责：负责监控、告警、任务调度模块后端开发
  项目成果：管理服务器200+，运维人力成本降低50%","专业技能：爬虫、Flask、FastAPI、MongoDB、Git、Django、MySQL、Python
相关证书：软件设计师（中级）",拥有4年行业经验，技术视野开阔，具备方案设计与项目把控能力；逻辑清晰，善于定位并解决复杂技术问题；具备良好的团队管理与跨部门沟通能力，能够推动技术优化与业务落地；责任心强，追求技术与业务的平衡发展。,Python 开发 工程师 从业 Docker 技术 架构 主导 中型 项目 落地 擅长 技术 方案设计 性能 推动 核心 模块 技术 重构 带来 显著 效率 跨部门 协作 项目 推进,数据 采集 爬虫 系统 搭建 分布式 爬虫 平台 采集 多渠道 公开 数据 反爬 策略 破解 数据 清洗 入库 逻辑 开发 日均 采集 数据 万条 数据 准确率 以上 自动化 运维 平台 开发 运维 管理 平台 服务器 批量 管理 监控 告警 任务调度 模块 后端 开发 管理 服务器 运维 人力 成本 降低,安硕 互联网 科技 Python 开发 工程师 至今 Python 开发 工程师 业务 开发 维护 需求 评审 编写 开发 文档 沉淀 技术规范 新人 熟悉业务 中软 软件 Python 开发 工程师 Python 开发 工程师 业务 开发 维护 需求 评审 对接 产品 测试 跟进 需求 落地 缺陷 修复 编写 开发 文档 沉淀 技术规范 新人 熟悉业务,技术 视野 开阔 方案设计 项目 逻辑 清晰 善于 定位 复杂 技术 管理 跨部门 推动 技术 业务 落地 责任心 追求 技术 业务 平衡 发展,爬虫 Flask FastAPI MongoDB Git Django MySQL Python 软件 设计师 中级,爬虫、Flask、FastAPI、MongoDB、Git、Django、MySQL、Python,软件设计师（中级）
程健,男,18487728028,chengjian37@outlook.com,18087166924,合肥,"期望岗位：Python开发工程师
期望城市：合肥
期望行业：互联网/信息技术/软件服务
期望薪资：10000-11500元",2年Python开发工程师工作经验，精通Docker、爬虫技术栈，参与过完整项目迭代，能够独立完成模块开发与问题排查，注重代码质量与开发效率，具备良好的沟通协作能力。,"厦门海洋职业技术学院 | 物联网工程 | 专科
毕业时间：2020年6月
核心课程：Python编程、Java程序设计、操作系统、数字信号处理","【智联科技有限公司】 Python开发工程师
2025年7月 - 至今
    · 负责公司Python开发工程师相关业务的开发与维护，参与需求评审
    · 承担分配模块的编码、测试与优化工作，保障系统稳定运行
    · 对接产品、测试团队，跟进需求落地与缺陷修复

【易联科技有限公司】 Python开发工程师
2024年9月 - 2025年8月
    · 负责公司Python开发工程师相关业务的开发与维护，参与需求评审
    · 对接产品、测试团队，跟进需求落地与缺陷修复
    · 承担分配模块的编码、测试与优化工作，保障系统稳定运行","■ 自动化运维平台
  项目目标：开发运维管理平台，实现服务器批量管理
  个人职责：负责监控、告警、任务调度模块后端开发
  项目成果：管理服务器200+，运维人力成本降低50%

■ 数据采集爬虫系统
  项目目标：搭建分布式爬虫平台，采集多渠道公开数据
  个人职责：负责反爬策略破解、数据清洗、入库逻辑开发
  项目成果：日均采集数据50万条，数据准确率98%以上","专业技能：MongoDB、FastAPI、Redis、MySQL、Flask、Git
相关证书：英语四级",拥有2年实际工作经验，技术功底扎实，熟悉完整开发流程；具备较强的问题解决能力，能够独立排查并解决常见技术问题；工作认真负责，注重团队协作，能够高效推进项目落地；持续学习，保持技术敏感度。,Python 开发 工程师 Docker 爬虫 技术 完整 项目 迭代 独立 模块 开发 排查 代码 质量 开发 效率 协作,自动化 运维 平台 开发 运维 管理 平台 服务器 批量 管理 监控 告警 任务调度 模块 后端 开发 管理 服务器 运维 人力 成本 降低 数据 采集 爬虫 系统 搭建 分布式 爬虫 平台 采集 多渠道 公开 数据 反爬 策略 破解 数据 清洗 入库 逻辑 开发 日均 采集 数据 万条 数据 准确率 以上,智联 科技 Python 开发 工程师 至今 Python 开发 工程师 业务 开发 维护 需求 评审 分配 模块 编码 测试 保障系统 稳定 运行 对接 产品 测试 跟进 需求 落地 缺陷 修复 易联 科技 Python 开发 工程师 Python 开发 工程师 业务 开发 维护 需求 评审 对接 产品 测试 跟进 需求 落地 缺陷 修复 分配 模块 编码 测试 保障系统 稳定 运行,实际 技术 功底 完整 开发 流程 独立 排查 常见 技术 认真负责 协作 高效 推进 项目 落地 持续 保持 技术 敏感度,MongoDB FastAPI Redis MySQL Flask Git 英语四级,MongoDB、FastAPI、Redis、MySQL、Flask、Git,英语四级
吕紫涵,女,18499697914,lv紫han49@qq.com,15063649359,镇江,"期望岗位：算法工程师
期望城市：镇江
期望行业：互联网/信息技术/软件服务
期望薪资：面议",本科软件技术专业应届毕业生，有1段算法工程师实习经验，掌握Python技术栈，参与过实习项目开发，具备良好的代码规范与团队协作意识，能够快速上手业务，期望正式入职发展。,"东南大学 | 软件技术 | 本科
毕业时间：2021年6月
核心课程：数据结构、计算机网络、机器学习、算法设计与分析","【汇智网络科技有限公司】 算法工程师（实习）
2025年1月 - 至今
    · 负责公司算法工程师相关业务的开发与维护，参与需求评审
    · 编写开发文档，沉淀技术规范，协助新人熟悉业务
    · 对接产品、测试团队，跟进需求落地与缺陷修复","■ 手写数字识别（课程作业）
  项目目标：基于MNIST数据集实现手写数字识别
  个人职责：使用CNN搭建模型，训练与调优
  项目成果：识别准确率达到92%

■ 电影推荐系统（毕设）
  项目目标：基于协同过滤实现简单电影推荐
  个人职责：数据处理、模型实现、效果验证
  项目成果：召回准确率达到75%","专业技能：数据结构、推荐算法、NLP、机器学习、特征工程
相关证书：英语六级、软件设计师（中级）、计算机二级",有实习经验，熟悉开发基本流程，具备基础的项目实践能力；学习能力强，能够快速上手新业务新技术；工作踏实，责任心强，善于沟通协作，能够高效完成分配的工作任务。,本科 软件技术 应届 毕业生 算法 工程师 实习 Python 技术 实习 项目 开发 代码 规范 协作 上手 业务 正式 入职 发展,手写 数字 识别 作业 基于 MNIST 数据 手写 数字 识别 CNN 搭建 模型 训练 调优 识别 准确率 达到 电影 推荐 系统 毕设 基于 协同 过滤 简单 电影 推荐 数据处理 模型 效果 验证 召回 准确率 达到,汇智 网络科技 算法 工程师 实习 至今 算法 工程师 业务 开发 维护 需求 评审 编写 开发 文档 沉淀 技术规范 新人 熟悉业务 对接 产品 测试 跟进 需求 落地 缺陷 修复,实习 开发 基本 流程 项目 实践 上手 业务 技术 责任心 善于 协作 高效 分配,数据结构 推荐算法 NLP 机器学习 特征工程 英语六级 软件 设计师 中级 计算机二级,数据结构、推荐算法、NLP、机器学习、特征工程,英语六级、软件设计师（中级）、计算机二级
杜鹏,男,15744654364,dupeng6957@qq.com,15664006742,滁州,"期望岗位：运维工程师
期望城市：滁州
期望行业：互联网/信息技术/软件服务
期望薪资：9500-12000元",1年运维工程师工作经验，精通Jenkins、Redis技术栈，参与过完整项目迭代，能够独立完成模块开发与问题排查，注重代码质量与开发效率，具备良好的沟通协作能力。,"南昌大学 | 软件工程 | 本科
毕业时间：2021年6月
核心课程：机器学习、计算机网络、操作系统、Java程序设计","【字节跳动（厦门分公司）】 运维工程师
2025年6月 - 至今
    · 承担分配模块的编码、测试与优化工作，保障系统稳定运行
    · 负责公司运维工程师相关业务的开发与维护，参与需求评审","■ CI/CD自动化流水线
  项目目标：实现代码自动化构建、测试、部署，提升发布效率
  个人职责：基于Jenkins搭建持续集成流水线，配置Docker容器化部署
  项目成果：发布周期从每周1次提升至每天3次，部署失误率降为0

■ 服务器集群运维优化
  项目目标：提升服务器集群稳定性，降低故障发生率
  个人职责：负责日常巡检、故障排查，优化监控告警规则与分级策略
  项目成果：服务器故障率下降60%，平均故障响应时间缩短至15分钟","专业技能：Prometheus、网络运维、Linux、Nginx、MySQL、Shell、Docker、Kubernetes、Zabbix
相关证书：无",拥有1年实际工作经验，技术功底扎实，熟悉完整开发流程；具备较强的问题解决能力，能够独立排查并解决常见技术问题；工作认真负责，注重团队协作，能够高效推进项目落地；持续学习，保持技术敏感度。,运维 工程师 Jenkins Redis 技术 完整 项目 迭代 独立 模块 开发 排查 代码 质量 开发 效率 协作,CI CD 自动化 流水线 代码 自动化 构建 测试 部署 发布 效率 基于 Jenkins 搭建 持续 集成 流水线 配置 Docker 容器 部署 发布 周期 每周 每天 部署 失误 降为 服务器 集群 运维 服务器 集群 稳定性 降低 故障 发生率 巡检 故障 排查 监控 告警 规则 分级 策略 服务器 故障率 下降 平均 故障 响应 时间 缩短 分钟,字节 跳动 厦门 分公司 运维 工程师 至今 分配 模块 编码 测试 保障系统 稳定 运行 运维 工程师 业务 开发 维护 需求 评审,实际 技术 功底 完整 开发 流程 独立 排查 常见 技术 认真负责 协作 高效 推进 项目 落地 持续 保持 技术 敏感度,Prometheus 网络运维 Linux Nginx MySQL Shell Docker Kubernetes Zabbix,Prometheus、网络运维、Linux、Nginx、MySQL、Shell、Docker、Kubernetes、Zabbix,
萧瑶,女,13043251058,xiaoyao09@qq.com,18752158442,泉州,"期望岗位：前端开发工程师
期望城市：泉州
期望行业：互联网/信息技术/软件服务
期望薪资：面议",3年前端开发工程师工作经验，精通移动端适配、Ant Design技术栈，参与过完整项目迭代，能够独立完成模块开发与问题排查，注重代码质量与开发效率，具备良好的沟通协作能力。,"南京理工大学 | 信息管理与信息系统 | 本科
毕业时间：2019年6月
核心课程：机器学习、操作系统、数据结构、算法设计与分析","【中软网络科技有限公司】 前端开发工程师
2025年4月 - 至今
    · 负责公司前端开发工程师相关业务的开发与维护，参与需求评审
    · 承担分配模块的编码、测试与优化工作，保障系统稳定运行

【星图互联网科技有限公司】 前端开发工程师
2024年2月 - 2025年5月
    · 编写开发文档，沉淀技术规范，协助新人熟悉业务
    · 对接产品、测试团队，跟进需求落地与缺陷修复","■ 企业后台管理系统
  项目目标：搭建企业运营管理后台，实现业务数据可视化
  个人职责：负责权限管理、数据报表模块开发，对接后端接口联调
  项目成果：覆盖12个业务部门，运营效率提升40%

■ 电商平台前端重构
  项目目标：升级旧版电商系统前端架构，提升用户体验与加载速度
  个人职责：负责商品详情页、购物车模块开发，组件化封装公共组件
  项目成果：首屏加载时间从3.2s降至1.8s，页面转化率提升12%","专业技能：React、CSS3、Vite、Webpack、HTML5、Vue
相关证书：红帽RHCE认证、计算机一级",拥有3年实际工作经验，技术功底扎实，熟悉完整开发流程；具备较强的问题解决能力，能够独立排查并解决常见技术问题；工作认真负责，注重团队协作，能够高效推进项目落地；持续学习，保持技术敏感度。,前端开发 工程师 移动端适配 Ant Design 技术 完整 项目 迭代 独立 模块 开发 排查 代码 质量 开发 效率 协作,企业 后台 管理系统 搭建 企业 运营 管理 后台 业务 数据可视化 权限 管理 数据报表 模块 开发 对接 后端 接口 联调 覆盖 业务部门 运营 效率 电商 平台 前端 重构 升级 旧版 电商 系统 前端 架构 用户 体验 加载 速度 商品 详情页 购物车 模块 开发 组件 封装 公共 组件 首屏 加载 时间 3.2 降至 1.8 页面 转化率,中软 网络科技 前端开发 工程师 至今 前端开发 工程师 业务 开发 维护 需求 评审 分配 模块 编码 测试 保障系统 稳定 运行 星图 互联网 科技 前端开发 工程师 编写 开发 文档 沉淀 技术规范 新人 熟悉业务 对接 产品 测试 跟进 需求 落地 缺陷 修复,实际 技术 功底 完整 开发 流程 独立 排查 常见 技术 认真负责 协作 高效 推进 项目 落地 持续 保持 技术 敏感度,React CSS3 Vite Webpack HTML5 Vue 红帽RHCE认证 计算机一级,React、CSS3、Vite、Webpack、HTML5、Vue,红帽RHCE认证、计算机一级
邱晨,男,15735336860,qiuchen6389@gmail.com,wx_qiuchen_491,苏州,"期望岗位：软件测试工程师
期望城市：苏州
期望行业：互联网/信息技术/软件服务
期望薪资：9000-12000元",1年软件测试工程师工作经验，精通MySQL、功能测试技术栈，参与过完整项目迭代，能够独立完成模块开发与问题排查，注重代码质量与开发效率，具备良好的沟通协作能力。,"泉州经贸职业技术学院 | 通信工程 | 专科
毕业时间：2021年6月
核心课程：计算机网络、数据库原理、软件工程、数据结构","【云创数据技术有限公司】 软件测试工程师
2025年6月 - 至今
    · 对接产品、测试团队，跟进需求落地与缺陷修复
    · 负责公司软件测试工程师相关业务的开发与维护，参与需求评审
    · 承担分配模块的编码、测试与优化工作，保障系统稳定运行","■ 电商平台功能测试
  项目目标：保障电商系统上线质量，覆盖全业务流程
  个人职责：设计测试用例，执行功能、回归测试，提交缺陷报告
  项目成果：发现并修复120+缺陷，上线后线上缺陷率低于0.5%

■ 自动化测试框架搭建
  项目目标：提升回归测试效率，减少人工重复劳动
  个人职责：基于Selenium搭建UI自动化框架，编写核心模块测试脚本
  项目成果：回归测试周期从7天缩短至2天，覆盖率达85%","专业技能：TestNG、JMeter、功能测试、Python、测试用例设计、Postman、接口测试、Appium、MySQL
相关证书：计算机一级",拥有1年实际工作经验，技术功底扎实，熟悉完整开发流程；具备较强的问题解决能力，能够独立排查并解决常见技术问题；工作认真负责，注重团队协作，能够高效推进项目落地；持续学习，保持技术敏感度。,软件测试 工程师 MySQL 功能测试 技术 完整 项目 迭代 独立 模块 开发 排查 代码 质量 开发 效率 协作,电商 平台 功能测试 保障 电商 系统 上线 质量 覆盖 业务流程 测试用例 执行 功能 回归 测试 提交 缺陷 报告 发现 修复 缺陷 上线 后线 缺陷率 低于 自动化 测试 框架 搭建 回归 测试 效率 减少 人工 重复劳动 基于 Selenium 搭建 UI 自动化 框架 编写 核心 模块 测试 脚本 回归 测试 周期 缩短 覆盖率,云创 数据 技术 软件测试 工程师 至今 对接 产品 测试 跟进 需求 落地 缺陷 修复 软件测试 工程师 业务 开发 维护 需求 评审 分配 模块 编码 测试 保障系统 稳定 运行,实际 技术 功底 完整 开发 流程 独立 排查 常见 技术 认真负责 协作 高效 推进 项目 落地 持续 保持 技术 敏感度,TestNG JMeter 功能测试 Python 测试用例设计 Postman 接口测试 Appium MySQL 计算机一级,TestNG、JMeter、功能测试、Python、测试用例设计、Postman、接口测试、Appium、MySQL,计算机一级
贾宇,男,18506687876,jiayu546@outlook.com,wx_jiayu_971,扬州,"期望岗位：Python开发工程师
期望城市：扬州
期望行业：互联网/信息技术/软件服务
期望薪资：面议",专科计算机科学与技术专业应届毕业生，掌握爬虫、Redis基础技能，完成过课程设计与毕业项目，具备基础代码编写能力与问题排查思路，学习能力强，做事认真踏实，期望从事Python开发工程师相关工作。,"深圳职业技术学院 | 计算机科学与技术 | 专科
毕业时间：2022年6月
核心课程：数据库原理、操作系统、算法设计与分析、软件工程","【校园实践】
    · 参与学校计算机协会技术部，负责协会网站日常维护
    · 协助老师完成实验室设备管理与系统环境搭建
    · 参与班级课程设计小组，担任后端开发角色","■ 简单爬虫脚本开发
  项目目标：爬取公开网站数据并入库
  个人职责：负责反爬处理、数据清洗、SQLite存储
  项目成果：日均采集数据1万条","专业技能：Python、MongoDB、Docker、MySQL、Flask
相关证书：阿里云ACP云计算认证、计算机二级、计算机一级",应届毕业，具备扎实的专业基础知识与学习能力，能够快速掌握新技术；工作态度认真负责，有耐心，注重细节；具备良好的团队意识与沟通能力，能够积极配合团队完成任务；期望在工作中积累经验，快速成长。,专科 计算机科学与技术 应届 毕业生 爬虫 Redis 课程设计 项目 代码 编写 排查 Python 开发 工程师,简单 爬虫 脚本 开发 爬取 公开 网站 数据 入库 反爬 处理 数据 清洗 SQL ite 存储 日均 采集 数据 万条,学校 计算机 协会 技术部 协会 网站 维护 老师 实验室 设备 管理 系统 环境 搭建 班级 课程设计 小组 后端 开发 角色,应届 基础知识 技术 认真负责,Python MongoDB Docker MySQL Flask 阿里云ACP云计算认证 计算机二级 计算机一级,Python、MongoDB、Docker、MySQL、Flask,阿里云ACP云计算认证、计算机二级、计算机一级
周颖,女,18440139888,zhouying5804@126.com,15262280602,苏州,"期望岗位：Java开发工程师
期望城市：苏州
期望行业：互联网/信息技术/软件服务
期望薪资：7000-7500元",本科软件技术专业应届毕业生，有1段Java开发工程师实习经验，掌握Java技术栈，参与过实习项目开发，具备良好的代码规范与团队协作意识，能够快速上手业务，期望正式入职发展。,"广东技术师范大学 | 软件技术 | 本科
毕业时间：2021年6月
核心课程：数据结构、数字信号处理、算法设计与分析、机器学习","【科创网络科技有限公司】 Java开发工程师（实习）
2025年11月 - 至今
    · 编写开发文档，沉淀技术规范，协助新人熟悉业务
    · 负责公司Java开发工程师相关业务的开发与维护，参与需求评审","■ 学生成绩管理系统（课程设计）
  项目目标：实现学生信息、成绩、班级的增删改查管理
  个人职责：负责后端接口开发与数据库设计
  项目成果：完成基础功能，通过课程答辩

■ 校园二手交易平台（毕设）
  项目目标：搭建校园闲置物品发布与交易平台
  个人职责：负责用户模块、商品发布模块开发
  项目成果：完成系统原型，获得良好成绩","专业技能：微服务、Linux、Docker、JVM调优
相关证书：软考中级、英语四级、英语六级",有实习经验，熟悉开发基本流程，具备基础的项目实践能力；学习能力强，能够快速上手新业务新技术；工作踏实，责任心强，善于沟通协作，能够高效完成分配的工作任务。,本科 软件技术 应届 毕业生 Java 开发 工程师 实习 Java 技术 实习 项目 开发 代码 规范 协作 上手 业务 正式 入职 发展,学生 成绩 管理系统 课程设计 学生 信息 成绩 班级 增删 改查 管理 后端 接口 开发 数据库 功能 答辩 二手交易 平台 毕设 搭建 闲置 物品 发布 交易平台 用户 模块 商品 发布 模块 开发 系统 原型 获得 成绩,科创 网络科技 Java 开发 工程师 实习 至今 编写 开发 文档 沉淀 技术规范 新人 熟悉业务 Java 开发 工程师 业务 开发 维护 需求 评审,实习 开发 基本 流程 项目 实践 上手 业务 技术 责任心 善于 协作 高效 分配,微服务 Linux Docker JVM调优 软考中级 英语四级 英语六级,微服务、Linux、Docker、JVM调优,软考中级、英语四级、英语六级
蔡慧,女,15682413280,caihui413@qq.com,wx_caihui_495,泉州,"期望岗位：Java开发工程师
期望城市：泉州
期望行业：互联网/信息技术/软件服务
期望薪资：面议",5年Java开发工程师从业经验，精通SpringCloud技术架构，主导过中型项目从0到1落地，擅长技术方案设计与性能优化，曾推动核心模块技术重构，带来显著效率提升，具备跨部门协作与项目推进能力。,"暨南大学 | 网络工程 | 本科
毕业时间：2017年6月
核心课程：数据结构、Java程序设计、Python编程、操作系统","【星图信息技术有限公司】 Java开发工程师
2025年1月 - 至今
    · 承担分配模块的编码、测试与优化工作，保障系统稳定运行
    · 负责公司Java开发工程师相关业务的开发与维护，参与需求评审
    · 对接产品、测试团队，跟进需求落地与缺陷修复

【天擎科技有限公司】 Java开发工程师
2024年8月 - 2025年7月
    · 承担分配模块的编码、测试与优化工作，保障系统稳定运行
    · 对接产品、测试团队，跟进需求落地与缺陷修复
    · 负责公司Java开发工程师相关业务的开发与维护，参与需求评审

【科创科技有限公司】 Java开发工程师
2023年3月 - 2024年3月
    · 承担分配模块的编码、测试与优化工作，保障系统稳定运行
    · 编写开发文档，沉淀技术规范，协助新人熟悉业务
    · 负责公司Java开发工程师相关业务的开发与维护，参与需求评审","■ 电商订单交易系统
  项目目标：搭建高可用电商订单系统，支撑大促流量峰值
  个人职责：负责订单创建、支付回调、库存扣减核心逻辑开发
  项目成果：支撑日均订单量10万+，系统可用性达99.95%

■ 微服务用户中心重构
  项目目标：将单体用户系统拆分为微服务架构，提升并发承载能力
  个人职责：负责登录、注册、权限模块开发，优化数据库查询与缓存策略
  项目成果：支持并发量从500提升至5000，接口响应耗时减少60%","专业技能：JVM调优、Linux、MySQL、MyBatis、SpringCloud、Java、RabbitMQ、Git、SpringBoot
相关证书：软件设计师（中级）",拥有5年行业经验，技术视野开阔，具备方案设计与项目把控能力；逻辑清晰，善于定位并解决复杂技术问题；具备良好的团队管理与跨部门沟通能力，能够推动技术优化与业务落地；责任心强，追求技术与业务的平衡发展。,Java 开发 工程师 从业 SpringCloud 技术 架构 主导 中型 项目 落地 擅长 技术 方案设计 性能 推动 核心 模块 技术 重构 带来 显著 效率 跨部门 协作 项目 推进,电商 订单 交易系统 搭建 可用 电商 订单 系统 支撑 大促 流量 峰值 订单 创建 支付 回调 库存 扣减 核心 逻辑 开发 支撑 日均 订单 系统 可用性 微服务 用户 中心 重构 单体 用户 系统 分为 微服务 架构 并发 承载能力 登录 注册 权限 模块 开发 数据库 查询 缓存 策略 并发 接口 响应 耗时 减少,星图 信息技术 Java 开发 工程师 至今 分配 模块 编码 测试 保障系统 稳定 运行 Java 开发 工程师 业务 开发 维护 需求 评审 对接 产品 测试 跟进 需求 落地 缺陷 修复 天擎 科技 Java 开发 工程师 分配 模块 编码 测试 保障系统 稳定 运行 对接 产品 测试 跟进 需求 落地 缺陷 修复 Java 开发 工程师 业务 开发 维护 需求 评审 科创 科技 Java 开发 工程师 分配 模块 编码 测试 保障系统 稳定 运行 编写 开发 文档 沉淀 技术规范 新人 熟悉业务 Java 开发 工程师 业务 开发 维护 需求 评审,技术 视野 开阔 方案设计 项目 逻辑 清晰 善于 定位 复杂 技术 管理 跨部门 推动 技术 业务 落地 责任心 追求 技术 业务 平衡 发展,JVM调优 Linux MySQL MyBatis SpringCloud Java RabbitMQ Git SpringBoot 软件 设计师 中级,JVM调优、Linux、MySQL、MyBatis、SpringCloud、Java、RabbitMQ、Git、SpringBoot,软件设计师（中级）
江静,女,15701246530,jiangjing6279@qq.com,18770707512,福州,"期望岗位：Python开发工程师
期望城市：福州
期望行业：互联网/信息技术/软件服务
期望薪资：10500-11500元",2年Python开发工程师工作经验，精通Docker、爬虫技术栈，参与过完整项目迭代，能够独立完成模块开发与问题排查，注重代码质量与开发效率，具备良好的沟通协作能力。,"南京理工大学 | 计算机应用技术 | 本科
毕业时间：2020年6月
核心课程：数字信号处理、软件工程、计算机网络、算法设计与分析","【用友数据技术有限公司】 Python开发工程师
2025年5月 - 至今
    · 对接产品、测试团队，跟进需求落地与缺陷修复
    · 编写开发文档，沉淀技术规范，协助新人熟悉业务
    · 负责公司Python开发工程师相关业务的开发与维护，参与需求评审

【通元互联网科技有限公司】 Python开发工程师
2024年1月 - 2025年10月
    · 对接产品、测试团队，跟进需求落地与缺陷修复
    · 负责公司Python开发工程师相关业务的开发与维护，参与需求评审","■ 数据采集爬虫系统
  项目目标：搭建分布式爬虫平台，采集多渠道公开数据
  个人职责：负责反爬策略破解、数据清洗、入库逻辑开发
  项目成果：日均采集数据50万条，数据准确率98%以上

■ 自动化运维平台
  项目目标：开发运维管理平台，实现服务器批量管理
  个人职责：负责监控、告警、任务调度模块后端开发
  项目成果：管理服务器200+，运维人力成本降低50%","专业技能：Git、爬虫、Redis、Django、MongoDB、Celery、Flask、Docker、FastAPI、Linux
相关证书：计算机二级、华为HCIA认证、红帽RHCE认证",拥有2年实际工作经验，技术功底扎实，熟悉完整开发流程；具备较强的问题解决能力，能够独立排查并解决常见技术问题；工作认真负责，注重团队协作，能够高效推进项目落地；持续学习，保持技术敏感度。,Python 开发 工程师 Docker 爬虫 技术 完整 项目 迭代 独立 模块 开发 排查 代码 质量 开发 效率 协作,数据 采集 爬虫 系统 搭建 分布式 爬虫 平台 采集 多渠道 公开 数据 反爬 策略 破解 数据 清洗 入库 逻辑 开发 日均 采集 数据 万条 数据 准确率 以上 自动化 运维 平台 开发 运维 管理 平台 服务器 批量 管理 监控 告警 任务调度 模块 后端 开发 管理 服务器 运维 人力 成本 降低,用友 数据 技术 Python 开发 工程师 至今 对接 产品 测试 跟进 需求 落地 缺陷 修复 编写 开发 文档 沉淀 技术规范 新人 熟悉业务 Python 开发 工程师 业务 开发 维护 需求 评审 通元 互联网 科技 Python 开发 工程师 对接 产品 测试 跟进 需求 落地 缺陷 修复 Python 开发 工程师 业务 开发 维护 需求 评审,实际 技术 功底 完整 开发 流程 独立 排查 常见 技术 认真负责 协作 高效 推进 项目 落地 持续 保持 技术 敏感度,Git 爬虫 Redis Django MongoDB Celery Flask Docker FastAPI Linux 计算机二级 华为HCIA认证 红帽RHCE认证,Git、爬虫、Redis、Django、MongoDB、Celery、Flask、Docker、FastAPI、Linux,计算机二级、华为HCIA认证、红帽RHCE认证
江婷,女,13901053521,jiangting993@qq.com,18681103576,杭州,"期望岗位：运维工程师
期望城市：杭州
期望行业：互联网/信息技术/软件服务
期望薪资：27500-30000元",8年运维工程师资深经验，精通全链路技术架构，具备团队技术规划与方案设计能力，主导过多个大型项目重构与升级，在高并发/系统稳定性领域有深厚积累，能够带领团队攻克技术难题，驱动业务技术升级。,"南京理工大学 | 计算机应用技术 | 本科
毕业时间：2014年6月
核心课程：Python编程、操作系统、数据结构、数字信号处理","【信雅网络科技有限公司】 运维工程师
2024年11月 - 至今
    · 负责公司运维工程师相关业务的开发与维护，参与需求评审
    · 承担分配模块的编码、测试与优化工作，保障系统稳定运行
    · 编写开发文档，沉淀技术规范，协助新人熟悉业务

【汇智数据技术有限公司】 运维工程师
2022年5月 - 2024年6月
    · 承担分配模块的编码、测试与优化工作，保障系统稳定运行
    · 负责公司运维工程师相关业务的开发与维护，参与需求评审

【云创科技有限公司】 运维工程师
2020年3月 - 2022年6月
    · 编写开发文档，沉淀技术规范，协助新人熟悉业务
    · 承担分配模块的编码、测试与优化工作，保障系统稳定运行
    · 对接产品、测试团队，跟进需求落地与缺陷修复","■ CI/CD自动化流水线
  项目目标：实现代码自动化构建、测试、部署，提升发布效率
  个人职责：基于Jenkins搭建持续集成流水线，配置Docker容器化部署
  项目成果：发布周期从每周1次提升至每天3次，部署失误率降为0

■ 服务器集群运维优化
  项目目标：提升服务器集群稳定性，降低故障发生率
  个人职责：负责日常巡检、故障排查，优化监控告警规则与分级策略
  项目成果：服务器故障率下降60%，平均故障响应时间缩短至15分钟","专业技能：Nginx、Ansible、MySQL、Zabbix、Docker、Shell、Jenkins、Prometheus、Linux
相关证书：英语四级",拥有8年行业经验，技术视野开阔，具备方案设计与项目把控能力；逻辑清晰，善于定位并解决复杂技术问题；具备良好的团队管理与跨部门沟通能力，能够推动技术优化与业务落地；责任心强，追求技术与业务的平衡发展。,运维 工程师 资深 链路 技术 架构 技术 规划 方案设计 主导 多个 大型项目 重构 升级 并发 系统 稳定性 领域 深厚 带领 攻克 技术难题 驱动 业务 技术升级,CI CD 自动化 流水线 代码 自动化 构建 测试 部署 发布 效率 基于 Jenkins 搭建 持续 集成 流水线 配置 Docker 容器 部署 发布 周期 每周 每天 部署 失误 降为 服务器 集群 运维 服务器 集群 稳定性 降低 故障 发生率 巡检 故障 排查 监控 告警 规则 分级 策略 服务器 故障率 下降 平均 故障 响应 时间 缩短 分钟,信雅 网络科技 运维 工程师 至今 运维 工程师 业务 开发 维护 需求 评审 分配 模块 编码 测试 保障系统 稳定 运行 编写 开发 文档 沉淀 技术规范 新人 熟悉业务 汇智 数据 技术 运维 工程师 分配 模块 编码 测试 保障系统 稳定 运行 运维 工程师 业务 开发 维护 需求 评审 云创 科技 运维 工程师 编写 开发 文档 沉淀 技术规范 新人 熟悉业务 分配 模块 编码 测试 保障系统 稳定 运行 对接 产品 测试 跟进 需求 落地 缺陷 修复,技术 视野 开阔 方案设计 项目 逻辑 清晰 善于 定位 复杂 技术 管理 跨部门 推动 技术 业务 落地 责任心 追求 技术 业务 平衡 发展,Nginx Ansible MySQL Zabbix Docker Shell Jenkins Prometheus Linux 英语四级,Nginx、Ansible、MySQL、Zabbix、Docker、Shell、Jenkins、Prometheus、Linux,英语四级
林妍,女,18838120773,linyan86@126.com,wx_linyan_708,绍兴,"期望岗位：前端开发工程师
期望城市：绍兴
期望行业：互联网/信息技术/软件服务
期望薪资：8500-9500元",1年前端开发工程师工作经验，精通Axios、CSS3技术栈，参与过完整项目迭代，能够独立完成模块开发与问题排查，注重代码质量与开发效率，具备良好的沟通协作能力。,"江西交通职业技术学院 | 通信工程 | 专科
毕业时间：2021年6月
核心课程：数字信号处理、数据结构、操作系统、机器学习","【阿里巴巴（福州分公司）】 前端开发工程师
2025年8月 - 至今
    · 承担分配模块的编码、测试与优化工作，保障系统稳定运行
    · 对接产品、测试团队，跟进需求落地与缺陷修复
    · 编写开发文档，沉淀技术规范，协助新人熟悉业务","■ 电商平台前端重构
  项目目标：升级旧版电商系统前端架构，提升用户体验与加载速度
  个人职责：负责商品详情页、购物车模块开发，组件化封装公共组件
  项目成果：首屏加载时间从3.2s降至1.8s，页面转化率提升12%

■ 企业后台管理系统
  项目目标：搭建企业运营管理后台，实现业务数据可视化
  个人职责：负责权限管理、数据报表模块开发，对接后端接口联调
  项目成果：覆盖12个业务部门，运营效率提升40%","专业技能：Webpack、Vue、JavaScript、React、Axios、Element UI、CSS3、移动端适配、Vite
相关证书：无",拥有1年实际工作经验，技术功底扎实，熟悉完整开发流程；具备较强的问题解决能力，能够独立排查并解决常见技术问题；工作认真负责，注重团队协作，能够高效推进项目落地；持续学习，保持技术敏感度。,前端开发 工程师 Axios CSS3 技术 完整 项目 迭代 独立 模块 开发 排查 代码 质量 开发 效率 协作,电商 平台 前端 重构 升级 旧版 电商 系统 前端 架构 用户 体验 加载 速度 商品 详情页 购物车 模块 开发 组件 封装 公共 组件 首屏 加载 时间 3.2 降至 1.8 页面 转化率 企业 后台 管理系统 搭建 企业 运营 管理 后台 业务 数据可视化 权限 管理 数据报表 模块 开发 对接 后端 接口 联调 覆盖 业务部门 运营 效率,阿里巴巴 福州 分公司 前端开发 工程师 至今 分配 模块 编码 测试 保障系统 稳定 运行 对接 产品 测试 跟进 需求 落地 缺陷 修复 编写 开发 文档 沉淀 技术规范 新人 熟悉业务,实际 技术 功底 完整 开发 流程 独立 排查 常见 技术 认真负责 协作 高效 推进 项目 落地 持续 保持 技术 敏感度,Webpack Vue JavaScript React Axios Element UI CSS3 移动端适配 Vite,Webpack、Vue、JavaScript、React、Axios、Element UI、CSS3、移动端适配、Vite,
吴雨桐,女,17722285458,wu雨tong4184@outlook.com,wx_wu雨tong_490,莆田,"期望岗位：运维工程师
期望城市：莆田
期望行业：互联网/信息技术/软件服务
期望薪资：面议",本科计算机应用技术专业应届毕业生，掌握Kubernetes、Docker基础技能，完成过课程设计与毕业项目，具备基础代码编写能力与问题排查思路，学习能力强，做事认真踏实，期望从事运维工程师相关工作。,"南京理工大学 | 计算机应用技术 | 本科
毕业时间：2022年6月
核心课程：数据库原理、Java程序设计、机器学习、算法设计与分析","【校园实践】
    · 参与学校计算机协会技术部，负责协会网站日常维护
    · 协助老师完成实验室设备管理与系统环境搭建
    · 参与班级课程设计小组，担任后端开发角色","■ 实验室服务器搭建实训
  项目目标：搭建实验室Linux服务器环境
  个人职责：负责系统安装、网络配置、基础服务部署
  项目成果：完成3台服务器环境搭建","专业技能：Redis、Ansible、Docker、Kubernetes、Jenkins
相关证书：英语六级、阿里云ACP云计算认证",应届毕业，具备扎实的专业基础知识与学习能力，能够快速掌握新技术；工作态度认真负责，有耐心，注重细节；具备良好的团队意识与沟通能力，能够积极配合团队完成任务；期望在工作中积累经验，快速成长。,本科 计算机应用技术 应届 毕业生 Kubernetes Docker 课程设计 项目 代码 编写 排查 运维 工程师,实验室 服务器 搭建 实训 搭建 实验室 Linux 服务器 环境 系统 安装 网络 配置 服务 部署 服务器 环境 搭建,学校 计算机 协会 技术部 协会 网站 维护 老师 实验室 设备 管理 系统 环境 搭建 班级 课程设计 小组 后端 开发 角色,应届 基础知识 技术 认真负责,Redis Ansible Docker Kubernetes Jenkins 英语六级 阿里云ACP云计算认证,Redis、Ansible、Docker、Kubernetes、Jenkins,英语六级、阿里云ACP云计算认证
张悦,女,18819513863,zhangyue534@outlook.com,wx_zhangyue_342,扬州,"期望岗位：软件测试工程师
期望城市：扬州
期望行业：互联网/信息技术/软件服务
期望薪资：14500-18000元",3年软件测试工程师从业经验，精通接口测试技术架构，主导过中型项目从0到1落地，擅长技术方案设计与性能优化，曾推动核心模块技术重构，带来显著效率提升，具备跨部门协作与项目推进能力。,"南京理工大学 | 信息管理与信息系统 | 本科
毕业时间：2019年6月
核心课程：数据库原理、机器学习、Java程序设计、数字信号处理","【星图信息技术有限公司】 软件测试工程师
2025年5月 - 至今
    · 对接产品、测试团队，跟进需求落地与缺陷修复
    · 编写开发文档，沉淀技术规范，协助新人熟悉业务

【安硕软件有限公司】 软件测试工程师
2024年2月 - 2025年8月
    · 承担分配模块的编码、测试与优化工作，保障系统稳定运行
    · 负责公司软件测试工程师相关业务的开发与维护，参与需求评审
    · 对接产品、测试团队，跟进需求落地与缺陷修复","■ 电商平台功能测试
  项目目标：保障电商系统上线质量，覆盖全业务流程
  个人职责：设计测试用例，执行功能、回归测试，提交缺陷报告
  项目成果：发现并修复120+缺陷，上线后线上缺陷率低于0.5%

■ 自动化测试框架搭建
  项目目标：提升回归测试效率，减少人工重复劳动
  个人职责：基于Selenium搭建UI自动化框架，编写核心模块测试脚本
  项目成果：回归测试周期从7天缩短至2天，覆盖率达85%","专业技能：功能测试、TestNG、缺陷管理、Appium、MySQL、接口测试
相关证书：软考中级",拥有3年行业经验，技术视野开阔，具备方案设计与项目把控能力；逻辑清晰，善于定位并解决复杂技术问题；具备良好的团队管理与跨部门沟通能力，能够推动技术优化与业务落地；责任心强，追求技术与业务的平衡发展。,软件测试 工程师 从业 接口测试 技术 架构 主导 中型 项目 落地 擅长 技术 方案设计 性能 推动 核心 模块 技术 重构 带来 显著 效率 跨部门 协作 项目 推进,电商 平台 功能测试 保障 电商 系统 上线 质量 覆盖 业务流程 测试用例 执行 功能 回归 测试 提交 缺陷 报告 发现 修复 缺陷 上线 后线 缺陷率 低于 自动化 测试 框架 搭建 回归 测试 效率 减少 人工 重复劳动 基于 Selenium 搭建 UI 自动化 框架 编写 核心 模块 测试 脚本 回归 测试 周期 缩短 覆盖率,星图 信息技术 软件测试 工程师 至今 对接 产品 测试 跟进 需求 落地 缺陷 修复 编写 开发 文档 沉淀 技术规范 新人 熟悉业务 安硕 软件 软件测试 工程师 分配 模块 编码 测试 保障系统 稳定 运行 软件测试 工程师 业务 开发 维护 需求 评审 对接 产品 测试 跟进 需求 落地 缺陷 修复,技术 视野 开阔 方案设计 项目 逻辑 清晰 善于 定位 复杂 技术 管理 跨部门 推动 技术 业务 落地 责任心 追求 技术 业务 平衡 发展,功能测试 TestNG 缺陷管理 Appium MySQL 接口测试 软考中级,功能测试、TestNG、缺陷管理、Appium、MySQL、接口测试,软考中级
杜慧,女,15338607173,duhui0946@gmail.com,13818599921,南通,"期望岗位：软件测试工程师
期望城市：南通
期望行业：互联网/信息技术/软件服务
期望薪资：4500-6000元",本科软件工程专业应届毕业生，掌握缺陷管理、MySQL基础技能，完成过课程设计与毕业项目，具备基础代码编写能力与问题排查思路，学习能力强，做事认真踏实，期望从事软件测试工程师相关工作。,"浙江大学 | 软件工程 | 本科
毕业时间：2022年6月
核心课程：算法设计与分析、数据库原理、操作系统、Java程序设计","【校园实践】
    · 参与学校计算机协会技术部，负责协会网站日常维护
    · 协助老师完成实验室设备管理与系统环境搭建
    · 参与班级课程设计小组，担任后端开发角色","■ 学生管理系统功能测试
  项目目标：对课程设计系统进行功能测试与缺陷提交
  个人职责：设计测试用例，执行黑盒测试
  项目成果：发现并提交8个功能缺陷","专业技能：功能测试、Selenium、Python、TestNG、测试用例设计
相关证书：英语六级",应届毕业，具备扎实的专业基础知识与学习能力，能够快速掌握新技术；工作态度认真负责，有耐心，注重细节；具备良好的团队意识与沟通能力，能够积极配合团队完成任务；期望在工作中积累经验，快速成长。,本科 软件工程 应届 毕业生 缺陷管理 MySQL 课程设计 项目 代码 编写 排查 软件测试 工程师,学生 管理系统 功能测试 课程设计 系统 功能测试 缺陷 提交 测试用例 执行 黑盒 测试 发现 提交 功能 缺陷,学校 计算机 协会 技术部 协会 网站 维护 老师 实验室 设备 管理 系统 环境 搭建 班级 课程设计 小组 后端 开发 角色,应届 基础知识 技术 认真负责,功能测试 Selenium Python TestNG 测试用例设计 英语六级,功能测试、Selenium、Python、TestNG、测试用例设计,英语六级
卢建,男,18273945412,lujian775@qq.com,wx_lujian_781,龙岩,"期望岗位：后端开发工程师
期望城市：龙岩
期望行业：互联网/信息技术/软件服务
期望薪资：5500-6000元",专科信息管理与信息系统专业应届毕业生，掌握Redis、K8s基础技能，完成过课程设计与毕业项目，具备基础代码编写能力与问题排查思路，学习能力强，做事认真踏实，期望从事后端开发工程师相关工作。,"厦门海洋职业技术学院 | 信息管理与信息系统 | 专科
毕业时间：2022年6月
核心课程：数字信号处理、计算机网络、机器学习、算法设计与分析","【校园实践】
    · 参与学校计算机协会技术部，负责协会网站日常维护
    · 协助老师完成实验室设备管理与系统环境搭建
    · 参与班级课程设计小组，担任后端开发角色","■ 图书管理系统后端
  项目目标：实现图书借阅、归还、用户管理功能
  个人职责：负责接口开发与数据库表结构设计
  项目成果：完成核心功能，支持1000条数据量","专业技能：MySQL、Python、Docker、K8s
相关证书：英语六级",应届毕业，具备扎实的专业基础知识与学习能力，能够快速掌握新技术；工作态度认真负责，有耐心，注重细节；具备良好的团队意识与沟通能力，能够积极配合团队完成任务；期望在工作中积累经验，快速成长。,专科 信息管理与信息系统 应届 毕业生 Redis K8s 课程设计 项目 代码 编写 排查 后端 开发 工程师,图书 管理系统 后端 图书 借阅 归还 用户 管理 功能 接口 开发 数据库 结构设计 核心 功能 数据量,学校 计算机 协会 技术部 协会 网站 维护 老师 实验室 设备 管理 系统 环境 搭建 班级 课程设计 小组 后端 开发 角色,应届 基础知识 技术 认真负责,MySQL Python Docker K8s 英语六级,MySQL、Python、Docker、K8s,英语六级
叶恒,男,15864920495,yeheng0791@gmail.com,wx_yeheng_331,合肥,"期望岗位：后端开发工程师
期望城市：合肥
期望行业：互联网/信息技术/软件服务
期望薪资：面议",3年后端开发工程师工作经验，精通K8s、PostgreSQL技术栈，参与过完整项目迭代，能够独立完成模块开发与问题排查，注重代码质量与开发效率，具备良好的沟通协作能力。,"南昌大学 | 通信工程 | 本科
毕业时间：2019年6月
核心课程：机器学习、数据库原理、数字信号处理、计算机网络","【启明软件有限公司】 后端开发工程师
2025年12月 - 至今
    · 负责公司后端开发工程师相关业务的开发与维护，参与需求评审
    · 对接产品、测试团队，跟进需求落地与缺陷修复
    · 编写开发文档，沉淀技术规范，协助新人熟悉业务

【安硕网络科技有限公司】 后端开发工程师
2024年12月 - 2025年8月
    · 对接产品、测试团队，跟进需求落地与缺陷修复
    · 编写开发文档，沉淀技术规范，协助新人熟悉业务
    · 负责公司后端开发工程师相关业务的开发与维护，参与需求评审","■ 即时通讯服务开发
  项目目标：实现企业内部IM系统后端消息推送与存储
  个人职责：负责消息队列、离线消息、会话管理模块开发
  项目成果：支持万人同时在线，消息送达延迟低于100ms

■ 内容管理系统后端
  项目目标：搭建CMS系统后端服务，支持多站点内容发布
  个人职责：负责文章、栏目、权限模块接口开发，设计数据库表结构
  项目成果：支撑8个站点同时运营，内容发布效率提升3倍","专业技能：PostgreSQL、Python、微服务、Java、Gin、Go
相关证书：无",拥有3年实际工作经验，技术功底扎实，熟悉完整开发流程；具备较强的问题解决能力，能够独立排查并解决常见技术问题；工作认真负责，注重团队协作，能够高效推进项目落地；持续学习，保持技术敏感度。,年后 开发 工程师 K8s PostgreSQL 技术 完整 项目 迭代 独立 模块 开发 排查 代码 质量 开发 效率 协作,即时通讯 服务 开发 企业 内部 IM 系统 后端 消息 推送 存储 消息 队列 离线 消息 会话 管理 模块 开发 万人 同时在线 消息 送达 延迟 低于 100ms 管理系统 后端 搭建 CMS 系统 后端 服务 站点 发布 文章 栏目 权限 模块接口 开发 数据库 结构 支撑 站点 运营 发布 效率,启明 软件 后端 开发 工程师 至今 后端 开发 工程师 业务 开发 维护 需求 评审 对接 产品 测试 跟进 需求 落地 缺陷 修复 编写 开发 文档 沉淀 技术规范 新人 熟悉业务 安硕 网络科技 后端 开发 工程师 对接 产品 测试 跟进 需求 落地 缺陷 修复 编写 开发 文档 沉淀 技术规范 新人 熟悉业务 后端 开发 工程师 业务 开发 维护 需求 评审,实际 技术 功底 完整 开发 流程 独立 排查 常见 技术 认真负责 协作 高效 推进 项目 落地 持续 保持 技术 敏感度,PostgreSQL Python 微服务 Java Gin Go,PostgreSQL、Python、微服务、Java、Gin、Go,
莫军,男,17786456895,mojun266@qq.com,wx_mojun_626,滁州,"期望岗位：运维工程师
期望城市：滁州
期望行业：互联网/信息技术/软件服务
期望薪资：面议",专科软件技术专业应届毕业生，掌握网络运维、Redis基础技能，完成过课程设计与毕业项目，具备基础代码编写能力与问题排查思路，学习能力强，做事认真踏实，期望从事运维工程师相关工作。,"福州职业技术学院 | 软件技术 | 专科
毕业时间：2022年6月
核心课程：数字信号处理、数据结构、软件工程、操作系统","【校园实践】
    · 参与学校计算机协会技术部，负责协会网站日常维护
    · 协助老师完成实验室设备管理与系统环境搭建
    · 参与班级课程设计小组，担任后端开发角色","■ 简单监控脚本开发
  项目目标：编写服务器状态监控脚本
  个人职责：实现CPU、内存、磁盘使用率自动采集
  项目成果：支持异常邮件告警","专业技能：Zabbix、Jenkins、Prometheus、Linux、网络运维
相关证书：英语四级",应届毕业，具备扎实的专业基础知识与学习能力，能够快速掌握新技术；工作态度认真负责，有耐心，注重细节；具备良好的团队意识与沟通能力，能够积极配合团队完成任务；期望在工作中积累经验，快速成长。,专科 软件技术 应届 毕业生 网络运维 Redis 课程设计 项目 代码 编写 排查 运维 工程师,简单 监控 脚本 开发 编写 服务器 状态 监控 脚本 CPU 内存 磁盘 使用率 自动 采集 异常 邮件 告警,学校 计算机 协会 技术部 协会 网站 维护 老师 实验室 设备 管理 系统 环境 搭建 班级 课程设计 小组 后端 开发 角色,应届 基础知识 技术 认真负责,Zabbix Jenkins Prometheus Linux 网络运维 英语四级,Zabbix、Jenkins、Prometheus、Linux、网络运维,英语四级
姜华,男,13890673736,jianghua72@163.com,wx_jianghua_901,宁德,"期望岗位：数据分析师
期望城市：宁德
期望行业：互联网/信息技术/软件服务
期望薪资：9000-10500元",2年数据分析师工作经验，精通Tableau、Excel技术栈，参与过完整项目迭代，能够独立完成模块开发与问题排查，注重代码质量与开发效率，具备良好的沟通协作能力。,"泉州师范学院 | 通信工程 | 本科
毕业时间：2020年6月
核心课程：操作系统、软件工程、数据结构、Python编程","【中软信息技术有限公司】 数据分析师
2025年10月 - 至今
    · 负责公司数据分析师相关业务的开发与维护，参与需求评审
    · 编写开发文档，沉淀技术规范，协助新人熟悉业务
    · 对接产品、测试团队，跟进需求落地与缺陷修复

【星图互联网科技有限公司】 数据分析师
2024年12月 - 2025年7月
    · 对接产品、测试团队，跟进需求落地与缺陷修复
    · 编写开发文档，沉淀技术规范，协助新人熟悉业务
    · 承担分配模块的编码、测试与优化工作，保障系统稳定运行","■ 销售数据预测建模
  项目目标：基于历史数据预测销量，指导库存与备货
  个人职责：数据预处理，构建时间序列预测模型，输出月度预测报告
  项目成果：预测准确率达89%，库存周转效率提升25%

■ 用户行为分析看板
  项目目标：构建用户行为数据体系，支撑运营决策
  个人职责：负责数据清洗、指标体系搭建，输出可视化运营报表
  项目成果：输出15+核心运营指标，支撑每月3次运营优化，用户留存率提升8%","专业技能：Tableau、SQL、Python、Excel、Power BI、Hive、Pandas、数据可视化、用户分析
相关证书：无",拥有2年实际工作经验，技术功底扎实，熟悉完整开发流程；具备较强的问题解决能力，能够独立排查并解决常见技术问题；工作认真负责，注重团队协作，能够高效推进项目落地；持续学习，保持技术敏感度。,数据 分析师 Tableau Excel 技术 完整 项目 迭代 独立 模块 开发 排查 代码 质量 开发 效率 协作,销售 数据 预测 建模 基于 历史数据 预测 销量 指导 库存 备货 数据 预处理 构建 时间 序列 预测 模型 月度 预测 报告 预测 准确率 库存 周转 效率 用户 行为 分析 看板 构建 用户 行为 数据 体系 支撑 运营 决策 数据 清洗 指标体系 搭建 可视化 运营 报表 核心 运营 指标 支撑 每月 运营 用户 留存,中软 信息技术 数据 分析师 至今 数据 分析师 业务 开发 维护 需求 评审 编写 开发 文档 沉淀 技术规范 新人 熟悉业务 对接 产品 测试 跟进 需求 落地 缺陷 修复 星图 互联网 科技 数据 分析师 对接 产品 测试 跟进 需求 落地 缺陷 修复 编写 开发 文档 沉淀 技术规范 新人 熟悉业务 分配 模块 编码 测试 保障系统 稳定 运行,实际 技术 功底 完整 开发 流程 独立 排查 常见 技术 认真负责 协作 高效 推进 项目 落地 持续 保持 技术 敏感度,Tableau SQL Python Excel Power BI Hive Pandas 数据可视化 用户分析,Tableau、SQL、Python、Excel、Power BI、Hive、Pandas、数据可视化、用户分析,
黄彬,男,13626663661,huangbin577@outlook.com,15871772340,阜阳,"期望岗位：Java开发工程师
期望城市：阜阳
期望行业：互联网/信息技术/软件服务
期望薪资：7500-10500元",2年Java开发工程师工作经验，精通RabbitMQ、MyBatis技术栈，参与过完整项目迭代，能够独立完成模块开发与问题排查，注重代码质量与开发效率，具备良好的沟通协作能力。,"浙江万里学院 | 数据科学与大数据技术 | 本科
毕业时间：2020年6月
核心课程：操作系统、Java程序设计、机器学习、数据库原理","【小米（南京分公司）】 Java开发工程师
2025年5月 - 至今
    · 负责公司Java开发工程师相关业务的开发与维护，参与需求评审
    · 对接产品、测试团队，跟进需求落地与缺陷修复
    · 承担分配模块的编码、测试与优化工作，保障系统稳定运行

【金蝶科技有限公司】 Java开发工程师
2024年7月 - 2025年11月
    · 负责公司Java开发工程师相关业务的开发与维护，参与需求评审
    · 编写开发文档，沉淀技术规范，协助新人熟悉业务
    · 对接产品、测试团队，跟进需求落地与缺陷修复","■ 电商订单交易系统
  项目目标：搭建高可用电商订单系统，支撑大促流量峰值
  个人职责：负责订单创建、支付回调、库存扣减核心逻辑开发
  项目成果：支撑日均订单量10万+，系统可用性达99.95%

■ 微服务用户中心重构
  项目目标：将单体用户系统拆分为微服务架构，提升并发承载能力
  个人职责：负责登录、注册、权限模块开发，优化数据库查询与缓存策略
  项目成果：支持并发量从500提升至5000，接口响应耗时减少60%","专业技能：JVM调优、Redis、MySQL、SpringBoot、RabbitMQ、Docker、SpringCloud
相关证书：软考中级",拥有2年实际工作经验，技术功底扎实，熟悉完整开发流程；具备较强的问题解决能力，能够独立排查并解决常见技术问题；工作认真负责，注重团队协作，能够高效推进项目落地；持续学习，保持技术敏感度。,Java 开发 工程师 RabbitMQ MyBatis 技术 完整 项目 迭代 独立 模块 开发 排查 代码 质量 开发 效率 协作,电商 订单 交易系统 搭建 可用 电商 订单 系统 支撑 大促 流量 峰值 订单 创建 支付 回调 库存 扣减 核心 逻辑 开发 支撑 日均 订单 系统 可用性 微服务 用户 中心 重构 单体 用户 系统 分为 微服务 架构 并发 承载能力 登录 注册 权限 模块 开发 数据库 查询 缓存 策略 并发 接口 响应 耗时 减少,小米 南京 分公司 Java 开发 工程师 至今 Java 开发 工程师 业务 开发 维护 需求 评审 对接 产品 测试 跟进 需求 落地 缺陷 修复 分配 模块 编码 测试 保障系统 稳定 运行 金蝶 科技 Java 开发 工程师 Java 开发 工程师 业务 开发 维护 需求 评审 编写 开发 文档 沉淀 技术规范 新人 熟悉业务 对接 产品 测试 跟进 需求 落地 缺陷 修复,实际 技术 功底 完整 开发 流程 独立 排查 常见 技术 认真负责 协作 高效 推进 项目 落地 持续 保持 技术 敏感度,JVM调优 Redis MySQL SpringBoot RabbitMQ Docker SpringCloud 软考中级,JVM调优、Redis、MySQL、SpringBoot、RabbitMQ、Docker、SpringCloud,软考中级
陶琳,女,18576136408,taolin7209@163.com,wx_taolin_945,杭州,"期望岗位：运维工程师
期望城市：杭州
期望行业：互联网/信息技术/软件服务
期望薪资：7000-7500元",本科通信工程专业应届毕业生，有0段运维工程师实习经验，掌握Kubernetes技术栈，参与过实习项目开发，具备良好的代码规范与团队协作意识，能够快速上手业务，期望正式入职发展。,"佛山科学技术学院 | 通信工程 | 本科
毕业时间：2022年6月
核心课程：计算机网络、软件工程、Java程序设计、数据结构","【携程（厦门）】 运维工程师（实习）
2019年1月 - 至今
    · 承担分配模块的编码、测试与优化工作，保障系统稳定运行
    · 对接产品、测试团队，跟进需求落地与缺陷修复
    · 负责公司运维工程师相关业务的开发与维护，参与需求评审","■ 简单监控脚本开发
  项目目标：编写服务器状态监控脚本
  个人职责：实现CPU、内存、磁盘使用率自动采集
  项目成果：支持异常邮件告警

■ 实验室服务器搭建实训
  项目目标：搭建实验室Linux服务器环境
  个人职责：负责系统安装、网络配置、基础服务部署
  项目成果：完成3台服务器环境搭建","专业技能：Kubernetes、Zabbix、Linux、Nginx
相关证书：计算机一级、软件设计师（中级）、英语六级",有实习经验，熟悉开发基本流程，具备基础的项目实践能力；学习能力强，能够快速上手新业务新技术；工作踏实，责任心强，善于沟通协作，能够高效完成分配的工作任务。,本科 通信工程 应届 毕业生 运维 工程师 实习 Kubernetes 技术 实习 项目 开发 代码 规范 协作 上手 业务 正式 入职 发展,简单 监控 脚本 开发 编写 服务器 状态 监控 脚本 CPU 内存 磁盘 使用率 自动 采集 异常 邮件 告警 实验室 服务器 搭建 实训 搭建 实验室 Linux 服务器 环境 系统 安装 网络 配置 服务 部署 服务器 环境 搭建,携程 厦门 运维 工程师 实习 至今 分配 模块 编码 测试 保障系统 稳定 运行 对接 产品 测试 跟进 需求 落地 缺陷 修复 运维 工程师 业务 开发 维护 需求 评审,实习 开发 基本 流程 项目 实践 上手 业务 技术 责任心 善于 协作 高效 分配,Kubernetes Zabbix Linux Nginx 计算机一级 软件 设计师 中级 英语六级,Kubernetes、Zabbix、Linux、Nginx,计算机一级、软件设计师（中级）、英语六级
任健,男,13089203614,renjian53@163.com,wx_renjian_265,温州,"期望岗位：算法工程师
期望城市：温州
期望行业：互联网/信息技术/软件服务
期望薪资：面议",4年算法工程师从业经验，精通深度学习技术架构，主导过中型项目从0到1落地，擅长技术方案设计与性能优化，曾推动核心模块技术重构，带来显著效率提升，具备跨部门协作与项目推进能力。,"浙江工业大学 | 通信工程 | 本科
毕业时间：2018年6月
核心课程：数据结构、数字信号处理、Java程序设计、Python编程","【数聚软件有限公司】 算法工程师
2024年3月 - 至今
    · 编写开发文档，沉淀技术规范，协助新人熟悉业务
    · 负责公司算法工程师相关业务的开发与维护，参与需求评审
    · 承担分配模块的编码、测试与优化工作，保障系统稳定运行

【云创数据技术有限公司】 算法工程师
2022年12月 - 2024年7月
    · 承担分配模块的编码、测试与优化工作，保障系统稳定运行
    · 对接产品、测试团队，跟进需求落地与缺陷修复","■ 个性化推荐系统
  项目目标：提升内容推荐精准度，增加用户停留时长
  个人职责：负责协同过滤、深度学习推荐模型开发与离线优化
  项目成果：用户平均停留时长提升25%，点击率提升15%

■ 风控欺诈识别模型
  项目目标：识别交易欺诈行为，降低资金损失风险
  个人职责：特征工程，构建XGBoost风控模型，在线部署与迭代
  项目成果：欺诈识别准确率达92%，每年减少损失超200万","专业技能：PyTorch、计算机视觉、Python、推荐算法、数据结构、TensorFlow、SQL、深度学习、机器学习
相关证书：系统架构设计师、计算机一级",拥有4年行业经验，技术视野开阔，具备方案设计与项目把控能力；逻辑清晰，善于定位并解决复杂技术问题；具备良好的团队管理与跨部门沟通能力，能够推动技术优化与业务落地；责任心强，追求技术与业务的平衡发展。,算法 工程师 从业 深度学习 技术 架构 主导 中型 项目 落地 擅长 技术 方案设计 性能 推动 核心 模块 技术 重构 带来 显著 效率 跨部门 协作 项目 推进,个性化 推荐 系统 推荐 精准度 增加 用户 停留 时长 协同 过滤 深度学习 推荐 模型 开发 离线 用户 平均 停留 时长 点击率 风控 欺诈 识别 模型 识别 交易 欺诈 行为 降低 资金 损失 风险 特征工程 构建 XGBoost 风控 模型 在线 部署 迭代 欺诈 识别 准确率 每年 减少 损失,数聚 软件 算法 工程师 至今 编写 开发 文档 沉淀 技术规范 新人 熟悉业务 算法 工程师 业务 开发 维护 需求 评审 分配 模块 编码 测试 保障系统 稳定 运行 云创 数据 技术 算法 工程师 分配 模块 编码 测试 保障系统 稳定 运行 对接 产品 测试 跟进 需求 落地 缺陷 修复,技术 视野 开阔 方案设计 项目 逻辑 清晰 善于 定位 复杂 技术 管理 跨部门 推动 技术 业务 落地 责任心 追求 技术 业务 平衡 发展,PyTorch 计算机视觉 Python 推荐算法 数据结构 TensorFlow SQL 深度学习 机器学习 系统架构设计师 计算机一级,PyTorch、计算机视觉、Python、推荐算法、数据结构、TensorFlow、SQL、深度学习、机器学习,系统架构设计师、计算机一级
韩博文,男,15907515336,hanbowen8422@qq.com,18355088841,南京,"期望岗位：软件测试工程师
期望城市：南京
期望行业：互联网/信息技术/软件服务
期望薪资：16000-19000元",3年软件测试工程师从业经验，精通TestNG技术架构，主导过中型项目从0到1落地，擅长技术方案设计与性能优化，曾推动核心模块技术重构，带来显著效率提升，具备跨部门协作与项目推进能力。,"厦门大学 | 物联网工程 | 本科
毕业时间：2019年6月
核心课程：数据结构、操作系统、机器学习、Java程序设计","【易联科技有限公司】 软件测试工程师
2025年11月 - 至今
    · 编写开发文档，沉淀技术规范，协助新人熟悉业务
    · 对接产品、测试团队，跟进需求落地与缺陷修复
    · 负责公司软件测试工程师相关业务的开发与维护，参与需求评审

【云创软件有限公司】 软件测试工程师
2024年1月 - 2025年10月
    · 负责公司软件测试工程师相关业务的开发与维护，参与需求评审
    · 承担分配模块的编码、测试与优化工作，保障系统稳定运行","■ 电商平台功能测试
  项目目标：保障电商系统上线质量，覆盖全业务流程
  个人职责：设计测试用例，执行功能、回归测试，提交缺陷报告
  项目成果：发现并修复120+缺陷，上线后线上缺陷率低于0.5%

■ 自动化测试框架搭建
  项目目标：提升回归测试效率，减少人工重复劳动
  个人职责：基于Selenium搭建UI自动化框架，编写核心模块测试脚本
  项目成果：回归测试周期从7天缩短至2天，覆盖率达85%","专业技能：接口测试、TestNG、性能测试、Python、功能测试、测试用例设计、缺陷管理
相关证书：无",拥有3年行业经验，技术视野开阔，具备方案设计与项目把控能力；逻辑清晰，善于定位并解决复杂技术问题；具备良好的团队管理与跨部门沟通能力，能够推动技术优化与业务落地；责任心强，追求技术与业务的平衡发展。,软件测试 工程师 从业 TestNG 技术 架构 主导 中型 项目 落地 擅长 技术 方案设计 性能 推动 核心 模块 技术 重构 带来 显著 效率 跨部门 协作 项目 推进,电商 平台 功能测试 保障 电商 系统 上线 质量 覆盖 业务流程 测试用例 执行 功能 回归 测试 提交 缺陷 报告 发现 修复 缺陷 上线 后线 缺陷率 低于 自动化 测试 框架 搭建 回归 测试 效率 减少 人工 重复劳动 基于 Selenium 搭建 UI 自动化 框架 编写 核心 模块 测试 脚本 回归 测试 周期 缩短 覆盖率,易联 科技 软件测试 工程师 至今 编写 开发 文档 沉淀 技术规范 新人 熟悉业务 对接 产品 测试 跟进 需求 落地 缺陷 修复 软件测试 工程师 业务 开发 维护 需求 评审 云创 软件 软件测试 工程师 软件测试 工程师 业务 开发 维护 需求 评审 分配 模块 编码 测试 保障系统 稳定 运行,技术 视野 开阔 方案设计 项目 逻辑 清晰 善于 定位 复杂 技术 管理 跨部门 推动 技术 业务 落地 责任心 追求 技术 业务 平衡 发展,接口测试 TestNG 性能测试 Python 功能测试 测试用例设计 缺陷管理,接口测试、TestNG、性能测试、Python、功能测试、测试用例设计、缺陷管理,
熊彬,男,15936783959,xiongbin653@163.com,wx_xiongbin_332,南通,"期望岗位：Python开发工程师
期望城市：南通
期望行业：互联网/信息技术/软件服务
期望薪资：面议",专科通信工程专业应届毕业生，掌握Flask、Flask基础技能，完成过课程设计与毕业项目，具备基础代码编写能力与问题排查思路，学习能力强，做事认真踏实，期望从事Python开发工程师相关工作。,"福州职业技术学院 | 通信工程 | 专科
毕业时间：2022年6月
核心课程：Python编程、数字信号处理、数据库原理、算法设计与分析","【校园实践】
    · 参与学校计算机协会技术部，负责协会网站日常维护
    · 协助老师完成实验室设备管理与系统环境搭建
    · 参与班级课程设计小组，担任后端开发角色","■ 简单爬虫脚本开发
  项目目标：爬取公开网站数据并入库
  个人职责：负责反爬处理、数据清洗、SQLite存储
  项目成果：日均采集数据1万条","专业技能：Git、MongoDB、Flask、Celery
相关证书：无",应届毕业，具备扎实的专业基础知识与学习能力，能够快速掌握新技术；工作态度认真负责，有耐心，注重细节；具备良好的团队意识与沟通能力，能够积极配合团队完成任务；期望在工作中积累经验，快速成长。,专科 通信工程 应届 毕业生 Flask Flask 课程设计 项目 代码 编写 排查 Python 开发 工程师,简单 爬虫 脚本 开发 爬取 公开 网站 数据 入库 反爬 处理 数据 清洗 SQL ite 存储 日均 采集 数据 万条,学校 计算机 协会 技术部 协会 网站 维护 老师 实验室 设备 管理 系统 环境 搭建 班级 课程设计 小组 后端 开发 角色,应届 基础知识 技术 认真负责,Git MongoDB Flask Celery,Git、MongoDB、Flask、Celery,
侯博,男,18967798650,houbo274@163.com,wx_houbo_954,苏州,"期望岗位：软件测试工程师
期望城市：苏州
期望行业：互联网/信息技术/软件服务
期望薪资：7000-11000元",1年软件测试工程师工作经验，精通MySQL、Postman技术栈，参与过完整项目迭代，能够独立完成模块开发与问题排查，注重代码质量与开发效率，具备良好的沟通协作能力。,"浙江大学 | 通信工程 | 本科
毕业时间：2021年6月
核心课程：算法设计与分析、Java程序设计、Python编程、数字信号处理","【用友软件有限公司】 软件测试工程师
2025年11月 - 至今
    · 承担分配模块的编码、测试与优化工作，保障系统稳定运行
    · 对接产品、测试团队，跟进需求落地与缺陷修复","■ 电商平台功能测试
  项目目标：保障电商系统上线质量，覆盖全业务流程
  个人职责：设计测试用例，执行功能、回归测试，提交缺陷报告
  项目成果：发现并修复120+缺陷，上线后线上缺陷率低于0.5%

■ 自动化测试框架搭建
  项目目标：提升回归测试效率，减少人工重复劳动
  个人职责：基于Selenium搭建UI自动化框架，编写核心模块测试脚本
  项目成果：回归测试周期从7天缩短至2天，覆盖率达85%","专业技能：功能测试、Python、缺陷管理、Appium、测试用例设计、JMeter、MySQL、Postman、性能测试、TestNG
相关证书：无",拥有1年实际工作经验，技术功底扎实，熟悉完整开发流程；具备较强的问题解决能力，能够独立排查并解决常见技术问题；工作认真负责，注重团队协作，能够高效推进项目落地；持续学习，保持技术敏感度。,软件测试 工程师 MySQL Postman 技术 完整 项目 迭代 独立 模块 开发 排查 代码 质量 开发 效率 协作,电商 平台 功能测试 保障 电商 系统 上线 质量 覆盖 业务流程 测试用例 执行 功能 回归 测试 提交 缺陷 报告 发现 修复 缺陷 上线 后线 缺陷率 低于 自动化 测试 框架 搭建 回归 测试 效率 减少 人工 重复劳动 基于 Selenium 搭建 UI 自动化 框架 编写 核心 模块 测试 脚本 回归 测试 周期 缩短 覆盖率,用友 软件 软件测试 工程师 至今 分配 模块 编码 测试 保障系统 稳定 运行 对接 产品 测试 跟进 需求 落地 缺陷 修复,实际 技术 功底 完整 开发 流程 独立 排查 常见 技术 认真负责 协作 高效 推进 项目 落地 持续 保持 技术 敏感度,功能测试 Python 缺陷管理 Appium 测试用例设计 JMeter MySQL Postman 性能测试 TestNG,功能测试、Python、缺陷管理、Appium、测试用例设计、JMeter、MySQL、Postman、性能测试、TestNG,
黎雨桐,女,13026001155,li雨tong90@126.com,18295687128,滁州,"期望岗位：软件测试工程师
期望城市：滁州
期望行业：互联网/信息技术/软件服务
期望薪资：11000-18500元",5年软件测试工程师从业经验，精通JMeter技术架构，主导过中型项目从0到1落地，擅长技术方案设计与性能优化，曾推动核心模块技术重构，带来显著效率提升，具备跨部门协作与项目推进能力。,"集美大学 | 网络工程 | 本科
毕业时间：2017年6月
核心课程：计算机网络、操作系统、Python编程、数字信号处理","【云创科技有限公司】 软件测试工程师
2025年1月 - 至今
    · 编写开发文档，沉淀技术规范，协助新人熟悉业务
    · 对接产品、测试团队，跟进需求落地与缺陷修复
    · 承担分配模块的编码、测试与优化工作，保障系统稳定运行

【汇智互联网科技有限公司】 软件测试工程师
2024年4月 - 2025年4月
    · 负责公司软件测试工程师相关业务的开发与维护，参与需求评审
    · 对接产品、测试团队，跟进需求落地与缺陷修复
    · 承担分配模块的编码、测试与优化工作，保障系统稳定运行

【智联科技有限公司】 软件测试工程师
2023年3月 - 2024年5月
    · 对接产品、测试团队，跟进需求落地与缺陷修复
    · 承担分配模块的编码、测试与优化工作，保障系统稳定运行
    · 编写开发文档，沉淀技术规范，协助新人熟悉业务","■ 电商平台功能测试
  项目目标：保障电商系统上线质量，覆盖全业务流程
  个人职责：设计测试用例，执行功能、回归测试，提交缺陷报告
  项目成果：发现并修复120+缺陷，上线后线上缺陷率低于0.5%

■ 自动化测试框架搭建
  项目目标：提升回归测试效率，减少人工重复劳动
  个人职责：基于Selenium搭建UI自动化框架，编写核心模块测试脚本
  项目成果：回归测试周期从7天缩短至2天，覆盖率达85%","专业技能：TestNG、MySQL、Postman、测试用例设计、Python、缺陷管理
相关证书：无",拥有5年行业经验，技术视野开阔，具备方案设计与项目把控能力；逻辑清晰，善于定位并解决复杂技术问题；具备良好的团队管理与跨部门沟通能力，能够推动技术优化与业务落地；责任心强，追求技术与业务的平衡发展。,软件测试 工程师 从业 JMeter 技术 架构 主导 中型 项目 落地 擅长 技术 方案设计 性能 推动 核心 模块 技术 重构 带来 显著 效率 跨部门 协作 项目 推进,电商 平台 功能测试 保障 电商 系统 上线 质量 覆盖 业务流程 测试用例 执行 功能 回归 测试 提交 缺陷 报告 发现 修复 缺陷 上线 后线 缺陷率 低于 自动化 测试 框架 搭建 回归 测试 效率 减少 人工 重复劳动 基于 Selenium 搭建 UI 自动化 框架 编写 核心 模块 测试 脚本 回归 测试 周期 缩短 覆盖率,云创 科技 软件测试 工程师 至今 编写 开发 文档 沉淀 技术规范 新人 熟悉业务 对接 产品 测试 跟进 需求 落地 缺陷 修复 分配 模块 编码 测试 保障系统 稳定 运行 汇智 互联网 科技 软件测试 工程师 软件测试 工程师 业务 开发 维护 需求 评审 对接 产品 测试 跟进 需求 落地 缺陷 修复 分配 模块 编码 测试 保障系统 稳定 运行 智联 科技 软件测试 工程师 对接 产品 测试 跟进 需求 落地 缺陷 修复 分配 模块 编码 测试 保障系统 稳定 运行 编写 开发 文档 沉淀 技术规范 新人 熟悉业务,技术 视野 开阔 方案设计 项目 逻辑 清晰 善于 定位 复杂 技术 管理 跨部门 推动 技术 业务 落地 责任心 追求 技术 业务 平衡 发展,TestNG MySQL Postman 测试用例设计 Python 缺陷管理,TestNG、MySQL、Postman、测试用例设计、Python、缺陷管理,
梁婷,女,18998703480,liangting8055@163.com,wx_liangting_428,漳州,"期望岗位：Python开发工程师
期望城市：漳州
期望行业：互联网/信息技术/软件服务
期望薪资：16000-17000元",4年Python开发工程师从业经验，精通MySQL技术架构，主导过中型项目从0到1落地，擅长技术方案设计与性能优化，曾推动核心模块技术重构，带来显著效率提升，具备跨部门协作与项目推进能力。,"中山大学 | 计算机科学与技术 | 本科
毕业时间：2018年6月
核心课程：操作系统、软件工程、机器学习、数字信号处理","【吉比特网络】 Python开发工程师
2024年3月 - 至今
    · 负责公司Python开发工程师相关业务的开发与维护，参与需求评审
    · 编写开发文档，沉淀技术规范，协助新人熟悉业务
    · 承担分配模块的编码、测试与优化工作，保障系统稳定运行

【新科软件有限公司】 Python开发工程师
2022年2月 - 2024年12月
    · 对接产品、测试团队，跟进需求落地与缺陷修复
    · 承担分配模块的编码、测试与优化工作，保障系统稳定运行","■ 数据采集爬虫系统
  项目目标：搭建分布式爬虫平台，采集多渠道公开数据
  个人职责：负责反爬策略破解、数据清洗、入库逻辑开发
  项目成果：日均采集数据50万条，数据准确率98%以上

■ 自动化运维平台
  项目目标：开发运维管理平台，实现服务器批量管理
  个人职责：负责监控、告警、任务调度模块后端开发
  项目成果：管理服务器200+，运维人力成本降低50%","专业技能：Redis、Linux、Django、Flask、FastAPI、Git、MySQL、Celery、爬虫、MongoDB
相关证书：英语六级",拥有4年行业经验，技术视野开阔，具备方案设计与项目把控能力；逻辑清晰，善于定位并解决复杂技术问题；具备良好的团队管理与跨部门沟通能力，能够推动技术优化与业务落地；责任心强，追求技术与业务的平衡发展。,Python 开发 工程师 从业 MySQL 技术 架构 主导 中型 项目 落地 擅长 技术 方案设计 性能 推动 核心 模块 技术 重构 带来 显著 效率 跨部门 协作 项目 推进,数据 采集 爬虫 系统 搭建 分布式 爬虫 平台 采集 多渠道 公开 数据 反爬 策略 破解 数据 清洗 入库 逻辑 开发 日均 采集 数据 万条 数据 准确率 以上 自动化 运维 平台 开发 运维 管理 平台 服务器 批量 管理 监控 告警 任务调度 模块 后端 开发 管理 服务器 运维 人力 成本 降低,比特 网络 Python 开发 工程师 至今 Python 开发 工程师 业务 开发 维护 需求 评审 编写 开发 文档 沉淀 技术规范 新人 熟悉业务 分配 模块 编码 测试 保障系统 稳定 运行 新科 软件 Python 开发 工程师 对接 产品 测试 跟进 需求 落地 缺陷 修复 分配 模块 编码 测试 保障系统 稳定 运行,技术 视野 开阔 方案设计 项目 逻辑 清晰 善于 定位 复杂 技术 管理 跨部门 推动 技术 业务 落地 责任心 追求 技术 业务 平衡 发展,Redis Linux Django Flask FastAPI Git MySQL Celery 爬虫 MongoDB 英语六级,Redis、Linux、Django、Flask、FastAPI、Git、MySQL、Celery、爬虫、MongoDB,英语六级
金涛,男,13768020787,jintao439@outlook.com,13198277594,宁德,"期望岗位：Java开发工程师
期望城市：宁德
期望行业：互联网/信息技术/软件服务
期望薪资：5000-5500元",本科物联网工程专业应届毕业生，掌握Git、Git基础技能，完成过课程设计与毕业项目，具备基础代码编写能力与问题排查思路，学习能力强，做事认真踏实，期望从事Java开发工程师相关工作。,"苏州科技大学 | 物联网工程 | 本科
毕业时间：2022年6月
核心课程：数据结构、算法设计与分析、机器学习、Java程序设计","【校园实践】
    · 参与学校计算机协会技术部，负责协会网站日常维护
    · 协助老师完成实验室设备管理与系统环境搭建
    · 参与班级课程设计小组，担任后端开发角色","■ 校园二手交易平台（毕设）
  项目目标：搭建校园闲置物品发布与交易平台
  个人职责：负责用户模块、商品发布模块开发
  项目成果：完成系统原型，获得良好成绩","专业技能：JVM调优、微服务、MySQL、SpringBoot、Java、MyBatis、Redis
相关证书：英语四级",应届毕业，具备扎实的专业基础知识与学习能力，能够快速掌握新技术；工作态度认真负责，有耐心，注重细节；具备良好的团队意识与沟通能力，能够积极配合团队完成任务；期望在工作中积累经验，快速成长。,本科 物联网工程 应届 毕业生 Git Git 课程设计 项目 代码 编写 排查 Java 开发 工程师,二手交易 平台 毕设 搭建 闲置 物品 发布 交易平台 用户 模块 商品 发布 模块 开发 系统 原型 获得 成绩,学校 计算机 协会 技术部 协会 网站 维护 老师 实验室 设备 管理 系统 环境 搭建 班级 课程设计 小组 后端 开发 角色,应届 基础知识 技术 认真负责,JVM调优 微服务 MySQL SpringBoot Java MyBatis Redis 英语四级,JVM调优、微服务、MySQL、SpringBoot、Java、MyBatis、Redis,英语四级
胡勇,男,15591239391,huyong8887@126.com,13961787967,厦门,"期望岗位：前端开发工程师
期望城市：厦门
期望行业：互联网/信息技术/软件服务
期望薪资：7500-8000元",1年前端开发工程师工作经验，精通JavaScript、Element UI技术栈，参与过完整项目迭代，能够独立完成模块开发与问题排查，注重代码质量与开发效率，具备良好的沟通协作能力。,"苏州科技大学 | 计算机科学与技术 | 本科
毕业时间：2021年6月
核心课程：Java程序设计、Python编程、操作系统、算法设计与分析","【携程（厦门）】 前端开发工程师
2025年1月 - 至今
    · 负责公司前端开发工程师相关业务的开发与维护，参与需求评审
    · 对接产品、测试团队，跟进需求落地与缺陷修复","■ 企业后台管理系统
  项目目标：搭建企业运营管理后台，实现业务数据可视化
  个人职责：负责权限管理、数据报表模块开发，对接后端接口联调
  项目成果：覆盖12个业务部门，运营效率提升40%

■ 电商平台前端重构
  项目目标：升级旧版电商系统前端架构，提升用户体验与加载速度
  个人职责：负责商品详情页、购物车模块开发，组件化封装公共组件
  项目成果：首屏加载时间从3.2s降至1.8s，页面转化率提升12%","专业技能：Vue、React、移动端适配、TypeScript、JavaScript、Webpack、Vite、Axios
相关证书：英语四级",拥有1年实际工作经验，技术功底扎实，熟悉完整开发流程；具备较强的问题解决能力，能够独立排查并解决常见技术问题；工作认真负责，注重团队协作，能够高效推进项目落地；持续学习，保持技术敏感度。,前端开发 工程师 JavaScript Element UI 技术 完整 项目 迭代 独立 模块 开发 排查 代码 质量 开发 效率 协作,企业 后台 管理系统 搭建 企业 运营 管理 后台 业务 数据可视化 权限 管理 数据报表 模块 开发 对接 后端 接口 联调 覆盖 业务部门 运营 效率 电商 平台 前端 重构 升级 旧版 电商 系统 前端 架构 用户 体验 加载 速度 商品 详情页 购物车 模块 开发 组件 封装 公共 组件 首屏 加载 时间 3.2 降至 1.8 页面 转化率,携程 厦门 前端开发 工程师 至今 前端开发 工程师 业务 开发 维护 需求 评审 对接 产品 测试 跟进 需求 落地 缺陷 修复,实际 技术 功底 完整 开发 流程 独立 排查 常见 技术 认真负责 协作 高效 推进 项目 落地 持续 保持 技术 敏感度,Vue React 移动端适配 TypeScript JavaScript Webpack Vite Axios 英语四级,Vue、React、移动端适配、TypeScript、JavaScript、Webpack、Vite、Axios,英语四级
贺杰,男,13061364799,hejie48@qq.com,wx_hejie_331,龙岩,"期望岗位：后端开发工程师
期望城市：龙岩
期望行业：互联网/信息技术/软件服务
期望薪资：面议",本科数学与应用数学专业应届毕业生，有1段后端开发工程师实习经验，掌握MySQL技术栈，参与过实习项目开发，具备良好的代码规范与团队协作意识，能够快速上手业务，期望正式入职发展。,"东莞理工学院 | 数学与应用数学 | 本科
毕业时间：2021年6月
核心课程：计算机网络、算法设计与分析、数据库原理、Java程序设计","【美图公司】 后端开发工程师（实习）
2025年1月 - 至今
    · 编写开发文档，沉淀技术规范，协助新人熟悉业务
    · 对接产品、测试团队，跟进需求落地与缺陷修复
    · 负责公司后端开发工程师相关业务的开发与维护，参与需求评审","■ 简单论坛系统
  项目目标：实现帖子发布、回复、板块管理
  个人职责：负责后端服务开发与接口文档编写
  项目成果：支持百人同时在线访问

■ 图书管理系统后端
  项目目标：实现图书借阅、归还、用户管理功能
  个人职责：负责接口开发与数据库表结构设计
  项目成果：完成核心功能，支持1000条数据量","专业技能：Python、微服务、PostgreSQL、MySQL、Redis、Gin、K8s
相关证书：无",有实习经验，熟悉开发基本流程，具备基础的项目实践能力；学习能力强，能够快速上手新业务新技术；工作踏实，责任心强，善于沟通协作，能够高效完成分配的工作任务。,本科 数学与应用数学 应届 毕业生 后端 开发 工程师 实习 MySQL 技术 实习 项目 开发 代码 规范 协作 上手 业务 正式 入职 发展,简单 论坛 系统 帖子 发布 回复 板块 管理 后端 服务 开发 接口 文档 编写 百人 同时在线 访问 图书 管理系统 后端 图书 借阅 归还 用户 管理 功能 接口 开发 数据库 结构设计 核心 功能 数据量,美图 后端 开发 工程师 实习 至今 编写 开发 文档 沉淀 技术规范 新人 熟悉业务 对接 产品 测试 跟进 需求 落地 缺陷 修复 后端 开发 工程师 业务 开发 维护 需求 评审,实习 开发 基本 流程 项目 实践 上手 业务 技术 责任心 善于 协作 高效 分配,Python 微服务 PostgreSQL MySQL Redis Gin K8s,Python、微服务、PostgreSQL、MySQL、Redis、Gin、K8s,
侯琳,女,18479096534,houlin2870@126.com,wx_houlin_782,厦门,"期望岗位：前端开发工程师
期望城市：厦门
期望行业：互联网/信息技术/软件服务
期望薪资：面议",本科通信工程专业应届毕业生，掌握Vue、Axios基础技能，完成过课程设计与毕业项目，具备基础代码编写能力与问题排查思路，学习能力强，做事认真踏实，期望从事前端开发工程师相关工作。,"东南大学 | 通信工程 | 本科
毕业时间：2022年6月
核心课程：算法设计与分析、计算机网络、机器学习、数据结构","【校园实践】
    · 参与学校计算机协会技术部，负责协会网站日常维护
    · 协助老师完成实验室设备管理与系统环境搭建
    · 参与班级课程设计小组，担任后端开发角色","■ 校园社团官网（实训项目）
  项目目标：为学校社团开发官方展示网站
  个人职责：负责首页、新闻页、成员页开发
  项目成果：上线后访问量累计5000+","专业技能：HTML5、TypeScript、Vue、Axios、Ant Design、Vite、JavaScript
相关证书：英语四级",应届毕业，具备扎实的专业基础知识与学习能力，能够快速掌握新技术；工作态度认真负责，有耐心，注重细节；具备良好的团队意识与沟通能力，能够积极配合团队完成任务；期望在工作中积累经验，快速成长。,本科 通信工程 应届 毕业生 Vue Axios 课程设计 项目 代码 编写 排查 前端开发 工程师,社团 官网 实训 项目 学校 社团 开发 官方 展示 网站 首页 新闻页 成员 开发 上线 访问量 累计,学校 计算机 协会 技术部 协会 网站 维护 老师 实验室 设备 管理 系统 环境 搭建 班级 课程设计 小组 后端 开发 角色,应届 基础知识 技术 认真负责,HTML5 TypeScript Vue Axios Ant Design Vite JavaScript 英语四级,HTML5、TypeScript、Vue、Axios、Ant Design、Vite、JavaScript,英语四级
孟梓涵,女,15248785934,meng梓han168@126.com,13154744265,安庆,"期望岗位：前端开发工程师
期望城市：安庆
期望行业：互联网/信息技术/软件服务
期望薪资：6500-10500元",3年前端开发工程师工作经验，精通Axios、React技术栈，参与过完整项目迭代，能够独立完成模块开发与问题排查，注重代码质量与开发效率，具备良好的沟通协作能力。,"苏州职业大学 | 电子信息工程 | 专科
毕业时间：2019年6月
核心课程：计算机网络、Python编程、操作系统、数据库原理","【网易（杭州）】 前端开发工程师
2025年7月 - 至今
    · 编写开发文档，沉淀技术规范，协助新人熟悉业务
    · 承担分配模块的编码、测试与优化工作，保障系统稳定运行

【金蝶科技有限公司】 前端开发工程师
2024年12月 - 2025年4月
    · 对接产品、测试团队，跟进需求落地与缺陷修复
    · 编写开发文档，沉淀技术规范，协助新人熟悉业务","■ 企业后台管理系统
  项目目标：搭建企业运营管理后台，实现业务数据可视化
  个人职责：负责权限管理、数据报表模块开发，对接后端接口联调
  项目成果：覆盖12个业务部门，运营效率提升40%

■ 电商平台前端重构
  项目目标：升级旧版电商系统前端架构，提升用户体验与加载速度
  个人职责：负责商品详情页、购物车模块开发，组件化封装公共组件
  项目成果：首屏加载时间从3.2s降至1.8s，页面转化率提升12%","专业技能：Element UI、Axios、CSS3、React、HTML5、Vue、Vite、JavaScript、Ant Design、移动端适配
相关证书：PMP项目管理专业人士、红帽RHCE认证",拥有3年实际工作经验，技术功底扎实，熟悉完整开发流程；具备较强的问题解决能力，能够独立排查并解决常见技术问题；工作认真负责，注重团队协作，能够高效推进项目落地；持续学习，保持技术敏感度。,前端开发 工程师 Axios React 技术 完整 项目 迭代 独立 模块 开发 排查 代码 质量 开发 效率 协作,企业 后台 管理系统 搭建 企业 运营 管理 后台 业务 数据可视化 权限 管理 数据报表 模块 开发 对接 后端 接口 联调 覆盖 业务部门 运营 效率 电商 平台 前端 重构 升级 旧版 电商 系统 前端 架构 用户 体验 加载 速度 商品 详情页 购物车 模块 开发 组件 封装 公共 组件 首屏 加载 时间 3.2 降至 1.8 页面 转化率,网易 杭州 前端开发 工程师 至今 编写 开发 文档 沉淀 技术规范 新人 熟悉业务 分配 模块 编码 测试 保障系统 稳定 运行 金蝶 科技 前端开发 工程师 对接 产品 测试 跟进 需求 落地 缺陷 修复 编写 开发 文档 沉淀 技术规范 新人 熟悉业务,实际 技术 功底 完整 开发 流程 独立 排查 常见 技术 认真负责 协作 高效 推进 项目 落地 持续 保持 技术 敏感度,Element UI Axios CSS3 React HTML5 Vue Vite JavaScript Ant Design 移动端适配 PMP项目管理专业人士 红帽RHCE认证,Element UI、Axios、CSS3、React、HTML5、Vue、Vite、JavaScript、Ant Design、移动端适配,PMP项目管理专业人士、红帽RHCE认证
姜洋,男,18414926357,jiangyang36@126.com,15955853844,温州,"期望岗位：前端开发工程师
期望城市：温州
期望行业：互联网/信息技术/软件服务
期望薪资：9000-10000元",2年前端开发工程师工作经验，精通Vue、Element UI技术栈，参与过完整项目迭代，能够独立完成模块开发与问题排查，注重代码质量与开发效率，具备良好的沟通协作能力。,"南京理工大学 | 计算机科学与技术 | 本科
毕业时间：2020年6月
核心课程：计算机网络、数据结构、算法设计与分析、数据库原理","【通元网络科技有限公司】 前端开发工程师
2025年12月 - 至今
    · 对接产品、测试团队，跟进需求落地与缺陷修复
    · 负责公司前端开发工程师相关业务的开发与维护，参与需求评审

【博思科技有限公司】 前端开发工程师
2024年1月 - 2025年11月
    · 对接产品、测试团队，跟进需求落地与缺陷修复
    · 负责公司前端开发工程师相关业务的开发与维护，参与需求评审
    · 编写开发文档，沉淀技术规范，协助新人熟悉业务","■ 电商平台前端重构
  项目目标：升级旧版电商系统前端架构，提升用户体验与加载速度
  个人职责：负责商品详情页、购物车模块开发，组件化封装公共组件
  项目成果：首屏加载时间从3.2s降至1.8s，页面转化率提升12%

■ 企业后台管理系统
  项目目标：搭建企业运营管理后台，实现业务数据可视化
  个人职责：负责权限管理、数据报表模块开发，对接后端接口联调
  项目成果：覆盖12个业务部门，运营效率提升40%","专业技能：CSS3、Vite、Ant Design、Vue、移动端适配、HTML5、TypeScript、JavaScript
相关证书：阿里云ACP云计算认证、软件设计师（中级）",拥有2年实际工作经验，技术功底扎实，熟悉完整开发流程；具备较强的问题解决能力，能够独立排查并解决常见技术问题；工作认真负责，注重团队协作，能够高效推进项目落地；持续学习，保持技术敏感度。,前端开发 工程师 Vue Element UI 技术 完整 项目 迭代 独立 模块 开发 排查 代码 质量 开发 效率 协作,电商 平台 前端 重构 升级 旧版 电商 系统 前端 架构 用户 体验 加载 速度 商品 详情页 购物车 模块 开发 组件 封装 公共 组件 首屏 加载 时间 3.2 降至 1.8 页面 转化率 企业 后台 管理系统 搭建 企业 运营 管理 后台 业务 数据可视化 权限 管理 数据报表 模块 开发 对接 后端 接口 联调 覆盖 业务部门 运营 效率,通元 网络科技 前端开发 工程师 至今 对接 产品 测试 跟进 需求 落地 缺陷 修复 前端开发 工程师 业务 开发 维护 需求 评审 博思 科技 前端开发 工程师 对接 产品 测试 跟进 需求 落地 缺陷 修复 前端开发 工程师 业务 开发 维护 需求 评审 编写 开发 文档 沉淀 技术规范 新人 熟悉业务,实际 技术 功底 完整 开发 流程 独立 排查 常见 技术 认真负责 协作 高效 推进 项目 落地 持续 保持 技术 敏感度,CSS3 Vite Ant Design Vue 移动端适配 HTML5 TypeScript JavaScript 阿里云ACP云计算认证 软件 设计师 中级,CSS3、Vite、Ant Design、Vue、移动端适配、HTML5、TypeScript、JavaScript,阿里云ACP云计算认证、软件设计师（中级）
毛茜,女,13631939568,maoxi51@163.com,wx_maoxi_642,苏州,"期望岗位：数据分析师
期望城市：苏州
期望行业：互联网/信息技术/软件服务
期望薪资：5000-5500元",专科信息管理与信息系统专业应届毕业生，掌握SQL、Excel基础技能，完成过课程设计与毕业项目，具备基础代码编写能力与问题排查思路，学习能力强，做事认真踏实，期望从事数据分析师相关工作。,"南京工业职业技术大学 | 信息管理与信息系统 | 专科
毕业时间：2022年6月
核心课程：计算机网络、机器学习、算法设计与分析、软件工程","【校园实践】
    · 参与学校计算机协会技术部，负责协会网站日常维护
    · 协助老师完成实验室设备管理与系统环境搭建
    · 参与班级课程设计小组，担任后端开发角色","■ 电商公开数据爬取分析
  项目目标：采集公开电商商品数据并分析
  个人职责：数据爬取、清洗、价格销量分析
  项目成果：输出可视化分析图表","专业技能：Python、Tableau、用户分析、SQL、Power BI
相关证书：无",应届毕业，具备扎实的专业基础知识与学习能力，能够快速掌握新技术；工作态度认真负责，有耐心，注重细节；具备良好的团队意识与沟通能力，能够积极配合团队完成任务；期望在工作中积累经验，快速成长。,专科 信息管理与信息系统 应届 毕业生 SQL Excel 课程设计 项目 代码 编写 排查 数据 分析师,电商 公开 数据 爬取 分析 采集 公开 电商 商品 数据 分析 数据 爬取 清洗 价格 销量 分析 可视化 分析 图表,学校 计算机 协会 技术部 协会 网站 维护 老师 实验室 设备 管理 系统 环境 搭建 班级 课程设计 小组 后端 开发 角色,应届 基础知识 技术 认真负责,Python Tableau 用户分析 SQL Power BI,Python、Tableau、用户分析、SQL、Power BI,
武思琪,女,13897792551,wusiqi1581@outlook.com,15305853147,南京,"期望岗位：数据分析师
期望城市：南京
期望行业：互联网/信息技术/软件服务
期望薪资：面议",专科数学与应用数学专业应届毕业生，掌握Hive、Tableau基础技能，完成过课程设计与毕业项目，具备基础代码编写能力与问题排查思路，学习能力强，做事认真踏实，期望从事数据分析师相关工作。,"厦门海洋职业技术学院 | 数学与应用数学 | 专科
毕业时间：2022年6月
核心课程：数据结构、数据库原理、数字信号处理、软件工程","【校园实践】
    · 参与学校计算机协会技术部，负责协会网站日常维护
    · 协助老师完成实验室设备管理与系统环境搭建
    · 参与班级课程设计小组，担任后端开发角色","■ 学生成绩数据分析
  项目目标：对班级期末成绩进行统计分析
  个人职责：数据清洗、可视化图表制作、结论输出
  项目成果：输出分析报告，提出3点教学建议","专业技能：Pandas、用户分析、SQL、MySQL、Hive、Excel、Python
相关证书：无",应届毕业，具备扎实的专业基础知识与学习能力，能够快速掌握新技术；工作态度认真负责，有耐心，注重细节；具备良好的团队意识与沟通能力，能够积极配合团队完成任务；期望在工作中积累经验，快速成长。,专科 数学与应用数学 应届 毕业生 Hive Tableau 课程设计 项目 代码 编写 排查 数据 分析师,学生 成绩 数据分析 班级 期末 成绩 统计分析 数据 清洗 可视化 图表 制作 结论 分析报告 提出 教学 建议,学校 计算机 协会 技术部 协会 网站 维护 老师 实验室 设备 管理 系统 环境 搭建 班级 课程设计 小组 后端 开发 角色,应届 基础知识 技术 认真负责,Pandas 用户分析 SQL MySQL Hive Excel Python,Pandas、用户分析、SQL、MySQL、Hive、Excel、Python,
何慧,女,13329372703,hehui37@outlook.com,13057627290,泉州,"期望岗位：运维工程师
期望城市：泉州
期望行业：互联网/信息技术/软件服务
期望薪资：19500-20000元",4年运维工程师从业经验，精通Docker技术架构，主导过中型项目从0到1落地，擅长技术方案设计与性能优化，曾推动核心模块技术重构，带来显著效率提升，具备跨部门协作与项目推进能力。,"福建船政交通职业学院 | 通信工程 | 专科
毕业时间：2018年6月
核心课程：数字信号处理、Python编程、操作系统、Java程序设计","【卓望网络科技有限公司】 运维工程师
2024年10月 - 至今
    · 对接产品、测试团队，跟进需求落地与缺陷修复
    · 承担分配模块的编码、测试与优化工作，保障系统稳定运行
    · 编写开发文档，沉淀技术规范，协助新人熟悉业务

【智联信息技术有限公司】 运维工程师
2022年12月 - 2024年6月
    · 编写开发文档，沉淀技术规范，协助新人熟悉业务
    · 承担分配模块的编码、测试与优化工作，保障系统稳定运行
    · 对接产品、测试团队，跟进需求落地与缺陷修复","■ CI/CD自动化流水线
  项目目标：实现代码自动化构建、测试、部署，提升发布效率
  个人职责：基于Jenkins搭建持续集成流水线，配置Docker容器化部署
  项目成果：发布周期从每周1次提升至每天3次，部署失误率降为0

■ 服务器集群运维优化
  项目目标：提升服务器集群稳定性，降低故障发生率
  个人职责：负责日常巡检、故障排查，优化监控告警规则与分级策略
  项目成果：服务器故障率下降60%，平均故障响应时间缩短至15分钟","专业技能：Kubernetes、网络运维、MySQL、Nginx、Zabbix、Prometheus
相关证书：PMP项目管理专业人士",拥有4年行业经验，技术视野开阔，具备方案设计与项目把控能力；逻辑清晰，善于定位并解决复杂技术问题；具备良好的团队管理与跨部门沟通能力，能够推动技术优化与业务落地；责任心强，追求技术与业务的平衡发展。,运维 工程师 从业 Docker 技术 架构 主导 中型 项目 落地 擅长 技术 方案设计 性能 推动 核心 模块 技术 重构 带来 显著 效率 跨部门 协作 项目 推进,CI CD 自动化 流水线 代码 自动化 构建 测试 部署 发布 效率 基于 Jenkins 搭建 持续 集成 流水线 配置 Docker 容器 部署 发布 周期 每周 每天 部署 失误 降为 服务器 集群 运维 服务器 集群 稳定性 降低 故障 发生率 巡检 故障 排查 监控 告警 规则 分级 策略 服务器 故障率 下降 平均 故障 响应 时间 缩短 分钟,卓望 网络科技 运维 工程师 至今 对接 产品 测试 跟进 需求 落地 缺陷 修复 分配 模块 编码 测试 保障系统 稳定 运行 编写 开发 文档 沉淀 技术规范 新人 熟悉业务 智联 信息技术 运维 工程师 编写 开发 文档 沉淀 技术规范 新人 熟悉业务 分配 模块 编码 测试 保障系统 稳定 运行 对接 产品 测试 跟进 需求 落地 缺陷 修复,技术 视野 开阔 方案设计 项目 逻辑 清晰 善于 定位 复杂 技术 管理 跨部门 推动 技术 业务 落地 责任心 追求 技术 业务 平衡 发展,Kubernetes 网络运维 MySQL Nginx Zabbix Prometheus PMP项目管理专业人士,Kubernetes、网络运维、MySQL、Nginx、Zabbix、Prometheus,PMP项目管理专业人士
郭宇泽,男,18790574935,guoyuze19@qq.com,wx_guoyuze_154,合肥,"期望岗位：数据分析师
期望城市：合肥
期望行业：互联网/信息技术/软件服务
期望薪资：7500-8000元",3年数据分析师工作经验，精通Pandas、Pandas技术栈，参与过完整项目迭代，能够独立完成模块开发与问题排查，注重代码质量与开发效率，具备良好的沟通协作能力。,"浙江工业大学 | 电子信息工程 | 本科
毕业时间：2019年6月
核心课程：机器学习、计算机网络、Java程序设计、操作系统","【用友科技有限公司】 数据分析师
2025年8月 - 至今
    · 对接产品、测试团队，跟进需求落地与缺陷修复
    · 负责公司数据分析师相关业务的开发与维护，参与需求评审

【科创科技有限公司】 数据分析师
2024年12月 - 2025年7月
    · 对接产品、测试团队，跟进需求落地与缺陷修复
    · 编写开发文档，沉淀技术规范，协助新人熟悉业务
    · 负责公司数据分析师相关业务的开发与维护，参与需求评审","■ 销售数据预测建模
  项目目标：基于历史数据预测销量，指导库存与备货
  个人职责：数据预处理，构建时间序列预测模型，输出月度预测报告
  项目成果：预测准确率达89%，库存周转效率提升25%

■ 用户行为分析看板
  项目目标：构建用户行为数据体系，支撑运营决策
  个人职责：负责数据清洗、指标体系搭建，输出可视化运营报表
  项目成果：输出15+核心运营指标，支撑每月3次运营优化，用户留存率提升8%","专业技能：Hive、Power BI、数据可视化、用户分析、Tableau、Excel、Python、统计学
相关证书：软考中级",拥有3年实际工作经验，技术功底扎实，熟悉完整开发流程；具备较强的问题解决能力，能够独立排查并解决常见技术问题；工作认真负责，注重团队协作，能够高效推进项目落地；持续学习，保持技术敏感度。,数据 分析师 Pandas Pandas 技术 完整 项目 迭代 独立 模块 开发 排查 代码 质量 开发 效率 协作,销售 数据 预测 建模 基于 历史数据 预测 销量 指导 库存 备货 数据 预处理 构建 时间 序列 预测 模型 月度 预测 报告 预测 准确率 库存 周转 效率 用户 行为 分析 看板 构建 用户 行为 数据 体系 支撑 运营 决策 数据 清洗 指标体系 搭建 可视化 运营 报表 核心 运营 指标 支撑 每月 运营 用户 留存,用友 科技 数据 分析师 至今 对接 产品 测试 跟进 需求 落地 缺陷 修复 数据 分析师 业务 开发 维护 需求 评审 科创 科技 数据 分析师 对接 产品 测试 跟进 需求 落地 缺陷 修复 编写 开发 文档 沉淀 技术规范 新人 熟悉业务 数据 分析师 业务 开发 维护 需求 评审,实际 技术 功底 完整 开发 流程 独立 排查 常见 技术 认真负责 协作 高效 推进 项目 落地 持续 保持 技术 敏感度,Hive Power BI 数据可视化 用户分析 Tableau Excel Python 统计学 软考中级,Hive、Power BI、数据可视化、用户分析、Tableau、Excel、Python、统计学,软考中级
范鹏,男,13385072473,fanpeng34@gmail.com,18394401670,绍兴,"期望岗位：Python开发工程师
期望城市：绍兴
期望行业：互联网/信息技术/软件服务
期望薪资：4500-5500元",专科信息管理与信息系统专业应届毕业生，掌握Python、MySQL基础技能，完成过课程设计与毕业项目，具备基础代码编写能力与问题排查思路，学习能力强，做事认真踏实，期望从事Python开发工程师相关工作。,"福州职业技术学院 | 信息管理与信息系统 | 专科
毕业时间：2022年6月
核心课程：数字信号处理、Java程序设计、数据结构、机器学习","【校园实践】
    · 参与学校计算机协会技术部，负责协会网站日常维护
    · 协助老师完成实验室设备管理与系统环境搭建
    · 参与班级课程设计小组，担任后端开发角色","■ 自动化办公脚本
  项目目标：批量处理Excel表格数据
  个人职责：实现数据合并、格式转换、自动统计
  项目成果：提升人工效率80%","专业技能：Redis、Docker、Django、FastAPI、MySQL、MongoDB
相关证书：无",应届毕业，具备扎实的专业基础知识与学习能力，能够快速掌握新技术；工作态度认真负责，有耐心，注重细节；具备良好的团队意识与沟通能力，能够积极配合团队完成任务；期望在工作中积累经验，快速成长。,专科 信息管理与信息系统 应届 毕业生 Python MySQL 课程设计 项目 代码 编写 排查 Python 开发 工程师,自动化 办公 脚本 批量 处理 Excel 表格 数据 数据 合并 格式 转换 自动 统计 人工效率,学校 计算机 协会 技术部 协会 网站 维护 老师 实验室 设备 管理 系统 环境 搭建 班级 课程设计 小组 后端 开发 角色,应届 基础知识 技术 认真负责,Redis Docker Django FastAPI MySQL MongoDB,Redis、Docker、Django、FastAPI、MySQL、MongoDB,
周强,男,13655144473,zhouqiang70@qq.com,wx_zhouqiang_164,杭州,"期望岗位：Java开发工程师
期望城市：杭州
期望行业：互联网/信息技术/软件服务
期望薪资：3000-5500元",专科软件技术专业应届毕业生，掌握Redis、Linux基础技能，完成过课程设计与毕业项目，具备基础代码编写能力与问题排查思路，学习能力强，做事认真踏实，期望从事Java开发工程师相关工作。,"福州职业技术学院 | 软件技术 | 专科
毕业时间：2022年6月
核心课程：数据结构、软件工程、操作系统、Python编程","【校园实践】
    · 参与学校计算机协会技术部，负责协会网站日常维护
    · 协助老师完成实验室设备管理与系统环境搭建
    · 参与班级课程设计小组，担任后端开发角色","■ 学生成绩管理系统（课程设计）
  项目目标：实现学生信息、成绩、班级的增删改查管理
  个人职责：负责后端接口开发与数据库设计
  项目成果：完成基础功能，通过课程答辩","专业技能：Linux、Docker、Java、微服务
相关证书：计算机二级、英语六级",应届毕业，具备扎实的专业基础知识与学习能力，能够快速掌握新技术；工作态度认真负责，有耐心，注重细节；具备良好的团队意识与沟通能力，能够积极配合团队完成任务；期望在工作中积累经验，快速成长。,专科 软件技术 应届 毕业生 Redis Linux 课程设计 项目 代码 编写 排查 Java 开发 工程师,学生 成绩 管理系统 课程设计 学生 信息 成绩 班级 增删 改查 管理 后端 接口 开发 数据库 功能 答辩,学校 计算机 协会 技术部 协会 网站 维护 老师 实验室 设备 管理 系统 环境 搭建 班级 课程设计 小组 后端 开发 角色,应届 基础知识 技术 认真负责,Linux Docker Java 微服务 计算机二级 英语六级,Linux、Docker、Java、微服务,计算机二级、英语六级
汪梓涵,女,18098413983,wang梓han48@126.com,wx_wang梓han_971,宁波,"期望岗位：算法工程师
期望城市：宁波
期望行业：互联网/信息技术/软件服务
期望薪资：29000-32000元",10年算法工程师资深经验，精通全链路技术架构，具备团队技术规划与方案设计能力，主导过多个大型项目重构与升级，在高并发/系统稳定性领域有深厚积累，能够带领团队攻克技术难题，驱动业务技术升级。,"暨南大学 | 计算机应用技术 | 本科
毕业时间：2012年6月
核心课程：操作系统、Java程序设计、数字信号处理、Python编程","【新科信息技术有限公司】 算法工程师
2023年11月 - 至今
    · 对接产品、测试团队，跟进需求落地与缺陷修复
    · 承担分配模块的编码、测试与优化工作，保障系统稳定运行
    · 编写开发文档，沉淀技术规范，协助新人熟悉业务

【云创信息技术有限公司】 算法工程师
2020年11月 - 2023年2月
    · 负责公司算法工程师相关业务的开发与维护，参与需求评审
    · 对接产品、测试团队，跟进需求落地与缺陷修复
    · 承担分配模块的编码、测试与优化工作，保障系统稳定运行

【易联信息技术有限公司】 算法工程师
2017年9月 - 2020年7月
    · 负责公司算法工程师相关业务的开发与维护，参与需求评审
    · 编写开发文档，沉淀技术规范，协助新人熟悉业务
    · 对接产品、测试团队，跟进需求落地与缺陷修复","■ 个性化推荐系统
  项目目标：提升内容推荐精准度，增加用户停留时长
  个人职责：负责协同过滤、深度学习推荐模型开发与离线优化
  项目成果：用户平均停留时长提升25%，点击率提升15%

■ 风控欺诈识别模型
  项目目标：识别交易欺诈行为，降低资金损失风险
  个人职责：特征工程，构建XGBoost风控模型，在线部署与迭代
  项目成果：欺诈识别准确率达92%，每年减少损失超200万","专业技能：深度学习、特征工程、NLP、SQL、数据结构、机器学习、推荐算法
相关证书：无",拥有10年行业经验，技术视野开阔，具备方案设计与项目把控能力；逻辑清晰，善于定位并解决复杂技术问题；具备良好的团队管理与跨部门沟通能力，能够推动技术优化与业务落地；责任心强，追求技术与业务的平衡发展。,算法 工程师 资深 链路 技术 架构 技术 规划 方案设计 主导 多个 大型项目 重构 升级 并发 系统 稳定性 领域 深厚 带领 攻克 技术难题 驱动 业务 技术升级,个性化 推荐 系统 推荐 精准度 增加 用户 停留 时长 协同 过滤 深度学习 推荐 模型 开发 离线 用户 平均 停留 时长 点击率 风控 欺诈 识别 模型 识别 交易 欺诈 行为 降低 资金 损失 风险 特征工程 构建 XGBoost 风控 模型 在线 部署 迭代 欺诈 识别 准确率 每年 减少 损失,新科 信息技术 算法 工程师 至今 对接 产品 测试 跟进 需求 落地 缺陷 修复 分配 模块 编码 测试 保障系统 稳定 运行 编写 开发 文档 沉淀 技术规范 新人 熟悉业务 云创 信息技术 算法 工程师 算法 工程师 业务 开发 维护 需求 评审 对接 产品 测试 跟进 需求 落地 缺陷 修复 分配 模块 编码 测试 保障系统 稳定 运行 易联 信息技术 算法 工程师 算法 工程师 业务 开发 维护 需求 评审 编写 开发 文档 沉淀 技术规范 新人 熟悉业务 对接 产品 测试 跟进 需求 落地 缺陷 修复,技术 视野 开阔 方案设计 项目 逻辑 清晰 善于 定位 复杂 技术 管理 跨部门 推动 技术 业务 落地 责任心 追求 技术 业务 平衡 发展,深度学习 特征工程 NLP SQL 数据结构 机器学习 推荐算法,深度学习、特征工程、NLP、SQL、数据结构、机器学习、推荐算法,
江雨泽,男,13075693766,jiang雨ze50@qq.com,13991031389,三明,"期望岗位：数据分析师
期望城市：三明
期望行业：互联网/信息技术/软件服务
期望薪资：5500-6000元",专科网络工程专业应届毕业生，掌握用户分析、Pandas基础技能，完成过课程设计与毕业项目，具备基础代码编写能力与问题排查思路，学习能力强，做事认真踏实，期望从事数据分析师相关工作。,"厦门海洋职业技术学院 | 网络工程 | 专科
毕业时间：2022年6月
核心课程：Python编程、计算机网络、数据库原理、算法设计与分析","【校园实践】
    · 参与学校计算机协会技术部，负责协会网站日常维护
    · 协助老师完成实验室设备管理与系统环境搭建
    · 参与班级课程设计小组，担任后端开发角色","■ 电商公开数据爬取分析
  项目目标：采集公开电商商品数据并分析
  个人职责：数据爬取、清洗、价格销量分析
  项目成果：输出可视化分析图表","专业技能：MySQL、Python、Power BI、Excel
相关证书：软件设计师（中级）、英语六级、英语四级",应届毕业，具备扎实的专业基础知识与学习能力，能够快速掌握新技术；工作态度认真负责，有耐心，注重细节；具备良好的团队意识与沟通能力，能够积极配合团队完成任务；期望在工作中积累经验，快速成长。,专科 网络工程 应届 毕业生 用户分析 Pandas 课程设计 项目 代码 编写 排查 数据 分析师,电商 公开 数据 爬取 分析 采集 公开 电商 商品 数据 分析 数据 爬取 清洗 价格 销量 分析 可视化 分析 图表,学校 计算机 协会 技术部 协会 网站 维护 老师 实验室 设备 管理 系统 环境 搭建 班级 课程设计 小组 后端 开发 角色,应届 基础知识 技术 认真负责,MySQL Python Power BI Excel 软件 设计师 中级 英语六级 英语四级,MySQL、Python、Power BI、Excel,软件设计师（中级）、英语六级、英语四级
何超,男,13244734230,hechao6250@163.com,18890075856,金华,"期望岗位：算法工程师
期望城市：金华
期望行业：互联网/信息技术/软件服务
期望薪资：4500-5500元",专科计算机应用技术专业应届毕业生，掌握Python、计算机视觉基础技能，完成过课程设计与毕业项目，具备基础代码编写能力与问题排查思路，学习能力强，做事认真踏实，期望从事算法工程师相关工作。,"福建船政交通职业学院 | 计算机应用技术 | 专科
毕业时间：2022年6月
核心课程：软件工程、Python编程、数据结构、算法设计与分析","【校园实践】
    · 参与学校计算机协会技术部，负责协会网站日常维护
    · 协助老师完成实验室设备管理与系统环境搭建
    · 参与班级课程设计小组，担任后端开发角色","■ 电影推荐系统（毕设）
  项目目标：基于协同过滤实现简单电影推荐
  个人职责：数据处理、模型实现、效果验证
  项目成果：召回准确率达到75%","专业技能：机器学习、PyTorch、SQL、NLP、特征工程、计算机视觉
相关证书：计算机一级",应届毕业，具备扎实的专业基础知识与学习能力，能够快速掌握新技术；工作态度认真负责，有耐心，注重细节；具备良好的团队意识与沟通能力，能够积极配合团队完成任务；期望在工作中积累经验，快速成长。,专科 计算机应用技术 应届 毕业生 Python 计算机视觉 课程设计 项目 代码 编写 排查 算法 工程师,电影 推荐 系统 毕设 基于 协同 过滤 简单 电影 推荐 数据处理 模型 效果 验证 召回 准确率 达到,学校 计算机 协会 技术部 协会 网站 维护 老师 实验室 设备 管理 系统 环境 搭建 班级 课程设计 小组 后端 开发 角色,应届 基础知识 技术 认真负责,机器学习 PyTorch SQL NLP 特征工程 计算机视觉 计算机一级,机器学习、PyTorch、SQL、NLP、特征工程、计算机视觉,计算机一级
余思琪,女,15655547122,yusiqi54@163.com,wx_yusiqi_490,扬州,"期望岗位：后端开发工程师
期望城市：扬州
期望行业：互联网/信息技术/软件服务
期望薪资：4000-5500元",专科数据科学与大数据技术专业应届毕业生，掌握Go、MySQL基础技能，完成过课程设计与毕业项目，具备基础代码编写能力与问题排查思路，学习能力强，做事认真踏实，期望从事后端开发工程师相关工作。,"苏州职业大学 | 数据科学与大数据技术 | 专科
毕业时间：2022年6月
核心课程：算法设计与分析、计算机网络、Python编程、Java程序设计","【校园实践】
    · 参与学校计算机协会技术部，负责协会网站日常维护
    · 协助老师完成实验室设备管理与系统环境搭建
    · 参与班级课程设计小组，担任后端开发角色","■ 简单论坛系统
  项目目标：实现帖子发布、回复、板块管理
  个人职责：负责后端服务开发与接口文档编写
  项目成果：支持百人同时在线访问","专业技能：Java、微服务、Docker、Kafka
相关证书：计算机二级、计算机一级",应届毕业，具备扎实的专业基础知识与学习能力，能够快速掌握新技术；工作态度认真负责，有耐心，注重细节；具备良好的团队意识与沟通能力，能够积极配合团队完成任务；期望在工作中积累经验，快速成长。,专科 数据科学与大数据技术 应届 毕业生 Go MySQL 课程设计 项目 代码 编写 排查 后端 开发 工程师,简单 论坛 系统 帖子 发布 回复 板块 管理 后端 服务 开发 接口 文档 编写 百人 同时在线 访问,学校 计算机 协会 技术部 协会 网站 维护 老师 实验室 设备 管理 系统 环境 搭建 班级 课程设计 小组 后端 开发 角色,应届 基础知识 技术 认真负责,Java 微服务 Docker Kafka 计算机二级 计算机一级,Java、微服务、Docker、Kafka,计算机二级、计算机一级
龙皓,男,15596518392,longhao861@outlook.com,wx_longhao_770,泉州,"期望岗位：Python开发工程师
期望城市：泉州
期望行业：互联网/信息技术/软件服务
期望薪资：9000-12000元",1年Python开发工程师工作经验，精通Linux、Docker技术栈，参与过完整项目迭代，能够独立完成模块开发与问题排查，注重代码质量与开发效率，具备良好的沟通协作能力。,"闽南师范大学 | 计算机科学与技术 | 本科
毕业时间：2021年6月
核心课程：数字信号处理、操作系统、Python编程、软件工程","【OPPO（东莞）】 Python开发工程师
2025年3月 - 至今
    · 编写开发文档，沉淀技术规范，协助新人熟悉业务
    · 对接产品、测试团队，跟进需求落地与缺陷修复","■ 数据采集爬虫系统
  项目目标：搭建分布式爬虫平台，采集多渠道公开数据
  个人职责：负责反爬策略破解、数据清洗、入库逻辑开发
  项目成果：日均采集数据50万条，数据准确率98%以上

■ 自动化运维平台
  项目目标：开发运维管理平台，实现服务器批量管理
  个人职责：负责监控、告警、任务调度模块后端开发
  项目成果：管理服务器200+，运维人力成本降低50%","专业技能：Linux、Docker、Flask、Git、MySQL、Redis、Celery、FastAPI、MongoDB
相关证书：英语六级",拥有1年实际工作经验，技术功底扎实，熟悉完整开发流程；具备较强的问题解决能力，能够独立排查并解决常见技术问题；工作认真负责，注重团队协作，能够高效推进项目落地；持续学习，保持技术敏感度。,Python 开发 工程师 Linux Docker 技术 完整 项目 迭代 独立 模块 开发 排查 代码 质量 开发 效率 协作,数据 采集 爬虫 系统 搭建 分布式 爬虫 平台 采集 多渠道 公开 数据 反爬 策略 破解 数据 清洗 入库 逻辑 开发 日均 采集 数据 万条 数据 准确率 以上 自动化 运维 平台 开发 运维 管理 平台 服务器 批量 管理 监控 告警 任务调度 模块 后端 开发 管理 服务器 运维 人力 成本 降低,OPPO 东莞 Python 开发 工程师 至今 编写 开发 文档 沉淀 技术规范 新人 熟悉业务 对接 产品 测试 跟进 需求 落地 缺陷 修复,实际 技术 功底 完整 开发 流程 独立 排查 常见 技术 认真负责 协作 高效 推进 项目 落地 持续 保持 技术 敏感度,Linux Docker Flask Git MySQL Redis Celery FastAPI MongoDB 英语六级,Linux、Docker、Flask、Git、MySQL、Redis、Celery、FastAPI、MongoDB,英语六级
彭瑶,女,18897781092,pengyao84@126.com,wx_pengyao_364,黄山,"期望岗位：软件测试工程师
期望城市：黄山
期望行业：互联网/信息技术/软件服务
期望薪资：17000-19500元",4年软件测试工程师从业经验，精通测试用例设计技术架构，主导过中型项目从0到1落地，擅长技术方案设计与性能优化，曾推动核心模块技术重构，带来显著效率提升，具备跨部门协作与项目推进能力。,"福建信息职业技术学院 | 通信工程 | 专科
毕业时间：2018年6月
核心课程：算法设计与分析、计算机网络、数字信号处理、数据结构","【东软网络科技有限公司】 软件测试工程师
2024年2月 - 至今
    · 对接产品、测试团队，跟进需求落地与缺陷修复
    · 编写开发文档，沉淀技术规范，协助新人熟悉业务

【安硕互联网科技有限公司】 软件测试工程师
2022年4月 - 2024年4月
    · 编写开发文档，沉淀技术规范，协助新人熟悉业务
    · 承担分配模块的编码、测试与优化工作，保障系统稳定运行
    · 对接产品、测试团队，跟进需求落地与缺陷修复","■ 电商平台功能测试
  项目目标：保障电商系统上线质量，覆盖全业务流程
  个人职责：设计测试用例，执行功能、回归测试，提交缺陷报告
  项目成果：发现并修复120+缺陷，上线后线上缺陷率低于0.5%

■ 自动化测试框架搭建
  项目目标：提升回归测试效率，减少人工重复劳动
  个人职责：基于Selenium搭建UI自动化框架，编写核心模块测试脚本
  项目成果：回归测试周期从7天缩短至2天，覆盖率达85%","专业技能：测试用例设计、Postman、Selenium、TestNG、Appium、Python、性能测试、接口测试
相关证书：华为HCIA认证、英语四级",拥有4年行业经验，技术视野开阔，具备方案设计与项目把控能力；逻辑清晰，善于定位并解决复杂技术问题；具备良好的团队管理与跨部门沟通能力，能够推动技术优化与业务落地；责任心强，追求技术与业务的平衡发展。,软件测试 工程师 从业 测试用例设计 技术 架构 主导 中型 项目 落地 擅长 技术 方案设计 性能 推动 核心 模块 技术 重构 带来 显著 效率 跨部门 协作 项目 推进,电商 平台 功能测试 保障 电商 系统 上线 质量 覆盖 业务流程 测试用例 执行 功能 回归 测试 提交 缺陷 报告 发现 修复 缺陷 上线 后线 缺陷率 低于 自动化 测试 框架 搭建 回归 测试 效率 减少 人工 重复劳动 基于 Selenium 搭建 UI 自动化 框架 编写 核心 模块 测试 脚本 回归 测试 周期 缩短 覆盖率,东软 网络科技 软件测试 工程师 至今 对接 产品 测试 跟进 需求 落地 缺陷 修复 编写 开发 文档 沉淀 技术规范 新人 熟悉业务 安硕 互联网 科技 软件测试 工程师 编写 开发 文档 沉淀 技术规范 新人 熟悉业务 分配 模块 编码 测试 保障系统 稳定 运行 对接 产品 测试 跟进 需求 落地 缺陷 修复,技术 视野 开阔 方案设计 项目 逻辑 清晰 善于 定位 复杂 技术 管理 跨部门 推动 技术 业务 落地 责任心 追求 技术 业务 平衡 发展,测试用例设计 Postman Selenium TestNG Appium Python 性能测试 接口测试 华为HCIA认证 英语四级,测试用例设计、Postman、Selenium、TestNG、Appium、Python、性能测试、接口测试,华为HCIA认证、英语四级
林超,男,18068978870,linchao58@outlook.com,wx_linchao_464,常州,"期望岗位：算法工程师
期望城市：常州
期望行业：互联网/信息技术/软件服务
期望薪资：面议",5年算法工程师从业经验，精通TensorFlow技术架构，主导过中型项目从0到1落地，擅长技术方案设计与性能优化，曾推动核心模块技术重构，带来显著效率提升，具备跨部门协作与项目推进能力。,"南京理工大学 | 电子信息工程 | 本科
毕业时间：2017年6月
核心课程：操作系统、计算机网络、算法设计与分析、数据结构","【美图公司】 算法工程师
2025年8月 - 至今
    · 负责公司算法工程师相关业务的开发与维护，参与需求评审
    · 承担分配模块的编码、测试与优化工作，保障系统稳定运行
    · 对接产品、测试团队，跟进需求落地与缺陷修复

【卓望互联网科技有限公司】 算法工程师
2024年6月 - 2025年4月
    · 负责公司算法工程师相关业务的开发与维护，参与需求评审
    · 编写开发文档，沉淀技术规范，协助新人熟悉业务
    · 对接产品、测试团队，跟进需求落地与缺陷修复

【数聚互联网科技有限公司】 算法工程师
2023年2月 - 2024年12月
    · 负责公司算法工程师相关业务的开发与维护，参与需求评审
    · 编写开发文档，沉淀技术规范，协助新人熟悉业务","■ 风控欺诈识别模型
  项目目标：识别交易欺诈行为，降低资金损失风险
  个人职责：特征工程，构建XGBoost风控模型，在线部署与迭代
  项目成果：欺诈识别准确率达92%，每年减少损失超200万

■ 个性化推荐系统
  项目目标：提升内容推荐精准度，增加用户停留时长
  个人职责：负责协同过滤、深度学习推荐模型开发与离线优化
  项目成果：用户平均停留时长提升25%，点击率提升15%","专业技能：TensorFlow、特征工程、NLP、机器学习、数据结构、Python
相关证书：PMP项目管理专业人士",拥有5年行业经验，技术视野开阔，具备方案设计与项目把控能力；逻辑清晰，善于定位并解决复杂技术问题；具备良好的团队管理与跨部门沟通能力，能够推动技术优化与业务落地；责任心强，追求技术与业务的平衡发展。,算法 工程师 从业 TensorFlow 技术 架构 主导 中型 项目 落地 擅长 技术 方案设计 性能 推动 核心 模块 技术 重构 带来 显著 效率 跨部门 协作 项目 推进,风控 欺诈 识别 模型 识别 交易 欺诈 行为 降低 资金 损失 风险 特征工程 构建 XGBoost 风控 模型 在线 部署 迭代 欺诈 识别 准确率 每年 减少 损失 个性化 推荐 系统 推荐 精准度 增加 用户 停留 时长 协同 过滤 深度学习 推荐 模型 开发 离线 用户 平均 停留 时长 点击率,美图 算法 工程师 至今 算法 工程师 业务 开发 维护 需求 评审 分配 模块 编码 测试 保障系统 稳定 运行 对接 产品 测试 跟进 需求 落地 缺陷 修复 卓望 互联网 科技 算法 工程师 算法 工程师 业务 开发 维护 需求 评审 编写 开发 文档 沉淀 技术规范 新人 熟悉业务 对接 产品 测试 跟进 需求 落地 缺陷 修复 数聚 互联网 科技 算法 工程师 算法 工程师 业务 开发 维护 需求 评审 编写 开发 文档 沉淀 技术规范 新人 熟悉业务,技术 视野 开阔 方案设计 项目 逻辑 清晰 善于 定位 复杂 技术 管理 跨部门 推动 技术 业务 落地 责任心 追求 技术 业务 平衡 发展,TensorFlow 特征工程 NLP 机器学习 数据结构 Python PMP项目管理专业人士,TensorFlow、特征工程、NLP、机器学习、数据结构、Python,PMP项目管理专业人士
邱婷,女,13696455551,qiuting0824@126.com,18496366657,南京,"期望岗位：前端开发工程师
期望城市：南京
期望行业：互联网/信息技术/软件服务
期望薪资：26000-35000元",6年前端开发工程师资深经验，精通全链路技术架构，具备团队技术规划与方案设计能力，主导过多个大型项目重构与升级，在高并发/系统稳定性领域有深厚积累，能够带领团队攻克技术难题，驱动业务技术升级。,"福建信息职业技术学院 | 数据科学与大数据技术 | 专科
毕业时间：2016年6月
核心课程：Python编程、数据结构、Java程序设计、操作系统","【金蝶科技有限公司】 前端开发工程师
2024年5月 - 至今
    · 对接产品、测试团队，跟进需求落地与缺陷修复
    · 编写开发文档，沉淀技术规范，协助新人熟悉业务
    · 负责公司前端开发工程师相关业务的开发与维护，参与需求评审

【星图网络科技有限公司】 前端开发工程师
2022年10月 - 2024年6月
    · 承担分配模块的编码、测试与优化工作，保障系统稳定运行
    · 负责公司前端开发工程师相关业务的开发与维护，参与需求评审
    · 对接产品、测试团队，跟进需求落地与缺陷修复

【云创科技有限公司】 前端开发工程师
2020年8月 - 2022年9月
    · 承担分配模块的编码、测试与优化工作，保障系统稳定运行
    · 对接产品、测试团队，跟进需求落地与缺陷修复","■ 电商平台前端重构
  项目目标：升级旧版电商系统前端架构，提升用户体验与加载速度
  个人职责：负责商品详情页、购物车模块开发，组件化封装公共组件
  项目成果：首屏加载时间从3.2s降至1.8s，页面转化率提升12%

■ 企业后台管理系统
  项目目标：搭建企业运营管理后台，实现业务数据可视化
  个人职责：负责权限管理、数据报表模块开发，对接后端接口联调
  项目成果：覆盖12个业务部门，运营效率提升40%","专业技能：移动端适配、JavaScript、CSS3、HTML5、Webpack、Ant Design、Axios
相关证书：计算机一级、红帽RHCE认证",拥有6年行业经验，技术视野开阔，具备方案设计与项目把控能力；逻辑清晰，善于定位并解决复杂技术问题；具备良好的团队管理与跨部门沟通能力，能够推动技术优化与业务落地；责任心强，追求技术与业务的平衡发展。,前端开发 工程师 资深 链路 技术 架构 技术 规划 方案设计 主导 多个 大型项目 重构 升级 并发 系统 稳定性 领域 深厚 带领 攻克 技术难题 驱动 业务 技术升级,电商 平台 前端 重构 升级 旧版 电商 系统 前端 架构 用户 体验 加载 速度 商品 详情页 购物车 模块 开发 组件 封装 公共 组件 首屏 加载 时间 3.2 降至 1.8 页面 转化率 企业 后台 管理系统 搭建 企业 运营 管理 后台 业务 数据可视化 权限 管理 数据报表 模块 开发 对接 后端 接口 联调 覆盖 业务部门 运营 效率,金蝶 科技 前端开发 工程师 至今 对接 产品 测试 跟进 需求 落地 缺陷 修复 编写 开发 文档 沉淀 技术规范 新人 熟悉业务 前端开发 工程师 业务 开发 维护 需求 评审 星图 网络科技 前端开发 工程师 分配 模块 编码 测试 保障系统 稳定 运行 前端开发 工程师 业务 开发 维护 需求 评审 对接 产品 测试 跟进 需求 落地 缺陷 修复 云创 科技 前端开发 工程师 分配 模块 编码 测试 保障系统 稳定 运行 对接 产品 测试 跟进 需求 落地 缺陷 修复,技术 视野 开阔 方案设计 项目 逻辑 清晰 善于 定位 复杂 技术 管理 跨部门 推动 技术 业务 落地 责任心 追求 技术 业务 平衡 发展,移动端适配 JavaScript CSS3 HTML5 Webpack Ant Design Axios 计算机一级 红帽RHCE认证,移动端适配、JavaScript、CSS3、HTML5、Webpack、Ant Design、Axios,计算机一级、红帽RHCE认证
曹慧,女,18105531653,caohui429@163.com,wx_caohui_918,金华,"期望岗位：数据分析师
期望城市：金华
期望行业：互联网/信息技术/软件服务
期望薪资：9000-10000元",1年数据分析师工作经验，精通统计学、Tableau技术栈，参与过完整项目迭代，能够独立完成模块开发与问题排查，注重代码质量与开发效率，具备良好的沟通协作能力。,"华南理工大学 | 数字媒体技术 | 本科
毕业时间：2021年6月
核心课程：Java程序设计、算法设计与分析、机器学习、计算机网络","【OPPO（东莞）】 数据分析师
2025年1月 - 至今
    · 负责公司数据分析师相关业务的开发与维护，参与需求评审
    · 承担分配模块的编码、测试与优化工作，保障系统稳定运行","■ 销售数据预测建模
  项目目标：基于历史数据预测销量，指导库存与备货
  个人职责：数据预处理，构建时间序列预测模型，输出月度预测报告
  项目成果：预测准确率达89%，库存周转效率提升25%

■ 用户行为分析看板
  项目目标：构建用户行为数据体系，支撑运营决策
  个人职责：负责数据清洗、指标体系搭建，输出可视化运营报表
  项目成果：输出15+核心运营指标，支撑每月3次运营优化，用户留存率提升8%","专业技能：NumPy、用户分析、MySQL、Excel、数据可视化、Python、Power BI、Pandas
相关证书：英语六级",拥有1年实际工作经验，技术功底扎实，熟悉完整开发流程；具备较强的问题解决能力，能够独立排查并解决常见技术问题；工作认真负责，注重团队协作，能够高效推进项目落地；持续学习，保持技术敏感度。,数据 分析师 统计学 Tableau 技术 完整 项目 迭代 独立 模块 开发 排查 代码 质量 开发 效率 协作,销售 数据 预测 建模 基于 历史数据 预测 销量 指导 库存 备货 数据 预处理 构建 时间 序列 预测 模型 月度 预测 报告 预测 准确率 库存 周转 效率 用户 行为 分析 看板 构建 用户 行为 数据 体系 支撑 运营 决策 数据 清洗 指标体系 搭建 可视化 运营 报表 核心 运营 指标 支撑 每月 运营 用户 留存,OPPO 东莞 数据 分析师 至今 数据 分析师 业务 开发 维护 需求 评审 分配 模块 编码 测试 保障系统 稳定 运行,实际 技术 功底 完整 开发 流程 独立 排查 常见 技术 认真负责 协作 高效 推进 项目 落地 持续 保持 技术 敏感度,NumPy 用户分析 MySQL Excel 数据可视化 Python Power BI Pandas 英语六级,NumPy、用户分析、MySQL、Excel、数据可视化、Python、Power BI、Pandas,英语六级
覃梅,女,13988582578,qinmei9280@qq.com,wx_qinmei_504,阜阳,"期望岗位：Python开发工程师
期望城市：阜阳
期望行业：互联网/信息技术/软件服务
期望薪资：4500-7000元",本科电子信息工程专业应届毕业生，有0段Python开发工程师实习经验，掌握Redis技术栈，参与过实习项目开发，具备良好的代码规范与团队协作意识，能够快速上手业务，期望正式入职发展。,"中山大学 | 电子信息工程 | 本科
毕业时间：2022年6月
核心课程：数字信号处理、数据库原理、Python编程、操作系统","【华为（东莞研究所）】 Python开发工程师（实习）
2023年3月 - 至今
    · 负责公司Python开发工程师相关业务的开发与维护，参与需求评审
    · 对接产品、测试团队，跟进需求落地与缺陷修复","■ 简单爬虫脚本开发
  项目目标：爬取公开网站数据并入库
  个人职责：负责反爬处理、数据清洗、SQLite存储
  项目成果：日均采集数据1万条

■ 自动化办公脚本
  项目目标：批量处理Excel表格数据
  个人职责：实现数据合并、格式转换、自动统计
  项目成果：提升人工效率80%","专业技能：FastAPI、Python、Docker、MongoDB
相关证书：无",有实习经验，熟悉开发基本流程，具备基础的项目实践能力；学习能力强，能够快速上手新业务新技术；工作踏实，责任心强，善于沟通协作，能够高效完成分配的工作任务。,本科 电子信息工程 应届 毕业生 Python 开发 工程师 实习 Redis 技术 实习 项目 开发 代码 规范 协作 上手 业务 正式 入职 发展,简单 爬虫 脚本 开发 爬取 公开 网站 数据 入库 反爬 处理 数据 清洗 SQL ite 存储 日均 采集 数据 万条 自动化 办公 脚本 批量 处理 Excel 表格 数据 数据 合并 格式 转换 自动 统计 人工效率,华为 东莞 研究所 Python 开发 工程师 实习 至今 Python 开发 工程师 业务 开发 维护 需求 评审 对接 产品 测试 跟进 需求 落地 缺陷 修复,实习 开发 基本 流程 项目 实践 上手 业务 技术 责任心 善于 协作 高效 分配,FastAPI Python Docker MongoDB,FastAPI、Python、Docker、MongoDB,
曾华,男,18074950652,zenghua038@126.com,15089425384,莆田,"期望岗位：软件测试工程师
期望城市：莆田
期望行业：互联网/信息技术/软件服务
期望薪资：5500-6000元",专科信息管理与信息系统专业应届毕业生，掌握测试用例设计、Postman基础技能，完成过课程设计与毕业项目，具备基础代码编写能力与问题排查思路，学习能力强，做事认真踏实，期望从事软件测试工程师相关工作。,"厦门海洋职业技术学院 | 信息管理与信息系统 | 专科
毕业时间：2022年6月
核心课程：数字信号处理、软件工程、计算机网络、Java程序设计","【校园实践】
    · 参与学校计算机协会技术部，负责协会网站日常维护
    · 协助老师完成实验室设备管理与系统环境搭建
    · 参与班级课程设计小组，担任后端开发角色","■ 学生管理系统功能测试
  项目目标：对课程设计系统进行功能测试与缺陷提交
  个人职责：设计测试用例，执行黑盒测试
  项目成果：发现并提交8个功能缺陷","专业技能：缺陷管理、Python、测试用例设计、TestNG、Postman、Selenium
相关证书：英语六级、华为HCIA认证",应届毕业，具备扎实的专业基础知识与学习能力，能够快速掌握新技术；工作态度认真负责，有耐心，注重细节；具备良好的团队意识与沟通能力，能够积极配合团队完成任务；期望在工作中积累经验，快速成长。,专科 信息管理与信息系统 应届 毕业生 测试用例设计 Postman 课程设计 项目 代码 编写 排查 软件测试 工程师,学生 管理系统 功能测试 课程设计 系统 功能测试 缺陷 提交 测试用例 执行 黑盒 测试 发现 提交 功能 缺陷,学校 计算机 协会 技术部 协会 网站 维护 老师 实验室 设备 管理 系统 环境 搭建 班级 课程设计 小组 后端 开发 角色,应届 基础知识 技术 认真负责,缺陷管理 Python 测试用例设计 TestNG Postman Selenium 英语六级 华为HCIA认证,缺陷管理、Python、测试用例设计、TestNG、Postman、Selenium,英语六级、华为HCIA认证
戴凯,男,15007099835,daikai7735@163.com,wx_daikai_145,温州,"期望岗位：前端开发工程师
期望城市：温州
期望行业：互联网/信息技术/软件服务
期望薪资：12500-13500元",3年前端开发工程师从业经验，精通Axios技术架构，主导过中型项目从0到1落地，擅长技术方案设计与性能优化，曾推动核心模块技术重构，带来显著效率提升，具备跨部门协作与项目推进能力。,"苏州科技大学 | 计算机应用技术 | 本科
毕业时间：2019年6月
核心课程：计算机网络、数据结构、Java程序设计、数字信号处理","【通元数据技术有限公司】 前端开发工程师
2025年12月 - 至今
    · 承担分配模块的编码、测试与优化工作，保障系统稳定运行
    · 编写开发文档，沉淀技术规范，协助新人熟悉业务

【卓望数据技术有限公司】 前端开发工程师
2024年7月 - 2025年6月
    · 编写开发文档，沉淀技术规范，协助新人熟悉业务
    · 对接产品、测试团队，跟进需求落地与缺陷修复
    · 承担分配模块的编码、测试与优化工作，保障系统稳定运行","■ 企业后台管理系统
  项目目标：搭建企业运营管理后台，实现业务数据可视化
  个人职责：负责权限管理、数据报表模块开发，对接后端接口联调
  项目成果：覆盖12个业务部门，运营效率提升40%

■ 电商平台前端重构
  项目目标：升级旧版电商系统前端架构，提升用户体验与加载速度
  个人职责：负责商品详情页、购物车模块开发，组件化封装公共组件
  项目成果：首屏加载时间从3.2s降至1.8s，页面转化率提升12%","专业技能：JavaScript、Element UI、HTML5、React、移动端适配、Axios、Webpack、Ant Design、TypeScript
相关证书：红帽RHCE认证",拥有3年行业经验，技术视野开阔，具备方案设计与项目把控能力；逻辑清晰，善于定位并解决复杂技术问题；具备良好的团队管理与跨部门沟通能力，能够推动技术优化与业务落地；责任心强，追求技术与业务的平衡发展。,前端开发 工程师 从业 Axios 技术 架构 主导 中型 项目 落地 擅长 技术 方案设计 性能 推动 核心 模块 技术 重构 带来 显著 效率 跨部门 协作 项目 推进,企业 后台 管理系统 搭建 企业 运营 管理 后台 业务 数据可视化 权限 管理 数据报表 模块 开发 对接 后端 接口 联调 覆盖 业务部门 运营 效率 电商 平台 前端 重构 升级 旧版 电商 系统 前端 架构 用户 体验 加载 速度 商品 详情页 购物车 模块 开发 组件 封装 公共 组件 首屏 加载 时间 3.2 降至 1.8 页面 转化率,通元 数据 技术 前端开发 工程师 至今 分配 模块 编码 测试 保障系统 稳定 运行 编写 开发 文档 沉淀 技术规范 新人 熟悉业务 卓望 数据 技术 前端开发 工程师 编写 开发 文档 沉淀 技术规范 新人 熟悉业务 对接 产品 测试 跟进 需求 落地 缺陷 修复 分配 模块 编码 测试 保障系统 稳定 运行,技术 视野 开阔 方案设计 项目 逻辑 清晰 善于 定位 复杂 技术 管理 跨部门 推动 技术 业务 落地 责任心 追求 技术 业务 平衡 发展,JavaScript Element UI HTML5 React 移动端适配 Axios Webpack Ant Design TypeScript 红帽RHCE认证,JavaScript、Element UI、HTML5、React、移动端适配、Axios、Webpack、Ant Design、TypeScript,红帽RHCE认证
丁丹,女,15150693209,dingdan34@163.com,13741242398,龙岩,"期望岗位：Python开发工程师
期望城市：龙岩
期望行业：互联网/信息技术/软件服务
期望薪资：10000-11500元",2年Python开发工程师工作经验，精通Python、Flask技术栈，参与过完整项目迭代，能够独立完成模块开发与问题排查，注重代码质量与开发效率，具备良好的沟通协作能力。,"东莞理工学院 | 数学与应用数学 | 本科
毕业时间：2020年6月
核心课程：计算机网络、操作系统、Java程序设计、数字信号处理","【智联软件有限公司】 Python开发工程师
2025年9月 - 至今
    · 承担分配模块的编码、测试与优化工作，保障系统稳定运行
    · 负责公司Python开发工程师相关业务的开发与维护，参与需求评审
    · 对接产品、测试团队，跟进需求落地与缺陷修复

【星图科技有限公司】 Python开发工程师
2024年1月 - 2025年11月
    · 承担分配模块的编码、测试与优化工作，保障系统稳定运行
    · 负责公司Python开发工程师相关业务的开发与维护，参与需求评审","■ 数据采集爬虫系统
  项目目标：搭建分布式爬虫平台，采集多渠道公开数据
  个人职责：负责反爬策略破解、数据清洗、入库逻辑开发
  项目成果：日均采集数据50万条，数据准确率98%以上

■ 自动化运维平台
  项目目标：开发运维管理平台，实现服务器批量管理
  个人职责：负责监控、告警、任务调度模块后端开发
  项目成果：管理服务器200+，运维人力成本降低50%","专业技能：Flask、Git、Docker、MongoDB、爬虫、FastAPI、MySQL、Python
相关证书：阿里云ACP云计算认证、计算机一级",拥有2年实际工作经验，技术功底扎实，熟悉完整开发流程；具备较强的问题解决能力，能够独立排查并解决常见技术问题；工作认真负责，注重团队协作，能够高效推进项目落地；持续学习，保持技术敏感度。,Python 开发 工程师 Python Flask 技术 完整 项目 迭代 独立 模块 开发 排查 代码 质量 开发 效率 协作,数据 采集 爬虫 系统 搭建 分布式 爬虫 平台 采集 多渠道 公开 数据 反爬 策略 破解 数据 清洗 入库 逻辑 开发 日均 采集 数据 万条 数据 准确率 以上 自动化 运维 平台 开发 运维 管理 平台 服务器 批量 管理 监控 告警 任务调度 模块 后端 开发 管理 服务器 运维 人力 成本 降低,智联 软件 Python 开发 工程师 至今 分配 模块 编码 测试 保障系统 稳定 运行 Python 开发 工程师 业务 开发 维护 需求 评审 对接 产品 测试 跟进 需求 落地 缺陷 修复 星图 科技 Python 开发 工程师 分配 模块 编码 测试 保障系统 稳定 运行 Python 开发 工程师 业务 开发 维护 需求 评审,实际 技术 功底 完整 开发 流程 独立 排查 常见 技术 认真负责 协作 高效 推进 项目 落地 持续 保持 技术 敏感度,Flask Git Docker MongoDB 爬虫 FastAPI MySQL Python 阿里云ACP云计算认证 计算机一级,Flask、Git、Docker、MongoDB、爬虫、FastAPI、MySQL、Python,阿里云ACP云计算认证、计算机一级
邵雯,女,13346975987,shaowen183@qq.com,wx_shaowen_531,宁波,"期望岗位：数据分析师
期望城市：宁波
期望行业：互联网/信息技术/软件服务
期望薪资：11000-11500元",2年数据分析师工作经验，精通Tableau、Power BI技术栈，参与过完整项目迭代，能够独立完成模块开发与问题排查，注重代码质量与开发效率，具备良好的沟通协作能力。,"江西交通职业技术学院 | 物联网工程 | 专科
毕业时间：2020年6月
核心课程：数据结构、计算机网络、数据库原理、软件工程","【云创软件有限公司】 数据分析师
2025年3月 - 至今
    · 承担分配模块的编码、测试与优化工作，保障系统稳定运行
    · 对接产品、测试团队，跟进需求落地与缺陷修复

【锐捷网络科技有限公司】 数据分析师
2024年12月 - 2025年4月
    · 对接产品、测试团队，跟进需求落地与缺陷修复
    · 负责公司数据分析师相关业务的开发与维护，参与需求评审","■ 用户行为分析看板
  项目目标：构建用户行为数据体系，支撑运营决策
  个人职责：负责数据清洗、指标体系搭建，输出可视化运营报表
  项目成果：输出15+核心运营指标，支撑每月3次运营优化，用户留存率提升8%

■ 销售数据预测建模
  项目目标：基于历史数据预测销量，指导库存与备货
  个人职责：数据预处理，构建时间序列预测模型，输出月度预测报告
  项目成果：预测准确率达89%，库存周转效率提升25%","专业技能：Power BI、Tableau、用户分析、Excel、数据可视化、SQL、Pandas、Python
相关证书：系统架构设计师",拥有2年实际工作经验，技术功底扎实，熟悉完整开发流程；具备较强的问题解决能力，能够独立排查并解决常见技术问题；工作认真负责，注重团队协作，能够高效推进项目落地；持续学习，保持技术敏感度。,数据 分析师 Tableau Power BI 技术 完整 项目 迭代 独立 模块 开发 排查 代码 质量 开发 效率 协作,用户 行为 分析 看板 构建 用户 行为 数据 体系 支撑 运营 决策 数据 清洗 指标体系 搭建 可视化 运营 报表 核心 运营 指标 支撑 每月 运营 用户 留存 销售 数据 预测 建模 基于 历史数据 预测 销量 指导 库存 备货 数据 预处理 构建 时间 序列 预测 模型 月度 预测 报告 预测 准确率 库存 周转 效率,云创 软件 数据 分析师 至今 分配 模块 编码 测试 保障系统 稳定 运行 对接 产品 测试 跟进 需求 落地 缺陷 修复 锐捷 网络科技 数据 分析师 对接 产品 测试 跟进 需求 落地 缺陷 修复 数据 分析师 业务 开发 维护 需求 评审,实际 技术 功底 完整 开发 流程 独立 排查 常见 技术 认真负责 协作 高效 推进 项目 落地 持续 保持 技术 敏感度,Power BI Tableau 用户分析 Excel 数据可视化 SQL Pandas Python 系统架构设计师,Power BI、Tableau、用户分析、Excel、数据可视化、SQL、Pandas、Python,系统架构设计师
沈天佑,男,13757560750,shen天you9713@outlook.com,wx_shen天you_116,宁波,"期望岗位：后端开发工程师
期望城市：宁波
期望行业：互联网/信息技术/软件服务
期望薪资：面议",1年后端开发工程师工作经验，精通Go、Java技术栈，参与过完整项目迭代，能够独立完成模块开发与问题排查，注重代码质量与开发效率，具备良好的沟通协作能力。,"南京大学 | 数据科学与大数据技术 | 本科
毕业时间：2021年6月
核心课程：数据结构、操作系统、机器学习、算法设计与分析","【信雅科技有限公司】 后端开发工程师
2025年6月 - 至今
    · 负责公司后端开发工程师相关业务的开发与维护，参与需求评审
    · 编写开发文档，沉淀技术规范，协助新人熟悉业务","■ 内容管理系统后端
  项目目标：搭建CMS系统后端服务，支持多站点内容发布
  个人职责：负责文章、栏目、权限模块接口开发，设计数据库表结构
  项目成果：支撑8个站点同时运营，内容发布效率提升3倍

■ 即时通讯服务开发
  项目目标：实现企业内部IM系统后端消息推送与存储
  个人职责：负责消息队列、离线消息、会话管理模块开发
  项目成果：支持万人同时在线，消息送达延迟低于100ms","专业技能：SpringBoot、Go、微服务、MySQL、Python、Redis、Docker
相关证书：PMP项目管理专业人士",拥有1年实际工作经验，技术功底扎实，熟悉完整开发流程；具备较强的问题解决能力，能够独立排查并解决常见技术问题；工作认真负责，注重团队协作，能够高效推进项目落地；持续学习，保持技术敏感度。,年后 开发 工程师 Go Java 技术 完整 项目 迭代 独立 模块 开发 排查 代码 质量 开发 效率 协作,管理系统 后端 搭建 CMS 系统 后端 服务 站点 发布 文章 栏目 权限 模块接口 开发 数据库 结构 支撑 站点 运营 发布 效率 即时通讯 服务 开发 企业 内部 IM 系统 后端 消息 推送 存储 消息 队列 离线 消息 会话 管理 模块 开发 万人 同时在线 消息 送达 延迟 低于 100ms,信雅 科技 后端 开发 工程师 至今 后端 开发 工程师 业务 开发 维护 需求 评审 编写 开发 文档 沉淀 技术规范 新人 熟悉业务,实际 技术 功底 完整 开发 流程 独立 排查 常见 技术 认真负责 协作 高效 推进 项目 落地 持续 保持 技术 敏感度,SpringBoot Go 微服务 MySQL Python Redis Docker PMP项目管理专业人士,SpringBoot、Go、微服务、MySQL、Python、Redis、Docker,PMP项目管理专业人士
胡雨泽,男,15304364351,hu雨ze3498@126.com,wx_hu雨ze_795,芜湖,"期望岗位：算法工程师
期望城市：芜湖
期望行业：互联网/信息技术/软件服务
期望薪资：3500-4500元",本科通信工程专业应届毕业生，掌握NLP、算法优化基础技能，完成过课程设计与毕业项目，具备基础代码编写能力与问题排查思路，学习能力强，做事认真踏实，期望从事算法工程师相关工作。,"广东技术师范大学 | 通信工程 | 本科
毕业时间：2022年6月
核心课程：Java程序设计、算法设计与分析、计算机网络、数据库原理","【校园实践】
    · 参与学校计算机协会技术部，负责协会网站日常维护
    · 协助老师完成实验室设备管理与系统环境搭建
    · 参与班级课程设计小组，担任后端开发角色","■ 电影推荐系统（毕设）
  项目目标：基于协同过滤实现简单电影推荐
  个人职责：数据处理、模型实现、效果验证
  项目成果：召回准确率达到75%","专业技能：TensorFlow、机器学习、Python、深度学习
相关证书：英语四级",应届毕业，具备扎实的专业基础知识与学习能力，能够快速掌握新技术；工作态度认真负责，有耐心，注重细节；具备良好的团队意识与沟通能力，能够积极配合团队完成任务；期望在工作中积累经验，快速成长。,本科 通信工程 应届 毕业生 NLP 算法优化 课程设计 项目 代码 编写 排查 算法 工程师,电影 推荐 系统 毕设 基于 协同 过滤 简单 电影 推荐 数据处理 模型 效果 验证 召回 准确率 达到,学校 计算机 协会 技术部 协会 网站 维护 老师 实验室 设备 管理 系统 环境 搭建 班级 课程设计 小组 后端 开发 角色,应届 基础知识 技术 认真负责,TensorFlow 机器学习 Python 深度学习 英语四级,TensorFlow、机器学习、Python、深度学习,英语四级
冯雨桐,女,18233551284,feng雨tong957@gmail.com,wx_feng雨tong_803,徐州,"期望岗位：算法工程师
期望城市：徐州
期望行业：互联网/信息技术/软件服务
期望薪资：7000-7500元",本科软件工程专业应届毕业生，有0段算法工程师实习经验，掌握特征工程技术栈，参与过实习项目开发，具备良好的代码规范与团队协作意识，能够快速上手业务，期望正式入职发展。,"集美大学 | 软件工程 | 本科
毕业时间：2022年6月
核心课程：Java程序设计、数字信号处理、计算机网络、算法设计与分析","【腾讯（深圳分公司）】 算法工程师（实习）
2021年4月 - 至今
    · 对接产品、测试团队，跟进需求落地与缺陷修复
    · 承担分配模块的编码、测试与优化工作，保障系统稳定运行","■ 电影推荐系统（毕设）
  项目目标：基于协同过滤实现简单电影推荐
  个人职责：数据处理、模型实现、效果验证
  项目成果：召回准确率达到75%

■ 手写数字识别（课程作业）
  项目目标：基于MNIST数据集实现手写数字识别
  个人职责：使用CNN搭建模型，训练与调优
  项目成果：识别准确率达到92%","专业技能：计算机视觉、SQL、Python、算法优化、机器学习、TensorFlow、PyTorch
相关证书：英语四级、计算机二级",有实习经验，熟悉开发基本流程，具备基础的项目实践能力；学习能力强，能够快速上手新业务新技术；工作踏实，责任心强，善于沟通协作，能够高效完成分配的工作任务。,本科 软件工程 应届 毕业生 算法 工程师 实习 特征工程 技术 实习 项目 开发 代码 规范 协作 上手 业务 正式 入职 发展,电影 推荐 系统 毕设 基于 协同 过滤 简单 电影 推荐 数据处理 模型 效果 验证 召回 准确率 达到 手写 数字 识别 作业 基于 MNIST 数据 手写 数字 识别 CNN 搭建 模型 训练 调优 识别 准确率 达到,腾讯 深圳 分公司 算法 工程师 实习 至今 对接 产品 测试 跟进 需求 落地 缺陷 修复 分配 模块 编码 测试 保障系统 稳定 运行,实习 开发 基本 流程 项目 实践 上手 业务 技术 责任心 善于 协作 高效 分配,计算机视觉 SQL Python 算法优化 机器学习 TensorFlow PyTorch 英语四级 计算机二级,计算机视觉、SQL、Python、算法优化、机器学习、TensorFlow、PyTorch,英语四级、计算机二级
陆宇,男,13502109655,luyu5191@qq.com,wx_luyu_920,泉州,"期望岗位：软件测试工程师
期望城市：泉州
期望行业：互联网/信息技术/软件服务
期望薪资：7000-8000元",专科软件技术专业应届毕业生，有1段软件测试工程师实习经验，掌握测试用例设计技术栈，参与过实习项目开发，具备良好的代码规范与团队协作意识，能够快速上手业务，期望正式入职发展。,"福州职业技术学院 | 软件技术 | 专科
毕业时间：2021年6月
核心课程：算法设计与分析、Java程序设计、机器学习、数字信号处理","【启明网络科技有限公司】 软件测试工程师（实习）
2025年2月 - 至今
    · 承担分配模块的编码、测试与优化工作，保障系统稳定运行
    · 负责公司软件测试工程师相关业务的开发与维护，参与需求评审","■ 网页兼容性测试实训
  项目目标：对多个网站进行浏览器兼容测试
  个人职责：制定测试方案，输出测试报告
  项目成果：覆盖5款主流浏览器

■ 学生管理系统功能测试
  项目目标：对课程设计系统进行功能测试与缺陷提交
  个人职责：设计测试用例，执行黑盒测试
  项目成果：发现并提交8个功能缺陷","专业技能：Selenium、Python、MySQL、接口测试、JMeter、测试用例设计、Postman
相关证书：计算机二级、系统架构设计师",有实习经验，熟悉开发基本流程，具备基础的项目实践能力；学习能力强，能够快速上手新业务新技术；工作踏实，责任心强，善于沟通协作，能够高效完成分配的工作任务。,专科 软件技术 应届 毕业生 软件测试 工程师 实习 测试用例设计 技术 实习 项目 开发 代码 规范 协作 上手 业务 正式 入职 发展,网页 兼容性 测试 实训 多个 网站 浏览器 兼容 测试 制定 测试 方案 测试报告 覆盖 主流 浏览器 学生 管理系统 功能测试 课程设计 系统 功能测试 缺陷 提交 测试用例 执行 黑盒 测试 发现 提交 功能 缺陷,启明 网络科技 软件测试 工程师 实习 至今 分配 模块 编码 测试 保障系统 稳定 运行 软件测试 工程师 业务 开发 维护 需求 评审,实习 开发 基本 流程 项目 实践 上手 业务 技术 责任心 善于 协作 高效 分配,Selenium Python MySQL 接口测试 JMeter 测试用例设计 Postman 计算机二级 系统架构设计师,Selenium、Python、MySQL、接口测试、JMeter、测试用例设计、Postman,计算机二级、系统架构设计师
段彬,男,18281249224,duanbin052@qq.com,13634967694,杭州,"期望岗位：数据分析师
期望城市：杭州
期望行业：互联网/信息技术/软件服务
期望薪资：14500-15000元",3年数据分析师从业经验，精通数据可视化技术架构，主导过中型项目从0到1落地，擅长技术方案设计与性能优化，曾推动核心模块技术重构，带来显著效率提升，具备跨部门协作与项目推进能力。,"苏州大学 | 通信工程 | 本科
毕业时间：2019年6月
核心课程：操作系统、数字信号处理、软件工程、数据结构","【易联网络科技有限公司】 数据分析师
2025年5月 - 至今
    · 承担分配模块的编码、测试与优化工作，保障系统稳定运行
    · 负责公司数据分析师相关业务的开发与维护，参与需求评审

【易联互联网科技有限公司】 数据分析师
2024年5月 - 2025年9月
    · 承担分配模块的编码、测试与优化工作，保障系统稳定运行
    · 编写开发文档，沉淀技术规范，协助新人熟悉业务
    · 负责公司数据分析师相关业务的开发与维护，参与需求评审","■ 用户行为分析看板
  项目目标：构建用户行为数据体系，支撑运营决策
  个人职责：负责数据清洗、指标体系搭建，输出可视化运营报表
  项目成果：输出15+核心运营指标，支撑每月3次运营优化，用户留存率提升8%

■ 销售数据预测建模
  项目目标：基于历史数据预测销量，指导库存与备货
  个人职责：数据预处理，构建时间序列预测模型，输出月度预测报告
  项目成果：预测准确率达89%，库存周转效率提升25%","专业技能：数据可视化、Python、Pandas、Tableau、MySQL、Hive、NumPy、统计学
相关证书：红帽RHCE认证",拥有3年行业经验，技术视野开阔，具备方案设计与项目把控能力；逻辑清晰，善于定位并解决复杂技术问题；具备良好的团队管理与跨部门沟通能力，能够推动技术优化与业务落地；责任心强，追求技术与业务的平衡发展。,数据 分析师 从业 数据可视化 技术 架构 主导 中型 项目 落地 擅长 技术 方案设计 性能 推动 核心 模块 技术 重构 带来 显著 效率 跨部门 协作 项目 推进,用户 行为 分析 看板 构建 用户 行为 数据 体系 支撑 运营 决策 数据 清洗 指标体系 搭建 可视化 运营 报表 核心 运营 指标 支撑 每月 运营 用户 留存 销售 数据 预测 建模 基于 历史数据 预测 销量 指导 库存 备货 数据 预处理 构建 时间 序列 预测 模型 月度 预测 报告 预测 准确率 库存 周转 效率,联网络 科技 数据 分析师 至今 分配 模块 编码 测试 保障系统 稳定 运行 数据 分析师 业务 开发 维护 需求 评审 易联 互联网 科技 数据 分析师 分配 模块 编码 测试 保障系统 稳定 运行 编写 开发 文档 沉淀 技术规范 新人 熟悉业务 数据 分析师 业务 开发 维护 需求 评审,技术 视野 开阔 方案设计 项目 逻辑 清晰 善于 定位 复杂 技术 管理 跨部门 推动 技术 业务 落地 责任心 追求 技术 业务 平衡 发展,数据可视化 Python Pandas Tableau MySQL Hive NumPy 统计学 红帽RHCE认证,数据可视化、Python、Pandas、Tableau、MySQL、Hive、NumPy、统计学,红帽RHCE认证
龚杰,男,15926920882,gongjie15@126.com,18825323024,徐州,"期望岗位：运维工程师
期望城市：徐州
期望行业：互联网/信息技术/软件服务
期望薪资：4000-5000元",本科信息管理与信息系统专业应届毕业生，掌握Redis、Redis基础技能，完成过课程设计与毕业项目，具备基础代码编写能力与问题排查思路，学习能力强，做事认真踏实，期望从事运维工程师相关工作。,"浙江工业大学 | 信息管理与信息系统 | 本科
毕业时间：2022年6月
核心课程：Java程序设计、数据结构、计算机网络、操作系统","【校园实践】
    · 参与学校计算机协会技术部，负责协会网站日常维护
    · 协助老师完成实验室设备管理与系统环境搭建
    · 参与班级课程设计小组，担任后端开发角色","■ 简单监控脚本开发
  项目目标：编写服务器状态监控脚本
  个人职责：实现CPU、内存、磁盘使用率自动采集
  项目成果：支持异常邮件告警","专业技能：Kubernetes、Jenkins、Linux、Shell
相关证书：计算机一级",应届毕业，具备扎实的专业基础知识与学习能力，能够快速掌握新技术；工作态度认真负责，有耐心，注重细节；具备良好的团队意识与沟通能力，能够积极配合团队完成任务；期望在工作中积累经验，快速成长。,本科 信息管理与信息系统 应届 毕业生 Redis Redis 课程设计 项目 代码 编写 排查 运维 工程师,简单 监控 脚本 开发 编写 服务器 状态 监控 脚本 CPU 内存 磁盘 使用率 自动 采集 异常 邮件 告警,学校 计算机 协会 技术部 协会 网站 维护 老师 实验室 设备 管理 系统 环境 搭建 班级 课程设计 小组 后端 开发 角色,应届 基础知识 技术 认真负责,Kubernetes Jenkins Linux Shell 计算机一级,Kubernetes、Jenkins、Linux、Shell,计算机一级
沈浩,男,13533911194,shenhao26@126.com,15019019550,阜阳,"期望岗位：算法工程师
期望城市：阜阳
期望行业：互联网/信息技术/软件服务
期望薪资：面议",本科软件技术专业应届毕业生，有0段算法工程师实习经验，掌握数据结构技术栈，参与过实习项目开发，具备良好的代码规范与团队协作意识，能够快速上手业务，期望正式入职发展。,"泉州师范学院 | 软件技术 | 本科
毕业时间：2022年6月
核心课程：数据库原理、操作系统、算法设计与分析、数字信号处理","【启明信息技术有限公司】 算法工程师（实习）
2020年10月 - 至今
    · 对接产品、测试团队，跟进需求落地与缺陷修复
    · 编写开发文档，沉淀技术规范，协助新人熟悉业务
    · 承担分配模块的编码、测试与优化工作，保障系统稳定运行","■ 电影推荐系统（毕设）
  项目目标：基于协同过滤实现简单电影推荐
  个人职责：数据处理、模型实现、效果验证
  项目成果：召回准确率达到75%

■ 手写数字识别（课程作业）
  项目目标：基于MNIST数据集实现手写数字识别
  个人职责：使用CNN搭建模型，训练与调优
  项目成果：识别准确率达到92%","专业技能：数据结构、深度学习、计算机视觉、NLP、推荐算法
相关证书：计算机一级、软考中级",有实习经验，熟悉开发基本流程，具备基础的项目实践能力；学习能力强，能够快速上手新业务新技术；工作踏实，责任心强，善于沟通协作，能够高效完成分配的工作任务。,本科 软件技术 应届 毕业生 算法 工程师 实习 数据结构 技术 实习 项目 开发 代码 规范 协作 上手 业务 正式 入职 发展,电影 推荐 系统 毕设 基于 协同 过滤 简单 电影 推荐 数据处理 模型 效果 验证 召回 准确率 达到 手写 数字 识别 作业 基于 MNIST 数据 手写 数字 识别 CNN 搭建 模型 训练 调优 识别 准确率 达到,启明 信息技术 算法 工程师 实习 至今 对接 产品 测试 跟进 需求 落地 缺陷 修复 编写 开发 文档 沉淀 技术规范 新人 熟悉业务 分配 模块 编码 测试 保障系统 稳定 运行,实习 开发 基本 流程 项目 实践 上手 业务 技术 责任心 善于 协作 高效 分配,数据结构 深度学习 计算机视觉 NLP 推荐算法 计算机一级 软考中级,数据结构、深度学习、计算机视觉、NLP、推荐算法,计算机一级、软考中级
陶辉,男,15888247358,taohui70@qq.com,wx_taohui_543,宁德,"期望岗位：运维工程师
期望城市：宁德
期望行业：互联网/信息技术/软件服务
期望薪资：6500-10000元",1年运维工程师工作经验，精通网络运维、Docker技术栈，参与过完整项目迭代，能够独立完成模块开发与问题排查，注重代码质量与开发效率，具备良好的沟通协作能力。,"南京理工大学 | 网络工程 | 本科
毕业时间：2021年6月
核心课程：操作系统、Java程序设计、机器学习、数据库原理","【星图软件有限公司】 运维工程师
2025年8月 - 至今
    · 承担分配模块的编码、测试与优化工作，保障系统稳定运行
    · 编写开发文档，沉淀技术规范，协助新人熟悉业务
    · 对接产品、测试团队，跟进需求落地与缺陷修复","■ 服务器集群运维优化
  项目目标：提升服务器集群稳定性，降低故障发生率
  个人职责：负责日常巡检、故障排查，优化监控告警规则与分级策略
  项目成果：服务器故障率下降60%，平均故障响应时间缩短至15分钟

■ CI/CD自动化流水线
  项目目标：实现代码自动化构建、测试、部署，提升发布效率
  个人职责：基于Jenkins搭建持续集成流水线，配置Docker容器化部署
  项目成果：发布周期从每周1次提升至每天3次，部署失误率降为0","专业技能：Nginx、Docker、Zabbix、Jenkins、Ansible、网络运维、Linux、Shell、Kubernetes、Prometheus
相关证书：系统架构设计师、软考中级",拥有1年实际工作经验，技术功底扎实，熟悉完整开发流程；具备较强的问题解决能力，能够独立排查并解决常见技术问题；工作认真负责，注重团队协作，能够高效推进项目落地；持续学习，保持技术敏感度。,运维 工程师 网络运维 Docker 技术 完整 项目 迭代 独立 模块 开发 排查 代码 质量 开发 效率 协作,服务器 集群 运维 服务器 集群 稳定性 降低 故障 发生率 巡检 故障 排查 监控 告警 规则 分级 策略 服务器 故障率 下降 平均 故障 响应 时间 缩短 分钟 CI CD 自动化 流水线 代码 自动化 构建 测试 部署 发布 效率 基于 Jenkins 搭建 持续 集成 流水线 配置 Docker 容器 部署 发布 周期 每周 每天 部署 失误 降为,星图 软件 运维 工程师 至今 分配 模块 编码 测试 保障系统 稳定 运行 编写 开发 文档 沉淀 技术规范 新人 熟悉业务 对接 产品 测试 跟进 需求 落地 缺陷 修复,实际 技术 功底 完整 开发 流程 独立 排查 常见 技术 认真负责 协作 高效 推进 项目 落地 持续 保持 技术 敏感度,Nginx Docker Zabbix Jenkins Ansible 网络运维 Linux Shell Kubernetes Prometheus 系统架构设计师 软考中级,Nginx、Docker、Zabbix、Jenkins、Ansible、网络运维、Linux、Shell、Kubernetes、Prometheus,系统架构设计师、软考中级
蔡刚,男,15147441347,caigang5383@126.com,13230819029,马鞍山,"期望岗位：后端开发工程师
期望城市：马鞍山
期望行业：互联网/信息技术/软件服务
期望薪资：5500-6000元",本科网络工程专业应届毕业生，掌握Java、Go基础技能，完成过课程设计与毕业项目，具备基础代码编写能力与问题排查思路，学习能力强，做事认真踏实，期望从事后端开发工程师相关工作。,"东南大学 | 网络工程 | 本科
毕业时间：2022年6月
核心课程：数据结构、操作系统、Python编程、数据库原理","【校园实践】
    · 参与学校计算机协会技术部，负责协会网站日常维护
    · 协助老师完成实验室设备管理与系统环境搭建
    · 参与班级课程设计小组，担任后端开发角色","■ 简单论坛系统
  项目目标：实现帖子发布、回复、板块管理
  个人职责：负责后端服务开发与接口文档编写
  项目成果：支持百人同时在线访问","专业技能：Python、Go、Docker、Redis、SpringBoot、微服务
相关证书：英语四级",应届毕业，具备扎实的专业基础知识与学习能力，能够快速掌握新技术；工作态度认真负责，有耐心，注重细节；具备良好的团队意识与沟通能力，能够积极配合团队完成任务；期望在工作中积累经验，快速成长。,本科 网络工程 应届 毕业生 Java Go 课程设计 项目 代码 编写 排查 后端 开发 工程师,简单 论坛 系统 帖子 发布 回复 板块 管理 后端 服务 开发 接口 文档 编写 百人 同时在线 访问,学校 计算机 协会 技术部 协会 网站 维护 老师 实验室 设备 管理 系统 环境 搭建 班级 课程设计 小组 后端 开发 角色,应届 基础知识 技术 认真负责,Python Go Docker Redis SpringBoot 微服务 英语四级,Python、Go、Docker、Redis、SpringBoot、微服务,英语四级
严妍,女,17796741258,yanyan793@163.com,wx_yanyan_491,杭州,"期望岗位：运维工程师
期望城市：杭州
期望行业：互联网/信息技术/软件服务
期望薪资：4000-5000元",专科数字媒体技术专业应届毕业生，掌握网络运维、网络运维基础技能，完成过课程设计与毕业项目，具备基础代码编写能力与问题排查思路，学习能力强，做事认真踏实，期望从事运维工程师相关工作。,"南京工业职业技术大学 | 数字媒体技术 | 专科
毕业时间：2022年6月
核心课程：数据结构、机器学习、数字信号处理、操作系统","【校园实践】
    · 参与学校计算机协会技术部，负责协会网站日常维护
    · 协助老师完成实验室设备管理与系统环境搭建
    · 参与班级课程设计小组，担任后端开发角色","■ 实验室服务器搭建实训
  项目目标：搭建实验室Linux服务器环境
  个人职责：负责系统安装、网络配置、基础服务部署
  项目成果：完成3台服务器环境搭建","专业技能：Redis、Prometheus、Zabbix、Docker、Ansible、网络运维、MySQL
相关证书：阿里云ACP云计算认证",应届毕业，具备扎实的专业基础知识与学习能力，能够快速掌握新技术；工作态度认真负责，有耐心，注重细节；具备良好的团队意识与沟通能力，能够积极配合团队完成任务；期望在工作中积累经验，快速成长。,专科 数字媒体技术 应届 毕业生 网络运维 网络运维 课程设计 项目 代码 编写 排查 运维 工程师,实验室 服务器 搭建 实训 搭建 实验室 Linux 服务器 环境 系统 安装 网络 配置 服务 部署 服务器 环境 搭建,学校 计算机 协会 技术部 协会 网站 维护 老师 实验室 设备 管理 系统 环境 搭建 班级 课程设计 小组 后端 开发 角色,应届 基础知识 技术 认真负责,Redis Prometheus Zabbix Docker Ansible 网络运维 MySQL 阿里云ACP云计算认证,Redis、Prometheus、Zabbix、Docker、Ansible、网络运维、MySQL,阿里云ACP云计算认证
叶皓,男,13031927447,yehao85@outlook.com,18860336724,三明,"期望岗位：后端开发工程师
期望城市：三明
期望行业：互联网/信息技术/软件服务
期望薪资：6500-11000元",2年后端开发工程师工作经验，精通Gin、Java技术栈，参与过完整项目迭代，能够独立完成模块开发与问题排查，注重代码质量与开发效率，具备良好的沟通协作能力。,"泉州师范学院 | 软件工程 | 本科
毕业时间：2020年6月
核心课程：软件工程、算法设计与分析、机器学习、数字信号处理","【腾讯（深圳分公司）】 后端开发工程师
2025年8月 - 至今
    · 承担分配模块的编码、测试与优化工作，保障系统稳定运行
    · 编写开发文档，沉淀技术规范，协助新人熟悉业务
    · 对接产品、测试团队，跟进需求落地与缺陷修复

【易联互联网科技有限公司】 后端开发工程师
2024年9月 - 2025年8月
    · 负责公司后端开发工程师相关业务的开发与维护，参与需求评审
    · 编写开发文档，沉淀技术规范，协助新人熟悉业务
    · 承担分配模块的编码、测试与优化工作，保障系统稳定运行","■ 即时通讯服务开发
  项目目标：实现企业内部IM系统后端消息推送与存储
  个人职责：负责消息队列、离线消息、会话管理模块开发
  项目成果：支持万人同时在线，消息送达延迟低于100ms

■ 内容管理系统后端
  项目目标：搭建CMS系统后端服务，支持多站点内容发布
  个人职责：负责文章、栏目、权限模块接口开发，设计数据库表结构
  项目成果：支撑8个站点同时运营，内容发布效率提升3倍","专业技能：Java、微服务、Redis、Python、Gin、Docker、PostgreSQL、Kafka
相关证书：软考中级、计算机一级、英语四级",拥有2年实际工作经验，技术功底扎实，熟悉完整开发流程；具备较强的问题解决能力，能够独立排查并解决常见技术问题；工作认真负责，注重团队协作，能够高效推进项目落地；持续学习，保持技术敏感度。,年后 开发 工程师 Gin Java 技术 完整 项目 迭代 独立 模块 开发 排查 代码 质量 开发 效率 协作,即时通讯 服务 开发 企业 内部 IM 系统 后端 消息 推送 存储 消息 队列 离线 消息 会话 管理 模块 开发 万人 同时在线 消息 送达 延迟 低于 100ms 管理系统 后端 搭建 CMS 系统 后端 服务 站点 发布 文章 栏目 权限 模块接口 开发 数据库 结构 支撑 站点 运营 发布 效率,腾讯 深圳 分公司 后端 开发 工程师 至今 分配 模块 编码 测试 保障系统 稳定 运行 编写 开发 文档 沉淀 技术规范 新人 熟悉业务 对接 产品 测试 跟进 需求 落地 缺陷 修复 易联 互联网 科技 后端 开发 工程师 后端 开发 工程师 业务 开发 维护 需求 评审 编写 开发 文档 沉淀 技术规范 新人 熟悉业务 分配 模块 编码 测试 保障系统 稳定 运行,实际 技术 功底 完整 开发 流程 独立 排查 常见 技术 认真负责 协作 高效 推进 项目 落地 持续 保持 技术 敏感度,Java 微服务 Redis Python Gin Docker PostgreSQL Kafka 软考中级 计算机一级 英语四级,Java、微服务、Redis、Python、Gin、Docker、PostgreSQL、Kafka,软考中级、计算机一级、英语四级
秦思琪,女,18058841080,qinsiqi1489@qq.com,wx_qinsiqi_391,泉州,"期望岗位：Java开发工程师
期望城市：泉州
期望行业：互联网/信息技术/软件服务
期望薪资：7500-8000元",专科物联网工程专业应届毕业生，有1段Java开发工程师实习经验，掌握SpringBoot技术栈，参与过实习项目开发，具备良好的代码规范与团队协作意识，能够快速上手业务，期望正式入职发展。,"福建信息职业技术学院 | 物联网工程 | 专科
毕业时间：2021年6月
核心课程：Java程序设计、Python编程、操作系统、软件工程","【OPPO（东莞）】 Java开发工程师（实习）
2025年3月 - 至今
    · 编写开发文档，沉淀技术规范，协助新人熟悉业务
    · 承担分配模块的编码、测试与优化工作，保障系统稳定运行","■ 校园二手交易平台（毕设）
  项目目标：搭建校园闲置物品发布与交易平台
  个人职责：负责用户模块、商品发布模块开发
  项目成果：完成系统原型，获得良好成绩

■ 学生成绩管理系统（课程设计）
  项目目标：实现学生信息、成绩、班级的增删改查管理
  个人职责：负责后端接口开发与数据库设计
  项目成果：完成基础功能，通过课程答辩","专业技能：SpringBoot、JVM调优、Redis、MyBatis、Java、RabbitMQ、MySQL
相关证书：红帽RHCE认证",有实习经验，熟悉开发基本流程，具备基础的项目实践能力；学习能力强，能够快速上手新业务新技术；工作踏实，责任心强，善于沟通协作，能够高效完成分配的工作任务。,专科 物联网工程 应届 毕业生 Java 开发 工程师 实习 SpringBoot 技术 实习 项目 开发 代码 规范 协作 上手 业务 正式 入职 发展,二手交易 平台 毕设 搭建 闲置 物品 发布 交易平台 用户 模块 商品 发布 模块 开发 系统 原型 获得 成绩 学生 成绩 管理系统 课程设计 学生 信息 成绩 班级 增删 改查 管理 后端 接口 开发 数据库 功能 答辩,OPPO 东莞 Java 开发 工程师 实习 至今 编写 开发 文档 沉淀 技术规范 新人 熟悉业务 分配 模块 编码 测试 保障系统 稳定 运行,实习 开发 基本 流程 项目 实践 上手 业务 技术 责任心 善于 协作 高效 分配,SpringBoot JVM调优 Redis MyBatis Java RabbitMQ MySQL 红帽RHCE认证,SpringBoot、JVM调优、Redis、MyBatis、Java、RabbitMQ、MySQL,红帽RHCE认证
彭峰,男,13182112858,pengfeng028@gmail.com,wx_pengfeng_849,南平,"期望岗位：算法工程师
期望城市：南平
期望行业：互联网/信息技术/软件服务
期望薪资：10000-11500元",1年算法工程师工作经验，精通数据结构、SQL技术栈，参与过完整项目迭代，能够独立完成模块开发与问题排查，注重代码质量与开发效率，具备良好的沟通协作能力。,"江西师范大学 | 软件技术 | 本科
毕业时间：2021年6月
核心课程：机器学习、操作系统、计算机网络、软件工程","【卓望软件有限公司】 算法工程师
2025年9月 - 至今
    · 承担分配模块的编码、测试与优化工作，保障系统稳定运行
    · 负责公司算法工程师相关业务的开发与维护，参与需求评审
    · 编写开发文档，沉淀技术规范，协助新人熟悉业务","■ 个性化推荐系统
  项目目标：提升内容推荐精准度，增加用户停留时长
  个人职责：负责协同过滤、深度学习推荐模型开发与离线优化
  项目成果：用户平均停留时长提升25%，点击率提升15%

■ 风控欺诈识别模型
  项目目标：识别交易欺诈行为，降低资金损失风险
  个人职责：特征工程，构建XGBoost风控模型，在线部署与迭代
  项目成果：欺诈识别准确率达92%，每年减少损失超200万","专业技能：PyTorch、特征工程、深度学习、Python、机器学习、TensorFlow、数据结构、推荐算法、SQL、NLP
相关证书：英语六级、软件设计师（中级）",拥有1年实际工作经验，技术功底扎实，熟悉完整开发流程；具备较强的问题解决能力，能够独立排查并解决常见技术问题；工作认真负责，注重团队协作，能够高效推进项目落地；持续学习，保持技术敏感度。,算法 工程师 数据结构 SQL 技术 完整 项目 迭代 独立 模块 开发 排查 代码 质量 开发 效率 协作,个性化 推荐 系统 推荐 精准度 增加 用户 停留 时长 协同 过滤 深度学习 推荐 模型 开发 离线 用户 平均 停留 时长 点击率 风控 欺诈 识别 模型 识别 交易 欺诈 行为 降低 资金 损失 风险 特征工程 构建 XGBoost 风控 模型 在线 部署 迭代 欺诈 识别 准确率 每年 减少 损失,卓望 软件 算法 工程师 至今 分配 模块 编码 测试 保障系统 稳定 运行 算法 工程师 业务 开发 维护 需求 评审 编写 开发 文档 沉淀 技术规范 新人 熟悉业务,实际 技术 功底 完整 开发 流程 独立 排查 常见 技术 认真负责 协作 高效 推进 项目 落地 持续 保持 技术 敏感度,PyTorch 特征工程 深度学习 Python 机器学习 TensorFlow 数据结构 推荐算法 SQL NLP 英语六级 软件 设计师 中级,PyTorch、特征工程、深度学习、Python、机器学习、TensorFlow、数据结构、推荐算法、SQL、NLP,英语六级、软件设计师（中级）
傅皓,男,15579640822,fuhao390@qq.com,18482257450,金华,"期望岗位：Java开发工程师
期望城市：金华
期望行业：互联网/信息技术/软件服务
期望薪资：13000-16500元",4年Java开发工程师从业经验，精通Git技术架构，主导过中型项目从0到1落地，擅长技术方案设计与性能优化，曾推动核心模块技术重构，带来显著效率提升，具备跨部门协作与项目推进能力。,"厦门理工学院 | 数字媒体技术 | 本科
毕业时间：2018年6月
核心课程：数据结构、数字信号处理、数据库原理、软件工程","【美图公司】 Java开发工程师
2024年9月 - 至今
    · 编写开发文档，沉淀技术规范，协助新人熟悉业务
    · 对接产品、测试团队，跟进需求落地与缺陷修复
    · 负责公司Java开发工程师相关业务的开发与维护，参与需求评审

【信雅互联网科技有限公司】 Java开发工程师
2022年3月 - 2024年11月
    · 对接产品、测试团队，跟进需求落地与缺陷修复
    · 承担分配模块的编码、测试与优化工作，保障系统稳定运行
    · 负责公司Java开发工程师相关业务的开发与维护，参与需求评审","■ 微服务用户中心重构
  项目目标：将单体用户系统拆分为微服务架构，提升并发承载能力
  个人职责：负责登录、注册、权限模块开发，优化数据库查询与缓存策略
  项目成果：支持并发量从500提升至5000，接口响应耗时减少60%

■ 电商订单交易系统
  项目目标：搭建高可用电商订单系统，支撑大促流量峰值
  个人职责：负责订单创建、支付回调、库存扣减核心逻辑开发
  项目成果：支撑日均订单量10万+，系统可用性达99.95%","专业技能：JVM调优、RabbitMQ、MyBatis、Redis、Linux、Java、Docker、SpringBoot、MySQL、Git
相关证书：英语四级、系统架构设计师",拥有4年行业经验，技术视野开阔，具备方案设计与项目把控能力；逻辑清晰，善于定位并解决复杂技术问题；具备良好的团队管理与跨部门沟通能力，能够推动技术优化与业务落地；责任心强，追求技术与业务的平衡发展。,Java 开发 工程师 从业 Git 技术 架构 主导 中型 项目 落地 擅长 技术 方案设计 性能 推动 核心 模块 技术 重构 带来 显著 效率 跨部门 协作 项目 推进,微服务 用户 中心 重构 单体 用户 系统 分为 微服务 架构 并发 承载能力 登录 注册 权限 模块 开发 数据库 查询 缓存 策略 并发 接口 响应 耗时 减少 电商 订单 交易系统 搭建 可用 电商 订单 系统 支撑 大促 流量 峰值 订单 创建 支付 回调 库存 扣减 核心 逻辑 开发 支撑 日均 订单 系统 可用性,美图 Java 开发 工程师 至今 编写 开发 文档 沉淀 技术规范 新人 熟悉业务 对接 产品 测试 跟进 需求 落地 缺陷 修复 Java 开发 工程师 业务 开发 维护 需求 评审 信雅 互联网 科技 Java 开发 工程师 对接 产品 测试 跟进 需求 落地 缺陷 修复 分配 模块 编码 测试 保障系统 稳定 运行 Java 开发 工程师 业务 开发 维护 需求 评审,技术 视野 开阔 方案设计 项目 逻辑 清晰 善于 定位 复杂 技术 管理 跨部门 推动 技术 业务 落地 责任心 追求 技术 业务 平衡 发展,JVM调优 RabbitMQ MyBatis Redis Linux Java Docker SpringBoot MySQL Git 英语四级 系统架构设计师,JVM调优、RabbitMQ、MyBatis、Redis、Linux、Java、Docker、SpringBoot、MySQL、Git,英语四级、系统架构设计师
韦鑫,男,13092991364,weixin218@outlook.com,13133111798,无锡,"期望岗位：Java开发工程师
期望城市：无锡
期望行业：互联网/信息技术/软件服务
期望薪资：面议",8年Java开发工程师资深经验，精通全链路技术架构，具备团队技术规划与方案设计能力，主导过多个大型项目重构与升级，在高并发/系统稳定性领域有深厚积累，能够带领团队攻克技术难题，驱动业务技术升级。,"厦门海洋职业技术学院 | 数字媒体技术 | 专科
毕业时间：2014年6月
核心课程：机器学习、数据库原理、算法设计与分析、数字信号处理","【恒信网络科技有限公司】 Java开发工程师
2024年12月 - 至今
    · 负责公司Java开发工程师相关业务的开发与维护，参与需求评审
    · 对接产品、测试团队，跟进需求落地与缺陷修复

【科创软件有限公司】 Java开发工程师
2022年11月 - 2024年9月
    · 承担分配模块的编码、测试与优化工作，保障系统稳定运行
    · 编写开发文档，沉淀技术规范，协助新人熟悉业务

【数聚软件有限公司】 Java开发工程师
2020年3月 - 2022年6月
    · 对接产品、测试团队，跟进需求落地与缺陷修复
    · 负责公司Java开发工程师相关业务的开发与维护，参与需求评审","■ 微服务用户中心重构
  项目目标：将单体用户系统拆分为微服务架构，提升并发承载能力
  个人职责：负责登录、注册、权限模块开发，优化数据库查询与缓存策略
  项目成果：支持并发量从500提升至5000，接口响应耗时减少60%

■ 电商订单交易系统
  项目目标：搭建高可用电商订单系统，支撑大促流量峰值
  个人职责：负责订单创建、支付回调、库存扣减核心逻辑开发
  项目成果：支撑日均订单量10万+，系统可用性达99.95%","专业技能：微服务、MySQL、Java、Docker、Linux、MyBatis、Redis
相关证书：阿里云ACP云计算认证",拥有8年行业经验，技术视野开阔，具备方案设计与项目把控能力；逻辑清晰，善于定位并解决复杂技术问题；具备良好的团队管理与跨部门沟通能力，能够推动技术优化与业务落地；责任心强，追求技术与业务的平衡发展。,Java 开发 工程师 资深 链路 技术 架构 技术 规划 方案设计 主导 多个 大型项目 重构 升级 并发 系统 稳定性 领域 深厚 带领 攻克 技术难题 驱动 业务 技术升级,微服务 用户 中心 重构 单体 用户 系统 分为 微服务 架构 并发 承载能力 登录 注册 权限 模块 开发 数据库 查询 缓存 策略 并发 接口 响应 耗时 减少 电商 订单 交易系统 搭建 可用 电商 订单 系统 支撑 大促 流量 峰值 订单 创建 支付 回调 库存 扣减 核心 逻辑 开发 支撑 日均 订单 系统 可用性,恒信 网络科技 Java 开发 工程师 至今 Java 开发 工程师 业务 开发 维护 需求 评审 对接 产品 测试 跟进 需求 落地 缺陷 修复 科创 软件 Java 开发 工程师 分配 模块 编码 测试 保障系统 稳定 运行 编写 开发 文档 沉淀 技术规范 新人 熟悉业务 数聚 软件 Java 开发 工程师 对接 产品 测试 跟进 需求 落地 缺陷 修复 Java 开发 工程师 业务 开发 维护 需求 评审,技术 视野 开阔 方案设计 项目 逻辑 清晰 善于 定位 复杂 技术 管理 跨部门 推动 技术 业务 落地 责任心 追求 技术 业务 平衡 发展,微服务 MySQL Java Docker Linux MyBatis Redis 阿里云ACP云计算认证,微服务、MySQL、Java、Docker、Linux、MyBatis、Redis,阿里云ACP云计算认证
邓飞,男,18857534930,dengfei479@gmail.com,13345351604,金华,"期望岗位：Java开发工程师
期望城市：金华
期望行业：互联网/信息技术/软件服务
期望薪资：8500-12000元",3年Java开发工程师工作经验，精通Redis、SpringCloud技术栈，参与过完整项目迭代，能够独立完成模块开发与问题排查，注重代码质量与开发效率，具备良好的沟通协作能力。,"泉州经贸职业技术学院 | 数字媒体技术 | 专科
毕业时间：2019年6月
核心课程：数据库原理、软件工程、Python编程、算法设计与分析","【易联科技有限公司】 Java开发工程师
2025年6月 - 至今
    · 承担分配模块的编码、测试与优化工作，保障系统稳定运行
    · 编写开发文档，沉淀技术规范，协助新人熟悉业务

【恒信数据技术有限公司】 Java开发工程师
2024年3月 - 2025年5月
    · 负责公司Java开发工程师相关业务的开发与维护，参与需求评审
    · 对接产品、测试团队，跟进需求落地与缺陷修复","■ 微服务用户中心重构
  项目目标：将单体用户系统拆分为微服务架构，提升并发承载能力
  个人职责：负责登录、注册、权限模块开发，优化数据库查询与缓存策略
  项目成果：支持并发量从500提升至5000，接口响应耗时减少60%

■ 电商订单交易系统
  项目目标：搭建高可用电商订单系统，支撑大促流量峰值
  个人职责：负责订单创建、支付回调、库存扣减核心逻辑开发
  项目成果：支撑日均订单量10万+，系统可用性达99.95%","专业技能：Docker、SpringBoot、Git、MySQL、JVM调优、Redis
相关证书：计算机一级",拥有3年实际工作经验，技术功底扎实，熟悉完整开发流程；具备较强的问题解决能力，能够独立排查并解决常见技术问题；工作认真负责，注重团队协作，能够高效推进项目落地；持续学习，保持技术敏感度。,Java 开发 工程师 Redis SpringCloud 技术 完整 项目 迭代 独立 模块 开发 排查 代码 质量 开发 效率 协作,微服务 用户 中心 重构 单体 用户 系统 分为 微服务 架构 并发 承载能力 登录 注册 权限 模块 开发 数据库 查询 缓存 策略 并发 接口 响应 耗时 减少 电商 订单 交易系统 搭建 可用 电商 订单 系统 支撑 大促 流量 峰值 订单 创建 支付 回调 库存 扣减 核心 逻辑 开发 支撑 日均 订单 系统 可用性,易联 科技 Java 开发 工程师 至今 分配 模块 编码 测试 保障系统 稳定 运行 编写 开发 文档 沉淀 技术规范 新人 熟悉业务 恒信 数据 技术 Java 开发 工程师 Java 开发 工程师 业务 开发 维护 需求 评审 对接 产品 测试 跟进 需求 落地 缺陷 修复,实际 技术 功底 完整 开发 流程 独立 排查 常见 技术 认真负责 协作 高效 推进 项目 落地 持续 保持 技术 敏感度,Docker SpringBoot Git MySQL JVM调优 Redis 计算机一级,Docker、SpringBoot、Git、MySQL、JVM调优、Redis,计算机一级
董磊,男,15619223437,donglei99@gmail.com,wx_donglei_375,宁波,"期望岗位：前端开发工程师
期望城市：宁波
期望行业：互联网/信息技术/软件服务
期望薪资：10500-12000元",1年前端开发工程师工作经验，精通TypeScript、Vite技术栈，参与过完整项目迭代，能够独立完成模块开发与问题排查，注重代码质量与开发效率，具备良好的沟通协作能力。,"浙江工业大学 | 信息管理与信息系统 | 本科
毕业时间：2021年6月
核心课程：算法设计与分析、机器学习、Python编程、计算机网络","【微远软件有限公司】 前端开发工程师
2025年6月 - 至今
    · 对接产品、测试团队，跟进需求落地与缺陷修复
    · 承担分配模块的编码、测试与优化工作，保障系统稳定运行","■ 企业后台管理系统
  项目目标：搭建企业运营管理后台，实现业务数据可视化
  个人职责：负责权限管理、数据报表模块开发，对接后端接口联调
  项目成果：覆盖12个业务部门，运营效率提升40%

■ 电商平台前端重构
  项目目标：升级旧版电商系统前端架构，提升用户体验与加载速度
  个人职责：负责商品详情页、购物车模块开发，组件化封装公共组件
  项目成果：首屏加载时间从3.2s降至1.8s，页面转化率提升12%","专业技能：Webpack、JavaScript、Axios、Element UI、CSS3、Ant Design、React、Vue、移动端适配
相关证书：华为HCIA认证、软考中级、计算机二级",拥有1年实际工作经验，技术功底扎实，熟悉完整开发流程；具备较强的问题解决能力，能够独立排查并解决常见技术问题；工作认真负责，注重团队协作，能够高效推进项目落地；持续学习，保持技术敏感度。,前端开发 工程师 TypeScript Vite 技术 完整 项目 迭代 独立 模块 开发 排查 代码 质量 开发 效率 协作,企业 后台 管理系统 搭建 企业 运营 管理 后台 业务 数据可视化 权限 管理 数据报表 模块 开发 对接 后端 接口 联调 覆盖 业务部门 运营 效率 电商 平台 前端 重构 升级 旧版 电商 系统 前端 架构 用户 体验 加载 速度 商品 详情页 购物车 模块 开发 组件 封装 公共 组件 首屏 加载 时间 3.2 降至 1.8 页面 转化率,微远 软件 前端开发 工程师 至今 对接 产品 测试 跟进 需求 落地 缺陷 修复 分配 模块 编码 测试 保障系统 稳定 运行,实际 技术 功底 完整 开发 流程 独立 排查 常见 技术 认真负责 协作 高效 推进 项目 落地 持续 保持 技术 敏感度,Webpack JavaScript Axios Element UI CSS3 Ant Design React Vue 移动端适配 华为HCIA认证 软考中级 计算机二级,Webpack、JavaScript、Axios、Element UI、CSS3、Ant Design、React、Vue、移动端适配,华为HCIA认证、软考中级、计算机二级
韦平,男,18612127722,weiping228@outlook.com,18048260218,镇江,"期望岗位：前端开发工程师
期望城市：镇江
期望行业：互联网/信息技术/软件服务
期望薪资：10500-13500元",5年前端开发工程师从业经验，精通JavaScript技术架构，主导过中型项目从0到1落地，擅长技术方案设计与性能优化，曾推动核心模块技术重构，带来显著效率提升，具备跨部门协作与项目推进能力。,"集美大学 | 电子信息工程 | 本科
毕业时间：2017年6月
核心课程：机器学习、操作系统、数字信号处理、计算机网络","【汇智数据技术有限公司】 前端开发工程师
2025年5月 - 至今
    · 承担分配模块的编码、测试与优化工作，保障系统稳定运行
    · 对接产品、测试团队，跟进需求落地与缺陷修复
    · 负责公司前端开发工程师相关业务的开发与维护，参与需求评审

【数聚信息技术有限公司】 前端开发工程师
2024年11月 - 2025年4月
    · 编写开发文档，沉淀技术规范，协助新人熟悉业务
    · 承担分配模块的编码、测试与优化工作，保障系统稳定运行

【云创数据技术有限公司】 前端开发工程师
2023年7月 - 2024年10月
    · 负责公司前端开发工程师相关业务的开发与维护，参与需求评审
    · 对接产品、测试团队，跟进需求落地与缺陷修复
    · 编写开发文档，沉淀技术规范，协助新人熟悉业务","■ 企业后台管理系统
  项目目标：搭建企业运营管理后台，实现业务数据可视化
  个人职责：负责权限管理、数据报表模块开发，对接后端接口联调
  项目成果：覆盖12个业务部门，运营效率提升40%

■ 电商平台前端重构
  项目目标：升级旧版电商系统前端架构，提升用户体验与加载速度
  个人职责：负责商品详情页、购物车模块开发，组件化封装公共组件
  项目成果：首屏加载时间从3.2s降至1.8s，页面转化率提升12%","专业技能：Vue、Element UI、移动端适配、HTML5、Ant Design、React、TypeScript、CSS3、Axios
相关证书：MySQL数据库认证",拥有5年行业经验，技术视野开阔，具备方案设计与项目把控能力；逻辑清晰，善于定位并解决复杂技术问题；具备良好的团队管理与跨部门沟通能力，能够推动技术优化与业务落地；责任心强，追求技术与业务的平衡发展。,前端开发 工程师 从业 JavaScript 技术 架构 主导 中型 项目 落地 擅长 技术 方案设计 性能 推动 核心 模块 技术 重构 带来 显著 效率 跨部门 协作 项目 推进,企业 后台 管理系统 搭建 企业 运营 管理 后台 业务 数据可视化 权限 管理 数据报表 模块 开发 对接 后端 接口 联调 覆盖 业务部门 运营 效率 电商 平台 前端 重构 升级 旧版 电商 系统 前端 架构 用户 体验 加载 速度 商品 详情页 购物车 模块 开发 组件 封装 公共 组件 首屏 加载 时间 3.2 降至 1.8 页面 转化率,汇智 数据 技术 前端开发 工程师 至今 分配 模块 编码 测试 保障系统 稳定 运行 对接 产品 测试 跟进 需求 落地 缺陷 修复 前端开发 工程师 业务 开发 维护 需求 评审 数聚 信息技术 前端开发 工程师 编写 开发 文档 沉淀 技术规范 新人 熟悉业务 分配 模块 编码 测试 保障系统 稳定 运行 云创 数据 技术 前端开发 工程师 前端开发 工程师 业务 开发 维护 需求 评审 对接 产品 测试 跟进 需求 落地 缺陷 修复 编写 开发 文档 沉淀 技术规范 新人 熟悉业务,技术 视野 开阔 方案设计 项目 逻辑 清晰 善于 定位 复杂 技术 管理 跨部门 推动 技术 业务 落地 责任心 追求 技术 业务 平衡 发展,Vue Element UI 移动端适配 HTML5 Ant Design React TypeScript CSS3 Axios MySQL数据库认证,Vue、Element UI、移动端适配、HTML5、Ant Design、React、TypeScript、CSS3、Axios,MySQL数据库认证
崔明,男,15172637794,cuiming9831@126.com,15261338771,宁波,"期望岗位：软件测试工程师
期望城市：宁波
期望行业：互联网/信息技术/软件服务
期望薪资：17000-17500元",5年软件测试工程师从业经验，精通Postman技术架构，主导过中型项目从0到1落地，擅长技术方案设计与性能优化，曾推动核心模块技术重构，带来显著效率提升，具备跨部门协作与项目推进能力。,"东莞理工学院 | 电子信息工程 | 本科
毕业时间：2017年6月
核心课程：数字信号处理、数据库原理、算法设计与分析、机器学习","【锐捷数据技术有限公司】 软件测试工程师
2025年7月 - 至今
    · 对接产品、测试团队，跟进需求落地与缺陷修复
    · 承担分配模块的编码、测试与优化工作，保障系统稳定运行
    · 负责公司软件测试工程师相关业务的开发与维护，参与需求评审

【新科科技有限公司】 软件测试工程师
2024年1月 - 2025年2月
    · 编写开发文档，沉淀技术规范，协助新人熟悉业务
    · 承担分配模块的编码、测试与优化工作，保障系统稳定运行
    · 负责公司软件测试工程师相关业务的开发与维护，参与需求评审

【中软数据技术有限公司】 软件测试工程师
2023年3月 - 2024年1月
    · 对接产品、测试团队，跟进需求落地与缺陷修复
    · 编写开发文档，沉淀技术规范，协助新人熟悉业务
    · 承担分配模块的编码、测试与优化工作，保障系统稳定运行","■ 自动化测试框架搭建
  项目目标：提升回归测试效率，减少人工重复劳动
  个人职责：基于Selenium搭建UI自动化框架，编写核心模块测试脚本
  项目成果：回归测试周期从7天缩短至2天，覆盖率达85%

■ 电商平台功能测试
  项目目标：保障电商系统上线质量，覆盖全业务流程
  个人职责：设计测试用例，执行功能、回归测试，提交缺陷报告
  项目成果：发现并修复120+缺陷，上线后线上缺陷率低于0.5%","专业技能：功能测试、Python、Postman、Appium、接口测试、缺陷管理、Selenium、JMeter、MySQL、TestNG
相关证书：英语六级",拥有5年行业经验，技术视野开阔，具备方案设计与项目把控能力；逻辑清晰，善于定位并解决复杂技术问题；具备良好的团队管理与跨部门沟通能力，能够推动技术优化与业务落地；责任心强，追求技术与业务的平衡发展。,软件测试 工程师 从业 Postman 技术 架构 主导 中型 项目 落地 擅长 技术 方案设计 性能 推动 核心 模块 技术 重构 带来 显著 效率 跨部门 协作 项目 推进,自动化 测试 框架 搭建 回归 测试 效率 减少 人工 重复劳动 基于 Selenium 搭建 UI 自动化 框架 编写 核心 模块 测试 脚本 回归 测试 周期 缩短 覆盖率 电商 平台 功能测试 保障 电商 系统 上线 质量 覆盖 业务流程 测试用例 执行 功能 回归 测试 提交 缺陷 报告 发现 修复 缺陷 上线 后线 缺陷率 低于,锐捷 数据 技术 软件测试 工程师 至今 对接 产品 测试 跟进 需求 落地 缺陷 修复 分配 模块 编码 测试 保障系统 稳定 运行 软件测试 工程师 业务 开发 维护 需求 评审 新科 科技 软件测试 工程师 编写 开发 文档 沉淀 技术规范 新人 熟悉业务 分配 模块 编码 测试 保障系统 稳定 运行 软件测试 工程师 业务 开发 维护 需求 评审 中软 数据 技术 软件测试 工程师 对接 产品 测试 跟进 需求 落地 缺陷 修复 编写 开发 文档 沉淀 技术规范 新人 熟悉业务 分配 模块 编码 测试 保障系统 稳定 运行,技术 视野 开阔 方案设计 项目 逻辑 清晰 善于 定位 复杂 技术 管理 跨部门 推动 技术 业务 落地 责任心 追求 技术 业务 平衡 发展,功能测试 Python Postman Appium 接口测试 缺陷管理 Selenium JMeter MySQL TestNG 英语六级,功能测试、Python、Postman、Appium、接口测试、缺陷管理、Selenium、JMeter、MySQL、TestNG,英语六级
唐婷,女,13776262247,tangting26@gmail.com,13936409040,扬州,"期望岗位：前端开发工程师
期望城市：扬州
期望行业：互联网/信息技术/软件服务
期望薪资：15000-19000元",4年前端开发工程师从业经验，精通Ant Design技术架构，主导过中型项目从0到1落地，擅长技术方案设计与性能优化，曾推动核心模块技术重构，带来显著效率提升，具备跨部门协作与项目推进能力。,"福建信息职业技术学院 | 电子信息工程 | 专科
毕业时间：2018年6月
核心课程：数据结构、Java程序设计、数字信号处理、操作系统","【vivo（东莞）】 前端开发工程师
2024年6月 - 至今
    · 编写开发文档，沉淀技术规范，协助新人熟悉业务
    · 承担分配模块的编码、测试与优化工作，保障系统稳定运行
    · 负责公司前端开发工程师相关业务的开发与维护，参与需求评审

【智联网络科技有限公司】 前端开发工程师
2022年11月 - 2024年12月
    · 对接产品、测试团队，跟进需求落地与缺陷修复
    · 编写开发文档，沉淀技术规范，协助新人熟悉业务
    · 负责公司前端开发工程师相关业务的开发与维护，参与需求评审","■ 企业后台管理系统
  项目目标：搭建企业运营管理后台，实现业务数据可视化
  个人职责：负责权限管理、数据报表模块开发，对接后端接口联调
  项目成果：覆盖12个业务部门，运营效率提升40%

■ 电商平台前端重构
  项目目标：升级旧版电商系统前端架构，提升用户体验与加载速度
  个人职责：负责商品详情页、购物车模块开发，组件化封装公共组件
  项目成果：首屏加载时间从3.2s降至1.8s，页面转化率提升12%","专业技能：HTML5、Vite、Webpack、Element UI、移动端适配、TypeScript、React、CSS3
相关证书：红帽RHCE认证、MySQL数据库认证",拥有4年行业经验，技术视野开阔，具备方案设计与项目把控能力；逻辑清晰，善于定位并解决复杂技术问题；具备良好的团队管理与跨部门沟通能力，能够推动技术优化与业务落地；责任心强，追求技术与业务的平衡发展。,前端开发 工程师 从业 Ant Design 技术 架构 主导 中型 项目 落地 擅长 技术 方案设计 性能 推动 核心 模块 技术 重构 带来 显著 效率 跨部门 协作 项目 推进,企业 后台 管理系统 搭建 企业 运营 管理 后台 业务 数据可视化 权限 管理 数据报表 模块 开发 对接 后端 接口 联调 覆盖 业务部门 运营 效率 电商 平台 前端 重构 升级 旧版 电商 系统 前端 架构 用户 体验 加载 速度 商品 详情页 购物车 模块 开发 组件 封装 公共 组件 首屏 加载 时间 3.2 降至 1.8 页面 转化率,vivo 东莞 前端开发 工程师 至今 编写 开发 文档 沉淀 技术规范 新人 熟悉业务 分配 模块 编码 测试 保障系统 稳定 运行 前端开发 工程师 业务 开发 维护 需求 评审 智联 网络科技 前端开发 工程师 对接 产品 测试 跟进 需求 落地 缺陷 修复 编写 开发 文档 沉淀 技术规范 新人 熟悉业务 前端开发 工程师 业务 开发 维护 需求 评审,技术 视野 开阔 方案设计 项目 逻辑 清晰 善于 定位 复杂 技术 管理 跨部门 推动 技术 业务 落地 责任心 追求 技术 业务 平衡 发展,HTML5 Vite Webpack Element UI 移动端适配 TypeScript React CSS3 红帽RHCE认证 MySQL数据库认证,HTML5、Vite、Webpack、Element UI、移动端适配、TypeScript、React、CSS3,红帽RHCE认证、MySQL数据库认证
任平,男,13698172678,renping823@126.com,13530878688,宁德,"期望岗位：数据分析师
期望城市：宁德
期望行业：互联网/信息技术/软件服务
期望薪资：面议",7年数据分析师资深经验，精通全链路技术架构，具备团队技术规划与方案设计能力，主导过多个大型项目重构与升级，在高并发/系统稳定性领域有深厚积累，能够带领团队攻克技术难题，驱动业务技术升级。,"苏州大学 | 数学与应用数学 | 本科
毕业时间：2015年6月
核心课程：操作系统、机器学习、数字信号处理、数据结构","【通元互联网科技有限公司】 数据分析师
2024年7月 - 至今
    · 负责公司数据分析师相关业务的开发与维护，参与需求评审
    · 承担分配模块的编码、测试与优化工作，保障系统稳定运行

【用友科技有限公司】 数据分析师
2022年9月 - 2024年9月
    · 承担分配模块的编码、测试与优化工作，保障系统稳定运行
    · 负责公司数据分析师相关业务的开发与维护，参与需求评审
    · 对接产品、测试团队，跟进需求落地与缺陷修复

【易联软件有限公司】 数据分析师
2020年9月 - 2022年12月
    · 编写开发文档，沉淀技术规范，协助新人熟悉业务
    · 对接产品、测试团队，跟进需求落地与缺陷修复","■ 用户行为分析看板
  项目目标：构建用户行为数据体系，支撑运营决策
  个人职责：负责数据清洗、指标体系搭建，输出可视化运营报表
  项目成果：输出15+核心运营指标，支撑每月3次运营优化，用户留存率提升8%

■ 销售数据预测建模
  项目目标：基于历史数据预测销量，指导库存与备货
  个人职责：数据预处理，构建时间序列预测模型，输出月度预测报告
  项目成果：预测准确率达89%，库存周转效率提升25%","专业技能：用户分析、Hive、NumPy、SQL、Excel、Pandas
相关证书：阿里云ACP云计算认证、PMP项目管理专业人士",拥有7年行业经验，技术视野开阔，具备方案设计与项目把控能力；逻辑清晰，善于定位并解决复杂技术问题；具备良好的团队管理与跨部门沟通能力，能够推动技术优化与业务落地；责任心强，追求技术与业务的平衡发展。,数据 分析师 资深 链路 技术 架构 技术 规划 方案设计 主导 多个 大型项目 重构 升级 并发 系统 稳定性 领域 深厚 带领 攻克 技术难题 驱动 业务 技术升级,用户 行为 分析 看板 构建 用户 行为 数据 体系 支撑 运营 决策 数据 清洗 指标体系 搭建 可视化 运营 报表 核心 运营 指标 支撑 每月 运营 用户 留存 销售 数据 预测 建模 基于 历史数据 预测 销量 指导 库存 备货 数据 预处理 构建 时间 序列 预测 模型 月度 预测 报告 预测 准确率 库存 周转 效率,通元 互联网 科技 数据 分析师 至今 数据 分析师 业务 开发 维护 需求 评审 分配 模块 编码 测试 保障系统 稳定 运行 用友 科技 数据 分析师 分配 模块 编码 测试 保障系统 稳定 运行 数据 分析师 业务 开发 维护 需求 评审 对接 产品 测试 跟进 需求 落地 缺陷 修复 易联 软件 数据 分析师 编写 开发 文档 沉淀 技术规范 新人 熟悉业务 对接 产品 测试 跟进 需求 落地 缺陷 修复,技术 视野 开阔 方案设计 项目 逻辑 清晰 善于 定位 复杂 技术 管理 跨部门 推动 技术 业务 落地 责任心 追求 技术 业务 平衡 发展,用户分析 Hive NumPy SQL Excel Pandas 阿里云ACP云计算认证 PMP项目管理专业人士,用户分析、Hive、NumPy、SQL、Excel、Pandas,阿里云ACP云计算认证、PMP项目管理专业人士
余辉,男,15935140732,yuhui623@qq.com,15189976705,芜湖,"期望岗位：前端开发工程师
期望城市：芜湖
期望行业：互联网/信息技术/软件服务
期望薪资：3000-5500元",专科信息管理与信息系统专业应届毕业生，掌握HTML5、React基础技能，完成过课程设计与毕业项目，具备基础代码编写能力与问题排查思路，学习能力强，做事认真踏实，期望从事前端开发工程师相关工作。,"广东轻工职业技术学院 | 信息管理与信息系统 | 专科
毕业时间：2022年6月
核心课程：软件工程、计算机网络、数据结构、操作系统","【校园实践】
    · 参与学校计算机协会技术部，负责协会网站日常维护
    · 协助老师完成实验室设备管理与系统环境搭建
    · 参与班级课程设计小组，担任后端开发角色","■ 个人博客系统（课程作业）
  项目目标：开发个人博客前端页面，实现文章展示与评论
  个人职责：负责页面布局、交互效果、接口联调
  项目成果：完成响应式页面，兼容多浏览器","专业技能：React、Axios、移动端适配、HTML5、Vue
相关证书：英语六级、计算机一级",应届毕业，具备扎实的专业基础知识与学习能力，能够快速掌握新技术；工作态度认真负责，有耐心，注重细节；具备良好的团队意识与沟通能力，能够积极配合团队完成任务；期望在工作中积累经验，快速成长。,专科 信息管理与信息系统 应届 毕业生 HTML5 React 课程设计 项目 代码 编写 排查 前端开发 工程师,博客 系统 作业 开发 博客 前端 页面 文章 展示 评论 页面 布局 交互 效果 接口 联调 响应 页面 兼容 浏览器,学校 计算机 协会 技术部 协会 网站 维护 老师 实验室 设备 管理 系统 环境 搭建 班级 课程设计 小组 后端 开发 角色,应届 基础知识 技术 认真负责,React Axios 移动端适配 HTML5 Vue 英语六级 计算机一级,React、Axios、移动端适配、HTML5、Vue,英语六级、计算机一级
苏佳怡,女,15647925568,sujiayi0264@outlook.com,wx_sujiayi_868,扬州,"期望岗位：软件测试工程师
期望城市：扬州
期望行业：互联网/信息技术/软件服务
期望薪资：面议",专科数学与应用数学专业应届毕业生，有1段软件测试工程师实习经验，掌握性能测试技术栈，参与过实习项目开发，具备良好的代码规范与团队协作意识，能够快速上手业务，期望正式入职发展。,"广东轻工职业技术学院 | 数学与应用数学 | 专科
毕业时间：2021年6月
核心课程：软件工程、操作系统、数字信号处理、Python编程","【未来信息技术有限公司】 软件测试工程师（实习）
2025年5月 - 至今
    · 负责公司软件测试工程师相关业务的开发与维护，参与需求评审
    · 承担分配模块的编码、测试与优化工作，保障系统稳定运行","■ 学生管理系统功能测试
  项目目标：对课程设计系统进行功能测试与缺陷提交
  个人职责：设计测试用例，执行黑盒测试
  项目成果：发现并提交8个功能缺陷

■ 网页兼容性测试实训
  项目目标：对多个网站进行浏览器兼容测试
  个人职责：制定测试方案，输出测试报告
  项目成果：覆盖5款主流浏览器","专业技能：接口测试、MySQL、TestNG、功能测试
相关证书：计算机一级、英语六级、系统架构设计师",有实习经验，熟悉开发基本流程，具备基础的项目实践能力；学习能力强，能够快速上手新业务新技术；工作踏实，责任心强，善于沟通协作，能够高效完成分配的工作任务。,专科 数学与应用数学 应届 毕业生 软件测试 工程师 实习 性能测试 技术 实习 项目 开发 代码 规范 协作 上手 业务 正式 入职 发展,学生 管理系统 功能测试 课程设计 系统 功能测试 缺陷 提交 测试用例 执行 黑盒 测试 发现 提交 功能 缺陷 网页 兼容性 测试 实训 多个 网站 浏览器 兼容 测试 制定 测试 方案 测试报告 覆盖 主流 浏览器,未来 信息技术 软件测试 工程师 实习 至今 软件测试 工程师 业务 开发 维护 需求 评审 分配 模块 编码 测试 保障系统 稳定 运行,实习 开发 基本 流程 项目 实践 上手 业务 技术 责任心 善于 协作 高效 分配,接口测试 MySQL TestNG 功能测试 计算机一级 英语六级 系统架构设计师,接口测试、MySQL、TestNG、功能测试,计算机一级、英语六级、系统架构设计师
龚悦,女,15935975763,gongyue979@163.com,15656645764,泉州,"期望岗位：算法工程师
期望城市：泉州
期望行业：互联网/信息技术/软件服务
期望薪资：15500-19500元",4年算法工程师从业经验，精通推荐算法技术架构，主导过中型项目从0到1落地，擅长技术方案设计与性能优化，曾推动核心模块技术重构，带来显著效率提升，具备跨部门协作与项目推进能力。,"南京大学 | 数据科学与大数据技术 | 本科
毕业时间：2018年6月
核心课程：算法设计与分析、计算机网络、机器学习、操作系统","【微远软件有限公司】 算法工程师
2024年4月 - 至今
    · 承担分配模块的编码、测试与优化工作，保障系统稳定运行
    · 负责公司算法工程师相关业务的开发与维护，参与需求评审

【汇智软件有限公司】 算法工程师
2022年10月 - 2024年3月
    · 承担分配模块的编码、测试与优化工作，保障系统稳定运行
    · 负责公司算法工程师相关业务的开发与维护，参与需求评审","■ 个性化推荐系统
  项目目标：提升内容推荐精准度，增加用户停留时长
  个人职责：负责协同过滤、深度学习推荐模型开发与离线优化
  项目成果：用户平均停留时长提升25%，点击率提升15%

■ 风控欺诈识别模型
  项目目标：识别交易欺诈行为，降低资金损失风险
  个人职责：特征工程，构建XGBoost风控模型，在线部署与迭代
  项目成果：欺诈识别准确率达92%，每年减少损失超200万","专业技能：TensorFlow、NLP、特征工程、Python、推荐算法、SQL
相关证书：MySQL数据库认证",拥有4年行业经验，技术视野开阔，具备方案设计与项目把控能力；逻辑清晰，善于定位并解决复杂技术问题；具备良好的团队管理与跨部门沟通能力，能够推动技术优化与业务落地；责任心强，追求技术与业务的平衡发展。,算法 工程师 从业 推荐算法 技术 架构 主导 中型 项目 落地 擅长 技术 方案设计 性能 推动 核心 模块 技术 重构 带来 显著 效率 跨部门 协作 项目 推进,个性化 推荐 系统 推荐 精准度 增加 用户 停留 时长 协同 过滤 深度学习 推荐 模型 开发 离线 用户 平均 停留 时长 点击率 风控 欺诈 识别 模型 识别 交易 欺诈 行为 降低 资金 损失 风险 特征工程 构建 XGBoost 风控 模型 在线 部署 迭代 欺诈 识别 准确率 每年 减少 损失,微远 软件 算法 工程师 至今 分配 模块 编码 测试 保障系统 稳定 运行 算法 工程师 业务 开发 维护 需求 评审 汇智 软件 算法 工程师 分配 模块 编码 测试 保障系统 稳定 运行 算法 工程师 业务 开发 维护 需求 评审,技术 视野 开阔 方案设计 项目 逻辑 清晰 善于 定位 复杂 技术 管理 跨部门 推动 技术 业务 落地 责任心 追求 技术 业务 平衡 发展,TensorFlow NLP 特征工程 Python 推荐算法 SQL MySQL数据库认证,TensorFlow、NLP、特征工程、Python、推荐算法、SQL,MySQL数据库认证
吴阳,男,13797523121,wuyang493@gmail.com,wx_wuyang_183,温州,"期望岗位：前端开发工程师
期望城市：温州
期望行业：互联网/信息技术/软件服务
期望薪资：9000-11000元",3年前端开发工程师工作经验，精通移动端适配、Axios技术栈，参与过完整项目迭代，能够独立完成模块开发与问题排查，注重代码质量与开发效率，具备良好的沟通协作能力。,"东莞理工学院 | 软件技术 | 本科
毕业时间：2019年6月
核心课程：软件工程、数据结构、Java程序设计、计算机网络","【字节跳动（厦门分公司）】 前端开发工程师
2025年12月 - 至今
    · 编写开发文档，沉淀技术规范，协助新人熟悉业务
    · 承担分配模块的编码、测试与优化工作，保障系统稳定运行

【科创信息技术有限公司】 前端开发工程师
2024年6月 - 2025年1月
    · 负责公司前端开发工程师相关业务的开发与维护，参与需求评审
    · 编写开发文档，沉淀技术规范，协助新人熟悉业务","■ 企业后台管理系统
  项目目标：搭建企业运营管理后台，实现业务数据可视化
  个人职责：负责权限管理、数据报表模块开发，对接后端接口联调
  项目成果：覆盖12个业务部门，运营效率提升40%

■ 电商平台前端重构
  项目目标：升级旧版电商系统前端架构，提升用户体验与加载速度
  个人职责：负责商品详情页、购物车模块开发，组件化封装公共组件
  项目成果：首屏加载时间从3.2s降至1.8s，页面转化率提升12%","专业技能：TypeScript、CSS3、HTML5、JavaScript、移动端适配、Axios
相关证书：软考中级、英语六级",拥有3年实际工作经验，技术功底扎实，熟悉完整开发流程；具备较强的问题解决能力，能够独立排查并解决常见技术问题；工作认真负责，注重团队协作，能够高效推进项目落地；持续学习，保持技术敏感度。,前端开发 工程师 移动端适配 Axios 技术 完整 项目 迭代 独立 模块 开发 排查 代码 质量 开发 效率 协作,企业 后台 管理系统 搭建 企业 运营 管理 后台 业务 数据可视化 权限 管理 数据报表 模块 开发 对接 后端 接口 联调 覆盖 业务部门 运营 效率 电商 平台 前端 重构 升级 旧版 电商 系统 前端 架构 用户 体验 加载 速度 商品 详情页 购物车 模块 开发 组件 封装 公共 组件 首屏 加载 时间 3.2 降至 1.8 页面 转化率,字节 跳动 厦门 分公司 前端开发 工程师 至今 编写 开发 文档 沉淀 技术规范 新人 熟悉业务 分配 模块 编码 测试 保障系统 稳定 运行 科创 信息技术 前端开发 工程师 前端开发 工程师 业务 开发 维护 需求 评审 编写 开发 文档 沉淀 技术规范 新人 熟悉业务,实际 技术 功底 完整 开发 流程 独立 排查 常见 技术 认真负责 协作 高效 推进 项目 落地 持续 保持 技术 敏感度,TypeScript CSS3 HTML5 JavaScript 移动端适配 Axios 软考中级 英语六级,TypeScript、CSS3、HTML5、JavaScript、移动端适配、Axios,软考中级、英语六级
潘艳,女,13313490094,panyan97@gmail.com,wx_panyan_740,福州,"期望岗位：数据分析师
期望城市：福州
期望行业：互联网/信息技术/软件服务
期望薪资：5500-6000元",专科数据科学与大数据技术专业应届毕业生，掌握用户分析、统计学基础技能，完成过课程设计与毕业项目，具备基础代码编写能力与问题排查思路，学习能力强，做事认真踏实，期望从事数据分析师相关工作。,"福建船政交通职业学院 | 数据科学与大数据技术 | 专科
毕业时间：2022年6月
核心课程：数据结构、数字信号处理、机器学习、软件工程","【校园实践】
    · 参与学校计算机协会技术部，负责协会网站日常维护
    · 协助老师完成实验室设备管理与系统环境搭建
    · 参与班级课程设计小组，担任后端开发角色","■ 电商公开数据爬取分析
  项目目标：采集公开电商商品数据并分析
  个人职责：数据爬取、清洗、价格销量分析
  项目成果：输出可视化分析图表","专业技能：Hive、NumPy、SQL、Power BI、统计学、Excel、数据可视化
相关证书：英语六级",应届毕业，具备扎实的专业基础知识与学习能力，能够快速掌握新技术；工作态度认真负责，有耐心，注重细节；具备良好的团队意识与沟通能力，能够积极配合团队完成任务；期望在工作中积累经验，快速成长。,专科 数据科学与大数据技术 应届 毕业生 用户分析 统计学 课程设计 项目 代码 编写 排查 数据 分析师,电商 公开 数据 爬取 分析 采集 公开 电商 商品 数据 分析 数据 爬取 清洗 价格 销量 分析 可视化 分析 图表,学校 计算机 协会 技术部 协会 网站 维护 老师 实验室 设备 管理 系统 环境 搭建 班级 课程设计 小组 后端 开发 角色,应届 基础知识 技术 认真负责,Hive NumPy SQL Power BI 统计学 Excel 数据可视化 英语六级,Hive、NumPy、SQL、Power BI、统计学、Excel、数据可视化,英语六级
杜梅,女,13854097415,dumei407@gmail.com,15217083344,杭州,"期望岗位：前端开发工程师
期望城市：杭州
期望行业：互联网/信息技术/软件服务
期望薪资：6000-9000元",2年前端开发工程师工作经验，精通Webpack、Vite技术栈，参与过完整项目迭代，能够独立完成模块开发与问题排查，注重代码质量与开发效率，具备良好的沟通协作能力。,"福建师范大学 | 计算机应用技术 | 本科
毕业时间：2020年6月
核心课程：Python编程、数字信号处理、软件工程、计算机网络","【通元信息技术有限公司】 前端开发工程师
2025年3月 - 至今
    · 负责公司前端开发工程师相关业务的开发与维护，参与需求评审
    · 编写开发文档，沉淀技术规范，协助新人熟悉业务

【合众软件有限公司】 前端开发工程师
2024年7月 - 2025年7月
    · 对接产品、测试团队，跟进需求落地与缺陷修复
    · 承担分配模块的编码、测试与优化工作，保障系统稳定运行
    · 负责公司前端开发工程师相关业务的开发与维护，参与需求评审","■ 电商平台前端重构
  项目目标：升级旧版电商系统前端架构，提升用户体验与加载速度
  个人职责：负责商品详情页、购物车模块开发，组件化封装公共组件
  项目成果：首屏加载时间从3.2s降至1.8s，页面转化率提升12%

■ 企业后台管理系统
  项目目标：搭建企业运营管理后台，实现业务数据可视化
  个人职责：负责权限管理、数据报表模块开发，对接后端接口联调
  项目成果：覆盖12个业务部门，运营效率提升40%","专业技能：React、Webpack、CSS3、Vite、Element UI、JavaScript、移动端适配、Vue、HTML5
相关证书：无",拥有2年实际工作经验，技术功底扎实，熟悉完整开发流程；具备较强的问题解决能力，能够独立排查并解决常见技术问题；工作认真负责，注重团队协作，能够高效推进项目落地；持续学习，保持技术敏感度。,前端开发 工程师 Webpack Vite 技术 完整 项目 迭代 独立 模块 开发 排查 代码 质量 开发 效率 协作,电商 平台 前端 重构 升级 旧版 电商 系统 前端 架构 用户 体验 加载 速度 商品 详情页 购物车 模块 开发 组件 封装 公共 组件 首屏 加载 时间 3.2 降至 1.8 页面 转化率 企业 后台 管理系统 搭建 企业 运营 管理 后台 业务 数据可视化 权限 管理 数据报表 模块 开发 对接 后端 接口 联调 覆盖 业务部门 运营 效率,通元 信息技术 前端开发 工程师 至今 前端开发 工程师 业务 开发 维护 需求 评审 编写 开发 文档 沉淀 技术规范 新人 熟悉业务 合众 软件 前端开发 工程师 对接 产品 测试 跟进 需求 落地 缺陷 修复 分配 模块 编码 测试 保障系统 稳定 运行 前端开发 工程师 业务 开发 维护 需求 评审,实际 技术 功底 完整 开发 流程 独立 排查 常见 技术 认真负责 协作 高效 推进 项目 落地 持续 保持 技术 敏感度,React Webpack CSS3 Vite Element UI JavaScript 移动端适配 Vue HTML5,React、Webpack、CSS3、Vite、Element UI、JavaScript、移动端适配、Vue、HTML5,
吴娜,女,15143385286,wuna93@qq.com,15792195527,镇江,"期望岗位：后端开发工程师
期望城市：镇江
期望行业：互联网/信息技术/软件服务
期望薪资：11500-12000元",1年后端开发工程师工作经验，精通Go、Python技术栈，参与过完整项目迭代，能够独立完成模块开发与问题排查，注重代码质量与开发效率，具备良好的沟通协作能力。,"广东轻工职业技术学院 | 网络工程 | 专科
毕业时间：2021年6月
核心课程：数据结构、算法设计与分析、Java程序设计、计算机网络","【未来互联网科技有限公司】 后端开发工程师
2025年9月 - 至今
    · 编写开发文档，沉淀技术规范，协助新人熟悉业务
    · 承担分配模块的编码、测试与优化工作，保障系统稳定运行","■ 即时通讯服务开发
  项目目标：实现企业内部IM系统后端消息推送与存储
  个人职责：负责消息队列、离线消息、会话管理模块开发
  项目成果：支持万人同时在线，消息送达延迟低于100ms

■ 内容管理系统后端
  项目目标：搭建CMS系统后端服务，支持多站点内容发布
  个人职责：负责文章、栏目、权限模块接口开发，设计数据库表结构
  项目成果：支撑8个站点同时运营，内容发布效率提升3倍","专业技能：Java、Go、Kafka、Redis、SpringBoot、K8s、Docker、Gin、MySQL
相关证书：英语六级",拥有1年实际工作经验，技术功底扎实，熟悉完整开发流程；具备较强的问题解决能力，能够独立排查并解决常见技术问题；工作认真负责，注重团队协作，能够高效推进项目落地；持续学习，保持技术敏感度。,年后 开发 工程师 Go Python 技术 完整 项目 迭代 独立 模块 开发 排查 代码 质量 开发 效率 协作,即时通讯 服务 开发 企业 内部 IM 系统 后端 消息 推送 存储 消息 队列 离线 消息 会话 管理 模块 开发 万人 同时在线 消息 送达 延迟 低于 100ms 管理系统 后端 搭建 CMS 系统 后端 服务 站点 发布 文章 栏目 权限 模块接口 开发 数据库 结构 支撑 站点 运营 发布 效率,未来 互联网 科技 后端 开发 工程师 至今 编写 开发 文档 沉淀 技术规范 新人 熟悉业务 分配 模块 编码 测试 保障系统 稳定 运行,实际 技术 功底 完整 开发 流程 独立 排查 常见 技术 认真负责 协作 高效 推进 项目 落地 持续 保持 技术 敏感度,Java Go Kafka Redis SpringBoot K8s Docker Gin MySQL 英语六级,Java、Go、Kafka、Redis、SpringBoot、K8s、Docker、Gin、MySQL,英语六级
顾洋,男,18414989319,guyang3781@qq.com,13965881957,马鞍山,"期望岗位：Python开发工程师
期望城市：马鞍山
期望行业：互联网/信息技术/软件服务
期望薪资：7500-9000元",3年Python开发工程师工作经验，精通MySQL、Linux技术栈，参与过完整项目迭代，能够独立完成模块开发与问题排查，注重代码质量与开发效率，具备良好的沟通协作能力。,"福建农林大学 | 软件工程 | 本科
毕业时间：2019年6月
核心课程：Java程序设计、数据库原理、操作系统、机器学习","【金蝶数据技术有限公司】 Python开发工程师
2025年3月 - 至今
    · 对接产品、测试团队，跟进需求落地与缺陷修复
    · 承担分配模块的编码、测试与优化工作，保障系统稳定运行

【汇智互联网科技有限公司】 Python开发工程师
2024年4月 - 2025年2月
    · 承担分配模块的编码、测试与优化工作，保障系统稳定运行
    · 负责公司Python开发工程师相关业务的开发与维护，参与需求评审
    · 对接产品、测试团队，跟进需求落地与缺陷修复","■ 数据采集爬虫系统
  项目目标：搭建分布式爬虫平台，采集多渠道公开数据
  个人职责：负责反爬策略破解、数据清洗、入库逻辑开发
  项目成果：日均采集数据50万条，数据准确率98%以上

■ 自动化运维平台
  项目目标：开发运维管理平台，实现服务器批量管理
  个人职责：负责监控、告警、任务调度模块后端开发
  项目成果：管理服务器200+，运维人力成本降低50%","专业技能：Python、Celery、爬虫、Git、Redis、Django、Flask、FastAPI、MongoDB、MySQL
相关证书：无",拥有3年实际工作经验，技术功底扎实，熟悉完整开发流程；具备较强的问题解决能力，能够独立排查并解决常见技术问题；工作认真负责，注重团队协作，能够高效推进项目落地；持续学习，保持技术敏感度。,Python 开发 工程师 MySQL Linux 技术 完整 项目 迭代 独立 模块 开发 排查 代码 质量 开发 效率 协作,数据 采集 爬虫 系统 搭建 分布式 爬虫 平台 采集 多渠道 公开 数据 反爬 策略 破解 数据 清洗 入库 逻辑 开发 日均 采集 数据 万条 数据 准确率 以上 自动化 运维 平台 开发 运维 管理 平台 服务器 批量 管理 监控 告警 任务调度 模块 后端 开发 管理 服务器 运维 人力 成本 降低,金蝶 数据 技术 Python 开发 工程师 至今 对接 产品 测试 跟进 需求 落地 缺陷 修复 分配 模块 编码 测试 保障系统 稳定 运行 汇智 互联网 科技 Python 开发 工程师 分配 模块 编码 测试 保障系统 稳定 运行 Python 开发 工程师 业务 开发 维护 需求 评审 对接 产品 测试 跟进 需求 落地 缺陷 修复,实际 技术 功底 完整 开发 流程 独立 排查 常见 技术 认真负责 协作 高效 推进 项目 落地 持续 保持 技术 敏感度,Python Celery 爬虫 Git Redis Django Flask FastAPI MongoDB MySQL,Python、Celery、爬虫、Git、Redis、Django、Flask、FastAPI、MongoDB、MySQL,
沈雯,女,13284742900,shenwen467@qq.com,13233057223,杭州,"期望岗位：算法工程师
期望城市：杭州
期望行业：互联网/信息技术/软件服务
期望薪资：3500-6000元",专科软件技术专业应届毕业生，掌握NLP、TensorFlow基础技能，完成过课程设计与毕业项目，具备基础代码编写能力与问题排查思路，学习能力强，做事认真踏实，期望从事算法工程师相关工作。,"苏州职业大学 | 软件技术 | 专科
毕业时间：2022年6月
核心课程：Python编程、Java程序设计、数据库原理、计算机网络","【校园实践】
    · 参与学校计算机协会技术部，负责协会网站日常维护
    · 协助老师完成实验室设备管理与系统环境搭建
    · 参与班级课程设计小组，担任后端开发角色","■ 手写数字识别（课程作业）
  项目目标：基于MNIST数据集实现手写数字识别
  个人职责：使用CNN搭建模型，训练与调优
  项目成果：识别准确率达到92%","专业技能：机器学习、PyTorch、计算机视觉、SQL、算法优化
相关证书：计算机一级",应届毕业，具备扎实的专业基础知识与学习能力，能够快速掌握新技术；工作态度认真负责，有耐心，注重细节；具备良好的团队意识与沟通能力，能够积极配合团队完成任务；期望在工作中积累经验，快速成长。,专科 软件技术 应届 毕业生 NLP TensorFlow 课程设计 项目 代码 编写 排查 算法 工程师,手写 数字 识别 作业 基于 MNIST 数据 手写 数字 识别 CNN 搭建 模型 训练 调优 识别 准确率 达到,学校 计算机 协会 技术部 协会 网站 维护 老师 实验室 设备 管理 系统 环境 搭建 班级 课程设计 小组 后端 开发 角色,应届 基础知识 技术 认真负责,机器学习 PyTorch 计算机视觉 SQL 算法优化 计算机一级,机器学习、PyTorch、计算机视觉、SQL、算法优化,计算机一级
萧静,女,13003314542,xiaojing8977@126.com,wx_xiaojing_802,蚌埠,"期望岗位：Python开发工程师
期望城市：蚌埠
期望行业：互联网/信息技术/软件服务
期望薪资：7000-11500元",2年Python开发工程师工作经验，精通Git、FastAPI技术栈，参与过完整项目迭代，能够独立完成模块开发与问题排查，注重代码质量与开发效率，具备良好的沟通协作能力。,"厦门大学 | 数学与应用数学 | 本科
毕业时间：2020年6月
核心课程：Python编程、软件工程、算法设计与分析、数字信号处理","【东软互联网科技有限公司】 Python开发工程师
2025年3月 - 至今
    · 承担分配模块的编码、测试与优化工作，保障系统稳定运行
    · 负责公司Python开发工程师相关业务的开发与维护，参与需求评审

【中软科技有限公司】 Python开发工程师
2024年10月 - 2025年5月
    · 编写开发文档，沉淀技术规范，协助新人熟悉业务
    · 负责公司Python开发工程师相关业务的开发与维护，参与需求评审","■ 数据采集爬虫系统
  项目目标：搭建分布式爬虫平台，采集多渠道公开数据
  个人职责：负责反爬策略破解、数据清洗、入库逻辑开发
  项目成果：日均采集数据50万条，数据准确率98%以上

■ 自动化运维平台
  项目目标：开发运维管理平台，实现服务器批量管理
  个人职责：负责监控、告警、任务调度模块后端开发
  项目成果：管理服务器200+，运维人力成本降低50%","专业技能：爬虫、Python、Flask、Django、Redis、MongoDB、Celery、MySQL
相关证书：PMP项目管理专业人士、系统架构设计师",拥有2年实际工作经验，技术功底扎实，熟悉完整开发流程；具备较强的问题解决能力，能够独立排查并解决常见技术问题；工作认真负责，注重团队协作，能够高效推进项目落地；持续学习，保持技术敏感度。,Python 开发 工程师 Git FastAPI 技术 完整 项目 迭代 独立 模块 开发 排查 代码 质量 开发 效率 协作,数据 采集 爬虫 系统 搭建 分布式 爬虫 平台 采集 多渠道 公开 数据 反爬 策略 破解 数据 清洗 入库 逻辑 开发 日均 采集 数据 万条 数据 准确率 以上 自动化 运维 平台 开发 运维 管理 平台 服务器 批量 管理 监控 告警 任务调度 模块 后端 开发 管理 服务器 运维 人力 成本 降低,东软 互联网 科技 Python 开发 工程师 至今 分配 模块 编码 测试 保障系统 稳定 运行 Python 开发 工程师 业务 开发 维护 需求 评审 中软 科技 Python 开发 工程师 编写 开发 文档 沉淀 技术规范 新人 熟悉业务 Python 开发 工程师 业务 开发 维护 需求 评审,实际 技术 功底 完整 开发 流程 独立 排查 常见 技术 认真负责 协作 高效 推进 项目 落地 持续 保持 技术 敏感度,爬虫 Python Flask Django Redis MongoDB Celery MySQL PMP项目管理专业人士 系统架构设计师,爬虫、Python、Flask、Django、Redis、MongoDB、Celery、MySQL,PMP项目管理专业人士、系统架构设计师
钟玲,女,18053893488,zhongling4913@gmail.com,18533446298,滁州,"期望岗位：前端开发工程师
期望城市：滁州
期望行业：互联网/信息技术/软件服务
期望薪资：11000-11500元",2年前端开发工程师工作经验，精通Axios、Element UI技术栈，参与过完整项目迭代，能够独立完成模块开发与问题排查，注重代码质量与开发效率，具备良好的沟通协作能力。,"集美大学 | 计算机科学与技术 | 本科
毕业时间：2020年6月
核心课程：数字信号处理、机器学习、计算机网络、Python编程","【腾讯（深圳分公司）】 前端开发工程师
2025年4月 - 至今
    · 编写开发文档，沉淀技术规范，协助新人熟悉业务
    · 承担分配模块的编码、测试与优化工作，保障系统稳定运行

【汇智软件有限公司】 前端开发工程师
2024年2月 - 2025年10月
    · 对接产品、测试团队，跟进需求落地与缺陷修复
    · 编写开发文档，沉淀技术规范，协助新人熟悉业务","■ 电商平台前端重构
  项目目标：升级旧版电商系统前端架构，提升用户体验与加载速度
  个人职责：负责商品详情页、购物车模块开发，组件化封装公共组件
  项目成果：首屏加载时间从3.2s降至1.8s，页面转化率提升12%

■ 企业后台管理系统
  项目目标：搭建企业运营管理后台，实现业务数据可视化
  个人职责：负责权限管理、数据报表模块开发，对接后端接口联调
  项目成果：覆盖12个业务部门，运营效率提升40%","专业技能：Webpack、TypeScript、CSS3、移动端适配、Ant Design、Vue
相关证书：英语四级、PMP项目管理专业人士",拥有2年实际工作经验，技术功底扎实，熟悉完整开发流程；具备较强的问题解决能力，能够独立排查并解决常见技术问题；工作认真负责，注重团队协作，能够高效推进项目落地；持续学习，保持技术敏感度。,前端开发 工程师 Axios Element UI 技术 完整 项目 迭代 独立 模块 开发 排查 代码 质量 开发 效率 协作,电商 平台 前端 重构 升级 旧版 电商 系统 前端 架构 用户 体验 加载 速度 商品 详情页 购物车 模块 开发 组件 封装 公共 组件 首屏 加载 时间 3.2 降至 1.8 页面 转化率 企业 后台 管理系统 搭建 企业 运营 管理 后台 业务 数据可视化 权限 管理 数据报表 模块 开发 对接 后端 接口 联调 覆盖 业务部门 运营 效率,腾讯 深圳 分公司 前端开发 工程师 至今 编写 开发 文档 沉淀 技术规范 新人 熟悉业务 分配 模块 编码 测试 保障系统 稳定 运行 汇智 软件 前端开发 工程师 对接 产品 测试 跟进 需求 落地 缺陷 修复 编写 开发 文档 沉淀 技术规范 新人 熟悉业务,实际 技术 功底 完整 开发 流程 独立 排查 常见 技术 认真负责 协作 高效 推进 项目 落地 持续 保持 技术 敏感度,Webpack TypeScript CSS3 移动端适配 Ant Design Vue 英语四级 PMP项目管理专业人士,Webpack、TypeScript、CSS3、移动端适配、Ant Design、Vue,英语四级、PMP项目管理专业人士
杜子轩,男,15288519036,du子xuan383@126.com,wx_du子xuan_488,南京,"期望岗位：数据分析师
期望城市：南京
期望行业：互联网/信息技术/软件服务
期望薪资：面议",本科电子信息工程专业应届毕业生，掌握Python、MySQL基础技能，完成过课程设计与毕业项目，具备基础代码编写能力与问题排查思路，学习能力强，做事认真踏实，期望从事数据分析师相关工作。,"苏州大学 | 电子信息工程 | 本科
毕业时间：2022年6月
核心课程：算法设计与分析、数据库原理、Java程序设计、计算机网络","【校园实践】
    · 参与学校计算机协会技术部，负责协会网站日常维护
    · 协助老师完成实验室设备管理与系统环境搭建
    · 参与班级课程设计小组，担任后端开发角色","■ 学生成绩数据分析
  项目目标：对班级期末成绩进行统计分析
  个人职责：数据清洗、可视化图表制作、结论输出
  项目成果：输出分析报告，提出3点教学建议","专业技能：MySQL、Tableau、Power BI、SQL、用户分析
相关证书：MySQL数据库认证、计算机二级",应届毕业，具备扎实的专业基础知识与学习能力，能够快速掌握新技术；工作态度认真负责，有耐心，注重细节；具备良好的团队意识与沟通能力，能够积极配合团队完成任务；期望在工作中积累经验，快速成长。,本科 电子信息工程 应届 毕业生 Python MySQL 课程设计 项目 代码 编写 排查 数据 分析师,学生 成绩 数据分析 班级 期末 成绩 统计分析 数据 清洗 可视化 图表 制作 结论 分析报告 提出 教学 建议,学校 计算机 协会 技术部 协会 网站 维护 老师 实验室 设备 管理 系统 环境 搭建 班级 课程设计 小组 后端 开发 角色,应届 基础知识 技术 认真负责,MySQL Tableau Power BI SQL 用户分析 MySQL数据库认证 计算机二级,MySQL、Tableau、Power BI、SQL、用户分析,MySQL数据库认证、计算机二级
汤浩,男,18046802671,tanghao576@163.com,15003549990,阜阳,"期望岗位：运维工程师
期望城市：阜阳
期望行业：互联网/信息技术/软件服务
期望薪资：4000-8000元",专科数字媒体技术专业应届毕业生，有0段运维工程师实习经验，掌握Zabbix技术栈，参与过实习项目开发，具备良好的代码规范与团队协作意识，能够快速上手业务，期望正式入职发展。,"厦门海洋职业技术学院 | 数字媒体技术 | 专科
毕业时间：2022年6月
核心课程：数据结构、数据库原理、Python编程、Java程序设计","【安硕网络科技有限公司】 运维工程师（实习）
2020年3月 - 至今
    · 编写开发文档，沉淀技术规范，协助新人熟悉业务
    · 负责公司运维工程师相关业务的开发与维护，参与需求评审
    · 承担分配模块的编码、测试与优化工作，保障系统稳定运行","■ 实验室服务器搭建实训
  项目目标：搭建实验室Linux服务器环境
  个人职责：负责系统安装、网络配置、基础服务部署
  项目成果：完成3台服务器环境搭建

■ 简单监控脚本开发
  项目目标：编写服务器状态监控脚本
  个人职责：实现CPU、内存、磁盘使用率自动采集
  项目成果：支持异常邮件告警","专业技能：Jenkins、Zabbix、Ansible、MySQL
相关证书：无",有实习经验，熟悉开发基本流程，具备基础的项目实践能力；学习能力强，能够快速上手新业务新技术；工作踏实，责任心强，善于沟通协作，能够高效完成分配的工作任务。,专科 数字媒体技术 应届 毕业生 运维 工程师 实习 Zabbix 技术 实习 项目 开发 代码 规范 协作 上手 业务 正式 入职 发展,实验室 服务器 搭建 实训 搭建 实验室 Linux 服务器 环境 系统 安装 网络 配置 服务 部署 服务器 环境 搭建 简单 监控 脚本 开发 编写 服务器 状态 监控 脚本 CPU 内存 磁盘 使用率 自动 采集 异常 邮件 告警,安硕 网络科技 运维 工程师 实习 至今 编写 开发 文档 沉淀 技术规范 新人 熟悉业务 运维 工程师 业务 开发 维护 需求 评审 分配 模块 编码 测试 保障系统 稳定 运行,实习 开发 基本 流程 项目 实践 上手 业务 技术 责任心 善于 协作 高效 分配,Jenkins Zabbix Ansible MySQL,Jenkins、Zabbix、Ansible、MySQL,
江刚,男,18838595733,jianggang694@gmail.com,15564696074,莆田,"期望岗位：软件测试工程师
期望城市：莆田
期望行业：互联网/信息技术/软件服务
期望薪资：5000-5500元",本科计算机科学与技术专业应届毕业生，掌握Appium、TestNG基础技能，完成过课程设计与毕业项目，具备基础代码编写能力与问题排查思路，学习能力强，做事认真踏实，期望从事软件测试工程师相关工作。,"华南理工大学 | 计算机科学与技术 | 本科
毕业时间：2022年6月
核心课程：数据库原理、软件工程、算法设计与分析、计算机网络","【校园实践】
    · 参与学校计算机协会技术部，负责协会网站日常维护
    · 协助老师完成实验室设备管理与系统环境搭建
    · 参与班级课程设计小组，担任后端开发角色","■ 网页兼容性测试实训
  项目目标：对多个网站进行浏览器兼容测试
  个人职责：制定测试方案，输出测试报告
  项目成果：覆盖5款主流浏览器","专业技能：功能测试、接口测试、TestNG、缺陷管理、性能测试、Postman
相关证书：红帽RHCE认证、计算机一级",应届毕业，具备扎实的专业基础知识与学习能力，能够快速掌握新技术；工作态度认真负责，有耐心，注重细节；具备良好的团队意识与沟通能力，能够积极配合团队完成任务；期望在工作中积累经验，快速成长。,本科 计算机科学与技术 应届 毕业生 Appium TestNG 课程设计 项目 代码 编写 排查 软件测试 工程师,网页 兼容性 测试 实训 多个 网站 浏览器 兼容 测试 制定 测试 方案 测试报告 覆盖 主流 浏览器,学校 计算机 协会 技术部 协会 网站 维护 老师 实验室 设备 管理 系统 环境 搭建 班级 课程设计 小组 后端 开发 角色,应届 基础知识 技术 认真负责,功能测试 接口测试 TestNG 缺陷管理 性能测试 Postman 红帽RHCE认证 计算机一级,功能测试、接口测试、TestNG、缺陷管理、性能测试、Postman,红帽RHCE认证、计算机一级
尹敏,女,18800300443,yinmin8744@qq.com,wx_yinmin_974,扬州,"期望岗位：运维工程师
期望城市：扬州
期望行业：互联网/信息技术/软件服务
期望薪资：11500-12000元",5年运维工程师从业经验，精通Nginx技术架构，主导过中型项目从0到1落地，擅长技术方案设计与性能优化，曾推动核心模块技术重构，带来显著效率提升，具备跨部门协作与项目推进能力。,"泉州师范学院 | 网络工程 | 本科
毕业时间：2017年6月
核心课程：算法设计与分析、数字信号处理、操作系统、数据库原理","【OPPO（东莞）】 运维工程师
2025年4月 - 至今
    · 编写开发文档，沉淀技术规范，协助新人熟悉业务
    · 对接产品、测试团队，跟进需求落地与缺陷修复
    · 负责公司运维工程师相关业务的开发与维护，参与需求评审

【金蝶网络科技有限公司】 运维工程师
2024年6月 - 2025年6月
    · 对接产品、测试团队，跟进需求落地与缺陷修复
    · 负责公司运维工程师相关业务的开发与维护，参与需求评审

【用友数据技术有限公司】 运维工程师
2023年5月 - 2024年4月
    · 负责公司运维工程师相关业务的开发与维护，参与需求评审
    · 编写开发文档，沉淀技术规范，协助新人熟悉业务","■ 服务器集群运维优化
  项目目标：提升服务器集群稳定性，降低故障发生率
  个人职责：负责日常巡检、故障排查，优化监控告警规则与分级策略
  项目成果：服务器故障率下降60%，平均故障响应时间缩短至15分钟

■ CI/CD自动化流水线
  项目目标：实现代码自动化构建、测试、部署，提升发布效率
  个人职责：基于Jenkins搭建持续集成流水线，配置Docker容器化部署
  项目成果：发布周期从每周1次提升至每天3次，部署失误率降为0","专业技能：网络运维、Docker、Zabbix、Redis、Kubernetes、MySQL、Nginx、Jenkins、Prometheus、Linux
相关证书：MySQL数据库认证、计算机二级",拥有5年行业经验，技术视野开阔，具备方案设计与项目把控能力；逻辑清晰，善于定位并解决复杂技术问题；具备良好的团队管理与跨部门沟通能力，能够推动技术优化与业务落地；责任心强，追求技术与业务的平衡发展。,运维 工程师 从业 Nginx 技术 架构 主导 中型 项目 落地 擅长 技术 方案设计 性能 推动 核心 模块 技术 重构 带来 显著 效率 跨部门 协作 项目 推进,服务器 集群 运维 服务器 集群 稳定性 降低 故障 发生率 巡检 故障 排查 监控 告警 规则 分级 策略 服务器 故障率 下降 平均 故障 响应 时间 缩短 分钟 CI CD 自动化 流水线 代码 自动化 构建 测试 部署 发布 效率 基于 Jenkins 搭建 持续 集成 流水线 配置 Docker 容器 部署 发布 周期 每周 每天 部署 失误 降为,OPPO 东莞 运维 工程师 至今 编写 开发 文档 沉淀 技术规范 新人 熟悉业务 对接 产品 测试 跟进 需求 落地 缺陷 修复 运维 工程师 业务 开发 维护 需求 评审 金蝶 网络科技 运维 工程师 对接 产品 测试 跟进 需求 落地 缺陷 修复 运维 工程师 业务 开发 维护 需求 评审 用友 数据 技术 运维 工程师 运维 工程师 业务 开发 维护 需求 评审 编写 开发 文档 沉淀 技术规范 新人 熟悉业务,技术 视野 开阔 方案设计 项目 逻辑 清晰 善于 定位 复杂 技术 管理 跨部门 推动 技术 业务 落地 责任心 追求 技术 业务 平衡 发展,网络运维 Docker Zabbix Redis Kubernetes MySQL Nginx Jenkins Prometheus Linux MySQL数据库认证 计算机二级,网络运维、Docker、Zabbix、Redis、Kubernetes、MySQL、Nginx、Jenkins、Prometheus、Linux,MySQL数据库认证、计算机二级
黄天佑,男,18852834663,huang天you84@126.com,13135930007,黄山,"期望岗位：数据分析师
期望城市：黄山
期望行业：互联网/信息技术/软件服务
期望薪资：5500-6000元",专科软件工程专业应届毕业生，掌握SQL、SQL基础技能，完成过课程设计与毕业项目，具备基础代码编写能力与问题排查思路，学习能力强，做事认真踏实，期望从事数据分析师相关工作。,"福建信息职业技术学院 | 软件工程 | 专科
毕业时间：2022年6月
核心课程：Java程序设计、Python编程、软件工程、数字信号处理","【校园实践】
    · 参与学校计算机协会技术部，负责协会网站日常维护
    · 协助老师完成实验室设备管理与系统环境搭建
    · 参与班级课程设计小组，担任后端开发角色","■ 学生成绩数据分析
  项目目标：对班级期末成绩进行统计分析
  个人职责：数据清洗、可视化图表制作、结论输出
  项目成果：输出分析报告，提出3点教学建议","专业技能：Pandas、Power BI、数据可视化、NumPy
相关证书：英语六级",应届毕业，具备扎实的专业基础知识与学习能力，能够快速掌握新技术；工作态度认真负责，有耐心，注重细节；具备良好的团队意识与沟通能力，能够积极配合团队完成任务；期望在工作中积累经验，快速成长。,专科 软件工程 应届 毕业生 SQL SQL 课程设计 项目 代码 编写 排查 数据 分析师,学生 成绩 数据分析 班级 期末 成绩 统计分析 数据 清洗 可视化 图表 制作 结论 分析报告 提出 教学 建议,学校 计算机 协会 技术部 协会 网站 维护 老师 实验室 设备 管理 系统 环境 搭建 班级 课程设计 小组 后端 开发 角色,应届 基础知识 技术 认真负责,Pandas Power BI 数据可视化 NumPy 英语六级,Pandas、Power BI、数据可视化、NumPy,英语六级
熊梦瑶,女,15271432126,xiongmengyao9615@outlook.com,wx_xiongmengyao_208,南京,"期望岗位：前端开发工程师
期望城市：南京
期望行业：互联网/信息技术/软件服务
期望薪资：7000-7500元",本科计算机科学与技术专业应届毕业生，有1段前端开发工程师实习经验，掌握Ant Design技术栈，参与过实习项目开发，具备良好的代码规范与团队协作意识，能够快速上手业务，期望正式入职发展。,"广东技术师范大学 | 计算机科学与技术 | 本科
毕业时间：2021年6月
核心课程：软件工程、Python编程、机器学习、数据结构","【云创数据技术有限公司】 前端开发工程师（实习）
2025年1月 - 至今
    · 编写开发文档，沉淀技术规范，协助新人熟悉业务
    · 对接产品、测试团队，跟进需求落地与缺陷修复
    · 承担分配模块的编码、测试与优化工作，保障系统稳定运行","■ 校园社团官网（实训项目）
  项目目标：为学校社团开发官方展示网站
  个人职责：负责首页、新闻页、成员页开发
  项目成果：上线后访问量累计5000+

■ 个人博客系统（课程作业）
  项目目标：开发个人博客前端页面，实现文章展示与评论
  个人职责：负责页面布局、交互效果、接口联调
  项目成果：完成响应式页面，兼容多浏览器","专业技能：CSS3、React、Ant Design、Vite
相关证书：计算机一级",有实习经验，熟悉开发基本流程，具备基础的项目实践能力；学习能力强，能够快速上手新业务新技术；工作踏实，责任心强，善于沟通协作，能够高效完成分配的工作任务。,本科 计算机科学与技术 应届 毕业生 前端开发 工程师 实习 Ant Design 技术 实习 项目 开发 代码 规范 协作 上手 业务 正式 入职 发展,社团 官网 实训 项目 学校 社团 开发 官方 展示 网站 首页 新闻页 成员 开发 上线 访问量 累计 博客 系统 作业 开发 博客 前端 页面 文章 展示 评论 页面 布局 交互 效果 接口 联调 响应 页面 兼容 浏览器,云创 数据 技术 前端开发 工程师 实习 至今 编写 开发 文档 沉淀 技术规范 新人 熟悉业务 对接 产品 测试 跟进 需求 落地 缺陷 修复 分配 模块 编码 测试 保障系统 稳定 运行,实习 开发 基本 流程 项目 实践 上手 业务 技术 责任心 善于 协作 高效 分配,CSS3 React Ant Design Vite 计算机一级,CSS3、React、Ant Design、Vite,计算机一级
沈语桐,女,13801659070,shen语tong68@outlook.com,17650297003,蚌埠,"期望岗位：软件测试工程师
期望城市：蚌埠
期望行业：互联网/信息技术/软件服务
期望薪资：3000-4000元",本科计算机科学与技术专业应届毕业生，掌握TestNG、测试用例设计基础技能，完成过课程设计与毕业项目，具备基础代码编写能力与问题排查思路，学习能力强，做事认真踏实，期望从事软件测试工程师相关工作。,"福建农林大学 | 计算机科学与技术 | 本科
毕业时间：2022年6月
核心课程：操作系统、数据结构、计算机网络、数字信号处理","【校园实践】
    · 参与学校计算机协会技术部，负责协会网站日常维护
    · 协助老师完成实验室设备管理与系统环境搭建
    · 参与班级课程设计小组，担任后端开发角色","■ 学生管理系统功能测试
  项目目标：对课程设计系统进行功能测试与缺陷提交
  个人职责：设计测试用例，执行黑盒测试
  项目成果：发现并提交8个功能缺陷","专业技能：Python、Selenium、Appium、TestNG、接口测试、功能测试、JMeter
相关证书：华为HCIA认证",应届毕业，具备扎实的专业基础知识与学习能力，能够快速掌握新技术；工作态度认真负责，有耐心，注重细节；具备良好的团队意识与沟通能力，能够积极配合团队完成任务；期望在工作中积累经验，快速成长。,本科 计算机科学与技术 应届 毕业生 TestNG 测试用例设计 课程设计 项目 代码 编写 排查 软件测试 工程师,学生 管理系统 功能测试 课程设计 系统 功能测试 缺陷 提交 测试用例 执行 黑盒 测试 发现 提交 功能 缺陷,学校 计算机 协会 技术部 协会 网站 维护 老师 实验室 设备 管理 系统 环境 搭建 班级 课程设计 小组 后端 开发 角色,应届 基础知识 技术 认真负责,Python Selenium Appium TestNG 接口测试 功能测试 JMeter 华为HCIA认证,Python、Selenium、Appium、TestNG、接口测试、功能测试、JMeter,华为HCIA认证
邓雯,女,13606445096,dengwen64@outlook.com,wx_dengwen_471,泉州,"期望岗位：前端开发工程师
期望城市：泉州
期望行业：互联网/信息技术/软件服务
期望薪资：6000-7000元",3年前端开发工程师工作经验，精通Vite、TypeScript技术栈，参与过完整项目迭代，能够独立完成模块开发与问题排查，注重代码质量与开发效率，具备良好的沟通协作能力。,"福州大学 | 数学与应用数学 | 本科
毕业时间：2019年6月
核心课程：数据库原理、数字信号处理、Java程序设计、计算机网络","【微远科技有限公司】 前端开发工程师
2025年12月 - 至今
    · 编写开发文档，沉淀技术规范，协助新人熟悉业务
    · 负责公司前端开发工程师相关业务的开发与维护，参与需求评审
    · 承担分配模块的编码、测试与优化工作，保障系统稳定运行

【数聚信息技术有限公司】 前端开发工程师
2024年11月 - 2025年12月
    · 编写开发文档，沉淀技术规范，协助新人熟悉业务
    · 负责公司前端开发工程师相关业务的开发与维护，参与需求评审
    · 承担分配模块的编码、测试与优化工作，保障系统稳定运行","■ 电商平台前端重构
  项目目标：升级旧版电商系统前端架构，提升用户体验与加载速度
  个人职责：负责商品详情页、购物车模块开发，组件化封装公共组件
  项目成果：首屏加载时间从3.2s降至1.8s，页面转化率提升12%

■ 企业后台管理系统
  项目目标：搭建企业运营管理后台，实现业务数据可视化
  个人职责：负责权限管理、数据报表模块开发，对接后端接口联调
  项目成果：覆盖12个业务部门，运营效率提升40%","专业技能：JavaScript、Vite、Ant Design、Vue、React、Axios
相关证书：英语四级、计算机二级",拥有3年实际工作经验，技术功底扎实，熟悉完整开发流程；具备较强的问题解决能力，能够独立排查并解决常见技术问题；工作认真负责，注重团队协作，能够高效推进项目落地；持续学习，保持技术敏感度。,前端开发 工程师 Vite TypeScript 技术 完整 项目 迭代 独立 模块 开发 排查 代码 质量 开发 效率 协作,电商 平台 前端 重构 升级 旧版 电商 系统 前端 架构 用户 体验 加载 速度 商品 详情页 购物车 模块 开发 组件 封装 公共 组件 首屏 加载 时间 3.2 降至 1.8 页面 转化率 企业 后台 管理系统 搭建 企业 运营 管理 后台 业务 数据可视化 权限 管理 数据报表 模块 开发 对接 后端 接口 联调 覆盖 业务部门 运营 效率,微远 科技 前端开发 工程师 至今 编写 开发 文档 沉淀 技术规范 新人 熟悉业务 前端开发 工程师 业务 开发 维护 需求 评审 分配 模块 编码 测试 保障系统 稳定 运行 数聚 信息技术 前端开发 工程师 编写 开发 文档 沉淀 技术规范 新人 熟悉业务 前端开发 工程师 业务 开发 维护 需求 评审 分配 模块 编码 测试 保障系统 稳定 运行,实际 技术 功底 完整 开发 流程 独立 排查 常见 技术 认真负责 协作 高效 推进 项目 落地 持续 保持 技术 敏感度,JavaScript Vite Ant Design Vue React Axios 英语四级 计算机二级,JavaScript、Vite、Ant Design、Vue、React、Axios,英语四级、计算机二级
卢璐,女,15983327313,lulu917@outlook.com,18489589608,蚌埠,"期望岗位：运维工程师
期望城市：蚌埠
期望行业：互联网/信息技术/软件服务
期望薪资：6500-7000元",3年运维工程师工作经验，精通网络运维、Docker技术栈，参与过完整项目迭代，能够独立完成模块开发与问题排查，注重代码质量与开发效率，具备良好的沟通协作能力。,"福建船政交通职业学院 | 数字媒体技术 | 专科
毕业时间：2019年6月
核心课程：计算机网络、Java程序设计、操作系统、数字信号处理","【信雅科技有限公司】 运维工程师
2025年3月 - 至今
    · 负责公司运维工程师相关业务的开发与维护，参与需求评审
    · 编写开发文档，沉淀技术规范，协助新人熟悉业务
    · 对接产品、测试团队，跟进需求落地与缺陷修复

【云创信息技术有限公司】 运维工程师
2024年11月 - 2025年3月
    · 对接产品、测试团队，跟进需求落地与缺陷修复
    · 承担分配模块的编码、测试与优化工作，保障系统稳定运行
    · 负责公司运维工程师相关业务的开发与维护，参与需求评审","■ 服务器集群运维优化
  项目目标：提升服务器集群稳定性，降低故障发生率
  个人职责：负责日常巡检、故障排查，优化监控告警规则与分级策略
  项目成果：服务器故障率下降60%，平均故障响应时间缩短至15分钟

■ CI/CD自动化流水线
  项目目标：实现代码自动化构建、测试、部署，提升发布效率
  个人职责：基于Jenkins搭建持续集成流水线，配置Docker容器化部署
  项目成果：发布周期从每周1次提升至每天3次，部署失误率降为0","专业技能：Prometheus、Docker、Shell、Kubernetes、Zabbix、网络运维、Nginx、MySQL
相关证书：系统架构设计师、PMP项目管理专业人士",拥有3年实际工作经验，技术功底扎实，熟悉完整开发流程；具备较强的问题解决能力，能够独立排查并解决常见技术问题；工作认真负责，注重团队协作，能够高效推进项目落地；持续学习，保持技术敏感度。,运维 工程师 网络运维 Docker 技术 完整 项目 迭代 独立 模块 开发 排查 代码 质量 开发 效率 协作,服务器 集群 运维 服务器 集群 稳定性 降低 故障 发生率 巡检 故障 排查 监控 告警 规则 分级 策略 服务器 故障率 下降 平均 故障 响应 时间 缩短 分钟 CI CD 自动化 流水线 代码 自动化 构建 测试 部署 发布 效率 基于 Jenkins 搭建 持续 集成 流水线 配置 Docker 容器 部署 发布 周期 每周 每天 部署 失误 降为,信雅 科技 运维 工程师 至今 运维 工程师 业务 开发 维护 需求 评审 编写 开发 文档 沉淀 技术规范 新人 熟悉业务 对接 产品 测试 跟进 需求 落地 缺陷 修复 云创 信息技术 运维 工程师 对接 产品 测试 跟进 需求 落地 缺陷 修复 分配 模块 编码 测试 保障系统 稳定 运行 运维 工程师 业务 开发 维护 需求 评审,实际 技术 功底 完整 开发 流程 独立 排查 常见 技术 认真负责 协作 高效 推进 项目 落地 持续 保持 技术 敏感度,Prometheus Docker Shell Kubernetes Zabbix 网络运维 Nginx MySQL 系统架构设计师 PMP项目管理专业人士,Prometheus、Docker、Shell、Kubernetes、Zabbix、网络运维、Nginx、MySQL,系统架构设计师、PMP项目管理专业人士
孟莉,女,15018528607,mengli59@qq.com,13911715517,南平,"期望岗位：算法工程师
期望城市：南平
期望行业：互联网/信息技术/软件服务
期望薪资：11500-12000元",1年算法工程师工作经验，精通NLP、数据结构技术栈，参与过完整项目迭代，能够独立完成模块开发与问题排查，注重代码质量与开发效率，具备良好的沟通协作能力。,"江西师范大学 | 物联网工程 | 本科
毕业时间：2021年6月
核心课程：数字信号处理、Python编程、数据库原理、软件工程","【中软数据技术有限公司】 算法工程师
2025年9月 - 至今
    · 负责公司算法工程师相关业务的开发与维护，参与需求评审
    · 承担分配模块的编码、测试与优化工作，保障系统稳定运行
    · 编写开发文档，沉淀技术规范，协助新人熟悉业务","■ 个性化推荐系统
  项目目标：提升内容推荐精准度，增加用户停留时长
  个人职责：负责协同过滤、深度学习推荐模型开发与离线优化
  项目成果：用户平均停留时长提升25%，点击率提升15%

■ 风控欺诈识别模型
  项目目标：识别交易欺诈行为，降低资金损失风险
  个人职责：特征工程，构建XGBoost风控模型，在线部署与迭代
  项目成果：欺诈识别准确率达92%，每年减少损失超200万","专业技能：特征工程、Python、算法优化、深度学习、计算机视觉、数据结构、机器学习
相关证书：无",拥有1年实际工作经验，技术功底扎实，熟悉完整开发流程；具备较强的问题解决能力，能够独立排查并解决常见技术问题；工作认真负责，注重团队协作，能够高效推进项目落地；持续学习，保持技术敏感度。,算法 工程师 NLP 数据结构 技术 完整 项目 迭代 独立 模块 开发 排查 代码 质量 开发 效率 协作,个性化 推荐 系统 推荐 精准度 增加 用户 停留 时长 协同 过滤 深度学习 推荐 模型 开发 离线 用户 平均 停留 时长 点击率 风控 欺诈 识别 模型 识别 交易 欺诈 行为 降低 资金 损失 风险 特征工程 构建 XGBoost 风控 模型 在线 部署 迭代 欺诈 识别 准确率 每年 减少 损失,中软 数据 技术 算法 工程师 至今 算法 工程师 业务 开发 维护 需求 评审 分配 模块 编码 测试 保障系统 稳定 运行 编写 开发 文档 沉淀 技术规范 新人 熟悉业务,实际 技术 功底 完整 开发 流程 独立 排查 常见 技术 认真负责 协作 高效 推进 项目 落地 持续 保持 技术 敏感度,特征工程 Python 算法优化 深度学习 计算机视觉 数据结构 机器学习,特征工程、Python、算法优化、深度学习、计算机视觉、数据结构、机器学习,
廖恒,男,13440956860,liaoheng298@126.com,wx_liaoheng_925,黄山,"期望岗位：数据分析师
期望城市：黄山
期望行业：互联网/信息技术/软件服务
期望薪资：13000-16000元",4年数据分析师从业经验，精通NumPy技术架构，主导过中型项目从0到1落地，擅长技术方案设计与性能优化，曾推动核心模块技术重构，带来显著效率提升，具备跨部门协作与项目推进能力。,"集美大学 | 数字媒体技术 | 本科
毕业时间：2018年6月
核心课程：数据库原理、操作系统、数据结构、计算机网络","【华为（东莞研究所）】 数据分析师
2024年8月 - 至今
    · 负责公司数据分析师相关业务的开发与维护，参与需求评审
    · 编写开发文档，沉淀技术规范，协助新人熟悉业务

【新科网络科技有限公司】 数据分析师
2022年1月 - 2024年5月
    · 负责公司数据分析师相关业务的开发与维护，参与需求评审
    · 对接产品、测试团队，跟进需求落地与缺陷修复
    · 承担分配模块的编码、测试与优化工作，保障系统稳定运行","■ 用户行为分析看板
  项目目标：构建用户行为数据体系，支撑运营决策
  个人职责：负责数据清洗、指标体系搭建，输出可视化运营报表
  项目成果：输出15+核心运营指标，支撑每月3次运营优化，用户留存率提升8%

■ 销售数据预测建模
  项目目标：基于历史数据预测销量，指导库存与备货
  个人职责：数据预处理，构建时间序列预测模型，输出月度预测报告
  项目成果：预测准确率达89%，库存周转效率提升25%","专业技能：数据可视化、Excel、Hive、Pandas、用户分析、MySQL
相关证书：英语六级",拥有4年行业经验，技术视野开阔，具备方案设计与项目把控能力；逻辑清晰，善于定位并解决复杂技术问题；具备良好的团队管理与跨部门沟通能力，能够推动技术优化与业务落地；责任心强，追求技术与业务的平衡发展。,数据 分析师 从业 NumPy 技术 架构 主导 中型 项目 落地 擅长 技术 方案设计 性能 推动 核心 模块 技术 重构 带来 显著 效率 跨部门 协作 项目 推进,用户 行为 分析 看板 构建 用户 行为 数据 体系 支撑 运营 决策 数据 清洗 指标体系 搭建 可视化 运营 报表 核心 运营 指标 支撑 每月 运营 用户 留存 销售 数据 预测 建模 基于 历史数据 预测 销量 指导 库存 备货 数据 预处理 构建 时间 序列 预测 模型 月度 预测 报告 预测 准确率 库存 周转 效率,华为 东莞 研究所 数据 分析师 至今 数据 分析师 业务 开发 维护 需求 评审 编写 开发 文档 沉淀 技术规范 新人 熟悉业务 新科 网络科技 数据 分析师 数据 分析师 业务 开发 维护 需求 评审 对接 产品 测试 跟进 需求 落地 缺陷 修复 分配 模块 编码 测试 保障系统 稳定 运行,技术 视野 开阔 方案设计 项目 逻辑 清晰 善于 定位 复杂 技术 管理 跨部门 推动 技术 业务 落地 责任心 追求 技术 业务 平衡 发展,数据可视化 Excel Hive Pandas 用户分析 MySQL 英语六级,数据可视化、Excel、Hive、Pandas、用户分析、MySQL,英语六级
钟梓轩,男,13569573060,zhong梓xuan08@126.com,wx_zhong梓xuan_982,宁德,"期望岗位：Java开发工程师
期望城市：宁德
期望行业：互联网/信息技术/软件服务
期望薪资：5000-5500元",专科信息管理与信息系统专业应届毕业生，掌握Docker、RabbitMQ基础技能，完成过课程设计与毕业项目，具备基础代码编写能力与问题排查思路，学习能力强，做事认真踏实，期望从事Java开发工程师相关工作。,"厦门海洋职业技术学院 | 信息管理与信息系统 | 专科
毕业时间：2022年6月
核心课程：机器学习、算法设计与分析、数据结构、Java程序设计","【校园实践】
    · 参与学校计算机协会技术部，负责协会网站日常维护
    · 协助老师完成实验室设备管理与系统环境搭建
    · 参与班级课程设计小组，担任后端开发角色","■ 校园二手交易平台（毕设）
  项目目标：搭建校园闲置物品发布与交易平台
  个人职责：负责用户模块、商品发布模块开发
  项目成果：完成系统原型，获得良好成绩","专业技能：JVM调优、微服务、SpringCloud、RabbitMQ、Linux、SpringBoot
相关证书：英语六级",应届毕业，具备扎实的专业基础知识与学习能力，能够快速掌握新技术；工作态度认真负责，有耐心，注重细节；具备良好的团队意识与沟通能力，能够积极配合团队完成任务；期望在工作中积累经验，快速成长。,专科 信息管理与信息系统 应届 毕业生 Docker RabbitMQ 课程设计 项目 代码 编写 排查 Java 开发 工程师,二手交易 平台 毕设 搭建 闲置 物品 发布 交易平台 用户 模块 商品 发布 模块 开发 系统 原型 获得 成绩,学校 计算机 协会 技术部 协会 网站 维护 老师 实验室 设备 管理 系统 环境 搭建 班级 课程设计 小组 后端 开发 角色,应届 基础知识 技术 认真负责,JVM调优 微服务 SpringCloud RabbitMQ Linux SpringBoot 英语六级,JVM调优、微服务、SpringCloud、RabbitMQ、Linux、SpringBoot,英语六级
尹辉,男,15995282147,yinhui205@163.com,wx_yinhui_291,蚌埠,"期望岗位：算法工程师
期望城市：蚌埠
期望行业：互联网/信息技术/软件服务
期望薪资：7000-9000元",2年算法工程师工作经验，精通Python、深度学习技术栈，参与过完整项目迭代，能够独立完成模块开发与问题排查，注重代码质量与开发效率，具备良好的沟通协作能力。,"厦门理工学院 | 数据科学与大数据技术 | 本科
毕业时间：2020年6月
核心课程：Python编程、数字信号处理、Java程序设计、计算机网络","【云创科技有限公司】 算法工程师
2025年3月 - 至今
    · 编写开发文档，沉淀技术规范，协助新人熟悉业务
    · 承担分配模块的编码、测试与优化工作，保障系统稳定运行
    · 负责公司算法工程师相关业务的开发与维护，参与需求评审

【博思科技有限公司】 算法工程师
2024年2月 - 2025年5月
    · 负责公司算法工程师相关业务的开发与维护，参与需求评审
    · 编写开发文档，沉淀技术规范，协助新人熟悉业务","■ 风控欺诈识别模型
  项目目标：识别交易欺诈行为，降低资金损失风险
  个人职责：特征工程，构建XGBoost风控模型，在线部署与迭代
  项目成果：欺诈识别准确率达92%，每年减少损失超200万

■ 个性化推荐系统
  项目目标：提升内容推荐精准度，增加用户停留时长
  个人职责：负责协同过滤、深度学习推荐模型开发与离线优化
  项目成果：用户平均停留时长提升25%，点击率提升15%","专业技能：机器学习、特征工程、TensorFlow、NLP、Python、计算机视觉、数据结构、SQL
相关证书：PMP项目管理专业人士、软考中级、阿里云ACP云计算认证",拥有2年实际工作经验，技术功底扎实，熟悉完整开发流程；具备较强的问题解决能力，能够独立排查并解决常见技术问题；工作认真负责，注重团队协作，能够高效推进项目落地；持续学习，保持技术敏感度。,算法 工程师 Python 深度学习 技术 完整 项目 迭代 独立 模块 开发 排查 代码 质量 开发 效率 协作,风控 欺诈 识别 模型 识别 交易 欺诈 行为 降低 资金 损失 风险 特征工程 构建 XGBoost 风控 模型 在线 部署 迭代 欺诈 识别 准确率 每年 减少 损失 个性化 推荐 系统 推荐 精准度 增加 用户 停留 时长 协同 过滤 深度学习 推荐 模型 开发 离线 用户 平均 停留 时长 点击率,云创 科技 算法 工程师 至今 编写 开发 文档 沉淀 技术规范 新人 熟悉业务 分配 模块 编码 测试 保障系统 稳定 运行 算法 工程师 业务 开发 维护 需求 评审 博思 科技 算法 工程师 算法 工程师 业务 开发 维护 需求 评审 编写 开发 文档 沉淀 技术规范 新人 熟悉业务,实际 技术 功底 完整 开发 流程 独立 排查 常见 技术 认真负责 协作 高效 推进 项目 落地 持续 保持 技术 敏感度,机器学习 特征工程 TensorFlow NLP Python 计算机视觉 数据结构 SQL PMP项目管理专业人士 软考中级 阿里云ACP云计算认证,机器学习、特征工程、TensorFlow、NLP、Python、计算机视觉、数据结构、SQL,PMP项目管理专业人士、软考中级、阿里云ACP云计算认证
杜洋,男,13910922809,duyang7442@163.com,wx_duyang_931,宁波,"期望岗位：Java开发工程师
期望城市：宁波
期望行业：互联网/信息技术/软件服务
期望薪资：11500-12000元",3年Java开发工程师工作经验，精通RabbitMQ、Docker技术栈，参与过完整项目迭代，能够独立完成模块开发与问题排查，注重代码质量与开发效率，具备良好的沟通协作能力。,"浙江万里学院 | 电子信息工程 | 本科
毕业时间：2019年6月
核心课程：机器学习、Java程序设计、Python编程、算法设计与分析","【汇智信息技术有限公司】 Java开发工程师
2025年7月 - 至今
    · 承担分配模块的编码、测试与优化工作，保障系统稳定运行
    · 编写开发文档，沉淀技术规范，协助新人熟悉业务

【锐捷信息技术有限公司】 Java开发工程师
2024年5月 - 2025年11月
    · 编写开发文档，沉淀技术规范，协助新人熟悉业务
    · 对接产品、测试团队，跟进需求落地与缺陷修复","■ 电商订单交易系统
  项目目标：搭建高可用电商订单系统，支撑大促流量峰值
  个人职责：负责订单创建、支付回调、库存扣减核心逻辑开发
  项目成果：支撑日均订单量10万+，系统可用性达99.95%

■ 微服务用户中心重构
  项目目标：将单体用户系统拆分为微服务架构，提升并发承载能力
  个人职责：负责登录、注册、权限模块开发，优化数据库查询与缓存策略
  项目成果：支持并发量从500提升至5000，接口响应耗时减少60%","专业技能：MyBatis、JVM调优、Linux、Java、MySQL、SpringBoot、SpringCloud、微服务
相关证书：MySQL数据库认证、软考中级",拥有3年实际工作经验，技术功底扎实，熟悉完整开发流程；具备较强的问题解决能力，能够独立排查并解决常见技术问题；工作认真负责，注重团队协作，能够高效推进项目落地；持续学习，保持技术敏感度。,Java 开发 工程师 RabbitMQ Docker 技术 完整 项目 迭代 独立 模块 开发 排查 代码 质量 开发 效率 协作,电商 订单 交易系统 搭建 可用 电商 订单 系统 支撑 大促 流量 峰值 订单 创建 支付 回调 库存 扣减 核心 逻辑 开发 支撑 日均 订单 系统 可用性 微服务 用户 中心 重构 单体 用户 系统 分为 微服务 架构 并发 承载能力 登录 注册 权限 模块 开发 数据库 查询 缓存 策略 并发 接口 响应 耗时 减少,汇智 信息技术 Java 开发 工程师 至今 分配 模块 编码 测试 保障系统 稳定 运行 编写 开发 文档 沉淀 技术规范 新人 熟悉业务 锐捷 信息技术 Java 开发 工程师 编写 开发 文档 沉淀 技术规范 新人 熟悉业务 对接 产品 测试 跟进 需求 落地 缺陷 修复,实际 技术 功底 完整 开发 流程 独立 排查 常见 技术 认真负责 协作 高效 推进 项目 落地 持续 保持 技术 敏感度,MyBatis JVM调优 Linux Java MySQL SpringBoot SpringCloud 微服务 MySQL数据库认证 软考中级,MyBatis、JVM调优、Linux、Java、MySQL、SpringBoot、SpringCloud、微服务,MySQL数据库认证、软考中级
薛妍,女,13198665433,xueyan23@qq.com,18466594914,合肥,"期望岗位：后端开发工程师
期望城市：合肥
期望行业：互联网/信息技术/软件服务
期望薪资：6500-8500元",1年后端开发工程师工作经验，精通Gin、Docker技术栈，参与过完整项目迭代，能够独立完成模块开发与问题排查，注重代码质量与开发效率，具备良好的沟通协作能力。,"南京理工大学 | 网络工程 | 本科
毕业时间：2021年6月
核心课程：算法设计与分析、Java程序设计、数据库原理、数据结构","【vivo（东莞）】 后端开发工程师
2025年10月 - 至今
    · 负责公司后端开发工程师相关业务的开发与维护，参与需求评审
    · 承担分配模块的编码、测试与优化工作，保障系统稳定运行
    · 编写开发文档，沉淀技术规范，协助新人熟悉业务","■ 内容管理系统后端
  项目目标：搭建CMS系统后端服务，支持多站点内容发布
  个人职责：负责文章、栏目、权限模块接口开发，设计数据库表结构
  项目成果：支撑8个站点同时运营，内容发布效率提升3倍

■ 即时通讯服务开发
  项目目标：实现企业内部IM系统后端消息推送与存储
  个人职责：负责消息队列、离线消息、会话管理模块开发
  项目成果：支持万人同时在线，消息送达延迟低于100ms","专业技能：Kafka、MySQL、Redis、微服务、Python、Docker
相关证书：阿里云ACP云计算认证、英语六级、PMP项目管理专业人士",拥有1年实际工作经验，技术功底扎实，熟悉完整开发流程；具备较强的问题解决能力，能够独立排查并解决常见技术问题；工作认真负责，注重团队协作，能够高效推进项目落地；持续学习，保持技术敏感度。,年后 开发 工程师 Gin Docker 技术 完整 项目 迭代 独立 模块 开发 排查 代码 质量 开发 效率 协作,管理系统 后端 搭建 CMS 系统 后端 服务 站点 发布 文章 栏目 权限 模块接口 开发 数据库 结构 支撑 站点 运营 发布 效率 即时通讯 服务 开发 企业 内部 IM 系统 后端 消息 推送 存储 消息 队列 离线 消息 会话 管理 模块 开发 万人 同时在线 消息 送达 延迟 低于 100ms,vivo 东莞 后端 开发 工程师 至今 后端 开发 工程师 业务 开发 维护 需求 评审 分配 模块 编码 测试 保障系统 稳定 运行 编写 开发 文档 沉淀 技术规范 新人 熟悉业务,实际 技术 功底 完整 开发 流程 独立 排查 常见 技术 认真负责 协作 高效 推进 项目 落地 持续 保持 技术 敏感度,Kafka MySQL Redis 微服务 Python Docker 阿里云ACP云计算认证 英语六级 PMP项目管理专业人士,Kafka、MySQL、Redis、微服务、Python、Docker,阿里云ACP云计算认证、英语六级、PMP项目管理专业人士
叶瑶,女,13652909726,yeyao01@outlook.com,18493155333,温州,"期望岗位：后端开发工程师
期望城市：温州
期望行业：互联网/信息技术/软件服务
期望薪资：19000-19500元",3年后端开发工程师从业经验，精通SpringBoot技术架构，主导过中型项目从0到1落地，擅长技术方案设计与性能优化，曾推动核心模块技术重构，带来显著效率提升，具备跨部门协作与项目推进能力。,"厦门理工学院 | 通信工程 | 本科
毕业时间：2019年6月
核心课程：Java程序设计、数据库原理、算法设计与分析、软件工程","【华为（东莞研究所）】 后端开发工程师
2025年3月 - 至今
    · 承担分配模块的编码、测试与优化工作，保障系统稳定运行
    · 编写开发文档，沉淀技术规范，协助新人熟悉业务
    · 对接产品、测试团队，跟进需求落地与缺陷修复

【锐捷信息技术有限公司】 后端开发工程师
2024年3月 - 2025年2月
    · 对接产品、测试团队，跟进需求落地与缺陷修复
    · 承担分配模块的编码、测试与优化工作，保障系统稳定运行
    · 负责公司后端开发工程师相关业务的开发与维护，参与需求评审","■ 内容管理系统后端
  项目目标：搭建CMS系统后端服务，支持多站点内容发布
  个人职责：负责文章、栏目、权限模块接口开发，设计数据库表结构
  项目成果：支撑8个站点同时运营，内容发布效率提升3倍

■ 即时通讯服务开发
  项目目标：实现企业内部IM系统后端消息推送与存储
  个人职责：负责消息队列、离线消息、会话管理模块开发
  项目成果：支持万人同时在线，消息送达延迟低于100ms","专业技能：Kafka、Python、Go、MySQL、微服务、Redis、Java、SpringBoot、PostgreSQL
相关证书：软考中级",拥有3年行业经验，技术视野开阔，具备方案设计与项目把控能力；逻辑清晰，善于定位并解决复杂技术问题；具备良好的团队管理与跨部门沟通能力，能够推动技术优化与业务落地；责任心强，追求技术与业务的平衡发展。,年后 开发 工程师 从业 SpringBoot 技术 架构 主导 中型 项目 落地 擅长 技术 方案设计 性能 推动 核心 模块 技术 重构 带来 显著 效率 跨部门 协作 项目 推进,管理系统 后端 搭建 CMS 系统 后端 服务 站点 发布 文章 栏目 权限 模块接口 开发 数据库 结构 支撑 站点 运营 发布 效率 即时通讯 服务 开发 企业 内部 IM 系统 后端 消息 推送 存储 消息 队列 离线 消息 会话 管理 模块 开发 万人 同时在线 消息 送达 延迟 低于 100ms,华为 东莞 研究所 后端 开发 工程师 至今 分配 模块 编码 测试 保障系统 稳定 运行 编写 开发 文档 沉淀 技术规范 新人 熟悉业务 对接 产品 测试 跟进 需求 落地 缺陷 修复 锐捷 信息技术 后端 开发 工程师 对接 产品 测试 跟进 需求 落地 缺陷 修复 分配 模块 编码 测试 保障系统 稳定 运行 后端 开发 工程师 业务 开发 维护 需求 评审,技术 视野 开阔 方案设计 项目 逻辑 清晰 善于 定位 复杂 技术 管理 跨部门 推动 技术 业务 落地 责任心 追求 技术 业务 平衡 发展,Kafka Python Go MySQL 微服务 Redis Java SpringBoot PostgreSQL 软考中级,Kafka、Python、Go、MySQL、微服务、Redis、Java、SpringBoot、PostgreSQL,软考中级
毛洋,男,15961499289,maoyang30@163.com,18425649728,龙岩,"期望岗位：算法工程师
期望城市：龙岩
期望行业：互联网/信息技术/软件服务
期望薪资：3000-5000元",专科软件工程专业应届毕业生，掌握计算机视觉、特征工程基础技能，完成过课程设计与毕业项目，具备基础代码编写能力与问题排查思路，学习能力强，做事认真踏实，期望从事算法工程师相关工作。,"福州职业技术学院 | 软件工程 | 专科
毕业时间：2022年6月
核心课程：机器学习、数据库原理、软件工程、操作系统","【校园实践】
    · 参与学校计算机协会技术部，负责协会网站日常维护
    · 协助老师完成实验室设备管理与系统环境搭建
    · 参与班级课程设计小组，担任后端开发角色","■ 电影推荐系统（毕设）
  项目目标：基于协同过滤实现简单电影推荐
  个人职责：数据处理、模型实现、效果验证
  项目成果：召回准确率达到75%","专业技能：特征工程、PyTorch、推荐算法、NLP、深度学习
相关证书：无",应届毕业，具备扎实的专业基础知识与学习能力，能够快速掌握新技术；工作态度认真负责，有耐心，注重细节；具备良好的团队意识与沟通能力，能够积极配合团队完成任务；期望在工作中积累经验，快速成长。,专科 软件工程 应届 毕业生 计算机视觉 特征工程 课程设计 项目 代码 编写 排查 算法 工程师,电影 推荐 系统 毕设 基于 协同 过滤 简单 电影 推荐 数据处理 模型 效果 验证 召回 准确率 达到,学校 计算机 协会 技术部 协会 网站 维护 老师 实验室 设备 管理 系统 环境 搭建 班级 课程设计 小组 后端 开发 角色,应届 基础知识 技术 认真负责,特征工程 PyTorch 推荐算法 NLP 深度学习,特征工程、PyTorch、推荐算法、NLP、深度学习,
吴悦,女,13602626189,wuyue6445@gmail.com,13167574484,金华,"期望岗位：数据分析师
期望城市：金华
期望行业：互联网/信息技术/软件服务
期望薪资：6500-10500元",2年数据分析师工作经验，精通Python、NumPy技术栈，参与过完整项目迭代，能够独立完成模块开发与问题排查，注重代码质量与开发效率，具备良好的沟通协作能力。,"东莞理工学院 | 数学与应用数学 | 本科
毕业时间：2020年6月
核心课程：操作系统、数据结构、数据库原理、软件工程","【用友互联网科技有限公司】 数据分析师
2025年11月 - 至今
    · 编写开发文档，沉淀技术规范，协助新人熟悉业务
    · 负责公司数据分析师相关业务的开发与维护，参与需求评审

【用友科技有限公司】 数据分析师
2024年3月 - 2025年6月
    · 编写开发文档，沉淀技术规范，协助新人熟悉业务
    · 对接产品、测试团队，跟进需求落地与缺陷修复","■ 用户行为分析看板
  项目目标：构建用户行为数据体系，支撑运营决策
  个人职责：负责数据清洗、指标体系搭建，输出可视化运营报表
  项目成果：输出15+核心运营指标，支撑每月3次运营优化，用户留存率提升8%

■ 销售数据预测建模
  项目目标：基于历史数据预测销量，指导库存与备货
  个人职责：数据预处理，构建时间序列预测模型，输出月度预测报告
  项目成果：预测准确率达89%，库存周转效率提升25%","专业技能：MySQL、Excel、用户分析、Python、Hive、SQL、Tableau、Power BI、NumPy、Pandas
相关证书：MySQL数据库认证",拥有2年实际工作经验，技术功底扎实，熟悉完整开发流程；具备较强的问题解决能力，能够独立排查并解决常见技术问题；工作认真负责，注重团队协作，能够高效推进项目落地；持续学习，保持技术敏感度。,数据 分析师 Python NumPy 技术 完整 项目 迭代 独立 模块 开发 排查 代码 质量 开发 效率 协作,用户 行为 分析 看板 构建 用户 行为 数据 体系 支撑 运营 决策 数据 清洗 指标体系 搭建 可视化 运营 报表 核心 运营 指标 支撑 每月 运营 用户 留存 销售 数据 预测 建模 基于 历史数据 预测 销量 指导 库存 备货 数据 预处理 构建 时间 序列 预测 模型 月度 预测 报告 预测 准确率 库存 周转 效率,用友 互联网 科技 数据 分析师 至今 编写 开发 文档 沉淀 技术规范 新人 熟悉业务 数据 分析师 业务 开发 维护 需求 评审 用友 科技 数据 分析师 编写 开发 文档 沉淀 技术规范 新人 熟悉业务 对接 产品 测试 跟进 需求 落地 缺陷 修复,实际 技术 功底 完整 开发 流程 独立 排查 常见 技术 认真负责 协作 高效 推进 项目 落地 持续 保持 技术 敏感度,MySQL Excel 用户分析 Python Hive SQL Tableau Power BI NumPy Pandas MySQL数据库认证,MySQL、Excel、用户分析、Python、Hive、SQL、Tableau、Power BI、NumPy、Pandas,MySQL数据库认证
邱宇泽,男,13175776425,qiuyuze696@outlook.com,wx_qiuyuze_911,阜阳,"期望岗位：算法工程师
期望城市：阜阳
期望行业：互联网/信息技术/软件服务
期望薪资：6500-8500元",2年算法工程师工作经验，精通数据结构、推荐算法技术栈，参与过完整项目迭代，能够独立完成模块开发与问题排查，注重代码质量与开发效率，具备良好的沟通协作能力。,"东南大学 | 数学与应用数学 | 本科
毕业时间：2020年6月
核心课程：计算机网络、数据库原理、机器学习、算法设计与分析","【卓望互联网科技有限公司】 算法工程师
2025年3月 - 至今
    · 编写开发文档，沉淀技术规范，协助新人熟悉业务
    · 负责公司算法工程师相关业务的开发与维护，参与需求评审

【微远互联网科技有限公司】 算法工程师
2024年10月 - 2025年3月
    · 负责公司算法工程师相关业务的开发与维护，参与需求评审
    · 对接产品、测试团队，跟进需求落地与缺陷修复
    · 承担分配模块的编码、测试与优化工作，保障系统稳定运行","■ 个性化推荐系统
  项目目标：提升内容推荐精准度，增加用户停留时长
  个人职责：负责协同过滤、深度学习推荐模型开发与离线优化
  项目成果：用户平均停留时长提升25%，点击率提升15%

■ 风控欺诈识别模型
  项目目标：识别交易欺诈行为，降低资金损失风险
  个人职责：特征工程，构建XGBoost风控模型，在线部署与迭代
  项目成果：欺诈识别准确率达92%，每年减少损失超200万","专业技能：特征工程、算法优化、TensorFlow、推荐算法、计算机视觉、SQL
相关证书：软考中级",拥有2年实际工作经验，技术功底扎实，熟悉完整开发流程；具备较强的问题解决能力，能够独立排查并解决常见技术问题；工作认真负责，注重团队协作，能够高效推进项目落地；持续学习，保持技术敏感度。,算法 工程师 数据结构 推荐算法 技术 完整 项目 迭代 独立 模块 开发 排查 代码 质量 开发 效率 协作,个性化 推荐 系统 推荐 精准度 增加 用户 停留 时长 协同 过滤 深度学习 推荐 模型 开发 离线 用户 平均 停留 时长 点击率 风控 欺诈 识别 模型 识别 交易 欺诈 行为 降低 资金 损失 风险 特征工程 构建 XGBoost 风控 模型 在线 部署 迭代 欺诈 识别 准确率 每年 减少 损失,卓望 互联网 科技 算法 工程师 至今 编写 开发 文档 沉淀 技术规范 新人 熟悉业务 算法 工程师 业务 开发 维护 需求 评审 微远 互联网 科技 算法 工程师 算法 工程师 业务 开发 维护 需求 评审 对接 产品 测试 跟进 需求 落地 缺陷 修复 分配 模块 编码 测试 保障系统 稳定 运行,实际 技术 功底 完整 开发 流程 独立 排查 常见 技术 认真负责 协作 高效 推进 项目 落地 持续 保持 技术 敏感度,特征工程 算法优化 TensorFlow 推荐算法 计算机视觉 SQL 软考中级,特征工程、算法优化、TensorFlow、推荐算法、计算机视觉、SQL,软考中级
韦萍,女,15000487195,weiping137@qq.com,wx_weiping_909,金华,"期望岗位：后端开发工程师
期望城市：金华
期望行业：互联网/信息技术/软件服务
期望薪资：27000-28500元",6年后端开发工程师资深经验，精通全链路技术架构，具备团队技术规划与方案设计能力，主导过多个大型项目重构与升级，在高并发/系统稳定性领域有深厚积累，能够带领团队攻克技术难题，驱动业务技术升级。,"东莞理工学院 | 数学与应用数学 | 本科
毕业时间：2016年6月
核心课程：操作系统、数据结构、算法设计与分析、软件工程","【亿联网络】 后端开发工程师
2024年9月 - 至今
    · 承担分配模块的编码、测试与优化工作，保障系统稳定运行
    · 负责公司后端开发工程师相关业务的开发与维护，参与需求评审

【未来软件有限公司】 后端开发工程师
2022年10月 - 2024年5月
    · 编写开发文档，沉淀技术规范，协助新人熟悉业务
    · 对接产品、测试团队，跟进需求落地与缺陷修复
    · 负责公司后端开发工程师相关业务的开发与维护，参与需求评审

【天擎软件有限公司】 后端开发工程师
2020年1月 - 2022年9月
    · 对接产品、测试团队，跟进需求落地与缺陷修复
    · 承担分配模块的编码、测试与优化工作，保障系统稳定运行","■ 内容管理系统后端
  项目目标：搭建CMS系统后端服务，支持多站点内容发布
  个人职责：负责文章、栏目、权限模块接口开发，设计数据库表结构
  项目成果：支撑8个站点同时运营，内容发布效率提升3倍

■ 即时通讯服务开发
  项目目标：实现企业内部IM系统后端消息推送与存储
  个人职责：负责消息队列、离线消息、会话管理模块开发
  项目成果：支持万人同时在线，消息送达延迟低于100ms","专业技能：Java、MySQL、PostgreSQL、Go、SpringBoot、Redis、Python、K8s
相关证书：红帽RHCE认证",拥有6年行业经验，技术视野开阔，具备方案设计与项目把控能力；逻辑清晰，善于定位并解决复杂技术问题；具备良好的团队管理与跨部门沟通能力，能够推动技术优化与业务落地；责任心强，追求技术与业务的平衡发展。,年后 开发 工程师 资深 链路 技术 架构 技术 规划 方案设计 主导 多个 大型项目 重构 升级 并发 系统 稳定性 领域 深厚 带领 攻克 技术难题 驱动 业务 技术升级,管理系统 后端 搭建 CMS 系统 后端 服务 站点 发布 文章 栏目 权限 模块接口 开发 数据库 结构 支撑 站点 运营 发布 效率 即时通讯 服务 开发 企业 内部 IM 系统 后端 消息 推送 存储 消息 队列 离线 消息 会话 管理 模块 开发 万人 同时在线 消息 送达 延迟 低于 100ms,联网络 后端 开发 工程师 至今 分配 模块 编码 测试 保障系统 稳定 运行 后端 开发 工程师 业务 开发 维护 需求 评审 未来 软件 后端 开发 工程师 编写 开发 文档 沉淀 技术规范 新人 熟悉业务 对接 产品 测试 跟进 需求 落地 缺陷 修复 后端 开发 工程师 业务 开发 维护 需求 评审 天擎 软件 后端 开发 工程师 对接 产品 测试 跟进 需求 落地 缺陷 修复 分配 模块 编码 测试 保障系统 稳定 运行,技术 视野 开阔 方案设计 项目 逻辑 清晰 善于 定位 复杂 技术 管理 跨部门 推动 技术 业务 落地 责任心 追求 技术 业务 平衡 发展,Java MySQL PostgreSQL Go SpringBoot Redis Python K8s 红帽RHCE认证,Java、MySQL、PostgreSQL、Go、SpringBoot、Redis、Python、K8s,红帽RHCE认证
朱妍,女,13040668287,zhuyan02@163.com,wx_zhuyan_550,嘉兴,"期望岗位：软件测试工程师
期望城市：嘉兴
期望行业：互联网/信息技术/软件服务
期望薪资：面议",3年软件测试工程师工作经验，精通接口测试、功能测试技术栈，参与过完整项目迭代，能够独立完成模块开发与问题排查，注重代码质量与开发效率，具备良好的沟通协作能力。,"福建船政交通职业学院 | 软件工程 | 专科
毕业时间：2019年6月
核心课程：计算机网络、数据结构、Python编程、Java程序设计","【新科网络科技有限公司】 软件测试工程师
2025年3月 - 至今
    · 编写开发文档，沉淀技术规范，协助新人熟悉业务
    · 对接产品、测试团队，跟进需求落地与缺陷修复

【未来科技有限公司】 软件测试工程师
2024年2月 - 2025年6月
    · 对接产品、测试团队，跟进需求落地与缺陷修复
    · 编写开发文档，沉淀技术规范，协助新人熟悉业务
    · 承担分配模块的编码、测试与优化工作，保障系统稳定运行","■ 自动化测试框架搭建
  项目目标：提升回归测试效率，减少人工重复劳动
  个人职责：基于Selenium搭建UI自动化框架，编写核心模块测试脚本
  项目成果：回归测试周期从7天缩短至2天，覆盖率达85%

■ 电商平台功能测试
  项目目标：保障电商系统上线质量，覆盖全业务流程
  个人职责：设计测试用例，执行功能、回归测试，提交缺陷报告
  项目成果：发现并修复120+缺陷，上线后线上缺陷率低于0.5%","专业技能：性能测试、Postman、接口测试、缺陷管理、MySQL、TestNG、测试用例设计、Python
相关证书：无",拥有3年实际工作经验，技术功底扎实，熟悉完整开发流程；具备较强的问题解决能力，能够独立排查并解决常见技术问题；工作认真负责，注重团队协作，能够高效推进项目落地；持续学习，保持技术敏感度。,软件测试 工程师 接口测试 功能测试 技术 完整 项目 迭代 独立 模块 开发 排查 代码 质量 开发 效率 协作,自动化 测试 框架 搭建 回归 测试 效率 减少 人工 重复劳动 基于 Selenium 搭建 UI 自动化 框架 编写 核心 模块 测试 脚本 回归 测试 周期 缩短 覆盖率 电商 平台 功能测试 保障 电商 系统 上线 质量 覆盖 业务流程 测试用例 执行 功能 回归 测试 提交 缺陷 报告 发现 修复 缺陷 上线 后线 缺陷率 低于,新科 网络科技 软件测试 工程师 至今 编写 开发 文档 沉淀 技术规范 新人 熟悉业务 对接 产品 测试 跟进 需求 落地 缺陷 修复 未来 科技 软件测试 工程师 对接 产品 测试 跟进 需求 落地 缺陷 修复 编写 开发 文档 沉淀 技术规范 新人 熟悉业务 分配 模块 编码 测试 保障系统 稳定 运行,实际 技术 功底 完整 开发 流程 独立 排查 常见 技术 认真负责 协作 高效 推进 项目 落地 持续 保持 技术 敏感度,性能测试 Postman 接口测试 缺陷管理 MySQL TestNG 测试用例设计 Python,性能测试、Postman、接口测试、缺陷管理、MySQL、TestNG、测试用例设计、Python,
傅思琪,女,15825082592,fusiqi182@126.com,18734388511,厦门,"期望岗位：数据分析师
期望城市：厦门
期望行业：互联网/信息技术/软件服务
期望薪资：9500-11000元",3年数据分析师工作经验，精通SQL、统计学技术栈，参与过完整项目迭代，能够独立完成模块开发与问题排查，注重代码质量与开发效率，具备良好的沟通协作能力。,"福建船政交通职业学院 | 软件技术 | 专科
毕业时间：2019年6月
核心课程：数字信号处理、Python编程、操作系统、软件工程","【腾讯（深圳分公司）】 数据分析师
2025年4月 - 至今
    · 承担分配模块的编码、测试与优化工作，保障系统稳定运行
    · 编写开发文档，沉淀技术规范，协助新人熟悉业务

【启明数据技术有限公司】 数据分析师
2024年11月 - 2025年2月
    · 负责公司数据分析师相关业务的开发与维护，参与需求评审
    · 承担分配模块的编码、测试与优化工作，保障系统稳定运行
    · 对接产品、测试团队，跟进需求落地与缺陷修复","■ 用户行为分析看板
  项目目标：构建用户行为数据体系，支撑运营决策
  个人职责：负责数据清洗、指标体系搭建，输出可视化运营报表
  项目成果：输出15+核心运营指标，支撑每月3次运营优化，用户留存率提升8%

■ 销售数据预测建模
  项目目标：基于历史数据预测销量，指导库存与备货
  个人职责：数据预处理，构建时间序列预测模型，输出月度预测报告
  项目成果：预测准确率达89%，库存周转效率提升25%","专业技能：数据可视化、用户分析、MySQL、Python、NumPy、Pandas、Excel
相关证书：英语四级",拥有3年实际工作经验，技术功底扎实，熟悉完整开发流程；具备较强的问题解决能力，能够独立排查并解决常见技术问题；工作认真负责，注重团队协作，能够高效推进项目落地；持续学习，保持技术敏感度。,数据 分析师 SQL 统计学 技术 完整 项目 迭代 独立 模块 开发 排查 代码 质量 开发 效率 协作,用户 行为 分析 看板 构建 用户 行为 数据 体系 支撑 运营 决策 数据 清洗 指标体系 搭建 可视化 运营 报表 核心 运营 指标 支撑 每月 运营 用户 留存 销售 数据 预测 建模 基于 历史数据 预测 销量 指导 库存 备货 数据 预处理 构建 时间 序列 预测 模型 月度 预测 报告 预测 准确率 库存 周转 效率,腾讯 深圳 分公司 数据 分析师 至今 分配 模块 编码 测试 保障系统 稳定 运行 编写 开发 文档 沉淀 技术规范 新人 熟悉业务 启明 数据 技术 数据 分析师 数据 分析师 业务 开发 维护 需求 评审 分配 模块 编码 测试 保障系统 稳定 运行 对接 产品 测试 跟进 需求 落地 缺陷 修复,实际 技术 功底 完整 开发 流程 独立 排查 常见 技术 认真负责 协作 高效 推进 项目 落地 持续 保持 技术 敏感度,数据可视化 用户分析 MySQL Python NumPy Pandas Excel 英语四级,数据可视化、用户分析、MySQL、Python、NumPy、Pandas、Excel,英语四级
谢艳,女,15855388482,xieyan049@gmail.com,wx_xieyan_346,南京,"期望岗位：前端开发工程师
期望城市：南京
期望行业：互联网/信息技术/软件服务
期望薪资：6000-7500元",本科信息管理与信息系统专业应届毕业生，有1段前端开发工程师实习经验，掌握CSS3技术栈，参与过实习项目开发，具备良好的代码规范与团队协作意识，能够快速上手业务，期望正式入职发展。,"南昌大学 | 信息管理与信息系统 | 本科
毕业时间：2021年6月
核心课程：计算机网络、数据库原理、机器学习、算法设计与分析","【吉比特网络】 前端开发工程师（实习）
2025年12月 - 至今
    · 编写开发文档，沉淀技术规范，协助新人熟悉业务
    · 对接产品、测试团队，跟进需求落地与缺陷修复
    · 承担分配模块的编码、测试与优化工作，保障系统稳定运行","■ 校园社团官网（实训项目）
  项目目标：为学校社团开发官方展示网站
  个人职责：负责首页、新闻页、成员页开发
  项目成果：上线后访问量累计5000+

■ 个人博客系统（课程作业）
  项目目标：开发个人博客前端页面，实现文章展示与评论
  个人职责：负责页面布局、交互效果、接口联调
  项目成果：完成响应式页面，兼容多浏览器","专业技能：Axios、Ant Design、移动端适配、Webpack、Vue、HTML5、JavaScript
相关证书：红帽RHCE认证、计算机二级",有实习经验，熟悉开发基本流程，具备基础的项目实践能力；学习能力强，能够快速上手新业务新技术；工作踏实，责任心强，善于沟通协作，能够高效完成分配的工作任务。,本科 信息管理与信息系统 应届 毕业生 前端开发 工程师 实习 CSS3 技术 实习 项目 开发 代码 规范 协作 上手 业务 正式 入职 发展,社团 官网 实训 项目 学校 社团 开发 官方 展示 网站 首页 新闻页 成员 开发 上线 访问量 累计 博客 系统 作业 开发 博客 前端 页面 文章 展示 评论 页面 布局 交互 效果 接口 联调 响应 页面 兼容 浏览器,比特 网络 前端开发 工程师 实习 至今 编写 开发 文档 沉淀 技术规范 新人 熟悉业务 对接 产品 测试 跟进 需求 落地 缺陷 修复 分配 模块 编码 测试 保障系统 稳定 运行,实习 开发 基本 流程 项目 实践 上手 业务 技术 责任心 善于 协作 高效 分配,Axios Ant Design 移动端适配 Webpack Vue HTML5 JavaScript 红帽RHCE认证 计算机二级,Axios、Ant Design、移动端适配、Webpack、Vue、HTML5、JavaScript,红帽RHCE认证、计算机二级
郝璐,女,15195803688,haolu107@qq.com,13362615455,台州,"期望岗位：Java开发工程师
期望城市：台州
期望行业：互联网/信息技术/软件服务
期望薪资：15000-19500元",4年Java开发工程师从业经验，精通微服务技术架构，主导过中型项目从0到1落地，擅长技术方案设计与性能优化，曾推动核心模块技术重构，带来显著效率提升，具备跨部门协作与项目推进能力。,"华南理工大学 | 数据科学与大数据技术 | 本科
毕业时间：2018年6月
核心课程：算法设计与分析、计算机网络、Python编程、机器学习","【天擎信息技术有限公司】 Java开发工程师
2024年9月 - 至今
    · 承担分配模块的编码、测试与优化工作，保障系统稳定运行
    · 编写开发文档，沉淀技术规范，协助新人熟悉业务

【东软互联网科技有限公司】 Java开发工程师
2022年2月 - 2024年11月
    · 对接产品、测试团队，跟进需求落地与缺陷修复
    · 负责公司Java开发工程师相关业务的开发与维护，参与需求评审
    · 承担分配模块的编码、测试与优化工作，保障系统稳定运行","■ 微服务用户中心重构
  项目目标：将单体用户系统拆分为微服务架构，提升并发承载能力
  个人职责：负责登录、注册、权限模块开发，优化数据库查询与缓存策略
  项目成果：支持并发量从500提升至5000，接口响应耗时减少60%

■ 电商订单交易系统
  项目目标：搭建高可用电商订单系统，支撑大促流量峰值
  个人职责：负责订单创建、支付回调、库存扣减核心逻辑开发
  项目成果：支撑日均订单量10万+，系统可用性达99.95%","专业技能：微服务、Git、Linux、MySQL、SpringBoot、SpringCloud、RabbitMQ
相关证书：华为HCIA认证",拥有4年行业经验，技术视野开阔，具备方案设计与项目把控能力；逻辑清晰，善于定位并解决复杂技术问题；具备良好的团队管理与跨部门沟通能力，能够推动技术优化与业务落地；责任心强，追求技术与业务的平衡发展。,Java 开发 工程师 从业 微服务 技术 架构 主导 中型 项目 落地 擅长 技术 方案设计 性能 推动 核心 模块 技术 重构 带来 显著 效率 跨部门 协作 项目 推进,微服务 用户 中心 重构 单体 用户 系统 分为 微服务 架构 并发 承载能力 登录 注册 权限 模块 开发 数据库 查询 缓存 策略 并发 接口 响应 耗时 减少 电商 订单 交易系统 搭建 可用 电商 订单 系统 支撑 大促 流量 峰值 订单 创建 支付 回调 库存 扣减 核心 逻辑 开发 支撑 日均 订单 系统 可用性,天擎 信息技术 Java 开发 工程师 至今 分配 模块 编码 测试 保障系统 稳定 运行 编写 开发 文档 沉淀 技术规范 新人 熟悉业务 东软 互联网 科技 Java 开发 工程师 对接 产品 测试 跟进 需求 落地 缺陷 修复 Java 开发 工程师 业务 开发 维护 需求 评审 分配 模块 编码 测试 保障系统 稳定 运行,技术 视野 开阔 方案设计 项目 逻辑 清晰 善于 定位 复杂 技术 管理 跨部门 推动 技术 业务 落地 责任心 追求 技术 业务 平衡 发展,微服务 Git Linux MySQL SpringBoot SpringCloud RabbitMQ 华为HCIA认证,微服务、Git、Linux、MySQL、SpringBoot、SpringCloud、RabbitMQ,华为HCIA认证
黎娜,女,18440485618,lina5046@outlook.com,wx_lina_900,南通,"期望岗位：运维工程师
期望城市：南通
期望行业：互联网/信息技术/软件服务
期望薪资：7000-8000元",3年运维工程师工作经验，精通Linux、Redis技术栈，参与过完整项目迭代，能够独立完成模块开发与问题排查，注重代码质量与开发效率，具备良好的沟通协作能力。,"深圳职业技术学院 | 数字媒体技术 | 专科
毕业时间：2019年6月
核心课程：软件工程、Python编程、数据结构、Java程序设计","【易联科技有限公司】 运维工程师
2025年4月 - 至今
    · 负责公司运维工程师相关业务的开发与维护，参与需求评审
    · 对接产品、测试团队，跟进需求落地与缺陷修复
    · 承担分配模块的编码、测试与优化工作，保障系统稳定运行

【锐捷数据技术有限公司】 运维工程师
2024年4月 - 2025年1月
    · 对接产品、测试团队，跟进需求落地与缺陷修复
    · 负责公司运维工程师相关业务的开发与维护，参与需求评审
    · 编写开发文档，沉淀技术规范，协助新人熟悉业务","■ 服务器集群运维优化
  项目目标：提升服务器集群稳定性，降低故障发生率
  个人职责：负责日常巡检、故障排查，优化监控告警规则与分级策略
  项目成果：服务器故障率下降60%，平均故障响应时间缩短至15分钟

■ CI/CD自动化流水线
  项目目标：实现代码自动化构建、测试、部署，提升发布效率
  个人职责：基于Jenkins搭建持续集成流水线，配置Docker容器化部署
  项目成果：发布周期从每周1次提升至每天3次，部署失误率降为0","专业技能：Shell、Docker、Linux、网络运维、Nginx、MySQL、Zabbix、Jenkins
相关证书：无",拥有3年实际工作经验，技术功底扎实，熟悉完整开发流程；具备较强的问题解决能力，能够独立排查并解决常见技术问题；工作认真负责，注重团队协作，能够高效推进项目落地；持续学习，保持技术敏感度。,运维 工程师 Linux Redis 技术 完整 项目 迭代 独立 模块 开发 排查 代码 质量 开发 效率 协作,服务器 集群 运维 服务器 集群 稳定性 降低 故障 发生率 巡检 故障 排查 监控 告警 规则 分级 策略 服务器 故障率 下降 平均 故障 响应 时间 缩短 分钟 CI CD 自动化 流水线 代码 自动化 构建 测试 部署 发布 效率 基于 Jenkins 搭建 持续 集成 流水线 配置 Docker 容器 部署 发布 周期 每周 每天 部署 失误 降为,易联 科技 运维 工程师 至今 运维 工程师 业务 开发 维护 需求 评审 对接 产品 测试 跟进 需求 落地 缺陷 修复 分配 模块 编码 测试 保障系统 稳定 运行 锐捷 数据 技术 运维 工程师 对接 产品 测试 跟进 需求 落地 缺陷 修复 运维 工程师 业务 开发 维护 需求 评审 编写 开发 文档 沉淀 技术规范 新人 熟悉业务,实际 技术 功底 完整 开发 流程 独立 排查 常见 技术 认真负责 协作 高效 推进 项目 落地 持续 保持 技术 敏感度,Shell Docker Linux 网络运维 Nginx MySQL Zabbix Jenkins,Shell、Docker、Linux、网络运维、Nginx、MySQL、Zabbix、Jenkins,
汪鑫,男,15912210498,wangxin9014@126.com,13433528129,黄山,"期望岗位：Python开发工程师
期望城市：黄山
期望行业：互联网/信息技术/软件服务
期望薪资：11000-12000元",3年Python开发工程师工作经验，精通Linux、Django技术栈，参与过完整项目迭代，能够独立完成模块开发与问题排查，注重代码质量与开发效率，具备良好的沟通协作能力。,"厦门大学 | 物联网工程 | 本科
毕业时间：2019年6月
核心课程：Python编程、机器学习、数据库原理、计算机网络","【科创软件有限公司】 Python开发工程师
2025年2月 - 至今
    · 编写开发文档，沉淀技术规范，协助新人熟悉业务
    · 负责公司Python开发工程师相关业务的开发与维护，参与需求评审

【中软网络科技有限公司】 Python开发工程师
2024年12月 - 2025年10月
    · 对接产品、测试团队，跟进需求落地与缺陷修复
    · 编写开发文档，沉淀技术规范，协助新人熟悉业务
    · 负责公司Python开发工程师相关业务的开发与维护，参与需求评审","■ 数据采集爬虫系统
  项目目标：搭建分布式爬虫平台，采集多渠道公开数据
  个人职责：负责反爬策略破解、数据清洗、入库逻辑开发
  项目成果：日均采集数据50万条，数据准确率98%以上

■ 自动化运维平台
  项目目标：开发运维管理平台，实现服务器批量管理
  个人职责：负责监控、告警、任务调度模块后端开发
  项目成果：管理服务器200+，运维人力成本降低50%","专业技能：Redis、MySQL、Celery、Docker、Django、爬虫、FastAPI、Python
相关证书：阿里云ACP云计算认证",拥有3年实际工作经验，技术功底扎实，熟悉完整开发流程；具备较强的问题解决能力，能够独立排查并解决常见技术问题；工作认真负责，注重团队协作，能够高效推进项目落地；持续学习，保持技术敏感度。,Python 开发 工程师 Linux Django 技术 完整 项目 迭代 独立 模块 开发 排查 代码 质量 开发 效率 协作,数据 采集 爬虫 系统 搭建 分布式 爬虫 平台 采集 多渠道 公开 数据 反爬 策略 破解 数据 清洗 入库 逻辑 开发 日均 采集 数据 万条 数据 准确率 以上 自动化 运维 平台 开发 运维 管理 平台 服务器 批量 管理 监控 告警 任务调度 模块 后端 开发 管理 服务器 运维 人力 成本 降低,科创 软件 Python 开发 工程师 至今 编写 开发 文档 沉淀 技术规范 新人 熟悉业务 Python 开发 工程师 业务 开发 维护 需求 评审 中软 网络科技 Python 开发 工程师 对接 产品 测试 跟进 需求 落地 缺陷 修复 编写 开发 文档 沉淀 技术规范 新人 熟悉业务 Python 开发 工程师 业务 开发 维护 需求 评审,实际 技术 功底 完整 开发 流程 独立 排查 常见 技术 认真负责 协作 高效 推进 项目 落地 持续 保持 技术 敏感度,Redis MySQL Celery Docker Django 爬虫 FastAPI Python 阿里云ACP云计算认证,Redis、MySQL、Celery、Docker、Django、爬虫、FastAPI、Python,阿里云ACP云计算认证
邵健,男,15981791222,shaojian2072@163.com,15615401495,阜阳,"期望岗位：运维工程师
期望城市：阜阳
期望行业：互联网/信息技术/软件服务
期望薪资：17000-17500元",10年运维工程师资深经验，精通全链路技术架构，具备团队技术规划与方案设计能力，主导过多个大型项目重构与升级，在高并发/系统稳定性领域有深厚积累，能够带领团队攻克技术难题，驱动业务技术升级。,"福州大学 | 网络工程 | 本科
毕业时间：2012年6月
核心课程：操作系统、Python编程、数字信号处理、计算机网络","【天擎信息技术有限公司】 运维工程师
2023年3月 - 至今
    · 承担分配模块的编码、测试与优化工作，保障系统稳定运行
    · 对接产品、测试团队，跟进需求落地与缺陷修复

【锐捷科技有限公司】 运维工程师
2020年7月 - 2023年2月
    · 编写开发文档，沉淀技术规范，协助新人熟悉业务
    · 负责公司运维工程师相关业务的开发与维护，参与需求评审

【天擎软件有限公司】 运维工程师
2017年4月 - 2020年11月
    · 负责公司运维工程师相关业务的开发与维护，参与需求评审
    · 编写开发文档，沉淀技术规范，协助新人熟悉业务
    · 对接产品、测试团队，跟进需求落地与缺陷修复","■ 服务器集群运维优化
  项目目标：提升服务器集群稳定性，降低故障发生率
  个人职责：负责日常巡检、故障排查，优化监控告警规则与分级策略
  项目成果：服务器故障率下降60%，平均故障响应时间缩短至15分钟

■ CI/CD自动化流水线
  项目目标：实现代码自动化构建、测试、部署，提升发布效率
  个人职责：基于Jenkins搭建持续集成流水线，配置Docker容器化部署
  项目成果：发布周期从每周1次提升至每天3次，部署失误率降为0","专业技能：网络运维、Linux、Ansible、Redis、MySQL、Kubernetes、Docker
相关证书：英语四级",拥有10年行业经验，技术视野开阔，具备方案设计与项目把控能力；逻辑清晰，善于定位并解决复杂技术问题；具备良好的团队管理与跨部门沟通能力，能够推动技术优化与业务落地；责任心强，追求技术与业务的平衡发展。,运维 工程师 资深 链路 技术 架构 技术 规划 方案设计 主导 多个 大型项目 重构 升级 并发 系统 稳定性 领域 深厚 带领 攻克 技术难题 驱动 业务 技术升级,服务器 集群 运维 服务器 集群 稳定性 降低 故障 发生率 巡检 故障 排查 监控 告警 规则 分级 策略 服务器 故障率 下降 平均 故障 响应 时间 缩短 分钟 CI CD 自动化 流水线 代码 自动化 构建 测试 部署 发布 效率 基于 Jenkins 搭建 持续 集成 流水线 配置 Docker 容器 部署 发布 周期 每周 每天 部署 失误 降为,天擎 信息技术 运维 工程师 至今 分配 模块 编码 测试 保障系统 稳定 运行 对接 产品 测试 跟进 需求 落地 缺陷 修复 锐捷 科技 运维 工程师 编写 开发 文档 沉淀 技术规范 新人 熟悉业务 运维 工程师 业务 开发 维护 需求 评审 天擎 软件 运维 工程师 运维 工程师 业务 开发 维护 需求 评审 编写 开发 文档 沉淀 技术规范 新人 熟悉业务 对接 产品 测试 跟进 需求 落地 缺陷 修复,技术 视野 开阔 方案设计 项目 逻辑 清晰 善于 定位 复杂 技术 管理 跨部门 推动 技术 业务 落地 责任心 追求 技术 业务 平衡 发展,网络运维 Linux Ansible Redis MySQL Kubernetes Docker 英语四级,网络运维、Linux、Ansible、Redis、MySQL、Kubernetes、Docker,英语四级
万鹏,男,13856479739,wanpeng8699@gmail.com,18092964494,龙岩,"期望岗位：Python开发工程师
期望城市：龙岩
期望行业：互联网/信息技术/软件服务
期望薪资：10000-12000元",2年Python开发工程师工作经验，精通Linux、Django技术栈，参与过完整项目迭代，能够独立完成模块开发与问题排查，注重代码质量与开发效率，具备良好的沟通协作能力。,"苏州职业大学 | 网络工程 | 专科
毕业时间：2020年6月
核心课程：操作系统、软件工程、Java程序设计、数据结构","【安硕科技有限公司】 Python开发工程师
2025年12月 - 至今
    · 编写开发文档，沉淀技术规范，协助新人熟悉业务
    · 对接产品、测试团队，跟进需求落地与缺陷修复

【星图网络科技有限公司】 Python开发工程师
2024年8月 - 2025年10月
    · 负责公司Python开发工程师相关业务的开发与维护，参与需求评审
    · 承担分配模块的编码、测试与优化工作，保障系统稳定运行
    · 编写开发文档，沉淀技术规范，协助新人熟悉业务","■ 自动化运维平台
  项目目标：开发运维管理平台，实现服务器批量管理
  个人职责：负责监控、告警、任务调度模块后端开发
  项目成果：管理服务器200+，运维人力成本降低50%

■ 数据采集爬虫系统
  项目目标：搭建分布式爬虫平台，采集多渠道公开数据
  个人职责：负责反爬策略破解、数据清洗、入库逻辑开发
  项目成果：日均采集数据50万条，数据准确率98%以上","专业技能：Django、FastAPI、Celery、Redis、Git、MySQL、Docker、Python、爬虫
相关证书：无",拥有2年实际工作经验，技术功底扎实，熟悉完整开发流程；具备较强的问题解决能力，能够独立排查并解决常见技术问题；工作认真负责，注重团队协作，能够高效推进项目落地；持续学习，保持技术敏感度。,Python 开发 工程师 Linux Django 技术 完整 项目 迭代 独立 模块 开发 排查 代码 质量 开发 效率 协作,自动化 运维 平台 开发 运维 管理 平台 服务器 批量 管理 监控 告警 任务调度 模块 后端 开发 管理 服务器 运维 人力 成本 降低 数据 采集 爬虫 系统 搭建 分布式 爬虫 平台 采集 多渠道 公开 数据 反爬 策略 破解 数据 清洗 入库 逻辑 开发 日均 采集 数据 万条 数据 准确率 以上,安硕 科技 Python 开发 工程师 至今 编写 开发 文档 沉淀 技术规范 新人 熟悉业务 对接 产品 测试 跟进 需求 落地 缺陷 修复 星图 网络科技 Python 开发 工程师 Python 开发 工程师 业务 开发 维护 需求 评审 分配 模块 编码 测试 保障系统 稳定 运行 编写 开发 文档 沉淀 技术规范 新人 熟悉业务,实际 技术 功底 完整 开发 流程 独立 排查 常见 技术 认真负责 协作 高效 推进 项目 落地 持续 保持 技术 敏感度,Django FastAPI Celery Redis Git MySQL Docker Python 爬虫,Django、FastAPI、Celery、Redis、Git、MySQL、Docker、Python、爬虫,
梁梓涵,女,18837070652,liang梓han32@qq.com,wx_liang梓han_251,南平,"期望岗位：后端开发工程师
期望城市：南平
期望行业：互联网/信息技术/软件服务
期望薪资：12500-19500元",5年后端开发工程师从业经验，精通Redis技术架构，主导过中型项目从0到1落地，擅长技术方案设计与性能优化，曾推动核心模块技术重构，带来显著效率提升，具备跨部门协作与项目推进能力。,"广东技术师范大学 | 数字媒体技术 | 本科
毕业时间：2017年6月
核心课程：算法设计与分析、Python编程、Java程序设计、数据结构","【未来信息技术有限公司】 后端开发工程师
2025年9月 - 至今
    · 负责公司后端开发工程师相关业务的开发与维护，参与需求评审
    · 编写开发文档，沉淀技术规范，协助新人熟悉业务

【易联软件有限公司】 后端开发工程师
2024年3月 - 2025年6月
    · 对接产品、测试团队，跟进需求落地与缺陷修复
    · 编写开发文档，沉淀技术规范，协助新人熟悉业务

【科创科技有限公司】 后端开发工程师
2023年12月 - 2024年5月
    · 编写开发文档，沉淀技术规范，协助新人熟悉业务
    · 负责公司后端开发工程师相关业务的开发与维护，参与需求评审","■ 内容管理系统后端
  项目目标：搭建CMS系统后端服务，支持多站点内容发布
  个人职责：负责文章、栏目、权限模块接口开发，设计数据库表结构
  项目成果：支撑8个站点同时运营，内容发布效率提升3倍

■ 即时通讯服务开发
  项目目标：实现企业内部IM系统后端消息推送与存储
  个人职责：负责消息队列、离线消息、会话管理模块开发
  项目成果：支持万人同时在线，消息送达延迟低于100ms","专业技能：Redis、PostgreSQL、MySQL、Kafka、Java、微服务、K8s、Gin、SpringBoot、Python
相关证书：MySQL数据库认证、华为HCIA认证",拥有5年行业经验，技术视野开阔，具备方案设计与项目把控能力；逻辑清晰，善于定位并解决复杂技术问题；具备良好的团队管理与跨部门沟通能力，能够推动技术优化与业务落地；责任心强，追求技术与业务的平衡发展。,年后 开发 工程师 从业 Redis 技术 架构 主导 中型 项目 落地 擅长 技术 方案设计 性能 推动 核心 模块 技术 重构 带来 显著 效率 跨部门 协作 项目 推进,管理系统 后端 搭建 CMS 系统 后端 服务 站点 发布 文章 栏目 权限 模块接口 开发 数据库 结构 支撑 站点 运营 发布 效率 即时通讯 服务 开发 企业 内部 IM 系统 后端 消息 推送 存储 消息 队列 离线 消息 会话 管理 模块 开发 万人 同时在线 消息 送达 延迟 低于 100ms,未来 信息技术 后端 开发 工程师 至今 后端 开发 工程师 业务 开发 维护 需求 评审 编写 开发 文档 沉淀 技术规范 新人 熟悉业务 易联 软件 后端 开发 工程师 对接 产品 测试 跟进 需求 落地 缺陷 修复 编写 开发 文档 沉淀 技术规范 新人 熟悉业务 科创 科技 后端 开发 工程师 编写 开发 文档 沉淀 技术规范 新人 熟悉业务 后端 开发 工程师 业务 开发 维护 需求 评审,技术 视野 开阔 方案设计 项目 逻辑 清晰 善于 定位 复杂 技术 管理 跨部门 推动 技术 业务 落地 责任心 追求 技术 业务 平衡 发展,Redis PostgreSQL MySQL Kafka Java 微服务 K8s Gin SpringBoot Python MySQL数据库认证 华为HCIA认证,Redis、PostgreSQL、MySQL、Kafka、Java、微服务、K8s、Gin、SpringBoot、Python,MySQL数据库认证、华为HCIA认证
傅思远,男,18675434803,fusiyuan688@126.com,wx_fusiyuan_293,阜阳,"期望岗位：数据分析师
期望城市：阜阳
期望行业：互联网/信息技术/软件服务
期望薪资：7000-8500元",3年数据分析师工作经验，精通Hive、数据可视化技术栈，参与过完整项目迭代，能够独立完成模块开发与问题排查，注重代码质量与开发效率，具备良好的沟通协作能力。,"苏州大学 | 软件技术 | 本科
毕业时间：2019年6月
核心课程：Java程序设计、计算机网络、数字信号处理、机器学习","【信雅互联网科技有限公司】 数据分析师
2025年2月 - 至今
    · 承担分配模块的编码、测试与优化工作，保障系统稳定运行
    · 编写开发文档，沉淀技术规范，协助新人熟悉业务
    · 对接产品、测试团队，跟进需求落地与缺陷修复

【星图互联网科技有限公司】 数据分析师
2024年11月 - 2025年7月
    · 编写开发文档，沉淀技术规范，协助新人熟悉业务
    · 对接产品、测试团队，跟进需求落地与缺陷修复
    · 负责公司数据分析师相关业务的开发与维护，参与需求评审","■ 销售数据预测建模
  项目目标：基于历史数据预测销量，指导库存与备货
  个人职责：数据预处理，构建时间序列预测模型，输出月度预测报告
  项目成果：预测准确率达89%，库存周转效率提升25%

■ 用户行为分析看板
  项目目标：构建用户行为数据体系，支撑运营决策
  个人职责：负责数据清洗、指标体系搭建，输出可视化运营报表
  项目成果：输出15+核心运营指标，支撑每月3次运营优化，用户留存率提升8%","专业技能：Excel、Python、SQL、Power BI、Pandas、用户分析、统计学、NumPy、Hive、数据可视化
相关证书：无",拥有3年实际工作经验，技术功底扎实，熟悉完整开发流程；具备较强的问题解决能力，能够独立排查并解决常见技术问题；工作认真负责，注重团队协作，能够高效推进项目落地；持续学习，保持技术敏感度。,数据 分析师 Hive 数据可视化 技术 完整 项目 迭代 独立 模块 开发 排查 代码 质量 开发 效率 协作,销售 数据 预测 建模 基于 历史数据 预测 销量 指导 库存 备货 数据 预处理 构建 时间 序列 预测 模型 月度 预测 报告 预测 准确率 库存 周转 效率 用户 行为 分析 看板 构建 用户 行为 数据 体系 支撑 运营 决策 数据 清洗 指标体系 搭建 可视化 运营 报表 核心 运营 指标 支撑 每月 运营 用户 留存,信雅 互联网 科技 数据 分析师 至今 分配 模块 编码 测试 保障系统 稳定 运行 编写 开发 文档 沉淀 技术规范 新人 熟悉业务 对接 产品 测试 跟进 需求 落地 缺陷 修复 星图 互联网 科技 数据 分析师 编写 开发 文档 沉淀 技术规范 新人 熟悉业务 对接 产品 测试 跟进 需求 落地 缺陷 修复 数据 分析师 业务 开发 维护 需求 评审,实际 技术 功底 完整 开发 流程 独立 排查 常见 技术 认真负责 协作 高效 推进 项目 落地 持续 保持 技术 敏感度,Excel Python SQL Power BI Pandas 用户分析 统计学 NumPy Hive 数据可视化,Excel、Python、SQL、Power BI、Pandas、用户分析、统计学、NumPy、Hive、数据可视化,
卢然,男,15788241478,luran10@outlook.com,wx_luran_739,苏州,"期望岗位：算法工程师
期望城市：苏州
期望行业：互联网/信息技术/软件服务
期望薪资：33000-34000元",5年算法工程师资深经验，精通全链路技术架构，具备团队技术规划与方案设计能力，主导过多个大型项目重构与升级，在高并发/系统稳定性领域有深厚积累，能够带领团队攻克技术难题，驱动业务技术升级。,"中山大学 | 计算机应用技术 | 本科
毕业时间：2017年6月
核心课程：Python编程、软件工程、机器学习、数字信号处理","【吉比特网络】 算法工程师
2025年5月 - 至今
    · 编写开发文档，沉淀技术规范，协助新人熟悉业务
    · 承担分配模块的编码、测试与优化工作，保障系统稳定运行

【博思网络科技有限公司】 算法工程师
2024年11月 - 2025年10月
    · 承担分配模块的编码、测试与优化工作，保障系统稳定运行
    · 负责公司算法工程师相关业务的开发与维护，参与需求评审
    · 对接产品、测试团队，跟进需求落地与缺陷修复

【东软数据技术有限公司】 算法工程师
2023年12月 - 2024年7月
    · 编写开发文档，沉淀技术规范，协助新人熟悉业务
    · 负责公司算法工程师相关业务的开发与维护，参与需求评审
    · 承担分配模块的编码、测试与优化工作，保障系统稳定运行","■ 风控欺诈识别模型
  项目目标：识别交易欺诈行为，降低资金损失风险
  个人职责：特征工程，构建XGBoost风控模型，在线部署与迭代
  项目成果：欺诈识别准确率达92%，每年减少损失超200万

■ 个性化推荐系统
  项目目标：提升内容推荐精准度，增加用户停留时长
  个人职责：负责协同过滤、深度学习推荐模型开发与离线优化
  项目成果：用户平均停留时长提升25%，点击率提升15%","专业技能：数据结构、TensorFlow、计算机视觉、PyTorch、推荐算法、Python、深度学习
相关证书：华为HCIA认证",拥有5年行业经验，技术视野开阔，具备方案设计与项目把控能力；逻辑清晰，善于定位并解决复杂技术问题；具备良好的团队管理与跨部门沟通能力，能够推动技术优化与业务落地；责任心强，追求技术与业务的平衡发展。,算法 工程师 资深 链路 技术 架构 技术 规划 方案设计 主导 多个 大型项目 重构 升级 并发 系统 稳定性 领域 深厚 带领 攻克 技术难题 驱动 业务 技术升级,风控 欺诈 识别 模型 识别 交易 欺诈 行为 降低 资金 损失 风险 特征工程 构建 XGBoost 风控 模型 在线 部署 迭代 欺诈 识别 准确率 每年 减少 损失 个性化 推荐 系统 推荐 精准度 增加 用户 停留 时长 协同 过滤 深度学习 推荐 模型 开发 离线 用户 平均 停留 时长 点击率,比特 网络 算法 工程师 至今 编写 开发 文档 沉淀 技术规范 新人 熟悉业务 分配 模块 编码 测试 保障系统 稳定 运行 博思 网络科技 算法 工程师 分配 模块 编码 测试 保障系统 稳定 运行 算法 工程师 业务 开发 维护 需求 评审 对接 产品 测试 跟进 需求 落地 缺陷 修复 东软 数据 技术 算法 工程师 编写 开发 文档 沉淀 技术规范 新人 熟悉业务 算法 工程师 业务 开发 维护 需求 评审 分配 模块 编码 测试 保障系统 稳定 运行,技术 视野 开阔 方案设计 项目 逻辑 清晰 善于 定位 复杂 技术 管理 跨部门 推动 技术 业务 落地 责任心 追求 技术 业务 平衡 发展,数据结构 TensorFlow 计算机视觉 PyTorch 推荐算法 Python 深度学习 华为HCIA认证,数据结构、TensorFlow、计算机视觉、PyTorch、推荐算法、Python、深度学习,华为HCIA认证
沈思琪,女,13159544716,shensiqi44@126.com,wx_shensiqi_314,芜湖,"期望岗位：前端开发工程师
期望城市：芜湖
期望行业：互联网/信息技术/软件服务
期望薪资：5500-6000元",本科计算机应用技术专业应届毕业生，掌握Vue、移动端适配基础技能，完成过课程设计与毕业项目，具备基础代码编写能力与问题排查思路，学习能力强，做事认真踏实，期望从事前端开发工程师相关工作。,"闽南师范大学 | 计算机应用技术 | 本科
毕业时间：2022年6月
核心课程：算法设计与分析、Python编程、计算机网络、数字信号处理","【校园实践】
    · 参与学校计算机协会技术部，负责协会网站日常维护
    · 协助老师完成实验室设备管理与系统环境搭建
    · 参与班级课程设计小组，担任后端开发角色","■ 个人博客系统（课程作业）
  项目目标：开发个人博客前端页面，实现文章展示与评论
  个人职责：负责页面布局、交互效果、接口联调
  项目成果：完成响应式页面，兼容多浏览器","专业技能：移动端适配、JavaScript、CSS3、HTML5
相关证书：无",应届毕业，具备扎实的专业基础知识与学习能力，能够快速掌握新技术；工作态度认真负责，有耐心，注重细节；具备良好的团队意识与沟通能力，能够积极配合团队完成任务；期望在工作中积累经验，快速成长。,本科 计算机应用技术 应届 毕业生 Vue 移动端适配 课程设计 项目 代码 编写 排查 前端开发 工程师,博客 系统 作业 开发 博客 前端 页面 文章 展示 评论 页面 布局 交互 效果 接口 联调 响应 页面 兼容 浏览器,学校 计算机 协会 技术部 协会 网站 维护 老师 实验室 设备 管理 系统 环境 搭建 班级 课程设计 小组 后端 开发 角色,应届 基础知识 技术 认真负责,移动端适配 JavaScript CSS3 HTML5,移动端适配、JavaScript、CSS3、HTML5,
杨勇,男,18867000670,yangyong72@163.com,wx_yangyong_987,安庆,"期望岗位：运维工程师
期望城市：安庆
期望行业：互联网/信息技术/软件服务
期望薪资：3000-6000元",专科软件技术专业应届毕业生，掌握Zabbix、网络运维基础技能，完成过课程设计与毕业项目，具备基础代码编写能力与问题排查思路，学习能力强，做事认真踏实，期望从事运维工程师相关工作。,"福州职业技术学院 | 软件技术 | 专科
毕业时间：2022年6月
核心课程：计算机网络、算法设计与分析、数据库原理、软件工程","【校园实践】
    · 参与学校计算机协会技术部，负责协会网站日常维护
    · 协助老师完成实验室设备管理与系统环境搭建
    · 参与班级课程设计小组，担任后端开发角色","■ 简单监控脚本开发
  项目目标：编写服务器状态监控脚本
  个人职责：实现CPU、内存、磁盘使用率自动采集
  项目成果：支持异常邮件告警","专业技能：网络运维、Docker、Shell、Prometheus、Jenkins
相关证书：英语四级、计算机二级",应届毕业，具备扎实的专业基础知识与学习能力，能够快速掌握新技术；工作态度认真负责，有耐心，注重细节；具备良好的团队意识与沟通能力，能够积极配合团队完成任务；期望在工作中积累经验，快速成长。,专科 软件技术 应届 毕业生 Zabbix 网络运维 课程设计 项目 代码 编写 排查 运维 工程师,简单 监控 脚本 开发 编写 服务器 状态 监控 脚本 CPU 内存 磁盘 使用率 自动 采集 异常 邮件 告警,学校 计算机 协会 技术部 协会 网站 维护 老师 实验室 设备 管理 系统 环境 搭建 班级 课程设计 小组 后端 开发 角色,应届 基础知识 技术 认真负责,网络运维 Docker Shell Prometheus Jenkins 英语四级 计算机二级,网络运维、Docker、Shell、Prometheus、Jenkins,英语四级、计算机二级
孟红,女,15610919196,menghong8355@163.com,wx_menghong_196,安庆,"期望岗位：Java开发工程师
期望城市：安庆
期望行业：互联网/信息技术/软件服务
期望薪资：10000-10500元",3年Java开发工程师工作经验，精通JVM调优、JVM调优技术栈，参与过完整项目迭代，能够独立完成模块开发与问题排查，注重代码质量与开发效率，具备良好的沟通协作能力。,"南京工业职业技术大学 | 软件技术 | 专科
毕业时间：2019年6月
核心课程：算法设计与分析、机器学习、计算机网络、数据库原理","【vivo（东莞）】 Java开发工程师
2025年12月 - 至今
    · 编写开发文档，沉淀技术规范，协助新人熟悉业务
    · 负责公司Java开发工程师相关业务的开发与维护，参与需求评审
    · 承担分配模块的编码、测试与优化工作，保障系统稳定运行

【星图数据技术有限公司】 Java开发工程师
2024年8月 - 2025年4月
    · 负责公司Java开发工程师相关业务的开发与维护，参与需求评审
    · 编写开发文档，沉淀技术规范，协助新人熟悉业务
    · 对接产品、测试团队，跟进需求落地与缺陷修复","■ 电商订单交易系统
  项目目标：搭建高可用电商订单系统，支撑大促流量峰值
  个人职责：负责订单创建、支付回调、库存扣减核心逻辑开发
  项目成果：支撑日均订单量10万+，系统可用性达99.95%

■ 微服务用户中心重构
  项目目标：将单体用户系统拆分为微服务架构，提升并发承载能力
  个人职责：负责登录、注册、权限模块开发，优化数据库查询与缓存策略
  项目成果：支持并发量从500提升至5000，接口响应耗时减少60%","专业技能：SpringBoot、Linux、RabbitMQ、Docker、Git、MyBatis、Redis、Java
相关证书：英语六级、阿里云ACP云计算认证",拥有3年实际工作经验，技术功底扎实，熟悉完整开发流程；具备较强的问题解决能力，能够独立排查并解决常见技术问题；工作认真负责，注重团队协作，能够高效推进项目落地；持续学习，保持技术敏感度。,Java 开发 工程师 JVM调优 JVM调优 技术 完整 项目 迭代 独立 模块 开发 排查 代码 质量 开发 效率 协作,电商 订单 交易系统 搭建 可用 电商 订单 系统 支撑 大促 流量 峰值 订单 创建 支付 回调 库存 扣减 核心 逻辑 开发 支撑 日均 订单 系统 可用性 微服务 用户 中心 重构 单体 用户 系统 分为 微服务 架构 并发 承载能力 登录 注册 权限 模块 开发 数据库 查询 缓存 策略 并发 接口 响应 耗时 减少,vivo 东莞 Java 开发 工程师 至今 编写 开发 文档 沉淀 技术规范 新人 熟悉业务 Java 开发 工程师 业务 开发 维护 需求 评审 分配 模块 编码 测试 保障系统 稳定 运行 星图 数据 技术 Java 开发 工程师 Java 开发 工程师 业务 开发 维护 需求 评审 编写 开发 文档 沉淀 技术规范 新人 熟悉业务 对接 产品 测试 跟进 需求 落地 缺陷 修复,实际 技术 功底 完整 开发 流程 独立 排查 常见 技术 认真负责 协作 高效 推进 项目 落地 持续 保持 技术 敏感度,SpringBoot Linux RabbitMQ Docker Git MyBatis Redis Java 英语六级 阿里云ACP云计算认证,SpringBoot、Linux、RabbitMQ、Docker、Git、MyBatis、Redis、Java,英语六级、阿里云ACP云计算认证
蔡丹,女,15580624629,caidan830@163.com,18670050332,常州,"期望岗位：软件测试工程师
期望城市：常州
期望行业：互联网/信息技术/软件服务
期望薪资：7500-11500元",1年软件测试工程师工作经验，精通TestNG、功能测试技术栈，参与过完整项目迭代，能够独立完成模块开发与问题排查，注重代码质量与开发效率，具备良好的沟通协作能力。,"福州大学 | 计算机应用技术 | 本科
毕业时间：2021年6月
核心课程：数字信号处理、机器学习、操作系统、数据结构","【东软软件有限公司】 软件测试工程师
2025年7月 - 至今
    · 对接产品、测试团队，跟进需求落地与缺陷修复
    · 承担分配模块的编码、测试与优化工作，保障系统稳定运行","■ 电商平台功能测试
  项目目标：保障电商系统上线质量，覆盖全业务流程
  个人职责：设计测试用例，执行功能、回归测试，提交缺陷报告
  项目成果：发现并修复120+缺陷，上线后线上缺陷率低于0.5%

■ 自动化测试框架搭建
  项目目标：提升回归测试效率，减少人工重复劳动
  个人职责：基于Selenium搭建UI自动化框架，编写核心模块测试脚本
  项目成果：回归测试周期从7天缩短至2天，覆盖率达85%","专业技能：MySQL、TestNG、Appium、Selenium、缺陷管理、性能测试、Python
相关证书：系统架构设计师",拥有1年实际工作经验，技术功底扎实，熟悉完整开发流程；具备较强的问题解决能力，能够独立排查并解决常见技术问题；工作认真负责，注重团队协作，能够高效推进项目落地；持续学习，保持技术敏感度。,软件测试 工程师 TestNG 功能测试 技术 完整 项目 迭代 独立 模块 开发 排查 代码 质量 开发 效率 协作,电商 平台 功能测试 保障 电商 系统 上线 质量 覆盖 业务流程 测试用例 执行 功能 回归 测试 提交 缺陷 报告 发现 修复 缺陷 上线 后线 缺陷率 低于 自动化 测试 框架 搭建 回归 测试 效率 减少 人工 重复劳动 基于 Selenium 搭建 UI 自动化 框架 编写 核心 模块 测试 脚本 回归 测试 周期 缩短 覆盖率,东软 软件 软件测试 工程师 至今 对接 产品 测试 跟进 需求 落地 缺陷 修复 分配 模块 编码 测试 保障系统 稳定 运行,实际 技术 功底 完整 开发 流程 独立 排查 常见 技术 认真负责 协作 高效 推进 项目 落地 持续 保持 技术 敏感度,MySQL TestNG Appium Selenium 缺陷管理 性能测试 Python 系统架构设计师,MySQL、TestNG、Appium、Selenium、缺陷管理、性能测试、Python,系统架构设计师
尹慧,女,18443452218,yinhui15@126.com,wx_yinhui_994,扬州,"期望岗位：Python开发工程师
期望城市：扬州
期望行业：互联网/信息技术/软件服务
期望薪资：11500-12000元",1年Python开发工程师工作经验，精通Docker、爬虫技术栈，参与过完整项目迭代，能够独立完成模块开发与问题排查，注重代码质量与开发效率，具备良好的沟通协作能力。,"东南大学 | 物联网工程 | 本科
毕业时间：2021年6月
核心课程：软件工程、机器学习、Python编程、数字信号处理","【恒信科技有限公司】 Python开发工程师
2025年1月 - 至今
    · 承担分配模块的编码、测试与优化工作，保障系统稳定运行
    · 负责公司Python开发工程师相关业务的开发与维护，参与需求评审","■ 数据采集爬虫系统
  项目目标：搭建分布式爬虫平台，采集多渠道公开数据
  个人职责：负责反爬策略破解、数据清洗、入库逻辑开发
  项目成果：日均采集数据50万条，数据准确率98%以上

■ 自动化运维平台
  项目目标：开发运维管理平台，实现服务器批量管理
  个人职责：负责监控、告警、任务调度模块后端开发
  项目成果：管理服务器200+，运维人力成本降低50%","专业技能：Flask、Python、Django、Docker、MySQL、Celery
相关证书：无",拥有1年实际工作经验，技术功底扎实，熟悉完整开发流程；具备较强的问题解决能力，能够独立排查并解决常见技术问题；工作认真负责，注重团队协作，能够高效推进项目落地；持续学习，保持技术敏感度。,Python 开发 工程师 Docker 爬虫 技术 完整 项目 迭代 独立 模块 开发 排查 代码 质量 开发 效率 协作,数据 采集 爬虫 系统 搭建 分布式 爬虫 平台 采集 多渠道 公开 数据 反爬 策略 破解 数据 清洗 入库 逻辑 开发 日均 采集 数据 万条 数据 准确率 以上 自动化 运维 平台 开发 运维 管理 平台 服务器 批量 管理 监控 告警 任务调度 模块 后端 开发 管理 服务器 运维 人力 成本 降低,恒信 科技 Python 开发 工程师 至今 分配 模块 编码 测试 保障系统 稳定 运行 Python 开发 工程师 业务 开发 维护 需求 评审,实际 技术 功底 完整 开发 流程 独立 排查 常见 技术 认真负责 协作 高效 推进 项目 落地 持续 保持 技术 敏感度,Flask Python Django Docker MySQL Celery,Flask、Python、Django、Docker、MySQL、Celery,
赵慧,女,18274679254,zhaohui3929@outlook.com,18447773907,镇江,"期望岗位：后端开发工程师
期望城市：镇江
期望行业：互联网/信息技术/软件服务
期望薪资：10500-16500元",3年后端开发工程师从业经验，精通K8s技术架构，主导过中型项目从0到1落地，擅长技术方案设计与性能优化，曾推动核心模块技术重构，带来显著效率提升，具备跨部门协作与项目推进能力。,"华南理工大学 | 数字媒体技术 | 本科
毕业时间：2019年6月
核心课程：Python编程、计算机网络、机器学习、数据结构","【安硕数据技术有限公司】 后端开发工程师
2025年8月 - 至今
    · 承担分配模块的编码、测试与优化工作，保障系统稳定运行
    · 编写开发文档，沉淀技术规范，协助新人熟悉业务
    · 负责公司后端开发工程师相关业务的开发与维护，参与需求评审

【锐捷科技有限公司】 后端开发工程师
2024年11月 - 2025年9月
    · 编写开发文档，沉淀技术规范，协助新人熟悉业务
    · 承担分配模块的编码、测试与优化工作，保障系统稳定运行","■ 即时通讯服务开发
  项目目标：实现企业内部IM系统后端消息推送与存储
  个人职责：负责消息队列、离线消息、会话管理模块开发
  项目成果：支持万人同时在线，消息送达延迟低于100ms

■ 内容管理系统后端
  项目目标：搭建CMS系统后端服务，支持多站点内容发布
  个人职责：负责文章、栏目、权限模块接口开发，设计数据库表结构
  项目成果：支撑8个站点同时运营，内容发布效率提升3倍","专业技能：Docker、Redis、PostgreSQL、Java、K8s、微服务
相关证书：红帽RHCE认证",拥有3年行业经验，技术视野开阔，具备方案设计与项目把控能力；逻辑清晰，善于定位并解决复杂技术问题；具备良好的团队管理与跨部门沟通能力，能够推动技术优化与业务落地；责任心强，追求技术与业务的平衡发展。,年后 开发 工程师 从业 K8s 技术 架构 主导 中型 项目 落地 擅长 技术 方案设计 性能 推动 核心 模块 技术 重构 带来 显著 效率 跨部门 协作 项目 推进,即时通讯 服务 开发 企业 内部 IM 系统 后端 消息 推送 存储 消息 队列 离线 消息 会话 管理 模块 开发 万人 同时在线 消息 送达 延迟 低于 100ms 管理系统 后端 搭建 CMS 系统 后端 服务 站点 发布 文章 栏目 权限 模块接口 开发 数据库 结构 支撑 站点 运营 发布 效率,安硕 数据 技术 后端 开发 工程师 至今 分配 模块 编码 测试 保障系统 稳定 运行 编写 开发 文档 沉淀 技术规范 新人 熟悉业务 后端 开发 工程师 业务 开发 维护 需求 评审 锐捷 科技 后端 开发 工程师 编写 开发 文档 沉淀 技术规范 新人 熟悉业务 分配 模块 编码 测试 保障系统 稳定 运行,技术 视野 开阔 方案设计 项目 逻辑 清晰 善于 定位 复杂 技术 管理 跨部门 推动 技术 业务 落地 责任心 追求 技术 业务 平衡 发展,Docker Redis PostgreSQL Java K8s 微服务 红帽RHCE认证,Docker、Redis、PostgreSQL、Java、K8s、微服务,红帽RHCE认证
钱丽,女,13057584261,qianli50@qq.com,wx_qianli_645,台州,"期望岗位：前端开发工程师
期望城市：台州
期望行业：互联网/信息技术/软件服务
期望薪资：25500-29000元",6年前端开发工程师资深经验，精通全链路技术架构，具备团队技术规划与方案设计能力，主导过多个大型项目重构与升级，在高并发/系统稳定性领域有深厚积累，能够带领团队攻克技术难题，驱动业务技术升级。,"福建师范大学 | 信息管理与信息系统 | 本科
毕业时间：2016年6月
核心课程：数据结构、数字信号处理、算法设计与分析、数据库原理","【用友网络科技有限公司】 前端开发工程师
2024年8月 - 至今
    · 负责公司前端开发工程师相关业务的开发与维护，参与需求评审
    · 承担分配模块的编码、测试与优化工作，保障系统稳定运行
    · 对接产品、测试团队，跟进需求落地与缺陷修复

【安硕信息技术有限公司】 前端开发工程师
2022年8月 - 2024年8月
    · 编写开发文档，沉淀技术规范，协助新人熟悉业务
    · 承担分配模块的编码、测试与优化工作，保障系统稳定运行

【天擎信息技术有限公司】 前端开发工程师
2020年1月 - 2022年3月
    · 对接产品、测试团队，跟进需求落地与缺陷修复
    · 负责公司前端开发工程师相关业务的开发与维护，参与需求评审","■ 电商平台前端重构
  项目目标：升级旧版电商系统前端架构，提升用户体验与加载速度
  个人职责：负责商品详情页、购物车模块开发，组件化封装公共组件
  项目成果：首屏加载时间从3.2s降至1.8s，页面转化率提升12%

■ 企业后台管理系统
  项目目标：搭建企业运营管理后台，实现业务数据可视化
  个人职责：负责权限管理、数据报表模块开发，对接后端接口联调
  项目成果：覆盖12个业务部门，运营效率提升40%","专业技能：Ant Design、HTML5、CSS3、移动端适配、Webpack、TypeScript、Vue、React、Vite
相关证书：华为HCIA认证、英语四级",拥有6年行业经验，技术视野开阔，具备方案设计与项目把控能力；逻辑清晰，善于定位并解决复杂技术问题；具备良好的团队管理与跨部门沟通能力，能够推动技术优化与业务落地；责任心强，追求技术与业务的平衡发展。,前端开发 工程师 资深 链路 技术 架构 技术 规划 方案设计 主导 多个 大型项目 重构 升级 并发 系统 稳定性 领域 深厚 带领 攻克 技术难题 驱动 业务 技术升级,电商 平台 前端 重构 升级 旧版 电商 系统 前端 架构 用户 体验 加载 速度 商品 详情页 购物车 模块 开发 组件 封装 公共 组件 首屏 加载 时间 3.2 降至 1.8 页面 转化率 企业 后台 管理系统 搭建 企业 运营 管理 后台 业务 数据可视化 权限 管理 数据报表 模块 开发 对接 后端 接口 联调 覆盖 业务部门 运营 效率,用友 网络科技 前端开发 工程师 至今 前端开发 工程师 业务 开发 维护 需求 评审 分配 模块 编码 测试 保障系统 稳定 运行 对接 产品 测试 跟进 需求 落地 缺陷 修复 安硕 信息技术 前端开发 工程师 编写 开发 文档 沉淀 技术规范 新人 熟悉业务 分配 模块 编码 测试 保障系统 稳定 运行 天擎 信息技术 前端开发 工程师 对接 产品 测试 跟进 需求 落地 缺陷 修复 前端开发 工程师 业务 开发 维护 需求 评审,技术 视野 开阔 方案设计 项目 逻辑 清晰 善于 定位 复杂 技术 管理 跨部门 推动 技术 业务 落地 责任心 追求 技术 业务 平衡 发展,Ant Design HTML5 CSS3 移动端适配 Webpack TypeScript Vue React Vite 华为HCIA认证 英语四级,Ant Design、HTML5、CSS3、移动端适配、Webpack、TypeScript、Vue、React、Vite,华为HCIA认证、英语四级
沈俊熙,男,15979612284,shenjunxi73@outlook.com,15729430955,绍兴,"期望岗位：后端开发工程师
期望城市：绍兴
期望行业：互联网/信息技术/软件服务
期望薪资：3000-5000元",专科计算机应用技术专业应届毕业生，掌握SpringBoot、MySQL基础技能，完成过课程设计与毕业项目，具备基础代码编写能力与问题排查思路，学习能力强，做事认真踏实，期望从事后端开发工程师相关工作。,"苏州职业大学 | 计算机应用技术 | 专科
毕业时间：2022年6月
核心课程：计算机网络、数据库原理、数据结构、操作系统","【校园实践】
    · 参与学校计算机协会技术部，负责协会网站日常维护
    · 协助老师完成实验室设备管理与系统环境搭建
    · 参与班级课程设计小组，担任后端开发角色","■ 图书管理系统后端
  项目目标：实现图书借阅、归还、用户管理功能
  个人职责：负责接口开发与数据库表结构设计
  项目成果：完成核心功能，支持1000条数据量","专业技能：Java、PostgreSQL、Go、K8s、SpringBoot、微服务
相关证书：软考中级、英语四级",应届毕业，具备扎实的专业基础知识与学习能力，能够快速掌握新技术；工作态度认真负责，有耐心，注重细节；具备良好的团队意识与沟通能力，能够积极配合团队完成任务；期望在工作中积累经验，快速成长。,专科 计算机应用技术 应届 毕业生 SpringBoot MySQL 课程设计 项目 代码 编写 排查 后端 开发 工程师,图书 管理系统 后端 图书 借阅 归还 用户 管理 功能 接口 开发 数据库 结构设计 核心 功能 数据量,学校 计算机 协会 技术部 协会 网站 维护 老师 实验室 设备 管理 系统 环境 搭建 班级 课程设计 小组 后端 开发 角色,应届 基础知识 技术 认真负责,Java PostgreSQL Go K8s SpringBoot 微服务 软考中级 英语四级,Java、PostgreSQL、Go、K8s、SpringBoot、微服务,软考中级、英语四级
沈梓轩,男,18170586599,shen梓xuan3396@126.com,18236390509,宁波,"期望岗位：后端开发工程师
期望城市：宁波
期望行业：互联网/信息技术/软件服务
期望薪资：4500-5000元",专科软件技术专业应届毕业生，掌握Java、Java基础技能，完成过课程设计与毕业项目，具备基础代码编写能力与问题排查思路，学习能力强，做事认真踏实，期望从事后端开发工程师相关工作。,"南京工业职业技术大学 | 软件技术 | 专科
毕业时间：2022年6月
核心课程：机器学习、数据库原理、软件工程、Java程序设计","【校园实践】
    · 参与学校计算机协会技术部，负责协会网站日常维护
    · 协助老师完成实验室设备管理与系统环境搭建
    · 参与班级课程设计小组，担任后端开发角色","■ 图书管理系统后端
  项目目标：实现图书借阅、归还、用户管理功能
  个人职责：负责接口开发与数据库表结构设计
  项目成果：完成核心功能，支持1000条数据量","专业技能：PostgreSQL、Kafka、Python、K8s、SpringBoot、Java、微服务
相关证书：计算机一级",应届毕业，具备扎实的专业基础知识与学习能力，能够快速掌握新技术；工作态度认真负责，有耐心，注重细节；具备良好的团队意识与沟通能力，能够积极配合团队完成任务；期望在工作中积累经验，快速成长。,专科 软件技术 应届 毕业生 Java Java 课程设计 项目 代码 编写 排查 后端 开发 工程师,图书 管理系统 后端 图书 借阅 归还 用户 管理 功能 接口 开发 数据库 结构设计 核心 功能 数据量,学校 计算机 协会 技术部 协会 网站 维护 老师 实验室 设备 管理 系统 环境 搭建 班级 课程设计 小组 后端 开发 角色,应届 基础知识 技术 认真负责,PostgreSQL Kafka Python K8s SpringBoot Java 微服务 计算机一级,PostgreSQL、Kafka、Python、K8s、SpringBoot、Java、微服务,计算机一级
白佳,女,13118561513,baijia6886@outlook.com,wx_baijia_452,厦门,"期望岗位：Java开发工程师
期望城市：厦门
期望行业：互联网/信息技术/软件服务
期望薪资：9000-11500元",1年Java开发工程师工作经验，精通JVM调优、Redis技术栈，参与过完整项目迭代，能够独立完成模块开发与问题排查，注重代码质量与开发效率，具备良好的沟通协作能力。,"集美大学 | 电子信息工程 | 本科
毕业时间：2021年6月
核心课程：数字信号处理、机器学习、数据结构、软件工程","【东软科技有限公司】 Java开发工程师
2025年12月 - 至今
    · 承担分配模块的编码、测试与优化工作，保障系统稳定运行
    · 负责公司Java开发工程师相关业务的开发与维护，参与需求评审","■ 微服务用户中心重构
  项目目标：将单体用户系统拆分为微服务架构，提升并发承载能力
  个人职责：负责登录、注册、权限模块开发，优化数据库查询与缓存策略
  项目成果：支持并发量从500提升至5000，接口响应耗时减少60%

■ 电商订单交易系统
  项目目标：搭建高可用电商订单系统，支撑大促流量峰值
  个人职责：负责订单创建、支付回调、库存扣减核心逻辑开发
  项目成果：支撑日均订单量10万+，系统可用性达99.95%","专业技能：JVM调优、Java、MySQL、微服务、SpringCloud、MyBatis、RabbitMQ、Redis
相关证书：无",拥有1年实际工作经验，技术功底扎实，熟悉完整开发流程；具备较强的问题解决能力，能够独立排查并解决常见技术问题；工作认真负责，注重团队协作，能够高效推进项目落地；持续学习，保持技术敏感度。,Java 开发 工程师 JVM调优 Redis 技术 完整 项目 迭代 独立 模块 开发 排查 代码 质量 开发 效率 协作,微服务 用户 中心 重构 单体 用户 系统 分为 微服务 架构 并发 承载能力 登录 注册 权限 模块 开发 数据库 查询 缓存 策略 并发 接口 响应 耗时 减少 电商 订单 交易系统 搭建 可用 电商 订单 系统 支撑 大促 流量 峰值 订单 创建 支付 回调 库存 扣减 核心 逻辑 开发 支撑 日均 订单 系统 可用性,东软 科技 Java 开发 工程师 至今 分配 模块 编码 测试 保障系统 稳定 运行 Java 开发 工程师 业务 开发 维护 需求 评审,实际 技术 功底 完整 开发 流程 独立 排查 常见 技术 认真负责 协作 高效 推进 项目 落地 持续 保持 技术 敏感度,JVM调优 Java MySQL 微服务 SpringCloud MyBatis RabbitMQ Redis,JVM调优、Java、MySQL、微服务、SpringCloud、MyBatis、RabbitMQ、Redis,
沈然,男,13450990433,shenran915@126.com,13120979573,南通,"期望岗位：Java开发工程师
期望城市：南通
期望行业：互联网/信息技术/软件服务
期望薪资：7000-10000元",2年Java开发工程师工作经验，精通Docker、Java技术栈，参与过完整项目迭代，能够独立完成模块开发与问题排查，注重代码质量与开发效率，具备良好的沟通协作能力。,"福建船政交通职业学院 | 软件技术 | 专科
毕业时间：2020年6月
核心课程：数据结构、算法设计与分析、机器学习、软件工程","【启明软件有限公司】 Java开发工程师
2025年9月 - 至今
    · 承担分配模块的编码、测试与优化工作，保障系统稳定运行
    · 编写开发文档，沉淀技术规范，协助新人熟悉业务
    · 负责公司Java开发工程师相关业务的开发与维护，参与需求评审

【用友网络科技有限公司】 Java开发工程师
2024年6月 - 2025年6月
    · 负责公司Java开发工程师相关业务的开发与维护，参与需求评审
    · 承担分配模块的编码、测试与优化工作，保障系统稳定运行
    · 编写开发文档，沉淀技术规范，协助新人熟悉业务","■ 电商订单交易系统
  项目目标：搭建高可用电商订单系统，支撑大促流量峰值
  个人职责：负责订单创建、支付回调、库存扣减核心逻辑开发
  项目成果：支撑日均订单量10万+，系统可用性达99.95%

■ 微服务用户中心重构
  项目目标：将单体用户系统拆分为微服务架构，提升并发承载能力
  个人职责：负责登录、注册、权限模块开发，优化数据库查询与缓存策略
  项目成果：支持并发量从500提升至5000，接口响应耗时减少60%","专业技能：MySQL、SpringBoot、Linux、Java、微服务、Redis
相关证书：软件设计师（中级）",拥有2年实际工作经验，技术功底扎实，熟悉完整开发流程；具备较强的问题解决能力，能够独立排查并解决常见技术问题；工作认真负责，注重团队协作，能够高效推进项目落地；持续学习，保持技术敏感度。,Java 开发 工程师 Docker Java 技术 完整 项目 迭代 独立 模块 开发 排查 代码 质量 开发 效率 协作,电商 订单 交易系统 搭建 可用 电商 订单 系统 支撑 大促 流量 峰值 订单 创建 支付 回调 库存 扣减 核心 逻辑 开发 支撑 日均 订单 系统 可用性 微服务 用户 中心 重构 单体 用户 系统 分为 微服务 架构 并发 承载能力 登录 注册 权限 模块 开发 数据库 查询 缓存 策略 并发 接口 响应 耗时 减少,启明 软件 Java 开发 工程师 至今 分配 模块 编码 测试 保障系统 稳定 运行 编写 开发 文档 沉淀 技术规范 新人 熟悉业务 Java 开发 工程师 业务 开发 维护 需求 评审 用友 网络科技 Java 开发 工程师 Java 开发 工程师 业务 开发 维护 需求 评审 分配 模块 编码 测试 保障系统 稳定 运行 编写 开发 文档 沉淀 技术规范 新人 熟悉业务,实际 技术 功底 完整 开发 流程 独立 排查 常见 技术 认真负责 协作 高效 推进 项目 落地 持续 保持 技术 敏感度,MySQL SpringBoot Linux Java 微服务 Redis 软件 设计师 中级,MySQL、SpringBoot、Linux、Java、微服务、Redis,软件设计师（中级）
沈建,男,13663415009,shenjian2534@outlook.com,wx_shenjian_182,南京,"期望岗位：后端开发工程师
期望城市：南京
期望行业：互联网/信息技术/软件服务
期望薪资：14000-15000元",3年后端开发工程师从业经验，精通Python技术架构，主导过中型项目从0到1落地，擅长技术方案设计与性能优化，曾推动核心模块技术重构，带来显著效率提升，具备跨部门协作与项目推进能力。,"佛山科学技术学院 | 网络工程 | 本科
毕业时间：2019年6月
核心课程：软件工程、数字信号处理、操作系统、Java程序设计","【腾讯（深圳分公司）】 后端开发工程师
2025年10月 - 至今
    · 负责公司后端开发工程师相关业务的开发与维护，参与需求评审
    · 对接产品、测试团队，跟进需求落地与缺陷修复

【锐捷数据技术有限公司】 后端开发工程师
2024年9月 - 2025年5月
    · 负责公司后端开发工程师相关业务的开发与维护，参与需求评审
    · 承担分配模块的编码、测试与优化工作，保障系统稳定运行
    · 对接产品、测试团队，跟进需求落地与缺陷修复","■ 即时通讯服务开发
  项目目标：实现企业内部IM系统后端消息推送与存储
  个人职责：负责消息队列、离线消息、会话管理模块开发
  项目成果：支持万人同时在线，消息送达延迟低于100ms

■ 内容管理系统后端
  项目目标：搭建CMS系统后端服务，支持多站点内容发布
  个人职责：负责文章、栏目、权限模块接口开发，设计数据库表结构
  项目成果：支撑8个站点同时运营，内容发布效率提升3倍","专业技能：Go、Java、Docker、Kafka、PostgreSQL、K8s、Gin、Python、Redis、MySQL
相关证书：系统架构设计师",拥有3年行业经验，技术视野开阔，具备方案设计与项目把控能力；逻辑清晰，善于定位并解决复杂技术问题；具备良好的团队管理与跨部门沟通能力，能够推动技术优化与业务落地；责任心强，追求技术与业务的平衡发展。,年后 开发 工程师 从业 Python 技术 架构 主导 中型 项目 落地 擅长 技术 方案设计 性能 推动 核心 模块 技术 重构 带来 显著 效率 跨部门 协作 项目 推进,即时通讯 服务 开发 企业 内部 IM 系统 后端 消息 推送 存储 消息 队列 离线 消息 会话 管理 模块 开发 万人 同时在线 消息 送达 延迟 低于 100ms 管理系统 后端 搭建 CMS 系统 后端 服务 站点 发布 文章 栏目 权限 模块接口 开发 数据库 结构 支撑 站点 运营 发布 效率,腾讯 深圳 分公司 后端 开发 工程师 至今 后端 开发 工程师 业务 开发 维护 需求 评审 对接 产品 测试 跟进 需求 落地 缺陷 修复 锐捷 数据 技术 后端 开发 工程师 后端 开发 工程师 业务 开发 维护 需求 评审 分配 模块 编码 测试 保障系统 稳定 运行 对接 产品 测试 跟进 需求 落地 缺陷 修复,技术 视野 开阔 方案设计 项目 逻辑 清晰 善于 定位 复杂 技术 管理 跨部门 推动 技术 业务 落地 责任心 追求 技术 业务 平衡 发展,Go Java Docker Kafka PostgreSQL K8s Gin Python Redis MySQL 系统架构设计师,Go、Java、Docker、Kafka、PostgreSQL、K8s、Gin、Python、Redis、MySQL,系统架构设计师
赵艳,女,13452577878,zhaoyan38@qq.com,18467454256,扬州,"期望岗位：算法工程师
期望城市：扬州
期望行业：互联网/信息技术/软件服务
期望薪资：3000-3500元",专科软件技术专业应届毕业生，掌握NLP、推荐算法基础技能，完成过课程设计与毕业项目，具备基础代码编写能力与问题排查思路，学习能力强，做事认真踏实，期望从事算法工程师相关工作。,"福建信息职业技术学院 | 软件技术 | 专科
毕业时间：2022年6月
核心课程：算法设计与分析、数字信号处理、机器学习、Java程序设计","【校园实践】
    · 参与学校计算机协会技术部，负责协会网站日常维护
    · 协助老师完成实验室设备管理与系统环境搭建
    · 参与班级课程设计小组，担任后端开发角色","■ 手写数字识别（课程作业）
  项目目标：基于MNIST数据集实现手写数字识别
  个人职责：使用CNN搭建模型，训练与调优
  项目成果：识别准确率达到92%","专业技能：NLP、TensorFlow、特征工程、计算机视觉、Python、PyTorch
相关证书：PMP项目管理专业人士",应届毕业，具备扎实的专业基础知识与学习能力，能够快速掌握新技术；工作态度认真负责，有耐心，注重细节；具备良好的团队意识与沟通能力，能够积极配合团队完成任务；期望在工作中积累经验，快速成长。,专科 软件技术 应届 毕业生 NLP 推荐算法 课程设计 项目 代码 编写 排查 算法 工程师,手写 数字 识别 作业 基于 MNIST 数据 手写 数字 识别 CNN 搭建 模型 训练 调优 识别 准确率 达到,学校 计算机 协会 技术部 协会 网站 维护 老师 实验室 设备 管理 系统 环境 搭建 班级 课程设计 小组 后端 开发 角色,应届 基础知识 技术 认真负责,NLP TensorFlow 特征工程 计算机视觉 Python PyTorch PMP项目管理专业人士,NLP、TensorFlow、特征工程、计算机视觉、Python、PyTorch,PMP项目管理专业人士
吴佳,女,17608336120,wujia2570@qq.com,wx_wujia_677,安庆,"期望岗位：软件测试工程师
期望城市：安庆
期望行业：互联网/信息技术/软件服务
期望薪资：11500-12000元",2年软件测试工程师工作经验，精通性能测试、性能测试技术栈，参与过完整项目迭代，能够独立完成模块开发与问题排查，注重代码质量与开发效率，具备良好的沟通协作能力。,"厦门大学 | 信息管理与信息系统 | 本科
毕业时间：2020年6月
核心课程：机器学习、算法设计与分析、数据库原理、Python编程","【通元数据技术有限公司】 软件测试工程师
2025年11月 - 至今
    · 编写开发文档，沉淀技术规范，协助新人熟悉业务
    · 对接产品、测试团队，跟进需求落地与缺陷修复

【安硕网络科技有限公司】 软件测试工程师
2024年8月 - 2025年9月
    · 承担分配模块的编码、测试与优化工作，保障系统稳定运行
    · 编写开发文档，沉淀技术规范，协助新人熟悉业务","■ 电商平台功能测试
  项目目标：保障电商系统上线质量，覆盖全业务流程
  个人职责：设计测试用例，执行功能、回归测试，提交缺陷报告
  项目成果：发现并修复120+缺陷，上线后线上缺陷率低于0.5%

■ 自动化测试框架搭建
  项目目标：提升回归测试效率，减少人工重复劳动
  个人职责：基于Selenium搭建UI自动化框架，编写核心模块测试脚本
  项目成果：回归测试周期从7天缩短至2天，覆盖率达85%","专业技能：Appium、Selenium、MySQL、Postman、测试用例设计、功能测试
相关证书：软考中级、红帽RHCE认证",拥有2年实际工作经验，技术功底扎实，熟悉完整开发流程；具备较强的问题解决能力，能够独立排查并解决常见技术问题；工作认真负责，注重团队协作，能够高效推进项目落地；持续学习，保持技术敏感度。,软件测试 工程师 性能测试 性能测试 技术 完整 项目 迭代 独立 模块 开发 排查 代码 质量 开发 效率 协作,电商 平台 功能测试 保障 电商 系统 上线 质量 覆盖 业务流程 测试用例 执行 功能 回归 测试 提交 缺陷 报告 发现 修复 缺陷 上线 后线 缺陷率 低于 自动化 测试 框架 搭建 回归 测试 效率 减少 人工 重复劳动 基于 Selenium 搭建 UI 自动化 框架 编写 核心 模块 测试 脚本 回归 测试 周期 缩短 覆盖率,通元 数据 技术 软件测试 工程师 至今 编写 开发 文档 沉淀 技术规范 新人 熟悉业务 对接 产品 测试 跟进 需求 落地 缺陷 修复 安硕 网络科技 软件测试 工程师 分配 模块 编码 测试 保障系统 稳定 运行 编写 开发 文档 沉淀 技术规范 新人 熟悉业务,实际 技术 功底 完整 开发 流程 独立 排查 常见 技术 认真负责 协作 高效 推进 项目 落地 持续 保持 技术 敏感度,Appium Selenium MySQL Postman 测试用例设计 功能测试 软考中级 红帽RHCE认证,Appium、Selenium、MySQL、Postman、测试用例设计、功能测试,软考中级、红帽RHCE认证
吕慧,女,13382910763,lvhui955@163.com,15563482820,温州,"期望岗位：后端开发工程师
期望城市：温州
期望行业：互联网/信息技术/软件服务
期望薪资：10500-12000元",3年后端开发工程师从业经验，精通Gin技术架构，主导过中型项目从0到1落地，擅长技术方案设计与性能优化，曾推动核心模块技术重构，带来显著效率提升，具备跨部门协作与项目推进能力。,"南京工业职业技术大学 | 计算机应用技术 | 专科
毕业时间：2019年6月
核心课程：软件工程、数据结构、操作系统、算法设计与分析","【中软互联网科技有限公司】 后端开发工程师
2025年9月 - 至今
    · 负责公司后端开发工程师相关业务的开发与维护，参与需求评审
    · 编写开发文档，沉淀技术规范，协助新人熟悉业务
    · 对接产品、测试团队，跟进需求落地与缺陷修复

【金蝶数据技术有限公司】 后端开发工程师
2024年4月 - 2025年6月
    · 编写开发文档，沉淀技术规范，协助新人熟悉业务
    · 承担分配模块的编码、测试与优化工作，保障系统稳定运行
    · 负责公司后端开发工程师相关业务的开发与维护，参与需求评审","■ 内容管理系统后端
  项目目标：搭建CMS系统后端服务，支持多站点内容发布
  个人职责：负责文章、栏目、权限模块接口开发，设计数据库表结构
  项目成果：支撑8个站点同时运营，内容发布效率提升3倍

■ 即时通讯服务开发
  项目目标：实现企业内部IM系统后端消息推送与存储
  个人职责：负责消息队列、离线消息、会话管理模块开发
  项目成果：支持万人同时在线，消息送达延迟低于100ms","专业技能：MySQL、Docker、Redis、Gin、SpringBoot、Python
相关证书：无",拥有3年行业经验，技术视野开阔，具备方案设计与项目把控能力；逻辑清晰，善于定位并解决复杂技术问题；具备良好的团队管理与跨部门沟通能力，能够推动技术优化与业务落地；责任心强，追求技术与业务的平衡发展。,年后 开发 工程师 从业 Gin 技术 架构 主导 中型 项目 落地 擅长 技术 方案设计 性能 推动 核心 模块 技术 重构 带来 显著 效率 跨部门 协作 项目 推进,管理系统 后端 搭建 CMS 系统 后端 服务 站点 发布 文章 栏目 权限 模块接口 开发 数据库 结构 支撑 站点 运营 发布 效率 即时通讯 服务 开发 企业 内部 IM 系统 后端 消息 推送 存储 消息 队列 离线 消息 会话 管理 模块 开发 万人 同时在线 消息 送达 延迟 低于 100ms,中软 互联网 科技 后端 开发 工程师 至今 后端 开发 工程师 业务 开发 维护 需求 评审 编写 开发 文档 沉淀 技术规范 新人 熟悉业务 对接 产品 测试 跟进 需求 落地 缺陷 修复 金蝶 数据 技术 后端 开发 工程师 编写 开发 文档 沉淀 技术规范 新人 熟悉业务 分配 模块 编码 测试 保障系统 稳定 运行 后端 开发 工程师 业务 开发 维护 需求 评审,技术 视野 开阔 方案设计 项目 逻辑 清晰 善于 定位 复杂 技术 管理 跨部门 推动 技术 业务 落地 责任心 追求 技术 业务 平衡 发展,MySQL Docker Redis Gin SpringBoot Python,MySQL、Docker、Redis、Gin、SpringBoot、Python,
苏娜,女,17751198061,suna12@outlook.com,wx_suna_506,台州,"期望岗位：前端开发工程师
期望城市：台州
期望行业：互联网/信息技术/软件服务
期望薪资：面议",专科计算机应用技术专业应届毕业生，有0段前端开发工程师实习经验，掌握Vite技术栈，参与过实习项目开发，具备良好的代码规范与团队协作意识，能够快速上手业务，期望正式入职发展。,"厦门海洋职业技术学院 | 计算机应用技术 | 专科
毕业时间：2022年6月
核心课程：数字信号处理、计算机网络、操作系统、Python编程","【微远科技有限公司】 前端开发工程师（实习）
2022年8月 - 至今
    · 承担分配模块的编码、测试与优化工作，保障系统稳定运行
    · 编写开发文档，沉淀技术规范，协助新人熟悉业务","■ 个人博客系统（课程作业）
  项目目标：开发个人博客前端页面，实现文章展示与评论
  个人职责：负责页面布局、交互效果、接口联调
  项目成果：完成响应式页面，兼容多浏览器

■ 校园社团官网（实训项目）
  项目目标：为学校社团开发官方展示网站
  个人职责：负责首页、新闻页、成员页开发
  项目成果：上线后访问量累计5000+","专业技能：TypeScript、移动端适配、React、JavaScript、Ant Design、Vite、Webpack
相关证书：无",有实习经验，熟悉开发基本流程，具备基础的项目实践能力；学习能力强，能够快速上手新业务新技术；工作踏实，责任心强，善于沟通协作，能够高效完成分配的工作任务。,专科 计算机应用技术 应届 毕业生 前端开发 工程师 实习 Vite 技术 实习 项目 开发 代码 规范 协作 上手 业务 正式 入职 发展,博客 系统 作业 开发 博客 前端 页面 文章 展示 评论 页面 布局 交互 效果 接口 联调 响应 页面 兼容 浏览器 社团 官网 实训 项目 学校 社团 开发 官方 展示 网站 首页 新闻页 成员 开发 上线 访问量 累计,微远 科技 前端开发 工程师 实习 至今 分配 模块 编码 测试 保障系统 稳定 运行 编写 开发 文档 沉淀 技术规范 新人 熟悉业务,实习 开发 基本 流程 项目 实践 上手 业务 技术 责任心 善于 协作 高效 分配,TypeScript 移动端适配 React JavaScript Ant Design Vite Webpack,TypeScript、移动端适配、React、JavaScript、Ant Design、Vite、Webpack,
龚雨桐,女,18085501280,gong雨tong748@gmail.com,18947992740,绍兴,"期望岗位：运维工程师
期望城市：绍兴
期望行业：互联网/信息技术/软件服务
期望薪资：5000-6000元",专科数字媒体技术专业应届毕业生，掌握Zabbix、Redis基础技能，完成过课程设计与毕业项目，具备基础代码编写能力与问题排查思路，学习能力强，做事认真踏实，期望从事运维工程师相关工作。,"厦门海洋职业技术学院 | 数字媒体技术 | 专科
毕业时间：2022年6月
核心课程：数据库原理、软件工程、Java程序设计、数字信号处理","【校园实践】
    · 参与学校计算机协会技术部，负责协会网站日常维护
    · 协助老师完成实验室设备管理与系统环境搭建
    · 参与班级课程设计小组，担任后端开发角色","■ 简单监控脚本开发
  项目目标：编写服务器状态监控脚本
  个人职责：实现CPU、内存、磁盘使用率自动采集
  项目成果：支持异常邮件告警","专业技能：Kubernetes、MySQL、Docker、Linux、Nginx、网络运维、Zabbix
相关证书：计算机一级",应届毕业，具备扎实的专业基础知识与学习能力，能够快速掌握新技术；工作态度认真负责，有耐心，注重细节；具备良好的团队意识与沟通能力，能够积极配合团队完成任务；期望在工作中积累经验，快速成长。,专科 数字媒体技术 应届 毕业生 Zabbix Redis 课程设计 项目 代码 编写 排查 运维 工程师,简单 监控 脚本 开发 编写 服务器 状态 监控 脚本 CPU 内存 磁盘 使用率 自动 采集 异常 邮件 告警,学校 计算机 协会 技术部 协会 网站 维护 老师 实验室 设备 管理 系统 环境 搭建 班级 课程设计 小组 后端 开发 角色,应届 基础知识 技术 认真负责,Kubernetes MySQL Docker Linux Nginx 网络运维 Zabbix 计算机一级,Kubernetes、MySQL、Docker、Linux、Nginx、网络运维、Zabbix,计算机一级
徐梓涵,女,13506605566,xu梓han675@126.com,wx_xu梓han_433,杭州,"期望岗位：后端开发工程师
期望城市：杭州
期望行业：互联网/信息技术/软件服务
期望薪资：15000-18000元",3年后端开发工程师从业经验，精通微服务技术架构，主导过中型项目从0到1落地，擅长技术方案设计与性能优化，曾推动核心模块技术重构，带来显著效率提升，具备跨部门协作与项目推进能力。,"闽南师范大学 | 数学与应用数学 | 本科
毕业时间：2019年6月
核心课程：Java程序设计、数据库原理、数字信号处理、数据结构","【vivo（东莞）】 后端开发工程师
2025年6月 - 至今
    · 对接产品、测试团队，跟进需求落地与缺陷修复
    · 负责公司后端开发工程师相关业务的开发与维护，参与需求评审
    · 承担分配模块的编码、测试与优化工作，保障系统稳定运行

【数聚互联网科技有限公司】 后端开发工程师
2024年4月 - 2025年3月
    · 承担分配模块的编码、测试与优化工作，保障系统稳定运行
    · 负责公司后端开发工程师相关业务的开发与维护，参与需求评审
    · 编写开发文档，沉淀技术规范，协助新人熟悉业务","■ 即时通讯服务开发
  项目目标：实现企业内部IM系统后端消息推送与存储
  个人职责：负责消息队列、离线消息、会话管理模块开发
  项目成果：支持万人同时在线，消息送达延迟低于100ms

■ 内容管理系统后端
  项目目标：搭建CMS系统后端服务，支持多站点内容发布
  个人职责：负责文章、栏目、权限模块接口开发，设计数据库表结构
  项目成果：支撑8个站点同时运营，内容发布效率提升3倍","专业技能：SpringBoot、Kafka、K8s、Java、Redis、MySQL、PostgreSQL、Gin
相关证书：英语六级、华为HCIA认证",拥有3年行业经验，技术视野开阔，具备方案设计与项目把控能力；逻辑清晰，善于定位并解决复杂技术问题；具备良好的团队管理与跨部门沟通能力，能够推动技术优化与业务落地；责任心强，追求技术与业务的平衡发展。,年后 开发 工程师 从业 微服务 技术 架构 主导 中型 项目 落地 擅长 技术 方案设计 性能 推动 核心 模块 技术 重构 带来 显著 效率 跨部门 协作 项目 推进,即时通讯 服务 开发 企业 内部 IM 系统 后端 消息 推送 存储 消息 队列 离线 消息 会话 管理 模块 开发 万人 同时在线 消息 送达 延迟 低于 100ms 管理系统 后端 搭建 CMS 系统 后端 服务 站点 发布 文章 栏目 权限 模块接口 开发 数据库 结构 支撑 站点 运营 发布 效率,vivo 东莞 后端 开发 工程师 至今 对接 产品 测试 跟进 需求 落地 缺陷 修复 后端 开发 工程师 业务 开发 维护 需求 评审 分配 模块 编码 测试 保障系统 稳定 运行 数聚 互联网 科技 后端 开发 工程师 分配 模块 编码 测试 保障系统 稳定 运行 后端 开发 工程师 业务 开发 维护 需求 评审 编写 开发 文档 沉淀 技术规范 新人 熟悉业务,技术 视野 开阔 方案设计 项目 逻辑 清晰 善于 定位 复杂 技术 管理 跨部门 推动 技术 业务 落地 责任心 追求 技术 业务 平衡 发展,SpringBoot Kafka K8s Java Redis MySQL PostgreSQL Gin 英语六级 华为HCIA认证,SpringBoot、Kafka、K8s、Java、Redis、MySQL、PostgreSQL、Gin,英语六级、华为HCIA认证
刘刚,男,15349808259,liugang906@gmail.com,13367298404,莆田,"期望岗位：前端开发工程师
期望城市：莆田
期望行业：互联网/信息技术/软件服务
期望薪资：面议",1年前端开发工程师工作经验，精通React、JavaScript技术栈，参与过完整项目迭代，能够独立完成模块开发与问题排查，注重代码质量与开发效率，具备良好的沟通协作能力。,"东莞理工学院 | 数据科学与大数据技术 | 本科
毕业时间：2021年6月
核心课程：数据结构、操作系统、计算机网络、Python编程","【阿里巴巴（福州分公司）】 前端开发工程师
2025年9月 - 至今
    · 对接产品、测试团队，跟进需求落地与缺陷修复
    · 编写开发文档，沉淀技术规范，协助新人熟悉业务
    · 承担分配模块的编码、测试与优化工作，保障系统稳定运行","■ 企业后台管理系统
  项目目标：搭建企业运营管理后台，实现业务数据可视化
  个人职责：负责权限管理、数据报表模块开发，对接后端接口联调
  项目成果：覆盖12个业务部门，运营效率提升40%

■ 电商平台前端重构
  项目目标：升级旧版电商系统前端架构，提升用户体验与加载速度
  个人职责：负责商品详情页、购物车模块开发，组件化封装公共组件
  项目成果：首屏加载时间从3.2s降至1.8s，页面转化率提升12%","专业技能：Element UI、Axios、CSS3、Webpack、Ant Design、移动端适配、React
相关证书：英语六级、计算机二级",拥有1年实际工作经验，技术功底扎实，熟悉完整开发流程；具备较强的问题解决能力，能够独立排查并解决常见技术问题；工作认真负责，注重团队协作，能够高效推进项目落地；持续学习，保持技术敏感度。,前端开发 工程师 React JavaScript 技术 完整 项目 迭代 独立 模块 开发 排查 代码 质量 开发 效率 协作,企业 后台 管理系统 搭建 企业 运营 管理 后台 业务 数据可视化 权限 管理 数据报表 模块 开发 对接 后端 接口 联调 覆盖 业务部门 运营 效率 电商 平台 前端 重构 升级 旧版 电商 系统 前端 架构 用户 体验 加载 速度 商品 详情页 购物车 模块 开发 组件 封装 公共 组件 首屏 加载 时间 3.2 降至 1.8 页面 转化率,阿里巴巴 福州 分公司 前端开发 工程师 至今 对接 产品 测试 跟进 需求 落地 缺陷 修复 编写 开发 文档 沉淀 技术规范 新人 熟悉业务 分配 模块 编码 测试 保障系统 稳定 运行,实际 技术 功底 完整 开发 流程 独立 排查 常见 技术 认真负责 协作 高效 推进 项目 落地 持续 保持 技术 敏感度,Element UI Axios CSS3 Webpack Ant Design 移动端适配 React 英语六级 计算机二级,Element UI、Axios、CSS3、Webpack、Ant Design、移动端适配、React,英语六级、计算机二级
林璐,女,18959094505,linlu21@qq.com,13478362989,金华,"期望岗位：Python开发工程师
期望城市：金华
期望行业：互联网/信息技术/软件服务
期望薪资：5000-5500元",本科网络工程专业应届毕业生，有1段Python开发工程师实习经验，掌握Python技术栈，参与过实习项目开发，具备良好的代码规范与团队协作意识，能够快速上手业务，期望正式入职发展。,"中山大学 | 网络工程 | 本科
毕业时间：2021年6月
核心课程：Java程序设计、计算机网络、操作系统、数字信号处理","【合众互联网科技有限公司】 Python开发工程师（实习）
2025年2月 - 至今
    · 编写开发文档，沉淀技术规范，协助新人熟悉业务
    · 承担分配模块的编码、测试与优化工作，保障系统稳定运行","■ 简单爬虫脚本开发
  项目目标：爬取公开网站数据并入库
  个人职责：负责反爬处理、数据清洗、SQLite存储
  项目成果：日均采集数据1万条

■ 自动化办公脚本
  项目目标：批量处理Excel表格数据
  个人职责：实现数据合并、格式转换、自动统计
  项目成果：提升人工效率80%","专业技能：Git、Redis、Celery、Django、Flask、Docker、爬虫
相关证书：计算机一级",有实习经验，熟悉开发基本流程，具备基础的项目实践能力；学习能力强，能够快速上手新业务新技术；工作踏实，责任心强，善于沟通协作，能够高效完成分配的工作任务。,本科 网络工程 应届 毕业生 Python 开发 工程师 实习 Python 技术 实习 项目 开发 代码 规范 协作 上手 业务 正式 入职 发展,简单 爬虫 脚本 开发 爬取 公开 网站 数据 入库 反爬 处理 数据 清洗 SQL ite 存储 日均 采集 数据 万条 自动化 办公 脚本 批量 处理 Excel 表格 数据 数据 合并 格式 转换 自动 统计 人工效率,合众 互联网 科技 Python 开发 工程师 实习 至今 编写 开发 文档 沉淀 技术规范 新人 熟悉业务 分配 模块 编码 测试 保障系统 稳定 运行,实习 开发 基本 流程 项目 实践 上手 业务 技术 责任心 善于 协作 高效 分配,Git Redis Celery Django Flask Docker 爬虫 计算机一级,Git、Redis、Celery、Django、Flask、Docker、爬虫,计算机一级
任杰,男,18782338903,renjie580@gmail.com,wx_renjie_444,龙岩,"期望岗位：Java开发工程师
期望城市：龙岩
期望行业：互联网/信息技术/软件服务
期望薪资：6000-6500元",本科数学与应用数学专业应届毕业生，有1段Java开发工程师实习经验，掌握SpringCloud技术栈，参与过实习项目开发，具备良好的代码规范与团队协作意识，能够快速上手业务，期望正式入职发展。,"广东技术师范大学 | 数学与应用数学 | 本科
毕业时间：2021年6月
核心课程：数据结构、操作系统、Python编程、数字信号处理","【亿联网络】 Java开发工程师（实习）
2025年6月 - 至今
    · 负责公司Java开发工程师相关业务的开发与维护，参与需求评审
    · 编写开发文档，沉淀技术规范，协助新人熟悉业务
    · 对接产品、测试团队，跟进需求落地与缺陷修复","■ 校园二手交易平台（毕设）
  项目目标：搭建校园闲置物品发布与交易平台
  个人职责：负责用户模块、商品发布模块开发
  项目成果：完成系统原型，获得良好成绩

■ 学生成绩管理系统（课程设计）
  项目目标：实现学生信息、成绩、班级的增删改查管理
  个人职责：负责后端接口开发与数据库设计
  项目成果：完成基础功能，通过课程答辩","专业技能：Linux、Git、MySQL、JVM调优
相关证书：华为HCIA认证",有实习经验，熟悉开发基本流程，具备基础的项目实践能力；学习能力强，能够快速上手新业务新技术；工作踏实，责任心强，善于沟通协作，能够高效完成分配的工作任务。,本科 数学与应用数学 应届 毕业生 Java 开发 工程师 实习 SpringCloud 技术 实习 项目 开发 代码 规范 协作 上手 业务 正式 入职 发展,二手交易 平台 毕设 搭建 闲置 物品 发布 交易平台 用户 模块 商品 发布 模块 开发 系统 原型 获得 成绩 学生 成绩 管理系统 课程设计 学生 信息 成绩 班级 增删 改查 管理 后端 接口 开发 数据库 功能 答辩,联网络 Java 开发 工程师 实习 至今 Java 开发 工程师 业务 开发 维护 需求 评审 编写 开发 文档 沉淀 技术规范 新人 熟悉业务 对接 产品 测试 跟进 需求 落地 缺陷 修复,实习 开发 基本 流程 项目 实践 上手 业务 技术 责任心 善于 协作 高效 分配,Linux Git MySQL JVM调优 华为HCIA认证,Linux、Git、MySQL、JVM调优,华为HCIA认证
武梓轩,男,17777557455,wu梓xuan1948@163.com,wx_wu梓xuan_588,宁德,"期望岗位：软件测试工程师
期望城市：宁德
期望行业：互联网/信息技术/软件服务
期望薪资：面议",2年软件测试工程师工作经验，精通Python、Python技术栈，参与过完整项目迭代，能够独立完成模块开发与问题排查，注重代码质量与开发效率，具备良好的沟通协作能力。,"福建农林大学 | 数据科学与大数据技术 | 本科
毕业时间：2020年6月
核心课程：算法设计与分析、操作系统、Python编程、机器学习","【合众科技有限公司】 软件测试工程师
2025年9月 - 至今
    · 对接产品、测试团队，跟进需求落地与缺陷修复
    · 负责公司软件测试工程师相关业务的开发与维护，参与需求评审

【汇智数据技术有限公司】 软件测试工程师
2024年5月 - 2025年11月
    · 对接产品、测试团队，跟进需求落地与缺陷修复
    · 编写开发文档，沉淀技术规范，协助新人熟悉业务","■ 电商平台功能测试
  项目目标：保障电商系统上线质量，覆盖全业务流程
  个人职责：设计测试用例，执行功能、回归测试，提交缺陷报告
  项目成果：发现并修复120+缺陷，上线后线上缺陷率低于0.5%

■ 自动化测试框架搭建
  项目目标：提升回归测试效率，减少人工重复劳动
  个人职责：基于Selenium搭建UI自动化框架，编写核心模块测试脚本
  项目成果：回归测试周期从7天缩短至2天，覆盖率达85%","专业技能：Postman、Selenium、性能测试、功能测试、接口测试、测试用例设计、MySQL、JMeter、TestNG、Python
相关证书：无",拥有2年实际工作经验，技术功底扎实，熟悉完整开发流程；具备较强的问题解决能力，能够独立排查并解决常见技术问题；工作认真负责，注重团队协作，能够高效推进项目落地；持续学习，保持技术敏感度。,软件测试 工程师 Python Python 技术 完整 项目 迭代 独立 模块 开发 排查 代码 质量 开发 效率 协作,电商 平台 功能测试 保障 电商 系统 上线 质量 覆盖 业务流程 测试用例 执行 功能 回归 测试 提交 缺陷 报告 发现 修复 缺陷 上线 后线 缺陷率 低于 自动化 测试 框架 搭建 回归 测试 效率 减少 人工 重复劳动 基于 Selenium 搭建 UI 自动化 框架 编写 核心 模块 测试 脚本 回归 测试 周期 缩短 覆盖率,合众 科技 软件测试 工程师 至今 对接 产品 测试 跟进 需求 落地 缺陷 修复 软件测试 工程师 业务 开发 维护 需求 评审 汇智 数据 技术 软件测试 工程师 对接 产品 测试 跟进 需求 落地 缺陷 修复 编写 开发 文档 沉淀 技术规范 新人 熟悉业务,实际 技术 功底 完整 开发 流程 独立 排查 常见 技术 认真负责 协作 高效 推进 项目 落地 持续 保持 技术 敏感度,Postman Selenium 性能测试 功能测试 接口测试 测试用例设计 MySQL JMeter TestNG Python,Postman、Selenium、性能测试、功能测试、接口测试、测试用例设计、MySQL、JMeter、TestNG、Python,
夏莉,女,13065172186,xiali2576@126.com,wx_xiali_797,无锡,"期望岗位：算法工程师
期望城市：无锡
期望行业：互联网/信息技术/软件服务
期望薪资：6000-7000元",本科信息管理与信息系统专业应届毕业生，有0段算法工程师实习经验，掌握算法优化技术栈，参与过实习项目开发，具备良好的代码规范与团队协作意识，能够快速上手业务，期望正式入职发展。,"南京工程学院 | 信息管理与信息系统 | 本科
毕业时间：2022年6月
核心课程：Java程序设计、操作系统、Python编程、算法设计与分析","【吉比特网络】 算法工程师（实习）
2021年6月 - 至今
    · 编写开发文档，沉淀技术规范，协助新人熟悉业务
    · 对接产品、测试团队，跟进需求落地与缺陷修复
    · 承担分配模块的编码、测试与优化工作，保障系统稳定运行","■ 手写数字识别（课程作业）
  项目目标：基于MNIST数据集实现手写数字识别
  个人职责：使用CNN搭建模型，训练与调优
  项目成果：识别准确率达到92%

■ 电影推荐系统（毕设）
  项目目标：基于协同过滤实现简单电影推荐
  个人职责：数据处理、模型实现、效果验证
  项目成果：召回准确率达到75%","专业技能：SQL、PyTorch、深度学习、Python、数据结构、TensorFlow
相关证书：无",有实习经验，熟悉开发基本流程，具备基础的项目实践能力；学习能力强，能够快速上手新业务新技术；工作踏实，责任心强，善于沟通协作，能够高效完成分配的工作任务。,本科 信息管理与信息系统 应届 毕业生 算法 工程师 实习 算法优化 技术 实习 项目 开发 代码 规范 协作 上手 业务 正式 入职 发展,手写 数字 识别 作业 基于 MNIST 数据 手写 数字 识别 CNN 搭建 模型 训练 调优 识别 准确率 达到 电影 推荐 系统 毕设 基于 协同 过滤 简单 电影 推荐 数据处理 模型 效果 验证 召回 准确率 达到,比特 网络 算法 工程师 实习 至今 编写 开发 文档 沉淀 技术规范 新人 熟悉业务 对接 产品 测试 跟进 需求 落地 缺陷 修复 分配 模块 编码 测试 保障系统 稳定 运行,实习 开发 基本 流程 项目 实践 上手 业务 技术 责任心 善于 协作 高效 分配,SQL PyTorch 深度学习 Python 数据结构 TensorFlow,SQL、PyTorch、深度学习、Python、数据结构、TensorFlow,
高霞,女,18341069175,gaoxia629@126.com,15690319663,莆田,"期望岗位：软件测试工程师
期望城市：莆田
期望行业：互联网/信息技术/软件服务
期望薪资：6500-7000元",本科计算机应用技术专业应届毕业生，有0段软件测试工程师实习经验，掌握Postman技术栈，参与过实习项目开发，具备良好的代码规范与团队协作意识，能够快速上手业务，期望正式入职发展。,"广东技术师范大学 | 计算机应用技术 | 本科
毕业时间：2022年6月
核心课程：软件工程、计算机网络、机器学习、Java程序设计","【启明科技有限公司】 软件测试工程师（实习）
2019年9月 - 至今
    · 对接产品、测试团队，跟进需求落地与缺陷修复
    · 编写开发文档，沉淀技术规范，协助新人熟悉业务","■ 学生管理系统功能测试
  项目目标：对课程设计系统进行功能测试与缺陷提交
  个人职责：设计测试用例，执行黑盒测试
  项目成果：发现并提交8个功能缺陷

■ 网页兼容性测试实训
  项目目标：对多个网站进行浏览器兼容测试
  个人职责：制定测试方案，输出测试报告
  项目成果：覆盖5款主流浏览器","专业技能：测试用例设计、Postman、Python、性能测试、Appium、MySQL
相关证书：英语六级",有实习经验，熟悉开发基本流程，具备基础的项目实践能力；学习能力强，能够快速上手新业务新技术；工作踏实，责任心强，善于沟通协作，能够高效完成分配的工作任务。,本科 计算机应用技术 应届 毕业生 软件测试 工程师 实习 Postman 技术 实习 项目 开发 代码 规范 协作 上手 业务 正式 入职 发展,学生 管理系统 功能测试 课程设计 系统 功能测试 缺陷 提交 测试用例 执行 黑盒 测试 发现 提交 功能 缺陷 网页 兼容性 测试 实训 多个 网站 浏览器 兼容 测试 制定 测试 方案 测试报告 覆盖 主流 浏览器,启明 科技 软件测试 工程师 实习 至今 对接 产品 测试 跟进 需求 落地 缺陷 修复 编写 开发 文档 沉淀 技术规范 新人 熟悉业务,实习 开发 基本 流程 项目 实践 上手 业务 技术 责任心 善于 协作 高效 分配,测试用例设计 Postman Python 性能测试 Appium MySQL 英语六级,测试用例设计、Postman、Python、性能测试、Appium、MySQL,英语六级
朱红,女,17765031073,zhuhong2577@gmail.com,18755128316,龙岩,"期望岗位：软件测试工程师
期望城市：龙岩
期望行业：互联网/信息技术/软件服务
期望薪资：15000-16500元",3年软件测试工程师从业经验，精通缺陷管理技术架构，主导过中型项目从0到1落地，擅长技术方案设计与性能优化，曾推动核心模块技术重构，带来显著效率提升，具备跨部门协作与项目推进能力。,"中山大学 | 物联网工程 | 本科
毕业时间：2019年6月
核心课程：数字信号处理、数据库原理、算法设计与分析、机器学习","【易联互联网科技有限公司】 软件测试工程师
2025年10月 - 至今
    · 编写开发文档，沉淀技术规范，协助新人熟悉业务
    · 对接产品、测试团队，跟进需求落地与缺陷修复

【微远数据技术有限公司】 软件测试工程师
2024年11月 - 2025年6月
    · 编写开发文档，沉淀技术规范，协助新人熟悉业务
    · 承担分配模块的编码、测试与优化工作，保障系统稳定运行
    · 负责公司软件测试工程师相关业务的开发与维护，参与需求评审","■ 自动化测试框架搭建
  项目目标：提升回归测试效率，减少人工重复劳动
  个人职责：基于Selenium搭建UI自动化框架，编写核心模块测试脚本
  项目成果：回归测试周期从7天缩短至2天，覆盖率达85%

■ 电商平台功能测试
  项目目标：保障电商系统上线质量，覆盖全业务流程
  个人职责：设计测试用例，执行功能、回归测试，提交缺陷报告
  项目成果：发现并修复120+缺陷，上线后线上缺陷率低于0.5%","专业技能：缺陷管理、接口测试、Appium、测试用例设计、Postman、TestNG、性能测试、Selenium、Python、MySQL
相关证书：英语四级",拥有3年行业经验，技术视野开阔，具备方案设计与项目把控能力；逻辑清晰，善于定位并解决复杂技术问题；具备良好的团队管理与跨部门沟通能力，能够推动技术优化与业务落地；责任心强，追求技术与业务的平衡发展。,软件测试 工程师 从业 缺陷管理 技术 架构 主导 中型 项目 落地 擅长 技术 方案设计 性能 推动 核心 模块 技术 重构 带来 显著 效率 跨部门 协作 项目 推进,自动化 测试 框架 搭建 回归 测试 效率 减少 人工 重复劳动 基于 Selenium 搭建 UI 自动化 框架 编写 核心 模块 测试 脚本 回归 测试 周期 缩短 覆盖率 电商 平台 功能测试 保障 电商 系统 上线 质量 覆盖 业务流程 测试用例 执行 功能 回归 测试 提交 缺陷 报告 发现 修复 缺陷 上线 后线 缺陷率 低于,易联 互联网 科技 软件测试 工程师 至今 编写 开发 文档 沉淀 技术规范 新人 熟悉业务 对接 产品 测试 跟进 需求 落地 缺陷 修复 微远 数据 技术 软件测试 工程师 编写 开发 文档 沉淀 技术规范 新人 熟悉业务 分配 模块 编码 测试 保障系统 稳定 运行 软件测试 工程师 业务 开发 维护 需求 评审,技术 视野 开阔 方案设计 项目 逻辑 清晰 善于 定位 复杂 技术 管理 跨部门 推动 技术 业务 落地 责任心 追求 技术 业务 平衡 发展,缺陷管理 接口测试 Appium 测试用例设计 Postman TestNG 性能测试 Selenium Python MySQL 英语四级,缺陷管理、接口测试、Appium、测试用例设计、Postman、TestNG、性能测试、Selenium、Python、MySQL,英语四级
唐博文,男,18353127451,tangbowen659@qq.com,13502352002,嘉兴,"期望岗位：Java开发工程师
期望城市：嘉兴
期望行业：互联网/信息技术/软件服务
期望薪资：3500-6000元",本科物联网工程专业应届毕业生，掌握Git、Java基础技能，完成过课程设计与毕业项目，具备基础代码编写能力与问题排查思路，学习能力强，做事认真踏实，期望从事Java开发工程师相关工作。,"福建农林大学 | 物联网工程 | 本科
毕业时间：2022年6月
核心课程：数据库原理、数据结构、数字信号处理、操作系统","【校园实践】
    · 参与学校计算机协会技术部，负责协会网站日常维护
    · 协助老师完成实验室设备管理与系统环境搭建
    · 参与班级课程设计小组，担任后端开发角色","■ 学生成绩管理系统（课程设计）
  项目目标：实现学生信息、成绩、班级的增删改查管理
  个人职责：负责后端接口开发与数据库设计
  项目成果：完成基础功能，通过课程答辩","专业技能：SpringCloud、Redis、MySQL、Git、Java、MyBatis
相关证书：英语四级、红帽RHCE认证",应届毕业，具备扎实的专业基础知识与学习能力，能够快速掌握新技术；工作态度认真负责，有耐心，注重细节；具备良好的团队意识与沟通能力，能够积极配合团队完成任务；期望在工作中积累经验，快速成长。,本科 物联网工程 应届 毕业生 Git Java 课程设计 项目 代码 编写 排查 Java 开发 工程师,学生 成绩 管理系统 课程设计 学生 信息 成绩 班级 增删 改查 管理 后端 接口 开发 数据库 功能 答辩,学校 计算机 协会 技术部 协会 网站 维护 老师 实验室 设备 管理 系统 环境 搭建 班级 课程设计 小组 后端 开发 角色,应届 基础知识 技术 认真负责,SpringCloud Redis MySQL Git Java MyBatis 英语四级 红帽RHCE认证,SpringCloud、Redis、MySQL、Git、Java、MyBatis,英语四级、红帽RHCE认证
段娜,女,18090330777,duanna96@outlook.com,17713940815,常州,"期望岗位：后端开发工程师
期望城市：常州
期望行业：互联网/信息技术/软件服务
期望薪资：4500-7500元",本科数字媒体技术专业应届毕业生，有1段后端开发工程师实习经验，掌握Python技术栈，参与过实习项目开发，具备良好的代码规范与团队协作意识，能够快速上手业务，期望正式入职发展。,"苏州大学 | 数字媒体技术 | 本科
毕业时间：2021年6月
核心课程：数据结构、算法设计与分析、计算机网络、操作系统","【用友软件有限公司】 后端开发工程师（实习）
2025年10月 - 至今
    · 编写开发文档，沉淀技术规范，协助新人熟悉业务
    · 承担分配模块的编码、测试与优化工作，保障系统稳定运行","■ 简单论坛系统
  项目目标：实现帖子发布、回复、板块管理
  个人职责：负责后端服务开发与接口文档编写
  项目成果：支持百人同时在线访问

■ 图书管理系统后端
  项目目标：实现图书借阅、归还、用户管理功能
  个人职责：负责接口开发与数据库表结构设计
  项目成果：完成核心功能，支持1000条数据量","专业技能：微服务、Gin、K8s、Python、MySQL、Kafka、Java
相关证书：计算机一级、PMP项目管理专业人士",有实习经验，熟悉开发基本流程，具备基础的项目实践能力；学习能力强，能够快速上手新业务新技术；工作踏实，责任心强，善于沟通协作，能够高效完成分配的工作任务。,本科 数字媒体技术 应届 毕业生 后端 开发 工程师 实习 Python 技术 实习 项目 开发 代码 规范 协作 上手 业务 正式 入职 发展,简单 论坛 系统 帖子 发布 回复 板块 管理 后端 服务 开发 接口 文档 编写 百人 同时在线 访问 图书 管理系统 后端 图书 借阅 归还 用户 管理 功能 接口 开发 数据库 结构设计 核心 功能 数据量,用友 软件 后端 开发 工程师 实习 至今 编写 开发 文档 沉淀 技术规范 新人 熟悉业务 分配 模块 编码 测试 保障系统 稳定 运行,实习 开发 基本 流程 项目 实践 上手 业务 技术 责任心 善于 协作 高效 分配,微服务 Gin K8s Python MySQL Kafka Java 计算机一级 PMP项目管理专业人士,微服务、Gin、K8s、Python、MySQL、Kafka、Java,计算机一级、PMP项目管理专业人士
吴浩然,男,15259883194,wuhaoran421@126.com,18319299907,安庆,"期望岗位：软件测试工程师
期望城市：安庆
期望行业：互联网/信息技术/软件服务
期望薪资：8000-8500元",2年软件测试工程师工作经验，精通Postman、Appium技术栈，参与过完整项目迭代，能够独立完成模块开发与问题排查，注重代码质量与开发效率，具备良好的沟通协作能力。,"南昌大学 | 数字媒体技术 | 本科
毕业时间：2020年6月
核心课程：软件工程、操作系统、数据库原理、Python编程","【美图公司】 软件测试工程师
2025年5月 - 至今
    · 编写开发文档，沉淀技术规范，协助新人熟悉业务
    · 负责公司软件测试工程师相关业务的开发与维护，参与需求评审

【天擎互联网科技有限公司】 软件测试工程师
2024年2月 - 2025年4月
    · 承担分配模块的编码、测试与优化工作，保障系统稳定运行
    · 编写开发文档，沉淀技术规范，协助新人熟悉业务","■ 自动化测试框架搭建
  项目目标：提升回归测试效率，减少人工重复劳动
  个人职责：基于Selenium搭建UI自动化框架，编写核心模块测试脚本
  项目成果：回归测试周期从7天缩短至2天，覆盖率达85%

■ 电商平台功能测试
  项目目标：保障电商系统上线质量，覆盖全业务流程
  个人职责：设计测试用例，执行功能、回归测试，提交缺陷报告
  项目成果：发现并修复120+缺陷，上线后线上缺陷率低于0.5%","专业技能：接口测试、测试用例设计、Appium、MySQL、Selenium、Python、JMeter、TestNG
相关证书：MySQL数据库认证",拥有2年实际工作经验，技术功底扎实，熟悉完整开发流程；具备较强的问题解决能力，能够独立排查并解决常见技术问题；工作认真负责，注重团队协作，能够高效推进项目落地；持续学习，保持技术敏感度。,软件测试 工程师 Postman Appium 技术 完整 项目 迭代 独立 模块 开发 排查 代码 质量 开发 效率 协作,自动化 测试 框架 搭建 回归 测试 效率 减少 人工 重复劳动 基于 Selenium 搭建 UI 自动化 框架 编写 核心 模块 测试 脚本 回归 测试 周期 缩短 覆盖率 电商 平台 功能测试 保障 电商 系统 上线 质量 覆盖 业务流程 测试用例 执行 功能 回归 测试 提交 缺陷 报告 发现 修复 缺陷 上线 后线 缺陷率 低于,美图 软件测试 工程师 至今 编写 开发 文档 沉淀 技术规范 新人 熟悉业务 软件测试 工程师 业务 开发 维护 需求 评审 天擎 互联网 科技 软件测试 工程师 分配 模块 编码 测试 保障系统 稳定 运行 编写 开发 文档 沉淀 技术规范 新人 熟悉业务,实际 技术 功底 完整 开发 流程 独立 排查 常见 技术 认真负责 协作 高效 推进 项目 落地 持续 保持 技术 敏感度,接口测试 测试用例设计 Appium MySQL Selenium Python JMeter TestNG MySQL数据库认证,接口测试、测试用例设计、Appium、MySQL、Selenium、Python、JMeter、TestNG,MySQL数据库认证
萧萍,女,13664490776,xiaoping291@qq.com,wx_xiaoping_801,台州,"期望岗位：数据分析师
期望城市：台州
期望行业：互联网/信息技术/软件服务
期望薪资：7500-8000元",本科数字媒体技术专业应届毕业生，有1段数据分析师实习经验，掌握Python技术栈，参与过实习项目开发，具备良好的代码规范与团队协作意识，能够快速上手业务，期望正式入职发展。,"华南理工大学 | 数字媒体技术 | 本科
毕业时间：2021年6月
核心课程：机器学习、Java程序设计、数字信号处理、操作系统","【中软网络科技有限公司】 数据分析师（实习）
2025年2月 - 至今
    · 负责公司数据分析师相关业务的开发与维护，参与需求评审
    · 承担分配模块的编码、测试与优化工作，保障系统稳定运行
    · 对接产品、测试团队，跟进需求落地与缺陷修复","■ 电商公开数据爬取分析
  项目目标：采集公开电商商品数据并分析
  个人职责：数据爬取、清洗、价格销量分析
  项目成果：输出可视化分析图表

■ 学生成绩数据分析
  项目目标：对班级期末成绩进行统计分析
  个人职责：数据清洗、可视化图表制作、结论输出
  项目成果：输出分析报告，提出3点教学建议","专业技能：数据可视化、MySQL、Python、Tableau、用户分析、Excel
相关证书：MySQL数据库认证",有实习经验，熟悉开发基本流程，具备基础的项目实践能力；学习能力强，能够快速上手新业务新技术；工作踏实，责任心强，善于沟通协作，能够高效完成分配的工作任务。,本科 数字媒体技术 应届 毕业生 数据 分析师 实习 Python 技术 实习 项目 开发 代码 规范 协作 上手 业务 正式 入职 发展,电商 公开 数据 爬取 分析 采集 公开 电商 商品 数据 分析 数据 爬取 清洗 价格 销量 分析 可视化 分析 图表 学生 成绩 数据分析 班级 期末 成绩 统计分析 数据 清洗 可视化 图表 制作 结论 分析报告 提出 教学 建议,中软 网络科技 数据 分析师 实习 至今 数据 分析师 业务 开发 维护 需求 评审 分配 模块 编码 测试 保障系统 稳定 运行 对接 产品 测试 跟进 需求 落地 缺陷 修复,实习 开发 基本 流程 项目 实践 上手 业务 技术 责任心 善于 协作 高效 分配,数据可视化 MySQL Python Tableau 用户分析 Excel MySQL数据库认证,数据可视化、MySQL、Python、Tableau、用户分析、Excel,MySQL数据库认证
钱雯,女,13736538093,qianwen12@gmail.com,13458062377,无锡,"期望岗位：后端开发工程师
期望城市：无锡
期望行业：互联网/信息技术/软件服务
期望薪资：6500-10000元",2年后端开发工程师工作经验，精通SpringBoot、Java技术栈，参与过完整项目迭代，能够独立完成模块开发与问题排查，注重代码质量与开发效率，具备良好的沟通协作能力。,"广东轻工职业技术学院 | 软件技术 | 专科
毕业时间：2020年6月
核心课程：数字信号处理、操作系统、Java程序设计、数据库原理","【卓望互联网科技有限公司】 后端开发工程师
2025年6月 - 至今
    · 对接产品、测试团队，跟进需求落地与缺陷修复
    · 编写开发文档，沉淀技术规范，协助新人熟悉业务

【安硕软件有限公司】 后端开发工程师
2024年12月 - 2025年1月
    · 负责公司后端开发工程师相关业务的开发与维护，参与需求评审
    · 编写开发文档，沉淀技术规范，协助新人熟悉业务","■ 即时通讯服务开发
  项目目标：实现企业内部IM系统后端消息推送与存储
  个人职责：负责消息队列、离线消息、会话管理模块开发
  项目成果：支持万人同时在线，消息送达延迟低于100ms

■ 内容管理系统后端
  项目目标：搭建CMS系统后端服务，支持多站点内容发布
  个人职责：负责文章、栏目、权限模块接口开发，设计数据库表结构
  项目成果：支撑8个站点同时运营，内容发布效率提升3倍","专业技能：Java、微服务、Go、K8s、SpringBoot、Docker、Redis、PostgreSQL、Gin
相关证书：阿里云ACP云计算认证",拥有2年实际工作经验，技术功底扎实，熟悉完整开发流程；具备较强的问题解决能力，能够独立排查并解决常见技术问题；工作认真负责，注重团队协作，能够高效推进项目落地；持续学习，保持技术敏感度。,年后 开发 工程师 SpringBoot Java 技术 完整 项目 迭代 独立 模块 开发 排查 代码 质量 开发 效率 协作,即时通讯 服务 开发 企业 内部 IM 系统 后端 消息 推送 存储 消息 队列 离线 消息 会话 管理 模块 开发 万人 同时在线 消息 送达 延迟 低于 100ms 管理系统 后端 搭建 CMS 系统 后端 服务 站点 发布 文章 栏目 权限 模块接口 开发 数据库 结构 支撑 站点 运营 发布 效率,卓望 互联网 科技 后端 开发 工程师 至今 对接 产品 测试 跟进 需求 落地 缺陷 修复 编写 开发 文档 沉淀 技术规范 新人 熟悉业务 安硕 软件 后端 开发 工程师 后端 开发 工程师 业务 开发 维护 需求 评审 编写 开发 文档 沉淀 技术规范 新人 熟悉业务,实际 技术 功底 完整 开发 流程 独立 排查 常见 技术 认真负责 协作 高效 推进 项目 落地 持续 保持 技术 敏感度,Java 微服务 Go K8s SpringBoot Docker Redis PostgreSQL Gin 阿里云ACP云计算认证,Java、微服务、Go、K8s、SpringBoot、Docker、Redis、PostgreSQL、Gin,阿里云ACP云计算认证
曾颖,女,18316483603,zengying69@qq.com,18657825650,嘉兴,"期望岗位：Python开发工程师
期望城市：嘉兴
期望行业：互联网/信息技术/软件服务
期望薪资：7000-7500元",本科信息管理与信息系统专业应届毕业生，有1段Python开发工程师实习经验，掌握Redis技术栈，参与过实习项目开发，具备良好的代码规范与团队协作意识，能够快速上手业务，期望正式入职发展。,"中山大学 | 信息管理与信息系统 | 本科
毕业时间：2021年6月
核心课程：Python编程、计算机网络、算法设计与分析、数字信号处理","【锐捷网络科技有限公司】 Python开发工程师（实习）
2025年8月 - 至今
    · 编写开发文档，沉淀技术规范，协助新人熟悉业务
    · 对接产品、测试团队，跟进需求落地与缺陷修复","■ 简单爬虫脚本开发
  项目目标：爬取公开网站数据并入库
  个人职责：负责反爬处理、数据清洗、SQLite存储
  项目成果：日均采集数据1万条

■ 自动化办公脚本
  项目目标：批量处理Excel表格数据
  个人职责：实现数据合并、格式转换、自动统计
  项目成果：提升人工效率80%","专业技能：Linux、Celery、FastAPI、Python
相关证书：英语四级、英语六级",有实习经验，熟悉开发基本流程，具备基础的项目实践能力；学习能力强，能够快速上手新业务新技术；工作踏实，责任心强，善于沟通协作，能够高效完成分配的工作任务。,本科 信息管理与信息系统 应届 毕业生 Python 开发 工程师 实习 Redis 技术 实习 项目 开发 代码 规范 协作 上手 业务 正式 入职 发展,简单 爬虫 脚本 开发 爬取 公开 网站 数据 入库 反爬 处理 数据 清洗 SQL ite 存储 日均 采集 数据 万条 自动化 办公 脚本 批量 处理 Excel 表格 数据 数据 合并 格式 转换 自动 统计 人工效率,锐捷 网络科技 Python 开发 工程师 实习 至今 编写 开发 文档 沉淀 技术规范 新人 熟悉业务 对接 产品 测试 跟进 需求 落地 缺陷 修复,实习 开发 基本 流程 项目 实践 上手 业务 技术 责任心 善于 协作 高效 分配,Linux Celery FastAPI Python 英语四级 英语六级,Linux、Celery、FastAPI、Python,英语四级、英语六级
孙娜,女,13388008155,sunna539@outlook.com,15275477125,苏州,"期望岗位：后端开发工程师
期望城市：苏州
期望行业：互联网/信息技术/软件服务
期望薪资：24500-29500元",8年后端开发工程师资深经验，精通全链路技术架构，具备团队技术规划与方案设计能力，主导过多个大型项目重构与升级，在高并发/系统稳定性领域有深厚积累，能够带领团队攻克技术难题，驱动业务技术升级。,"中山大学 | 计算机应用技术 | 本科
毕业时间：2014年6月
核心课程：软件工程、操作系统、算法设计与分析、机器学习","【云创网络科技有限公司】 后端开发工程师
2024年10月 - 至今
    · 承担分配模块的编码、测试与优化工作，保障系统稳定运行
    · 对接产品、测试团队，跟进需求落地与缺陷修复
    · 负责公司后端开发工程师相关业务的开发与维护，参与需求评审

【数聚信息技术有限公司】 后端开发工程师
2022年1月 - 2024年11月
    · 承担分配模块的编码、测试与优化工作，保障系统稳定运行
    · 对接产品、测试团队，跟进需求落地与缺陷修复

【合众互联网科技有限公司】 后端开发工程师
2020年2月 - 2022年9月
    · 对接产品、测试团队，跟进需求落地与缺陷修复
    · 承担分配模块的编码、测试与优化工作，保障系统稳定运行
    · 编写开发文档，沉淀技术规范，协助新人熟悉业务","■ 即时通讯服务开发
  项目目标：实现企业内部IM系统后端消息推送与存储
  个人职责：负责消息队列、离线消息、会话管理模块开发
  项目成果：支持万人同时在线，消息送达延迟低于100ms

■ 内容管理系统后端
  项目目标：搭建CMS系统后端服务，支持多站点内容发布
  个人职责：负责文章、栏目、权限模块接口开发，设计数据库表结构
  项目成果：支撑8个站点同时运营，内容发布效率提升3倍","专业技能：Docker、Gin、Redis、Go、MySQL、K8s
相关证书：华为HCIA认证、软件设计师（中级）",拥有8年行业经验，技术视野开阔，具备方案设计与项目把控能力；逻辑清晰，善于定位并解决复杂技术问题；具备良好的团队管理与跨部门沟通能力，能够推动技术优化与业务落地；责任心强，追求技术与业务的平衡发展。,年后 开发 工程师 资深 链路 技术 架构 技术 规划 方案设计 主导 多个 大型项目 重构 升级 并发 系统 稳定性 领域 深厚 带领 攻克 技术难题 驱动 业务 技术升级,即时通讯 服务 开发 企业 内部 IM 系统 后端 消息 推送 存储 消息 队列 离线 消息 会话 管理 模块 开发 万人 同时在线 消息 送达 延迟 低于 100ms 管理系统 后端 搭建 CMS 系统 后端 服务 站点 发布 文章 栏目 权限 模块接口 开发 数据库 结构 支撑 站点 运营 发布 效率,云创 网络科技 后端 开发 工程师 至今 分配 模块 编码 测试 保障系统 稳定 运行 对接 产品 测试 跟进 需求 落地 缺陷 修复 后端 开发 工程师 业务 开发 维护 需求 评审 数聚 信息技术 后端 开发 工程师 分配 模块 编码 测试 保障系统 稳定 运行 对接 产品 测试 跟进 需求 落地 缺陷 修复 合众 互联网 科技 后端 开发 工程师 对接 产品 测试 跟进 需求 落地 缺陷 修复 分配 模块 编码 测试 保障系统 稳定 运行 编写 开发 文档 沉淀 技术规范 新人 熟悉业务,技术 视野 开阔 方案设计 项目 逻辑 清晰 善于 定位 复杂 技术 管理 跨部门 推动 技术 业务 落地 责任心 追求 技术 业务 平衡 发展,Docker Gin Redis Go MySQL K8s 华为HCIA认证 软件 设计师 中级,Docker、Gin、Redis、Go、MySQL、K8s,华为HCIA认证、软件设计师（中级）
贺鑫,男,15730227135,hexin03@126.com,wx_hexin_608,宁德,"期望岗位：后端开发工程师
期望城市：宁德
期望行业：互联网/信息技术/软件服务
期望薪资：3500-4500元",专科计算机科学与技术专业应届毕业生，掌握PostgreSQL、Kafka基础技能，完成过课程设计与毕业项目，具备基础代码编写能力与问题排查思路，学习能力强，做事认真踏实，期望从事后端开发工程师相关工作。,"厦门海洋职业技术学院 | 计算机科学与技术 | 专科
毕业时间：2022年6月
核心课程：数字信号处理、软件工程、算法设计与分析、操作系统","【校园实践】
    · 参与学校计算机协会技术部，负责协会网站日常维护
    · 协助老师完成实验室设备管理与系统环境搭建
    · 参与班级课程设计小组，担任后端开发角色","■ 图书管理系统后端
  项目目标：实现图书借阅、归还、用户管理功能
  个人职责：负责接口开发与数据库表结构设计
  项目成果：完成核心功能，支持1000条数据量","专业技能：K8s、MySQL、PostgreSQL、Kafka、Docker、Java、Gin
相关证书：英语四级",应届毕业，具备扎实的专业基础知识与学习能力，能够快速掌握新技术；工作态度认真负责，有耐心，注重细节；具备良好的团队意识与沟通能力，能够积极配合团队完成任务；期望在工作中积累经验，快速成长。,专科 计算机科学与技术 应届 毕业生 PostgreSQL Kafka 课程设计 项目 代码 编写 排查 后端 开发 工程师,图书 管理系统 后端 图书 借阅 归还 用户 管理 功能 接口 开发 数据库 结构设计 核心 功能 数据量,学校 计算机 协会 技术部 协会 网站 维护 老师 实验室 设备 管理 系统 环境 搭建 班级 课程设计 小组 后端 开发 角色,应届 基础知识 技术 认真负责,K8s MySQL PostgreSQL Kafka Docker Java Gin 英语四级,K8s、MySQL、PostgreSQL、Kafka、Docker、Java、Gin,英语四级
邱鹏,男,13381367504,qiupeng3813@163.com,18302911797,芜湖,"期望岗位：软件测试工程师
期望城市：芜湖
期望行业：互联网/信息技术/软件服务
期望薪资：8500-11500元",2年软件测试工程师工作经验，精通TestNG、Appium技术栈，参与过完整项目迭代，能够独立完成模块开发与问题排查，注重代码质量与开发效率，具备良好的沟通协作能力。,"浙江万里学院 | 数据科学与大数据技术 | 本科
毕业时间：2020年6月
核心课程：数据库原理、Python编程、算法设计与分析、操作系统","【易联软件有限公司】 软件测试工程师
2025年8月 - 至今
    · 负责公司软件测试工程师相关业务的开发与维护，参与需求评审
    · 对接产品、测试团队，跟进需求落地与缺陷修复

【卓望科技有限公司】 软件测试工程师
2024年10月 - 2025年2月
    · 负责公司软件测试工程师相关业务的开发与维护，参与需求评审
    · 承担分配模块的编码、测试与优化工作，保障系统稳定运行
    · 编写开发文档，沉淀技术规范，协助新人熟悉业务","■ 电商平台功能测试
  项目目标：保障电商系统上线质量，覆盖全业务流程
  个人职责：设计测试用例，执行功能、回归测试，提交缺陷报告
  项目成果：发现并修复120+缺陷，上线后线上缺陷率低于0.5%

■ 自动化测试框架搭建
  项目目标：提升回归测试效率，减少人工重复劳动
  个人职责：基于Selenium搭建UI自动化框架，编写核心模块测试脚本
  项目成果：回归测试周期从7天缩短至2天，覆盖率达85%","专业技能：缺陷管理、MySQL、Postman、Selenium、接口测试、测试用例设计、TestNG、性能测试
相关证书：英语六级",拥有2年实际工作经验，技术功底扎实，熟悉完整开发流程；具备较强的问题解决能力，能够独立排查并解决常见技术问题；工作认真负责，注重团队协作，能够高效推进项目落地；持续学习，保持技术敏感度。,软件测试 工程师 TestNG Appium 技术 完整 项目 迭代 独立 模块 开发 排查 代码 质量 开发 效率 协作,电商 平台 功能测试 保障 电商 系统 上线 质量 覆盖 业务流程 测试用例 执行 功能 回归 测试 提交 缺陷 报告 发现 修复 缺陷 上线 后线 缺陷率 低于 自动化 测试 框架 搭建 回归 测试 效率 减少 人工 重复劳动 基于 Selenium 搭建 UI 自动化 框架 编写 核心 模块 测试 脚本 回归 测试 周期 缩短 覆盖率,易联 软件 软件测试 工程师 至今 软件测试 工程师 业务 开发 维护 需求 评审 对接 产品 测试 跟进 需求 落地 缺陷 修复 卓望 科技 软件测试 工程师 软件测试 工程师 业务 开发 维护 需求 评审 分配 模块 编码 测试 保障系统 稳定 运行 编写 开发 文档 沉淀 技术规范 新人 熟悉业务,实际 技术 功底 完整 开发 流程 独立 排查 常见 技术 认真负责 协作 高效 推进 项目 落地 持续 保持 技术 敏感度,缺陷管理 MySQL Postman Selenium 接口测试 测试用例设计 TestNG 性能测试 英语六级,缺陷管理、MySQL、Postman、Selenium、接口测试、测试用例设计、TestNG、性能测试,英语六级
史慧,女,17661803295,shihui14@qq.com,wx_shihui_141,福州,"期望岗位：前端开发工程师
期望城市：福州
期望行业：互联网/信息技术/软件服务
期望薪资：7000-8000元",专科软件技术专业应届毕业生，有1段前端开发工程师实习经验，掌握移动端适配技术栈，参与过实习项目开发，具备良好的代码规范与团队协作意识，能够快速上手业务，期望正式入职发展。,"苏州职业大学 | 软件技术 | 专科
毕业时间：2021年6月
核心课程：数字信号处理、机器学习、软件工程、算法设计与分析","【数聚软件有限公司】 前端开发工程师（实习）
2025年1月 - 至今
    · 编写开发文档，沉淀技术规范，协助新人熟悉业务
    · 负责公司前端开发工程师相关业务的开发与维护，参与需求评审
    · 承担分配模块的编码、测试与优化工作，保障系统稳定运行","■ 个人博客系统（课程作业）
  项目目标：开发个人博客前端页面，实现文章展示与评论
  个人职责：负责页面布局、交互效果、接口联调
  项目成果：完成响应式页面，兼容多浏览器

■ 校园社团官网（实训项目）
  项目目标：为学校社团开发官方展示网站
  个人职责：负责首页、新闻页、成员页开发
  项目成果：上线后访问量累计5000+","专业技能：Vite、Axios、HTML5、Element UI、Webpack、Vue、CSS3
相关证书：计算机二级",有实习经验，熟悉开发基本流程，具备基础的项目实践能力；学习能力强，能够快速上手新业务新技术；工作踏实，责任心强，善于沟通协作，能够高效完成分配的工作任务。,专科 软件技术 应届 毕业生 前端开发 工程师 实习 移动端适配 技术 实习 项目 开发 代码 规范 协作 上手 业务 正式 入职 发展,博客 系统 作业 开发 博客 前端 页面 文章 展示 评论 页面 布局 交互 效果 接口 联调 响应 页面 兼容 浏览器 社团 官网 实训 项目 学校 社团 开发 官方 展示 网站 首页 新闻页 成员 开发 上线 访问量 累计,数聚 软件 前端开发 工程师 实习 至今 编写 开发 文档 沉淀 技术规范 新人 熟悉业务 前端开发 工程师 业务 开发 维护 需求 评审 分配 模块 编码 测试 保障系统 稳定 运行,实习 开发 基本 流程 项目 实践 上手 业务 技术 责任心 善于 协作 高效 分配,Vite Axios HTML5 Element UI Webpack Vue CSS3 计算机二级,Vite、Axios、HTML5、Element UI、Webpack、Vue、CSS3,计算机二级
覃鑫,男,15129137076,qinxin4482@126.com,13443811945,温州,"期望岗位：运维工程师
期望城市：温州
期望行业：互联网/信息技术/软件服务
期望薪资：面议",3年运维工程师工作经验，精通Zabbix、Docker技术栈，参与过完整项目迭代，能够独立完成模块开发与问题排查，注重代码质量与开发效率，具备良好的沟通协作能力。,"苏州大学 | 电子信息工程 | 本科
毕业时间：2019年6月
核心课程：机器学习、Java程序设计、软件工程、数据库原理","【汇智信息技术有限公司】 运维工程师
2025年10月 - 至今
    · 负责公司运维工程师相关业务的开发与维护，参与需求评审
    · 编写开发文档，沉淀技术规范，协助新人熟悉业务
    · 承担分配模块的编码、测试与优化工作，保障系统稳定运行

【东软软件有限公司】 运维工程师
2024年3月 - 2025年12月
    · 对接产品、测试团队，跟进需求落地与缺陷修复
    · 承担分配模块的编码、测试与优化工作，保障系统稳定运行","■ 服务器集群运维优化
  项目目标：提升服务器集群稳定性，降低故障发生率
  个人职责：负责日常巡检、故障排查，优化监控告警规则与分级策略
  项目成果：服务器故障率下降60%，平均故障响应时间缩短至15分钟

■ CI/CD自动化流水线
  项目目标：实现代码自动化构建、测试、部署，提升发布效率
  个人职责：基于Jenkins搭建持续集成流水线，配置Docker容器化部署
  项目成果：发布周期从每周1次提升至每天3次，部署失误率降为0","专业技能：Ansible、Prometheus、Docker、Linux、Jenkins、Zabbix、MySQL、Kubernetes、Nginx、Shell
相关证书：华为HCIA认证",拥有3年实际工作经验，技术功底扎实，熟悉完整开发流程；具备较强的问题解决能力，能够独立排查并解决常见技术问题；工作认真负责，注重团队协作，能够高效推进项目落地；持续学习，保持技术敏感度。,运维 工程师 Zabbix Docker 技术 完整 项目 迭代 独立 模块 开发 排查 代码 质量 开发 效率 协作,服务器 集群 运维 服务器 集群 稳定性 降低 故障 发生率 巡检 故障 排查 监控 告警 规则 分级 策略 服务器 故障率 下降 平均 故障 响应 时间 缩短 分钟 CI CD 自动化 流水线 代码 自动化 构建 测试 部署 发布 效率 基于 Jenkins 搭建 持续 集成 流水线 配置 Docker 容器 部署 发布 周期 每周 每天 部署 失误 降为,汇智 信息技术 运维 工程师 至今 运维 工程师 业务 开发 维护 需求 评审 编写 开发 文档 沉淀 技术规范 新人 熟悉业务 分配 模块 编码 测试 保障系统 稳定 运行 东软 软件 运维 工程师 对接 产品 测试 跟进 需求 落地 缺陷 修复 分配 模块 编码 测试 保障系统 稳定 运行,实际 技术 功底 完整 开发 流程 独立 排查 常见 技术 认真负责 协作 高效 推进 项目 落地 持续 保持 技术 敏感度,Ansible Prometheus Docker Linux Jenkins Zabbix MySQL Kubernetes Nginx Shell 华为HCIA认证,Ansible、Prometheus、Docker、Linux、Jenkins、Zabbix、MySQL、Kubernetes、Nginx、Shell,华为HCIA认证
陆辉,男,13373601073,luhui292@163.com,wx_luhui_139,苏州,"期望岗位：算法工程师
期望城市：苏州
期望行业：互联网/信息技术/软件服务
期望薪资：4000-7500元",本科软件技术专业应届毕业生，有1段算法工程师实习经验，掌握推荐算法技术栈，参与过实习项目开发，具备良好的代码规范与团队协作意识，能够快速上手业务，期望正式入职发展。,"华南理工大学 | 软件技术 | 本科
毕业时间：2021年6月
核心课程：操作系统、数据结构、Java程序设计、数据库原理","【小米（南京分公司）】 算法工程师（实习）
2025年5月 - 至今
    · 对接产品、测试团队，跟进需求落地与缺陷修复
    · 编写开发文档，沉淀技术规范，协助新人熟悉业务
    · 负责公司算法工程师相关业务的开发与维护，参与需求评审","■ 电影推荐系统（毕设）
  项目目标：基于协同过滤实现简单电影推荐
  个人职责：数据处理、模型实现、效果验证
  项目成果：召回准确率达到75%

■ 手写数字识别（课程作业）
  项目目标：基于MNIST数据集实现手写数字识别
  个人职责：使用CNN搭建模型，训练与调优
  项目成果：识别准确率达到92%","专业技能：算法优化、特征工程、TensorFlow、推荐算法、Python
相关证书：系统架构设计师",有实习经验，熟悉开发基本流程，具备基础的项目实践能力；学习能力强，能够快速上手新业务新技术；工作踏实，责任心强，善于沟通协作，能够高效完成分配的工作任务。,本科 软件技术 应届 毕业生 算法 工程师 实习 推荐算法 技术 实习 项目 开发 代码 规范 协作 上手 业务 正式 入职 发展,电影 推荐 系统 毕设 基于 协同 过滤 简单 电影 推荐 数据处理 模型 效果 验证 召回 准确率 达到 手写 数字 识别 作业 基于 MNIST 数据 手写 数字 识别 CNN 搭建 模型 训练 调优 识别 准确率 达到,小米 南京 分公司 算法 工程师 实习 至今 对接 产品 测试 跟进 需求 落地 缺陷 修复 编写 开发 文档 沉淀 技术规范 新人 熟悉业务 算法 工程师 业务 开发 维护 需求 评审,实习 开发 基本 流程 项目 实践 上手 业务 技术 责任心 善于 协作 高效 分配,算法优化 特征工程 TensorFlow 推荐算法 Python 系统架构设计师,算法优化、特征工程、TensorFlow、推荐算法、Python,系统架构设计师
范茜,女,13571894648,fanxi2533@163.com,wx_fanxi_350,无锡,"期望岗位：后端开发工程师
期望城市：无锡
期望行业：互联网/信息技术/软件服务
期望薪资：7500-8000元",专科物联网工程专业应届毕业生，有0段后端开发工程师实习经验，掌握Redis技术栈，参与过实习项目开发，具备良好的代码规范与团队协作意识，能够快速上手业务，期望正式入职发展。,"广东轻工职业技术学院 | 物联网工程 | 专科
毕业时间：2022年6月
核心课程：计算机网络、算法设计与分析、数字信号处理、Java程序设计","【中软软件有限公司】 后端开发工程师（实习）
2018年4月 - 至今
    · 编写开发文档，沉淀技术规范，协助新人熟悉业务
    · 负责公司后端开发工程师相关业务的开发与维护，参与需求评审","■ 图书管理系统后端
  项目目标：实现图书借阅、归还、用户管理功能
  个人职责：负责接口开发与数据库表结构设计
  项目成果：完成核心功能，支持1000条数据量

■ 简单论坛系统
  项目目标：实现帖子发布、回复、板块管理
  个人职责：负责后端服务开发与接口文档编写
  项目成果：支持百人同时在线访问","专业技能：Java、K8s、Redis、SpringBoot
相关证书：红帽RHCE认证、系统架构设计师",有实习经验，熟悉开发基本流程，具备基础的项目实践能力；学习能力强，能够快速上手新业务新技术；工作踏实，责任心强，善于沟通协作，能够高效完成分配的工作任务。,专科 物联网工程 应届 毕业生 后端 开发 工程师 实习 Redis 技术 实习 项目 开发 代码 规范 协作 上手 业务 正式 入职 发展,图书 管理系统 后端 图书 借阅 归还 用户 管理 功能 接口 开发 数据库 结构设计 核心 功能 数据量 简单 论坛 系统 帖子 发布 回复 板块 管理 后端 服务 开发 接口 文档 编写 百人 同时在线 访问,中软 软件 后端 开发 工程师 实习 至今 编写 开发 文档 沉淀 技术规范 新人 熟悉业务 后端 开发 工程师 业务 开发 维护 需求 评审,实习 开发 基本 流程 项目 实践 上手 业务 技术 责任心 善于 协作 高效 分配,Java K8s Redis SpringBoot 红帽RHCE认证 系统架构设计师,Java、K8s、Redis、SpringBoot,红帽RHCE认证、系统架构设计师
冯紫涵,女,18347681448,feng紫han9418@126.com,15503060317,漳州,"期望岗位：数据分析师
期望城市：漳州
期望行业：互联网/信息技术/软件服务
期望薪资：6500-7500元",3年数据分析师工作经验，精通数据可视化、NumPy技术栈，参与过完整项目迭代，能够独立完成模块开发与问题排查，注重代码质量与开发效率，具备良好的沟通协作能力。,"厦门海洋职业技术学院 | 软件工程 | 专科
毕业时间：2019年6月
核心课程：数字信号处理、数据库原理、Java程序设计、Python编程","【东软软件有限公司】 数据分析师
2025年7月 - 至今
    · 对接产品、测试团队，跟进需求落地与缺陷修复
    · 承担分配模块的编码、测试与优化工作，保障系统稳定运行
    · 负责公司数据分析师相关业务的开发与维护，参与需求评审

【合众数据技术有限公司】 数据分析师
2024年7月 - 2025年8月
    · 负责公司数据分析师相关业务的开发与维护，参与需求评审
    · 承担分配模块的编码、测试与优化工作，保障系统稳定运行","■ 用户行为分析看板
  项目目标：构建用户行为数据体系，支撑运营决策
  个人职责：负责数据清洗、指标体系搭建，输出可视化运营报表
  项目成果：输出15+核心运营指标，支撑每月3次运营优化，用户留存率提升8%

■ 销售数据预测建模
  项目目标：基于历史数据预测销量，指导库存与备货
  个人职责：数据预处理，构建时间序列预测模型，输出月度预测报告
  项目成果：预测准确率达89%，库存周转效率提升25%","专业技能：统计学、NumPy、Python、Excel、Pandas、SQL、Tableau
相关证书：华为HCIA认证",拥有3年实际工作经验，技术功底扎实，熟悉完整开发流程；具备较强的问题解决能力，能够独立排查并解决常见技术问题；工作认真负责，注重团队协作，能够高效推进项目落地；持续学习，保持技术敏感度。,数据 分析师 数据可视化 NumPy 技术 完整 项目 迭代 独立 模块 开发 排查 代码 质量 开发 效率 协作,用户 行为 分析 看板 构建 用户 行为 数据 体系 支撑 运营 决策 数据 清洗 指标体系 搭建 可视化 运营 报表 核心 运营 指标 支撑 每月 运营 用户 留存 销售 数据 预测 建模 基于 历史数据 预测 销量 指导 库存 备货 数据 预处理 构建 时间 序列 预测 模型 月度 预测 报告 预测 准确率 库存 周转 效率,东软 软件 数据 分析师 至今 对接 产品 测试 跟进 需求 落地 缺陷 修复 分配 模块 编码 测试 保障系统 稳定 运行 数据 分析师 业务 开发 维护 需求 评审 合众 数据 技术 数据 分析师 数据 分析师 业务 开发 维护 需求 评审 分配 模块 编码 测试 保障系统 稳定 运行,实际 技术 功底 完整 开发 流程 独立 排查 常见 技术 认真负责 协作 高效 推进 项目 落地 持续 保持 技术 敏感度,统计学 NumPy Python Excel Pandas SQL Tableau 华为HCIA认证,统计学、NumPy、Python、Excel、Pandas、SQL、Tableau,华为HCIA认证
郝俊熙,男,15787121741,haojunxi64@outlook.com,wx_haojunxi_805,厦门,"期望岗位：软件测试工程师
期望城市：厦门
期望行业：互联网/信息技术/软件服务
期望薪资：3500-5000元",本科通信工程专业应届毕业生，掌握Python、MySQL基础技能，完成过课程设计与毕业项目，具备基础代码编写能力与问题排查思路，学习能力强，做事认真踏实，期望从事软件测试工程师相关工作。,"浙江万里学院 | 通信工程 | 本科
毕业时间：2022年6月
核心课程：数据结构、操作系统、数字信号处理、机器学习","【校园实践】
    · 参与学校计算机协会技术部，负责协会网站日常维护
    · 协助老师完成实验室设备管理与系统环境搭建
    · 参与班级课程设计小组，担任后端开发角色","■ 学生管理系统功能测试
  项目目标：对课程设计系统进行功能测试与缺陷提交
  个人职责：设计测试用例，执行黑盒测试
  项目成果：发现并提交8个功能缺陷","专业技能：TestNG、Python、测试用例设计、接口测试、JMeter、缺陷管理
相关证书：英语四级、红帽RHCE认证、英语六级",应届毕业，具备扎实的专业基础知识与学习能力，能够快速掌握新技术；工作态度认真负责，有耐心，注重细节；具备良好的团队意识与沟通能力，能够积极配合团队完成任务；期望在工作中积累经验，快速成长。,本科 通信工程 应届 毕业生 Python MySQL 课程设计 项目 代码 编写 排查 软件测试 工程师,学生 管理系统 功能测试 课程设计 系统 功能测试 缺陷 提交 测试用例 执行 黑盒 测试 发现 提交 功能 缺陷,学校 计算机 协会 技术部 协会 网站 维护 老师 实验室 设备 管理 系统 环境 搭建 班级 课程设计 小组 后端 开发 角色,应届 基础知识 技术 认真负责,TestNG Python 测试用例设计 接口测试 JMeter 缺陷管理 英语四级 红帽RHCE认证 英语六级,TestNG、Python、测试用例设计、接口测试、JMeter、缺陷管理,英语四级、红帽RHCE认证、英语六级
胡佳,女,17796742771,hujia515@outlook.com,wx_hujia_852,常州,"期望岗位：运维工程师
期望城市：常州
期望行业：互联网/信息技术/软件服务
期望薪资：13500-18000元",4年运维工程师从业经验，精通Nginx技术架构，主导过中型项目从0到1落地，擅长技术方案设计与性能优化，曾推动核心模块技术重构，带来显著效率提升，具备跨部门协作与项目推进能力。,"南京理工大学 | 数据科学与大数据技术 | 本科
毕业时间：2018年6月
核心课程：软件工程、数字信号处理、数据库原理、算法设计与分析","【微远软件有限公司】 运维工程师
2024年12月 - 至今
    · 对接产品、测试团队，跟进需求落地与缺陷修复
    · 编写开发文档，沉淀技术规范，协助新人熟悉业务

【博思数据技术有限公司】 运维工程师
2022年1月 - 2024年11月
    · 承担分配模块的编码、测试与优化工作，保障系统稳定运行
    · 负责公司运维工程师相关业务的开发与维护，参与需求评审
    · 编写开发文档，沉淀技术规范，协助新人熟悉业务","■ 服务器集群运维优化
  项目目标：提升服务器集群稳定性，降低故障发生率
  个人职责：负责日常巡检、故障排查，优化监控告警规则与分级策略
  项目成果：服务器故障率下降60%，平均故障响应时间缩短至15分钟

■ CI/CD自动化流水线
  项目目标：实现代码自动化构建、测试、部署，提升发布效率
  个人职责：基于Jenkins搭建持续集成流水线，配置Docker容器化部署
  项目成果：发布周期从每周1次提升至每天3次，部署失误率降为0","专业技能：Ansible、网络运维、Jenkins、Docker、MySQL、Nginx、Shell
相关证书：无",拥有4年行业经验，技术视野开阔，具备方案设计与项目把控能力；逻辑清晰，善于定位并解决复杂技术问题；具备良好的团队管理与跨部门沟通能力，能够推动技术优化与业务落地；责任心强，追求技术与业务的平衡发展。,运维 工程师 从业 Nginx 技术 架构 主导 中型 项目 落地 擅长 技术 方案设计 性能 推动 核心 模块 技术 重构 带来 显著 效率 跨部门 协作 项目 推进,服务器 集群 运维 服务器 集群 稳定性 降低 故障 发生率 巡检 故障 排查 监控 告警 规则 分级 策略 服务器 故障率 下降 平均 故障 响应 时间 缩短 分钟 CI CD 自动化 流水线 代码 自动化 构建 测试 部署 发布 效率 基于 Jenkins 搭建 持续 集成 流水线 配置 Docker 容器 部署 发布 周期 每周 每天 部署 失误 降为,微远 软件 运维 工程师 至今 对接 产品 测试 跟进 需求 落地 缺陷 修复 编写 开发 文档 沉淀 技术规范 新人 熟悉业务 博思 数据 技术 运维 工程师 分配 模块 编码 测试 保障系统 稳定 运行 运维 工程师 业务 开发 维护 需求 评审 编写 开发 文档 沉淀 技术规范 新人 熟悉业务,技术 视野 开阔 方案设计 项目 逻辑 清晰 善于 定位 复杂 技术 管理 跨部门 推动 技术 业务 落地 责任心 追求 技术 业务 平衡 发展,Ansible 网络运维 Jenkins Docker MySQL Nginx Shell,Ansible、网络运维、Jenkins、Docker、MySQL、Nginx、Shell,
陈俊,男,15575964027,chenjun581@gmail.com,wx_chenjun_232,南京,"期望岗位：数据分析师
期望城市：南京
期望行业：互联网/信息技术/软件服务
期望薪资：面议",2年数据分析师工作经验，精通Excel、MySQL技术栈，参与过完整项目迭代，能够独立完成模块开发与问题排查，注重代码质量与开发效率，具备良好的沟通协作能力。,"厦门理工学院 | 软件工程 | 本科
毕业时间：2020年6月
核心课程：数据结构、Python编程、数据库原理、算法设计与分析","【亿联网络】 数据分析师
2025年2月 - 至今
    · 负责公司数据分析师相关业务的开发与维护，参与需求评审
    · 承担分配模块的编码、测试与优化工作，保障系统稳定运行

【锐捷互联网科技有限公司】 数据分析师
2024年3月 - 2025年4月
    · 承担分配模块的编码、测试与优化工作，保障系统稳定运行
    · 编写开发文档，沉淀技术规范，协助新人熟悉业务
    · 负责公司数据分析师相关业务的开发与维护，参与需求评审","■ 销售数据预测建模
  项目目标：基于历史数据预测销量，指导库存与备货
  个人职责：数据预处理，构建时间序列预测模型，输出月度预测报告
  项目成果：预测准确率达89%，库存周转效率提升25%

■ 用户行为分析看板
  项目目标：构建用户行为数据体系，支撑运营决策
  个人职责：负责数据清洗、指标体系搭建，输出可视化运营报表
  项目成果：输出15+核心运营指标，支撑每月3次运营优化，用户留存率提升8%","专业技能：Python、用户分析、Power BI、Tableau、Excel、SQL
相关证书：计算机二级",拥有2年实际工作经验，技术功底扎实，熟悉完整开发流程；具备较强的问题解决能力，能够独立排查并解决常见技术问题；工作认真负责，注重团队协作，能够高效推进项目落地；持续学习，保持技术敏感度。,数据 分析师 Excel MySQL 技术 完整 项目 迭代 独立 模块 开发 排查 代码 质量 开发 效率 协作,销售 数据 预测 建模 基于 历史数据 预测 销量 指导 库存 备货 数据 预处理 构建 时间 序列 预测 模型 月度 预测 报告 预测 准确率 库存 周转 效率 用户 行为 分析 看板 构建 用户 行为 数据 体系 支撑 运营 决策 数据 清洗 指标体系 搭建 可视化 运营 报表 核心 运营 指标 支撑 每月 运营 用户 留存,联网络 数据 分析师 至今 数据 分析师 业务 开发 维护 需求 评审 分配 模块 编码 测试 保障系统 稳定 运行 锐捷 互联网 科技 数据 分析师 分配 模块 编码 测试 保障系统 稳定 运行 编写 开发 文档 沉淀 技术规范 新人 熟悉业务 数据 分析师 业务 开发 维护 需求 评审,实际 技术 功底 完整 开发 流程 独立 排查 常见 技术 认真负责 协作 高效 推进 项目 落地 持续 保持 技术 敏感度,Python 用户分析 Power BI Tableau Excel SQL 计算机二级,Python、用户分析、Power BI、Tableau、Excel、SQL,计算机二级
郭静,女,18868777145,guojing954@126.com,wx_guojing_410,宁波,"期望岗位：数据分析师
期望城市：宁波
期望行业：互联网/信息技术/软件服务
期望薪资：14500-17000元",4年数据分析师从业经验，精通用户分析技术架构，主导过中型项目从0到1落地，擅长技术方案设计与性能优化，曾推动核心模块技术重构，带来显著效率提升，具备跨部门协作与项目推进能力。,"厦门大学 | 网络工程 | 本科
毕业时间：2018年6月
核心课程：算法设计与分析、Java程序设计、数据库原理、机器学习","【美图公司】 数据分析师
2024年8月 - 至今
    · 对接产品、测试团队，跟进需求落地与缺陷修复
    · 负责公司数据分析师相关业务的开发与维护，参与需求评审
    · 承担分配模块的编码、测试与优化工作，保障系统稳定运行

【锐捷软件有限公司】 数据分析师
2022年12月 - 2024年9月
    · 负责公司数据分析师相关业务的开发与维护，参与需求评审
    · 编写开发文档，沉淀技术规范，协助新人熟悉业务
    · 承担分配模块的编码、测试与优化工作，保障系统稳定运行","■ 用户行为分析看板
  项目目标：构建用户行为数据体系，支撑运营决策
  个人职责：负责数据清洗、指标体系搭建，输出可视化运营报表
  项目成果：输出15+核心运营指标，支撑每月3次运营优化，用户留存率提升8%

■ 销售数据预测建模
  项目目标：基于历史数据预测销量，指导库存与备货
  个人职责：数据预处理，构建时间序列预测模型，输出月度预测报告
  项目成果：预测准确率达89%，库存周转效率提升25%","专业技能：MySQL、Tableau、统计学、SQL、用户分析、Python、Power BI
相关证书：无",拥有4年行业经验，技术视野开阔，具备方案设计与项目把控能力；逻辑清晰，善于定位并解决复杂技术问题；具备良好的团队管理与跨部门沟通能力，能够推动技术优化与业务落地；责任心强，追求技术与业务的平衡发展。,数据 分析师 从业 用户分析 技术 架构 主导 中型 项目 落地 擅长 技术 方案设计 性能 推动 核心 模块 技术 重构 带来 显著 效率 跨部门 协作 项目 推进,用户 行为 分析 看板 构建 用户 行为 数据 体系 支撑 运营 决策 数据 清洗 指标体系 搭建 可视化 运营 报表 核心 运营 指标 支撑 每月 运营 用户 留存 销售 数据 预测 建模 基于 历史数据 预测 销量 指导 库存 备货 数据 预处理 构建 时间 序列 预测 模型 月度 预测 报告 预测 准确率 库存 周转 效率,美图 数据 分析师 至今 对接 产品 测试 跟进 需求 落地 缺陷 修复 数据 分析师 业务 开发 维护 需求 评审 分配 模块 编码 测试 保障系统 稳定 运行 锐捷 软件 数据 分析师 数据 分析师 业务 开发 维护 需求 评审 编写 开发 文档 沉淀 技术规范 新人 熟悉业务 分配 模块 编码 测试 保障系统 稳定 运行,技术 视野 开阔 方案设计 项目 逻辑 清晰 善于 定位 复杂 技术 管理 跨部门 推动 技术 业务 落地 责任心 追求 技术 业务 平衡 发展,MySQL Tableau 统计学 SQL 用户分析 Python Power BI,MySQL、Tableau、统计学、SQL、用户分析、Python、Power BI,
蔡思琪,女,15934137782,caisiqi6565@qq.com,wx_caisiqi_322,福州,"期望岗位：数据分析师
期望城市：福州
期望行业：互联网/信息技术/软件服务
期望薪资：7500-10000元",3年数据分析师工作经验，精通MySQL、Pandas技术栈，参与过完整项目迭代，能够独立完成模块开发与问题排查，注重代码质量与开发效率，具备良好的沟通协作能力。,"苏州职业大学 | 数学与应用数学 | 专科
毕业时间：2019年6月
核心课程：操作系统、算法设计与分析、计算机网络、Python编程","【星图互联网科技有限公司】 数据分析师
2025年4月 - 至今
    · 负责公司数据分析师相关业务的开发与维护，参与需求评审
    · 承担分配模块的编码、测试与优化工作，保障系统稳定运行
    · 对接产品、测试团队，跟进需求落地与缺陷修复

【合众科技有限公司】 数据分析师
2024年12月 - 2025年10月
    · 编写开发文档，沉淀技术规范，协助新人熟悉业务
    · 负责公司数据分析师相关业务的开发与维护，参与需求评审","■ 销售数据预测建模
  项目目标：基于历史数据预测销量，指导库存与备货
  个人职责：数据预处理，构建时间序列预测模型，输出月度预测报告
  项目成果：预测准确率达89%，库存周转效率提升25%

■ 用户行为分析看板
  项目目标：构建用户行为数据体系，支撑运营决策
  个人职责：负责数据清洗、指标体系搭建，输出可视化运营报表
  项目成果：输出15+核心运营指标，支撑每月3次运营优化，用户留存率提升8%","专业技能：Excel、统计学、MySQL、用户分析、NumPy、Pandas、Hive、Power BI、Python
相关证书：系统架构设计师、红帽RHCE认证",拥有3年实际工作经验，技术功底扎实，熟悉完整开发流程；具备较强的问题解决能力，能够独立排查并解决常见技术问题；工作认真负责，注重团队协作，能够高效推进项目落地；持续学习，保持技术敏感度。,数据 分析师 MySQL Pandas 技术 完整 项目 迭代 独立 模块 开发 排查 代码 质量 开发 效率 协作,销售 数据 预测 建模 基于 历史数据 预测 销量 指导 库存 备货 数据 预处理 构建 时间 序列 预测 模型 月度 预测 报告 预测 准确率 库存 周转 效率 用户 行为 分析 看板 构建 用户 行为 数据 体系 支撑 运营 决策 数据 清洗 指标体系 搭建 可视化 运营 报表 核心 运营 指标 支撑 每月 运营 用户 留存,星图 互联网 科技 数据 分析师 至今 数据 分析师 业务 开发 维护 需求 评审 分配 模块 编码 测试 保障系统 稳定 运行 对接 产品 测试 跟进 需求 落地 缺陷 修复 合众 科技 数据 分析师 编写 开发 文档 沉淀 技术规范 新人 熟悉业务 数据 分析师 业务 开发 维护 需求 评审,实际 技术 功底 完整 开发 流程 独立 排查 常见 技术 认真负责 协作 高效 推进 项目 落地 持续 保持 技术 敏感度,Excel 统计学 MySQL 用户分析 NumPy Pandas Hive Power BI Python 系统架构设计师 红帽RHCE认证,Excel、统计学、MySQL、用户分析、NumPy、Pandas、Hive、Power BI、Python,系统架构设计师、红帽RHCE认证
武瑶,女,17618965197,wuyao382@qq.com,wx_wuyao_345,温州,"期望岗位：数据分析师
期望城市：温州
期望行业：互联网/信息技术/软件服务
期望薪资：4000-6000元",本科信息管理与信息系统专业应届毕业生，掌握Excel、Hive基础技能，完成过课程设计与毕业项目，具备基础代码编写能力与问题排查思路，学习能力强，做事认真踏实，期望从事数据分析师相关工作。,"佛山科学技术学院 | 信息管理与信息系统 | 本科
毕业时间：2022年6月
核心课程：软件工程、数字信号处理、Python编程、计算机网络","【校园实践】
    · 参与学校计算机协会技术部，负责协会网站日常维护
    · 协助老师完成实验室设备管理与系统环境搭建
    · 参与班级课程设计小组，担任后端开发角色","■ 电商公开数据爬取分析
  项目目标：采集公开电商商品数据并分析
  个人职责：数据爬取、清洗、价格销量分析
  项目成果：输出可视化分析图表","专业技能：Hive、MySQL、Tableau、统计学、Python、Pandas、用户分析
相关证书：无",应届毕业，具备扎实的专业基础知识与学习能力，能够快速掌握新技术；工作态度认真负责，有耐心，注重细节；具备良好的团队意识与沟通能力，能够积极配合团队完成任务；期望在工作中积累经验，快速成长。,本科 信息管理与信息系统 应届 毕业生 Excel Hive 课程设计 项目 代码 编写 排查 数据 分析师,电商 公开 数据 爬取 分析 采集 公开 电商 商品 数据 分析 数据 爬取 清洗 价格 销量 分析 可视化 分析 图表,学校 计算机 协会 技术部 协会 网站 维护 老师 实验室 设备 管理 系统 环境 搭建 班级 课程设计 小组 后端 开发 角色,应届 基础知识 技术 认真负责,Hive MySQL Tableau 统计学 Python Pandas 用户分析,Hive、MySQL、Tableau、统计学、Python、Pandas、用户分析,
顾妍,女,13148808375,guyan0088@gmail.com,wx_guyan_520,厦门,"期望岗位：算法工程师
期望城市：厦门
期望行业：互联网/信息技术/软件服务
期望薪资：面议",2年算法工程师工作经验，精通PyTorch、计算机视觉技术栈，参与过完整项目迭代，能够独立完成模块开发与问题排查，注重代码质量与开发效率，具备良好的沟通协作能力。,"南京工业职业技术大学 | 信息管理与信息系统 | 专科
毕业时间：2020年6月
核心课程：计算机网络、Python编程、算法设计与分析、数据结构","【未来网络科技有限公司】 算法工程师
2025年1月 - 至今
    · 对接产品、测试团队，跟进需求落地与缺陷修复
    · 负责公司算法工程师相关业务的开发与维护，参与需求评审

【科创数据技术有限公司】 算法工程师
2024年1月 - 2025年8月
    · 编写开发文档，沉淀技术规范，协助新人熟悉业务
    · 对接产品、测试团队，跟进需求落地与缺陷修复
    · 承担分配模块的编码、测试与优化工作，保障系统稳定运行","■ 个性化推荐系统
  项目目标：提升内容推荐精准度，增加用户停留时长
  个人职责：负责协同过滤、深度学习推荐模型开发与离线优化
  项目成果：用户平均停留时长提升25%，点击率提升15%

■ 风控欺诈识别模型
  项目目标：识别交易欺诈行为，降低资金损失风险
  个人职责：特征工程，构建XGBoost风控模型，在线部署与迭代
  项目成果：欺诈识别准确率达92%，每年减少损失超200万","专业技能：Python、机器学习、深度学习、PyTorch、计算机视觉、算法优化、SQL、推荐算法、TensorFlow
相关证书：英语六级",拥有2年实际工作经验，技术功底扎实，熟悉完整开发流程；具备较强的问题解决能力，能够独立排查并解决常见技术问题；工作认真负责，注重团队协作，能够高效推进项目落地；持续学习，保持技术敏感度。,算法 工程师 PyTorch 计算机视觉 技术 完整 项目 迭代 独立 模块 开发 排查 代码 质量 开发 效率 协作,个性化 推荐 系统 推荐 精准度 增加 用户 停留 时长 协同 过滤 深度学习 推荐 模型 开发 离线 用户 平均 停留 时长 点击率 风控 欺诈 识别 模型 识别 交易 欺诈 行为 降低 资金 损失 风险 特征工程 构建 XGBoost 风控 模型 在线 部署 迭代 欺诈 识别 准确率 每年 减少 损失,未来 网络科技 算法 工程师 至今 对接 产品 测试 跟进 需求 落地 缺陷 修复 算法 工程师 业务 开发 维护 需求 评审 科创 数据 技术 算法 工程师 编写 开发 文档 沉淀 技术规范 新人 熟悉业务 对接 产品 测试 跟进 需求 落地 缺陷 修复 分配 模块 编码 测试 保障系统 稳定 运行,实际 技术 功底 完整 开发 流程 独立 排查 常见 技术 认真负责 协作 高效 推进 项目 落地 持续 保持 技术 敏感度,Python 机器学习 深度学习 PyTorch 计算机视觉 算法优化 SQL 推荐算法 TensorFlow 英语六级,Python、机器学习、深度学习、PyTorch、计算机视觉、算法优化、SQL、推荐算法、TensorFlow,英语六级
余皓,男,15243785655,yuhao702@126.com,15869854531,扬州,"期望岗位：运维工程师
期望城市：扬州
期望行业：互联网/信息技术/软件服务
期望薪资：面议",3年运维工程师工作经验，精通Shell、Jenkins技术栈，参与过完整项目迭代，能够独立完成模块开发与问题排查，注重代码质量与开发效率，具备良好的沟通协作能力。,"南京工业职业技术大学 | 物联网工程 | 专科
毕业时间：2019年6月
核心课程：软件工程、数字信号处理、Java程序设计、Python编程","【云创网络科技有限公司】 运维工程师
2025年9月 - 至今
    · 负责公司运维工程师相关业务的开发与维护，参与需求评审
    · 编写开发文档，沉淀技术规范，协助新人熟悉业务

【易联科技有限公司】 运维工程师
2024年12月 - 2025年5月
    · 编写开发文档，沉淀技术规范，协助新人熟悉业务
    · 承担分配模块的编码、测试与优化工作，保障系统稳定运行","■ 服务器集群运维优化
  项目目标：提升服务器集群稳定性，降低故障发生率
  个人职责：负责日常巡检、故障排查，优化监控告警规则与分级策略
  项目成果：服务器故障率下降60%，平均故障响应时间缩短至15分钟

■ CI/CD自动化流水线
  项目目标：实现代码自动化构建、测试、部署，提升发布效率
  个人职责：基于Jenkins搭建持续集成流水线，配置Docker容器化部署
  项目成果：发布周期从每周1次提升至每天3次，部署失误率降为0","专业技能：Nginx、Shell、网络运维、MySQL、Redis、Ansible、Jenkins、Kubernetes、Zabbix、Linux
相关证书：无",拥有3年实际工作经验，技术功底扎实，熟悉完整开发流程；具备较强的问题解决能力，能够独立排查并解决常见技术问题；工作认真负责，注重团队协作，能够高效推进项目落地；持续学习，保持技术敏感度。,运维 工程师 Shell Jenkins 技术 完整 项目 迭代 独立 模块 开发 排查 代码 质量 开发 效率 协作,服务器 集群 运维 服务器 集群 稳定性 降低 故障 发生率 巡检 故障 排查 监控 告警 规则 分级 策略 服务器 故障率 下降 平均 故障 响应 时间 缩短 分钟 CI CD 自动化 流水线 代码 自动化 构建 测试 部署 发布 效率 基于 Jenkins 搭建 持续 集成 流水线 配置 Docker 容器 部署 发布 周期 每周 每天 部署 失误 降为,云创 网络科技 运维 工程师 至今 运维 工程师 业务 开发 维护 需求 评审 编写 开发 文档 沉淀 技术规范 新人 熟悉业务 易联 科技 运维 工程师 编写 开发 文档 沉淀 技术规范 新人 熟悉业务 分配 模块 编码 测试 保障系统 稳定 运行,实际 技术 功底 完整 开发 流程 独立 排查 常见 技术 认真负责 协作 高效 推进 项目 落地 持续 保持 技术 敏感度,Nginx Shell 网络运维 MySQL Redis Ansible Jenkins Kubernetes Zabbix Linux,Nginx、Shell、网络运维、MySQL、Redis、Ansible、Jenkins、Kubernetes、Zabbix、Linux,
宋妍,女,15742548589,songyan64@qq.com,18603236949,温州,"期望岗位：软件测试工程师
期望城市：温州
期望行业：互联网/信息技术/软件服务
期望薪资：5000-8000元",本科计算机应用技术专业应届毕业生，有0段软件测试工程师实习经验，掌握TestNG技术栈，参与过实习项目开发，具备良好的代码规范与团队协作意识，能够快速上手业务，期望正式入职发展。,"东南大学 | 计算机应用技术 | 本科
毕业时间：2022年6月
核心课程：机器学习、Java程序设计、数字信号处理、计算机网络","【小米（南京分公司）】 软件测试工程师（实习）
2020年6月 - 至今
    · 负责公司软件测试工程师相关业务的开发与维护，参与需求评审
    · 承担分配模块的编码、测试与优化工作，保障系统稳定运行
    · 编写开发文档，沉淀技术规范，协助新人熟悉业务","■ 网页兼容性测试实训
  项目目标：对多个网站进行浏览器兼容测试
  个人职责：制定测试方案，输出测试报告
  项目成果：覆盖5款主流浏览器

■ 学生管理系统功能测试
  项目目标：对课程设计系统进行功能测试与缺陷提交
  个人职责：设计测试用例，执行黑盒测试
  项目成果：发现并提交8个功能缺陷","专业技能：Python、性能测试、接口测试、功能测试
相关证书：英语四级",有实习经验，熟悉开发基本流程，具备基础的项目实践能力；学习能力强，能够快速上手新业务新技术；工作踏实，责任心强，善于沟通协作，能够高效完成分配的工作任务。,本科 计算机应用技术 应届 毕业生 软件测试 工程师 实习 TestNG 技术 实习 项目 开发 代码 规范 协作 上手 业务 正式 入职 发展,网页 兼容性 测试 实训 多个 网站 浏览器 兼容 测试 制定 测试 方案 测试报告 覆盖 主流 浏览器 学生 管理系统 功能测试 课程设计 系统 功能测试 缺陷 提交 测试用例 执行 黑盒 测试 发现 提交 功能 缺陷,小米 南京 分公司 软件测试 工程师 实习 至今 软件测试 工程师 业务 开发 维护 需求 评审 分配 模块 编码 测试 保障系统 稳定 运行 编写 开发 文档 沉淀 技术规范 新人 熟悉业务,实习 开发 基本 流程 项目 实践 上手 业务 技术 责任心 善于 协作 高效 分配,Python 性能测试 接口测试 功能测试 英语四级,Python、性能测试、接口测试、功能测试,英语四级
石佳怡,女,18172151083,shijiayi28@qq.com,wx_shijiayi_811,宁德,"期望岗位：后端开发工程师
期望城市：宁德
期望行业：互联网/信息技术/软件服务
期望薪资：11500-16500元",4年后端开发工程师从业经验，精通Kafka技术架构，主导过中型项目从0到1落地，擅长技术方案设计与性能优化，曾推动核心模块技术重构，带来显著效率提升，具备跨部门协作与项目推进能力。,"暨南大学 | 电子信息工程 | 本科
毕业时间：2018年6月
核心课程：机器学习、软件工程、计算机网络、操作系统","【OPPO（东莞）】 后端开发工程师
2024年3月 - 至今
    · 承担分配模块的编码、测试与优化工作，保障系统稳定运行
    · 对接产品、测试团队，跟进需求落地与缺陷修复

【合众软件有限公司】 后端开发工程师
2022年8月 - 2024年6月
    · 承担分配模块的编码、测试与优化工作，保障系统稳定运行
    · 负责公司后端开发工程师相关业务的开发与维护，参与需求评审","■ 即时通讯服务开发
  项目目标：实现企业内部IM系统后端消息推送与存储
  个人职责：负责消息队列、离线消息、会话管理模块开发
  项目成果：支持万人同时在线，消息送达延迟低于100ms

■ 内容管理系统后端
  项目目标：搭建CMS系统后端服务，支持多站点内容发布
  个人职责：负责文章、栏目、权限模块接口开发，设计数据库表结构
  项目成果：支撑8个站点同时运营，内容发布效率提升3倍","专业技能：Kafka、K8s、MySQL、Go、PostgreSQL、Gin、Java、Python、Redis、SpringBoot
相关证书：无",拥有4年行业经验，技术视野开阔，具备方案设计与项目把控能力；逻辑清晰，善于定位并解决复杂技术问题；具备良好的团队管理与跨部门沟通能力，能够推动技术优化与业务落地；责任心强，追求技术与业务的平衡发展。,年后 开发 工程师 从业 Kafka 技术 架构 主导 中型 项目 落地 擅长 技术 方案设计 性能 推动 核心 模块 技术 重构 带来 显著 效率 跨部门 协作 项目 推进,即时通讯 服务 开发 企业 内部 IM 系统 后端 消息 推送 存储 消息 队列 离线 消息 会话 管理 模块 开发 万人 同时在线 消息 送达 延迟 低于 100ms 管理系统 后端 搭建 CMS 系统 后端 服务 站点 发布 文章 栏目 权限 模块接口 开发 数据库 结构 支撑 站点 运营 发布 效率,OPPO 东莞 后端 开发 工程师 至今 分配 模块 编码 测试 保障系统 稳定 运行 对接 产品 测试 跟进 需求 落地 缺陷 修复 合众 软件 后端 开发 工程师 分配 模块 编码 测试 保障系统 稳定 运行 后端 开发 工程师 业务 开发 维护 需求 评审,技术 视野 开阔 方案设计 项目 逻辑 清晰 善于 定位 复杂 技术 管理 跨部门 推动 技术 业务 落地 责任心 追求 技术 业务 平衡 发展,Kafka K8s MySQL Go PostgreSQL Gin Java Python Redis SpringBoot,Kafka、K8s、MySQL、Go、PostgreSQL、Gin、Java、Python、Redis、SpringBoot,
刘晨,男,13245557184,liuchen23@qq.com,wx_liuchen_703,南通,"期望岗位：软件测试工程师
期望城市：南通
期望行业：互联网/信息技术/软件服务
期望薪资：6500-9500元",2年软件测试工程师工作经验，精通Selenium、测试用例设计技术栈，参与过完整项目迭代，能够独立完成模块开发与问题排查，注重代码质量与开发效率，具备良好的沟通协作能力。,"苏州科技大学 | 通信工程 | 本科
毕业时间：2020年6月
核心课程：操作系统、机器学习、软件工程、计算机网络","【网易（杭州）】 软件测试工程师
2025年11月 - 至今
    · 承担分配模块的编码、测试与优化工作，保障系统稳定运行
    · 编写开发文档，沉淀技术规范，协助新人熟悉业务

【新科信息技术有限公司】 软件测试工程师
2024年1月 - 2025年4月
    · 负责公司软件测试工程师相关业务的开发与维护，参与需求评审
    · 承担分配模块的编码、测试与优化工作，保障系统稳定运行
    · 对接产品、测试团队，跟进需求落地与缺陷修复","■ 自动化测试框架搭建
  项目目标：提升回归测试效率，减少人工重复劳动
  个人职责：基于Selenium搭建UI自动化框架，编写核心模块测试脚本
  项目成果：回归测试周期从7天缩短至2天，覆盖率达85%

■ 电商平台功能测试
  项目目标：保障电商系统上线质量，覆盖全业务流程
  个人职责：设计测试用例，执行功能、回归测试，提交缺陷报告
  项目成果：发现并修复120+缺陷，上线后线上缺陷率低于0.5%","专业技能：TestNG、缺陷管理、Selenium、性能测试、JMeter、功能测试、接口测试、Postman
相关证书：软件设计师（中级）、英语六级",拥有2年实际工作经验，技术功底扎实，熟悉完整开发流程；具备较强的问题解决能力，能够独立排查并解决常见技术问题；工作认真负责，注重团队协作，能够高效推进项目落地；持续学习，保持技术敏感度。,软件测试 工程师 Selenium 测试用例设计 技术 完整 项目 迭代 独立 模块 开发 排查 代码 质量 开发 效率 协作,自动化 测试 框架 搭建 回归 测试 效率 减少 人工 重复劳动 基于 Selenium 搭建 UI 自动化 框架 编写 核心 模块 测试 脚本 回归 测试 周期 缩短 覆盖率 电商 平台 功能测试 保障 电商 系统 上线 质量 覆盖 业务流程 测试用例 执行 功能 回归 测试 提交 缺陷 报告 发现 修复 缺陷 上线 后线 缺陷率 低于,网易 杭州 软件测试 工程师 至今 分配 模块 编码 测试 保障系统 稳定 运行 编写 开发 文档 沉淀 技术规范 新人 熟悉业务 新科 信息技术 软件测试 工程师 软件测试 工程师 业务 开发 维护 需求 评审 分配 模块 编码 测试 保障系统 稳定 运行 对接 产品 测试 跟进 需求 落地 缺陷 修复,实际 技术 功底 完整 开发 流程 独立 排查 常见 技术 认真负责 协作 高效 推进 项目 落地 持续 保持 技术 敏感度,TestNG 缺陷管理 Selenium 性能测试 JMeter 功能测试 接口测试 Postman 软件 设计师 中级 英语六级,TestNG、缺陷管理、Selenium、性能测试、JMeter、功能测试、接口测试、Postman,软件设计师（中级）、英语六级
韩霞,女,13485148044,hanxia088@163.com,wx_hanxia_530,绍兴,"期望岗位：算法工程师
期望城市：绍兴
期望行业：互联网/信息技术/软件服务
期望薪资：23500-29500元",6年算法工程师资深经验，精通全链路技术架构，具备团队技术规划与方案设计能力，主导过多个大型项目重构与升级，在高并发/系统稳定性领域有深厚积累，能够带领团队攻克技术难题，驱动业务技术升级。,"暨南大学 | 信息管理与信息系统 | 本科
毕业时间：2016年6月
核心课程：Java程序设计、Python编程、软件工程、操作系统","【阿里巴巴（福州分公司）】 算法工程师
2024年9月 - 至今
    · 负责公司算法工程师相关业务的开发与维护，参与需求评审
    · 编写开发文档，沉淀技术规范，协助新人熟悉业务

【金蝶网络科技有限公司】 算法工程师
2022年3月 - 2024年7月
    · 对接产品、测试团队，跟进需求落地与缺陷修复
    · 承担分配模块的编码、测试与优化工作，保障系统稳定运行

【金蝶互联网科技有限公司】 算法工程师
2020年5月 - 2022年9月
    · 对接产品、测试团队，跟进需求落地与缺陷修复
    · 承担分配模块的编码、测试与优化工作，保障系统稳定运行
    · 编写开发文档，沉淀技术规范，协助新人熟悉业务","■ 风控欺诈识别模型
  项目目标：识别交易欺诈行为，降低资金损失风险
  个人职责：特征工程，构建XGBoost风控模型，在线部署与迭代
  项目成果：欺诈识别准确率达92%，每年减少损失超200万

■ 个性化推荐系统
  项目目标：提升内容推荐精准度，增加用户停留时长
  个人职责：负责协同过滤、深度学习推荐模型开发与离线优化
  项目成果：用户平均停留时长提升25%，点击率提升15%","专业技能：计算机视觉、SQL、算法优化、NLP、PyTorch、Python、TensorFlow
相关证书：红帽RHCE认证、计算机二级",拥有6年行业经验，技术视野开阔，具备方案设计与项目把控能力；逻辑清晰，善于定位并解决复杂技术问题；具备良好的团队管理与跨部门沟通能力，能够推动技术优化与业务落地；责任心强，追求技术与业务的平衡发展。,算法 工程师 资深 链路 技术 架构 技术 规划 方案设计 主导 多个 大型项目 重构 升级 并发 系统 稳定性 领域 深厚 带领 攻克 技术难题 驱动 业务 技术升级,风控 欺诈 识别 模型 识别 交易 欺诈 行为 降低 资金 损失 风险 特征工程 构建 XGBoost 风控 模型 在线 部署 迭代 欺诈 识别 准确率 每年 减少 损失 个性化 推荐 系统 推荐 精准度 增加 用户 停留 时长 协同 过滤 深度学习 推荐 模型 开发 离线 用户 平均 停留 时长 点击率,阿里巴巴 福州 分公司 算法 工程师 至今 算法 工程师 业务 开发 维护 需求 评审 编写 开发 文档 沉淀 技术规范 新人 熟悉业务 金蝶 网络科技 算法 工程师 对接 产品 测试 跟进 需求 落地 缺陷 修复 分配 模块 编码 测试 保障系统 稳定 运行 金蝶 互联网 科技 算法 工程师 对接 产品 测试 跟进 需求 落地 缺陷 修复 分配 模块 编码 测试 保障系统 稳定 运行 编写 开发 文档 沉淀 技术规范 新人 熟悉业务,技术 视野 开阔 方案设计 项目 逻辑 清晰 善于 定位 复杂 技术 管理 跨部门 推动 技术 业务 落地 责任心 追求 技术 业务 平衡 发展,计算机视觉 SQL 算法优化 NLP PyTorch Python TensorFlow 红帽RHCE认证 计算机二级,计算机视觉、SQL、算法优化、NLP、PyTorch、Python、TensorFlow,红帽RHCE认证、计算机二级
高阳,男,18256696777,gaoyang3372@gmail.com,wx_gaoyang_117,南平,"期望岗位：后端开发工程师
期望城市：南平
期望行业：互联网/信息技术/软件服务
期望薪资：19000-19500元",5年后端开发工程师从业经验，精通Redis技术架构，主导过中型项目从0到1落地，擅长技术方案设计与性能优化，曾推动核心模块技术重构，带来显著效率提升，具备跨部门协作与项目推进能力。,"福州职业技术学院 | 软件工程 | 专科
毕业时间：2017年6月
核心课程：Python编程、数字信号处理、数据库原理、Java程序设计","【未来科技有限公司】 后端开发工程师
2025年7月 - 至今
    · 编写开发文档，沉淀技术规范，协助新人熟悉业务
    · 对接产品、测试团队，跟进需求落地与缺陷修复
    · 承担分配模块的编码、测试与优化工作，保障系统稳定运行

【智联网络科技有限公司】 后端开发工程师
2024年6月 - 2025年9月
    · 编写开发文档，沉淀技术规范，协助新人熟悉业务
    · 负责公司后端开发工程师相关业务的开发与维护，参与需求评审

【智联网络科技有限公司】 后端开发工程师
2023年5月 - 2024年12月
    · 编写开发文档，沉淀技术规范，协助新人熟悉业务
    · 负责公司后端开发工程师相关业务的开发与维护，参与需求评审
    · 对接产品、测试团队，跟进需求落地与缺陷修复","■ 内容管理系统后端
  项目目标：搭建CMS系统后端服务，支持多站点内容发布
  个人职责：负责文章、栏目、权限模块接口开发，设计数据库表结构
  项目成果：支撑8个站点同时运营，内容发布效率提升3倍

■ 即时通讯服务开发
  项目目标：实现企业内部IM系统后端消息推送与存储
  个人职责：负责消息队列、离线消息、会话管理模块开发
  项目成果：支持万人同时在线，消息送达延迟低于100ms","专业技能：Kafka、MySQL、Redis、Python、K8s、Docker、Gin、Java
相关证书：红帽RHCE认证、系统架构设计师、软考中级",拥有5年行业经验，技术视野开阔，具备方案设计与项目把控能力；逻辑清晰，善于定位并解决复杂技术问题；具备良好的团队管理与跨部门沟通能力，能够推动技术优化与业务落地；责任心强，追求技术与业务的平衡发展。,年后 开发 工程师 从业 Redis 技术 架构 主导 中型 项目 落地 擅长 技术 方案设计 性能 推动 核心 模块 技术 重构 带来 显著 效率 跨部门 协作 项目 推进,管理系统 后端 搭建 CMS 系统 后端 服务 站点 发布 文章 栏目 权限 模块接口 开发 数据库 结构 支撑 站点 运营 发布 效率 即时通讯 服务 开发 企业 内部 IM 系统 后端 消息 推送 存储 消息 队列 离线 消息 会话 管理 模块 开发 万人 同时在线 消息 送达 延迟 低于 100ms,未来 科技 后端 开发 工程师 至今 编写 开发 文档 沉淀 技术规范 新人 熟悉业务 对接 产品 测试 跟进 需求 落地 缺陷 修复 分配 模块 编码 测试 保障系统 稳定 运行 智联 网络科技 后端 开发 工程师 编写 开发 文档 沉淀 技术规范 新人 熟悉业务 后端 开发 工程师 业务 开发 维护 需求 评审 智联 网络科技 后端 开发 工程师 编写 开发 文档 沉淀 技术规范 新人 熟悉业务 后端 开发 工程师 业务 开发 维护 需求 评审 对接 产品 测试 跟进 需求 落地 缺陷 修复,技术 视野 开阔 方案设计 项目 逻辑 清晰 善于 定位 复杂 技术 管理 跨部门 推动 技术 业务 落地 责任心 追求 技术 业务 平衡 发展,Kafka MySQL Redis Python K8s Docker Gin Java 红帽RHCE认证 系统架构设计师 软考中级,Kafka、MySQL、Redis、Python、K8s、Docker、Gin、Java,红帽RHCE认证、系统架构设计师、软考中级
戴杰,男,18569051139,daijie3668@gmail.com,wx_daijie_380,莆田,"期望岗位：前端开发工程师
期望城市：莆田
期望行业：互联网/信息技术/软件服务
期望薪资：面议",1年前端开发工程师工作经验，精通Vue、移动端适配技术栈，参与过完整项目迭代，能够独立完成模块开发与问题排查，注重代码质量与开发效率，具备良好的沟通协作能力。,"福州职业技术学院 | 物联网工程 | 专科
毕业时间：2021年6月
核心课程：Java程序设计、机器学习、操作系统、计算机网络","【博思数据技术有限公司】 前端开发工程师
2025年1月 - 至今
    · 编写开发文档，沉淀技术规范，协助新人熟悉业务
    · 对接产品、测试团队，跟进需求落地与缺陷修复","■ 电商平台前端重构
  项目目标：升级旧版电商系统前端架构，提升用户体验与加载速度
  个人职责：负责商品详情页、购物车模块开发，组件化封装公共组件
  项目成果：首屏加载时间从3.2s降至1.8s，页面转化率提升12%

■ 企业后台管理系统
  项目目标：搭建企业运营管理后台，实现业务数据可视化
  个人职责：负责权限管理、数据报表模块开发，对接后端接口联调
  项目成果：覆盖12个业务部门，运营效率提升40%","专业技能：HTML5、移动端适配、Ant Design、JavaScript、CSS3、Axios
相关证书：计算机一级",拥有1年实际工作经验，技术功底扎实，熟悉完整开发流程；具备较强的问题解决能力，能够独立排查并解决常见技术问题；工作认真负责，注重团队协作，能够高效推进项目落地；持续学习，保持技术敏感度。,前端开发 工程师 Vue 移动端适配 技术 完整 项目 迭代 独立 模块 开发 排查 代码 质量 开发 效率 协作,电商 平台 前端 重构 升级 旧版 电商 系统 前端 架构 用户 体验 加载 速度 商品 详情页 购物车 模块 开发 组件 封装 公共 组件 首屏 加载 时间 3.2 降至 1.8 页面 转化率 企业 后台 管理系统 搭建 企业 运营 管理 后台 业务 数据可视化 权限 管理 数据报表 模块 开发 对接 后端 接口 联调 覆盖 业务部门 运营 效率,博思 数据 技术 前端开发 工程师 至今 编写 开发 文档 沉淀 技术规范 新人 熟悉业务 对接 产品 测试 跟进 需求 落地 缺陷 修复,实际 技术 功底 完整 开发 流程 独立 排查 常见 技术 认真负责 协作 高效 推进 项目 落地 持续 保持 技术 敏感度,HTML5 移动端适配 Ant Design JavaScript CSS3 Axios 计算机一级,HTML5、移动端适配、Ant Design、JavaScript、CSS3、Axios,计算机一级
廖阳,男,18990329949,liaoyang16@126.com,wx_liaoyang_890,厦门,"期望岗位：前端开发工程师
期望城市：厦门
期望行业：互联网/信息技术/软件服务
期望薪资：7500-11000元",3年前端开发工程师工作经验，精通JavaScript、HTML5技术栈，参与过完整项目迭代，能够独立完成模块开发与问题排查，注重代码质量与开发效率，具备良好的沟通协作能力。,"南京大学 | 网络工程 | 本科
毕业时间：2019年6月
核心课程：机器学习、Java程序设计、数字信号处理、数据库原理","【未来信息技术有限公司】 前端开发工程师
2025年5月 - 至今
    · 负责公司前端开发工程师相关业务的开发与维护，参与需求评审
    · 编写开发文档，沉淀技术规范，协助新人熟悉业务

【数聚互联网科技有限公司】 前端开发工程师
2024年6月 - 2025年9月
    · 承担分配模块的编码、测试与优化工作，保障系统稳定运行
    · 负责公司前端开发工程师相关业务的开发与维护，参与需求评审","■ 企业后台管理系统
  项目目标：搭建企业运营管理后台，实现业务数据可视化
  个人职责：负责权限管理、数据报表模块开发，对接后端接口联调
  项目成果：覆盖12个业务部门，运营效率提升40%

■ 电商平台前端重构
  项目目标：升级旧版电商系统前端架构，提升用户体验与加载速度
  个人职责：负责商品详情页、购物车模块开发，组件化封装公共组件
  项目成果：首屏加载时间从3.2s降至1.8s，页面转化率提升12%","专业技能：Element UI、Vite、Webpack、TypeScript、Vue、JavaScript
相关证书：阿里云ACP云计算认证",拥有3年实际工作经验，技术功底扎实，熟悉完整开发流程；具备较强的问题解决能力，能够独立排查并解决常见技术问题；工作认真负责，注重团队协作，能够高效推进项目落地；持续学习，保持技术敏感度。,前端开发 工程师 JavaScript HTML5 技术 完整 项目 迭代 独立 模块 开发 排查 代码 质量 开发 效率 协作,企业 后台 管理系统 搭建 企业 运营 管理 后台 业务 数据可视化 权限 管理 数据报表 模块 开发 对接 后端 接口 联调 覆盖 业务部门 运营 效率 电商 平台 前端 重构 升级 旧版 电商 系统 前端 架构 用户 体验 加载 速度 商品 详情页 购物车 模块 开发 组件 封装 公共 组件 首屏 加载 时间 3.2 降至 1.8 页面 转化率,未来 信息技术 前端开发 工程师 至今 前端开发 工程师 业务 开发 维护 需求 评审 编写 开发 文档 沉淀 技术规范 新人 熟悉业务 数聚 互联网 科技 前端开发 工程师 分配 模块 编码 测试 保障系统 稳定 运行 前端开发 工程师 业务 开发 维护 需求 评审,实际 技术 功底 完整 开发 流程 独立 排查 常见 技术 认真负责 协作 高效 推进 项目 落地 持续 保持 技术 敏感度,Element UI Vite Webpack TypeScript Vue JavaScript 阿里云ACP云计算认证,Element UI、Vite、Webpack、TypeScript、Vue、JavaScript,阿里云ACP云计算认证
钱强,男,13644821398,qianqiang71@gmail.com,18705189214,莆田,"期望岗位：数据分析师
期望城市：莆田
期望行业：互联网/信息技术/软件服务
期望薪资：4000-6000元",本科网络工程专业应届毕业生，掌握MySQL、用户分析基础技能，完成过课程设计与毕业项目，具备基础代码编写能力与问题排查思路，学习能力强，做事认真踏实，期望从事数据分析师相关工作。,"福建师范大学 | 网络工程 | 本科
毕业时间：2022年6月
核心课程：数据结构、数据库原理、机器学习、操作系统","【校园实践】
    · 参与学校计算机协会技术部，负责协会网站日常维护
    · 协助老师完成实验室设备管理与系统环境搭建
    · 参与班级课程设计小组，担任后端开发角色","■ 学生成绩数据分析
  项目目标：对班级期末成绩进行统计分析
  个人职责：数据清洗、可视化图表制作、结论输出
  项目成果：输出分析报告，提出3点教学建议","专业技能：SQL、NumPy、Pandas、Hive、Tableau、数据可视化、MySQL
相关证书：计算机一级、英语六级",应届毕业，具备扎实的专业基础知识与学习能力，能够快速掌握新技术；工作态度认真负责，有耐心，注重细节；具备良好的团队意识与沟通能力，能够积极配合团队完成任务；期望在工作中积累经验，快速成长。,本科 网络工程 应届 毕业生 MySQL 用户分析 课程设计 项目 代码 编写 排查 数据 分析师,学生 成绩 数据分析 班级 期末 成绩 统计分析 数据 清洗 可视化 图表 制作 结论 分析报告 提出 教学 建议,学校 计算机 协会 技术部 协会 网站 维护 老师 实验室 设备 管理 系统 环境 搭建 班级 课程设计 小组 后端 开发 角色,应届 基础知识 技术 认真负责,SQL NumPy Pandas Hive Tableau 数据可视化 MySQL 计算机一级 英语六级,SQL、NumPy、Pandas、Hive、Tableau、数据可视化、MySQL,计算机一级、英语六级
黄雨萱,女,18357495306,huang雨xuan0116@outlook.com,15079113907,滁州,"期望岗位：软件测试工程师
期望城市：滁州
期望行业：互联网/信息技术/软件服务
期望薪资：7000-7500元",2年软件测试工程师工作经验，精通接口测试、功能测试技术栈，参与过完整项目迭代，能够独立完成模块开发与问题排查，注重代码质量与开发效率，具备良好的沟通协作能力。,"浙江大学 | 计算机应用技术 | 本科
毕业时间：2020年6月
核心课程：数据库原理、计算机网络、操作系统、算法设计与分析","【中软互联网科技有限公司】 软件测试工程师
2025年11月 - 至今
    · 负责公司软件测试工程师相关业务的开发与维护，参与需求评审
    · 承担分配模块的编码、测试与优化工作，保障系统稳定运行

【新科互联网科技有限公司】 软件测试工程师
2024年1月 - 2025年4月
    · 负责公司软件测试工程师相关业务的开发与维护，参与需求评审
    · 编写开发文档，沉淀技术规范，协助新人熟悉业务","■ 电商平台功能测试
  项目目标：保障电商系统上线质量，覆盖全业务流程
  个人职责：设计测试用例，执行功能、回归测试，提交缺陷报告
  项目成果：发现并修复120+缺陷，上线后线上缺陷率低于0.5%

■ 自动化测试框架搭建
  项目目标：提升回归测试效率，减少人工重复劳动
  个人职责：基于Selenium搭建UI自动化框架，编写核心模块测试脚本
  项目成果：回归测试周期从7天缩短至2天，覆盖率达85%","专业技能：性能测试、功能测试、Selenium、接口测试、测试用例设计、Python、TestNG、MySQL、缺陷管理、Postman
相关证书：无",拥有2年实际工作经验，技术功底扎实，熟悉完整开发流程；具备较强的问题解决能力，能够独立排查并解决常见技术问题；工作认真负责，注重团队协作，能够高效推进项目落地；持续学习，保持技术敏感度。,软件测试 工程师 接口测试 功能测试 技术 完整 项目 迭代 独立 模块 开发 排查 代码 质量 开发 效率 协作,电商 平台 功能测试 保障 电商 系统 上线 质量 覆盖 业务流程 测试用例 执行 功能 回归 测试 提交 缺陷 报告 发现 修复 缺陷 上线 后线 缺陷率 低于 自动化 测试 框架 搭建 回归 测试 效率 减少 人工 重复劳动 基于 Selenium 搭建 UI 自动化 框架 编写 核心 模块 测试 脚本 回归 测试 周期 缩短 覆盖率,中软 互联网 科技 软件测试 工程师 至今 软件测试 工程师 业务 开发 维护 需求 评审 分配 模块 编码 测试 保障系统 稳定 运行 新科 互联网 科技 软件测试 工程师 软件测试 工程师 业务 开发 维护 需求 评审 编写 开发 文档 沉淀 技术规范 新人 熟悉业务,实际 技术 功底 完整 开发 流程 独立 排查 常见 技术 认真负责 协作 高效 推进 项目 落地 持续 保持 技术 敏感度,性能测试 功能测试 Selenium 接口测试 测试用例设计 Python TestNG MySQL 缺陷管理 Postman,性能测试、功能测试、Selenium、接口测试、测试用例设计、Python、TestNG、MySQL、缺陷管理、Postman,
龙安然,女,18938408306,longanran4881@qq.com,wx_longanran_635,南通,"期望岗位：算法工程师
期望城市：南通
期望行业：互联网/信息技术/软件服务
期望薪资：面议",2年算法工程师工作经验，精通NLP、数据结构技术栈，参与过完整项目迭代，能够独立完成模块开发与问题排查，注重代码质量与开发效率，具备良好的沟通协作能力。,"厦门理工学院 | 信息管理与信息系统 | 本科
毕业时间：2020年6月
核心课程：机器学习、计算机网络、Java程序设计、Python编程","【博思信息技术有限公司】 算法工程师
2025年10月 - 至今
    · 编写开发文档，沉淀技术规范，协助新人熟悉业务
    · 承担分配模块的编码、测试与优化工作，保障系统稳定运行
    · 负责公司算法工程师相关业务的开发与维护，参与需求评审

【云创互联网科技有限公司】 算法工程师
2024年8月 - 2025年1月
    · 对接产品、测试团队，跟进需求落地与缺陷修复
    · 编写开发文档，沉淀技术规范，协助新人熟悉业务","■ 个性化推荐系统
  项目目标：提升内容推荐精准度，增加用户停留时长
  个人职责：负责协同过滤、深度学习推荐模型开发与离线优化
  项目成果：用户平均停留时长提升25%，点击率提升15%

■ 风控欺诈识别模型
  项目目标：识别交易欺诈行为，降低资金损失风险
  个人职责：特征工程，构建XGBoost风控模型，在线部署与迭代
  项目成果：欺诈识别准确率达92%，每年减少损失超200万","专业技能：机器学习、特征工程、PyTorch、NLP、数据结构、SQL、TensorFlow
相关证书：英语四级",拥有2年实际工作经验，技术功底扎实，熟悉完整开发流程；具备较强的问题解决能力，能够独立排查并解决常见技术问题；工作认真负责，注重团队协作，能够高效推进项目落地；持续学习，保持技术敏感度。,算法 工程师 NLP 数据结构 技术 完整 项目 迭代 独立 模块 开发 排查 代码 质量 开发 效率 协作,个性化 推荐 系统 推荐 精准度 增加 用户 停留 时长 协同 过滤 深度学习 推荐 模型 开发 离线 用户 平均 停留 时长 点击率 风控 欺诈 识别 模型 识别 交易 欺诈 行为 降低 资金 损失 风险 特征工程 构建 XGBoost 风控 模型 在线 部署 迭代 欺诈 识别 准确率 每年 减少 损失,博思 信息技术 算法 工程师 至今 编写 开发 文档 沉淀 技术规范 新人 熟悉业务 分配 模块 编码 测试 保障系统 稳定 运行 算法 工程师 业务 开发 维护 需求 评审 云创 互联网 科技 算法 工程师 对接 产品 测试 跟进 需求 落地 缺陷 修复 编写 开发 文档 沉淀 技术规范 新人 熟悉业务,实际 技术 功底 完整 开发 流程 独立 排查 常见 技术 认真负责 协作 高效 推进 项目 落地 持续 保持 技术 敏感度,机器学习 特征工程 PyTorch NLP 数据结构 SQL TensorFlow 英语四级,机器学习、特征工程、PyTorch、NLP、数据结构、SQL、TensorFlow,英语四级
严强,男,18871513141,yanqiang535@163.com,wx_yanqiang_478,苏州,"期望岗位：软件测试工程师
期望城市：苏州
期望行业：互联网/信息技术/软件服务
期望薪资：面议",本科计算机应用技术专业应届毕业生，掌握接口测试、Postman基础技能，完成过课程设计与毕业项目，具备基础代码编写能力与问题排查思路，学习能力强，做事认真踏实，期望从事软件测试工程师相关工作。,"苏州科技大学 | 计算机应用技术 | 本科
毕业时间：2022年6月
核心课程：机器学习、算法设计与分析、计算机网络、数据结构","【校园实践】
    · 参与学校计算机协会技术部，负责协会网站日常维护
    · 协助老师完成实验室设备管理与系统环境搭建
    · 参与班级课程设计小组，担任后端开发角色","■ 学生管理系统功能测试
  项目目标：对课程设计系统进行功能测试与缺陷提交
  个人职责：设计测试用例，执行黑盒测试
  项目成果：发现并提交8个功能缺陷","专业技能：Python、接口测试、MySQL、Appium
相关证书：英语六级、MySQL数据库认证、计算机一级",应届毕业，具备扎实的专业基础知识与学习能力，能够快速掌握新技术；工作态度认真负责，有耐心，注重细节；具备良好的团队意识与沟通能力，能够积极配合团队完成任务；期望在工作中积累经验，快速成长。,本科 计算机应用技术 应届 毕业生 接口测试 Postman 课程设计 项目 代码 编写 排查 软件测试 工程师,学生 管理系统 功能测试 课程设计 系统 功能测试 缺陷 提交 测试用例 执行 黑盒 测试 发现 提交 功能 缺陷,学校 计算机 协会 技术部 协会 网站 维护 老师 实验室 设备 管理 系统 环境 搭建 班级 课程设计 小组 后端 开发 角色,应届 基础知识 技术 认真负责,Python 接口测试 MySQL Appium 英语六级 MySQL数据库认证 计算机一级,Python、接口测试、MySQL、Appium,英语六级、MySQL数据库认证、计算机一级
郝阳,男,18136471542,haoyang35@outlook.com,13338557256,福州,"期望岗位：算法工程师
期望城市：福州
期望行业：互联网/信息技术/软件服务
期望薪资：面议",3年算法工程师工作经验，精通机器学习、PyTorch技术栈，参与过完整项目迭代，能够独立完成模块开发与问题排查，注重代码质量与开发效率，具备良好的沟通协作能力。,"南京大学 | 计算机科学与技术 | 本科
毕业时间：2019年6月
核心课程：机器学习、Java程序设计、数字信号处理、操作系统","【未来科技有限公司】 算法工程师
2025年1月 - 至今
    · 负责公司算法工程师相关业务的开发与维护，参与需求评审
    · 编写开发文档，沉淀技术规范，协助新人熟悉业务
    · 承担分配模块的编码、测试与优化工作，保障系统稳定运行

【天擎互联网科技有限公司】 算法工程师
2024年10月 - 2025年10月
    · 编写开发文档，沉淀技术规范，协助新人熟悉业务
    · 对接产品、测试团队，跟进需求落地与缺陷修复","■ 风控欺诈识别模型
  项目目标：识别交易欺诈行为，降低资金损失风险
  个人职责：特征工程，构建XGBoost风控模型，在线部署与迭代
  项目成果：欺诈识别准确率达92%，每年减少损失超200万

■ 个性化推荐系统
  项目目标：提升内容推荐精准度，增加用户停留时长
  个人职责：负责协同过滤、深度学习推荐模型开发与离线优化
  项目成果：用户平均停留时长提升25%，点击率提升15%","专业技能：TensorFlow、SQL、深度学习、NLP、特征工程、PyTorch、推荐算法
相关证书：软考中级、系统架构设计师、软件设计师（中级）",拥有3年实际工作经验，技术功底扎实，熟悉完整开发流程；具备较强的问题解决能力，能够独立排查并解决常见技术问题；工作认真负责，注重团队协作，能够高效推进项目落地；持续学习，保持技术敏感度。,算法 工程师 机器学习 PyTorch 技术 完整 项目 迭代 独立 模块 开发 排查 代码 质量 开发 效率 协作,风控 欺诈 识别 模型 识别 交易 欺诈 行为 降低 资金 损失 风险 特征工程 构建 XGBoost 风控 模型 在线 部署 迭代 欺诈 识别 准确率 每年 减少 损失 个性化 推荐 系统 推荐 精准度 增加 用户 停留 时长 协同 过滤 深度学习 推荐 模型 开发 离线 用户 平均 停留 时长 点击率,未来 科技 算法 工程师 至今 算法 工程师 业务 开发 维护 需求 评审 编写 开发 文档 沉淀 技术规范 新人 熟悉业务 分配 模块 编码 测试 保障系统 稳定 运行 天擎 互联网 科技 算法 工程师 编写 开发 文档 沉淀 技术规范 新人 熟悉业务 对接 产品 测试 跟进 需求 落地 缺陷 修复,实际 技术 功底 完整 开发 流程 独立 排查 常见 技术 认真负责 协作 高效 推进 项目 落地 持续 保持 技术 敏感度,TensorFlow SQL 深度学习 NLP 特征工程 PyTorch 推荐算法 软考中级 系统架构设计师 软件 设计师 中级,TensorFlow、SQL、深度学习、NLP、特征工程、PyTorch、推荐算法,软考中级、系统架构设计师、软件设计师（中级）
傅雨桐,女,18715837255,fu雨tong09@qq.com,wx_fu雨tong_185,扬州,"期望岗位：前端开发工程师
期望城市：扬州
期望行业：互联网/信息技术/软件服务
期望薪资：面议",5年前端开发工程师从业经验，精通Vue技术架构，主导过中型项目从0到1落地，擅长技术方案设计与性能优化，曾推动核心模块技术重构，带来显著效率提升，具备跨部门协作与项目推进能力。,"福建师范大学 | 计算机科学与技术 | 本科
毕业时间：2017年6月
核心课程：操作系统、数据库原理、计算机网络、数字信号处理","【科创网络科技有限公司】 前端开发工程师
2025年6月 - 至今
    · 承担分配模块的编码、测试与优化工作，保障系统稳定运行
    · 编写开发文档，沉淀技术规范，协助新人熟悉业务

【汇智网络科技有限公司】 前端开发工程师
2024年6月 - 2025年3月
    · 承担分配模块的编码、测试与优化工作，保障系统稳定运行
    · 负责公司前端开发工程师相关业务的开发与维护，参与需求评审

【启明网络科技有限公司】 前端开发工程师
2023年6月 - 2024年10月
    · 承担分配模块的编码、测试与优化工作，保障系统稳定运行
    · 对接产品、测试团队，跟进需求落地与缺陷修复","■ 电商平台前端重构
  项目目标：升级旧版电商系统前端架构，提升用户体验与加载速度
  个人职责：负责商品详情页、购物车模块开发，组件化封装公共组件
  项目成果：首屏加载时间从3.2s降至1.8s，页面转化率提升12%

■ 企业后台管理系统
  项目目标：搭建企业运营管理后台，实现业务数据可视化
  个人职责：负责权限管理、数据报表模块开发，对接后端接口联调
  项目成果：覆盖12个业务部门，运营效率提升40%","专业技能：Webpack、Element UI、TypeScript、Axios、React、HTML5、移动端适配、Vite、Ant Design、JavaScript
相关证书：软考中级、计算机一级",拥有5年行业经验，技术视野开阔，具备方案设计与项目把控能力；逻辑清晰，善于定位并解决复杂技术问题；具备良好的团队管理与跨部门沟通能力，能够推动技术优化与业务落地；责任心强，追求技术与业务的平衡发展。,前端开发 工程师 从业 Vue 技术 架构 主导 中型 项目 落地 擅长 技术 方案设计 性能 推动 核心 模块 技术 重构 带来 显著 效率 跨部门 协作 项目 推进,电商 平台 前端 重构 升级 旧版 电商 系统 前端 架构 用户 体验 加载 速度 商品 详情页 购物车 模块 开发 组件 封装 公共 组件 首屏 加载 时间 3.2 降至 1.8 页面 转化率 企业 后台 管理系统 搭建 企业 运营 管理 后台 业务 数据可视化 权限 管理 数据报表 模块 开发 对接 后端 接口 联调 覆盖 业务部门 运营 效率,科创 网络科技 前端开发 工程师 至今 分配 模块 编码 测试 保障系统 稳定 运行 编写 开发 文档 沉淀 技术规范 新人 熟悉业务 汇智 网络科技 前端开发 工程师 分配 模块 编码 测试 保障系统 稳定 运行 前端开发 工程师 业务 开发 维护 需求 评审 启明 网络科技 前端开发 工程师 分配 模块 编码 测试 保障系统 稳定 运行 对接 产品 测试 跟进 需求 落地 缺陷 修复,技术 视野 开阔 方案设计 项目 逻辑 清晰 善于 定位 复杂 技术 管理 跨部门 推动 技术 业务 落地 责任心 追求 技术 业务 平衡 发展,Webpack Element UI TypeScript Axios React HTML5 移动端适配 Vite Ant Design JavaScript 软考中级 计算机一级,Webpack、Element UI、TypeScript、Axios、React、HTML5、移动端适配、Vite、Ant Design、JavaScript,软考中级、计算机一级
袁阳,男,18088904869,yuanyang01@qq.com,13155014998,漳州,"期望岗位：Python开发工程师
期望城市：漳州
期望行业：互联网/信息技术/软件服务
期望薪资：3500-4000元",专科信息管理与信息系统专业应届毕业生，掌握Redis、Flask基础技能，完成过课程设计与毕业项目，具备基础代码编写能力与问题排查思路，学习能力强，做事认真踏实，期望从事Python开发工程师相关工作。,"福建信息职业技术学院 | 信息管理与信息系统 | 专科
毕业时间：2022年6月
核心课程：数字信号处理、数据库原理、算法设计与分析、操作系统","【校园实践】
    · 参与学校计算机协会技术部，负责协会网站日常维护
    · 协助老师完成实验室设备管理与系统环境搭建
    · 参与班级课程设计小组，担任后端开发角色","■ 简单爬虫脚本开发
  项目目标：爬取公开网站数据并入库
  个人职责：负责反爬处理、数据清洗、SQLite存储
  项目成果：日均采集数据1万条","专业技能：Redis、Django、爬虫、Flask、MongoDB
相关证书：阿里云ACP云计算认证、红帽RHCE认证",应届毕业，具备扎实的专业基础知识与学习能力，能够快速掌握新技术；工作态度认真负责，有耐心，注重细节；具备良好的团队意识与沟通能力，能够积极配合团队完成任务；期望在工作中积累经验，快速成长。,专科 信息管理与信息系统 应届 毕业生 Redis Flask 课程设计 项目 代码 编写 排查 Python 开发 工程师,简单 爬虫 脚本 开发 爬取 公开 网站 数据 入库 反爬 处理 数据 清洗 SQL ite 存储 日均 采集 数据 万条,学校 计算机 协会 技术部 协会 网站 维护 老师 实验室 设备 管理 系统 环境 搭建 班级 课程设计 小组 后端 开发 角色,应届 基础知识 技术 认真负责,Redis Django 爬虫 Flask MongoDB 阿里云ACP云计算认证 红帽RHCE认证,Redis、Django、爬虫、Flask、MongoDB,阿里云ACP云计算认证、红帽RHCE认证
孟佳怡,女,15092406568,mengjiayi2132@126.com,18253224003,阜阳,"期望岗位：后端开发工程师
期望城市：阜阳
期望行业：互联网/信息技术/软件服务
期望薪资：面议",10年后端开发工程师资深经验，精通全链路技术架构，具备团队技术规划与方案设计能力，主导过多个大型项目重构与升级，在高并发/系统稳定性领域有深厚积累，能够带领团队攻克技术难题，驱动业务技术升级。,"江西交通职业技术学院 | 软件技术 | 专科
毕业时间：2012年6月
核心课程：软件工程、数据库原理、Java程序设计、计算机网络","【微远互联网科技有限公司】 后端开发工程师
2023年3月 - 至今
    · 对接产品、测试团队，跟进需求落地与缺陷修复
    · 负责公司后端开发工程师相关业务的开发与维护，参与需求评审

【云创互联网科技有限公司】 后端开发工程师
2020年3月 - 2023年5月
    · 负责公司后端开发工程师相关业务的开发与维护，参与需求评审
    · 编写开发文档，沉淀技术规范，协助新人熟悉业务

【汇智信息技术有限公司】 后端开发工程师
2017年9月 - 2020年5月
    · 承担分配模块的编码、测试与优化工作，保障系统稳定运行
    · 负责公司后端开发工程师相关业务的开发与维护，参与需求评审","■ 即时通讯服务开发
  项目目标：实现企业内部IM系统后端消息推送与存储
  个人职责：负责消息队列、离线消息、会话管理模块开发
  项目成果：支持万人同时在线，消息送达延迟低于100ms

■ 内容管理系统后端
  项目目标：搭建CMS系统后端服务，支持多站点内容发布
  个人职责：负责文章、栏目、权限模块接口开发，设计数据库表结构
  项目成果：支撑8个站点同时运营，内容发布效率提升3倍","专业技能：Gin、K8s、Python、Kafka、微服务、Redis、MySQL、SpringBoot、PostgreSQL、Go
相关证书：软考中级",拥有10年行业经验，技术视野开阔，具备方案设计与项目把控能力；逻辑清晰，善于定位并解决复杂技术问题；具备良好的团队管理与跨部门沟通能力，能够推动技术优化与业务落地；责任心强，追求技术与业务的平衡发展。,年后 开发 工程师 资深 链路 技术 架构 技术 规划 方案设计 主导 多个 大型项目 重构 升级 并发 系统 稳定性 领域 深厚 带领 攻克 技术难题 驱动 业务 技术升级,即时通讯 服务 开发 企业 内部 IM 系统 后端 消息 推送 存储 消息 队列 离线 消息 会话 管理 模块 开发 万人 同时在线 消息 送达 延迟 低于 100ms 管理系统 后端 搭建 CMS 系统 后端 服务 站点 发布 文章 栏目 权限 模块接口 开发 数据库 结构 支撑 站点 运营 发布 效率,微远 互联网 科技 后端 开发 工程师 至今 对接 产品 测试 跟进 需求 落地 缺陷 修复 后端 开发 工程师 业务 开发 维护 需求 评审 云创 互联网 科技 后端 开发 工程师 后端 开发 工程师 业务 开发 维护 需求 评审 编写 开发 文档 沉淀 技术规范 新人 熟悉业务 汇智 信息技术 后端 开发 工程师 分配 模块 编码 测试 保障系统 稳定 运行 后端 开发 工程师 业务 开发 维护 需求 评审,技术 视野 开阔 方案设计 项目 逻辑 清晰 善于 定位 复杂 技术 管理 跨部门 推动 技术 业务 落地 责任心 追求 技术 业务 平衡 发展,Gin K8s Python Kafka 微服务 Redis MySQL SpringBoot PostgreSQL Go 软考中级,Gin、K8s、Python、Kafka、微服务、Redis、MySQL、SpringBoot、PostgreSQL、Go,软考中级
戴雨桐,女,13995658136,dai雨tong11@outlook.com,15055598785,扬州,"期望岗位：后端开发工程师
期望城市：扬州
期望行业：互联网/信息技术/软件服务
期望薪资：12000-18500元",5年后端开发工程师从业经验，精通Java技术架构，主导过中型项目从0到1落地，擅长技术方案设计与性能优化，曾推动核心模块技术重构，带来显著效率提升，具备跨部门协作与项目推进能力。,"南京理工大学 | 软件技术 | 本科
毕业时间：2017年6月
核心课程：数字信号处理、Python编程、数据结构、计算机网络","【亿联网络】 后端开发工程师
2025年9月 - 至今
    · 负责公司后端开发工程师相关业务的开发与维护，参与需求评审
    · 编写开发文档，沉淀技术规范，协助新人熟悉业务
    · 对接产品、测试团队，跟进需求落地与缺陷修复

【微远数据技术有限公司】 后端开发工程师
2024年9月 - 2025年9月
    · 承担分配模块的编码、测试与优化工作，保障系统稳定运行
    · 对接产品、测试团队，跟进需求落地与缺陷修复
    · 编写开发文档，沉淀技术规范，协助新人熟悉业务

【金蝶数据技术有限公司】 后端开发工程师
2023年1月 - 2024年1月
    · 承担分配模块的编码、测试与优化工作，保障系统稳定运行
    · 负责公司后端开发工程师相关业务的开发与维护，参与需求评审","■ 内容管理系统后端
  项目目标：搭建CMS系统后端服务，支持多站点内容发布
  个人职责：负责文章、栏目、权限模块接口开发，设计数据库表结构
  项目成果：支撑8个站点同时运营，内容发布效率提升3倍

■ 即时通讯服务开发
  项目目标：实现企业内部IM系统后端消息推送与存储
  个人职责：负责消息队列、离线消息、会话管理模块开发
  项目成果：支持万人同时在线，消息送达延迟低于100ms","专业技能：微服务、Gin、SpringBoot、Python、Go、Docker、MySQL、K8s
相关证书：红帽RHCE认证",拥有5年行业经验，技术视野开阔，具备方案设计与项目把控能力；逻辑清晰，善于定位并解决复杂技术问题；具备良好的团队管理与跨部门沟通能力，能够推动技术优化与业务落地；责任心强，追求技术与业务的平衡发展。,年后 开发 工程师 从业 Java 技术 架构 主导 中型 项目 落地 擅长 技术 方案设计 性能 推动 核心 模块 技术 重构 带来 显著 效率 跨部门 协作 项目 推进,管理系统 后端 搭建 CMS 系统 后端 服务 站点 发布 文章 栏目 权限 模块接口 开发 数据库 结构 支撑 站点 运营 发布 效率 即时通讯 服务 开发 企业 内部 IM 系统 后端 消息 推送 存储 消息 队列 离线 消息 会话 管理 模块 开发 万人 同时在线 消息 送达 延迟 低于 100ms,联网络 后端 开发 工程师 至今 后端 开发 工程师 业务 开发 维护 需求 评审 编写 开发 文档 沉淀 技术规范 新人 熟悉业务 对接 产品 测试 跟进 需求 落地 缺陷 修复 微远 数据 技术 后端 开发 工程师 分配 模块 编码 测试 保障系统 稳定 运行 对接 产品 测试 跟进 需求 落地 缺陷 修复 编写 开发 文档 沉淀 技术规范 新人 熟悉业务 金蝶 数据 技术 后端 开发 工程师 分配 模块 编码 测试 保障系统 稳定 运行 后端 开发 工程师 业务 开发 维护 需求 评审,技术 视野 开阔 方案设计 项目 逻辑 清晰 善于 定位 复杂 技术 管理 跨部门 推动 技术 业务 落地 责任心 追求 技术 业务 平衡 发展,微服务 Gin SpringBoot Python Go Docker MySQL K8s 红帽RHCE认证,微服务、Gin、SpringBoot、Python、Go、Docker、MySQL、K8s,红帽RHCE认证
严安然,女,18069354539,yananran388@gmail.com,wx_yananran_786,滁州,"期望岗位：数据分析师
期望城市：滁州
期望行业：互联网/信息技术/软件服务
期望薪资：面议",专科物联网工程专业应届毕业生，掌握Excel、Excel基础技能，完成过课程设计与毕业项目，具备基础代码编写能力与问题排查思路，学习能力强，做事认真踏实，期望从事数据分析师相关工作。,"江西交通职业技术学院 | 物联网工程 | 专科
毕业时间：2022年6月
核心课程：数据库原理、Java程序设计、计算机网络、算法设计与分析","【校园实践】
    · 参与学校计算机协会技术部，负责协会网站日常维护
    · 协助老师完成实验室设备管理与系统环境搭建
    · 参与班级课程设计小组，担任后端开发角色","■ 电商公开数据爬取分析
  项目目标：采集公开电商商品数据并分析
  个人职责：数据爬取、清洗、价格销量分析
  项目成果：输出可视化分析图表","专业技能：Power BI、NumPy、数据可视化、统计学
相关证书：无",应届毕业，具备扎实的专业基础知识与学习能力，能够快速掌握新技术；工作态度认真负责，有耐心，注重细节；具备良好的团队意识与沟通能力，能够积极配合团队完成任务；期望在工作中积累经验，快速成长。,专科 物联网工程 应届 毕业生 Excel Excel 课程设计 项目 代码 编写 排查 数据 分析师,电商 公开 数据 爬取 分析 采集 公开 电商 商品 数据 分析 数据 爬取 清洗 价格 销量 分析 可视化 分析 图表,学校 计算机 协会 技术部 协会 网站 维护 老师 实验室 设备 管理 系统 环境 搭建 班级 课程设计 小组 后端 开发 角色,应届 基础知识 技术 认真负责,Power BI NumPy 数据可视化 统计学,Power BI、NumPy、数据可视化、统计学,
汪梅,女,18728831547,wangmei223@126.com,wx_wangmei_440,芜湖,"期望岗位：Python开发工程师
期望城市：芜湖
期望行业：互联网/信息技术/软件服务
期望薪资：面议",本科网络工程专业应届毕业生，有0段Python开发工程师实习经验，掌握Django技术栈，参与过实习项目开发，具备良好的代码规范与团队协作意识，能够快速上手业务，期望正式入职发展。,"厦门大学 | 网络工程 | 本科
毕业时间：2022年6月
核心课程：Python编程、操作系统、计算机网络、算法设计与分析","【合众科技有限公司】 Python开发工程师（实习）
2021年10月 - 至今
    · 编写开发文档，沉淀技术规范，协助新人熟悉业务
    · 负责公司Python开发工程师相关业务的开发与维护，参与需求评审","■ 自动化办公脚本
  项目目标：批量处理Excel表格数据
  个人职责：实现数据合并、格式转换、自动统计
  项目成果：提升人工效率80%

■ 简单爬虫脚本开发
  项目目标：爬取公开网站数据并入库
  个人职责：负责反爬处理、数据清洗、SQLite存储
  项目成果：日均采集数据1万条","专业技能：MongoDB、Django、FastAPI、MySQL、Redis、Celery
相关证书：英语六级",有实习经验，熟悉开发基本流程，具备基础的项目实践能力；学习能力强，能够快速上手新业务新技术；工作踏实，责任心强，善于沟通协作，能够高效完成分配的工作任务。,本科 网络工程 应届 毕业生 Python 开发 工程师 实习 Django 技术 实习 项目 开发 代码 规范 协作 上手 业务 正式 入职 发展,自动化 办公 脚本 批量 处理 Excel 表格 数据 数据 合并 格式 转换 自动 统计 人工效率 简单 爬虫 脚本 开发 爬取 公开 网站 数据 入库 反爬 处理 数据 清洗 SQL ite 存储 日均 采集 数据 万条,合众 科技 Python 开发 工程师 实习 至今 编写 开发 文档 沉淀 技术规范 新人 熟悉业务 Python 开发 工程师 业务 开发 维护 需求 评审,实习 开发 基本 流程 项目 实践 上手 业务 技术 责任心 善于 协作 高效 分配,MongoDB Django FastAPI MySQL Redis Celery 英语六级,MongoDB、Django、FastAPI、MySQL、Redis、Celery,英语六级
于梓涵,女,18664401095,yu梓han8140@gmail.com,wx_yu梓han_988,南平,"期望岗位：运维工程师
期望城市：南平
期望行业：互联网/信息技术/软件服务
期望薪资：6000-12000元",3年运维工程师工作经验，精通Docker、网络运维技术栈，参与过完整项目迭代，能够独立完成模块开发与问题排查，注重代码质量与开发效率，具备良好的沟通协作能力。,"福建信息职业技术学院 | 数字媒体技术 | 专科
毕业时间：2019年6月
核心课程：数据库原理、Python编程、Java程序设计、操作系统","【美图公司】 运维工程师
2025年8月 - 至今
    · 对接产品、测试团队，跟进需求落地与缺陷修复
    · 负责公司运维工程师相关业务的开发与维护，参与需求评审

【金蝶信息技术有限公司】 运维工程师
2024年3月 - 2025年6月
    · 承担分配模块的编码、测试与优化工作，保障系统稳定运行
    · 对接产品、测试团队，跟进需求落地与缺陷修复
    · 负责公司运维工程师相关业务的开发与维护，参与需求评审","■ CI/CD自动化流水线
  项目目标：实现代码自动化构建、测试、部署，提升发布效率
  个人职责：基于Jenkins搭建持续集成流水线，配置Docker容器化部署
  项目成果：发布周期从每周1次提升至每天3次，部署失误率降为0

■ 服务器集群运维优化
  项目目标：提升服务器集群稳定性，降低故障发生率
  个人职责：负责日常巡检、故障排查，优化监控告警规则与分级策略
  项目成果：服务器故障率下降60%，平均故障响应时间缩短至15分钟","专业技能：Ansible、Kubernetes、Linux、Redis、Prometheus、网络运维、Jenkins、Zabbix、Docker
相关证书：无",拥有3年实际工作经验，技术功底扎实，熟悉完整开发流程；具备较强的问题解决能力，能够独立排查并解决常见技术问题；工作认真负责，注重团队协作，能够高效推进项目落地；持续学习，保持技术敏感度。,运维 工程师 Docker 网络运维 技术 完整 项目 迭代 独立 模块 开发 排查 代码 质量 开发 效率 协作,CI CD 自动化 流水线 代码 自动化 构建 测试 部署 发布 效率 基于 Jenkins 搭建 持续 集成 流水线 配置 Docker 容器 部署 发布 周期 每周 每天 部署 失误 降为 服务器 集群 运维 服务器 集群 稳定性 降低 故障 发生率 巡检 故障 排查 监控 告警 规则 分级 策略 服务器 故障率 下降 平均 故障 响应 时间 缩短 分钟,美图 运维 工程师 至今 对接 产品 测试 跟进 需求 落地 缺陷 修复 运维 工程师 业务 开发 维护 需求 评审 金蝶 信息技术 运维 工程师 分配 模块 编码 测试 保障系统 稳定 运行 对接 产品 测试 跟进 需求 落地 缺陷 修复 运维 工程师 业务 开发 维护 需求 评审,实际 技术 功底 完整 开发 流程 独立 排查 常见 技术 认真负责 协作 高效 推进 项目 落地 持续 保持 技术 敏感度,Ansible Kubernetes Linux Redis Prometheus 网络运维 Jenkins Zabbix Docker,Ansible、Kubernetes、Linux、Redis、Prometheus、网络运维、Jenkins、Zabbix、Docker,
向思琪,女,13320993376,xiangsiqi9074@163.com,wx_xiangsiqi_331,合肥,"期望岗位：后端开发工程师
期望城市：合肥
期望行业：互联网/信息技术/软件服务
期望薪资：6000-7000元",2年后端开发工程师工作经验，精通Docker、Python技术栈，参与过完整项目迭代，能够独立完成模块开发与问题排查，注重代码质量与开发效率，具备良好的沟通协作能力。,"苏州科技大学 | 计算机科学与技术 | 本科
毕业时间：2020年6月
核心课程：Python编程、数据库原理、机器学习、操作系统","【汇智软件有限公司】 后端开发工程师
2025年3月 - 至今
    · 编写开发文档，沉淀技术规范，协助新人熟悉业务
    · 负责公司后端开发工程师相关业务的开发与维护，参与需求评审

【天擎数据技术有限公司】 后端开发工程师
2024年9月 - 2025年4月
    · 编写开发文档，沉淀技术规范，协助新人熟悉业务
    · 负责公司后端开发工程师相关业务的开发与维护，参与需求评审
    · 对接产品、测试团队，跟进需求落地与缺陷修复","■ 即时通讯服务开发
  项目目标：实现企业内部IM系统后端消息推送与存储
  个人职责：负责消息队列、离线消息、会话管理模块开发
  项目成果：支持万人同时在线，消息送达延迟低于100ms

■ 内容管理系统后端
  项目目标：搭建CMS系统后端服务，支持多站点内容发布
  个人职责：负责文章、栏目、权限模块接口开发，设计数据库表结构
  项目成果：支撑8个站点同时运营，内容发布效率提升3倍","专业技能：Java、Docker、Python、MySQL、K8s、PostgreSQL、Kafka、Go、Gin、微服务
相关证书：英语四级、软件设计师（中级）",拥有2年实际工作经验，技术功底扎实，熟悉完整开发流程；具备较强的问题解决能力，能够独立排查并解决常见技术问题；工作认真负责，注重团队协作，能够高效推进项目落地；持续学习，保持技术敏感度。,年后 开发 工程师 Docker Python 技术 完整 项目 迭代 独立 模块 开发 排查 代码 质量 开发 效率 协作,即时通讯 服务 开发 企业 内部 IM 系统 后端 消息 推送 存储 消息 队列 离线 消息 会话 管理 模块 开发 万人 同时在线 消息 送达 延迟 低于 100ms 管理系统 后端 搭建 CMS 系统 后端 服务 站点 发布 文章 栏目 权限 模块接口 开发 数据库 结构 支撑 站点 运营 发布 效率,汇智 软件 后端 开发 工程师 至今 编写 开发 文档 沉淀 技术规范 新人 熟悉业务 后端 开发 工程师 业务 开发 维护 需求 评审 天擎 数据 技术 后端 开发 工程师 编写 开发 文档 沉淀 技术规范 新人 熟悉业务 后端 开发 工程师 业务 开发 维护 需求 评审 对接 产品 测试 跟进 需求 落地 缺陷 修复,实际 技术 功底 完整 开发 流程 独立 排查 常见 技术 认真负责 协作 高效 推进 项目 落地 持续 保持 技术 敏感度,Java Docker Python MySQL K8s PostgreSQL Kafka Go Gin 微服务 英语四级 软件 设计师 中级,Java、Docker、Python、MySQL、K8s、PostgreSQL、Kafka、Go、Gin、微服务,英语四级、软件设计师（中级）
朱恒,男,18976583082,zhuheng0499@163.com,18031213568,莆田,"期望岗位：后端开发工程师
期望城市：莆田
期望行业：互联网/信息技术/软件服务
期望薪资：5000-5500元",专科软件技术专业应届毕业生，掌握Kafka、SpringBoot基础技能，完成过课程设计与毕业项目，具备基础代码编写能力与问题排查思路，学习能力强，做事认真踏实，期望从事后端开发工程师相关工作。,"福建船政交通职业学院 | 软件技术 | 专科
毕业时间：2022年6月
核心课程：Java程序设计、Python编程、计算机网络、算法设计与分析","【校园实践】
    · 参与学校计算机协会技术部，负责协会网站日常维护
    · 协助老师完成实验室设备管理与系统环境搭建
    · 参与班级课程设计小组，担任后端开发角色","■ 图书管理系统后端
  项目目标：实现图书借阅、归还、用户管理功能
  个人职责：负责接口开发与数据库表结构设计
  项目成果：完成核心功能，支持1000条数据量","专业技能：Redis、PostgreSQL、Java、Gin、Docker、微服务
相关证书：计算机二级",应届毕业，具备扎实的专业基础知识与学习能力，能够快速掌握新技术；工作态度认真负责，有耐心，注重细节；具备良好的团队意识与沟通能力，能够积极配合团队完成任务；期望在工作中积累经验，快速成长。,专科 软件技术 应届 毕业生 Kafka SpringBoot 课程设计 项目 代码 编写 排查 后端 开发 工程师,图书 管理系统 后端 图书 借阅 归还 用户 管理 功能 接口 开发 数据库 结构设计 核心 功能 数据量,学校 计算机 协会 技术部 协会 网站 维护 老师 实验室 设备 管理 系统 环境 搭建 班级 课程设计 小组 后端 开发 角色,应届 基础知识 技术 认真负责,Redis PostgreSQL Java Gin Docker 微服务 计算机二级,Redis、PostgreSQL、Java、Gin、Docker、微服务,计算机二级
严宇,男,17630502358,yanyu25@126.com,13555477783,温州,"期望岗位：Python开发工程师
期望城市：温州
期望行业：互联网/信息技术/软件服务
期望薪资：面议",专科计算机科学与技术专业应届毕业生，掌握Celery、Linux基础技能，完成过课程设计与毕业项目，具备基础代码编写能力与问题排查思路，学习能力强，做事认真踏实，期望从事Python开发工程师相关工作。,"广东轻工职业技术学院 | 计算机科学与技术 | 专科
毕业时间：2022年6月
核心课程：数字信号处理、计算机网络、算法设计与分析、Java程序设计","【校园实践】
    · 参与学校计算机协会技术部，负责协会网站日常维护
    · 协助老师完成实验室设备管理与系统环境搭建
    · 参与班级课程设计小组，担任后端开发角色","■ 简单爬虫脚本开发
  项目目标：爬取公开网站数据并入库
  个人职责：负责反爬处理、数据清洗、SQLite存储
  项目成果：日均采集数据1万条","专业技能：MongoDB、MySQL、Django、Docker、Git、FastAPI、Flask
相关证书：计算机二级",应届毕业，具备扎实的专业基础知识与学习能力，能够快速掌握新技术；工作态度认真负责，有耐心，注重细节；具备良好的团队意识与沟通能力，能够积极配合团队完成任务；期望在工作中积累经验，快速成长。,专科 计算机科学与技术 应届 毕业生 Celery Linux 课程设计 项目 代码 编写 排查 Python 开发 工程师,简单 爬虫 脚本 开发 爬取 公开 网站 数据 入库 反爬 处理 数据 清洗 SQL ite 存储 日均 采集 数据 万条,学校 计算机 协会 技术部 协会 网站 维护 老师 实验室 设备 管理 系统 环境 搭建 班级 课程设计 小组 后端 开发 角色,应届 基础知识 技术 认真负责,MongoDB MySQL Django Docker Git FastAPI Flask 计算机二级,MongoDB、MySQL、Django、Docker、Git、FastAPI、Flask,计算机二级
许洋,男,18485129580,xuyang6683@163.com,wx_xuyang_326,宁波,"期望岗位：Python开发工程师
期望城市：宁波
期望行业：互联网/信息技术/软件服务
期望薪资：7000-7500元",本科物联网工程专业应届毕业生，有1段Python开发工程师实习经验，掌握爬虫技术栈，参与过实习项目开发，具备良好的代码规范与团队协作意识，能够快速上手业务，期望正式入职发展。,"东南大学 | 物联网工程 | 本科
毕业时间：2021年6月
核心课程：数据库原理、Python编程、数字信号处理、计算机网络","【科创信息技术有限公司】 Python开发工程师（实习）
2025年12月 - 至今
    · 负责公司Python开发工程师相关业务的开发与维护，参与需求评审
    · 编写开发文档，沉淀技术规范，协助新人熟悉业务","■ 简单爬虫脚本开发
  项目目标：爬取公开网站数据并入库
  个人职责：负责反爬处理、数据清洗、SQLite存储
  项目成果：日均采集数据1万条

■ 自动化办公脚本
  项目目标：批量处理Excel表格数据
  个人职责：实现数据合并、格式转换、自动统计
  项目成果：提升人工效率80%","专业技能：Python、MySQL、Celery、Docker、MongoDB、Redis
相关证书：英语四级、MySQL数据库认证",有实习经验，熟悉开发基本流程，具备基础的项目实践能力；学习能力强，能够快速上手新业务新技术；工作踏实，责任心强，善于沟通协作，能够高效完成分配的工作任务。,本科 物联网工程 应届 毕业生 Python 开发 工程师 实习 爬虫 技术 实习 项目 开发 代码 规范 协作 上手 业务 正式 入职 发展,简单 爬虫 脚本 开发 爬取 公开 网站 数据 入库 反爬 处理 数据 清洗 SQL ite 存储 日均 采集 数据 万条 自动化 办公 脚本 批量 处理 Excel 表格 数据 数据 合并 格式 转换 自动 统计 人工效率,科创 信息技术 Python 开发 工程师 实习 至今 Python 开发 工程师 业务 开发 维护 需求 评审 编写 开发 文档 沉淀 技术规范 新人 熟悉业务,实习 开发 基本 流程 项目 实践 上手 业务 技术 责任心 善于 协作 高效 分配,Python MySQL Celery Docker MongoDB Redis 英语四级 MySQL数据库认证,Python、MySQL、Celery、Docker、MongoDB、Redis,英语四级、MySQL数据库认证
顾琳,女,15001097236,gulin017@qq.com,15128363289,福州,"期望岗位：软件测试工程师
期望城市：福州
期望行业：互联网/信息技术/软件服务
期望薪资：26000-28500元",9年软件测试工程师资深经验，精通全链路技术架构，具备团队技术规划与方案设计能力，主导过多个大型项目重构与升级，在高并发/系统稳定性领域有深厚积累，能够带领团队攻克技术难题，驱动业务技术升级。,"福建师范大学 | 计算机应用技术 | 本科
毕业时间：2013年6月
核心课程：数据库原理、数据结构、机器学习、Python编程","【博思数据技术有限公司】 软件测试工程师
2023年1月 - 至今
    · 负责公司软件测试工程师相关业务的开发与维护，参与需求评审
    · 对接产品、测试团队，跟进需求落地与缺陷修复
    · 编写开发文档，沉淀技术规范，协助新人熟悉业务

【东软软件有限公司】 软件测试工程师
2020年5月 - 2023年4月
    · 对接产品、测试团队，跟进需求落地与缺陷修复
    · 承担分配模块的编码、测试与优化工作，保障系统稳定运行
    · 编写开发文档，沉淀技术规范，协助新人熟悉业务

【用友信息技术有限公司】 软件测试工程师
2017年2月 - 2020年1月
    · 编写开发文档，沉淀技术规范，协助新人熟悉业务
    · 承担分配模块的编码、测试与优化工作，保障系统稳定运行
    · 负责公司软件测试工程师相关业务的开发与维护，参与需求评审","■ 自动化测试框架搭建
  项目目标：提升回归测试效率，减少人工重复劳动
  个人职责：基于Selenium搭建UI自动化框架，编写核心模块测试脚本
  项目成果：回归测试周期从7天缩短至2天，覆盖率达85%

■ 电商平台功能测试
  项目目标：保障电商系统上线质量，覆盖全业务流程
  个人职责：设计测试用例，执行功能、回归测试，提交缺陷报告
  项目成果：发现并修复120+缺陷，上线后线上缺陷率低于0.5%","专业技能：功能测试、Selenium、缺陷管理、TestNG、测试用例设计、Appium
相关证书：英语六级、计算机二级",拥有9年行业经验，技术视野开阔，具备方案设计与项目把控能力；逻辑清晰，善于定位并解决复杂技术问题；具备良好的团队管理与跨部门沟通能力，能够推动技术优化与业务落地；责任心强，追求技术与业务的平衡发展。,软件测试 工程师 资深 链路 技术 架构 技术 规划 方案设计 主导 多个 大型项目 重构 升级 并发 系统 稳定性 领域 深厚 带领 攻克 技术难题 驱动 业务 技术升级,自动化 测试 框架 搭建 回归 测试 效率 减少 人工 重复劳动 基于 Selenium 搭建 UI 自动化 框架 编写 核心 模块 测试 脚本 回归 测试 周期 缩短 覆盖率 电商 平台 功能测试 保障 电商 系统 上线 质量 覆盖 业务流程 测试用例 执行 功能 回归 测试 提交 缺陷 报告 发现 修复 缺陷 上线 后线 缺陷率 低于,博思 数据 技术 软件测试 工程师 至今 软件测试 工程师 业务 开发 维护 需求 评审 对接 产品 测试 跟进 需求 落地 缺陷 修复 编写 开发 文档 沉淀 技术规范 新人 熟悉业务 东软 软件 软件测试 工程师 对接 产品 测试 跟进 需求 落地 缺陷 修复 分配 模块 编码 测试 保障系统 稳定 运行 编写 开发 文档 沉淀 技术规范 新人 熟悉业务 用友 信息技术 软件测试 工程师 编写 开发 文档 沉淀 技术规范 新人 熟悉业务 分配 模块 编码 测试 保障系统 稳定 运行 软件测试 工程师 业务 开发 维护 需求 评审,技术 视野 开阔 方案设计 项目 逻辑 清晰 善于 定位 复杂 技术 管理 跨部门 推动 技术 业务 落地 责任心 追求 技术 业务 平衡 发展,功能测试 Selenium 缺陷管理 TestNG 测试用例设计 Appium 英语六级 计算机二级,功能测试、Selenium、缺陷管理、TestNG、测试用例设计、Appium,英语六级、计算机二级
廖天佑,男,18419329089,liao天you72@outlook.com,wx_liao天you_223,安庆,"期望岗位：运维工程师
期望城市：安庆
期望行业：互联网/信息技术/软件服务
期望薪资：面议",3年运维工程师从业经验，精通Redis技术架构，主导过中型项目从0到1落地，擅长技术方案设计与性能优化，曾推动核心模块技术重构，带来显著效率提升，具备跨部门协作与项目推进能力。,"佛山科学技术学院 | 物联网工程 | 本科
毕业时间：2019年6月
核心课程：算法设计与分析、操作系统、数字信号处理、数据结构","【网易（杭州）】 运维工程师
2025年12月 - 至今
    · 负责公司运维工程师相关业务的开发与维护，参与需求评审
    · 编写开发文档，沉淀技术规范，协助新人熟悉业务

【通元软件有限公司】 运维工程师
2024年10月 - 2025年11月
    · 承担分配模块的编码、测试与优化工作，保障系统稳定运行
    · 编写开发文档，沉淀技术规范，协助新人熟悉业务
    · 对接产品、测试团队，跟进需求落地与缺陷修复","■ CI/CD自动化流水线
  项目目标：实现代码自动化构建、测试、部署，提升发布效率
  个人职责：基于Jenkins搭建持续集成流水线，配置Docker容器化部署
  项目成果：发布周期从每周1次提升至每天3次，部署失误率降为0

■ 服务器集群运维优化
  项目目标：提升服务器集群稳定性，降低故障发生率
  个人职责：负责日常巡检、故障排查，优化监控告警规则与分级策略
  项目成果：服务器故障率下降60%，平均故障响应时间缩短至15分钟","专业技能：网络运维、Shell、Prometheus、Docker、Jenkins、Nginx、Linux、Redis、MySQL
相关证书：无",拥有3年行业经验，技术视野开阔，具备方案设计与项目把控能力；逻辑清晰，善于定位并解决复杂技术问题；具备良好的团队管理与跨部门沟通能力，能够推动技术优化与业务落地；责任心强，追求技术与业务的平衡发展。,运维 工程师 从业 Redis 技术 架构 主导 中型 项目 落地 擅长 技术 方案设计 性能 推动 核心 模块 技术 重构 带来 显著 效率 跨部门 协作 项目 推进,CI CD 自动化 流水线 代码 自动化 构建 测试 部署 发布 效率 基于 Jenkins 搭建 持续 集成 流水线 配置 Docker 容器 部署 发布 周期 每周 每天 部署 失误 降为 服务器 集群 运维 服务器 集群 稳定性 降低 故障 发生率 巡检 故障 排查 监控 告警 规则 分级 策略 服务器 故障率 下降 平均 故障 响应 时间 缩短 分钟,网易 杭州 运维 工程师 至今 运维 工程师 业务 开发 维护 需求 评审 编写 开发 文档 沉淀 技术规范 新人 熟悉业务 通元 软件 运维 工程师 分配 模块 编码 测试 保障系统 稳定 运行 编写 开发 文档 沉淀 技术规范 新人 熟悉业务 对接 产品 测试 跟进 需求 落地 缺陷 修复,技术 视野 开阔 方案设计 项目 逻辑 清晰 善于 定位 复杂 技术 管理 跨部门 推动 技术 业务 落地 责任心 追求 技术 业务 平衡 发展,网络运维 Shell Prometheus Docker Jenkins Nginx Linux Redis MySQL,网络运维、Shell、Prometheus、Docker、Jenkins、Nginx、Linux、Redis、MySQL,
马皓,男,15098311293,mahao175@gmail.com,wx_mahao_942,苏州,"期望岗位：后端开发工程师
期望城市：苏州
期望行业：互联网/信息技术/软件服务
期望薪资：17500-24500元",7年后端开发工程师资深经验，精通全链路技术架构，具备团队技术规划与方案设计能力，主导过多个大型项目重构与升级，在高并发/系统稳定性领域有深厚积累，能够带领团队攻克技术难题，驱动业务技术升级。,"南京大学 | 通信工程 | 本科
毕业时间：2015年6月
核心课程：数字信号处理、Python编程、机器学习、操作系统","【星图互联网科技有限公司】 后端开发工程师
2024年2月 - 至今
    · 对接产品、测试团队，跟进需求落地与缺陷修复
    · 负责公司后端开发工程师相关业务的开发与维护，参与需求评审
    · 编写开发文档，沉淀技术规范，协助新人熟悉业务

【易联网络科技有限公司】 后端开发工程师
2022年4月 - 2024年10月
    · 承担分配模块的编码、测试与优化工作，保障系统稳定运行
    · 编写开发文档，沉淀技术规范，协助新人熟悉业务

【安硕科技有限公司】 后端开发工程师
2020年12月 - 2022年6月
    · 对接产品、测试团队，跟进需求落地与缺陷修复
    · 编写开发文档，沉淀技术规范，协助新人熟悉业务","■ 即时通讯服务开发
  项目目标：实现企业内部IM系统后端消息推送与存储
  个人职责：负责消息队列、离线消息、会话管理模块开发
  项目成果：支持万人同时在线，消息送达延迟低于100ms

■ 内容管理系统后端
  项目目标：搭建CMS系统后端服务，支持多站点内容发布
  个人职责：负责文章、栏目、权限模块接口开发，设计数据库表结构
  项目成果：支撑8个站点同时运营，内容发布效率提升3倍","专业技能：Docker、K8s、Java、MySQL、SpringBoot、PostgreSQL、Kafka、Gin、微服务、Go
相关证书：无",拥有7年行业经验，技术视野开阔，具备方案设计与项目把控能力；逻辑清晰，善于定位并解决复杂技术问题；具备良好的团队管理与跨部门沟通能力，能够推动技术优化与业务落地；责任心强，追求技术与业务的平衡发展。,年后 开发 工程师 资深 链路 技术 架构 技术 规划 方案设计 主导 多个 大型项目 重构 升级 并发 系统 稳定性 领域 深厚 带领 攻克 技术难题 驱动 业务 技术升级,即时通讯 服务 开发 企业 内部 IM 系统 后端 消息 推送 存储 消息 队列 离线 消息 会话 管理 模块 开发 万人 同时在线 消息 送达 延迟 低于 100ms 管理系统 后端 搭建 CMS 系统 后端 服务 站点 发布 文章 栏目 权限 模块接口 开发 数据库 结构 支撑 站点 运营 发布 效率,星图 互联网 科技 后端 开发 工程师 至今 对接 产品 测试 跟进 需求 落地 缺陷 修复 后端 开发 工程师 业务 开发 维护 需求 评审 编写 开发 文档 沉淀 技术规范 新人 熟悉业务 联网络 科技 后端 开发 工程师 分配 模块 编码 测试 保障系统 稳定 运行 编写 开发 文档 沉淀 技术规范 新人 熟悉业务 安硕 科技 后端 开发 工程师 对接 产品 测试 跟进 需求 落地 缺陷 修复 编写 开发 文档 沉淀 技术规范 新人 熟悉业务,技术 视野 开阔 方案设计 项目 逻辑 清晰 善于 定位 复杂 技术 管理 跨部门 推动 技术 业务 落地 责任心 追求 技术 业务 平衡 发展,Docker K8s Java MySQL SpringBoot PostgreSQL Kafka Gin 微服务 Go,Docker、K8s、Java、MySQL、SpringBoot、PostgreSQL、Kafka、Gin、微服务、Go,
黎紫涵,女,13791616509,li紫han0680@outlook.com,15976786215,滁州,"期望岗位：数据分析师
期望城市：滁州
期望行业：互联网/信息技术/软件服务
期望薪资：17500-19000元",5年数据分析师从业经验，精通Python技术架构，主导过中型项目从0到1落地，擅长技术方案设计与性能优化，曾推动核心模块技术重构，带来显著效率提升，具备跨部门协作与项目推进能力。,"深圳职业技术学院 | 软件技术 | 专科
毕业时间：2017年6月
核心课程：计算机网络、算法设计与分析、Python编程、软件工程","【合众数据技术有限公司】 数据分析师
2025年5月 - 至今
    · 承担分配模块的编码、测试与优化工作，保障系统稳定运行
    · 对接产品、测试团队，跟进需求落地与缺陷修复
    · 编写开发文档，沉淀技术规范，协助新人熟悉业务

【未来科技有限公司】 数据分析师
2024年11月 - 2025年1月
    · 承担分配模块的编码、测试与优化工作，保障系统稳定运行
    · 负责公司数据分析师相关业务的开发与维护，参与需求评审
    · 编写开发文档，沉淀技术规范，协助新人熟悉业务

【天擎数据技术有限公司】 数据分析师
2023年12月 - 2024年9月
    · 负责公司数据分析师相关业务的开发与维护，参与需求评审
    · 承担分配模块的编码、测试与优化工作，保障系统稳定运行
    · 对接产品、测试团队，跟进需求落地与缺陷修复","■ 用户行为分析看板
  项目目标：构建用户行为数据体系，支撑运营决策
  个人职责：负责数据清洗、指标体系搭建，输出可视化运营报表
  项目成果：输出15+核心运营指标，支撑每月3次运营优化，用户留存率提升8%

■ 销售数据预测建模
  项目目标：基于历史数据预测销量，指导库存与备货
  个人职责：数据预处理，构建时间序列预测模型，输出月度预测报告
  项目成果：预测准确率达89%，库存周转效率提升25%","专业技能：NumPy、MySQL、Power BI、统计学、Hive、Python、Excel、Pandas
相关证书：软件设计师（中级）、MySQL数据库认证、软考中级",拥有5年行业经验，技术视野开阔，具备方案设计与项目把控能力；逻辑清晰，善于定位并解决复杂技术问题；具备良好的团队管理与跨部门沟通能力，能够推动技术优化与业务落地；责任心强，追求技术与业务的平衡发展。,数据 分析师 从业 Python 技术 架构 主导 中型 项目 落地 擅长 技术 方案设计 性能 推动 核心 模块 技术 重构 带来 显著 效率 跨部门 协作 项目 推进,用户 行为 分析 看板 构建 用户 行为 数据 体系 支撑 运营 决策 数据 清洗 指标体系 搭建 可视化 运营 报表 核心 运营 指标 支撑 每月 运营 用户 留存 销售 数据 预测 建模 基于 历史数据 预测 销量 指导 库存 备货 数据 预处理 构建 时间 序列 预测 模型 月度 预测 报告 预测 准确率 库存 周转 效率,合众 数据 技术 数据 分析师 至今 分配 模块 编码 测试 保障系统 稳定 运行 对接 产品 测试 跟进 需求 落地 缺陷 修复 编写 开发 文档 沉淀 技术规范 新人 熟悉业务 未来 科技 数据 分析师 分配 模块 编码 测试 保障系统 稳定 运行 数据 分析师 业务 开发 维护 需求 评审 编写 开发 文档 沉淀 技术规范 新人 熟悉业务 天擎 数据 技术 数据 分析师 数据 分析师 业务 开发 维护 需求 评审 分配 模块 编码 测试 保障系统 稳定 运行 对接 产品 测试 跟进 需求 落地 缺陷 修复,技术 视野 开阔 方案设计 项目 逻辑 清晰 善于 定位 复杂 技术 管理 跨部门 推动 技术 业务 落地 责任心 追求 技术 业务 平衡 发展,NumPy MySQL Power BI 统计学 Hive Python Excel Pandas 软件 设计师 中级 MySQL数据库认证 软考中级,NumPy、MySQL、Power BI、统计学、Hive、Python、Excel、Pandas,软件设计师（中级）、MySQL数据库认证、软考中级
魏晨,男,13189570718,weichen07@outlook.com,15539493420,无锡,"期望岗位：前端开发工程师
期望城市：无锡
期望行业：互联网/信息技术/软件服务
期望薪资：面议",专科计算机科学与技术专业应届毕业生，有0段前端开发工程师实习经验，掌握Webpack技术栈，参与过实习项目开发，具备良好的代码规范与团队协作意识，能够快速上手业务，期望正式入职发展。,"福建信息职业技术学院 | 计算机科学与技术 | 专科
毕业时间：2022年6月
核心课程：数据结构、数据库原理、软件工程、算法设计与分析","【科创互联网科技有限公司】 前端开发工程师（实习）
2023年11月 - 至今
    · 编写开发文档，沉淀技术规范，协助新人熟悉业务
    · 对接产品、测试团队，跟进需求落地与缺陷修复
    · 负责公司前端开发工程师相关业务的开发与维护，参与需求评审","■ 校园社团官网（实训项目）
  项目目标：为学校社团开发官方展示网站
  个人职责：负责首页、新闻页、成员页开发
  项目成果：上线后访问量累计5000+

■ 个人博客系统（课程作业）
  项目目标：开发个人博客前端页面，实现文章展示与评论
  个人职责：负责页面布局、交互效果、接口联调
  项目成果：完成响应式页面，兼容多浏览器","专业技能：Axios、React、移动端适配、Element UI、CSS3
相关证书：英语六级、计算机一级",有实习经验，熟悉开发基本流程，具备基础的项目实践能力；学习能力强，能够快速上手新业务新技术；工作踏实，责任心强，善于沟通协作，能够高效完成分配的工作任务。,专科 计算机科学与技术 应届 毕业生 前端开发 工程师 实习 Webpack 技术 实习 项目 开发 代码 规范 协作 上手 业务 正式 入职 发展,社团 官网 实训 项目 学校 社团 开发 官方 展示 网站 首页 新闻页 成员 开发 上线 访问量 累计 博客 系统 作业 开发 博客 前端 页面 文章 展示 评论 页面 布局 交互 效果 接口 联调 响应 页面 兼容 浏览器,科创 互联网 科技 前端开发 工程师 实习 至今 编写 开发 文档 沉淀 技术规范 新人 熟悉业务 对接 产品 测试 跟进 需求 落地 缺陷 修复 前端开发 工程师 业务 开发 维护 需求 评审,实习 开发 基本 流程 项目 实践 上手 业务 技术 责任心 善于 协作 高效 分配,Axios React 移动端适配 Element UI CSS3 英语六级 计算机一级,Axios、React、移动端适配、Element UI、CSS3,英语六级、计算机一级
蒋阳,男,18945168793,jiangyang8821@126.com,18939817014,阜阳,"期望岗位：运维工程师
期望城市：阜阳
期望行业：互联网/信息技术/软件服务
期望薪资：15000-17000元",3年运维工程师从业经验，精通Linux技术架构，主导过中型项目从0到1落地，擅长技术方案设计与性能优化，曾推动核心模块技术重构，带来显著效率提升，具备跨部门协作与项目推进能力。,"浙江大学 | 数学与应用数学 | 本科
毕业时间：2019年6月
核心课程：算法设计与分析、Java程序设计、Python编程、计算机网络","【阿里巴巴（福州分公司）】 运维工程师
2025年1月 - 至今
    · 负责公司运维工程师相关业务的开发与维护，参与需求评审
    · 承担分配模块的编码、测试与优化工作，保障系统稳定运行

【云创互联网科技有限公司】 运维工程师
2024年7月 - 2025年12月
    · 对接产品、测试团队，跟进需求落地与缺陷修复
    · 编写开发文档，沉淀技术规范，协助新人熟悉业务","■ CI/CD自动化流水线
  项目目标：实现代码自动化构建、测试、部署，提升发布效率
  个人职责：基于Jenkins搭建持续集成流水线，配置Docker容器化部署
  项目成果：发布周期从每周1次提升至每天3次，部署失误率降为0

■ 服务器集群运维优化
  项目目标：提升服务器集群稳定性，降低故障发生率
  个人职责：负责日常巡检、故障排查，优化监控告警规则与分级策略
  项目成果：服务器故障率下降60%，平均故障响应时间缩短至15分钟","专业技能：Redis、Shell、Prometheus、MySQL、Nginx、Zabbix、网络运维
相关证书：MySQL数据库认证、华为HCIA认证",拥有3年行业经验，技术视野开阔，具备方案设计与项目把控能力；逻辑清晰，善于定位并解决复杂技术问题；具备良好的团队管理与跨部门沟通能力，能够推动技术优化与业务落地；责任心强，追求技术与业务的平衡发展。,运维 工程师 从业 Linux 技术 架构 主导 中型 项目 落地 擅长 技术 方案设计 性能 推动 核心 模块 技术 重构 带来 显著 效率 跨部门 协作 项目 推进,CI CD 自动化 流水线 代码 自动化 构建 测试 部署 发布 效率 基于 Jenkins 搭建 持续 集成 流水线 配置 Docker 容器 部署 发布 周期 每周 每天 部署 失误 降为 服务器 集群 运维 服务器 集群 稳定性 降低 故障 发生率 巡检 故障 排查 监控 告警 规则 分级 策略 服务器 故障率 下降 平均 故障 响应 时间 缩短 分钟,阿里巴巴 福州 分公司 运维 工程师 至今 运维 工程师 业务 开发 维护 需求 评审 分配 模块 编码 测试 保障系统 稳定 运行 云创 互联网 科技 运维 工程师 对接 产品 测试 跟进 需求 落地 缺陷 修复 编写 开发 文档 沉淀 技术规范 新人 熟悉业务,技术 视野 开阔 方案设计 项目 逻辑 清晰 善于 定位 复杂 技术 管理 跨部门 推动 技术 业务 落地 责任心 追求 技术 业务 平衡 发展,Redis Shell Prometheus MySQL Nginx Zabbix 网络运维 MySQL数据库认证 华为HCIA认证,Redis、Shell、Prometheus、MySQL、Nginx、Zabbix、网络运维,MySQL数据库认证、华为HCIA认证
覃杰,男,17692015380,qinjie785@gmail.com,wx_qinjie_230,合肥,"期望岗位：数据分析师
期望城市：合肥
期望行业：互联网/信息技术/软件服务
期望薪资：6500-7500元",专科信息管理与信息系统专业应届毕业生，有1段数据分析师实习经验，掌握统计学技术栈，参与过实习项目开发，具备良好的代码规范与团队协作意识，能够快速上手业务，期望正式入职发展。,"深圳职业技术学院 | 信息管理与信息系统 | 专科
毕业时间：2021年6月
核心课程：Java程序设计、算法设计与分析、Python编程、数据结构","【亿联网络】 数据分析师（实习）
2025年10月 - 至今
    · 对接产品、测试团队，跟进需求落地与缺陷修复
    · 编写开发文档，沉淀技术规范，协助新人熟悉业务","■ 学生成绩数据分析
  项目目标：对班级期末成绩进行统计分析
  个人职责：数据清洗、可视化图表制作、结论输出
  项目成果：输出分析报告，提出3点教学建议

■ 电商公开数据爬取分析
  项目目标：采集公开电商商品数据并分析
  个人职责：数据爬取、清洗、价格销量分析
  项目成果：输出可视化分析图表","专业技能：Tableau、Python、NumPy、Excel
相关证书：华为HCIA认证",有实习经验，熟悉开发基本流程，具备基础的项目实践能力；学习能力强，能够快速上手新业务新技术；工作踏实，责任心强，善于沟通协作，能够高效完成分配的工作任务。,专科 信息管理与信息系统 应届 毕业生 数据 分析师 实习 统计学 技术 实习 项目 开发 代码 规范 协作 上手 业务 正式 入职 发展,学生 成绩 数据分析 班级 期末 成绩 统计分析 数据 清洗 可视化 图表 制作 结论 分析报告 提出 教学 建议 电商 公开 数据 爬取 分析 采集 公开 电商 商品 数据 分析 数据 爬取 清洗 价格 销量 分析 可视化 分析 图表,联网络 数据 分析师 实习 至今 对接 产品 测试 跟进 需求 落地 缺陷 修复 编写 开发 文档 沉淀 技术规范 新人 熟悉业务,实习 开发 基本 流程 项目 实践 上手 业务 技术 责任心 善于 协作 高效 分配,Tableau Python NumPy Excel 华为HCIA认证,Tableau、Python、NumPy、Excel,华为HCIA认证
覃燕,女,18611916105,qinyan3585@126.com,17679054424,绍兴,"期望岗位：前端开发工程师
期望城市：绍兴
期望行业：互联网/信息技术/软件服务
期望薪资：面议",3年前端开发工程师工作经验，精通Element UI、React技术栈，参与过完整项目迭代，能够独立完成模块开发与问题排查，注重代码质量与开发效率，具备良好的沟通协作能力。,"广东轻工职业技术学院 | 网络工程 | 专科
毕业时间：2019年6月
核心课程：操作系统、数据结构、机器学习、算法设计与分析","【东软科技有限公司】 前端开发工程师
2025年5月 - 至今
    · 承担分配模块的编码、测试与优化工作，保障系统稳定运行
    · 对接产品、测试团队，跟进需求落地与缺陷修复
    · 编写开发文档，沉淀技术规范，协助新人熟悉业务

【汇智科技有限公司】 前端开发工程师
2024年9月 - 2025年12月
    · 编写开发文档，沉淀技术规范，协助新人熟悉业务
    · 负责公司前端开发工程师相关业务的开发与维护，参与需求评审","■ 企业后台管理系统
  项目目标：搭建企业运营管理后台，实现业务数据可视化
  个人职责：负责权限管理、数据报表模块开发，对接后端接口联调
  项目成果：覆盖12个业务部门，运营效率提升40%

■ 电商平台前端重构
  项目目标：升级旧版电商系统前端架构，提升用户体验与加载速度
  个人职责：负责商品详情页、购物车模块开发，组件化封装公共组件
  项目成果：首屏加载时间从3.2s降至1.8s，页面转化率提升12%","专业技能：Element UI、Vite、JavaScript、移动端适配、Vue、TypeScript、HTML5、Ant Design、Webpack、CSS3
相关证书：无",拥有3年实际工作经验，技术功底扎实，熟悉完整开发流程；具备较强的问题解决能力，能够独立排查并解决常见技术问题；工作认真负责，注重团队协作，能够高效推进项目落地；持续学习，保持技术敏感度。,前端开发 工程师 Element UI React 技术 完整 项目 迭代 独立 模块 开发 排查 代码 质量 开发 效率 协作,企业 后台 管理系统 搭建 企业 运营 管理 后台 业务 数据可视化 权限 管理 数据报表 模块 开发 对接 后端 接口 联调 覆盖 业务部门 运营 效率 电商 平台 前端 重构 升级 旧版 电商 系统 前端 架构 用户 体验 加载 速度 商品 详情页 购物车 模块 开发 组件 封装 公共 组件 首屏 加载 时间 3.2 降至 1.8 页面 转化率,东软 科技 前端开发 工程师 至今 分配 模块 编码 测试 保障系统 稳定 运行 对接 产品 测试 跟进 需求 落地 缺陷 修复 编写 开发 文档 沉淀 技术规范 新人 熟悉业务 汇智 科技 前端开发 工程师 编写 开发 文档 沉淀 技术规范 新人 熟悉业务 前端开发 工程师 业务 开发 维护 需求 评审,实际 技术 功底 完整 开发 流程 独立 排查 常见 技术 认真负责 协作 高效 推进 项目 落地 持续 保持 技术 敏感度,Element UI Vite JavaScript 移动端适配 Vue TypeScript HTML5 Ant Design Webpack CSS3,Element UI、Vite、JavaScript、移动端适配、Vue、TypeScript、HTML5、Ant Design、Webpack、CSS3,
袁雨桐,女,15908528161,yuan雨tong926@gmail.com,wx_yuan雨tong_756,南通,"期望岗位：前端开发工程师
期望城市：南通
期望行业：互联网/信息技术/软件服务
期望薪资：面议",10年前端开发工程师资深经验，精通全链路技术架构，具备团队技术规划与方案设计能力，主导过多个大型项目重构与升级，在高并发/系统稳定性领域有深厚积累，能够带领团队攻克技术难题，驱动业务技术升级。,"广东技术师范大学 | 数学与应用数学 | 本科
毕业时间：2012年6月
核心课程：数据结构、计算机网络、操作系统、软件工程","【汇智信息技术有限公司】 前端开发工程师
2023年9月 - 至今
    · 负责公司前端开发工程师相关业务的开发与维护，参与需求评审
    · 对接产品、测试团队，跟进需求落地与缺陷修复

【安硕互联网科技有限公司】 前端开发工程师
2020年10月 - 2023年12月
    · 对接产品、测试团队，跟进需求落地与缺陷修复
    · 编写开发文档，沉淀技术规范，协助新人熟悉业务
    · 负责公司前端开发工程师相关业务的开发与维护，参与需求评审

【通元信息技术有限公司】 前端开发工程师
2017年12月 - 2020年7月
    · 编写开发文档，沉淀技术规范，协助新人熟悉业务
    · 负责公司前端开发工程师相关业务的开发与维护，参与需求评审
    · 对接产品、测试团队，跟进需求落地与缺陷修复","■ 企业后台管理系统
  项目目标：搭建企业运营管理后台，实现业务数据可视化
  个人职责：负责权限管理、数据报表模块开发，对接后端接口联调
  项目成果：覆盖12个业务部门，运营效率提升40%

■ 电商平台前端重构
  项目目标：升级旧版电商系统前端架构，提升用户体验与加载速度
  个人职责：负责商品详情页、购物车模块开发，组件化封装公共组件
  项目成果：首屏加载时间从3.2s降至1.8s，页面转化率提升12%","专业技能：移动端适配、JavaScript、TypeScript、Vite、HTML5、Vue
相关证书：无",拥有10年行业经验，技术视野开阔，具备方案设计与项目把控能力；逻辑清晰，善于定位并解决复杂技术问题；具备良好的团队管理与跨部门沟通能力，能够推动技术优化与业务落地；责任心强，追求技术与业务的平衡发展。,前端开发 工程师 资深 链路 技术 架构 技术 规划 方案设计 主导 多个 大型项目 重构 升级 并发 系统 稳定性 领域 深厚 带领 攻克 技术难题 驱动 业务 技术升级,企业 后台 管理系统 搭建 企业 运营 管理 后台 业务 数据可视化 权限 管理 数据报表 模块 开发 对接 后端 接口 联调 覆盖 业务部门 运营 效率 电商 平台 前端 重构 升级 旧版 电商 系统 前端 架构 用户 体验 加载 速度 商品 详情页 购物车 模块 开发 组件 封装 公共 组件 首屏 加载 时间 3.2 降至 1.8 页面 转化率,汇智 信息技术 前端开发 工程师 至今 前端开发 工程师 业务 开发 维护 需求 评审 对接 产品 测试 跟进 需求 落地 缺陷 修复 安硕 互联网 科技 前端开发 工程师 对接 产品 测试 跟进 需求 落地 缺陷 修复 编写 开发 文档 沉淀 技术规范 新人 熟悉业务 前端开发 工程师 业务 开发 维护 需求 评审 通元 信息技术 前端开发 工程师 编写 开发 文档 沉淀 技术规范 新人 熟悉业务 前端开发 工程师 业务 开发 维护 需求 评审 对接 产品 测试 跟进 需求 落地 缺陷 修复,技术 视野 开阔 方案设计 项目 逻辑 清晰 善于 定位 复杂 技术 管理 跨部门 推动 技术 业务 落地 责任心 追求 技术 业务 平衡 发展,移动端适配 JavaScript TypeScript Vite HTML5 Vue,移动端适配、JavaScript、TypeScript、Vite、HTML5、Vue,
胡然,男,15841341206,huran3716@163.com,wx_huran_581,苏州,"期望岗位：Java开发工程师
期望城市：苏州
期望行业：互联网/信息技术/软件服务
期望薪资：6000-6500元",专科物联网工程专业应届毕业生，有1段Java开发工程师实习经验，掌握SpringBoot技术栈，参与过实习项目开发，具备良好的代码规范与团队协作意识，能够快速上手业务，期望正式入职发展。,"福州职业技术学院 | 物联网工程 | 专科
毕业时间：2021年6月
核心课程：机器学习、算法设计与分析、计算机网络、数据库原理","【智联网络科技有限公司】 Java开发工程师（实习）
2025年6月 - 至今
    · 负责公司Java开发工程师相关业务的开发与维护，参与需求评审
    · 编写开发文档，沉淀技术规范，协助新人熟悉业务","■ 校园二手交易平台（毕设）
  项目目标：搭建校园闲置物品发布与交易平台
  个人职责：负责用户模块、商品发布模块开发
  项目成果：完成系统原型，获得良好成绩

■ 学生成绩管理系统（课程设计）
  项目目标：实现学生信息、成绩、班级的增删改查管理
  个人职责：负责后端接口开发与数据库设计
  项目成果：完成基础功能，通过课程答辩","专业技能：微服务、Git、Java、RabbitMQ、Redis、SpringBoot、MyBatis
相关证书：英语四级、华为HCIA认证",有实习经验，熟悉开发基本流程，具备基础的项目实践能力；学习能力强，能够快速上手新业务新技术；工作踏实，责任心强，善于沟通协作，能够高效完成分配的工作任务。,专科 物联网工程 应届 毕业生 Java 开发 工程师 实习 SpringBoot 技术 实习 项目 开发 代码 规范 协作 上手 业务 正式 入职 发展,二手交易 平台 毕设 搭建 闲置 物品 发布 交易平台 用户 模块 商品 发布 模块 开发 系统 原型 获得 成绩 学生 成绩 管理系统 课程设计 学生 信息 成绩 班级 增删 改查 管理 后端 接口 开发 数据库 功能 答辩,智联 网络科技 Java 开发 工程师 实习 至今 Java 开发 工程师 业务 开发 维护 需求 评审 编写 开发 文档 沉淀 技术规范 新人 熟悉业务,实习 开发 基本 流程 项目 实践 上手 业务 技术 责任心 善于 协作 高效 分配,微服务 Git Java RabbitMQ Redis SpringBoot MyBatis 英语四级 华为HCIA认证,微服务、Git、Java、RabbitMQ、Redis、SpringBoot、MyBatis,英语四级、华为HCIA认证
赵恒,男,13306032709,zhaoheng308@126.com,wx_zhaoheng_914,苏州,"期望岗位：运维工程师
期望城市：苏州
期望行业：互联网/信息技术/软件服务
期望薪资：4500-6000元",专科网络工程专业应届毕业生，掌握网络运维、Ansible基础技能，完成过课程设计与毕业项目，具备基础代码编写能力与问题排查思路，学习能力强，做事认真踏实，期望从事运维工程师相关工作。,"江西交通职业技术学院 | 网络工程 | 专科
毕业时间：2022年6月
核心课程：数字信号处理、Python编程、Java程序设计、操作系统","【校园实践】
    · 参与学校计算机协会技术部，负责协会网站日常维护
    · 协助老师完成实验室设备管理与系统环境搭建
    · 参与班级课程设计小组，担任后端开发角色","■ 简单监控脚本开发
  项目目标：编写服务器状态监控脚本
  个人职责：实现CPU、内存、磁盘使用率自动采集
  项目成果：支持异常邮件告警","专业技能：MySQL、Kubernetes、Docker、Jenkins、Prometheus
相关证书：英语六级",应届毕业，具备扎实的专业基础知识与学习能力，能够快速掌握新技术；工作态度认真负责，有耐心，注重细节；具备良好的团队意识与沟通能力，能够积极配合团队完成任务；期望在工作中积累经验，快速成长。,专科 网络工程 应届 毕业生 网络运维 Ansible 课程设计 项目 代码 编写 排查 运维 工程师,简单 监控 脚本 开发 编写 服务器 状态 监控 脚本 CPU 内存 磁盘 使用率 自动 采集 异常 邮件 告警,学校 计算机 协会 技术部 协会 网站 维护 老师 实验室 设备 管理 系统 环境 搭建 班级 课程设计 小组 后端 开发 角色,应届 基础知识 技术 认真负责,MySQL Kubernetes Docker Jenkins Prometheus 英语六级,MySQL、Kubernetes、Docker、Jenkins、Prometheus,英语六级
邵洋,男,18405977985,shaoyang8494@163.com,wx_shaoyang_243,莆田,"期望岗位：运维工程师
期望城市：莆田
期望行业：互联网/信息技术/软件服务
期望薪资：面议",本科电子信息工程专业应届毕业生，掌握Jenkins、Linux基础技能，完成过课程设计与毕业项目，具备基础代码编写能力与问题排查思路，学习能力强，做事认真踏实，期望从事运维工程师相关工作。,"广东技术师范大学 | 电子信息工程 | 本科
毕业时间：2022年6月
核心课程：机器学习、数据库原理、数据结构、软件工程","【校园实践】
    · 参与学校计算机协会技术部，负责协会网站日常维护
    · 协助老师完成实验室设备管理与系统环境搭建
    · 参与班级课程设计小组，担任后端开发角色","■ 实验室服务器搭建实训
  项目目标：搭建实验室Linux服务器环境
  个人职责：负责系统安装、网络配置、基础服务部署
  项目成果：完成3台服务器环境搭建","专业技能：Redis、Kubernetes、网络运维、Jenkins、Docker、Shell、Zabbix
相关证书：无",应届毕业，具备扎实的专业基础知识与学习能力，能够快速掌握新技术；工作态度认真负责，有耐心，注重细节；具备良好的团队意识与沟通能力，能够积极配合团队完成任务；期望在工作中积累经验，快速成长。,本科 电子信息工程 应届 毕业生 Jenkins Linux 课程设计 项目 代码 编写 排查 运维 工程师,实验室 服务器 搭建 实训 搭建 实验室 Linux 服务器 环境 系统 安装 网络 配置 服务 部署 服务器 环境 搭建,学校 计算机 协会 技术部 协会 网站 维护 老师 实验室 设备 管理 系统 环境 搭建 班级 课程设计 小组 后端 开发 角色,应届 基础知识 技术 认真负责,Redis Kubernetes 网络运维 Jenkins Docker Shell Zabbix,Redis、Kubernetes、网络运维、Jenkins、Docker、Shell、Zabbix,
严洋,男,17697544744,yanyang83@qq.com,18321863568,宁波,"期望岗位：Python开发工程师
期望城市：宁波
期望行业：互联网/信息技术/软件服务
期望薪资：面议",本科软件技术专业应届毕业生，有0段Python开发工程师实习经验，掌握Celery技术栈，参与过实习项目开发，具备良好的代码规范与团队协作意识，能够快速上手业务，期望正式入职发展。,"华南理工大学 | 软件技术 | 本科
毕业时间：2022年6月
核心课程：操作系统、机器学习、软件工程、Python编程","【安硕软件有限公司】 Python开发工程师（实习）
2019年12月 - 至今
    · 承担分配模块的编码、测试与优化工作，保障系统稳定运行
    · 负责公司Python开发工程师相关业务的开发与维护，参与需求评审
    · 编写开发文档，沉淀技术规范，协助新人熟悉业务","■ 简单爬虫脚本开发
  项目目标：爬取公开网站数据并入库
  个人职责：负责反爬处理、数据清洗、SQLite存储
  项目成果：日均采集数据1万条

■ 自动化办公脚本
  项目目标：批量处理Excel表格数据
  个人职责：实现数据合并、格式转换、自动统计
  项目成果：提升人工效率80%","专业技能：Linux、FastAPI、Flask、Docker
相关证书：计算机一级",有实习经验，熟悉开发基本流程，具备基础的项目实践能力；学习能力强，能够快速上手新业务新技术；工作踏实，责任心强，善于沟通协作，能够高效完成分配的工作任务。,本科 软件技术 应届 毕业生 Python 开发 工程师 实习 Celery 技术 实习 项目 开发 代码 规范 协作 上手 业务 正式 入职 发展,简单 爬虫 脚本 开发 爬取 公开 网站 数据 入库 反爬 处理 数据 清洗 SQL ite 存储 日均 采集 数据 万条 自动化 办公 脚本 批量 处理 Excel 表格 数据 数据 合并 格式 转换 自动 统计 人工效率,安硕 软件 Python 开发 工程师 实习 至今 分配 模块 编码 测试 保障系统 稳定 运行 Python 开发 工程师 业务 开发 维护 需求 评审 编写 开发 文档 沉淀 技术规范 新人 熟悉业务,实习 开发 基本 流程 项目 实践 上手 业务 技术 责任心 善于 协作 高效 分配,Linux FastAPI Flask Docker 计算机一级,Linux、FastAPI、Flask、Docker,计算机一级
潘梓轩,男,17628266270,pan梓xuan94@qq.com,13921223459,杭州,"期望岗位：软件测试工程师
期望城市：杭州
期望行业：互联网/信息技术/软件服务
期望薪资：面议",专科通信工程专业应届毕业生，有0段软件测试工程师实习经验，掌握TestNG技术栈，参与过实习项目开发，具备良好的代码规范与团队协作意识，能够快速上手业务，期望正式入职发展。,"泉州经贸职业技术学院 | 通信工程 | 专科
毕业时间：2022年6月
核心课程：Java程序设计、数据结构、机器学习、操作系统","【吉比特网络】 软件测试工程师（实习）
2020年10月 - 至今
    · 对接产品、测试团队，跟进需求落地与缺陷修复
    · 承担分配模块的编码、测试与优化工作，保障系统稳定运行
    · 负责公司软件测试工程师相关业务的开发与维护，参与需求评审","■ 网页兼容性测试实训
  项目目标：对多个网站进行浏览器兼容测试
  个人职责：制定测试方案，输出测试报告
  项目成果：覆盖5款主流浏览器

■ 学生管理系统功能测试
  项目目标：对课程设计系统进行功能测试与缺陷提交
  个人职责：设计测试用例，执行黑盒测试
  项目成果：发现并提交8个功能缺陷","专业技能：测试用例设计、Postman、性能测试、功能测试、Python、Appium
相关证书：PMP项目管理专业人士、英语六级、MySQL数据库认证",有实习经验，熟悉开发基本流程，具备基础的项目实践能力；学习能力强，能够快速上手新业务新技术；工作踏实，责任心强，善于沟通协作，能够高效完成分配的工作任务。,专科 通信工程 应届 毕业生 软件测试 工程师 实习 TestNG 技术 实习 项目 开发 代码 规范 协作 上手 业务 正式 入职 发展,网页 兼容性 测试 实训 多个 网站 浏览器 兼容 测试 制定 测试 方案 测试报告 覆盖 主流 浏览器 学生 管理系统 功能测试 课程设计 系统 功能测试 缺陷 提交 测试用例 执行 黑盒 测试 发现 提交 功能 缺陷,比特 网络 软件测试 工程师 实习 至今 对接 产品 测试 跟进 需求 落地 缺陷 修复 分配 模块 编码 测试 保障系统 稳定 运行 软件测试 工程师 业务 开发 维护 需求 评审,实习 开发 基本 流程 项目 实践 上手 业务 技术 责任心 善于 协作 高效 分配,测试用例设计 Postman 性能测试 功能测试 Python Appium PMP项目管理专业人士 英语六级 MySQL数据库认证,测试用例设计、Postman、性能测试、功能测试、Python、Appium,PMP项目管理专业人士、英语六级、MySQL数据库认证
毛天佑,男,18522987822,mao天you767@qq.com,wx_mao天you_446,南平,"期望岗位：算法工程师
期望城市：南平
期望行业：互联网/信息技术/软件服务
期望薪资：11000-16000元",5年算法工程师从业经验，精通Python技术架构，主导过中型项目从0到1落地，擅长技术方案设计与性能优化，曾推动核心模块技术重构，带来显著效率提升，具备跨部门协作与项目推进能力。,"苏州科技大学 | 电子信息工程 | 本科
毕业时间：2017年6月
核心课程：机器学习、数据结构、数据库原理、Python编程","【金蝶网络科技有限公司】 算法工程师
2025年11月 - 至今
    · 编写开发文档，沉淀技术规范，协助新人熟悉业务
    · 负责公司算法工程师相关业务的开发与维护，参与需求评审

【中软数据技术有限公司】 算法工程师
2024年8月 - 2025年1月
    · 负责公司算法工程师相关业务的开发与维护，参与需求评审
    · 编写开发文档，沉淀技术规范，协助新人熟悉业务

【用友互联网科技有限公司】 算法工程师
2023年10月 - 2024年1月
    · 承担分配模块的编码、测试与优化工作，保障系统稳定运行
    · 对接产品、测试团队，跟进需求落地与缺陷修复
    · 编写开发文档，沉淀技术规范，协助新人熟悉业务","■ 个性化推荐系统
  项目目标：提升内容推荐精准度，增加用户停留时长
  个人职责：负责协同过滤、深度学习推荐模型开发与离线优化
  项目成果：用户平均停留时长提升25%，点击率提升15%

■ 风控欺诈识别模型
  项目目标：识别交易欺诈行为，降低资金损失风险
  个人职责：特征工程，构建XGBoost风控模型，在线部署与迭代
  项目成果：欺诈识别准确率达92%，每年减少损失超200万","专业技能：计算机视觉、深度学习、NLP、机器学习、数据结构、Python、特征工程
相关证书：软件设计师（中级）",拥有5年行业经验，技术视野开阔，具备方案设计与项目把控能力；逻辑清晰，善于定位并解决复杂技术问题；具备良好的团队管理与跨部门沟通能力，能够推动技术优化与业务落地；责任心强，追求技术与业务的平衡发展。,算法 工程师 从业 Python 技术 架构 主导 中型 项目 落地 擅长 技术 方案设计 性能 推动 核心 模块 技术 重构 带来 显著 效率 跨部门 协作 项目 推进,个性化 推荐 系统 推荐 精准度 增加 用户 停留 时长 协同 过滤 深度学习 推荐 模型 开发 离线 用户 平均 停留 时长 点击率 风控 欺诈 识别 模型 识别 交易 欺诈 行为 降低 资金 损失 风险 特征工程 构建 XGBoost 风控 模型 在线 部署 迭代 欺诈 识别 准确率 每年 减少 损失,金蝶 网络科技 算法 工程师 至今 编写 开发 文档 沉淀 技术规范 新人 熟悉业务 算法 工程师 业务 开发 维护 需求 评审 中软 数据 技术 算法 工程师 算法 工程师 业务 开发 维护 需求 评审 编写 开发 文档 沉淀 技术规范 新人 熟悉业务 用友 互联网 科技 算法 工程师 分配 模块 编码 测试 保障系统 稳定 运行 对接 产品 测试 跟进 需求 落地 缺陷 修复 编写 开发 文档 沉淀 技术规范 新人 熟悉业务,技术 视野 开阔 方案设计 项目 逻辑 清晰 善于 定位 复杂 技术 管理 跨部门 推动 技术 业务 落地 责任心 追求 技术 业务 平衡 发展,计算机视觉 深度学习 NLP 机器学习 数据结构 Python 特征工程 软件 设计师 中级,计算机视觉、深度学习、NLP、机器学习、数据结构、Python、特征工程,软件设计师（中级）
江一诺,女,18284467809,jiang一nuo63@163.com,13050637729,嘉兴,"期望岗位：运维工程师
期望城市：嘉兴
期望行业：互联网/信息技术/软件服务
期望薪资：8000-9500元",1年运维工程师工作经验，精通MySQL、Redis技术栈，参与过完整项目迭代，能够独立完成模块开发与问题排查，注重代码质量与开发效率，具备良好的沟通协作能力。,"江西师范大学 | 信息管理与信息系统 | 本科
毕业时间：2021年6月
核心课程：数据库原理、数据结构、软件工程、Java程序设计","【美图公司】 运维工程师
2025年12月 - 至今
    · 编写开发文档，沉淀技术规范，协助新人熟悉业务
    · 承担分配模块的编码、测试与优化工作，保障系统稳定运行
    · 负责公司运维工程师相关业务的开发与维护，参与需求评审","■ CI/CD自动化流水线
  项目目标：实现代码自动化构建、测试、部署，提升发布效率
  个人职责：基于Jenkins搭建持续集成流水线，配置Docker容器化部署
  项目成果：发布周期从每周1次提升至每天3次，部署失误率降为0

■ 服务器集群运维优化
  项目目标：提升服务器集群稳定性，降低故障发生率
  个人职责：负责日常巡检、故障排查，优化监控告警规则与分级策略
  项目成果：服务器故障率下降60%，平均故障响应时间缩短至15分钟","专业技能：Prometheus、Linux、Shell、Jenkins、Nginx、Zabbix、Ansible
相关证书：计算机一级、计算机二级",拥有1年实际工作经验，技术功底扎实，熟悉完整开发流程；具备较强的问题解决能力，能够独立排查并解决常见技术问题；工作认真负责，注重团队协作，能够高效推进项目落地；持续学习，保持技术敏感度。,运维 工程师 MySQL Redis 技术 完整 项目 迭代 独立 模块 开发 排查 代码 质量 开发 效率 协作,CI CD 自动化 流水线 代码 自动化 构建 测试 部署 发布 效率 基于 Jenkins 搭建 持续 集成 流水线 配置 Docker 容器 部署 发布 周期 每周 每天 部署 失误 降为 服务器 集群 运维 服务器 集群 稳定性 降低 故障 发生率 巡检 故障 排查 监控 告警 规则 分级 策略 服务器 故障率 下降 平均 故障 响应 时间 缩短 分钟,美图 运维 工程师 至今 编写 开发 文档 沉淀 技术规范 新人 熟悉业务 分配 模块 编码 测试 保障系统 稳定 运行 运维 工程师 业务 开发 维护 需求 评审,实际 技术 功底 完整 开发 流程 独立 排查 常见 技术 认真负责 协作 高效 推进 项目 落地 持续 保持 技术 敏感度,Prometheus Linux Shell Jenkins Nginx Zabbix Ansible 计算机一级 计算机二级,Prometheus、Linux、Shell、Jenkins、Nginx、Zabbix、Ansible,计算机一级、计算机二级
黎杰,男,15319807311,lijie8428@163.com,wx_lijie_340,扬州,"期望岗位：数据分析师
期望城市：扬州
期望行业：互联网/信息技术/软件服务
期望薪资：面议",1年数据分析师工作经验，精通SQL、Hive技术栈，参与过完整项目迭代，能够独立完成模块开发与问题排查，注重代码质量与开发效率，具备良好的沟通协作能力。,"福建信息职业技术学院 | 电子信息工程 | 专科
毕业时间：2021年6月
核心课程：Python编程、软件工程、操作系统、算法设计与分析","【易联信息技术有限公司】 数据分析师
2025年10月 - 至今
    · 承担分配模块的编码、测试与优化工作，保障系统稳定运行
    · 负责公司数据分析师相关业务的开发与维护，参与需求评审","■ 用户行为分析看板
  项目目标：构建用户行为数据体系，支撑运营决策
  个人职责：负责数据清洗、指标体系搭建，输出可视化运营报表
  项目成果：输出15+核心运营指标，支撑每月3次运营优化，用户留存率提升8%

■ 销售数据预测建模
  项目目标：基于历史数据预测销量，指导库存与备货
  个人职责：数据预处理，构建时间序列预测模型，输出月度预测报告
  项目成果：预测准确率达89%，库存周转效率提升25%","专业技能：用户分析、SQL、MySQL、NumPy、数据可视化、Hive、Tableau、Excel、Power BI
相关证书：系统架构设计师、阿里云ACP云计算认证",拥有1年实际工作经验，技术功底扎实，熟悉完整开发流程；具备较强的问题解决能力，能够独立排查并解决常见技术问题；工作认真负责，注重团队协作，能够高效推进项目落地；持续学习，保持技术敏感度。,数据 分析师 SQL Hive 技术 完整 项目 迭代 独立 模块 开发 排查 代码 质量 开发 效率 协作,用户 行为 分析 看板 构建 用户 行为 数据 体系 支撑 运营 决策 数据 清洗 指标体系 搭建 可视化 运营 报表 核心 运营 指标 支撑 每月 运营 用户 留存 销售 数据 预测 建模 基于 历史数据 预测 销量 指导 库存 备货 数据 预处理 构建 时间 序列 预测 模型 月度 预测 报告 预测 准确率 库存 周转 效率,易联 信息技术 数据 分析师 至今 分配 模块 编码 测试 保障系统 稳定 运行 数据 分析师 业务 开发 维护 需求 评审,实际 技术 功底 完整 开发 流程 独立 排查 常见 技术 认真负责 协作 高效 推进 项目 落地 持续 保持 技术 敏感度,用户分析 SQL MySQL NumPy 数据可视化 Hive Tableau Excel Power BI 系统架构设计师 阿里云ACP云计算认证,用户分析、SQL、MySQL、NumPy、数据可视化、Hive、Tableau、Excel、Power BI,系统架构设计师、阿里云ACP云计算认证
赵敏,女,13953055338,zhaomin92@163.com,17797445615,扬州,"期望岗位：后端开发工程师
期望城市：扬州
期望行业：互联网/信息技术/软件服务
期望薪资：3000-4000元",本科数学与应用数学专业应届毕业生，掌握PostgreSQL、Redis基础技能，完成过课程设计与毕业项目，具备基础代码编写能力与问题排查思路，学习能力强，做事认真踏实，期望从事后端开发工程师相关工作。,"厦门大学 | 数学与应用数学 | 本科
毕业时间：2022年6月
核心课程：计算机网络、数字信号处理、数据库原理、Python编程","【校园实践】
    · 参与学校计算机协会技术部，负责协会网站日常维护
    · 协助老师完成实验室设备管理与系统环境搭建
    · 参与班级课程设计小组，担任后端开发角色","■ 简单论坛系统
  项目目标：实现帖子发布、回复、板块管理
  个人职责：负责后端服务开发与接口文档编写
  项目成果：支持百人同时在线访问","专业技能：Redis、微服务、Java、Go、MySQL
相关证书：英语六级、计算机二级",应届毕业，具备扎实的专业基础知识与学习能力，能够快速掌握新技术；工作态度认真负责，有耐心，注重细节；具备良好的团队意识与沟通能力，能够积极配合团队完成任务；期望在工作中积累经验，快速成长。,本科 数学与应用数学 应届 毕业生 PostgreSQL Redis 课程设计 项目 代码 编写 排查 后端 开发 工程师,简单 论坛 系统 帖子 发布 回复 板块 管理 后端 服务 开发 接口 文档 编写 百人 同时在线 访问,学校 计算机 协会 技术部 协会 网站 维护 老师 实验室 设备 管理 系统 环境 搭建 班级 课程设计 小组 后端 开发 角色,应届 基础知识 技术 认真负责,Redis 微服务 Java Go MySQL 英语六级 计算机二级,Redis、微服务、Java、Go、MySQL,英语六级、计算机二级
余一诺,女,18830447692,yu一nuo8091@gmail.com,15696657400,台州,"期望岗位：运维工程师
期望城市：台州
期望行业：互联网/信息技术/软件服务
期望薪资：5000-6000元",专科数学与应用数学专业应届毕业生，掌握Docker、MySQL基础技能，完成过课程设计与毕业项目，具备基础代码编写能力与问题排查思路，学习能力强，做事认真踏实，期望从事运维工程师相关工作。,"厦门海洋职业技术学院 | 数学与应用数学 | 专科
毕业时间：2022年6月
核心课程：数据库原理、数据结构、Python编程、机器学习","【校园实践】
    · 参与学校计算机协会技术部，负责协会网站日常维护
    · 协助老师完成实验室设备管理与系统环境搭建
    · 参与班级课程设计小组，担任后端开发角色","■ 实验室服务器搭建实训
  项目目标：搭建实验室Linux服务器环境
  个人职责：负责系统安装、网络配置、基础服务部署
  项目成果：完成3台服务器环境搭建","专业技能：Docker、Linux、Kubernetes、Jenkins、MySQL、Redis、Ansible
相关证书：英语四级",应届毕业，具备扎实的专业基础知识与学习能力，能够快速掌握新技术；工作态度认真负责，有耐心，注重细节；具备良好的团队意识与沟通能力，能够积极配合团队完成任务；期望在工作中积累经验，快速成长。,专科 数学与应用数学 应届 毕业生 Docker MySQL 课程设计 项目 代码 编写 排查 运维 工程师,实验室 服务器 搭建 实训 搭建 实验室 Linux 服务器 环境 系统 安装 网络 配置 服务 部署 服务器 环境 搭建,学校 计算机 协会 技术部 协会 网站 维护 老师 实验室 设备 管理 系统 环境 搭建 班级 课程设计 小组 后端 开发 角色,应届 基础知识 技术 认真负责,Docker Linux Kubernetes Jenkins MySQL Redis Ansible 英语四级,Docker、Linux、Kubernetes、Jenkins、MySQL、Redis、Ansible,英语四级
曾雯,女,15070459816,zengwen26@outlook.com,18542831065,无锡,"期望岗位：后端开发工程师
期望城市：无锡
期望行业：互联网/信息技术/软件服务
期望薪资：3500-5500元",本科物联网工程专业应届毕业生，掌握Python、Kafka基础技能，完成过课程设计与毕业项目，具备基础代码编写能力与问题排查思路，学习能力强，做事认真踏实，期望从事后端开发工程师相关工作。,"南京理工大学 | 物联网工程 | 本科
毕业时间：2022年6月
核心课程：操作系统、算法设计与分析、计算机网络、数字信号处理","【校园实践】
    · 参与学校计算机协会技术部，负责协会网站日常维护
    · 协助老师完成实验室设备管理与系统环境搭建
    · 参与班级课程设计小组，担任后端开发角色","■ 图书管理系统后端
  项目目标：实现图书借阅、归还、用户管理功能
  个人职责：负责接口开发与数据库表结构设计
  项目成果：完成核心功能，支持1000条数据量","专业技能：MySQL、Docker、PostgreSQL、Go
相关证书：无",应届毕业，具备扎实的专业基础知识与学习能力，能够快速掌握新技术；工作态度认真负责，有耐心，注重细节；具备良好的团队意识与沟通能力，能够积极配合团队完成任务；期望在工作中积累经验，快速成长。,本科 物联网工程 应届 毕业生 Python Kafka 课程设计 项目 代码 编写 排查 后端 开发 工程师,图书 管理系统 后端 图书 借阅 归还 用户 管理 功能 接口 开发 数据库 结构设计 核心 功能 数据量,学校 计算机 协会 技术部 协会 网站 维护 老师 实验室 设备 管理 系统 环境 搭建 班级 课程设计 小组 后端 开发 角色,应届 基础知识 技术 认真负责,MySQL Docker PostgreSQL Go,MySQL、Docker、PostgreSQL、Go,
莫俊熙,男,18877989754,mojunxi00@outlook.com,18522355590,宁德,"期望岗位：后端开发工程师
期望城市：宁德
期望行业：互联网/信息技术/软件服务
期望薪资：5000-6000元",专科计算机科学与技术专业应届毕业生，掌握微服务、SpringBoot基础技能，完成过课程设计与毕业项目，具备基础代码编写能力与问题排查思路，学习能力强，做事认真踏实，期望从事后端开发工程师相关工作。,"深圳职业技术学院 | 计算机科学与技术 | 专科
毕业时间：2022年6月
核心课程：算法设计与分析、计算机网络、软件工程、操作系统","【校园实践】
    · 参与学校计算机协会技术部，负责协会网站日常维护
    · 协助老师完成实验室设备管理与系统环境搭建
    · 参与班级课程设计小组，担任后端开发角色","■ 图书管理系统后端
  项目目标：实现图书借阅、归还、用户管理功能
  个人职责：负责接口开发与数据库表结构设计
  项目成果：完成核心功能，支持1000条数据量","专业技能：K8s、PostgreSQL、Java、Python、SpringBoot、Redis
相关证书：计算机二级",应届毕业，具备扎实的专业基础知识与学习能力，能够快速掌握新技术；工作态度认真负责，有耐心，注重细节；具备良好的团队意识与沟通能力，能够积极配合团队完成任务；期望在工作中积累经验，快速成长。,专科 计算机科学与技术 应届 毕业生 微服务 SpringBoot 课程设计 项目 代码 编写 排查 后端 开发 工程师,图书 管理系统 后端 图书 借阅 归还 用户 管理 功能 接口 开发 数据库 结构设计 核心 功能 数据量,学校 计算机 协会 技术部 协会 网站 维护 老师 实验室 设备 管理 系统 环境 搭建 班级 课程设计 小组 后端 开发 角色,应届 基础知识 技术 认真负责,K8s PostgreSQL Java Python SpringBoot Redis 计算机二级,K8s、PostgreSQL、Java、Python、SpringBoot、Redis,计算机二级
彭明,男,18192425579,pengming3994@gmail.com,wx_pengming_403,蚌埠,"期望岗位：数据分析师
期望城市：蚌埠
期望行业：互联网/信息技术/软件服务
期望薪资：面议",本科软件工程专业应届毕业生，有0段数据分析师实习经验，掌握用户分析技术栈，参与过实习项目开发，具备良好的代码规范与团队协作意识，能够快速上手业务，期望正式入职发展。,"厦门大学 | 软件工程 | 本科
毕业时间：2022年6月
核心课程：数据库原理、机器学习、操作系统、数据结构","【新科数据技术有限公司】 数据分析师（实习）
2022年8月 - 至今
    · 编写开发文档，沉淀技术规范，协助新人熟悉业务
    · 对接产品、测试团队，跟进需求落地与缺陷修复
    · 承担分配模块的编码、测试与优化工作，保障系统稳定运行","■ 电商公开数据爬取分析
  项目目标：采集公开电商商品数据并分析
  个人职责：数据爬取、清洗、价格销量分析
  项目成果：输出可视化分析图表

■ 学生成绩数据分析
  项目目标：对班级期末成绩进行统计分析
  个人职责：数据清洗、可视化图表制作、结论输出
  项目成果：输出分析报告，提出3点教学建议","专业技能：用户分析、Pandas、SQL、Excel
相关证书：无",有实习经验，熟悉开发基本流程，具备基础的项目实践能力；学习能力强，能够快速上手新业务新技术；工作踏实，责任心强，善于沟通协作，能够高效完成分配的工作任务。,本科 软件工程 应届 毕业生 数据 分析师 实习 用户分析 技术 实习 项目 开发 代码 规范 协作 上手 业务 正式 入职 发展,电商 公开 数据 爬取 分析 采集 公开 电商 商品 数据 分析 数据 爬取 清洗 价格 销量 分析 可视化 分析 图表 学生 成绩 数据分析 班级 期末 成绩 统计分析 数据 清洗 可视化 图表 制作 结论 分析报告 提出 教学 建议,新科 数据 技术 数据 分析师 实习 至今 编写 开发 文档 沉淀 技术规范 新人 熟悉业务 对接 产品 测试 跟进 需求 落地 缺陷 修复 分配 模块 编码 测试 保障系统 稳定 运行,实习 开发 基本 流程 项目 实践 上手 业务 技术 责任心 善于 协作 高效 分配,用户分析 Pandas SQL Excel,用户分析、Pandas、SQL、Excel,
范雪,女,15249167813,fanxue00@outlook.com,18467678700,嘉兴,"期望岗位：Python开发工程师
期望城市：嘉兴
期望行业：互联网/信息技术/软件服务
期望薪资：3000-6000元",本科数字媒体技术专业应届毕业生，掌握Celery、Git基础技能，完成过课程设计与毕业项目，具备基础代码编写能力与问题排查思路，学习能力强，做事认真踏实，期望从事Python开发工程师相关工作。,"东南大学 | 数字媒体技术 | 本科
毕业时间：2022年6月
核心课程：操作系统、计算机网络、数据结构、算法设计与分析","【校园实践】
    · 参与学校计算机协会技术部，负责协会网站日常维护
    · 协助老师完成实验室设备管理与系统环境搭建
    · 参与班级课程设计小组，担任后端开发角色","■ 简单爬虫脚本开发
  项目目标：爬取公开网站数据并入库
  个人职责：负责反爬处理、数据清洗、SQLite存储
  项目成果：日均采集数据1万条","专业技能：Celery、Linux、Django、爬虫、FastAPI
相关证书：计算机一级、计算机二级、英语四级",应届毕业，具备扎实的专业基础知识与学习能力，能够快速掌握新技术；工作态度认真负责，有耐心，注重细节；具备良好的团队意识与沟通能力，能够积极配合团队完成任务；期望在工作中积累经验，快速成长。,本科 数字媒体技术 应届 毕业生 Celery Git 课程设计 项目 代码 编写 排查 Python 开发 工程师,简单 爬虫 脚本 开发 爬取 公开 网站 数据 入库 反爬 处理 数据 清洗 SQL ite 存储 日均 采集 数据 万条,学校 计算机 协会 技术部 协会 网站 维护 老师 实验室 设备 管理 系统 环境 搭建 班级 课程设计 小组 后端 开发 角色,应届 基础知识 技术 认真负责,Celery Linux Django 爬虫 FastAPI 计算机一级 计算机二级 英语四级,Celery、Linux、Django、爬虫、FastAPI,计算机一级、计算机二级、英语四级
高然,男,18417908523,gaoran30@126.com,wx_gaoran_189,滁州,"期望岗位：后端开发工程师
期望城市：滁州
期望行业：互联网/信息技术/软件服务
期望薪资：11500-14500元",4年后端开发工程师从业经验，精通K8s技术架构，主导过中型项目从0到1落地，擅长技术方案设计与性能优化，曾推动核心模块技术重构，带来显著效率提升，具备跨部门协作与项目推进能力。,"广东轻工职业技术学院 | 网络工程 | 专科
毕业时间：2018年6月
核心课程：数据结构、数据库原理、数字信号处理、机器学习","【通元信息技术有限公司】 后端开发工程师
2024年2月 - 至今
    · 编写开发文档，沉淀技术规范，协助新人熟悉业务
    · 承担分配模块的编码、测试与优化工作，保障系统稳定运行
    · 对接产品、测试团队，跟进需求落地与缺陷修复

【恒信数据技术有限公司】 后端开发工程师
2022年8月 - 2024年9月
    · 对接产品、测试团队，跟进需求落地与缺陷修复
    · 负责公司后端开发工程师相关业务的开发与维护，参与需求评审
    · 承担分配模块的编码、测试与优化工作，保障系统稳定运行","■ 内容管理系统后端
  项目目标：搭建CMS系统后端服务，支持多站点内容发布
  个人职责：负责文章、栏目、权限模块接口开发，设计数据库表结构
  项目成果：支撑8个站点同时运营，内容发布效率提升3倍

■ 即时通讯服务开发
  项目目标：实现企业内部IM系统后端消息推送与存储
  个人职责：负责消息队列、离线消息、会话管理模块开发
  项目成果：支持万人同时在线，消息送达延迟低于100ms","专业技能：PostgreSQL、微服务、SpringBoot、K8s、Gin、Redis、Kafka
相关证书：计算机一级",拥有4年行业经验，技术视野开阔，具备方案设计与项目把控能力；逻辑清晰，善于定位并解决复杂技术问题；具备良好的团队管理与跨部门沟通能力，能够推动技术优化与业务落地；责任心强，追求技术与业务的平衡发展。,年后 开发 工程师 从业 K8s 技术 架构 主导 中型 项目 落地 擅长 技术 方案设计 性能 推动 核心 模块 技术 重构 带来 显著 效率 跨部门 协作 项目 推进,管理系统 后端 搭建 CMS 系统 后端 服务 站点 发布 文章 栏目 权限 模块接口 开发 数据库 结构 支撑 站点 运营 发布 效率 即时通讯 服务 开发 企业 内部 IM 系统 后端 消息 推送 存储 消息 队列 离线 消息 会话 管理 模块 开发 万人 同时在线 消息 送达 延迟 低于 100ms,通元 信息技术 后端 开发 工程师 至今 编写 开发 文档 沉淀 技术规范 新人 熟悉业务 分配 模块 编码 测试 保障系统 稳定 运行 对接 产品 测试 跟进 需求 落地 缺陷 修复 恒信 数据 技术 后端 开发 工程师 对接 产品 测试 跟进 需求 落地 缺陷 修复 后端 开发 工程师 业务 开发 维护 需求 评审 分配 模块 编码 测试 保障系统 稳定 运行,技术 视野 开阔 方案设计 项目 逻辑 清晰 善于 定位 复杂 技术 管理 跨部门 推动 技术 业务 落地 责任心 追求 技术 业务 平衡 发展,PostgreSQL 微服务 SpringBoot K8s Gin Redis Kafka 计算机一级,PostgreSQL、微服务、SpringBoot、K8s、Gin、Redis、Kafka,计算机一级
汤雨萱,女,13195107642,tang雨xuan9288@qq.com,15507986407,无锡,"期望岗位：Python开发工程师
期望城市：无锡
期望行业：互联网/信息技术/软件服务
期望薪资：10000-11500元",3年Python开发工程师工作经验，精通Git、Redis技术栈，参与过完整项目迭代，能够独立完成模块开发与问题排查，注重代码质量与开发效率，具备良好的沟通协作能力。,"浙江大学 | 通信工程 | 本科
毕业时间：2019年6月
核心课程：算法设计与分析、Python编程、数字信号处理、Java程序设计","【锐捷数据技术有限公司】 Python开发工程师
2025年2月 - 至今
    · 承担分配模块的编码、测试与优化工作，保障系统稳定运行
    · 负责公司Python开发工程师相关业务的开发与维护，参与需求评审
    · 对接产品、测试团队，跟进需求落地与缺陷修复

【新科软件有限公司】 Python开发工程师
2024年12月 - 2025年7月
    · 对接产品、测试团队，跟进需求落地与缺陷修复
    · 编写开发文档，沉淀技术规范，协助新人熟悉业务","■ 自动化运维平台
  项目目标：开发运维管理平台，实现服务器批量管理
  个人职责：负责监控、告警、任务调度模块后端开发
  项目成果：管理服务器200+，运维人力成本降低50%

■ 数据采集爬虫系统
  项目目标：搭建分布式爬虫平台，采集多渠道公开数据
  个人职责：负责反爬策略破解、数据清洗、入库逻辑开发
  项目成果：日均采集数据50万条，数据准确率98%以上","专业技能：Git、Docker、Flask、MySQL、Redis、FastAPI
相关证书：无",拥有3年实际工作经验，技术功底扎实，熟悉完整开发流程；具备较强的问题解决能力，能够独立排查并解决常见技术问题；工作认真负责，注重团队协作，能够高效推进项目落地；持续学习，保持技术敏感度。,Python 开发 工程师 Git Redis 技术 完整 项目 迭代 独立 模块 开发 排查 代码 质量 开发 效率 协作,自动化 运维 平台 开发 运维 管理 平台 服务器 批量 管理 监控 告警 任务调度 模块 后端 开发 管理 服务器 运维 人力 成本 降低 数据 采集 爬虫 系统 搭建 分布式 爬虫 平台 采集 多渠道 公开 数据 反爬 策略 破解 数据 清洗 入库 逻辑 开发 日均 采集 数据 万条 数据 准确率 以上,锐捷 数据 技术 Python 开发 工程师 至今 分配 模块 编码 测试 保障系统 稳定 运行 Python 开发 工程师 业务 开发 维护 需求 评审 对接 产品 测试 跟进 需求 落地 缺陷 修复 新科 软件 Python 开发 工程师 对接 产品 测试 跟进 需求 落地 缺陷 修复 编写 开发 文档 沉淀 技术规范 新人 熟悉业务,实际 技术 功底 完整 开发 流程 独立 排查 常见 技术 认真负责 协作 高效 推进 项目 落地 持续 保持 技术 敏感度,Git Docker Flask MySQL Redis FastAPI,Git、Docker、Flask、MySQL、Redis、FastAPI,
叶浩,男,18164734589,yehao076@163.com,18598254063,福州,"期望岗位：后端开发工程师
期望城市：福州
期望行业：互联网/信息技术/软件服务
期望薪资：面议",1年后端开发工程师工作经验，精通K8s、Redis技术栈，参与过完整项目迭代，能够独立完成模块开发与问题排查，注重代码质量与开发效率，具备良好的沟通协作能力。,"福建信息职业技术学院 | 数据科学与大数据技术 | 专科
毕业时间：2021年6月
核心课程：Python编程、机器学习、软件工程、算法设计与分析","【微远互联网科技有限公司】 后端开发工程师
2025年11月 - 至今
    · 负责公司后端开发工程师相关业务的开发与维护，参与需求评审
    · 承担分配模块的编码、测试与优化工作，保障系统稳定运行
    · 编写开发文档，沉淀技术规范，协助新人熟悉业务","■ 即时通讯服务开发
  项目目标：实现企业内部IM系统后端消息推送与存储
  个人职责：负责消息队列、离线消息、会话管理模块开发
  项目成果：支持万人同时在线，消息送达延迟低于100ms

■ 内容管理系统后端
  项目目标：搭建CMS系统后端服务，支持多站点内容发布
  个人职责：负责文章、栏目、权限模块接口开发，设计数据库表结构
  项目成果：支撑8个站点同时运营，内容发布效率提升3倍","专业技能：K8s、SpringBoot、Kafka、Python、Gin、Go、Redis、Docker、Java、MySQL
相关证书：计算机二级、英语四级",拥有1年实际工作经验，技术功底扎实，熟悉完整开发流程；具备较强的问题解决能力，能够独立排查并解决常见技术问题；工作认真负责，注重团队协作，能够高效推进项目落地；持续学习，保持技术敏感度。,年后 开发 工程师 K8s Redis 技术 完整 项目 迭代 独立 模块 开发 排查 代码 质量 开发 效率 协作,即时通讯 服务 开发 企业 内部 IM 系统 后端 消息 推送 存储 消息 队列 离线 消息 会话 管理 模块 开发 万人 同时在线 消息 送达 延迟 低于 100ms 管理系统 后端 搭建 CMS 系统 后端 服务 站点 发布 文章 栏目 权限 模块接口 开发 数据库 结构 支撑 站点 运营 发布 效率,微远 互联网 科技 后端 开发 工程师 至今 后端 开发 工程师 业务 开发 维护 需求 评审 分配 模块 编码 测试 保障系统 稳定 运行 编写 开发 文档 沉淀 技术规范 新人 熟悉业务,实际 技术 功底 完整 开发 流程 独立 排查 常见 技术 认真负责 协作 高效 推进 项目 落地 持续 保持 技术 敏感度,K8s SpringBoot Kafka Python Gin Go Redis Docker Java MySQL 计算机二级 英语四级,K8s、SpringBoot、Kafka、Python、Gin、Go、Redis、Docker、Java、MySQL,计算机二级、英语四级
廖强,男,17654432239,liaoqiang920@gmail.com,wx_liaoqiang_911,南平,"期望岗位：后端开发工程师
期望城市：南平
期望行业：互联网/信息技术/软件服务
期望薪资：11500-12000元",1年后端开发工程师工作经验，精通K8s、MySQL技术栈，参与过完整项目迭代，能够独立完成模块开发与问题排查，注重代码质量与开发效率，具备良好的沟通协作能力。,"厦门海洋职业技术学院 | 数据科学与大数据技术 | 专科
毕业时间：2021年6月
核心课程：计算机网络、Java程序设计、软件工程、Python编程","【锐捷网络科技有限公司】 后端开发工程师
2025年11月 - 至今
    · 承担分配模块的编码、测试与优化工作，保障系统稳定运行
    · 对接产品、测试团队，跟进需求落地与缺陷修复
    · 编写开发文档，沉淀技术规范，协助新人熟悉业务","■ 内容管理系统后端
  项目目标：搭建CMS系统后端服务，支持多站点内容发布
  个人职责：负责文章、栏目、权限模块接口开发，设计数据库表结构
  项目成果：支撑8个站点同时运营，内容发布效率提升3倍

■ 即时通讯服务开发
  项目目标：实现企业内部IM系统后端消息推送与存储
  个人职责：负责消息队列、离线消息、会话管理模块开发
  项目成果：支持万人同时在线，消息送达延迟低于100ms","专业技能：K8s、SpringBoot、Go、PostgreSQL、Docker、Python、Gin、Java、MySQL
相关证书：软考中级、MySQL数据库认证、计算机二级",拥有1年实际工作经验，技术功底扎实，熟悉完整开发流程；具备较强的问题解决能力，能够独立排查并解决常见技术问题；工作认真负责，注重团队协作，能够高效推进项目落地；持续学习，保持技术敏感度。,年后 开发 工程师 K8s MySQL 技术 完整 项目 迭代 独立 模块 开发 排查 代码 质量 开发 效率 协作,管理系统 后端 搭建 CMS 系统 后端 服务 站点 发布 文章 栏目 权限 模块接口 开发 数据库 结构 支撑 站点 运营 发布 效率 即时通讯 服务 开发 企业 内部 IM 系统 后端 消息 推送 存储 消息 队列 离线 消息 会话 管理 模块 开发 万人 同时在线 消息 送达 延迟 低于 100ms,锐捷 网络科技 后端 开发 工程师 至今 分配 模块 编码 测试 保障系统 稳定 运行 对接 产品 测试 跟进 需求 落地 缺陷 修复 编写 开发 文档 沉淀 技术规范 新人 熟悉业务,实际 技术 功底 完整 开发 流程 独立 排查 常见 技术 认真负责 协作 高效 推进 项目 落地 持续 保持 技术 敏感度,K8s SpringBoot Go PostgreSQL Docker Python Gin Java MySQL 软考中级 MySQL数据库认证 计算机二级,K8s、SpringBoot、Go、PostgreSQL、Docker、Python、Gin、Java、MySQL,软考中级、MySQL数据库认证、计算机二级
金娟,女,13498895969,jinjuan1717@qq.com,wx_jinjuan_823,温州,"期望岗位：Java开发工程师
期望城市：温州
期望行业：互联网/信息技术/软件服务
期望薪资：13500-14500元",4年Java开发工程师从业经验，精通Java技术架构，主导过中型项目从0到1落地，擅长技术方案设计与性能优化，曾推动核心模块技术重构，带来显著效率提升，具备跨部门协作与项目推进能力。,"江西师范大学 | 电子信息工程 | 本科
毕业时间：2018年6月
核心课程：机器学习、Python编程、数据结构、操作系统","【通元软件有限公司】 Java开发工程师
2024年3月 - 至今
    · 编写开发文档，沉淀技术规范，协助新人熟悉业务
    · 负责公司Java开发工程师相关业务的开发与维护，参与需求评审

【恒信网络科技有限公司】 Java开发工程师
2022年11月 - 2024年7月
    · 对接产品、测试团队，跟进需求落地与缺陷修复
    · 编写开发文档，沉淀技术规范，协助新人熟悉业务","■ 微服务用户中心重构
  项目目标：将单体用户系统拆分为微服务架构，提升并发承载能力
  个人职责：负责登录、注册、权限模块开发，优化数据库查询与缓存策略
  项目成果：支持并发量从500提升至5000，接口响应耗时减少60%

■ 电商订单交易系统
  项目目标：搭建高可用电商订单系统，支撑大促流量峰值
  个人职责：负责订单创建、支付回调、库存扣减核心逻辑开发
  项目成果：支撑日均订单量10万+，系统可用性达99.95%","专业技能：Redis、Git、JVM调优、RabbitMQ、MySQL、Java、Linux、微服务
相关证书：无",拥有4年行业经验，技术视野开阔，具备方案设计与项目把控能力；逻辑清晰，善于定位并解决复杂技术问题；具备良好的团队管理与跨部门沟通能力，能够推动技术优化与业务落地；责任心强，追求技术与业务的平衡发展。,Java 开发 工程师 从业 Java 技术 架构 主导 中型 项目 落地 擅长 技术 方案设计 性能 推动 核心 模块 技术 重构 带来 显著 效率 跨部门 协作 项目 推进,微服务 用户 中心 重构 单体 用户 系统 分为 微服务 架构 并发 承载能力 登录 注册 权限 模块 开发 数据库 查询 缓存 策略 并发 接口 响应 耗时 减少 电商 订单 交易系统 搭建 可用 电商 订单 系统 支撑 大促 流量 峰值 订单 创建 支付 回调 库存 扣减 核心 逻辑 开发 支撑 日均 订单 系统 可用性,通元 软件 Java 开发 工程师 至今 编写 开发 文档 沉淀 技术规范 新人 熟悉业务 Java 开发 工程师 业务 开发 维护 需求 评审 恒信 网络科技 Java 开发 工程师 对接 产品 测试 跟进 需求 落地 缺陷 修复 编写 开发 文档 沉淀 技术规范 新人 熟悉业务,技术 视野 开阔 方案设计 项目 逻辑 清晰 善于 定位 复杂 技术 管理 跨部门 推动 技术 业务 落地 责任心 追求 技术 业务 平衡 发展,Redis Git JVM调优 RabbitMQ MySQL Java Linux 微服务,Redis、Git、JVM调优、RabbitMQ、MySQL、Java、Linux、微服务,
萧然,男,18760300896,xiaoran17@gmail.com,wx_xiaoran_261,杭州,"期望岗位：Java开发工程师
期望城市：杭州
期望行业：互联网/信息技术/软件服务
期望薪资：11000-19000元",5年Java开发工程师从业经验，精通SpringCloud技术架构，主导过中型项目从0到1落地，擅长技术方案设计与性能优化，曾推动核心模块技术重构，带来显著效率提升，具备跨部门协作与项目推进能力。,"浙江大学 | 计算机应用技术 | 本科
毕业时间：2017年6月
核心课程：操作系统、计算机网络、算法设计与分析、数字信号处理","【云创数据技术有限公司】 Java开发工程师
2025年1月 - 至今
    · 负责公司Java开发工程师相关业务的开发与维护，参与需求评审
    · 承担分配模块的编码、测试与优化工作，保障系统稳定运行

【博思信息技术有限公司】 Java开发工程师
2024年12月 - 2025年12月
    · 负责公司Java开发工程师相关业务的开发与维护，参与需求评审
    · 对接产品、测试团队，跟进需求落地与缺陷修复
    · 承担分配模块的编码、测试与优化工作，保障系统稳定运行

【信雅数据技术有限公司】 Java开发工程师
2023年3月 - 2024年2月
    · 对接产品、测试团队，跟进需求落地与缺陷修复
    · 负责公司Java开发工程师相关业务的开发与维护，参与需求评审","■ 微服务用户中心重构
  项目目标：将单体用户系统拆分为微服务架构，提升并发承载能力
  个人职责：负责登录、注册、权限模块开发，优化数据库查询与缓存策略
  项目成果：支持并发量从500提升至5000，接口响应耗时减少60%

■ 电商订单交易系统
  项目目标：搭建高可用电商订单系统，支撑大促流量峰值
  个人职责：负责订单创建、支付回调、库存扣减核心逻辑开发
  项目成果：支撑日均订单量10万+，系统可用性达99.95%","专业技能：MyBatis、Java、Redis、JVM调优、Linux、SpringCloud、SpringBoot、RabbitMQ、Docker
相关证书：阿里云ACP云计算认证、英语四级",拥有5年行业经验，技术视野开阔，具备方案设计与项目把控能力；逻辑清晰，善于定位并解决复杂技术问题；具备良好的团队管理与跨部门沟通能力，能够推动技术优化与业务落地；责任心强，追求技术与业务的平衡发展。,Java 开发 工程师 从业 SpringCloud 技术 架构 主导 中型 项目 落地 擅长 技术 方案设计 性能 推动 核心 模块 技术 重构 带来 显著 效率 跨部门 协作 项目 推进,微服务 用户 中心 重构 单体 用户 系统 分为 微服务 架构 并发 承载能力 登录 注册 权限 模块 开发 数据库 查询 缓存 策略 并发 接口 响应 耗时 减少 电商 订单 交易系统 搭建 可用 电商 订单 系统 支撑 大促 流量 峰值 订单 创建 支付 回调 库存 扣减 核心 逻辑 开发 支撑 日均 订单 系统 可用性,云创 数据 技术 Java 开发 工程师 至今 Java 开发 工程师 业务 开发 维护 需求 评审 分配 模块 编码 测试 保障系统 稳定 运行 博思 信息技术 Java 开发 工程师 Java 开发 工程师 业务 开发 维护 需求 评审 对接 产品 测试 跟进 需求 落地 缺陷 修复 分配 模块 编码 测试 保障系统 稳定 运行 信雅 数据 技术 Java 开发 工程师 对接 产品 测试 跟进 需求 落地 缺陷 修复 Java 开发 工程师 业务 开发 维护 需求 评审,技术 视野 开阔 方案设计 项目 逻辑 清晰 善于 定位 复杂 技术 管理 跨部门 推动 技术 业务 落地 责任心 追求 技术 业务 平衡 发展,MyBatis Java Redis JVM调优 Linux SpringCloud SpringBoot RabbitMQ Docker 阿里云ACP云计算认证 英语四级,MyBatis、Java、Redis、JVM调优、Linux、SpringCloud、SpringBoot、RabbitMQ、Docker,阿里云ACP云计算认证、英语四级
龚雯,女,13704425905,gongwen3686@qq.com,wx_gongwen_468,南平,"期望岗位：后端开发工程师
期望城市：南平
期望行业：互联网/信息技术/软件服务
期望薪资：19000-33000元",7年后端开发工程师资深经验，精通全链路技术架构，具备团队技术规划与方案设计能力，主导过多个大型项目重构与升级，在高并发/系统稳定性领域有深厚积累，能够带领团队攻克技术难题，驱动业务技术升级。,"浙江工业大学 | 数学与应用数学 | 本科
毕业时间：2015年6月
核心课程：操作系统、Python编程、软件工程、数字信号处理","【微远软件有限公司】 后端开发工程师
2024年12月 - 至今
    · 对接产品、测试团队，跟进需求落地与缺陷修复
    · 编写开发文档，沉淀技术规范，协助新人熟悉业务

【通元信息技术有限公司】 后端开发工程师
2022年8月 - 2024年9月
    · 对接产品、测试团队，跟进需求落地与缺陷修复
    · 承担分配模块的编码、测试与优化工作，保障系统稳定运行
    · 编写开发文档，沉淀技术规范，协助新人熟悉业务

【云创网络科技有限公司】 后端开发工程师
2020年7月 - 2022年6月
    · 负责公司后端开发工程师相关业务的开发与维护，参与需求评审
    · 编写开发文档，沉淀技术规范，协助新人熟悉业务
    · 承担分配模块的编码、测试与优化工作，保障系统稳定运行","■ 内容管理系统后端
  项目目标：搭建CMS系统后端服务，支持多站点内容发布
  个人职责：负责文章、栏目、权限模块接口开发，设计数据库表结构
  项目成果：支撑8个站点同时运营，内容发布效率提升3倍

■ 即时通讯服务开发
  项目目标：实现企业内部IM系统后端消息推送与存储
  个人职责：负责消息队列、离线消息、会话管理模块开发
  项目成果：支持万人同时在线，消息送达延迟低于100ms","专业技能：Gin、K8s、Kafka、SpringBoot、MySQL、Java、Go、Docker、Python、PostgreSQL
相关证书：英语六级",拥有7年行业经验，技术视野开阔，具备方案设计与项目把控能力；逻辑清晰，善于定位并解决复杂技术问题；具备良好的团队管理与跨部门沟通能力，能够推动技术优化与业务落地；责任心强，追求技术与业务的平衡发展。,年后 开发 工程师 资深 链路 技术 架构 技术 规划 方案设计 主导 多个 大型项目 重构 升级 并发 系统 稳定性 领域 深厚 带领 攻克 技术难题 驱动 业务 技术升级,管理系统 后端 搭建 CMS 系统 后端 服务 站点 发布 文章 栏目 权限 模块接口 开发 数据库 结构 支撑 站点 运营 发布 效率 即时通讯 服务 开发 企业 内部 IM 系统 后端 消息 推送 存储 消息 队列 离线 消息 会话 管理 模块 开发 万人 同时在线 消息 送达 延迟 低于 100ms,微远 软件 后端 开发 工程师 至今 对接 产品 测试 跟进 需求 落地 缺陷 修复 编写 开发 文档 沉淀 技术规范 新人 熟悉业务 通元 信息技术 后端 开发 工程师 对接 产品 测试 跟进 需求 落地 缺陷 修复 分配 模块 编码 测试 保障系统 稳定 运行 编写 开发 文档 沉淀 技术规范 新人 熟悉业务 云创 网络科技 后端 开发 工程师 后端 开发 工程师 业务 开发 维护 需求 评审 编写 开发 文档 沉淀 技术规范 新人 熟悉业务 分配 模块 编码 测试 保障系统 稳定 运行,技术 视野 开阔 方案设计 项目 逻辑 清晰 善于 定位 复杂 技术 管理 跨部门 推动 技术 业务 落地 责任心 追求 技术 业务 平衡 发展,Gin K8s Kafka SpringBoot MySQL Java Go Docker Python PostgreSQL 英语六级,Gin、K8s、Kafka、SpringBoot、MySQL、Java、Go、Docker、Python、PostgreSQL,英语六级
万刚,男,13045125055,wangang685@qq.com,13629428646,泉州,"期望岗位：运维工程师
期望城市：泉州
期望行业：互联网/信息技术/软件服务
期望薪资：3000-4500元",专科计算机科学与技术专业应届毕业生，掌握Shell、Jenkins基础技能，完成过课程设计与毕业项目，具备基础代码编写能力与问题排查思路，学习能力强，做事认真踏实，期望从事运维工程师相关工作。,"泉州经贸职业技术学院 | 计算机科学与技术 | 专科
毕业时间：2022年6月
核心课程：Java程序设计、计算机网络、数据库原理、软件工程","【校园实践】
    · 参与学校计算机协会技术部，负责协会网站日常维护
    · 协助老师完成实验室设备管理与系统环境搭建
    · 参与班级课程设计小组，担任后端开发角色","■ 简单监控脚本开发
  项目目标：编写服务器状态监控脚本
  个人职责：实现CPU、内存、磁盘使用率自动采集
  项目成果：支持异常邮件告警","专业技能：Prometheus、网络运维、Kubernetes、Nginx
相关证书：计算机二级、计算机一级、MySQL数据库认证",应届毕业，具备扎实的专业基础知识与学习能力，能够快速掌握新技术；工作态度认真负责，有耐心，注重细节；具备良好的团队意识与沟通能力，能够积极配合团队完成任务；期望在工作中积累经验，快速成长。,专科 计算机科学与技术 应届 毕业生 Shell Jenkins 课程设计 项目 代码 编写 排查 运维 工程师,简单 监控 脚本 开发 编写 服务器 状态 监控 脚本 CPU 内存 磁盘 使用率 自动 采集 异常 邮件 告警,学校 计算机 协会 技术部 协会 网站 维护 老师 实验室 设备 管理 系统 环境 搭建 班级 课程设计 小组 后端 开发 角色,应届 基础知识 技术 认真负责,Prometheus 网络运维 Kubernetes Nginx 计算机二级 计算机一级 MySQL数据库认证,Prometheus、网络运维、Kubernetes、Nginx,计算机二级、计算机一级、MySQL数据库认证
宋磊,男,18869893669,songlei85@126.com,wx_songlei_688,台州,"期望岗位：后端开发工程师
期望城市：台州
期望行业：互联网/信息技术/软件服务
期望薪资：21500-25500元",7年后端开发工程师资深经验，精通全链路技术架构，具备团队技术规划与方案设计能力，主导过多个大型项目重构与升级，在高并发/系统稳定性领域有深厚积累，能够带领团队攻克技术难题，驱动业务技术升级。,"佛山科学技术学院 | 数据科学与大数据技术 | 本科
毕业时间：2015年6月
核心课程：数据库原理、数据结构、数字信号处理、算法设计与分析","【通元科技有限公司】 后端开发工程师
2024年2月 - 至今
    · 负责公司后端开发工程师相关业务的开发与维护，参与需求评审
    · 对接产品、测试团队，跟进需求落地与缺陷修复

【汇智信息技术有限公司】 后端开发工程师
2022年5月 - 2024年4月
    · 编写开发文档，沉淀技术规范，协助新人熟悉业务
    · 负责公司后端开发工程师相关业务的开发与维护，参与需求评审

【未来互联网科技有限公司】 后端开发工程师
2020年1月 - 2022年2月
    · 对接产品、测试团队，跟进需求落地与缺陷修复
    · 负责公司后端开发工程师相关业务的开发与维护，参与需求评审
    · 编写开发文档，沉淀技术规范，协助新人熟悉业务","■ 即时通讯服务开发
  项目目标：实现企业内部IM系统后端消息推送与存储
  个人职责：负责消息队列、离线消息、会话管理模块开发
  项目成果：支持万人同时在线，消息送达延迟低于100ms

■ 内容管理系统后端
  项目目标：搭建CMS系统后端服务，支持多站点内容发布
  个人职责：负责文章、栏目、权限模块接口开发，设计数据库表结构
  项目成果：支撑8个站点同时运营，内容发布效率提升3倍","专业技能：K8s、Go、MySQL、Docker、微服务、SpringBoot、Kafka、Redis、PostgreSQL
相关证书：软考中级",拥有7年行业经验，技术视野开阔，具备方案设计与项目把控能力；逻辑清晰，善于定位并解决复杂技术问题；具备良好的团队管理与跨部门沟通能力，能够推动技术优化与业务落地；责任心强，追求技术与业务的平衡发展。,年后 开发 工程师 资深 链路 技术 架构 技术 规划 方案设计 主导 多个 大型项目 重构 升级 并发 系统 稳定性 领域 深厚 带领 攻克 技术难题 驱动 业务 技术升级,即时通讯 服务 开发 企业 内部 IM 系统 后端 消息 推送 存储 消息 队列 离线 消息 会话 管理 模块 开发 万人 同时在线 消息 送达 延迟 低于 100ms 管理系统 后端 搭建 CMS 系统 后端 服务 站点 发布 文章 栏目 权限 模块接口 开发 数据库 结构 支撑 站点 运营 发布 效率,通元 科技 后端 开发 工程师 至今 后端 开发 工程师 业务 开发 维护 需求 评审 对接 产品 测试 跟进 需求 落地 缺陷 修复 汇智 信息技术 后端 开发 工程师 编写 开发 文档 沉淀 技术规范 新人 熟悉业务 后端 开发 工程师 业务 开发 维护 需求 评审 未来 互联网 科技 后端 开发 工程师 对接 产品 测试 跟进 需求 落地 缺陷 修复 后端 开发 工程师 业务 开发 维护 需求 评审 编写 开发 文档 沉淀 技术规范 新人 熟悉业务,技术 视野 开阔 方案设计 项目 逻辑 清晰 善于 定位 复杂 技术 管理 跨部门 推动 技术 业务 落地 责任心 追求 技术 业务 平衡 发展,K8s Go MySQL Docker 微服务 SpringBoot Kafka Redis PostgreSQL 软考中级,K8s、Go、MySQL、Docker、微服务、SpringBoot、Kafka、Redis、PostgreSQL,软考中级
曾晨,男,15715829869,zengchen4526@163.com,wx_zengchen_313,宁波,"期望岗位：算法工程师
期望城市：宁波
期望行业：互联网/信息技术/软件服务
期望薪资：15000-15500元",5年算法工程师从业经验，精通TensorFlow技术架构，主导过中型项目从0到1落地，擅长技术方案设计与性能优化，曾推动核心模块技术重构，带来显著效率提升，具备跨部门协作与项目推进能力。,"东南大学 | 通信工程 | 本科
毕业时间：2017年6月
核心课程：Java程序设计、数据库原理、算法设计与分析、数据结构","【信雅科技有限公司】 算法工程师
2025年6月 - 至今
    · 编写开发文档，沉淀技术规范，协助新人熟悉业务
    · 负责公司算法工程师相关业务的开发与维护，参与需求评审

【微远软件有限公司】 算法工程师
2024年3月 - 2025年5月
    · 编写开发文档，沉淀技术规范，协助新人熟悉业务
    · 负责公司算法工程师相关业务的开发与维护，参与需求评审
    · 承担分配模块的编码、测试与优化工作，保障系统稳定运行

【博思软件有限公司】 算法工程师
2023年12月 - 2024年1月
    · 承担分配模块的编码、测试与优化工作，保障系统稳定运行
    · 负责公司算法工程师相关业务的开发与维护，参与需求评审","■ 个性化推荐系统
  项目目标：提升内容推荐精准度，增加用户停留时长
  个人职责：负责协同过滤、深度学习推荐模型开发与离线优化
  项目成果：用户平均停留时长提升25%，点击率提升15%

■ 风控欺诈识别模型
  项目目标：识别交易欺诈行为，降低资金损失风险
  个人职责：特征工程，构建XGBoost风控模型，在线部署与迭代
  项目成果：欺诈识别准确率达92%，每年减少损失超200万","专业技能：Python、TensorFlow、特征工程、机器学习、数据结构、PyTorch、计算机视觉、推荐算法、NLP
相关证书：软考中级",拥有5年行业经验，技术视野开阔，具备方案设计与项目把控能力；逻辑清晰，善于定位并解决复杂技术问题；具备良好的团队管理与跨部门沟通能力，能够推动技术优化与业务落地；责任心强，追求技术与业务的平衡发展。,算法 工程师 从业 TensorFlow 技术 架构 主导 中型 项目 落地 擅长 技术 方案设计 性能 推动 核心 模块 技术 重构 带来 显著 效率 跨部门 协作 项目 推进,个性化 推荐 系统 推荐 精准度 增加 用户 停留 时长 协同 过滤 深度学习 推荐 模型 开发 离线 用户 平均 停留 时长 点击率 风控 欺诈 识别 模型 识别 交易 欺诈 行为 降低 资金 损失 风险 特征工程 构建 XGBoost 风控 模型 在线 部署 迭代 欺诈 识别 准确率 每年 减少 损失,信雅 科技 算法 工程师 至今 编写 开发 文档 沉淀 技术规范 新人 熟悉业务 算法 工程师 业务 开发 维护 需求 评审 微远 软件 算法 工程师 编写 开发 文档 沉淀 技术规范 新人 熟悉业务 算法 工程师 业务 开发 维护 需求 评审 分配 模块 编码 测试 保障系统 稳定 运行 博思 软件 算法 工程师 分配 模块 编码 测试 保障系统 稳定 运行 算法 工程师 业务 开发 维护 需求 评审,技术 视野 开阔 方案设计 项目 逻辑 清晰 善于 定位 复杂 技术 管理 跨部门 推动 技术 业务 落地 责任心 追求 技术 业务 平衡 发展,Python TensorFlow 特征工程 机器学习 数据结构 PyTorch 计算机视觉 推荐算法 NLP 软考中级,Python、TensorFlow、特征工程、机器学习、数据结构、PyTorch、计算机视觉、推荐算法、NLP,软考中级
林萍,女,18017061615,linping985@gmail.com,wx_linping_312,苏州,"期望岗位：软件测试工程师
期望城市：苏州
期望行业：互联网/信息技术/软件服务
期望薪资：4500-5500元",专科信息管理与信息系统专业应届毕业生，有0段软件测试工程师实习经验，掌握接口测试技术栈，参与过实习项目开发，具备良好的代码规范与团队协作意识，能够快速上手业务，期望正式入职发展。,"深圳职业技术学院 | 信息管理与信息系统 | 专科
毕业时间：2022年6月
核心课程：数据库原理、操作系统、算法设计与分析、数据结构","【用友网络科技有限公司】 软件测试工程师（实习）
2020年2月 - 至今
    · 负责公司软件测试工程师相关业务的开发与维护，参与需求评审
    · 编写开发文档，沉淀技术规范，协助新人熟悉业务","■ 网页兼容性测试实训
  项目目标：对多个网站进行浏览器兼容测试
  个人职责：制定测试方案，输出测试报告
  项目成果：覆盖5款主流浏览器

■ 学生管理系统功能测试
  项目目标：对课程设计系统进行功能测试与缺陷提交
  个人职责：设计测试用例，执行黑盒测试
  项目成果：发现并提交8个功能缺陷","专业技能：测试用例设计、JMeter、Postman、性能测试
相关证书：英语四级、计算机二级、红帽RHCE认证",有实习经验，熟悉开发基本流程，具备基础的项目实践能力；学习能力强，能够快速上手新业务新技术；工作踏实，责任心强，善于沟通协作，能够高效完成分配的工作任务。,专科 信息管理与信息系统 应届 毕业生 软件测试 工程师 实习 接口测试 技术 实习 项目 开发 代码 规范 协作 上手 业务 正式 入职 发展,网页 兼容性 测试 实训 多个 网站 浏览器 兼容 测试 制定 测试 方案 测试报告 覆盖 主流 浏览器 学生 管理系统 功能测试 课程设计 系统 功能测试 缺陷 提交 测试用例 执行 黑盒 测试 发现 提交 功能 缺陷,用友 网络科技 软件测试 工程师 实习 至今 软件测试 工程师 业务 开发 维护 需求 评审 编写 开发 文档 沉淀 技术规范 新人 熟悉业务,实习 开发 基本 流程 项目 实践 上手 业务 技术 责任心 善于 协作 高效 分配,测试用例设计 JMeter Postman 性能测试 英语四级 计算机二级 红帽RHCE认证,测试用例设计、JMeter、Postman、性能测试,英语四级、计算机二级、红帽RHCE认证
曾霞,女,18480197991,zengxia8663@163.com,wx_zengxia_667,漳州,"期望岗位：Python开发工程师
期望城市：漳州
期望行业：互联网/信息技术/软件服务
期望薪资：5000-5500元",本科信息管理与信息系统专业应届毕业生，掌握MongoDB、Docker基础技能，完成过课程设计与毕业项目，具备基础代码编写能力与问题排查思路，学习能力强，做事认真踏实，期望从事Python开发工程师相关工作。,"江西师范大学 | 信息管理与信息系统 | 本科
毕业时间：2022年6月
核心课程：计算机网络、Python编程、数字信号处理、操作系统","【校园实践】
    · 参与学校计算机协会技术部，负责协会网站日常维护
    · 协助老师完成实验室设备管理与系统环境搭建
    · 参与班级课程设计小组，担任后端开发角色","■ 自动化办公脚本
  项目目标：批量处理Excel表格数据
  个人职责：实现数据合并、格式转换、自动统计
  项目成果：提升人工效率80%","专业技能：Django、Redis、Docker、FastAPI、MySQL、Git、爬虫
相关证书：英语四级、阿里云ACP云计算认证、计算机二级",应届毕业，具备扎实的专业基础知识与学习能力，能够快速掌握新技术；工作态度认真负责，有耐心，注重细节；具备良好的团队意识与沟通能力，能够积极配合团队完成任务；期望在工作中积累经验，快速成长。,本科 信息管理与信息系统 应届 毕业生 MongoDB Docker 课程设计 项目 代码 编写 排查 Python 开发 工程师,自动化 办公 脚本 批量 处理 Excel 表格 数据 数据 合并 格式 转换 自动 统计 人工效率,学校 计算机 协会 技术部 协会 网站 维护 老师 实验室 设备 管理 系统 环境 搭建 班级 课程设计 小组 后端 开发 角色,应届 基础知识 技术 认真负责,Django Redis Docker FastAPI MySQL Git 爬虫 英语四级 阿里云ACP云计算认证 计算机二级,Django、Redis、Docker、FastAPI、MySQL、Git、爬虫,英语四级、阿里云ACP云计算认证、计算机二级
贾梓轩,男,15773788773,jia梓xuan656@126.com,15159841059,苏州,"期望岗位：后端开发工程师
期望城市：苏州
期望行业：互联网/信息技术/软件服务
期望薪资：8000-12000元",1年后端开发工程师工作经验，精通Redis、微服务技术栈，参与过完整项目迭代，能够独立完成模块开发与问题排查，注重代码质量与开发效率，具备良好的沟通协作能力。,"暨南大学 | 电子信息工程 | 本科
毕业时间：2021年6月
核心课程：数据库原理、计算机网络、操作系统、算法设计与分析","【新科数据技术有限公司】 后端开发工程师
2025年1月 - 至今
    · 负责公司后端开发工程师相关业务的开发与维护，参与需求评审
    · 编写开发文档，沉淀技术规范，协助新人熟悉业务
    · 承担分配模块的编码、测试与优化工作，保障系统稳定运行","■ 即时通讯服务开发
  项目目标：实现企业内部IM系统后端消息推送与存储
  个人职责：负责消息队列、离线消息、会话管理模块开发
  项目成果：支持万人同时在线，消息送达延迟低于100ms

■ 内容管理系统后端
  项目目标：搭建CMS系统后端服务，支持多站点内容发布
  个人职责：负责文章、栏目、权限模块接口开发，设计数据库表结构
  项目成果：支撑8个站点同时运营，内容发布效率提升3倍","专业技能：K8s、微服务、Docker、Java、Python、Gin、PostgreSQL、Go、SpringBoot、MySQL
相关证书：红帽RHCE认证",拥有1年实际工作经验，技术功底扎实，熟悉完整开发流程；具备较强的问题解决能力，能够独立排查并解决常见技术问题；工作认真负责，注重团队协作，能够高效推进项目落地；持续学习，保持技术敏感度。,年后 开发 工程师 Redis 微服务 技术 完整 项目 迭代 独立 模块 开发 排查 代码 质量 开发 效率 协作,即时通讯 服务 开发 企业 内部 IM 系统 后端 消息 推送 存储 消息 队列 离线 消息 会话 管理 模块 开发 万人 同时在线 消息 送达 延迟 低于 100ms 管理系统 后端 搭建 CMS 系统 后端 服务 站点 发布 文章 栏目 权限 模块接口 开发 数据库 结构 支撑 站点 运营 发布 效率,新科 数据 技术 后端 开发 工程师 至今 后端 开发 工程师 业务 开发 维护 需求 评审 编写 开发 文档 沉淀 技术规范 新人 熟悉业务 分配 模块 编码 测试 保障系统 稳定 运行,实际 技术 功底 完整 开发 流程 独立 排查 常见 技术 认真负责 协作 高效 推进 项目 落地 持续 保持 技术 敏感度,K8s 微服务 Docker Java Python Gin PostgreSQL Go SpringBoot MySQL 红帽RHCE认证,K8s、微服务、Docker、Java、Python、Gin、PostgreSQL、Go、SpringBoot、MySQL,红帽RHCE认证
高芳,女,17761026218,gaofang8840@gmail.com,15933698081,无锡,"期望岗位：Python开发工程师
期望城市：无锡
期望行业：互联网/信息技术/软件服务
期望薪资：面议",专科数学与应用数学专业应届毕业生，有1段Python开发工程师实习经验，掌握爬虫技术栈，参与过实习项目开发，具备良好的代码规范与团队协作意识，能够快速上手业务，期望正式入职发展。,"福建船政交通职业学院 | 数学与应用数学 | 专科
毕业时间：2021年6月
核心课程：算法设计与分析、计算机网络、数字信号处理、数据库原理","【华为（东莞研究所）】 Python开发工程师（实习）
2025年3月 - 至今
    · 对接产品、测试团队，跟进需求落地与缺陷修复
    · 负责公司Python开发工程师相关业务的开发与维护，参与需求评审
    · 承担分配模块的编码、测试与优化工作，保障系统稳定运行","■ 简单爬虫脚本开发
  项目目标：爬取公开网站数据并入库
  个人职责：负责反爬处理、数据清洗、SQLite存储
  项目成果：日均采集数据1万条

■ 自动化办公脚本
  项目目标：批量处理Excel表格数据
  个人职责：实现数据合并、格式转换、自动统计
  项目成果：提升人工效率80%","专业技能：Django、Linux、Redis、爬虫、FastAPI、Flask、MySQL
相关证书：无",有实习经验，熟悉开发基本流程，具备基础的项目实践能力；学习能力强，能够快速上手新业务新技术；工作踏实，责任心强，善于沟通协作，能够高效完成分配的工作任务。,专科 数学与应用数学 应届 毕业生 Python 开发 工程师 实习 爬虫 技术 实习 项目 开发 代码 规范 协作 上手 业务 正式 入职 发展,简单 爬虫 脚本 开发 爬取 公开 网站 数据 入库 反爬 处理 数据 清洗 SQL ite 存储 日均 采集 数据 万条 自动化 办公 脚本 批量 处理 Excel 表格 数据 数据 合并 格式 转换 自动 统计 人工效率,华为 东莞 研究所 Python 开发 工程师 实习 至今 对接 产品 测试 跟进 需求 落地 缺陷 修复 Python 开发 工程师 业务 开发 维护 需求 评审 分配 模块 编码 测试 保障系统 稳定 运行,实习 开发 基本 流程 项目 实践 上手 业务 技术 责任心 善于 协作 高效 分配,Django Linux Redis 爬虫 FastAPI Flask MySQL,Django、Linux、Redis、爬虫、FastAPI、Flask、MySQL,
杨玲,女,13515580136,yangling71@163.com,wx_yangling_581,马鞍山,"期望岗位：后端开发工程师
期望城市：马鞍山
期望行业：互联网/信息技术/软件服务
期望薪资：6000-7500元",本科信息管理与信息系统专业应届毕业生，有1段后端开发工程师实习经验，掌握PostgreSQL技术栈，参与过实习项目开发，具备良好的代码规范与团队协作意识，能够快速上手业务，期望正式入职发展。,"浙江工业大学 | 信息管理与信息系统 | 本科
毕业时间：2021年6月
核心课程：计算机网络、算法设计与分析、软件工程、数据结构","【小米（南京分公司）】 后端开发工程师（实习）
2025年10月 - 至今
    · 负责公司后端开发工程师相关业务的开发与维护，参与需求评审
    · 承担分配模块的编码、测试与优化工作，保障系统稳定运行","■ 简单论坛系统
  项目目标：实现帖子发布、回复、板块管理
  个人职责：负责后端服务开发与接口文档编写
  项目成果：支持百人同时在线访问

■ 图书管理系统后端
  项目目标：实现图书借阅、归还、用户管理功能
  个人职责：负责接口开发与数据库表结构设计
  项目成果：完成核心功能，支持1000条数据量","专业技能：Redis、PostgreSQL、Gin、Go、微服务、Docker、MySQL
相关证书：无",有实习经验，熟悉开发基本流程，具备基础的项目实践能力；学习能力强，能够快速上手新业务新技术；工作踏实，责任心强，善于沟通协作，能够高效完成分配的工作任务。,本科 信息管理与信息系统 应届 毕业生 后端 开发 工程师 实习 PostgreSQL 技术 实习 项目 开发 代码 规范 协作 上手 业务 正式 入职 发展,简单 论坛 系统 帖子 发布 回复 板块 管理 后端 服务 开发 接口 文档 编写 百人 同时在线 访问 图书 管理系统 后端 图书 借阅 归还 用户 管理 功能 接口 开发 数据库 结构设计 核心 功能 数据量,小米 南京 分公司 后端 开发 工程师 实习 至今 后端 开发 工程师 业务 开发 维护 需求 评审 分配 模块 编码 测试 保障系统 稳定 运行,实习 开发 基本 流程 项目 实践 上手 业务 技术 责任心 善于 协作 高效 分配,Redis PostgreSQL Gin Go 微服务 Docker MySQL,Redis、PostgreSQL、Gin、Go、微服务、Docker、MySQL,
万伟,男,15249861989,wanwei84@qq.com,13117650195,厦门,"期望岗位：运维工程师
期望城市：厦门
期望行业：互联网/信息技术/软件服务
期望薪资：17500-19000元",3年运维工程师从业经验，精通Kubernetes技术架构，主导过中型项目从0到1落地，擅长技术方案设计与性能优化，曾推动核心模块技术重构，带来显著效率提升，具备跨部门协作与项目推进能力。,"南京大学 | 软件工程 | 本科
毕业时间：2019年6月
核心课程：数字信号处理、操作系统、软件工程、算法设计与分析","【卓望软件有限公司】 运维工程师
2025年5月 - 至今
    · 负责公司运维工程师相关业务的开发与维护，参与需求评审
    · 承担分配模块的编码、测试与优化工作，保障系统稳定运行
    · 编写开发文档，沉淀技术规范，协助新人熟悉业务

【云创软件有限公司】 运维工程师
2024年6月 - 2025年8月
    · 编写开发文档，沉淀技术规范，协助新人熟悉业务
    · 对接产品、测试团队，跟进需求落地与缺陷修复","■ 服务器集群运维优化
  项目目标：提升服务器集群稳定性，降低故障发生率
  个人职责：负责日常巡检、故障排查，优化监控告警规则与分级策略
  项目成果：服务器故障率下降60%，平均故障响应时间缩短至15分钟

■ CI/CD自动化流水线
  项目目标：实现代码自动化构建、测试、部署，提升发布效率
  个人职责：基于Jenkins搭建持续集成流水线，配置Docker容器化部署
  项目成果：发布周期从每周1次提升至每天3次，部署失误率降为0","专业技能：Linux、Shell、Kubernetes、Docker、Ansible、Prometheus、网络运维、Nginx、Redis
相关证书：软件设计师（中级）",拥有3年行业经验，技术视野开阔，具备方案设计与项目把控能力；逻辑清晰，善于定位并解决复杂技术问题；具备良好的团队管理与跨部门沟通能力，能够推动技术优化与业务落地；责任心强，追求技术与业务的平衡发展。,运维 工程师 从业 Kubernetes 技术 架构 主导 中型 项目 落地 擅长 技术 方案设计 性能 推动 核心 模块 技术 重构 带来 显著 效率 跨部门 协作 项目 推进,服务器 集群 运维 服务器 集群 稳定性 降低 故障 发生率 巡检 故障 排查 监控 告警 规则 分级 策略 服务器 故障率 下降 平均 故障 响应 时间 缩短 分钟 CI CD 自动化 流水线 代码 自动化 构建 测试 部署 发布 效率 基于 Jenkins 搭建 持续 集成 流水线 配置 Docker 容器 部署 发布 周期 每周 每天 部署 失误 降为,卓望 软件 运维 工程师 至今 运维 工程师 业务 开发 维护 需求 评审 分配 模块 编码 测试 保障系统 稳定 运行 编写 开发 文档 沉淀 技术规范 新人 熟悉业务 云创 软件 运维 工程师 编写 开发 文档 沉淀 技术规范 新人 熟悉业务 对接 产品 测试 跟进 需求 落地 缺陷 修复,技术 视野 开阔 方案设计 项目 逻辑 清晰 善于 定位 复杂 技术 管理 跨部门 推动 技术 业务 落地 责任心 追求 技术 业务 平衡 发展,Linux Shell Kubernetes Docker Ansible Prometheus 网络运维 Nginx Redis 软件 设计师 中级,Linux、Shell、Kubernetes、Docker、Ansible、Prometheus、网络运维、Nginx、Redis,软件设计师（中级）
贺璐,女,18117090524,helu69@126.com,15735231523,台州,"期望岗位：前端开发工程师
期望城市：台州
期望行业：互联网/信息技术/软件服务
期望薪资：16500-18000元",4年前端开发工程师从业经验，精通JavaScript技术架构，主导过中型项目从0到1落地，擅长技术方案设计与性能优化，曾推动核心模块技术重构，带来显著效率提升，具备跨部门协作与项目推进能力。,"东南大学 | 通信工程 | 本科
毕业时间：2018年6月
核心课程：数据库原理、机器学习、计算机网络、数据结构","【微远信息技术有限公司】 前端开发工程师
2024年11月 - 至今
    · 编写开发文档，沉淀技术规范，协助新人熟悉业务
    · 对接产品、测试团队，跟进需求落地与缺陷修复
    · 负责公司前端开发工程师相关业务的开发与维护，参与需求评审

【中软软件有限公司】 前端开发工程师
2022年7月 - 2024年7月
    · 负责公司前端开发工程师相关业务的开发与维护，参与需求评审
    · 编写开发文档，沉淀技术规范，协助新人熟悉业务
    · 承担分配模块的编码、测试与优化工作，保障系统稳定运行","■ 企业后台管理系统
  项目目标：搭建企业运营管理后台，实现业务数据可视化
  个人职责：负责权限管理、数据报表模块开发，对接后端接口联调
  项目成果：覆盖12个业务部门，运营效率提升40%

■ 电商平台前端重构
  项目目标：升级旧版电商系统前端架构，提升用户体验与加载速度
  个人职责：负责商品详情页、购物车模块开发，组件化封装公共组件
  项目成果：首屏加载时间从3.2s降至1.8s，页面转化率提升12%","专业技能：Axios、JavaScript、TypeScript、HTML5、Ant Design、Webpack
相关证书：英语六级",拥有4年行业经验，技术视野开阔，具备方案设计与项目把控能力；逻辑清晰，善于定位并解决复杂技术问题；具备良好的团队管理与跨部门沟通能力，能够推动技术优化与业务落地；责任心强，追求技术与业务的平衡发展。,前端开发 工程师 从业 JavaScript 技术 架构 主导 中型 项目 落地 擅长 技术 方案设计 性能 推动 核心 模块 技术 重构 带来 显著 效率 跨部门 协作 项目 推进,企业 后台 管理系统 搭建 企业 运营 管理 后台 业务 数据可视化 权限 管理 数据报表 模块 开发 对接 后端 接口 联调 覆盖 业务部门 运营 效率 电商 平台 前端 重构 升级 旧版 电商 系统 前端 架构 用户 体验 加载 速度 商品 详情页 购物车 模块 开发 组件 封装 公共 组件 首屏 加载 时间 3.2 降至 1.8 页面 转化率,微远 信息技术 前端开发 工程师 至今 编写 开发 文档 沉淀 技术规范 新人 熟悉业务 对接 产品 测试 跟进 需求 落地 缺陷 修复 前端开发 工程师 业务 开发 维护 需求 评审 中软 软件 前端开发 工程师 前端开发 工程师 业务 开发 维护 需求 评审 编写 开发 文档 沉淀 技术规范 新人 熟悉业务 分配 模块 编码 测试 保障系统 稳定 运行,技术 视野 开阔 方案设计 项目 逻辑 清晰 善于 定位 复杂 技术 管理 跨部门 推动 技术 业务 落地 责任心 追求 技术 业务 平衡 发展,Axios JavaScript TypeScript HTML5 Ant Design Webpack 英语六级,Axios、JavaScript、TypeScript、HTML5、Ant Design、Webpack,英语六级
胡燕,女,18393560141,huyan995@gmail.com,wx_huyan_340,杭州,"期望岗位：算法工程师
期望城市：杭州
期望行业：互联网/信息技术/软件服务
期望薪资：面议",10年算法工程师资深经验，精通全链路技术架构，具备团队技术规划与方案设计能力，主导过多个大型项目重构与升级，在高并发/系统稳定性领域有深厚积累，能够带领团队攻克技术难题，驱动业务技术升级。,"福建船政交通职业学院 | 数学与应用数学 | 专科
毕业时间：2012年6月
核心课程：软件工程、Java程序设计、数据库原理、操作系统","【安硕信息技术有限公司】 算法工程师
2023年11月 - 至今
    · 负责公司算法工程师相关业务的开发与维护，参与需求评审
    · 承担分配模块的编码、测试与优化工作，保障系统稳定运行

【博思互联网科技有限公司】 算法工程师
2020年9月 - 2023年11月
    · 负责公司算法工程师相关业务的开发与维护，参与需求评审
    · 编写开发文档，沉淀技术规范，协助新人熟悉业务

【东软网络科技有限公司】 算法工程师
2017年3月 - 2020年6月
    · 编写开发文档，沉淀技术规范，协助新人熟悉业务
    · 负责公司算法工程师相关业务的开发与维护，参与需求评审
    · 对接产品、测试团队，跟进需求落地与缺陷修复","■ 个性化推荐系统
  项目目标：提升内容推荐精准度，增加用户停留时长
  个人职责：负责协同过滤、深度学习推荐模型开发与离线优化
  项目成果：用户平均停留时长提升25%，点击率提升15%

■ 风控欺诈识别模型
  项目目标：识别交易欺诈行为，降低资金损失风险
  个人职责：特征工程，构建XGBoost风控模型，在线部署与迭代
  项目成果：欺诈识别准确率达92%，每年减少损失超200万","专业技能：SQL、TensorFlow、数据结构、计算机视觉、PyTorch、深度学习
相关证书：PMP项目管理专业人士",拥有10年行业经验，技术视野开阔，具备方案设计与项目把控能力；逻辑清晰，善于定位并解决复杂技术问题；具备良好的团队管理与跨部门沟通能力，能够推动技术优化与业务落地；责任心强，追求技术与业务的平衡发展。,算法 工程师 资深 链路 技术 架构 技术 规划 方案设计 主导 多个 大型项目 重构 升级 并发 系统 稳定性 领域 深厚 带领 攻克 技术难题 驱动 业务 技术升级,个性化 推荐 系统 推荐 精准度 增加 用户 停留 时长 协同 过滤 深度学习 推荐 模型 开发 离线 用户 平均 停留 时长 点击率 风控 欺诈 识别 模型 识别 交易 欺诈 行为 降低 资金 损失 风险 特征工程 构建 XGBoost 风控 模型 在线 部署 迭代 欺诈 识别 准确率 每年 减少 损失,安硕 信息技术 算法 工程师 至今 算法 工程师 业务 开发 维护 需求 评审 分配 模块 编码 测试 保障系统 稳定 运行 博思 互联网 科技 算法 工程师 算法 工程师 业务 开发 维护 需求 评审 编写 开发 文档 沉淀 技术规范 新人 熟悉业务 东软 网络科技 算法 工程师 编写 开发 文档 沉淀 技术规范 新人 熟悉业务 算法 工程师 业务 开发 维护 需求 评审 对接 产品 测试 跟进 需求 落地 缺陷 修复,技术 视野 开阔 方案设计 项目 逻辑 清晰 善于 定位 复杂 技术 管理 跨部门 推动 技术 业务 落地 责任心 追求 技术 业务 平衡 发展,SQL TensorFlow 数据结构 计算机视觉 PyTorch 深度学习 PMP项目管理专业人士,SQL、TensorFlow、数据结构、计算机视觉、PyTorch、深度学习,PMP项目管理专业人士
程安然,女,15334295582,chenganran02@163.com,13327865355,无锡,"期望岗位：后端开发工程师
期望城市：无锡
期望行业：互联网/信息技术/软件服务
期望薪资：9500-11000元",2年后端开发工程师工作经验，精通SpringBoot、Redis技术栈，参与过完整项目迭代，能够独立完成模块开发与问题排查，注重代码质量与开发效率，具备良好的沟通协作能力。,"福建信息职业技术学院 | 电子信息工程 | 专科
毕业时间：2020年6月
核心课程：数据库原理、Java程序设计、计算机网络、机器学习","【OPPO（东莞）】 后端开发工程师
2025年2月 - 至今
    · 负责公司后端开发工程师相关业务的开发与维护，参与需求评审
    · 承担分配模块的编码、测试与优化工作，保障系统稳定运行

【科创软件有限公司】 后端开发工程师
2024年1月 - 2025年4月
    · 负责公司后端开发工程师相关业务的开发与维护，参与需求评审
    · 承担分配模块的编码、测试与优化工作，保障系统稳定运行","■ 即时通讯服务开发
  项目目标：实现企业内部IM系统后端消息推送与存储
  个人职责：负责消息队列、离线消息、会话管理模块开发
  项目成果：支持万人同时在线，消息送达延迟低于100ms

■ 内容管理系统后端
  项目目标：搭建CMS系统后端服务，支持多站点内容发布
  个人职责：负责文章、栏目、权限模块接口开发，设计数据库表结构
  项目成果：支撑8个站点同时运营，内容发布效率提升3倍","专业技能：微服务、MySQL、Gin、Go、SpringBoot、Redis、Docker、PostgreSQL
相关证书：无",拥有2年实际工作经验，技术功底扎实，熟悉完整开发流程；具备较强的问题解决能力，能够独立排查并解决常见技术问题；工作认真负责，注重团队协作，能够高效推进项目落地；持续学习，保持技术敏感度。,年后 开发 工程师 SpringBoot Redis 技术 完整 项目 迭代 独立 模块 开发 排查 代码 质量 开发 效率 协作,即时通讯 服务 开发 企业 内部 IM 系统 后端 消息 推送 存储 消息 队列 离线 消息 会话 管理 模块 开发 万人 同时在线 消息 送达 延迟 低于 100ms 管理系统 后端 搭建 CMS 系统 后端 服务 站点 发布 文章 栏目 权限 模块接口 开发 数据库 结构 支撑 站点 运营 发布 效率,OPPO 东莞 后端 开发 工程师 至今 后端 开发 工程师 业务 开发 维护 需求 评审 分配 模块 编码 测试 保障系统 稳定 运行 科创 软件 后端 开发 工程师 后端 开发 工程师 业务 开发 维护 需求 评审 分配 模块 编码 测试 保障系统 稳定 运行,实际 技术 功底 完整 开发 流程 独立 排查 常见 技术 认真负责 协作 高效 推进 项目 落地 持续 保持 技术 敏感度,微服务 MySQL Gin Go SpringBoot Redis Docker PostgreSQL,微服务、MySQL、Gin、Go、SpringBoot、Redis、Docker、PostgreSQL,
张雪,女,13813236236,zhangxue91@163.com,17792793132,无锡,"期望岗位：数据分析师
期望城市：无锡
期望行业：互联网/信息技术/软件服务
期望薪资：3000-3500元",本科电子信息工程专业应届毕业生，掌握Excel、数据可视化基础技能，完成过课程设计与毕业项目，具备基础代码编写能力与问题排查思路，学习能力强，做事认真踏实，期望从事数据分析师相关工作。,"苏州大学 | 电子信息工程 | 本科
毕业时间：2022年6月
核心课程：数据库原理、操作系统、机器学习、数据结构","【校园实践】
    · 参与学校计算机协会技术部，负责协会网站日常维护
    · 协助老师完成实验室设备管理与系统环境搭建
    · 参与班级课程设计小组，担任后端开发角色","■ 学生成绩数据分析
  项目目标：对班级期末成绩进行统计分析
  个人职责：数据清洗、可视化图表制作、结论输出
  项目成果：输出分析报告，提出3点教学建议","专业技能：Python、MySQL、数据可视化、Pandas
相关证书：计算机二级",应届毕业，具备扎实的专业基础知识与学习能力，能够快速掌握新技术；工作态度认真负责，有耐心，注重细节；具备良好的团队意识与沟通能力，能够积极配合团队完成任务；期望在工作中积累经验，快速成长。,本科 电子信息工程 应届 毕业生 Excel 数据可视化 课程设计 项目 代码 编写 排查 数据 分析师,学生 成绩 数据分析 班级 期末 成绩 统计分析 数据 清洗 可视化 图表 制作 结论 分析报告 提出 教学 建议,学校 计算机 协会 技术部 协会 网站 维护 老师 实验室 设备 管理 系统 环境 搭建 班级 课程设计 小组 后端 开发 角色,应届 基础知识 技术 认真负责,Python MySQL 数据可视化 Pandas 计算机二级,Python、MySQL、数据可视化、Pandas,计算机二级
彭梓涵,女,15677207593,peng梓han464@outlook.com,13323590516,温州,"期望岗位：软件测试工程师
期望城市：温州
期望行业：互联网/信息技术/软件服务
期望薪资：面议",本科数字媒体技术专业应届毕业生，掌握测试用例设计、JMeter基础技能，完成过课程设计与毕业项目，具备基础代码编写能力与问题排查思路，学习能力强，做事认真踏实，期望从事软件测试工程师相关工作。,"福建农林大学 | 数字媒体技术 | 本科
毕业时间：2022年6月
核心课程：数字信号处理、算法设计与分析、Java程序设计、数据结构","【校园实践】
    · 参与学校计算机协会技术部，负责协会网站日常维护
    · 协助老师完成实验室设备管理与系统环境搭建
    · 参与班级课程设计小组，担任后端开发角色","■ 网页兼容性测试实训
  项目目标：对多个网站进行浏览器兼容测试
  个人职责：制定测试方案，输出测试报告
  项目成果：覆盖5款主流浏览器","专业技能：缺陷管理、Appium、性能测试、功能测试、Selenium
相关证书：红帽RHCE认证、计算机一级、系统架构设计师",应届毕业，具备扎实的专业基础知识与学习能力，能够快速掌握新技术；工作态度认真负责，有耐心，注重细节；具备良好的团队意识与沟通能力，能够积极配合团队完成任务；期望在工作中积累经验，快速成长。,本科 数字媒体技术 应届 毕业生 测试用例设计 JMeter 课程设计 项目 代码 编写 排查 软件测试 工程师,网页 兼容性 测试 实训 多个 网站 浏览器 兼容 测试 制定 测试 方案 测试报告 覆盖 主流 浏览器,学校 计算机 协会 技术部 协会 网站 维护 老师 实验室 设备 管理 系统 环境 搭建 班级 课程设计 小组 后端 开发 角色,应届 基础知识 技术 认真负责,缺陷管理 Appium 性能测试 功能测试 Selenium 红帽RHCE认证 计算机一级 系统架构设计师,缺陷管理、Appium、性能测试、功能测试、Selenium,红帽RHCE认证、计算机一级、系统架构设计师
雷皓,男,17671678125,leihao511@gmail.com,wx_leihao_494,阜阳,"期望岗位：后端开发工程师
期望城市：阜阳
期望行业：互联网/信息技术/软件服务
期望薪资：7500-8000元",2年后端开发工程师工作经验，精通SpringBoot、K8s技术栈，参与过完整项目迭代，能够独立完成模块开发与问题排查，注重代码质量与开发效率，具备良好的沟通协作能力。,"福建信息职业技术学院 | 软件工程 | 专科
毕业时间：2020年6月
核心课程：数据库原理、数据结构、软件工程、算法设计与分析","【汇智信息技术有限公司】 后端开发工程师
2025年6月 - 至今
    · 负责公司后端开发工程师相关业务的开发与维护，参与需求评审
    · 承担分配模块的编码、测试与优化工作，保障系统稳定运行

【新科软件有限公司】 后端开发工程师
2024年11月 - 2025年3月
    · 负责公司后端开发工程师相关业务的开发与维护，参与需求评审
    · 编写开发文档，沉淀技术规范，协助新人熟悉业务
    · 对接产品、测试团队，跟进需求落地与缺陷修复","■ 内容管理系统后端
  项目目标：搭建CMS系统后端服务，支持多站点内容发布
  个人职责：负责文章、栏目、权限模块接口开发，设计数据库表结构
  项目成果：支撑8个站点同时运营，内容发布效率提升3倍

■ 即时通讯服务开发
  项目目标：实现企业内部IM系统后端消息推送与存储
  个人职责：负责消息队列、离线消息、会话管理模块开发
  项目成果：支持万人同时在线，消息送达延迟低于100ms","专业技能：Python、K8s、Redis、Docker、Java、Kafka、PostgreSQL、Go、MySQL
相关证书：软考中级",拥有2年实际工作经验，技术功底扎实，熟悉完整开发流程；具备较强的问题解决能力，能够独立排查并解决常见技术问题；工作认真负责，注重团队协作，能够高效推进项目落地；持续学习，保持技术敏感度。,年后 开发 工程师 SpringBoot K8s 技术 完整 项目 迭代 独立 模块 开发 排查 代码 质量 开发 效率 协作,管理系统 后端 搭建 CMS 系统 后端 服务 站点 发布 文章 栏目 权限 模块接口 开发 数据库 结构 支撑 站点 运营 发布 效率 即时通讯 服务 开发 企业 内部 IM 系统 后端 消息 推送 存储 消息 队列 离线 消息 会话 管理 模块 开发 万人 同时在线 消息 送达 延迟 低于 100ms,汇智 信息技术 后端 开发 工程师 至今 后端 开发 工程师 业务 开发 维护 需求 评审 分配 模块 编码 测试 保障系统 稳定 运行 新科 软件 后端 开发 工程师 后端 开发 工程师 业务 开发 维护 需求 评审 编写 开发 文档 沉淀 技术规范 新人 熟悉业务 对接 产品 测试 跟进 需求 落地 缺陷 修复,实际 技术 功底 完整 开发 流程 独立 排查 常见 技术 认真负责 协作 高效 推进 项目 落地 持续 保持 技术 敏感度,Python K8s Redis Docker Java Kafka PostgreSQL Go MySQL 软考中级,Python、K8s、Redis、Docker、Java、Kafka、PostgreSQL、Go、MySQL,软考中级
孙若曦,女,13167820903,sun若xi53@qq.com,15976959584,宁德,"期望岗位：运维工程师
期望城市：宁德
期望行业：互联网/信息技术/软件服务
期望薪资：8000-8500元",2年运维工程师工作经验，精通Zabbix、Kubernetes技术栈，参与过完整项目迭代，能够独立完成模块开发与问题排查，注重代码质量与开发效率，具备良好的沟通协作能力。,"厦门理工学院 | 计算机应用技术 | 本科
毕业时间：2020年6月
核心课程：数字信号处理、数据库原理、数据结构、机器学习","【安硕数据技术有限公司】 运维工程师
2025年10月 - 至今
    · 对接产品、测试团队，跟进需求落地与缺陷修复
    · 负责公司运维工程师相关业务的开发与维护，参与需求评审
    · 编写开发文档，沉淀技术规范，协助新人熟悉业务

【新科信息技术有限公司】 运维工程师
2024年8月 - 2025年9月
    · 对接产品、测试团队，跟进需求落地与缺陷修复
    · 编写开发文档，沉淀技术规范，协助新人熟悉业务","■ CI/CD自动化流水线
  项目目标：实现代码自动化构建、测试、部署，提升发布效率
  个人职责：基于Jenkins搭建持续集成流水线，配置Docker容器化部署
  项目成果：发布周期从每周1次提升至每天3次，部署失误率降为0

■ 服务器集群运维优化
  项目目标：提升服务器集群稳定性，降低故障发生率
  个人职责：负责日常巡检、故障排查，优化监控告警规则与分级策略
  项目成果：服务器故障率下降60%，平均故障响应时间缩短至15分钟","专业技能：Linux、Nginx、网络运维、Zabbix、Ansible、Jenkins、Shell、Docker、Kubernetes、MySQL
相关证书：无",拥有2年实际工作经验，技术功底扎实，熟悉完整开发流程；具备较强的问题解决能力，能够独立排查并解决常见技术问题；工作认真负责，注重团队协作，能够高效推进项目落地；持续学习，保持技术敏感度。,运维 工程师 Zabbix Kubernetes 技术 完整 项目 迭代 独立 模块 开发 排查 代码 质量 开发 效率 协作,CI CD 自动化 流水线 代码 自动化 构建 测试 部署 发布 效率 基于 Jenkins 搭建 持续 集成 流水线 配置 Docker 容器 部署 发布 周期 每周 每天 部署 失误 降为 服务器 集群 运维 服务器 集群 稳定性 降低 故障 发生率 巡检 故障 排查 监控 告警 规则 分级 策略 服务器 故障率 下降 平均 故障 响应 时间 缩短 分钟,安硕 数据 技术 运维 工程师 至今 对接 产品 测试 跟进 需求 落地 缺陷 修复 运维 工程师 业务 开发 维护 需求 评审 编写 开发 文档 沉淀 技术规范 新人 熟悉业务 新科 信息技术 运维 工程师 对接 产品 测试 跟进 需求 落地 缺陷 修复 编写 开发 文档 沉淀 技术规范 新人 熟悉业务,实际 技术 功底 完整 开发 流程 独立 排查 常见 技术 认真负责 协作 高效 推进 项目 落地 持续 保持 技术 敏感度,Linux Nginx 网络运维 Zabbix Ansible Jenkins Shell Docker Kubernetes MySQL,Linux、Nginx、网络运维、Zabbix、Ansible、Jenkins、Shell、Docker、Kubernetes、MySQL,
潘玲,女,13403335028,panling24@126.com,wx_panling_432,南通,"期望岗位：后端开发工程师
期望城市：南通
期望行业：互联网/信息技术/软件服务
期望薪资：10500-12000元",2年后端开发工程师工作经验，精通Redis、MySQL技术栈，参与过完整项目迭代，能够独立完成模块开发与问题排查，注重代码质量与开发效率，具备良好的沟通协作能力。,"江西师范大学 | 软件工程 | 本科
毕业时间：2020年6月
核心课程：数据结构、操作系统、算法设计与分析、软件工程","【vivo（东莞）】 后端开发工程师
2025年11月 - 至今
    · 负责公司后端开发工程师相关业务的开发与维护，参与需求评审
    · 承担分配模块的编码、测试与优化工作，保障系统稳定运行

【锐捷软件有限公司】 后端开发工程师
2024年6月 - 2025年5月
    · 编写开发文档，沉淀技术规范，协助新人熟悉业务
    · 承担分配模块的编码、测试与优化工作，保障系统稳定运行","■ 即时通讯服务开发
  项目目标：实现企业内部IM系统后端消息推送与存储
  个人职责：负责消息队列、离线消息、会话管理模块开发
  项目成果：支持万人同时在线，消息送达延迟低于100ms

■ 内容管理系统后端
  项目目标：搭建CMS系统后端服务，支持多站点内容发布
  个人职责：负责文章、栏目、权限模块接口开发，设计数据库表结构
  项目成果：支撑8个站点同时运营，内容发布效率提升3倍","专业技能：Kafka、Docker、SpringBoot、MySQL、Python、微服务、Java、Redis
相关证书：无",拥有2年实际工作经验，技术功底扎实，熟悉完整开发流程；具备较强的问题解决能力，能够独立排查并解决常见技术问题；工作认真负责，注重团队协作，能够高效推进项目落地；持续学习，保持技术敏感度。,年后 开发 工程师 Redis MySQL 技术 完整 项目 迭代 独立 模块 开发 排查 代码 质量 开发 效率 协作,即时通讯 服务 开发 企业 内部 IM 系统 后端 消息 推送 存储 消息 队列 离线 消息 会话 管理 模块 开发 万人 同时在线 消息 送达 延迟 低于 100ms 管理系统 后端 搭建 CMS 系统 后端 服务 站点 发布 文章 栏目 权限 模块接口 开发 数据库 结构 支撑 站点 运营 发布 效率,vivo 东莞 后端 开发 工程师 至今 后端 开发 工程师 业务 开发 维护 需求 评审 分配 模块 编码 测试 保障系统 稳定 运行 锐捷 软件 后端 开发 工程师 编写 开发 文档 沉淀 技术规范 新人 熟悉业务 分配 模块 编码 测试 保障系统 稳定 运行,实际 技术 功底 完整 开发 流程 独立 排查 常见 技术 认真负责 协作 高效 推进 项目 落地 持续 保持 技术 敏感度,Kafka Docker SpringBoot MySQL Python 微服务 Java Redis,Kafka、Docker、SpringBoot、MySQL、Python、微服务、Java、Redis,
汪敏,女,13658898079,wangmin72@163.com,wx_wangmin_918,温州,"期望岗位：Java开发工程师
期望城市：温州
期望行业：互联网/信息技术/软件服务
期望薪资：16500-19000元",5年Java开发工程师从业经验，精通SpringCloud技术架构，主导过中型项目从0到1落地，擅长技术方案设计与性能优化，曾推动核心模块技术重构，带来显著效率提升，具备跨部门协作与项目推进能力。,"东南大学 | 网络工程 | 本科
毕业时间：2017年6月
核心课程：软件工程、Python编程、操作系统、计算机网络","【启明软件有限公司】 Java开发工程师
2025年12月 - 至今
    · 承担分配模块的编码、测试与优化工作，保障系统稳定运行
    · 编写开发文档，沉淀技术规范，协助新人熟悉业务
    · 对接产品、测试团队，跟进需求落地与缺陷修复

【未来互联网科技有限公司】 Java开发工程师
2024年9月 - 2025年2月
    · 负责公司Java开发工程师相关业务的开发与维护，参与需求评审
    · 对接产品、测试团队，跟进需求落地与缺陷修复

【新科网络科技有限公司】 Java开发工程师
2023年11月 - 2024年8月
    · 承担分配模块的编码、测试与优化工作，保障系统稳定运行
    · 负责公司Java开发工程师相关业务的开发与维护，参与需求评审
    · 编写开发文档，沉淀技术规范，协助新人熟悉业务","■ 电商订单交易系统
  项目目标：搭建高可用电商订单系统，支撑大促流量峰值
  个人职责：负责订单创建、支付回调、库存扣减核心逻辑开发
  项目成果：支撑日均订单量10万+，系统可用性达99.95%

■ 微服务用户中心重构
  项目目标：将单体用户系统拆分为微服务架构，提升并发承载能力
  个人职责：负责登录、注册、权限模块开发，优化数据库查询与缓存策略
  项目成果：支持并发量从500提升至5000，接口响应耗时减少60%","专业技能：SpringCloud、SpringBoot、Redis、Git、MyBatis、Docker、Linux、Java、微服务
相关证书：无",拥有5年行业经验，技术视野开阔，具备方案设计与项目把控能力；逻辑清晰，善于定位并解决复杂技术问题；具备良好的团队管理与跨部门沟通能力，能够推动技术优化与业务落地；责任心强，追求技术与业务的平衡发展。,Java 开发 工程师 从业 SpringCloud 技术 架构 主导 中型 项目 落地 擅长 技术 方案设计 性能 推动 核心 模块 技术 重构 带来 显著 效率 跨部门 协作 项目 推进,电商 订单 交易系统 搭建 可用 电商 订单 系统 支撑 大促 流量 峰值 订单 创建 支付 回调 库存 扣减 核心 逻辑 开发 支撑 日均 订单 系统 可用性 微服务 用户 中心 重构 单体 用户 系统 分为 微服务 架构 并发 承载能力 登录 注册 权限 模块 开发 数据库 查询 缓存 策略 并发 接口 响应 耗时 减少,启明 软件 Java 开发 工程师 至今 分配 模块 编码 测试 保障系统 稳定 运行 编写 开发 文档 沉淀 技术规范 新人 熟悉业务 对接 产品 测试 跟进 需求 落地 缺陷 修复 未来 互联网 科技 Java 开发 工程师 Java 开发 工程师 业务 开发 维护 需求 评审 对接 产品 测试 跟进 需求 落地 缺陷 修复 新科 网络科技 Java 开发 工程师 分配 模块 编码 测试 保障系统 稳定 运行 Java 开发 工程师 业务 开发 维护 需求 评审 编写 开发 文档 沉淀 技术规范 新人 熟悉业务,技术 视野 开阔 方案设计 项目 逻辑 清晰 善于 定位 复杂 技术 管理 跨部门 推动 技术 业务 落地 责任心 追求 技术 业务 平衡 发展,SpringCloud SpringBoot Redis Git MyBatis Docker Linux Java 微服务,SpringCloud、SpringBoot、Redis、Git、MyBatis、Docker、Linux、Java、微服务,
傅欣,女,18118166872,fuxin9965@126.com,wx_fuxin_391,杭州,"期望岗位：软件测试工程师
期望城市：杭州
期望行业：互联网/信息技术/软件服务
期望薪资：18000-19500元",3年软件测试工程师从业经验，精通测试用例设计技术架构，主导过中型项目从0到1落地，擅长技术方案设计与性能优化，曾推动核心模块技术重构，带来显著效率提升，具备跨部门协作与项目推进能力。,"福建船政交通职业学院 | 网络工程 | 专科
毕业时间：2019年6月
核心课程：数据结构、Java程序设计、Python编程、机器学习","【东软信息技术有限公司】 软件测试工程师
2025年10月 - 至今
    · 编写开发文档，沉淀技术规范，协助新人熟悉业务
    · 负责公司软件测试工程师相关业务的开发与维护，参与需求评审
    · 承担分配模块的编码、测试与优化工作，保障系统稳定运行

【数聚科技有限公司】 软件测试工程师
2024年1月 - 2025年4月
    · 承担分配模块的编码、测试与优化工作，保障系统稳定运行
    · 负责公司软件测试工程师相关业务的开发与维护，参与需求评审","■ 自动化测试框架搭建
  项目目标：提升回归测试效率，减少人工重复劳动
  个人职责：基于Selenium搭建UI自动化框架，编写核心模块测试脚本
  项目成果：回归测试周期从7天缩短至2天，覆盖率达85%

■ 电商平台功能测试
  项目目标：保障电商系统上线质量，覆盖全业务流程
  个人职责：设计测试用例，执行功能、回归测试，提交缺陷报告
  项目成果：发现并修复120+缺陷，上线后线上缺陷率低于0.5%","专业技能：性能测试、Selenium、JMeter、TestNG、功能测试、接口测试、Appium、缺陷管理
相关证书：计算机二级",拥有3年行业经验，技术视野开阔，具备方案设计与项目把控能力；逻辑清晰，善于定位并解决复杂技术问题；具备良好的团队管理与跨部门沟通能力，能够推动技术优化与业务落地；责任心强，追求技术与业务的平衡发展。,软件测试 工程师 从业 测试用例设计 技术 架构 主导 中型 项目 落地 擅长 技术 方案设计 性能 推动 核心 模块 技术 重构 带来 显著 效率 跨部门 协作 项目 推进,自动化 测试 框架 搭建 回归 测试 效率 减少 人工 重复劳动 基于 Selenium 搭建 UI 自动化 框架 编写 核心 模块 测试 脚本 回归 测试 周期 缩短 覆盖率 电商 平台 功能测试 保障 电商 系统 上线 质量 覆盖 业务流程 测试用例 执行 功能 回归 测试 提交 缺陷 报告 发现 修复 缺陷 上线 后线 缺陷率 低于,东软 信息技术 软件测试 工程师 至今 编写 开发 文档 沉淀 技术规范 新人 熟悉业务 软件测试 工程师 业务 开发 维护 需求 评审 分配 模块 编码 测试 保障系统 稳定 运行 数聚 科技 软件测试 工程师 分配 模块 编码 测试 保障系统 稳定 运行 软件测试 工程师 业务 开发 维护 需求 评审,技术 视野 开阔 方案设计 项目 逻辑 清晰 善于 定位 复杂 技术 管理 跨部门 推动 技术 业务 落地 责任心 追求 技术 业务 平衡 发展,性能测试 Selenium JMeter TestNG 功能测试 接口测试 Appium 缺陷管理 计算机二级,性能测试、Selenium、JMeter、TestNG、功能测试、接口测试、Appium、缺陷管理,计算机二级
吴雨泽,男,13925162856,wu雨ze3676@163.com,wx_wu雨ze_817,金华,"期望岗位：后端开发工程师
期望城市：金华
期望行业：互联网/信息技术/软件服务
期望薪资：11000-12000元",1年后端开发工程师工作经验，精通K8s、SpringBoot技术栈，参与过完整项目迭代，能够独立完成模块开发与问题排查，注重代码质量与开发效率，具备良好的沟通协作能力。,"东南大学 | 通信工程 | 本科
毕业时间：2021年6月
核心课程：算法设计与分析、数据库原理、机器学习、Java程序设计","【锐捷信息技术有限公司】 后端开发工程师
2025年2月 - 至今
    · 对接产品、测试团队，跟进需求落地与缺陷修复
    · 编写开发文档，沉淀技术规范，协助新人熟悉业务
    · 负责公司后端开发工程师相关业务的开发与维护，参与需求评审","■ 内容管理系统后端
  项目目标：搭建CMS系统后端服务，支持多站点内容发布
  个人职责：负责文章、栏目、权限模块接口开发，设计数据库表结构
  项目成果：支撑8个站点同时运营，内容发布效率提升3倍

■ 即时通讯服务开发
  项目目标：实现企业内部IM系统后端消息推送与存储
  个人职责：负责消息队列、离线消息、会话管理模块开发
  项目成果：支持万人同时在线，消息送达延迟低于100ms","专业技能：微服务、MySQL、Redis、Gin、Docker、Python、K8s、Java、Go
相关证书：无",拥有1年实际工作经验，技术功底扎实，熟悉完整开发流程；具备较强的问题解决能力，能够独立排查并解决常见技术问题；工作认真负责，注重团队协作，能够高效推进项目落地；持续学习，保持技术敏感度。,年后 开发 工程师 K8s SpringBoot 技术 完整 项目 迭代 独立 模块 开发 排查 代码 质量 开发 效率 协作,管理系统 后端 搭建 CMS 系统 后端 服务 站点 发布 文章 栏目 权限 模块接口 开发 数据库 结构 支撑 站点 运营 发布 效率 即时通讯 服务 开发 企业 内部 IM 系统 后端 消息 推送 存储 消息 队列 离线 消息 会话 管理 模块 开发 万人 同时在线 消息 送达 延迟 低于 100ms,锐捷 信息技术 后端 开发 工程师 至今 对接 产品 测试 跟进 需求 落地 缺陷 修复 编写 开发 文档 沉淀 技术规范 新人 熟悉业务 后端 开发 工程师 业务 开发 维护 需求 评审,实际 技术 功底 完整 开发 流程 独立 排查 常见 技术 认真负责 协作 高效 推进 项目 落地 持续 保持 技术 敏感度,微服务 MySQL Redis Gin Docker Python K8s Java Go,微服务、MySQL、Redis、Gin、Docker、Python、K8s、Java、Go,
苏安然,女,13129734671,suanran6841@qq.com,18047831769,常州,"期望岗位：后端开发工程师
期望城市：常州
期望行业：互联网/信息技术/软件服务
期望薪资：面议",10年后端开发工程师资深经验，精通全链路技术架构，具备团队技术规划与方案设计能力，主导过多个大型项目重构与升级，在高并发/系统稳定性领域有深厚积累，能够带领团队攻克技术难题，驱动业务技术升级。,"浙江大学 | 软件工程 | 本科
毕业时间：2012年6月
核心课程：数据结构、Python编程、数据库原理、操作系统","【恒信数据技术有限公司】 后端开发工程师
2023年8月 - 至今
    · 编写开发文档，沉淀技术规范，协助新人熟悉业务
    · 承担分配模块的编码、测试与优化工作，保障系统稳定运行

【天擎科技有限公司】 后端开发工程师
2020年7月 - 2023年5月
    · 编写开发文档，沉淀技术规范，协助新人熟悉业务
    · 对接产品、测试团队，跟进需求落地与缺陷修复

【东软科技有限公司】 后端开发工程师
2017年3月 - 2020年8月
    · 负责公司后端开发工程师相关业务的开发与维护，参与需求评审
    · 编写开发文档，沉淀技术规范，协助新人熟悉业务","■ 即时通讯服务开发
  项目目标：实现企业内部IM系统后端消息推送与存储
  个人职责：负责消息队列、离线消息、会话管理模块开发
  项目成果：支持万人同时在线，消息送达延迟低于100ms

■ 内容管理系统后端
  项目目标：搭建CMS系统后端服务，支持多站点内容发布
  个人职责：负责文章、栏目、权限模块接口开发，设计数据库表结构
  项目成果：支撑8个站点同时运营，内容发布效率提升3倍","专业技能：Docker、Gin、Java、微服务、Kafka、PostgreSQL、Python、K8s
相关证书：软考中级、系统架构设计师、计算机一级",拥有10年行业经验，技术视野开阔，具备方案设计与项目把控能力；逻辑清晰，善于定位并解决复杂技术问题；具备良好的团队管理与跨部门沟通能力，能够推动技术优化与业务落地；责任心强，追求技术与业务的平衡发展。,年后 开发 工程师 资深 链路 技术 架构 技术 规划 方案设计 主导 多个 大型项目 重构 升级 并发 系统 稳定性 领域 深厚 带领 攻克 技术难题 驱动 业务 技术升级,即时通讯 服务 开发 企业 内部 IM 系统 后端 消息 推送 存储 消息 队列 离线 消息 会话 管理 模块 开发 万人 同时在线 消息 送达 延迟 低于 100ms 管理系统 后端 搭建 CMS 系统 后端 服务 站点 发布 文章 栏目 权限 模块接口 开发 数据库 结构 支撑 站点 运营 发布 效率,恒信 数据 技术 后端 开发 工程师 至今 编写 开发 文档 沉淀 技术规范 新人 熟悉业务 分配 模块 编码 测试 保障系统 稳定 运行 天擎 科技 后端 开发 工程师 编写 开发 文档 沉淀 技术规范 新人 熟悉业务 对接 产品 测试 跟进 需求 落地 缺陷 修复 东软 科技 后端 开发 工程师 后端 开发 工程师 业务 开发 维护 需求 评审 编写 开发 文档 沉淀 技术规范 新人 熟悉业务,技术 视野 开阔 方案设计 项目 逻辑 清晰 善于 定位 复杂 技术 管理 跨部门 推动 技术 业务 落地 责任心 追求 技术 业务 平衡 发展,Docker Gin Java 微服务 Kafka PostgreSQL Python K8s 软考中级 系统架构设计师 计算机一级,Docker、Gin、Java、微服务、Kafka、PostgreSQL、Python、K8s,软考中级、系统架构设计师、计算机一级
莫浩然,男,17642180771,mohaoran7207@gmail.com,wx_mohaoran_163,芜湖,"期望岗位：软件测试工程师
期望城市：芜湖
期望行业：互联网/信息技术/软件服务
期望薪资：28000-28500元",8年软件测试工程师资深经验，精通全链路技术架构，具备团队技术规划与方案设计能力，主导过多个大型项目重构与升级，在高并发/系统稳定性领域有深厚积累，能够带领团队攻克技术难题，驱动业务技术升级。,"东南大学 | 信息管理与信息系统 | 本科
毕业时间：2014年6月
核心课程：Python编程、数据库原理、算法设计与分析、数字信号处理","【腾讯（深圳分公司）】 软件测试工程师
2024年8月 - 至今
    · 负责公司软件测试工程师相关业务的开发与维护，参与需求评审
    · 承担分配模块的编码、测试与优化工作，保障系统稳定运行

【启明信息技术有限公司】 软件测试工程师
2022年2月 - 2024年7月
    · 负责公司软件测试工程师相关业务的开发与维护，参与需求评审
    · 对接产品、测试团队，跟进需求落地与缺陷修复

【东软科技有限公司】 软件测试工程师
2020年6月 - 2022年3月
    · 对接产品、测试团队，跟进需求落地与缺陷修复
    · 承担分配模块的编码、测试与优化工作，保障系统稳定运行","■ 电商平台功能测试
  项目目标：保障电商系统上线质量，覆盖全业务流程
  个人职责：设计测试用例，执行功能、回归测试，提交缺陷报告
  项目成果：发现并修复120+缺陷，上线后线上缺陷率低于0.5%

■ 自动化测试框架搭建
  项目目标：提升回归测试效率，减少人工重复劳动
  个人职责：基于Selenium搭建UI自动化框架，编写核心模块测试脚本
  项目成果：回归测试周期从7天缩短至2天，覆盖率达85%","专业技能：JMeter、接口测试、MySQL、Selenium、Python、TestNG
相关证书：软件设计师（中级）、红帽RHCE认证、阿里云ACP云计算认证",拥有8年行业经验，技术视野开阔，具备方案设计与项目把控能力；逻辑清晰，善于定位并解决复杂技术问题；具备良好的团队管理与跨部门沟通能力，能够推动技术优化与业务落地；责任心强，追求技术与业务的平衡发展。,软件测试 工程师 资深 链路 技术 架构 技术 规划 方案设计 主导 多个 大型项目 重构 升级 并发 系统 稳定性 领域 深厚 带领 攻克 技术难题 驱动 业务 技术升级,电商 平台 功能测试 保障 电商 系统 上线 质量 覆盖 业务流程 测试用例 执行 功能 回归 测试 提交 缺陷 报告 发现 修复 缺陷 上线 后线 缺陷率 低于 自动化 测试 框架 搭建 回归 测试 效率 减少 人工 重复劳动 基于 Selenium 搭建 UI 自动化 框架 编写 核心 模块 测试 脚本 回归 测试 周期 缩短 覆盖率,腾讯 深圳 分公司 软件测试 工程师 至今 软件测试 工程师 业务 开发 维护 需求 评审 分配 模块 编码 测试 保障系统 稳定 运行 启明 信息技术 软件测试 工程师 软件测试 工程师 业务 开发 维护 需求 评审 对接 产品 测试 跟进 需求 落地 缺陷 修复 东软 科技 软件测试 工程师 对接 产品 测试 跟进 需求 落地 缺陷 修复 分配 模块 编码 测试 保障系统 稳定 运行,技术 视野 开阔 方案设计 项目 逻辑 清晰 善于 定位 复杂 技术 管理 跨部门 推动 技术 业务 落地 责任心 追求 技术 业务 平衡 发展,JMeter 接口测试 MySQL Selenium Python TestNG 软件 设计师 中级 红帽RHCE认证 阿里云ACP云计算认证,JMeter、接口测试、MySQL、Selenium、Python、TestNG,软件设计师（中级）、红帽RHCE认证、阿里云ACP云计算认证
龚雨泽,男,18484992635,gong雨ze86@126.com,wx_gong雨ze_718,南京,"期望岗位：Java开发工程师
期望城市：南京
期望行业：互联网/信息技术/软件服务
期望薪资：11500-12000元",3年Java开发工程师工作经验，精通SpringBoot、Redis技术栈，参与过完整项目迭代，能够独立完成模块开发与问题排查，注重代码质量与开发效率，具备良好的沟通协作能力。,"泉州师范学院 | 数字媒体技术 | 本科
毕业时间：2019年6月
核心课程：数字信号处理、机器学习、算法设计与分析、计算机网络","【携程（厦门）】 Java开发工程师
2025年5月 - 至今
    · 承担分配模块的编码、测试与优化工作，保障系统稳定运行
    · 对接产品、测试团队，跟进需求落地与缺陷修复

【汇智科技有限公司】 Java开发工程师
2024年8月 - 2025年3月
    · 负责公司Java开发工程师相关业务的开发与维护，参与需求评审
    · 对接产品、测试团队，跟进需求落地与缺陷修复
    · 承担分配模块的编码、测试与优化工作，保障系统稳定运行","■ 微服务用户中心重构
  项目目标：将单体用户系统拆分为微服务架构，提升并发承载能力
  个人职责：负责登录、注册、权限模块开发，优化数据库查询与缓存策略
  项目成果：支持并发量从500提升至5000，接口响应耗时减少60%

■ 电商订单交易系统
  项目目标：搭建高可用电商订单系统，支撑大促流量峰值
  个人职责：负责订单创建、支付回调、库存扣减核心逻辑开发
  项目成果：支撑日均订单量10万+，系统可用性达99.95%","专业技能：JVM调优、Redis、SpringBoot、Java、MySQL、MyBatis、RabbitMQ、Docker
相关证书：阿里云ACP云计算认证",拥有3年实际工作经验，技术功底扎实，熟悉完整开发流程；具备较强的问题解决能力，能够独立排查并解决常见技术问题；工作认真负责，注重团队协作，能够高效推进项目落地；持续学习，保持技术敏感度。,Java 开发 工程师 SpringBoot Redis 技术 完整 项目 迭代 独立 模块 开发 排查 代码 质量 开发 效率 协作,微服务 用户 中心 重构 单体 用户 系统 分为 微服务 架构 并发 承载能力 登录 注册 权限 模块 开发 数据库 查询 缓存 策略 并发 接口 响应 耗时 减少 电商 订单 交易系统 搭建 可用 电商 订单 系统 支撑 大促 流量 峰值 订单 创建 支付 回调 库存 扣减 核心 逻辑 开发 支撑 日均 订单 系统 可用性,携程 厦门 Java 开发 工程师 至今 分配 模块 编码 测试 保障系统 稳定 运行 对接 产品 测试 跟进 需求 落地 缺陷 修复 汇智 科技 Java 开发 工程师 Java 开发 工程师 业务 开发 维护 需求 评审 对接 产品 测试 跟进 需求 落地 缺陷 修复 分配 模块 编码 测试 保障系统 稳定 运行,实际 技术 功底 完整 开发 流程 独立 排查 常见 技术 认真负责 协作 高效 推进 项目 落地 持续 保持 技术 敏感度,JVM调优 Redis SpringBoot Java MySQL MyBatis RabbitMQ Docker 阿里云ACP云计算认证,JVM调优、Redis、SpringBoot、Java、MySQL、MyBatis、RabbitMQ、Docker,阿里云ACP云计算认证
曹雯,女,18922506378,caowen230@outlook.com,wx_caowen_844,福州,"期望岗位：前端开发工程师
期望城市：福州
期望行业：互联网/信息技术/软件服务
期望薪资：7500-8000元",专科计算机科学与技术专业应届毕业生，有1段前端开发工程师实习经验，掌握Axios技术栈，参与过实习项目开发，具备良好的代码规范与团队协作意识，能够快速上手业务，期望正式入职发展。,"厦门海洋职业技术学院 | 计算机科学与技术 | 专科
毕业时间：2021年6月
核心课程：数据库原理、数字信号处理、Java程序设计、计算机网络","【小米（南京分公司）】 前端开发工程师（实习）
2025年11月 - 至今
    · 编写开发文档，沉淀技术规范，协助新人熟悉业务
    · 承担分配模块的编码、测试与优化工作，保障系统稳定运行","■ 个人博客系统（课程作业）
  项目目标：开发个人博客前端页面，实现文章展示与评论
  个人职责：负责页面布局、交互效果、接口联调
  项目成果：完成响应式页面，兼容多浏览器

■ 校园社团官网（实训项目）
  项目目标：为学校社团开发官方展示网站
  个人职责：负责首页、新闻页、成员页开发
  项目成果：上线后访问量累计5000+","专业技能：Axios、Webpack、Vue、JavaScript、Element UI
相关证书：英语六级",有实习经验，熟悉开发基本流程，具备基础的项目实践能力；学习能力强，能够快速上手新业务新技术；工作踏实，责任心强，善于沟通协作，能够高效完成分配的工作任务。,专科 计算机科学与技术 应届 毕业生 前端开发 工程师 实习 Axios 技术 实习 项目 开发 代码 规范 协作 上手 业务 正式 入职 发展,博客 系统 作业 开发 博客 前端 页面 文章 展示 评论 页面 布局 交互 效果 接口 联调 响应 页面 兼容 浏览器 社团 官网 实训 项目 学校 社团 开发 官方 展示 网站 首页 新闻页 成员 开发 上线 访问量 累计,小米 南京 分公司 前端开发 工程师 实习 至今 编写 开发 文档 沉淀 技术规范 新人 熟悉业务 分配 模块 编码 测试 保障系统 稳定 运行,实习 开发 基本 流程 项目 实践 上手 业务 技术 责任心 善于 协作 高效 分配,Axios Webpack Vue JavaScript Element UI 英语六级,Axios、Webpack、Vue、JavaScript、Element UI,英语六级
蒋悦,女,18652764742,jiangyue35@gmail.com,15375863634,无锡,"期望岗位：软件测试工程师
期望城市：无锡
期望行业：互联网/信息技术/软件服务
期望薪资：10000-12000元",1年软件测试工程师工作经验，精通功能测试、Postman技术栈，参与过完整项目迭代，能够独立完成模块开发与问题排查，注重代码质量与开发效率，具备良好的沟通协作能力。,"泉州师范学院 | 计算机科学与技术 | 本科
毕业时间：2021年6月
核心课程：数据库原理、软件工程、Java程序设计、操作系统","【东软软件有限公司】 软件测试工程师
2025年3月 - 至今
    · 编写开发文档，沉淀技术规范，协助新人熟悉业务
    · 对接产品、测试团队，跟进需求落地与缺陷修复
    · 承担分配模块的编码、测试与优化工作，保障系统稳定运行","■ 自动化测试框架搭建
  项目目标：提升回归测试效率，减少人工重复劳动
  个人职责：基于Selenium搭建UI自动化框架，编写核心模块测试脚本
  项目成果：回归测试周期从7天缩短至2天，覆盖率达85%

■ 电商平台功能测试
  项目目标：保障电商系统上线质量，覆盖全业务流程
  个人职责：设计测试用例，执行功能、回归测试，提交缺陷报告
  项目成果：发现并修复120+缺陷，上线后线上缺陷率低于0.5%","专业技能：性能测试、Appium、测试用例设计、Selenium、Postman、TestNG
相关证书：计算机一级、英语四级",拥有1年实际工作经验，技术功底扎实，熟悉完整开发流程；具备较强的问题解决能力，能够独立排查并解决常见技术问题；工作认真负责，注重团队协作，能够高效推进项目落地；持续学习，保持技术敏感度。,软件测试 工程师 功能测试 Postman 技术 完整 项目 迭代 独立 模块 开发 排查 代码 质量 开发 效率 协作,自动化 测试 框架 搭建 回归 测试 效率 减少 人工 重复劳动 基于 Selenium 搭建 UI 自动化 框架 编写 核心 模块 测试 脚本 回归 测试 周期 缩短 覆盖率 电商 平台 功能测试 保障 电商 系统 上线 质量 覆盖 业务流程 测试用例 执行 功能 回归 测试 提交 缺陷 报告 发现 修复 缺陷 上线 后线 缺陷率 低于,东软 软件 软件测试 工程师 至今 编写 开发 文档 沉淀 技术规范 新人 熟悉业务 对接 产品 测试 跟进 需求 落地 缺陷 修复 分配 模块 编码 测试 保障系统 稳定 运行,实际 技术 功底 完整 开发 流程 独立 排查 常见 技术 认真负责 协作 高效 推进 项目 落地 持续 保持 技术 敏感度,性能测试 Appium 测试用例设计 Selenium Postman TestNG 计算机一级 英语四级,性能测试、Appium、测试用例设计、Selenium、Postman、TestNG,计算机一级、英语四级
崔晨,男,18338396377,cuichen3239@163.com,13429689030,宁德,"期望岗位：算法工程师
期望城市：宁德
期望行业：互联网/信息技术/软件服务
期望薪资：13500-16500元",4年算法工程师从业经验，精通SQL技术架构，主导过中型项目从0到1落地，擅长技术方案设计与性能优化，曾推动核心模块技术重构，带来显著效率提升，具备跨部门协作与项目推进能力。,"广东技术师范大学 | 通信工程 | 本科
毕业时间：2018年6月
核心课程：机器学习、数据库原理、操作系统、软件工程","【亿联网络】 算法工程师
2024年9月 - 至今
    · 对接产品、测试团队，跟进需求落地与缺陷修复
    · 负责公司算法工程师相关业务的开发与维护，参与需求评审
    · 编写开发文档，沉淀技术规范，协助新人熟悉业务

【博思科技有限公司】 算法工程师
2022年9月 - 2024年8月
    · 负责公司算法工程师相关业务的开发与维护，参与需求评审
    · 承担分配模块的编码、测试与优化工作，保障系统稳定运行
    · 编写开发文档，沉淀技术规范，协助新人熟悉业务","■ 风控欺诈识别模型
  项目目标：识别交易欺诈行为，降低资金损失风险
  个人职责：特征工程，构建XGBoost风控模型，在线部署与迭代
  项目成果：欺诈识别准确率达92%，每年减少损失超200万

■ 个性化推荐系统
  项目目标：提升内容推荐精准度，增加用户停留时长
  个人职责：负责协同过滤、深度学习推荐模型开发与离线优化
  项目成果：用户平均停留时长提升25%，点击率提升15%","专业技能：特征工程、PyTorch、SQL、TensorFlow、NLP、机器学习、计算机视觉、数据结构、深度学习
相关证书：系统架构设计师、阿里云ACP云计算认证",拥有4年行业经验，技术视野开阔，具备方案设计与项目把控能力；逻辑清晰，善于定位并解决复杂技术问题；具备良好的团队管理与跨部门沟通能力，能够推动技术优化与业务落地；责任心强，追求技术与业务的平衡发展。,算法 工程师 从业 SQL 技术 架构 主导 中型 项目 落地 擅长 技术 方案设计 性能 推动 核心 模块 技术 重构 带来 显著 效率 跨部门 协作 项目 推进,风控 欺诈 识别 模型 识别 交易 欺诈 行为 降低 资金 损失 风险 特征工程 构建 XGBoost 风控 模型 在线 部署 迭代 欺诈 识别 准确率 每年 减少 损失 个性化 推荐 系统 推荐 精准度 增加 用户 停留 时长 协同 过滤 深度学习 推荐 模型 开发 离线 用户 平均 停留 时长 点击率,联网络 算法 工程师 至今 对接 产品 测试 跟进 需求 落地 缺陷 修复 算法 工程师 业务 开发 维护 需求 评审 编写 开发 文档 沉淀 技术规范 新人 熟悉业务 博思 科技 算法 工程师 算法 工程师 业务 开发 维护 需求 评审 分配 模块 编码 测试 保障系统 稳定 运行 编写 开发 文档 沉淀 技术规范 新人 熟悉业务,技术 视野 开阔 方案设计 项目 逻辑 清晰 善于 定位 复杂 技术 管理 跨部门 推动 技术 业务 落地 责任心 追求 技术 业务 平衡 发展,特征工程 PyTorch SQL TensorFlow NLP 机器学习 计算机视觉 数据结构 深度学习 系统架构设计师 阿里云ACP云计算认证,特征工程、PyTorch、SQL、TensorFlow、NLP、机器学习、计算机视觉、数据结构、深度学习,系统架构设计师、阿里云ACP云计算认证
雷梓涵,女,15751131821,lei梓han87@outlook.com,wx_lei梓han_497,杭州,"期望岗位：算法工程师
期望城市：杭州
期望行业：互联网/信息技术/软件服务
期望薪资：3000-4000元",本科数据科学与大数据技术专业应届毕业生，掌握TensorFlow、计算机视觉基础技能，完成过课程设计与毕业项目，具备基础代码编写能力与问题排查思路，学习能力强，做事认真踏实，期望从事算法工程师相关工作。,"江西师范大学 | 数据科学与大数据技术 | 本科
毕业时间：2022年6月
核心课程：数据结构、软件工程、机器学习、Python编程","【校园实践】
    · 参与学校计算机协会技术部，负责协会网站日常维护
    · 协助老师完成实验室设备管理与系统环境搭建
    · 参与班级课程设计小组，担任后端开发角色","■ 电影推荐系统（毕设）
  项目目标：基于协同过滤实现简单电影推荐
  个人职责：数据处理、模型实现、效果验证
  项目成果：召回准确率达到75%","专业技能：TensorFlow、特征工程、数据结构、Python、NLP
相关证书：计算机二级、软考中级",应届毕业，具备扎实的专业基础知识与学习能力，能够快速掌握新技术；工作态度认真负责，有耐心，注重细节；具备良好的团队意识与沟通能力，能够积极配合团队完成任务；期望在工作中积累经验，快速成长。,本科 数据科学与大数据技术 应届 毕业生 TensorFlow 计算机视觉 课程设计 项目 代码 编写 排查 算法 工程师,电影 推荐 系统 毕设 基于 协同 过滤 简单 电影 推荐 数据处理 模型 效果 验证 召回 准确率 达到,学校 计算机 协会 技术部 协会 网站 维护 老师 实验室 设备 管理 系统 环境 搭建 班级 课程设计 小组 后端 开发 角色,应届 基础知识 技术 认真负责,TensorFlow 特征工程 数据结构 Python NLP 计算机二级 软考中级,TensorFlow、特征工程、数据结构、Python、NLP,计算机二级、软考中级
何晨,男,15537033506,hechen49@outlook.com,wx_hechen_257,三明,"期望岗位：后端开发工程师
期望城市：三明
期望行业：互联网/信息技术/软件服务
期望薪资：9000-11500元",3年后端开发工程师工作经验，精通K8s、PostgreSQL技术栈，参与过完整项目迭代，能够独立完成模块开发与问题排查，注重代码质量与开发效率，具备良好的沟通协作能力。,"集美大学 | 数字媒体技术 | 本科
毕业时间：2019年6月
核心课程：机器学习、Java程序设计、Python编程、算法设计与分析","【未来互联网科技有限公司】 后端开发工程师
2025年2月 - 至今
    · 编写开发文档，沉淀技术规范，协助新人熟悉业务
    · 负责公司后端开发工程师相关业务的开发与维护，参与需求评审

【启明信息技术有限公司】 后端开发工程师
2024年3月 - 2025年3月
    · 对接产品、测试团队，跟进需求落地与缺陷修复
    · 编写开发文档，沉淀技术规范，协助新人熟悉业务
    · 承担分配模块的编码、测试与优化工作，保障系统稳定运行","■ 即时通讯服务开发
  项目目标：实现企业内部IM系统后端消息推送与存储
  个人职责：负责消息队列、离线消息、会话管理模块开发
  项目成果：支持万人同时在线，消息送达延迟低于100ms

■ 内容管理系统后端
  项目目标：搭建CMS系统后端服务，支持多站点内容发布
  个人职责：负责文章、栏目、权限模块接口开发，设计数据库表结构
  项目成果：支撑8个站点同时运营，内容发布效率提升3倍","专业技能：Java、Kafka、MySQL、微服务、SpringBoot、Docker
相关证书：MySQL数据库认证、PMP项目管理专业人士",拥有3年实际工作经验，技术功底扎实，熟悉完整开发流程；具备较强的问题解决能力，能够独立排查并解决常见技术问题；工作认真负责，注重团队协作，能够高效推进项目落地；持续学习，保持技术敏感度。,年后 开发 工程师 K8s PostgreSQL 技术 完整 项目 迭代 独立 模块 开发 排查 代码 质量 开发 效率 协作,即时通讯 服务 开发 企业 内部 IM 系统 后端 消息 推送 存储 消息 队列 离线 消息 会话 管理 模块 开发 万人 同时在线 消息 送达 延迟 低于 100ms 管理系统 后端 搭建 CMS 系统 后端 服务 站点 发布 文章 栏目 权限 模块接口 开发 数据库 结构 支撑 站点 运营 发布 效率,未来 互联网 科技 后端 开发 工程师 至今 编写 开发 文档 沉淀 技术规范 新人 熟悉业务 后端 开发 工程师 业务 开发 维护 需求 评审 启明 信息技术 后端 开发 工程师 对接 产品 测试 跟进 需求 落地 缺陷 修复 编写 开发 文档 沉淀 技术规范 新人 熟悉业务 分配 模块 编码 测试 保障系统 稳定 运行,实际 技术 功底 完整 开发 流程 独立 排查 常见 技术 认真负责 协作 高效 推进 项目 落地 持续 保持 技术 敏感度,Java Kafka MySQL 微服务 SpringBoot Docker MySQL数据库认证 PMP项目管理专业人士,Java、Kafka、MySQL、微服务、SpringBoot、Docker,MySQL数据库认证、PMP项目管理专业人士
崔梅,女,13498329538,cuimei3381@qq.com,18753779216,苏州,"期望岗位：后端开发工程师
期望城市：苏州
期望行业：互联网/信息技术/软件服务
期望薪资：17000-19500元",7年后端开发工程师资深经验，精通全链路技术架构，具备团队技术规划与方案设计能力，主导过多个大型项目重构与升级，在高并发/系统稳定性领域有深厚积累，能够带领团队攻克技术难题，驱动业务技术升级。,"福建农林大学 | 计算机科学与技术 | 本科
毕业时间：2015年6月
核心课程：数据结构、操作系统、Java程序设计、数字信号处理","【用友信息技术有限公司】 后端开发工程师
2024年11月 - 至今
    · 编写开发文档，沉淀技术规范，协助新人熟悉业务
    · 承担分配模块的编码、测试与优化工作，保障系统稳定运行
    · 对接产品、测试团队，跟进需求落地与缺陷修复

【智联科技有限公司】 后端开发工程师
2022年6月 - 2024年4月
    · 负责公司后端开发工程师相关业务的开发与维护，参与需求评审
    · 编写开发文档，沉淀技术规范，协助新人熟悉业务

【信雅科技有限公司】 后端开发工程师
2020年3月 - 2022年8月
    · 负责公司后端开发工程师相关业务的开发与维护，参与需求评审
    · 承担分配模块的编码、测试与优化工作，保障系统稳定运行
    · 对接产品、测试团队，跟进需求落地与缺陷修复","■ 内容管理系统后端
  项目目标：搭建CMS系统后端服务，支持多站点内容发布
  个人职责：负责文章、栏目、权限模块接口开发，设计数据库表结构
  项目成果：支撑8个站点同时运营，内容发布效率提升3倍

■ 即时通讯服务开发
  项目目标：实现企业内部IM系统后端消息推送与存储
  个人职责：负责消息队列、离线消息、会话管理模块开发
  项目成果：支持万人同时在线，消息送达延迟低于100ms","专业技能：Python、Go、Kafka、Gin、Java、微服务、Docker、PostgreSQL、MySQL
相关证书：软考中级、英语六级、华为HCIA认证",拥有7年行业经验，技术视野开阔，具备方案设计与项目把控能力；逻辑清晰，善于定位并解决复杂技术问题；具备良好的团队管理与跨部门沟通能力，能够推动技术优化与业务落地；责任心强，追求技术与业务的平衡发展。,年后 开发 工程师 资深 链路 技术 架构 技术 规划 方案设计 主导 多个 大型项目 重构 升级 并发 系统 稳定性 领域 深厚 带领 攻克 技术难题 驱动 业务 技术升级,管理系统 后端 搭建 CMS 系统 后端 服务 站点 发布 文章 栏目 权限 模块接口 开发 数据库 结构 支撑 站点 运营 发布 效率 即时通讯 服务 开发 企业 内部 IM 系统 后端 消息 推送 存储 消息 队列 离线 消息 会话 管理 模块 开发 万人 同时在线 消息 送达 延迟 低于 100ms,用友 信息技术 后端 开发 工程师 至今 编写 开发 文档 沉淀 技术规范 新人 熟悉业务 分配 模块 编码 测试 保障系统 稳定 运行 对接 产品 测试 跟进 需求 落地 缺陷 修复 智联 科技 后端 开发 工程师 后端 开发 工程师 业务 开发 维护 需求 评审 编写 开发 文档 沉淀 技术规范 新人 熟悉业务 信雅 科技 后端 开发 工程师 后端 开发 工程师 业务 开发 维护 需求 评审 分配 模块 编码 测试 保障系统 稳定 运行 对接 产品 测试 跟进 需求 落地 缺陷 修复,技术 视野 开阔 方案设计 项目 逻辑 清晰 善于 定位 复杂 技术 管理 跨部门 推动 技术 业务 落地 责任心 追求 技术 业务 平衡 发展,Python Go Kafka Gin Java 微服务 Docker PostgreSQL MySQL 软考中级 英语六级 华为HCIA认证,Python、Go、Kafka、Gin、Java、微服务、Docker、PostgreSQL、MySQL,软考中级、英语六级、华为HCIA认证
徐颖,女,15269095628,xuying03@163.com,13916665765,徐州,"期望岗位：Java开发工程师
期望城市：徐州
期望行业：互联网/信息技术/软件服务
期望薪资：11000-12000元",3年Java开发工程师工作经验，精通SpringCloud、MySQL技术栈，参与过完整项目迭代，能够独立完成模块开发与问题排查，注重代码质量与开发效率，具备良好的沟通协作能力。,"厦门理工学院 | 软件工程 | 本科
毕业时间：2019年6月
核心课程：数字信号处理、Python编程、数据结构、数据库原理","【华为（东莞研究所）】 Java开发工程师
2025年5月 - 至今
    · 承担分配模块的编码、测试与优化工作，保障系统稳定运行
    · 编写开发文档，沉淀技术规范，协助新人熟悉业务

【信雅科技有限公司】 Java开发工程师
2024年2月 - 2025年12月
    · 承担分配模块的编码、测试与优化工作，保障系统稳定运行
    · 对接产品、测试团队，跟进需求落地与缺陷修复","■ 电商订单交易系统
  项目目标：搭建高可用电商订单系统，支撑大促流量峰值
  个人职责：负责订单创建、支付回调、库存扣减核心逻辑开发
  项目成果：支撑日均订单量10万+，系统可用性达99.95%

■ 微服务用户中心重构
  项目目标：将单体用户系统拆分为微服务架构，提升并发承载能力
  个人职责：负责登录、注册、权限模块开发，优化数据库查询与缓存策略
  项目成果：支持并发量从500提升至5000，接口响应耗时减少60%","专业技能：Java、Docker、Linux、JVM调优、MyBatis、Git、RabbitMQ、SpringCloud、MySQL
相关证书：英语六级、PMP项目管理专业人士",拥有3年实际工作经验，技术功底扎实，熟悉完整开发流程；具备较强的问题解决能力，能够独立排查并解决常见技术问题；工作认真负责，注重团队协作，能够高效推进项目落地；持续学习，保持技术敏感度。,Java 开发 工程师 SpringCloud MySQL 技术 完整 项目 迭代 独立 模块 开发 排查 代码 质量 开发 效率 协作,电商 订单 交易系统 搭建 可用 电商 订单 系统 支撑 大促 流量 峰值 订单 创建 支付 回调 库存 扣减 核心 逻辑 开发 支撑 日均 订单 系统 可用性 微服务 用户 中心 重构 单体 用户 系统 分为 微服务 架构 并发 承载能力 登录 注册 权限 模块 开发 数据库 查询 缓存 策略 并发 接口 响应 耗时 减少,华为 东莞 研究所 Java 开发 工程师 至今 分配 模块 编码 测试 保障系统 稳定 运行 编写 开发 文档 沉淀 技术规范 新人 熟悉业务 信雅 科技 Java 开发 工程师 分配 模块 编码 测试 保障系统 稳定 运行 对接 产品 测试 跟进 需求 落地 缺陷 修复,实际 技术 功底 完整 开发 流程 独立 排查 常见 技术 认真负责 协作 高效 推进 项目 落地 持续 保持 技术 敏感度,Java Docker Linux JVM调优 MyBatis Git RabbitMQ SpringCloud MySQL 英语六级 PMP项目管理专业人士,Java、Docker、Linux、JVM调优、MyBatis、Git、RabbitMQ、SpringCloud、MySQL,英语六级、PMP项目管理专业人士
王浩,男,18467971093,wanghao277@126.com,wx_wanghao_122,阜阳,"期望岗位：数据分析师
期望城市：阜阳
期望行业：互联网/信息技术/软件服务
期望薪资：9000-9500元",3年数据分析师工作经验，精通数据可视化、Power BI技术栈，参与过完整项目迭代，能够独立完成模块开发与问题排查，注重代码质量与开发效率，具备良好的沟通协作能力。,"苏州职业大学 | 计算机应用技术 | 专科
毕业时间：2019年6月
核心课程：机器学习、计算机网络、软件工程、Java程序设计","【东软软件有限公司】 数据分析师
2025年1月 - 至今
    · 负责公司数据分析师相关业务的开发与维护，参与需求评审
    · 对接产品、测试团队，跟进需求落地与缺陷修复
    · 编写开发文档，沉淀技术规范，协助新人熟悉业务

【未来软件有限公司】 数据分析师
2024年11月 - 2025年4月
    · 对接产品、测试团队，跟进需求落地与缺陷修复
    · 编写开发文档，沉淀技术规范，协助新人熟悉业务
    · 承担分配模块的编码、测试与优化工作，保障系统稳定运行","■ 用户行为分析看板
  项目目标：构建用户行为数据体系，支撑运营决策
  个人职责：负责数据清洗、指标体系搭建，输出可视化运营报表
  项目成果：输出15+核心运营指标，支撑每月3次运营优化，用户留存率提升8%

■ 销售数据预测建模
  项目目标：基于历史数据预测销量，指导库存与备货
  个人职责：数据预处理，构建时间序列预测模型，输出月度预测报告
  项目成果：预测准确率达89%，库存周转效率提升25%","专业技能：统计学、SQL、数据可视化、Hive、MySQL、用户分析、Excel、Power BI、NumPy
相关证书：无",拥有3年实际工作经验，技术功底扎实，熟悉完整开发流程；具备较强的问题解决能力，能够独立排查并解决常见技术问题；工作认真负责，注重团队协作，能够高效推进项目落地；持续学习，保持技术敏感度。,数据 分析师 数据可视化 Power BI 技术 完整 项目 迭代 独立 模块 开发 排查 代码 质量 开发 效率 协作,用户 行为 分析 看板 构建 用户 行为 数据 体系 支撑 运营 决策 数据 清洗 指标体系 搭建 可视化 运营 报表 核心 运营 指标 支撑 每月 运营 用户 留存 销售 数据 预测 建模 基于 历史数据 预测 销量 指导 库存 备货 数据 预处理 构建 时间 序列 预测 模型 月度 预测 报告 预测 准确率 库存 周转 效率,东软 软件 数据 分析师 至今 数据 分析师 业务 开发 维护 需求 评审 对接 产品 测试 跟进 需求 落地 缺陷 修复 编写 开发 文档 沉淀 技术规范 新人 熟悉业务 未来 软件 数据 分析师 对接 产品 测试 跟进 需求 落地 缺陷 修复 编写 开发 文档 沉淀 技术规范 新人 熟悉业务 分配 模块 编码 测试 保障系统 稳定 运行,实际 技术 功底 完整 开发 流程 独立 排查 常见 技术 认真负责 协作 高效 推进 项目 落地 持续 保持 技术 敏感度,统计学 SQL 数据可视化 Hive MySQL 用户分析 Excel Power BI NumPy,统计学、SQL、数据可视化、Hive、MySQL、用户分析、Excel、Power BI、NumPy,
钱博,男,18493776064,qianbo6183@outlook.com,wx_qianbo_997,漳州,"期望岗位：Java开发工程师
期望城市：漳州
期望行业：互联网/信息技术/软件服务
期望薪资：3500-4500元",专科计算机应用技术专业应届毕业生，掌握Docker、Java基础技能，完成过课程设计与毕业项目，具备基础代码编写能力与问题排查思路，学习能力强，做事认真踏实，期望从事Java开发工程师相关工作。,"苏州职业大学 | 计算机应用技术 | 专科
毕业时间：2022年6月
核心课程：数据结构、Python编程、Java程序设计、数字信号处理","【校园实践】
    · 参与学校计算机协会技术部，负责协会网站日常维护
    · 协助老师完成实验室设备管理与系统环境搭建
    · 参与班级课程设计小组，担任后端开发角色","■ 学生成绩管理系统（课程设计）
  项目目标：实现学生信息、成绩、班级的增删改查管理
  个人职责：负责后端接口开发与数据库设计
  项目成果：完成基础功能，通过课程答辩","专业技能：微服务、RabbitMQ、Linux、JVM调优、SpringBoot
相关证书：英语四级、计算机二级",应届毕业，具备扎实的专业基础知识与学习能力，能够快速掌握新技术；工作态度认真负责，有耐心，注重细节；具备良好的团队意识与沟通能力，能够积极配合团队完成任务；期望在工作中积累经验，快速成长。,专科 计算机应用技术 应届 毕业生 Docker Java 课程设计 项目 代码 编写 排查 Java 开发 工程师,学生 成绩 管理系统 课程设计 学生 信息 成绩 班级 增删 改查 管理 后端 接口 开发 数据库 功能 答辩,学校 计算机 协会 技术部 协会 网站 维护 老师 实验室 设备 管理 系统 环境 搭建 班级 课程设计 小组 后端 开发 角色,应届 基础知识 技术 认真负责,微服务 RabbitMQ Linux JVM调优 SpringBoot 英语四级 计算机二级,微服务、RabbitMQ、Linux、JVM调优、SpringBoot,英语四级、计算机二级
黎雨桐,女,18854314954,li雨tong67@qq.com,wx_li雨tong_710,黄山,"期望岗位：软件测试工程师
期望城市：黄山
期望行业：互联网/信息技术/软件服务
期望薪资：8500-9000元",2年软件测试工程师工作经验，精通接口测试、Appium技术栈，参与过完整项目迭代，能够独立完成模块开发与问题排查，注重代码质量与开发效率，具备良好的沟通协作能力。,"福建农林大学 | 物联网工程 | 本科
毕业时间：2020年6月
核心课程：Java程序设计、数据结构、算法设计与分析、计算机网络","【吉比特网络】 软件测试工程师
2025年6月 - 至今
    · 负责公司软件测试工程师相关业务的开发与维护，参与需求评审
    · 对接产品、测试团队，跟进需求落地与缺陷修复
    · 承担分配模块的编码、测试与优化工作，保障系统稳定运行

【通元信息技术有限公司】 软件测试工程师
2024年3月 - 2025年9月
    · 编写开发文档，沉淀技术规范，协助新人熟悉业务
    · 对接产品、测试团队，跟进需求落地与缺陷修复","■ 电商平台功能测试
  项目目标：保障电商系统上线质量，覆盖全业务流程
  个人职责：设计测试用例，执行功能、回归测试，提交缺陷报告
  项目成果：发现并修复120+缺陷，上线后线上缺陷率低于0.5%

■ 自动化测试框架搭建
  项目目标：提升回归测试效率，减少人工重复劳动
  个人职责：基于Selenium搭建UI自动化框架，编写核心模块测试脚本
  项目成果：回归测试周期从7天缩短至2天，覆盖率达85%","专业技能：接口测试、TestNG、Postman、Appium、Selenium、测试用例设计、MySQL、性能测试、缺陷管理、Python
相关证书：计算机一级",拥有2年实际工作经验，技术功底扎实，熟悉完整开发流程；具备较强的问题解决能力，能够独立排查并解决常见技术问题；工作认真负责，注重团队协作，能够高效推进项目落地；持续学习，保持技术敏感度。,软件测试 工程师 接口测试 Appium 技术 完整 项目 迭代 独立 模块 开发 排查 代码 质量 开发 效率 协作,电商 平台 功能测试 保障 电商 系统 上线 质量 覆盖 业务流程 测试用例 执行 功能 回归 测试 提交 缺陷 报告 发现 修复 缺陷 上线 后线 缺陷率 低于 自动化 测试 框架 搭建 回归 测试 效率 减少 人工 重复劳动 基于 Selenium 搭建 UI 自动化 框架 编写 核心 模块 测试 脚本 回归 测试 周期 缩短 覆盖率,比特 网络 软件测试 工程师 至今 软件测试 工程师 业务 开发 维护 需求 评审 对接 产品 测试 跟进 需求 落地 缺陷 修复 分配 模块 编码 测试 保障系统 稳定 运行 通元 信息技术 软件测试 工程师 编写 开发 文档 沉淀 技术规范 新人 熟悉业务 对接 产品 测试 跟进 需求 落地 缺陷 修复,实际 技术 功底 完整 开发 流程 独立 排查 常见 技术 认真负责 协作 高效 推进 项目 落地 持续 保持 技术 敏感度,接口测试 TestNG Postman Appium Selenium 测试用例设计 MySQL 性能测试 缺陷管理 Python 计算机一级,接口测试、TestNG、Postman、Appium、Selenium、测试用例设计、MySQL、性能测试、缺陷管理、Python,计算机一级
林峰,男,13585984575,linfeng31@gmail.com,15345649805,阜阳,"期望岗位：软件测试工程师
期望城市：阜阳
期望行业：互联网/信息技术/软件服务
期望薪资：19000-19500元",4年软件测试工程师从业经验，精通MySQL技术架构，主导过中型项目从0到1落地，擅长技术方案设计与性能优化，曾推动核心模块技术重构，带来显著效率提升，具备跨部门协作与项目推进能力。,"暨南大学 | 数字媒体技术 | 本科
毕业时间：2018年6月
核心课程：机器学习、Java程序设计、算法设计与分析、数据库原理","【用友互联网科技有限公司】 软件测试工程师
2024年8月 - 至今
    · 承担分配模块的编码、测试与优化工作，保障系统稳定运行
    · 负责公司软件测试工程师相关业务的开发与维护，参与需求评审
    · 编写开发文档，沉淀技术规范，协助新人熟悉业务

【未来科技有限公司】 软件测试工程师
2022年12月 - 2024年7月
    · 承担分配模块的编码、测试与优化工作，保障系统稳定运行
    · 负责公司软件测试工程师相关业务的开发与维护，参与需求评审
    · 编写开发文档，沉淀技术规范，协助新人熟悉业务","■ 电商平台功能测试
  项目目标：保障电商系统上线质量，覆盖全业务流程
  个人职责：设计测试用例，执行功能、回归测试，提交缺陷报告
  项目成果：发现并修复120+缺陷，上线后线上缺陷率低于0.5%

■ 自动化测试框架搭建
  项目目标：提升回归测试效率，减少人工重复劳动
  个人职责：基于Selenium搭建UI自动化框架，编写核心模块测试脚本
  项目成果：回归测试周期从7天缩短至2天，覆盖率达85%","专业技能：Python、性能测试、Postman、功能测试、Appium、缺陷管理、接口测试、测试用例设计、Selenium、TestNG
相关证书：无",拥有4年行业经验，技术视野开阔，具备方案设计与项目把控能力；逻辑清晰，善于定位并解决复杂技术问题；具备良好的团队管理与跨部门沟通能力，能够推动技术优化与业务落地；责任心强，追求技术与业务的平衡发展。,软件测试 工程师 从业 MySQL 技术 架构 主导 中型 项目 落地 擅长 技术 方案设计 性能 推动 核心 模块 技术 重构 带来 显著 效率 跨部门 协作 项目 推进,电商 平台 功能测试 保障 电商 系统 上线 质量 覆盖 业务流程 测试用例 执行 功能 回归 测试 提交 缺陷 报告 发现 修复 缺陷 上线 后线 缺陷率 低于 自动化 测试 框架 搭建 回归 测试 效率 减少 人工 重复劳动 基于 Selenium 搭建 UI 自动化 框架 编写 核心 模块 测试 脚本 回归 测试 周期 缩短 覆盖率,用友 互联网 科技 软件测试 工程师 至今 分配 模块 编码 测试 保障系统 稳定 运行 软件测试 工程师 业务 开发 维护 需求 评审 编写 开发 文档 沉淀 技术规范 新人 熟悉业务 未来 科技 软件测试 工程师 分配 模块 编码 测试 保障系统 稳定 运行 软件测试 工程师 业务 开发 维护 需求 评审 编写 开发 文档 沉淀 技术规范 新人 熟悉业务,技术 视野 开阔 方案设计 项目 逻辑 清晰 善于 定位 复杂 技术 管理 跨部门 推动 技术 业务 落地 责任心 追求 技术 业务 平衡 发展,Python 性能测试 Postman 功能测试 Appium 缺陷管理 接口测试 测试用例设计 Selenium TestNG,Python、性能测试、Postman、功能测试、Appium、缺陷管理、接口测试、测试用例设计、Selenium、TestNG,
汪语桐,女,15030652511,wang语tong7671@126.com,wx_wang语tong_585,绍兴,"期望岗位：后端开发工程师
期望城市：绍兴
期望行业：互联网/信息技术/软件服务
期望薪资：面议",本科物联网工程专业应届毕业生，掌握K8s、PostgreSQL基础技能，完成过课程设计与毕业项目，具备基础代码编写能力与问题排查思路，学习能力强，做事认真踏实，期望从事后端开发工程师相关工作。,"华南理工大学 | 物联网工程 | 本科
毕业时间：2022年6月
核心课程：数据结构、软件工程、Python编程、数字信号处理","【校园实践】
    · 参与学校计算机协会技术部，负责协会网站日常维护
    · 协助老师完成实验室设备管理与系统环境搭建
    · 参与班级课程设计小组，担任后端开发角色","■ 简单论坛系统
  项目目标：实现帖子发布、回复、板块管理
  个人职责：负责后端服务开发与接口文档编写
  项目成果：支持百人同时在线访问","专业技能：Docker、Python、Kafka、Gin、K8s
相关证书：英语四级",应届毕业，具备扎实的专业基础知识与学习能力，能够快速掌握新技术；工作态度认真负责，有耐心，注重细节；具备良好的团队意识与沟通能力，能够积极配合团队完成任务；期望在工作中积累经验，快速成长。,本科 物联网工程 应届 毕业生 K8s PostgreSQL 课程设计 项目 代码 编写 排查 后端 开发 工程师,简单 论坛 系统 帖子 发布 回复 板块 管理 后端 服务 开发 接口 文档 编写 百人 同时在线 访问,学校 计算机 协会 技术部 协会 网站 维护 老师 实验室 设备 管理 系统 环境 搭建 班级 课程设计 小组 后端 开发 角色,应届 基础知识 技术 认真负责,Docker Python Kafka Gin K8s 英语四级,Docker、Python、Kafka、Gin、K8s,英语四级
刘俊熙,男,13820265299,liujunxi579@qq.com,18784801010,泉州,"期望岗位：前端开发工程师
期望城市：泉州
期望行业：互联网/信息技术/软件服务
期望薪资：5500-6000元",本科数学与应用数学专业应届毕业生，掌握Element UI、HTML5基础技能，完成过课程设计与毕业项目，具备基础代码编写能力与问题排查思路，学习能力强，做事认真踏实，期望从事前端开发工程师相关工作。,"浙江万里学院 | 数学与应用数学 | 本科
毕业时间：2022年6月
核心课程：数字信号处理、算法设计与分析、计算机网络、数据库原理","【校园实践】
    · 参与学校计算机协会技术部，负责协会网站日常维护
    · 协助老师完成实验室设备管理与系统环境搭建
    · 参与班级课程设计小组，担任后端开发角色","■ 校园社团官网（实训项目）
  项目目标：为学校社团开发官方展示网站
  个人职责：负责首页、新闻页、成员页开发
  项目成果：上线后访问量累计5000+","专业技能：Vue、Element UI、Axios、CSS3、移动端适配、HTML5、Ant Design
相关证书：无",应届毕业，具备扎实的专业基础知识与学习能力，能够快速掌握新技术；工作态度认真负责，有耐心，注重细节；具备良好的团队意识与沟通能力，能够积极配合团队完成任务；期望在工作中积累经验，快速成长。,本科 数学与应用数学 应届 毕业生 Element UI HTML5 课程设计 项目 代码 编写 排查 前端开发 工程师,社团 官网 实训 项目 学校 社团 开发 官方 展示 网站 首页 新闻页 成员 开发 上线 访问量 累计,学校 计算机 协会 技术部 协会 网站 维护 老师 实验室 设备 管理 系统 环境 搭建 班级 课程设计 小组 后端 开发 角色,应届 基础知识 技术 认真负责,Vue Element UI Axios CSS3 移动端适配 HTML5 Ant Design,Vue、Element UI、Axios、CSS3、移动端适配、HTML5、Ant Design,
陶梓涵,女,13505878014,tao梓han467@qq.com,15190231355,台州,"期望岗位：算法工程师
期望城市：台州
期望行业：互联网/信息技术/软件服务
期望薪资：面议",2年算法工程师工作经验，精通计算机视觉、PyTorch技术栈，参与过完整项目迭代，能够独立完成模块开发与问题排查，注重代码质量与开发效率，具备良好的沟通协作能力。,"浙江工业大学 | 信息管理与信息系统 | 本科
毕业时间：2020年6月
核心课程：操作系统、计算机网络、数字信号处理、Java程序设计","【字节跳动（厦门分公司）】 算法工程师
2025年12月 - 至今
    · 编写开发文档，沉淀技术规范，协助新人熟悉业务
    · 负责公司算法工程师相关业务的开发与维护，参与需求评审

【新科互联网科技有限公司】 算法工程师
2024年4月 - 2025年3月
    · 编写开发文档，沉淀技术规范，协助新人熟悉业务
    · 承担分配模块的编码、测试与优化工作，保障系统稳定运行","■ 个性化推荐系统
  项目目标：提升内容推荐精准度，增加用户停留时长
  个人职责：负责协同过滤、深度学习推荐模型开发与离线优化
  项目成果：用户平均停留时长提升25%，点击率提升15%

■ 风控欺诈识别模型
  项目目标：识别交易欺诈行为，降低资金损失风险
  个人职责：特征工程，构建XGBoost风控模型，在线部署与迭代
  项目成果：欺诈识别准确率达92%，每年减少损失超200万","专业技能：推荐算法、机器学习、Python、PyTorch、数据结构、TensorFlow、深度学习、NLP、计算机视觉、算法优化
相关证书：计算机二级",拥有2年实际工作经验，技术功底扎实，熟悉完整开发流程；具备较强的问题解决能力，能够独立排查并解决常见技术问题；工作认真负责，注重团队协作，能够高效推进项目落地；持续学习，保持技术敏感度。,算法 工程师 计算机视觉 PyTorch 技术 完整 项目 迭代 独立 模块 开发 排查 代码 质量 开发 效率 协作,个性化 推荐 系统 推荐 精准度 增加 用户 停留 时长 协同 过滤 深度学习 推荐 模型 开发 离线 用户 平均 停留 时长 点击率 风控 欺诈 识别 模型 识别 交易 欺诈 行为 降低 资金 损失 风险 特征工程 构建 XGBoost 风控 模型 在线 部署 迭代 欺诈 识别 准确率 每年 减少 损失,字节 跳动 厦门 分公司 算法 工程师 至今 编写 开发 文档 沉淀 技术规范 新人 熟悉业务 算法 工程师 业务 开发 维护 需求 评审 新科 互联网 科技 算法 工程师 编写 开发 文档 沉淀 技术规范 新人 熟悉业务 分配 模块 编码 测试 保障系统 稳定 运行,实际 技术 功底 完整 开发 流程 独立 排查 常见 技术 认真负责 协作 高效 推进 项目 落地 持续 保持 技术 敏感度,推荐算法 机器学习 Python PyTorch 数据结构 TensorFlow 深度学习 NLP 计算机视觉 算法优化 计算机二级,推荐算法、机器学习、Python、PyTorch、数据结构、TensorFlow、深度学习、NLP、计算机视觉、算法优化,计算机二级
覃欣,女,13402016115,qinxin0378@gmail.com,wx_qinxin_895,龙岩,"期望岗位：数据分析师
期望城市：龙岩
期望行业：互联网/信息技术/软件服务
期望薪资：10000-11500元",5年数据分析师从业经验，精通SQL技术架构，主导过中型项目从0到1落地，擅长技术方案设计与性能优化，曾推动核心模块技术重构，带来显著效率提升，具备跨部门协作与项目推进能力。,"集美大学 | 计算机科学与技术 | 本科
毕业时间：2017年6月
核心课程：Java程序设计、计算机网络、软件工程、数据库原理","【锐捷网络科技有限公司】 数据分析师
2025年5月 - 至今
    · 编写开发文档，沉淀技术规范，协助新人熟悉业务
    · 负责公司数据分析师相关业务的开发与维护，参与需求评审
    · 对接产品、测试团队，跟进需求落地与缺陷修复

【金蝶数据技术有限公司】 数据分析师
2024年5月 - 2025年6月
    · 承担分配模块的编码、测试与优化工作，保障系统稳定运行
    · 编写开发文档，沉淀技术规范，协助新人熟悉业务
    · 负责公司数据分析师相关业务的开发与维护，参与需求评审

【未来互联网科技有限公司】 数据分析师
2023年7月 - 2024年1月
    · 负责公司数据分析师相关业务的开发与维护，参与需求评审
    · 承担分配模块的编码、测试与优化工作，保障系统稳定运行
    · 对接产品、测试团队，跟进需求落地与缺陷修复","■ 销售数据预测建模
  项目目标：基于历史数据预测销量，指导库存与备货
  个人职责：数据预处理，构建时间序列预测模型，输出月度预测报告
  项目成果：预测准确率达89%，库存周转效率提升25%

■ 用户行为分析看板
  项目目标：构建用户行为数据体系，支撑运营决策
  个人职责：负责数据清洗、指标体系搭建，输出可视化运营报表
  项目成果：输出15+核心运营指标，支撑每月3次运营优化，用户留存率提升8%","专业技能：Power BI、NumPy、Pandas、MySQL、Excel、统计学
相关证书：英语四级、软考中级",拥有5年行业经验，技术视野开阔，具备方案设计与项目把控能力；逻辑清晰，善于定位并解决复杂技术问题；具备良好的团队管理与跨部门沟通能力，能够推动技术优化与业务落地；责任心强，追求技术与业务的平衡发展。,数据 分析师 从业 SQL 技术 架构 主导 中型 项目 落地 擅长 技术 方案设计 性能 推动 核心 模块 技术 重构 带来 显著 效率 跨部门 协作 项目 推进,销售 数据 预测 建模 基于 历史数据 预测 销量 指导 库存 备货 数据 预处理 构建 时间 序列 预测 模型 月度 预测 报告 预测 准确率 库存 周转 效率 用户 行为 分析 看板 构建 用户 行为 数据 体系 支撑 运营 决策 数据 清洗 指标体系 搭建 可视化 运营 报表 核心 运营 指标 支撑 每月 运营 用户 留存,锐捷 网络科技 数据 分析师 至今 编写 开发 文档 沉淀 技术规范 新人 熟悉业务 数据 分析师 业务 开发 维护 需求 评审 对接 产品 测试 跟进 需求 落地 缺陷 修复 金蝶 数据 技术 数据 分析师 分配 模块 编码 测试 保障系统 稳定 运行 编写 开发 文档 沉淀 技术规范 新人 熟悉业务 数据 分析师 业务 开发 维护 需求 评审 未来 互联网 科技 数据 分析师 数据 分析师 业务 开发 维护 需求 评审 分配 模块 编码 测试 保障系统 稳定 运行 对接 产品 测试 跟进 需求 落地 缺陷 修复,技术 视野 开阔 方案设计 项目 逻辑 清晰 善于 定位 复杂 技术 管理 跨部门 推动 技术 业务 落地 责任心 追求 技术 业务 平衡 发展,Power BI NumPy Pandas MySQL Excel 统计学 英语四级 软考中级,Power BI、NumPy、Pandas、MySQL、Excel、统计学,英语四级、软考中级
黎梅,女,18118680055,limei052@126.com,wx_limei_752,龙岩,"期望岗位：运维工程师
期望城市：龙岩
期望行业：互联网/信息技术/软件服务
期望薪资：7000-9000元",3年运维工程师工作经验，精通Ansible、Nginx技术栈，参与过完整项目迭代，能够独立完成模块开发与问题排查，注重代码质量与开发效率，具备良好的沟通协作能力。,"江西交通职业技术学院 | 计算机应用技术 | 专科
毕业时间：2019年6月
核心课程：Python编程、软件工程、数据结构、Java程序设计","【恒信软件有限公司】 运维工程师
2025年7月 - 至今
    · 对接产品、测试团队，跟进需求落地与缺陷修复
    · 编写开发文档，沉淀技术规范，协助新人熟悉业务
    · 承担分配模块的编码、测试与优化工作，保障系统稳定运行

【智联数据技术有限公司】 运维工程师
2024年8月 - 2025年6月
    · 承担分配模块的编码、测试与优化工作，保障系统稳定运行
    · 对接产品、测试团队，跟进需求落地与缺陷修复","■ CI/CD自动化流水线
  项目目标：实现代码自动化构建、测试、部署，提升发布效率
  个人职责：基于Jenkins搭建持续集成流水线，配置Docker容器化部署
  项目成果：发布周期从每周1次提升至每天3次，部署失误率降为0

■ 服务器集群运维优化
  项目目标：提升服务器集群稳定性，降低故障发生率
  个人职责：负责日常巡检、故障排查，优化监控告警规则与分级策略
  项目成果：服务器故障率下降60%，平均故障响应时间缩短至15分钟","专业技能：Jenkins、Ansible、Redis、Docker、Shell、Zabbix、MySQL、Kubernetes
相关证书：系统架构设计师",拥有3年实际工作经验，技术功底扎实，熟悉完整开发流程；具备较强的问题解决能力，能够独立排查并解决常见技术问题；工作认真负责，注重团队协作，能够高效推进项目落地；持续学习，保持技术敏感度。,运维 工程师 Ansible Nginx 技术 完整 项目 迭代 独立 模块 开发 排查 代码 质量 开发 效率 协作,CI CD 自动化 流水线 代码 自动化 构建 测试 部署 发布 效率 基于 Jenkins 搭建 持续 集成 流水线 配置 Docker 容器 部署 发布 周期 每周 每天 部署 失误 降为 服务器 集群 运维 服务器 集群 稳定性 降低 故障 发生率 巡检 故障 排查 监控 告警 规则 分级 策略 服务器 故障率 下降 平均 故障 响应 时间 缩短 分钟,恒信 软件 运维 工程师 至今 对接 产品 测试 跟进 需求 落地 缺陷 修复 编写 开发 文档 沉淀 技术规范 新人 熟悉业务 分配 模块 编码 测试 保障系统 稳定 运行 智联 数据 技术 运维 工程师 分配 模块 编码 测试 保障系统 稳定 运行 对接 产品 测试 跟进 需求 落地 缺陷 修复,实际 技术 功底 完整 开发 流程 独立 排查 常见 技术 认真负责 协作 高效 推进 项目 落地 持续 保持 技术 敏感度,Jenkins Ansible Redis Docker Shell Zabbix MySQL Kubernetes 系统架构设计师,Jenkins、Ansible、Redis、Docker、Shell、Zabbix、MySQL、Kubernetes,系统架构设计师
顾若曦,女,15816279486,gu若xi744@126.com,wx_gu若xi_189,三明,"期望岗位：软件测试工程师
期望城市：三明
期望行业：互联网/信息技术/软件服务
期望薪资：7000-12000元",2年软件测试工程师工作经验，精通Appium、Postman技术栈，参与过完整项目迭代，能够独立完成模块开发与问题排查，注重代码质量与开发效率，具备良好的沟通协作能力。,"南昌大学 | 信息管理与信息系统 | 本科
毕业时间：2020年6月
核心课程：软件工程、操作系统、数字信号处理、算法设计与分析","【数聚软件有限公司】 软件测试工程师
2025年1月 - 至今
    · 负责公司软件测试工程师相关业务的开发与维护，参与需求评审
    · 编写开发文档，沉淀技术规范，协助新人熟悉业务

【通元软件有限公司】 软件测试工程师
2024年4月 - 2025年10月
    · 编写开发文档，沉淀技术规范，协助新人熟悉业务
    · 对接产品、测试团队，跟进需求落地与缺陷修复","■ 自动化测试框架搭建
  项目目标：提升回归测试效率，减少人工重复劳动
  个人职责：基于Selenium搭建UI自动化框架，编写核心模块测试脚本
  项目成果：回归测试周期从7天缩短至2天，覆盖率达85%

■ 电商平台功能测试
  项目目标：保障电商系统上线质量，覆盖全业务流程
  个人职责：设计测试用例，执行功能、回归测试，提交缺陷报告
  项目成果：发现并修复120+缺陷，上线后线上缺陷率低于0.5%","专业技能：缺陷管理、TestNG、Appium、测试用例设计、MySQL、Python、性能测试
相关证书：MySQL数据库认证、红帽RHCE认证",拥有2年实际工作经验，技术功底扎实，熟悉完整开发流程；具备较强的问题解决能力，能够独立排查并解决常见技术问题；工作认真负责，注重团队协作，能够高效推进项目落地；持续学习，保持技术敏感度。,软件测试 工程师 Appium Postman 技术 完整 项目 迭代 独立 模块 开发 排查 代码 质量 开发 效率 协作,自动化 测试 框架 搭建 回归 测试 效率 减少 人工 重复劳动 基于 Selenium 搭建 UI 自动化 框架 编写 核心 模块 测试 脚本 回归 测试 周期 缩短 覆盖率 电商 平台 功能测试 保障 电商 系统 上线 质量 覆盖 业务流程 测试用例 执行 功能 回归 测试 提交 缺陷 报告 发现 修复 缺陷 上线 后线 缺陷率 低于,数聚 软件 软件测试 工程师 至今 软件测试 工程师 业务 开发 维护 需求 评审 编写 开发 文档 沉淀 技术规范 新人 熟悉业务 通元 软件 软件测试 工程师 编写 开发 文档 沉淀 技术规范 新人 熟悉业务 对接 产品 测试 跟进 需求 落地 缺陷 修复,实际 技术 功底 完整 开发 流程 独立 排查 常见 技术 认真负责 协作 高效 推进 项目 落地 持续 保持 技术 敏感度,缺陷管理 TestNG Appium 测试用例设计 MySQL Python 性能测试 MySQL数据库认证 红帽RHCE认证,缺陷管理、TestNG、Appium、测试用例设计、MySQL、Python、性能测试,MySQL数据库认证、红帽RHCE认证
罗勇,男,13802157517,luoyong997@163.com,wx_luoyong_213,黄山,"期望岗位：Python开发工程师
期望城市：黄山
期望行业：互联网/信息技术/软件服务
期望薪资：10000-10500元",2年Python开发工程师工作经验，精通Git、Docker技术栈，参与过完整项目迭代，能够独立完成模块开发与问题排查，注重代码质量与开发效率，具备良好的沟通协作能力。,"浙江工业大学 | 电子信息工程 | 本科
毕业时间：2020年6月
核心课程：软件工程、计算机网络、操作系统、数据库原理","【微远信息技术有限公司】 Python开发工程师
2025年8月 - 至今
    · 承担分配模块的编码、测试与优化工作，保障系统稳定运行
    · 编写开发文档，沉淀技术规范，协助新人熟悉业务

【汇智互联网科技有限公司】 Python开发工程师
2024年11月 - 2025年6月
    · 编写开发文档，沉淀技术规范，协助新人熟悉业务
    · 承担分配模块的编码、测试与优化工作，保障系统稳定运行
    · 对接产品、测试团队，跟进需求落地与缺陷修复","■ 数据采集爬虫系统
  项目目标：搭建分布式爬虫平台，采集多渠道公开数据
  个人职责：负责反爬策略破解、数据清洗、入库逻辑开发
  项目成果：日均采集数据50万条，数据准确率98%以上

■ 自动化运维平台
  项目目标：开发运维管理平台，实现服务器批量管理
  个人职责：负责监控、告警、任务调度模块后端开发
  项目成果：管理服务器200+，运维人力成本降低50%","专业技能：Python、FastAPI、Flask、Redis、Celery、Git
相关证书：MySQL数据库认证",拥有2年实际工作经验，技术功底扎实，熟悉完整开发流程；具备较强的问题解决能力，能够独立排查并解决常见技术问题；工作认真负责，注重团队协作，能够高效推进项目落地；持续学习，保持技术敏感度。,Python 开发 工程师 Git Docker 技术 完整 项目 迭代 独立 模块 开发 排查 代码 质量 开发 效率 协作,数据 采集 爬虫 系统 搭建 分布式 爬虫 平台 采集 多渠道 公开 数据 反爬 策略 破解 数据 清洗 入库 逻辑 开发 日均 采集 数据 万条 数据 准确率 以上 自动化 运维 平台 开发 运维 管理 平台 服务器 批量 管理 监控 告警 任务调度 模块 后端 开发 管理 服务器 运维 人力 成本 降低,微远 信息技术 Python 开发 工程师 至今 分配 模块 编码 测试 保障系统 稳定 运行 编写 开发 文档 沉淀 技术规范 新人 熟悉业务 汇智 互联网 科技 Python 开发 工程师 编写 开发 文档 沉淀 技术规范 新人 熟悉业务 分配 模块 编码 测试 保障系统 稳定 运行 对接 产品 测试 跟进 需求 落地 缺陷 修复,实际 技术 功底 完整 开发 流程 独立 排查 常见 技术 认真负责 协作 高效 推进 项目 落地 持续 保持 技术 敏感度,Python FastAPI Flask Redis Celery Git MySQL数据库认证,Python、FastAPI、Flask、Redis、Celery、Git,MySQL数据库认证
莫丽,女,18834666545,moli068@outlook.com,18717735784,绍兴,"期望岗位：数据分析师
期望城市：绍兴
期望行业：互联网/信息技术/软件服务
期望薪资：32500-34000元",10年数据分析师资深经验，精通全链路技术架构，具备团队技术规划与方案设计能力，主导过多个大型项目重构与升级，在高并发/系统稳定性领域有深厚积累，能够带领团队攻克技术难题，驱动业务技术升级。,"苏州科技大学 | 软件技术 | 本科
毕业时间：2012年6月
核心课程：机器学习、软件工程、数据结构、操作系统","【安硕科技有限公司】 数据分析师
2023年7月 - 至今
    · 编写开发文档，沉淀技术规范，协助新人熟悉业务
    · 负责公司数据分析师相关业务的开发与维护，参与需求评审
    · 对接产品、测试团队，跟进需求落地与缺陷修复

【锐捷软件有限公司】 数据分析师
2020年3月 - 2023年5月
    · 对接产品、测试团队，跟进需求落地与缺陷修复
    · 承担分配模块的编码、测试与优化工作，保障系统稳定运行

【用友软件有限公司】 数据分析师
2017年4月 - 2020年2月
    · 编写开发文档，沉淀技术规范，协助新人熟悉业务
    · 负责公司数据分析师相关业务的开发与维护，参与需求评审","■ 销售数据预测建模
  项目目标：基于历史数据预测销量，指导库存与备货
  个人职责：数据预处理，构建时间序列预测模型，输出月度预测报告
  项目成果：预测准确率达89%，库存周转效率提升25%

■ 用户行为分析看板
  项目目标：构建用户行为数据体系，支撑运营决策
  个人职责：负责数据清洗、指标体系搭建，输出可视化运营报表
  项目成果：输出15+核心运营指标，支撑每月3次运营优化，用户留存率提升8%","专业技能：SQL、MySQL、统计学、NumPy、Pandas、Python、Hive、用户分析、Tableau
相关证书：软考中级",拥有10年行业经验，技术视野开阔，具备方案设计与项目把控能力；逻辑清晰，善于定位并解决复杂技术问题；具备良好的团队管理与跨部门沟通能力，能够推动技术优化与业务落地；责任心强，追求技术与业务的平衡发展。,数据 分析师 资深 链路 技术 架构 技术 规划 方案设计 主导 多个 大型项目 重构 升级 并发 系统 稳定性 领域 深厚 带领 攻克 技术难题 驱动 业务 技术升级,销售 数据 预测 建模 基于 历史数据 预测 销量 指导 库存 备货 数据 预处理 构建 时间 序列 预测 模型 月度 预测 报告 预测 准确率 库存 周转 效率 用户 行为 分析 看板 构建 用户 行为 数据 体系 支撑 运营 决策 数据 清洗 指标体系 搭建 可视化 运营 报表 核心 运营 指标 支撑 每月 运营 用户 留存,安硕 科技 数据 分析师 至今 编写 开发 文档 沉淀 技术规范 新人 熟悉业务 数据 分析师 业务 开发 维护 需求 评审 对接 产品 测试 跟进 需求 落地 缺陷 修复 锐捷 软件 数据 分析师 对接 产品 测试 跟进 需求 落地 缺陷 修复 分配 模块 编码 测试 保障系统 稳定 运行 用友 软件 数据 分析师 编写 开发 文档 沉淀 技术规范 新人 熟悉业务 数据 分析师 业务 开发 维护 需求 评审,技术 视野 开阔 方案设计 项目 逻辑 清晰 善于 定位 复杂 技术 管理 跨部门 推动 技术 业务 落地 责任心 追求 技术 业务 平衡 发展,SQL MySQL 统计学 NumPy Pandas Python Hive 用户分析 Tableau 软考中级,SQL、MySQL、统计学、NumPy、Pandas、Python、Hive、用户分析、Tableau,软考中级
熊峰,男,13993837565,xiongfeng7507@126.com,wx_xiongfeng_966,镇江,"期望岗位：后端开发工程师
期望城市：镇江
期望行业：互联网/信息技术/软件服务
期望薪资：7000-8000元",专科数学与应用数学专业应届毕业生，有1段后端开发工程师实习经验，掌握PostgreSQL技术栈，参与过实习项目开发，具备良好的代码规范与团队协作意识，能够快速上手业务，期望正式入职发展。,"厦门海洋职业技术学院 | 数学与应用数学 | 专科
毕业时间：2021年6月
核心课程：机器学习、数字信号处理、Java程序设计、Python编程","【易联数据技术有限公司】 后端开发工程师（实习）
2025年3月 - 至今
    · 承担分配模块的编码、测试与优化工作，保障系统稳定运行
    · 编写开发文档，沉淀技术规范，协助新人熟悉业务
    · 负责公司后端开发工程师相关业务的开发与维护，参与需求评审","■ 简单论坛系统
  项目目标：实现帖子发布、回复、板块管理
  个人职责：负责后端服务开发与接口文档编写
  项目成果：支持百人同时在线访问

■ 图书管理系统后端
  项目目标：实现图书借阅、归还、用户管理功能
  个人职责：负责接口开发与数据库表结构设计
  项目成果：完成核心功能，支持1000条数据量","专业技能：MySQL、K8s、PostgreSQL、Docker、SpringBoot、Go
相关证书：英语六级",有实习经验，熟悉开发基本流程，具备基础的项目实践能力；学习能力强，能够快速上手新业务新技术；工作踏实，责任心强，善于沟通协作，能够高效完成分配的工作任务。,专科 数学与应用数学 应届 毕业生 后端 开发 工程师 实习 PostgreSQL 技术 实习 项目 开发 代码 规范 协作 上手 业务 正式 入职 发展,简单 论坛 系统 帖子 发布 回复 板块 管理 后端 服务 开发 接口 文档 编写 百人 同时在线 访问 图书 管理系统 后端 图书 借阅 归还 用户 管理 功能 接口 开发 数据库 结构设计 核心 功能 数据量,易联 数据 技术 后端 开发 工程师 实习 至今 分配 模块 编码 测试 保障系统 稳定 运行 编写 开发 文档 沉淀 技术规范 新人 熟悉业务 后端 开发 工程师 业务 开发 维护 需求 评审,实习 开发 基本 流程 项目 实践 上手 业务 技术 责任心 善于 协作 高效 分配,MySQL K8s PostgreSQL Docker SpringBoot Go 英语六级,MySQL、K8s、PostgreSQL、Docker、SpringBoot、Go,英语六级
罗强,男,13389944758,luoqiang21@outlook.com,15053878389,宁德,"期望岗位：软件测试工程师
期望城市：宁德
期望行业：互联网/信息技术/软件服务
期望薪资：面议",本科软件工程专业应届毕业生，掌握缺陷管理、Appium基础技能，完成过课程设计与毕业项目，具备基础代码编写能力与问题排查思路，学习能力强，做事认真踏实，期望从事软件测试工程师相关工作。,"南京理工大学 | 软件工程 | 本科
毕业时间：2022年6月
核心课程：数据结构、操作系统、计算机网络、数据库原理","【校园实践】
    · 参与学校计算机协会技术部，负责协会网站日常维护
    · 协助老师完成实验室设备管理与系统环境搭建
    · 参与班级课程设计小组，担任后端开发角色","■ 网页兼容性测试实训
  项目目标：对多个网站进行浏览器兼容测试
  个人职责：制定测试方案，输出测试报告
  项目成果：覆盖5款主流浏览器","专业技能：Postman、性能测试、缺陷管理、Appium
相关证书：英语四级、MySQL数据库认证、英语六级",应届毕业，具备扎实的专业基础知识与学习能力，能够快速掌握新技术；工作态度认真负责，有耐心，注重细节；具备良好的团队意识与沟通能力，能够积极配合团队完成任务；期望在工作中积累经验，快速成长。,本科 软件工程 应届 毕业生 缺陷管理 Appium 课程设计 项目 代码 编写 排查 软件测试 工程师,网页 兼容性 测试 实训 多个 网站 浏览器 兼容 测试 制定 测试 方案 测试报告 覆盖 主流 浏览器,学校 计算机 协会 技术部 协会 网站 维护 老师 实验室 设备 管理 系统 环境 搭建 班级 课程设计 小组 后端 开发 角色,应届 基础知识 技术 认真负责,Postman 性能测试 缺陷管理 Appium 英语四级 MySQL数据库认证 英语六级,Postman、性能测试、缺陷管理、Appium,英语四级、MySQL数据库认证、英语六级
蔡明,男,15981106254,caiming2264@gmail.com,wx_caiming_599,金华,"期望岗位：后端开发工程师
期望城市：金华
期望行业：互联网/信息技术/软件服务
期望薪资：12000-16500元",3年后端开发工程师从业经验，精通Go技术架构，主导过中型项目从0到1落地，擅长技术方案设计与性能优化，曾推动核心模块技术重构，带来显著效率提升，具备跨部门协作与项目推进能力。,"暨南大学 | 数字媒体技术 | 本科
毕业时间：2019年6月
核心课程：Python编程、计算机网络、算法设计与分析、软件工程","【合众信息技术有限公司】 后端开发工程师
2025年7月 - 至今
    · 承担分配模块的编码、测试与优化工作，保障系统稳定运行
    · 编写开发文档，沉淀技术规范，协助新人熟悉业务

【博思网络科技有限公司】 后端开发工程师
2024年1月 - 2025年5月
    · 负责公司后端开发工程师相关业务的开发与维护，参与需求评审
    · 承担分配模块的编码、测试与优化工作，保障系统稳定运行
    · 编写开发文档，沉淀技术规范，协助新人熟悉业务","■ 内容管理系统后端
  项目目标：搭建CMS系统后端服务，支持多站点内容发布
  个人职责：负责文章、栏目、权限模块接口开发，设计数据库表结构
  项目成果：支撑8个站点同时运营，内容发布效率提升3倍

■ 即时通讯服务开发
  项目目标：实现企业内部IM系统后端消息推送与存储
  个人职责：负责消息队列、离线消息、会话管理模块开发
  项目成果：支持万人同时在线，消息送达延迟低于100ms","专业技能：Kafka、Docker、MySQL、Gin、SpringBoot、微服务、PostgreSQL、Redis、Python
相关证书：软件设计师（中级）",拥有3年行业经验，技术视野开阔，具备方案设计与项目把控能力；逻辑清晰，善于定位并解决复杂技术问题；具备良好的团队管理与跨部门沟通能力，能够推动技术优化与业务落地；责任心强，追求技术与业务的平衡发展。,年后 开发 工程师 从业 Go 技术 架构 主导 中型 项目 落地 擅长 技术 方案设计 性能 推动 核心 模块 技术 重构 带来 显著 效率 跨部门 协作 项目 推进,管理系统 后端 搭建 CMS 系统 后端 服务 站点 发布 文章 栏目 权限 模块接口 开发 数据库 结构 支撑 站点 运营 发布 效率 即时通讯 服务 开发 企业 内部 IM 系统 后端 消息 推送 存储 消息 队列 离线 消息 会话 管理 模块 开发 万人 同时在线 消息 送达 延迟 低于 100ms,合众 信息技术 后端 开发 工程师 至今 分配 模块 编码 测试 保障系统 稳定 运行 编写 开发 文档 沉淀 技术规范 新人 熟悉业务 博思 网络科技 后端 开发 工程师 后端 开发 工程师 业务 开发 维护 需求 评审 分配 模块 编码 测试 保障系统 稳定 运行 编写 开发 文档 沉淀 技术规范 新人 熟悉业务,技术 视野 开阔 方案设计 项目 逻辑 清晰 善于 定位 复杂 技术 管理 跨部门 推动 技术 业务 落地 责任心 追求 技术 业务 平衡 发展,Kafka Docker MySQL Gin SpringBoot 微服务 PostgreSQL Redis Python 软件 设计师 中级,Kafka、Docker、MySQL、Gin、SpringBoot、微服务、PostgreSQL、Redis、Python,软件设计师（中级）
刘雨泽,男,18751929801,liu雨ze76@gmail.com,18686395700,安庆,"期望岗位：算法工程师
期望城市：安庆
期望行业：互联网/信息技术/软件服务
期望薪资：面议",3年算法工程师从业经验，精通算法优化技术架构，主导过中型项目从0到1落地，擅长技术方案设计与性能优化，曾推动核心模块技术重构，带来显著效率提升，具备跨部门协作与项目推进能力。,"闽南师范大学 | 通信工程 | 本科
毕业时间：2019年6月
核心课程：数据库原理、Python编程、计算机网络、软件工程","【云创互联网科技有限公司】 算法工程师
2025年10月 - 至今
    · 对接产品、测试团队，跟进需求落地与缺陷修复
    · 负责公司算法工程师相关业务的开发与维护，参与需求评审
    · 编写开发文档，沉淀技术规范，协助新人熟悉业务

【易联软件有限公司】 算法工程师
2024年8月 - 2025年8月
    · 负责公司算法工程师相关业务的开发与维护，参与需求评审
    · 对接产品、测试团队，跟进需求落地与缺陷修复
    · 承担分配模块的编码、测试与优化工作，保障系统稳定运行","■ 个性化推荐系统
  项目目标：提升内容推荐精准度，增加用户停留时长
  个人职责：负责协同过滤、深度学习推荐模型开发与离线优化
  项目成果：用户平均停留时长提升25%，点击率提升15%

■ 风控欺诈识别模型
  项目目标：识别交易欺诈行为，降低资金损失风险
  个人职责：特征工程，构建XGBoost风控模型，在线部署与迭代
  项目成果：欺诈识别准确率达92%，每年减少损失超200万","专业技能：机器学习、计算机视觉、数据结构、PyTorch、特征工程、Python、深度学习、TensorFlow、算法优化、推荐算法
相关证书：无",拥有3年行业经验，技术视野开阔，具备方案设计与项目把控能力；逻辑清晰，善于定位并解决复杂技术问题；具备良好的团队管理与跨部门沟通能力，能够推动技术优化与业务落地；责任心强，追求技术与业务的平衡发展。,算法 工程师 从业 算法优化 技术 架构 主导 中型 项目 落地 擅长 技术 方案设计 性能 推动 核心 模块 技术 重构 带来 显著 效率 跨部门 协作 项目 推进,个性化 推荐 系统 推荐 精准度 增加 用户 停留 时长 协同 过滤 深度学习 推荐 模型 开发 离线 用户 平均 停留 时长 点击率 风控 欺诈 识别 模型 识别 交易 欺诈 行为 降低 资金 损失 风险 特征工程 构建 XGBoost 风控 模型 在线 部署 迭代 欺诈 识别 准确率 每年 减少 损失,云创 互联网 科技 算法 工程师 至今 对接 产品 测试 跟进 需求 落地 缺陷 修复 算法 工程师 业务 开发 维护 需求 评审 编写 开发 文档 沉淀 技术规范 新人 熟悉业务 易联 软件 算法 工程师 算法 工程师 业务 开发 维护 需求 评审 对接 产品 测试 跟进 需求 落地 缺陷 修复 分配 模块 编码 测试 保障系统 稳定 运行,技术 视野 开阔 方案设计 项目 逻辑 清晰 善于 定位 复杂 技术 管理 跨部门 推动 技术 业务 落地 责任心 追求 技术 业务 平衡 发展,机器学习 计算机视觉 数据结构 PyTorch 特征工程 Python 深度学习 TensorFlow 算法优化 推荐算法,机器学习、计算机视觉、数据结构、PyTorch、特征工程、Python、深度学习、TensorFlow、算法优化、推荐算法,
莫雯,女,17672248033,mowen5978@gmail.com,18436193844,镇江,"期望岗位：算法工程师
期望城市：镇江
期望行业：互联网/信息技术/软件服务
期望薪资：13500-20000元",3年算法工程师从业经验，精通算法优化技术架构，主导过中型项目从0到1落地，擅长技术方案设计与性能优化，曾推动核心模块技术重构，带来显著效率提升，具备跨部门协作与项目推进能力。,"东南大学 | 软件技术 | 本科
毕业时间：2019年6月
核心课程：机器学习、数字信号处理、算法设计与分析、Java程序设计","【启明科技有限公司】 算法工程师
2025年8月 - 至今
    · 编写开发文档，沉淀技术规范，协助新人熟悉业务
    · 对接产品、测试团队，跟进需求落地与缺陷修复

【天擎数据技术有限公司】 算法工程师
2024年1月 - 2025年5月
    · 编写开发文档，沉淀技术规范，协助新人熟悉业务
    · 对接产品、测试团队，跟进需求落地与缺陷修复
    · 承担分配模块的编码、测试与优化工作，保障系统稳定运行","■ 个性化推荐系统
  项目目标：提升内容推荐精准度，增加用户停留时长
  个人职责：负责协同过滤、深度学习推荐模型开发与离线优化
  项目成果：用户平均停留时长提升25%，点击率提升15%

■ 风控欺诈识别模型
  项目目标：识别交易欺诈行为，降低资金损失风险
  个人职责：特征工程，构建XGBoost风控模型，在线部署与迭代
  项目成果：欺诈识别准确率达92%，每年减少损失超200万","专业技能：TensorFlow、机器学习、Python、数据结构、SQL、计算机视觉
相关证书：无",拥有3年行业经验，技术视野开阔，具备方案设计与项目把控能力；逻辑清晰，善于定位并解决复杂技术问题；具备良好的团队管理与跨部门沟通能力，能够推动技术优化与业务落地；责任心强，追求技术与业务的平衡发展。,算法 工程师 从业 算法优化 技术 架构 主导 中型 项目 落地 擅长 技术 方案设计 性能 推动 核心 模块 技术 重构 带来 显著 效率 跨部门 协作 项目 推进,个性化 推荐 系统 推荐 精准度 增加 用户 停留 时长 协同 过滤 深度学习 推荐 模型 开发 离线 用户 平均 停留 时长 点击率 风控 欺诈 识别 模型 识别 交易 欺诈 行为 降低 资金 损失 风险 特征工程 构建 XGBoost 风控 模型 在线 部署 迭代 欺诈 识别 准确率 每年 减少 损失,启明 科技 算法 工程师 至今 编写 开发 文档 沉淀 技术规范 新人 熟悉业务 对接 产品 测试 跟进 需求 落地 缺陷 修复 天擎 数据 技术 算法 工程师 编写 开发 文档 沉淀 技术规范 新人 熟悉业务 对接 产品 测试 跟进 需求 落地 缺陷 修复 分配 模块 编码 测试 保障系统 稳定 运行,技术 视野 开阔 方案设计 项目 逻辑 清晰 善于 定位 复杂 技术 管理 跨部门 推动 技术 业务 落地 责任心 追求 技术 业务 平衡 发展,TensorFlow 机器学习 Python 数据结构 SQL 计算机视觉,TensorFlow、机器学习、Python、数据结构、SQL、计算机视觉,
韦彬,男,18139358215,weibin474@163.com,18926125545,莆田,"期望岗位：后端开发工程师
期望城市：莆田
期望行业：互联网/信息技术/软件服务
期望薪资：11000-14500元",5年后端开发工程师从业经验，精通SpringBoot技术架构，主导过中型项目从0到1落地，擅长技术方案设计与性能优化，曾推动核心模块技术重构，带来显著效率提升，具备跨部门协作与项目推进能力。,"福建船政交通职业学院 | 计算机科学与技术 | 专科
毕业时间：2017年6月
核心课程：机器学习、数字信号处理、数据库原理、计算机网络","【星图数据技术有限公司】 后端开发工程师
2025年7月 - 至今
    · 编写开发文档，沉淀技术规范，协助新人熟悉业务
    · 负责公司后端开发工程师相关业务的开发与维护，参与需求评审
    · 对接产品、测试团队，跟进需求落地与缺陷修复

【信雅网络科技有限公司】 后端开发工程师
2024年5月 - 2025年1月
    · 编写开发文档，沉淀技术规范，协助新人熟悉业务
    · 对接产品、测试团队，跟进需求落地与缺陷修复
    · 承担分配模块的编码、测试与优化工作，保障系统稳定运行

【星图互联网科技有限公司】 后端开发工程师
2023年3月 - 2024年4月
    · 负责公司后端开发工程师相关业务的开发与维护，参与需求评审
    · 承担分配模块的编码、测试与优化工作，保障系统稳定运行","■ 即时通讯服务开发
  项目目标：实现企业内部IM系统后端消息推送与存储
  个人职责：负责消息队列、离线消息、会话管理模块开发
  项目成果：支持万人同时在线，消息送达延迟低于100ms

■ 内容管理系统后端
  项目目标：搭建CMS系统后端服务，支持多站点内容发布
  个人职责：负责文章、栏目、权限模块接口开发，设计数据库表结构
  项目成果：支撑8个站点同时运营，内容发布效率提升3倍","专业技能：MySQL、Java、K8s、Kafka、Python、Docker、微服务
相关证书：无",拥有5年行业经验，技术视野开阔，具备方案设计与项目把控能力；逻辑清晰，善于定位并解决复杂技术问题；具备良好的团队管理与跨部门沟通能力，能够推动技术优化与业务落地；责任心强，追求技术与业务的平衡发展。,年后 开发 工程师 从业 SpringBoot 技术 架构 主导 中型 项目 落地 擅长 技术 方案设计 性能 推动 核心 模块 技术 重构 带来 显著 效率 跨部门 协作 项目 推进,即时通讯 服务 开发 企业 内部 IM 系统 后端 消息 推送 存储 消息 队列 离线 消息 会话 管理 模块 开发 万人 同时在线 消息 送达 延迟 低于 100ms 管理系统 后端 搭建 CMS 系统 后端 服务 站点 发布 文章 栏目 权限 模块接口 开发 数据库 结构 支撑 站点 运营 发布 效率,星图 数据 技术 后端 开发 工程师 至今 编写 开发 文档 沉淀 技术规范 新人 熟悉业务 后端 开发 工程师 业务 开发 维护 需求 评审 对接 产品 测试 跟进 需求 落地 缺陷 修复 信雅 网络科技 后端 开发 工程师 编写 开发 文档 沉淀 技术规范 新人 熟悉业务 对接 产品 测试 跟进 需求 落地 缺陷 修复 分配 模块 编码 测试 保障系统 稳定 运行 星图 互联网 科技 后端 开发 工程师 后端 开发 工程师 业务 开发 维护 需求 评审 分配 模块 编码 测试 保障系统 稳定 运行,技术 视野 开阔 方案设计 项目 逻辑 清晰 善于 定位 复杂 技术 管理 跨部门 推动 技术 业务 落地 责任心 追求 技术 业务 平衡 发展,MySQL Java K8s Kafka Python Docker 微服务,MySQL、Java、K8s、Kafka、Python、Docker、微服务,
萧雪,女,13532116602,xiaoxue92@gmail.com,wx_xiaoxue_813,镇江,"期望岗位：后端开发工程师
期望城市：镇江
期望行业：互联网/信息技术/软件服务
期望薪资：面议",专科信息管理与信息系统专业应届毕业生，有0段后端开发工程师实习经验，掌握Kafka技术栈，参与过实习项目开发，具备良好的代码规范与团队协作意识，能够快速上手业务，期望正式入职发展。,"福建船政交通职业学院 | 信息管理与信息系统 | 专科
毕业时间：2022年6月
核心课程：Python编程、计算机网络、Java程序设计、软件工程","【华为（东莞研究所）】 后端开发工程师（实习）
2023年9月 - 至今
    · 对接产品、测试团队，跟进需求落地与缺陷修复
    · 负责公司后端开发工程师相关业务的开发与维护，参与需求评审
    · 承担分配模块的编码、测试与优化工作，保障系统稳定运行","■ 简单论坛系统
  项目目标：实现帖子发布、回复、板块管理
  个人职责：负责后端服务开发与接口文档编写
  项目成果：支持百人同时在线访问

■ 图书管理系统后端
  项目目标：实现图书借阅、归还、用户管理功能
  个人职责：负责接口开发与数据库表结构设计
  项目成果：完成核心功能，支持1000条数据量","专业技能：K8s、Java、微服务、SpringBoot、MySQL、Gin、Redis
相关证书：无",有实习经验，熟悉开发基本流程，具备基础的项目实践能力；学习能力强，能够快速上手新业务新技术；工作踏实，责任心强，善于沟通协作，能够高效完成分配的工作任务。,专科 信息管理与信息系统 应届 毕业生 后端 开发 工程师 实习 Kafka 技术 实习 项目 开发 代码 规范 协作 上手 业务 正式 入职 发展,简单 论坛 系统 帖子 发布 回复 板块 管理 后端 服务 开发 接口 文档 编写 百人 同时在线 访问 图书 管理系统 后端 图书 借阅 归还 用户 管理 功能 接口 开发 数据库 结构设计 核心 功能 数据量,华为 东莞 研究所 后端 开发 工程师 实习 至今 对接 产品 测试 跟进 需求 落地 缺陷 修复 后端 开发 工程师 业务 开发 维护 需求 评审 分配 模块 编码 测试 保障系统 稳定 运行,实习 开发 基本 流程 项目 实践 上手 业务 技术 责任心 善于 协作 高效 分配,K8s Java 微服务 SpringBoot MySQL Gin Redis,K8s、Java、微服务、SpringBoot、MySQL、Gin、Redis,
苏娜,女,18229253736,suna877@outlook.com,18732899858,滁州,"期望岗位：算法工程师
期望城市：滁州
期望行业：互联网/信息技术/软件服务
期望薪资：4000-4500元",专科物联网工程专业应届毕业生，掌握算法优化、TensorFlow基础技能，完成过课程设计与毕业项目，具备基础代码编写能力与问题排查思路，学习能力强，做事认真踏实，期望从事算法工程师相关工作。,"福州职业技术学院 | 物联网工程 | 专科
毕业时间：2022年6月
核心课程：数字信号处理、算法设计与分析、软件工程、数据库原理","【校园实践】
    · 参与学校计算机协会技术部，负责协会网站日常维护
    · 协助老师完成实验室设备管理与系统环境搭建
    · 参与班级课程设计小组，担任后端开发角色","■ 电影推荐系统（毕设）
  项目目标：基于协同过滤实现简单电影推荐
  个人职责：数据处理、模型实现、效果验证
  项目成果：召回准确率达到75%","专业技能：Python、机器学习、数据结构、深度学习
相关证书：MySQL数据库认证、英语六级",应届毕业，具备扎实的专业基础知识与学习能力，能够快速掌握新技术；工作态度认真负责，有耐心，注重细节；具备良好的团队意识与沟通能力，能够积极配合团队完成任务；期望在工作中积累经验，快速成长。,专科 物联网工程 应届 毕业生 算法优化 TensorFlow 课程设计 项目 代码 编写 排查 算法 工程师,电影 推荐 系统 毕设 基于 协同 过滤 简单 电影 推荐 数据处理 模型 效果 验证 召回 准确率 达到,学校 计算机 协会 技术部 协会 网站 维护 老师 实验室 设备 管理 系统 环境 搭建 班级 课程设计 小组 后端 开发 角色,应届 基础知识 技术 认真负责,Python 机器学习 数据结构 深度学习 MySQL数据库认证 英语六级,Python、机器学习、数据结构、深度学习,MySQL数据库认证、英语六级
白欣,女,17728434112,baixin83@gmail.com,wx_baixin_304,马鞍山,"期望岗位：运维工程师
期望城市：马鞍山
期望行业：互联网/信息技术/软件服务
期望薪资：6000-8000元",3年运维工程师工作经验，精通Kubernetes、MySQL技术栈，参与过完整项目迭代，能够独立完成模块开发与问题排查，注重代码质量与开发效率，具备良好的沟通协作能力。,"泉州师范学院 | 网络工程 | 本科
毕业时间：2019年6月
核心课程：软件工程、数字信号处理、Python编程、算法设计与分析","【腾讯（深圳分公司）】 运维工程师
2025年2月 - 至今
    · 承担分配模块的编码、测试与优化工作，保障系统稳定运行
    · 对接产品、测试团队，跟进需求落地与缺陷修复
    · 编写开发文档，沉淀技术规范，协助新人熟悉业务

【通元网络科技有限公司】 运维工程师
2024年10月 - 2025年12月
    · 承担分配模块的编码、测试与优化工作，保障系统稳定运行
    · 负责公司运维工程师相关业务的开发与维护，参与需求评审
    · 对接产品、测试团队，跟进需求落地与缺陷修复","■ 服务器集群运维优化
  项目目标：提升服务器集群稳定性，降低故障发生率
  个人职责：负责日常巡检、故障排查，优化监控告警规则与分级策略
  项目成果：服务器故障率下降60%，平均故障响应时间缩短至15分钟

■ CI/CD自动化流水线
  项目目标：实现代码自动化构建、测试、部署，提升发布效率
  个人职责：基于Jenkins搭建持续集成流水线，配置Docker容器化部署
  项目成果：发布周期从每周1次提升至每天3次，部署失误率降为0","专业技能：Nginx、Kubernetes、Prometheus、Zabbix、网络运维、Jenkins、Ansible、MySQL
相关证书：PMP项目管理专业人士、英语六级、计算机一级",拥有3年实际工作经验，技术功底扎实，熟悉完整开发流程；具备较强的问题解决能力，能够独立排查并解决常见技术问题；工作认真负责，注重团队协作，能够高效推进项目落地；持续学习，保持技术敏感度。,运维 工程师 Kubernetes MySQL 技术 完整 项目 迭代 独立 模块 开发 排查 代码 质量 开发 效率 协作,服务器 集群 运维 服务器 集群 稳定性 降低 故障 发生率 巡检 故障 排查 监控 告警 规则 分级 策略 服务器 故障率 下降 平均 故障 响应 时间 缩短 分钟 CI CD 自动化 流水线 代码 自动化 构建 测试 部署 发布 效率 基于 Jenkins 搭建 持续 集成 流水线 配置 Docker 容器 部署 发布 周期 每周 每天 部署 失误 降为,腾讯 深圳 分公司 运维 工程师 至今 分配 模块 编码 测试 保障系统 稳定 运行 对接 产品 测试 跟进 需求 落地 缺陷 修复 编写 开发 文档 沉淀 技术规范 新人 熟悉业务 通元 网络科技 运维 工程师 分配 模块 编码 测试 保障系统 稳定 运行 运维 工程师 业务 开发 维护 需求 评审 对接 产品 测试 跟进 需求 落地 缺陷 修复,实际 技术 功底 完整 开发 流程 独立 排查 常见 技术 认真负责 协作 高效 推进 项目 落地 持续 保持 技术 敏感度,Nginx Kubernetes Prometheus Zabbix 网络运维 Jenkins Ansible MySQL PMP项目管理专业人士 英语六级 计算机一级,Nginx、Kubernetes、Prometheus、Zabbix、网络运维、Jenkins、Ansible、MySQL,PMP项目管理专业人士、英语六级、计算机一级
胡杰,男,18388804083,hujie81@126.com,wx_hujie_922,莆田,"期望岗位：后端开发工程师
期望城市：莆田
期望行业：互联网/信息技术/软件服务
期望薪资：5000-5500元",本科数字媒体技术专业应届毕业生，掌握Java、SpringBoot基础技能，完成过课程设计与毕业项目，具备基础代码编写能力与问题排查思路，学习能力强，做事认真踏实，期望从事后端开发工程师相关工作。,"厦门理工学院 | 数字媒体技术 | 本科
毕业时间：2022年6月
核心课程：计算机网络、数字信号处理、操作系统、Java程序设计","【校园实践】
    · 参与学校计算机协会技术部，负责协会网站日常维护
    · 协助老师完成实验室设备管理与系统环境搭建
    · 参与班级课程设计小组，担任后端开发角色","■ 简单论坛系统
  项目目标：实现帖子发布、回复、板块管理
  个人职责：负责后端服务开发与接口文档编写
  项目成果：支持百人同时在线访问","专业技能：MySQL、Redis、Docker、微服务
相关证书：无",应届毕业，具备扎实的专业基础知识与学习能力，能够快速掌握新技术；工作态度认真负责，有耐心，注重细节；具备良好的团队意识与沟通能力，能够积极配合团队完成任务；期望在工作中积累经验，快速成长。,本科 数字媒体技术 应届 毕业生 Java SpringBoot 课程设计 项目 代码 编写 排查 后端 开发 工程师,简单 论坛 系统 帖子 发布 回复 板块 管理 后端 服务 开发 接口 文档 编写 百人 同时在线 访问,学校 计算机 协会 技术部 协会 网站 维护 老师 实验室 设备 管理 系统 环境 搭建 班级 课程设计 小组 后端 开发 角色,应届 基础知识 技术 认真负责,MySQL Redis Docker 微服务,MySQL、Redis、Docker、微服务,
罗彬,男,15931879959,luobin073@qq.com,18892203311,扬州,"期望岗位：Python开发工程师
期望城市：扬州
期望行业：互联网/信息技术/软件服务
期望薪资：6500-7000元",专科计算机科学与技术专业应届毕业生，有0段Python开发工程师实习经验，掌握Django技术栈，参与过实习项目开发，具备良好的代码规范与团队协作意识，能够快速上手业务，期望正式入职发展。,"苏州职业大学 | 计算机科学与技术 | 专科
毕业时间：2022年6月
核心课程：软件工程、操作系统、机器学习、数据结构","【中软科技有限公司】 Python开发工程师（实习）
2021年8月 - 至今
    · 对接产品、测试团队，跟进需求落地与缺陷修复
    · 承担分配模块的编码、测试与优化工作，保障系统稳定运行","■ 自动化办公脚本
  项目目标：批量处理Excel表格数据
  个人职责：实现数据合并、格式转换、自动统计
  项目成果：提升人工效率80%

■ 简单爬虫脚本开发
  项目目标：爬取公开网站数据并入库
  个人职责：负责反爬处理、数据清洗、SQLite存储
  项目成果：日均采集数据1万条","专业技能：Redis、FastAPI、Git、Flask
相关证书：计算机一级",有实习经验，熟悉开发基本流程，具备基础的项目实践能力；学习能力强，能够快速上手新业务新技术；工作踏实，责任心强，善于沟通协作，能够高效完成分配的工作任务。,专科 计算机科学与技术 应届 毕业生 Python 开发 工程师 实习 Django 技术 实习 项目 开发 代码 规范 协作 上手 业务 正式 入职 发展,自动化 办公 脚本 批量 处理 Excel 表格 数据 数据 合并 格式 转换 自动 统计 人工效率 简单 爬虫 脚本 开发 爬取 公开 网站 数据 入库 反爬 处理 数据 清洗 SQL ite 存储 日均 采集 数据 万条,中软 科技 Python 开发 工程师 实习 至今 对接 产品 测试 跟进 需求 落地 缺陷 修复 分配 模块 编码 测试 保障系统 稳定 运行,实习 开发 基本 流程 项目 实践 上手 业务 技术 责任心 善于 协作 高效 分配,Redis FastAPI Git Flask 计算机一级,Redis、FastAPI、Git、Flask,计算机一级
罗浩然,男,18725016527,luohaoran60@qq.com,wx_luohaoran_190,南京,"期望岗位：运维工程师
期望城市：南京
期望行业：互联网/信息技术/软件服务
期望薪资：7000-12000元",1年运维工程师工作经验，精通Zabbix、Kubernetes技术栈，参与过完整项目迭代，能够独立完成模块开发与问题排查，注重代码质量与开发效率，具备良好的沟通协作能力。,"福建农林大学 | 计算机科学与技术 | 本科
毕业时间：2021年6月
核心课程：Python编程、机器学习、软件工程、数字信号处理","【vivo（东莞）】 运维工程师
2025年9月 - 至今
    · 编写开发文档，沉淀技术规范，协助新人熟悉业务
    · 承担分配模块的编码、测试与优化工作，保障系统稳定运行
    · 负责公司运维工程师相关业务的开发与维护，参与需求评审","■ CI/CD自动化流水线
  项目目标：实现代码自动化构建、测试、部署，提升发布效率
  个人职责：基于Jenkins搭建持续集成流水线，配置Docker容器化部署
  项目成果：发布周期从每周1次提升至每天3次，部署失误率降为0

■ 服务器集群运维优化
  项目目标：提升服务器集群稳定性，降低故障发生率
  个人职责：负责日常巡检、故障排查，优化监控告警规则与分级策略
  项目成果：服务器故障率下降60%，平均故障响应时间缩短至15分钟","专业技能：Ansible、Prometheus、Nginx、Kubernetes、Redis、Zabbix
相关证书：PMP项目管理专业人士",拥有1年实际工作经验，技术功底扎实，熟悉完整开发流程；具备较强的问题解决能力，能够独立排查并解决常见技术问题；工作认真负责，注重团队协作，能够高效推进项目落地；持续学习，保持技术敏感度。,运维 工程师 Zabbix Kubernetes 技术 完整 项目 迭代 独立 模块 开发 排查 代码 质量 开发 效率 协作,CI CD 自动化 流水线 代码 自动化 构建 测试 部署 发布 效率 基于 Jenkins 搭建 持续 集成 流水线 配置 Docker 容器 部署 发布 周期 每周 每天 部署 失误 降为 服务器 集群 运维 服务器 集群 稳定性 降低 故障 发生率 巡检 故障 排查 监控 告警 规则 分级 策略 服务器 故障率 下降 平均 故障 响应 时间 缩短 分钟,vivo 东莞 运维 工程师 至今 编写 开发 文档 沉淀 技术规范 新人 熟悉业务 分配 模块 编码 测试 保障系统 稳定 运行 运维 工程师 业务 开发 维护 需求 评审,实际 技术 功底 完整 开发 流程 独立 排查 常见 技术 认真负责 协作 高效 推进 项目 落地 持续 保持 技术 敏感度,Ansible Prometheus Nginx Kubernetes Redis Zabbix PMP项目管理专业人士,Ansible、Prometheus、Nginx、Kubernetes、Redis、Zabbix,PMP项目管理专业人士
孔军,男,15978764878,kongjun635@126.com,wx_kongjun_602,漳州,"期望岗位：算法工程师
期望城市：漳州
期望行业：互联网/信息技术/软件服务
期望薪资：19500-20000元",5年算法工程师从业经验，精通SQL技术架构，主导过中型项目从0到1落地，擅长技术方案设计与性能优化，曾推动核心模块技术重构，带来显著效率提升，具备跨部门协作与项目推进能力。,"广东轻工职业技术学院 | 软件技术 | 专科
毕业时间：2017年6月
核心课程：算法设计与分析、机器学习、数字信号处理、数据结构","【恒信数据技术有限公司】 算法工程师
2025年6月 - 至今
    · 承担分配模块的编码、测试与优化工作，保障系统稳定运行
    · 负责公司算法工程师相关业务的开发与维护，参与需求评审

【博思互联网科技有限公司】 算法工程师
2024年1月 - 2025年7月
    · 编写开发文档，沉淀技术规范，协助新人熟悉业务
    · 对接产品、测试团队，跟进需求落地与缺陷修复
    · 负责公司算法工程师相关业务的开发与维护，参与需求评审

【通元网络科技有限公司】 算法工程师
2023年5月 - 2024年7月
    · 承担分配模块的编码、测试与优化工作，保障系统稳定运行
    · 编写开发文档，沉淀技术规范，协助新人熟悉业务","■ 个性化推荐系统
  项目目标：提升内容推荐精准度，增加用户停留时长
  个人职责：负责协同过滤、深度学习推荐模型开发与离线优化
  项目成果：用户平均停留时长提升25%，点击率提升15%

■ 风控欺诈识别模型
  项目目标：识别交易欺诈行为，降低资金损失风险
  个人职责：特征工程，构建XGBoost风控模型，在线部署与迭代
  项目成果：欺诈识别准确率达92%，每年减少损失超200万","专业技能：SQL、Python、机器学习、TensorFlow、深度学习、NLP、推荐算法
相关证书：计算机二级",拥有5年行业经验，技术视野开阔，具备方案设计与项目把控能力；逻辑清晰，善于定位并解决复杂技术问题；具备良好的团队管理与跨部门沟通能力，能够推动技术优化与业务落地；责任心强，追求技术与业务的平衡发展。,算法 工程师 从业 SQL 技术 架构 主导 中型 项目 落地 擅长 技术 方案设计 性能 推动 核心 模块 技术 重构 带来 显著 效率 跨部门 协作 项目 推进,个性化 推荐 系统 推荐 精准度 增加 用户 停留 时长 协同 过滤 深度学习 推荐 模型 开发 离线 用户 平均 停留 时长 点击率 风控 欺诈 识别 模型 识别 交易 欺诈 行为 降低 资金 损失 风险 特征工程 构建 XGBoost 风控 模型 在线 部署 迭代 欺诈 识别 准确率 每年 减少 损失,恒信 数据 技术 算法 工程师 至今 分配 模块 编码 测试 保障系统 稳定 运行 算法 工程师 业务 开发 维护 需求 评审 博思 互联网 科技 算法 工程师 编写 开发 文档 沉淀 技术规范 新人 熟悉业务 对接 产品 测试 跟进 需求 落地 缺陷 修复 算法 工程师 业务 开发 维护 需求 评审 通元 网络科技 算法 工程师 分配 模块 编码 测试 保障系统 稳定 运行 编写 开发 文档 沉淀 技术规范 新人 熟悉业务,技术 视野 开阔 方案设计 项目 逻辑 清晰 善于 定位 复杂 技术 管理 跨部门 推动 技术 业务 落地 责任心 追求 技术 业务 平衡 发展,SQL Python 机器学习 TensorFlow 深度学习 NLP 推荐算法 计算机二级,SQL、Python、机器学习、TensorFlow、深度学习、NLP、推荐算法,计算机二级
史凯,男,18285431470,shikai054@163.com,wx_shikai_434,龙岩,"期望岗位：数据分析师
期望城市：龙岩
期望行业：互联网/信息技术/软件服务
期望薪资：6000-9000元",1年数据分析师工作经验，精通统计学、Tableau技术栈，参与过完整项目迭代，能够独立完成模块开发与问题排查，注重代码质量与开发效率，具备良好的沟通协作能力。,"厦门海洋职业技术学院 | 计算机应用技术 | 专科
毕业时间：2021年6月
核心课程：数据库原理、操作系统、数据结构、算法设计与分析","【智联数据技术有限公司】 数据分析师
2025年7月 - 至今
    · 承担分配模块的编码、测试与优化工作，保障系统稳定运行
    · 对接产品、测试团队，跟进需求落地与缺陷修复","■ 用户行为分析看板
  项目目标：构建用户行为数据体系，支撑运营决策
  个人职责：负责数据清洗、指标体系搭建，输出可视化运营报表
  项目成果：输出15+核心运营指标，支撑每月3次运营优化，用户留存率提升8%

■ 销售数据预测建模
  项目目标：基于历史数据预测销量，指导库存与备货
  个人职责：数据预处理，构建时间序列预测模型，输出月度预测报告
  项目成果：预测准确率达89%，库存周转效率提升25%","专业技能：Python、Pandas、MySQL、用户分析、统计学、Power BI、数据可视化、Tableau、SQL
相关证书：华为HCIA认证",拥有1年实际工作经验，技术功底扎实，熟悉完整开发流程；具备较强的问题解决能力，能够独立排查并解决常见技术问题；工作认真负责，注重团队协作，能够高效推进项目落地；持续学习，保持技术敏感度。,数据 分析师 统计学 Tableau 技术 完整 项目 迭代 独立 模块 开发 排查 代码 质量 开发 效率 协作,用户 行为 分析 看板 构建 用户 行为 数据 体系 支撑 运营 决策 数据 清洗 指标体系 搭建 可视化 运营 报表 核心 运营 指标 支撑 每月 运营 用户 留存 销售 数据 预测 建模 基于 历史数据 预测 销量 指导 库存 备货 数据 预处理 构建 时间 序列 预测 模型 月度 预测 报告 预测 准确率 库存 周转 效率,智联 数据 技术 数据 分析师 至今 分配 模块 编码 测试 保障系统 稳定 运行 对接 产品 测试 跟进 需求 落地 缺陷 修复,实际 技术 功底 完整 开发 流程 独立 排查 常见 技术 认真负责 协作 高效 推进 项目 落地 持续 保持 技术 敏感度,Python Pandas MySQL 用户分析 统计学 Power BI 数据可视化 Tableau SQL 华为HCIA认证,Python、Pandas、MySQL、用户分析、统计学、Power BI、数据可视化、Tableau、SQL,华为HCIA认证
廖梓轩,男,15083752801,liao梓xuan3040@qq.com,15667324534,南京,"期望岗位：软件测试工程师
期望城市：南京
期望行业：互联网/信息技术/软件服务
期望薪资：5000-6000元",本科数字媒体技术专业应届毕业生，掌握Postman、性能测试基础技能，完成过课程设计与毕业项目，具备基础代码编写能力与问题排查思路，学习能力强，做事认真踏实，期望从事软件测试工程师相关工作。,"浙江万里学院 | 数字媒体技术 | 本科
毕业时间：2022年6月
核心课程：数据库原理、数据结构、Java程序设计、操作系统","【校园实践】
    · 参与学校计算机协会技术部，负责协会网站日常维护
    · 协助老师完成实验室设备管理与系统环境搭建
    · 参与班级课程设计小组，担任后端开发角色","■ 学生管理系统功能测试
  项目目标：对课程设计系统进行功能测试与缺陷提交
  个人职责：设计测试用例，执行黑盒测试
  项目成果：发现并提交8个功能缺陷","专业技能：Postman、接口测试、TestNG、缺陷管理、功能测试、Selenium、Appium
相关证书：软考中级",应届毕业，具备扎实的专业基础知识与学习能力，能够快速掌握新技术；工作态度认真负责，有耐心，注重细节；具备良好的团队意识与沟通能力，能够积极配合团队完成任务；期望在工作中积累经验，快速成长。,本科 数字媒体技术 应届 毕业生 Postman 性能测试 课程设计 项目 代码 编写 排查 软件测试 工程师,学生 管理系统 功能测试 课程设计 系统 功能测试 缺陷 提交 测试用例 执行 黑盒 测试 发现 提交 功能 缺陷,学校 计算机 协会 技术部 协会 网站 维护 老师 实验室 设备 管理 系统 环境 搭建 班级 课程设计 小组 后端 开发 角色,应届 基础知识 技术 认真负责,Postman 接口测试 TestNG 缺陷管理 功能测试 Selenium Appium 软考中级,Postman、接口测试、TestNG、缺陷管理、功能测试、Selenium、Appium,软考中级
黎宇,男,13075306924,liyu078@gmail.com,wx_liyu_367,龙岩,"期望岗位：后端开发工程师
期望城市：龙岩
期望行业：互联网/信息技术/软件服务
期望薪资：6000-12000元",1年后端开发工程师工作经验，精通K8s、微服务技术栈，参与过完整项目迭代，能够独立完成模块开发与问题排查，注重代码质量与开发效率，具备良好的沟通协作能力。,"东莞理工学院 | 软件技术 | 本科
毕业时间：2021年6月
核心课程：数字信号处理、操作系统、计算机网络、Java程序设计","【中软网络科技有限公司】 后端开发工程师
2025年4月 - 至今
    · 编写开发文档，沉淀技术规范，协助新人熟悉业务
    · 负责公司后端开发工程师相关业务的开发与维护，参与需求评审","■ 即时通讯服务开发
  项目目标：实现企业内部IM系统后端消息推送与存储
  个人职责：负责消息队列、离线消息、会话管理模块开发
  项目成果：支持万人同时在线，消息送达延迟低于100ms

■ 内容管理系统后端
  项目目标：搭建CMS系统后端服务，支持多站点内容发布
  个人职责：负责文章、栏目、权限模块接口开发，设计数据库表结构
  项目成果：支撑8个站点同时运营，内容发布效率提升3倍","专业技能：Kafka、SpringBoot、K8s、Go、Gin、Redis
相关证书：华为HCIA认证",拥有1年实际工作经验，技术功底扎实，熟悉完整开发流程；具备较强的问题解决能力，能够独立排查并解决常见技术问题；工作认真负责，注重团队协作，能够高效推进项目落地；持续学习，保持技术敏感度。,年后 开发 工程师 K8s 微服务 技术 完整 项目 迭代 独立 模块 开发 排查 代码 质量 开发 效率 协作,即时通讯 服务 开发 企业 内部 IM 系统 后端 消息 推送 存储 消息 队列 离线 消息 会话 管理 模块 开发 万人 同时在线 消息 送达 延迟 低于 100ms 管理系统 后端 搭建 CMS 系统 后端 服务 站点 发布 文章 栏目 权限 模块接口 开发 数据库 结构 支撑 站点 运营 发布 效率,中软 网络科技 后端 开发 工程师 至今 编写 开发 文档 沉淀 技术规范 新人 熟悉业务 后端 开发 工程师 业务 开发 维护 需求 评审,实际 技术 功底 完整 开发 流程 独立 排查 常见 技术 认真负责 协作 高效 推进 项目 落地 持续 保持 技术 敏感度,Kafka SpringBoot K8s Go Gin Redis 华为HCIA认证,Kafka、SpringBoot、K8s、Go、Gin、Redis,华为HCIA认证
宋倩,女,15224007204,songqian91@qq.com,13596390002,阜阳,"期望岗位：后端开发工程师
期望城市：阜阳
期望行业：互联网/信息技术/软件服务
期望薪资：5500-6000元",本科物联网工程专业应届毕业生，掌握Docker、微服务基础技能，完成过课程设计与毕业项目，具备基础代码编写能力与问题排查思路，学习能力强，做事认真踏实，期望从事后端开发工程师相关工作。,"厦门理工学院 | 物联网工程 | 本科
毕业时间：2022年6月
核心课程：操作系统、Python编程、机器学习、计算机网络","【校园实践】
    · 参与学校计算机协会技术部，负责协会网站日常维护
    · 协助老师完成实验室设备管理与系统环境搭建
    · 参与班级课程设计小组，担任后端开发角色","■ 图书管理系统后端
  项目目标：实现图书借阅、归还、用户管理功能
  个人职责：负责接口开发与数据库表结构设计
  项目成果：完成核心功能，支持1000条数据量","专业技能：K8s、PostgreSQL、MySQL、Gin、微服务
相关证书：计算机一级",应届毕业，具备扎实的专业基础知识与学习能力，能够快速掌握新技术；工作态度认真负责，有耐心，注重细节；具备良好的团队意识与沟通能力，能够积极配合团队完成任务；期望在工作中积累经验，快速成长。,本科 物联网工程 应届 毕业生 Docker 微服务 课程设计 项目 代码 编写 排查 后端 开发 工程师,图书 管理系统 后端 图书 借阅 归还 用户 管理 功能 接口 开发 数据库 结构设计 核心 功能 数据量,学校 计算机 协会 技术部 协会 网站 维护 老师 实验室 设备 管理 系统 环境 搭建 班级 课程设计 小组 后端 开发 角色,应届 基础知识 技术 认真负责,K8s PostgreSQL MySQL Gin 微服务 计算机一级,K8s、PostgreSQL、MySQL、Gin、微服务,计算机一级
杜若曦,女,15019987362,du若xi8954@126.com,wx_du若xi_999,厦门,"期望岗位：数据分析师
期望城市：厦门
期望行业：互联网/信息技术/软件服务
期望薪资：18500-19000元",5年数据分析师从业经验，精通MySQL技术架构，主导过中型项目从0到1落地，擅长技术方案设计与性能优化，曾推动核心模块技术重构，带来显著效率提升，具备跨部门协作与项目推进能力。,"苏州科技大学 | 数据科学与大数据技术 | 本科
毕业时间：2017年6月
核心课程：机器学习、数字信号处理、数据库原理、软件工程","【网易（杭州）】 数据分析师
2025年8月 - 至今
    · 对接产品、测试团队，跟进需求落地与缺陷修复
    · 承担分配模块的编码、测试与优化工作，保障系统稳定运行

【天擎软件有限公司】 数据分析师
2024年5月 - 2025年9月
    · 编写开发文档，沉淀技术规范，协助新人熟悉业务
    · 对接产品、测试团队，跟进需求落地与缺陷修复

【用友科技有限公司】 数据分析师
2023年8月 - 2024年3月
    · 承担分配模块的编码、测试与优化工作，保障系统稳定运行
    · 对接产品、测试团队，跟进需求落地与缺陷修复","■ 销售数据预测建模
  项目目标：基于历史数据预测销量，指导库存与备货
  个人职责：数据预处理，构建时间序列预测模型，输出月度预测报告
  项目成果：预测准确率达89%，库存周转效率提升25%

■ 用户行为分析看板
  项目目标：构建用户行为数据体系，支撑运营决策
  个人职责：负责数据清洗、指标体系搭建，输出可视化运营报表
  项目成果：输出15+核心运营指标，支撑每月3次运营优化，用户留存率提升8%","专业技能：NumPy、Power BI、Python、Hive、Pandas、统计学、MySQL、用户分析、Excel、SQL
相关证书：无",拥有5年行业经验，技术视野开阔，具备方案设计与项目把控能力；逻辑清晰，善于定位并解决复杂技术问题；具备良好的团队管理与跨部门沟通能力，能够推动技术优化与业务落地；责任心强，追求技术与业务的平衡发展。,数据 分析师 从业 MySQL 技术 架构 主导 中型 项目 落地 擅长 技术 方案设计 性能 推动 核心 模块 技术 重构 带来 显著 效率 跨部门 协作 项目 推进,销售 数据 预测 建模 基于 历史数据 预测 销量 指导 库存 备货 数据 预处理 构建 时间 序列 预测 模型 月度 预测 报告 预测 准确率 库存 周转 效率 用户 行为 分析 看板 构建 用户 行为 数据 体系 支撑 运营 决策 数据 清洗 指标体系 搭建 可视化 运营 报表 核心 运营 指标 支撑 每月 运营 用户 留存,网易 杭州 数据 分析师 至今 对接 产品 测试 跟进 需求 落地 缺陷 修复 分配 模块 编码 测试 保障系统 稳定 运行 天擎 软件 数据 分析师 编写 开发 文档 沉淀 技术规范 新人 熟悉业务 对接 产品 测试 跟进 需求 落地 缺陷 修复 用友 科技 数据 分析师 分配 模块 编码 测试 保障系统 稳定 运行 对接 产品 测试 跟进 需求 落地 缺陷 修复,技术 视野 开阔 方案设计 项目 逻辑 清晰 善于 定位 复杂 技术 管理 跨部门 推动 技术 业务 落地 责任心 追求 技术 业务 平衡 发展,NumPy Power BI Python Hive Pandas 统计学 MySQL 用户分析 Excel SQL,NumPy、Power BI、Python、Hive、Pandas、统计学、MySQL、用户分析、Excel、SQL,
曾凯,男,13854693575,zengkai6421@163.com,wx_zengkai_753,福州,"期望岗位：算法工程师
期望城市：福州
期望行业：互联网/信息技术/软件服务
期望薪资：7000-10500元",1年算法工程师工作经验，精通算法优化、机器学习技术栈，参与过完整项目迭代，能够独立完成模块开发与问题排查，注重代码质量与开发效率，具备良好的沟通协作能力。,"苏州科技大学 | 计算机应用技术 | 本科
毕业时间：2021年6月
核心课程：Python编程、操作系统、机器学习、数字信号处理","【金蝶数据技术有限公司】 算法工程师
2025年9月 - 至今
    · 承担分配模块的编码、测试与优化工作，保障系统稳定运行
    · 对接产品、测试团队，跟进需求落地与缺陷修复","■ 个性化推荐系统
  项目目标：提升内容推荐精准度，增加用户停留时长
  个人职责：负责协同过滤、深度学习推荐模型开发与离线优化
  项目成果：用户平均停留时长提升25%，点击率提升15%

■ 风控欺诈识别模型
  项目目标：识别交易欺诈行为，降低资金损失风险
  个人职责：特征工程，构建XGBoost风控模型，在线部署与迭代
  项目成果：欺诈识别准确率达92%，每年减少损失超200万","专业技能：PyTorch、深度学习、数据结构、TensorFlow、SQL、计算机视觉、推荐算法、算法优化
相关证书：无",拥有1年实际工作经验，技术功底扎实，熟悉完整开发流程；具备较强的问题解决能力，能够独立排查并解决常见技术问题；工作认真负责，注重团队协作，能够高效推进项目落地；持续学习，保持技术敏感度。,算法 工程师 算法优化 机器学习 技术 完整 项目 迭代 独立 模块 开发 排查 代码 质量 开发 效率 协作,个性化 推荐 系统 推荐 精准度 增加 用户 停留 时长 协同 过滤 深度学习 推荐 模型 开发 离线 用户 平均 停留 时长 点击率 风控 欺诈 识别 模型 识别 交易 欺诈 行为 降低 资金 损失 风险 特征工程 构建 XGBoost 风控 模型 在线 部署 迭代 欺诈 识别 准确率 每年 减少 损失,金蝶 数据 技术 算法 工程师 至今 分配 模块 编码 测试 保障系统 稳定 运行 对接 产品 测试 跟进 需求 落地 缺陷 修复,实际 技术 功底 完整 开发 流程 独立 排查 常见 技术 认真负责 协作 高效 推进 项目 落地 持续 保持 技术 敏感度,PyTorch 深度学习 数据结构 TensorFlow SQL 计算机视觉 推荐算法 算法优化,PyTorch、深度学习、数据结构、TensorFlow、SQL、计算机视觉、推荐算法、算法优化,
韩洋,男,18775111904,hanyang479@gmail.com,13815910214,镇江,"期望岗位：前端开发工程师
期望城市：镇江
期望行业：互联网/信息技术/软件服务
期望薪资：19500-20000元",4年前端开发工程师从业经验，精通Vue技术架构，主导过中型项目从0到1落地，擅长技术方案设计与性能优化，曾推动核心模块技术重构，带来显著效率提升，具备跨部门协作与项目推进能力。,"苏州大学 | 物联网工程 | 本科
毕业时间：2018年6月
核心课程：计算机网络、软件工程、Java程序设计、算法设计与分析","【美图公司】 前端开发工程师
2024年12月 - 至今
    · 承担分配模块的编码、测试与优化工作，保障系统稳定运行
    · 编写开发文档，沉淀技术规范，协助新人熟悉业务

【安硕数据技术有限公司】 前端开发工程师
2022年1月 - 2024年2月
    · 对接产品、测试团队，跟进需求落地与缺陷修复
    · 编写开发文档，沉淀技术规范，协助新人熟悉业务
    · 负责公司前端开发工程师相关业务的开发与维护，参与需求评审","■ 电商平台前端重构
  项目目标：升级旧版电商系统前端架构，提升用户体验与加载速度
  个人职责：负责商品详情页、购物车模块开发，组件化封装公共组件
  项目成果：首屏加载时间从3.2s降至1.8s，页面转化率提升12%

■ 企业后台管理系统
  项目目标：搭建企业运营管理后台，实现业务数据可视化
  个人职责：负责权限管理、数据报表模块开发，对接后端接口联调
  项目成果：覆盖12个业务部门，运营效率提升40%","专业技能：Webpack、JavaScript、Vue、Element UI、React、Axios、移动端适配
相关证书：PMP项目管理专业人士、MySQL数据库认证",拥有4年行业经验，技术视野开阔，具备方案设计与项目把控能力；逻辑清晰，善于定位并解决复杂技术问题；具备良好的团队管理与跨部门沟通能力，能够推动技术优化与业务落地；责任心强，追求技术与业务的平衡发展。,前端开发 工程师 从业 Vue 技术 架构 主导 中型 项目 落地 擅长 技术 方案设计 性能 推动 核心 模块 技术 重构 带来 显著 效率 跨部门 协作 项目 推进,电商 平台 前端 重构 升级 旧版 电商 系统 前端 架构 用户 体验 加载 速度 商品 详情页 购物车 模块 开发 组件 封装 公共 组件 首屏 加载 时间 3.2 降至 1.8 页面 转化率 企业 后台 管理系统 搭建 企业 运营 管理 后台 业务 数据可视化 权限 管理 数据报表 模块 开发 对接 后端 接口 联调 覆盖 业务部门 运营 效率,美图 前端开发 工程师 至今 分配 模块 编码 测试 保障系统 稳定 运行 编写 开发 文档 沉淀 技术规范 新人 熟悉业务 安硕 数据 技术 前端开发 工程师 对接 产品 测试 跟进 需求 落地 缺陷 修复 编写 开发 文档 沉淀 技术规范 新人 熟悉业务 前端开发 工程师 业务 开发 维护 需求 评审,技术 视野 开阔 方案设计 项目 逻辑 清晰 善于 定位 复杂 技术 管理 跨部门 推动 技术 业务 落地 责任心 追求 技术 业务 平衡 发展,Webpack JavaScript Vue Element UI React Axios 移动端适配 PMP项目管理专业人士 MySQL数据库认证,Webpack、JavaScript、Vue、Element UI、React、Axios、移动端适配,PMP项目管理专业人士、MySQL数据库认证
于佳,女,13661208152,yujia5199@outlook.com,wx_yujia_914,莆田,"期望岗位：后端开发工程师
期望城市：莆田
期望行业：互联网/信息技术/软件服务
期望薪资：面议",5年后端开发工程师从业经验，精通Java技术架构，主导过中型项目从0到1落地，擅长技术方案设计与性能优化，曾推动核心模块技术重构，带来显著效率提升，具备跨部门协作与项目推进能力。,"福建农林大学 | 信息管理与信息系统 | 本科
毕业时间：2017年6月
核心课程：算法设计与分析、机器学习、软件工程、计算机网络","【携程（厦门）】 后端开发工程师
2025年12月 - 至今
    · 负责公司后端开发工程师相关业务的开发与维护，参与需求评审
    · 承担分配模块的编码、测试与优化工作，保障系统稳定运行

【东软信息技术有限公司】 后端开发工程师
2024年2月 - 2025年5月
    · 对接产品、测试团队，跟进需求落地与缺陷修复
    · 承担分配模块的编码、测试与优化工作，保障系统稳定运行
    · 负责公司后端开发工程师相关业务的开发与维护，参与需求评审

【中软科技有限公司】 后端开发工程师
2023年9月 - 2024年1月
    · 负责公司后端开发工程师相关业务的开发与维护，参与需求评审
    · 承担分配模块的编码、测试与优化工作，保障系统稳定运行","■ 即时通讯服务开发
  项目目标：实现企业内部IM系统后端消息推送与存储
  个人职责：负责消息队列、离线消息、会话管理模块开发
  项目成果：支持万人同时在线，消息送达延迟低于100ms

■ 内容管理系统后端
  项目目标：搭建CMS系统后端服务，支持多站点内容发布
  个人职责：负责文章、栏目、权限模块接口开发，设计数据库表结构
  项目成果：支撑8个站点同时运营，内容发布效率提升3倍","专业技能：SpringBoot、Go、Python、MySQL、Java、Docker
相关证书：软件设计师（中级）",拥有5年行业经验，技术视野开阔，具备方案设计与项目把控能力；逻辑清晰，善于定位并解决复杂技术问题；具备良好的团队管理与跨部门沟通能力，能够推动技术优化与业务落地；责任心强，追求技术与业务的平衡发展。,年后 开发 工程师 从业 Java 技术 架构 主导 中型 项目 落地 擅长 技术 方案设计 性能 推动 核心 模块 技术 重构 带来 显著 效率 跨部门 协作 项目 推进,即时通讯 服务 开发 企业 内部 IM 系统 后端 消息 推送 存储 消息 队列 离线 消息 会话 管理 模块 开发 万人 同时在线 消息 送达 延迟 低于 100ms 管理系统 后端 搭建 CMS 系统 后端 服务 站点 发布 文章 栏目 权限 模块接口 开发 数据库 结构 支撑 站点 运营 发布 效率,携程 厦门 后端 开发 工程师 至今 后端 开发 工程师 业务 开发 维护 需求 评审 分配 模块 编码 测试 保障系统 稳定 运行 东软 信息技术 后端 开发 工程师 对接 产品 测试 跟进 需求 落地 缺陷 修复 分配 模块 编码 测试 保障系统 稳定 运行 后端 开发 工程师 业务 开发 维护 需求 评审 中软 科技 后端 开发 工程师 后端 开发 工程师 业务 开发 维护 需求 评审 分配 模块 编码 测试 保障系统 稳定 运行,技术 视野 开阔 方案设计 项目 逻辑 清晰 善于 定位 复杂 技术 管理 跨部门 推动 技术 业务 落地 责任心 追求 技术 业务 平衡 发展,SpringBoot Go Python MySQL Java Docker 软件 设计师 中级,SpringBoot、Go、Python、MySQL、Java、Docker,软件设计师（中级）
陆婷,女,18456499422,luting105@126.com,18522618694,镇江,"期望岗位：运维工程师
期望城市：镇江
期望行业：互联网/信息技术/软件服务
期望薪资：面议",1年运维工程师工作经验，精通Kubernetes、Shell技术栈，参与过完整项目迭代，能够独立完成模块开发与问题排查，注重代码质量与开发效率，具备良好的沟通协作能力。,"南京工程学院 | 计算机科学与技术 | 本科
毕业时间：2021年6月
核心课程：Java程序设计、Python编程、数据结构、数字信号处理","【汇智网络科技有限公司】 运维工程师
2025年8月 - 至今
    · 编写开发文档，沉淀技术规范，协助新人熟悉业务
    · 承担分配模块的编码、测试与优化工作，保障系统稳定运行","■ CI/CD自动化流水线
  项目目标：实现代码自动化构建、测试、部署，提升发布效率
  个人职责：基于Jenkins搭建持续集成流水线，配置Docker容器化部署
  项目成果：发布周期从每周1次提升至每天3次，部署失误率降为0

■ 服务器集群运维优化
  项目目标：提升服务器集群稳定性，降低故障发生率
  个人职责：负责日常巡检、故障排查，优化监控告警规则与分级策略
  项目成果：服务器故障率下降60%，平均故障响应时间缩短至15分钟","专业技能：Jenkins、Kubernetes、Docker、Prometheus、MySQL、Shell、Nginx
相关证书：无",拥有1年实际工作经验，技术功底扎实，熟悉完整开发流程；具备较强的问题解决能力，能够独立排查并解决常见技术问题；工作认真负责，注重团队协作，能够高效推进项目落地；持续学习，保持技术敏感度。,运维 工程师 Kubernetes Shell 技术 完整 项目 迭代 独立 模块 开发 排查 代码 质量 开发 效率 协作,CI CD 自动化 流水线 代码 自动化 构建 测试 部署 发布 效率 基于 Jenkins 搭建 持续 集成 流水线 配置 Docker 容器 部署 发布 周期 每周 每天 部署 失误 降为 服务器 集群 运维 服务器 集群 稳定性 降低 故障 发生率 巡检 故障 排查 监控 告警 规则 分级 策略 服务器 故障率 下降 平均 故障 响应 时间 缩短 分钟,汇智 网络科技 运维 工程师 至今 编写 开发 文档 沉淀 技术规范 新人 熟悉业务 分配 模块 编码 测试 保障系统 稳定 运行,实际 技术 功底 完整 开发 流程 独立 排查 常见 技术 认真负责 协作 高效 推进 项目 落地 持续 保持 技术 敏感度,Jenkins Kubernetes Docker Prometheus MySQL Shell Nginx,Jenkins、Kubernetes、Docker、Prometheus、MySQL、Shell、Nginx,
邱强,男,15830265363,qiuqiang6117@gmail.com,13978484207,蚌埠,"期望岗位：后端开发工程师
期望城市：蚌埠
期望行业：互联网/信息技术/软件服务
期望薪资：9000-12000元",2年后端开发工程师工作经验，精通Kafka、Python技术栈，参与过完整项目迭代，能够独立完成模块开发与问题排查，注重代码质量与开发效率，具备良好的沟通协作能力。,"厦门理工学院 | 网络工程 | 本科
毕业时间：2020年6月
核心课程：算法设计与分析、软件工程、数字信号处理、计算机网络","【易联数据技术有限公司】 后端开发工程师
2025年4月 - 至今
    · 编写开发文档，沉淀技术规范，协助新人熟悉业务
    · 对接产品、测试团队，跟进需求落地与缺陷修复
    · 承担分配模块的编码、测试与优化工作，保障系统稳定运行

【金蝶数据技术有限公司】 后端开发工程师
2024年2月 - 2025年12月
    · 承担分配模块的编码、测试与优化工作，保障系统稳定运行
    · 对接产品、测试团队，跟进需求落地与缺陷修复
    · 编写开发文档，沉淀技术规范，协助新人熟悉业务","■ 即时通讯服务开发
  项目目标：实现企业内部IM系统后端消息推送与存储
  个人职责：负责消息队列、离线消息、会话管理模块开发
  项目成果：支持万人同时在线，消息送达延迟低于100ms

■ 内容管理系统后端
  项目目标：搭建CMS系统后端服务，支持多站点内容发布
  个人职责：负责文章、栏目、权限模块接口开发，设计数据库表结构
  项目成果：支撑8个站点同时运营，内容发布效率提升3倍","专业技能：Kafka、Java、微服务、Docker、SpringBoot、Python、PostgreSQL、Go、K8s、Redis
相关证书：红帽RHCE认证、软考中级、系统架构设计师",拥有2年实际工作经验，技术功底扎实，熟悉完整开发流程；具备较强的问题解决能力，能够独立排查并解决常见技术问题；工作认真负责，注重团队协作，能够高效推进项目落地；持续学习，保持技术敏感度。,年后 开发 工程师 Kafka Python 技术 完整 项目 迭代 独立 模块 开发 排查 代码 质量 开发 效率 协作,即时通讯 服务 开发 企业 内部 IM 系统 后端 消息 推送 存储 消息 队列 离线 消息 会话 管理 模块 开发 万人 同时在线 消息 送达 延迟 低于 100ms 管理系统 后端 搭建 CMS 系统 后端 服务 站点 发布 文章 栏目 权限 模块接口 开发 数据库 结构 支撑 站点 运营 发布 效率,易联 数据 技术 后端 开发 工程师 至今 编写 开发 文档 沉淀 技术规范 新人 熟悉业务 对接 产品 测试 跟进 需求 落地 缺陷 修复 分配 模块 编码 测试 保障系统 稳定 运行 金蝶 数据 技术 后端 开发 工程师 分配 模块 编码 测试 保障系统 稳定 运行 对接 产品 测试 跟进 需求 落地 缺陷 修复 编写 开发 文档 沉淀 技术规范 新人 熟悉业务,实际 技术 功底 完整 开发 流程 独立 排查 常见 技术 认真负责 协作 高效 推进 项目 落地 持续 保持 技术 敏感度,Kafka Java 微服务 Docker SpringBoot Python PostgreSQL Go K8s Redis 红帽RHCE认证 软考中级 系统架构设计师,Kafka、Java、微服务、Docker、SpringBoot、Python、PostgreSQL、Go、K8s、Redis,红帽RHCE认证、软考中级、系统架构设计师
罗刚,男,15780394494,luogang82@outlook.com,13480067502,福州,"期望岗位：数据分析师
期望城市：福州
期望行业：互联网/信息技术/软件服务
期望薪资：8000-11000元",1年数据分析师工作经验，精通统计学、数据可视化技术栈，参与过完整项目迭代，能够独立完成模块开发与问题排查，注重代码质量与开发效率，具备良好的沟通协作能力。,"华南理工大学 | 物联网工程 | 本科
毕业时间：2021年6月
核心课程：操作系统、算法设计与分析、Java程序设计、软件工程","【科创互联网科技有限公司】 数据分析师
2025年5月 - 至今
    · 承担分配模块的编码、测试与优化工作，保障系统稳定运行
    · 编写开发文档，沉淀技术规范，协助新人熟悉业务
    · 负责公司数据分析师相关业务的开发与维护，参与需求评审","■ 用户行为分析看板
  项目目标：构建用户行为数据体系，支撑运营决策
  个人职责：负责数据清洗、指标体系搭建，输出可视化运营报表
  项目成果：输出15+核心运营指标，支撑每月3次运营优化，用户留存率提升8%

■ 销售数据预测建模
  项目目标：基于历史数据预测销量，指导库存与备货
  个人职责：数据预处理，构建时间序列预测模型，输出月度预测报告
  项目成果：预测准确率达89%，库存周转效率提升25%","专业技能：Python、统计学、SQL、Pandas、Hive、Power BI、Tableau、MySQL、Excel
相关证书：软考中级",拥有1年实际工作经验，技术功底扎实，熟悉完整开发流程；具备较强的问题解决能力，能够独立排查并解决常见技术问题；工作认真负责，注重团队协作，能够高效推进项目落地；持续学习，保持技术敏感度。,数据 分析师 统计学 数据可视化 技术 完整 项目 迭代 独立 模块 开发 排查 代码 质量 开发 效率 协作,用户 行为 分析 看板 构建 用户 行为 数据 体系 支撑 运营 决策 数据 清洗 指标体系 搭建 可视化 运营 报表 核心 运营 指标 支撑 每月 运营 用户 留存 销售 数据 预测 建模 基于 历史数据 预测 销量 指导 库存 备货 数据 预处理 构建 时间 序列 预测 模型 月度 预测 报告 预测 准确率 库存 周转 效率,科创 互联网 科技 数据 分析师 至今 分配 模块 编码 测试 保障系统 稳定 运行 编写 开发 文档 沉淀 技术规范 新人 熟悉业务 数据 分析师 业务 开发 维护 需求 评审,实际 技术 功底 完整 开发 流程 独立 排查 常见 技术 认真负责 协作 高效 推进 项目 落地 持续 保持 技术 敏感度,Python 统计学 SQL Pandas Hive Power BI Tableau MySQL Excel 软考中级,Python、统计学、SQL、Pandas、Hive、Power BI、Tableau、MySQL、Excel,软考中级
崔紫涵,女,18278155218,cui紫han33@gmail.com,18760598825,金华,"期望岗位：Java开发工程师
期望城市：金华
期望行业：互联网/信息技术/软件服务
期望薪资：16000-17000元",4年Java开发工程师从业经验，精通Git技术架构，主导过中型项目从0到1落地，擅长技术方案设计与性能优化，曾推动核心模块技术重构，带来显著效率提升，具备跨部门协作与项目推进能力。,"深圳职业技术学院 | 计算机应用技术 | 专科
毕业时间：2018年6月
核心课程：计算机网络、软件工程、Java程序设计、数字信号处理","【科创网络科技有限公司】 Java开发工程师
2024年6月 - 至今
    · 对接产品、测试团队，跟进需求落地与缺陷修复
    · 承担分配模块的编码、测试与优化工作，保障系统稳定运行
    · 编写开发文档，沉淀技术规范，协助新人熟悉业务

【金蝶科技有限公司】 Java开发工程师
2022年1月 - 2024年11月
    · 负责公司Java开发工程师相关业务的开发与维护，参与需求评审
    · 编写开发文档，沉淀技术规范，协助新人熟悉业务","■ 电商订单交易系统
  项目目标：搭建高可用电商订单系统，支撑大促流量峰值
  个人职责：负责订单创建、支付回调、库存扣减核心逻辑开发
  项目成果：支撑日均订单量10万+，系统可用性达99.95%

■ 微服务用户中心重构
  项目目标：将单体用户系统拆分为微服务架构，提升并发承载能力
  个人职责：负责登录、注册、权限模块开发，优化数据库查询与缓存策略
  项目成果：支持并发量从500提升至5000，接口响应耗时减少60%","专业技能：RabbitMQ、Git、微服务、SpringBoot、MySQL、JVM调优、Linux、SpringCloud、Java、Docker
相关证书：无",拥有4年行业经验，技术视野开阔，具备方案设计与项目把控能力；逻辑清晰，善于定位并解决复杂技术问题；具备良好的团队管理与跨部门沟通能力，能够推动技术优化与业务落地；责任心强，追求技术与业务的平衡发展。,Java 开发 工程师 从业 Git 技术 架构 主导 中型 项目 落地 擅长 技术 方案设计 性能 推动 核心 模块 技术 重构 带来 显著 效率 跨部门 协作 项目 推进,电商 订单 交易系统 搭建 可用 电商 订单 系统 支撑 大促 流量 峰值 订单 创建 支付 回调 库存 扣减 核心 逻辑 开发 支撑 日均 订单 系统 可用性 微服务 用户 中心 重构 单体 用户 系统 分为 微服务 架构 并发 承载能力 登录 注册 权限 模块 开发 数据库 查询 缓存 策略 并发 接口 响应 耗时 减少,科创 网络科技 Java 开发 工程师 至今 对接 产品 测试 跟进 需求 落地 缺陷 修复 分配 模块 编码 测试 保障系统 稳定 运行 编写 开发 文档 沉淀 技术规范 新人 熟悉业务 金蝶 科技 Java 开发 工程师 Java 开发 工程师 业务 开发 维护 需求 评审 编写 开发 文档 沉淀 技术规范 新人 熟悉业务,技术 视野 开阔 方案设计 项目 逻辑 清晰 善于 定位 复杂 技术 管理 跨部门 推动 技术 业务 落地 责任心 追求 技术 业务 平衡 发展,RabbitMQ Git 微服务 SpringBoot MySQL JVM调优 Linux SpringCloud Java Docker,RabbitMQ、Git、微服务、SpringBoot、MySQL、JVM调优、Linux、SpringCloud、Java、Docker,
何勇,男,15754530775,heyong725@126.com,wx_heyong_975,滁州,"期望岗位：数据分析师
期望城市：滁州
期望行业：互联网/信息技术/软件服务
期望薪资：6000-10500元",1年数据分析师工作经验，精通数据可视化、Tableau技术栈，参与过完整项目迭代，能够独立完成模块开发与问题排查，注重代码质量与开发效率，具备良好的沟通协作能力。,"厦门大学 | 信息管理与信息系统 | 本科
毕业时间：2021年6月
核心课程：Java程序设计、数字信号处理、操作系统、计算机网络","【东软信息技术有限公司】 数据分析师
2025年12月 - 至今
    · 负责公司数据分析师相关业务的开发与维护，参与需求评审
    · 承担分配模块的编码、测试与优化工作，保障系统稳定运行
    · 对接产品、测试团队，跟进需求落地与缺陷修复","■ 销售数据预测建模
  项目目标：基于历史数据预测销量，指导库存与备货
  个人职责：数据预处理，构建时间序列预测模型，输出月度预测报告
  项目成果：预测准确率达89%，库存周转效率提升25%

■ 用户行为分析看板
  项目目标：构建用户行为数据体系，支撑运营决策
  个人职责：负责数据清洗、指标体系搭建，输出可视化运营报表
  项目成果：输出15+核心运营指标，支撑每月3次运营优化，用户留存率提升8%","专业技能：Python、Pandas、数据可视化、MySQL、Hive、NumPy
相关证书：华为HCIA认证",拥有1年实际工作经验，技术功底扎实，熟悉完整开发流程；具备较强的问题解决能力，能够独立排查并解决常见技术问题；工作认真负责，注重团队协作，能够高效推进项目落地；持续学习，保持技术敏感度。,数据 分析师 数据可视化 Tableau 技术 完整 项目 迭代 独立 模块 开发 排查 代码 质量 开发 效率 协作,销售 数据 预测 建模 基于 历史数据 预测 销量 指导 库存 备货 数据 预处理 构建 时间 序列 预测 模型 月度 预测 报告 预测 准确率 库存 周转 效率 用户 行为 分析 看板 构建 用户 行为 数据 体系 支撑 运营 决策 数据 清洗 指标体系 搭建 可视化 运营 报表 核心 运营 指标 支撑 每月 运营 用户 留存,东软 信息技术 数据 分析师 至今 数据 分析师 业务 开发 维护 需求 评审 分配 模块 编码 测试 保障系统 稳定 运行 对接 产品 测试 跟进 需求 落地 缺陷 修复,实际 技术 功底 完整 开发 流程 独立 排查 常见 技术 认真负责 协作 高效 推进 项目 落地 持续 保持 技术 敏感度,Python Pandas 数据可视化 MySQL Hive NumPy 华为HCIA认证,Python、Pandas、数据可视化、MySQL、Hive、NumPy,华为HCIA认证
严莉,女,13902439167,yanli66@163.com,13434402286,无锡,"期望岗位：Java开发工程师
期望城市：无锡
期望行业：互联网/信息技术/软件服务
期望薪资：11500-12000元",2年Java开发工程师工作经验，精通RabbitMQ、微服务技术栈，参与过完整项目迭代，能够独立完成模块开发与问题排查，注重代码质量与开发效率，具备良好的沟通协作能力。,"福建船政交通职业学院 | 信息管理与信息系统 | 专科
毕业时间：2020年6月
核心课程：算法设计与分析、数字信号处理、数据库原理、数据结构","【携程（厦门）】 Java开发工程师
2025年8月 - 至今
    · 负责公司Java开发工程师相关业务的开发与维护，参与需求评审
    · 编写开发文档，沉淀技术规范，协助新人熟悉业务
    · 对接产品、测试团队，跟进需求落地与缺陷修复

【恒信互联网科技有限公司】 Java开发工程师
2024年11月 - 2025年4月
    · 负责公司Java开发工程师相关业务的开发与维护，参与需求评审
    · 承担分配模块的编码、测试与优化工作，保障系统稳定运行","■ 微服务用户中心重构
  项目目标：将单体用户系统拆分为微服务架构，提升并发承载能力
  个人职责：负责登录、注册、权限模块开发，优化数据库查询与缓存策略
  项目成果：支持并发量从500提升至5000，接口响应耗时减少60%

■ 电商订单交易系统
  项目目标：搭建高可用电商订单系统，支撑大促流量峰值
  个人职责：负责订单创建、支付回调、库存扣减核心逻辑开发
  项目成果：支撑日均订单量10万+，系统可用性达99.95%","专业技能：Git、微服务、MyBatis、Linux、RabbitMQ、SpringCloud、JVM调优、Docker、SpringBoot
相关证书：无",拥有2年实际工作经验，技术功底扎实，熟悉完整开发流程；具备较强的问题解决能力，能够独立排查并解决常见技术问题；工作认真负责，注重团队协作，能够高效推进项目落地；持续学习，保持技术敏感度。,Java 开发 工程师 RabbitMQ 微服务 技术 完整 项目 迭代 独立 模块 开发 排查 代码 质量 开发 效率 协作,微服务 用户 中心 重构 单体 用户 系统 分为 微服务 架构 并发 承载能力 登录 注册 权限 模块 开发 数据库 查询 缓存 策略 并发 接口 响应 耗时 减少 电商 订单 交易系统 搭建 可用 电商 订单 系统 支撑 大促 流量 峰值 订单 创建 支付 回调 库存 扣减 核心 逻辑 开发 支撑 日均 订单 系统 可用性,携程 厦门 Java 开发 工程师 至今 Java 开发 工程师 业务 开发 维护 需求 评审 编写 开发 文档 沉淀 技术规范 新人 熟悉业务 对接 产品 测试 跟进 需求 落地 缺陷 修复 恒信 互联网 科技 Java 开发 工程师 Java 开发 工程师 业务 开发 维护 需求 评审 分配 模块 编码 测试 保障系统 稳定 运行,实际 技术 功底 完整 开发 流程 独立 排查 常见 技术 认真负责 协作 高效 推进 项目 落地 持续 保持 技术 敏感度,Git 微服务 MyBatis Linux RabbitMQ SpringCloud JVM调优 Docker SpringBoot,Git、微服务、MyBatis、Linux、RabbitMQ、SpringCloud、JVM调优、Docker、SpringBoot,
丁玲,女,15723226959,dingling57@qq.com,wx_dingling_492,马鞍山,"期望岗位：数据分析师
期望城市：马鞍山
期望行业：互联网/信息技术/软件服务
期望薪资：3500-4000元",专科数字媒体技术专业应届毕业生，掌握Excel、MySQL基础技能，完成过课程设计与毕业项目，具备基础代码编写能力与问题排查思路，学习能力强，做事认真踏实，期望从事数据分析师相关工作。,"福州职业技术学院 | 数字媒体技术 | 专科
毕业时间：2022年6月
核心课程：操作系统、Python编程、数据结构、算法设计与分析","【校园实践】
    · 参与学校计算机协会技术部，负责协会网站日常维护
    · 协助老师完成实验室设备管理与系统环境搭建
    · 参与班级课程设计小组，担任后端开发角色","■ 电商公开数据爬取分析
  项目目标：采集公开电商商品数据并分析
  个人职责：数据爬取、清洗、价格销量分析
  项目成果：输出可视化分析图表","专业技能：Power BI、Python、Pandas、NumPy
相关证书：英语四级、英语六级",应届毕业，具备扎实的专业基础知识与学习能力，能够快速掌握新技术；工作态度认真负责，有耐心，注重细节；具备良好的团队意识与沟通能力，能够积极配合团队完成任务；期望在工作中积累经验，快速成长。,专科 数字媒体技术 应届 毕业生 Excel MySQL 课程设计 项目 代码 编写 排查 数据 分析师,电商 公开 数据 爬取 分析 采集 公开 电商 商品 数据 分析 数据 爬取 清洗 价格 销量 分析 可视化 分析 图表,学校 计算机 协会 技术部 协会 网站 维护 老师 实验室 设备 管理 系统 环境 搭建 班级 课程设计 小组 后端 开发 角色,应届 基础知识 技术 认真负责,Power BI Python Pandas NumPy 英语四级 英语六级,Power BI、Python、Pandas、NumPy,英语四级、英语六级
杜勇,男,15640104727,duyong96@gmail.com,18167572777,泉州,"期望岗位：后端开发工程师
期望城市：泉州
期望行业：互联网/信息技术/软件服务
期望薪资：21000-27000元",5年后端开发工程师资深经验，精通全链路技术架构，具备团队技术规划与方案设计能力，主导过多个大型项目重构与升级，在高并发/系统稳定性领域有深厚积累，能够带领团队攻克技术难题，驱动业务技术升级。,"江西师范大学 | 物联网工程 | 本科
毕业时间：2017年6月
核心课程：Java程序设计、数字信号处理、Python编程、机器学习","【博思软件有限公司】 后端开发工程师
2025年9月 - 至今
    · 承担分配模块的编码、测试与优化工作，保障系统稳定运行
    · 编写开发文档，沉淀技术规范，协助新人熟悉业务
    · 负责公司后端开发工程师相关业务的开发与维护，参与需求评审

【微远科技有限公司】 后端开发工程师
2024年8月 - 2025年11月
    · 承担分配模块的编码、测试与优化工作，保障系统稳定运行
    · 编写开发文档，沉淀技术规范，协助新人熟悉业务

【中软数据技术有限公司】 后端开发工程师
2023年4月 - 2024年8月
    · 负责公司后端开发工程师相关业务的开发与维护，参与需求评审
    · 承担分配模块的编码、测试与优化工作，保障系统稳定运行","■ 即时通讯服务开发
  项目目标：实现企业内部IM系统后端消息推送与存储
  个人职责：负责消息队列、离线消息、会话管理模块开发
  项目成果：支持万人同时在线，消息送达延迟低于100ms

■ 内容管理系统后端
  项目目标：搭建CMS系统后端服务，支持多站点内容发布
  个人职责：负责文章、栏目、权限模块接口开发，设计数据库表结构
  项目成果：支撑8个站点同时运营，内容发布效率提升3倍","专业技能：Python、Go、Gin、微服务、Redis、K8s、PostgreSQL、Docker、SpringBoot、Kafka
相关证书：软考中级、MySQL数据库认证",拥有5年行业经验，技术视野开阔，具备方案设计与项目把控能力；逻辑清晰，善于定位并解决复杂技术问题；具备良好的团队管理与跨部门沟通能力，能够推动技术优化与业务落地；责任心强，追求技术与业务的平衡发展。,年后 开发 工程师 资深 链路 技术 架构 技术 规划 方案设计 主导 多个 大型项目 重构 升级 并发 系统 稳定性 领域 深厚 带领 攻克 技术难题 驱动 业务 技术升级,即时通讯 服务 开发 企业 内部 IM 系统 后端 消息 推送 存储 消息 队列 离线 消息 会话 管理 模块 开发 万人 同时在线 消息 送达 延迟 低于 100ms 管理系统 后端 搭建 CMS 系统 后端 服务 站点 发布 文章 栏目 权限 模块接口 开发 数据库 结构 支撑 站点 运营 发布 效率,博思 软件 后端 开发 工程师 至今 分配 模块 编码 测试 保障系统 稳定 运行 编写 开发 文档 沉淀 技术规范 新人 熟悉业务 后端 开发 工程师 业务 开发 维护 需求 评审 微远 科技 后端 开发 工程师 分配 模块 编码 测试 保障系统 稳定 运行 编写 开发 文档 沉淀 技术规范 新人 熟悉业务 中软 数据 技术 后端 开发 工程师 后端 开发 工程师 业务 开发 维护 需求 评审 分配 模块 编码 测试 保障系统 稳定 运行,技术 视野 开阔 方案设计 项目 逻辑 清晰 善于 定位 复杂 技术 管理 跨部门 推动 技术 业务 落地 责任心 追求 技术 业务 平衡 发展,Python Go Gin 微服务 Redis K8s PostgreSQL Docker SpringBoot Kafka 软考中级 MySQL数据库认证,Python、Go、Gin、微服务、Redis、K8s、PostgreSQL、Docker、SpringBoot、Kafka,软考中级、MySQL数据库认证
吴华,男,18083495256,wuhua850@163.com,wx_wuhua_601,温州,"期望岗位：前端开发工程师
期望城市：温州
期望行业：互联网/信息技术/软件服务
期望薪资：19500-20000元",3年前端开发工程师从业经验，精通Element UI技术架构，主导过中型项目从0到1落地，擅长技术方案设计与性能优化，曾推动核心模块技术重构，带来显著效率提升，具备跨部门协作与项目推进能力。,"东莞理工学院 | 网络工程 | 本科
毕业时间：2019年6月
核心课程：数字信号处理、机器学习、Java程序设计、Python编程","【星图数据技术有限公司】 前端开发工程师
2025年9月 - 至今
    · 编写开发文档，沉淀技术规范，协助新人熟悉业务
    · 承担分配模块的编码、测试与优化工作，保障系统稳定运行
    · 负责公司前端开发工程师相关业务的开发与维护，参与需求评审

【恒信网络科技有限公司】 前端开发工程师
2024年5月 - 2025年4月
    · 负责公司前端开发工程师相关业务的开发与维护，参与需求评审
    · 承担分配模块的编码、测试与优化工作，保障系统稳定运行
    · 编写开发文档，沉淀技术规范，协助新人熟悉业务","■ 电商平台前端重构
  项目目标：升级旧版电商系统前端架构，提升用户体验与加载速度
  个人职责：负责商品详情页、购物车模块开发，组件化封装公共组件
  项目成果：首屏加载时间从3.2s降至1.8s，页面转化率提升12%

■ 企业后台管理系统
  项目目标：搭建企业运营管理后台，实现业务数据可视化
  个人职责：负责权限管理、数据报表模块开发，对接后端接口联调
  项目成果：覆盖12个业务部门，运营效率提升40%","专业技能：CSS3、Vite、React、Vue、Element UI、Webpack
相关证书：MySQL数据库认证、阿里云ACP云计算认证、计算机一级",拥有3年行业经验，技术视野开阔，具备方案设计与项目把控能力；逻辑清晰，善于定位并解决复杂技术问题；具备良好的团队管理与跨部门沟通能力，能够推动技术优化与业务落地；责任心强，追求技术与业务的平衡发展。,前端开发 工程师 从业 Element UI 技术 架构 主导 中型 项目 落地 擅长 技术 方案设计 性能 推动 核心 模块 技术 重构 带来 显著 效率 跨部门 协作 项目 推进,电商 平台 前端 重构 升级 旧版 电商 系统 前端 架构 用户 体验 加载 速度 商品 详情页 购物车 模块 开发 组件 封装 公共 组件 首屏 加载 时间 3.2 降至 1.8 页面 转化率 企业 后台 管理系统 搭建 企业 运营 管理 后台 业务 数据可视化 权限 管理 数据报表 模块 开发 对接 后端 接口 联调 覆盖 业务部门 运营 效率,星图 数据 技术 前端开发 工程师 至今 编写 开发 文档 沉淀 技术规范 新人 熟悉业务 分配 模块 编码 测试 保障系统 稳定 运行 前端开发 工程师 业务 开发 维护 需求 评审 恒信 网络科技 前端开发 工程师 前端开发 工程师 业务 开发 维护 需求 评审 分配 模块 编码 测试 保障系统 稳定 运行 编写 开发 文档 沉淀 技术规范 新人 熟悉业务,技术 视野 开阔 方案设计 项目 逻辑 清晰 善于 定位 复杂 技术 管理 跨部门 推动 技术 业务 落地 责任心 追求 技术 业务 平衡 发展,CSS3 Vite React Vue Element UI Webpack MySQL数据库认证 阿里云ACP云计算认证 计算机一级,CSS3、Vite、React、Vue、Element UI、Webpack,MySQL数据库认证、阿里云ACP云计算认证、计算机一级
方华,男,13544653475,fanghua46@126.com,wx_fanghua_398,扬州,"期望岗位：前端开发工程师
期望城市：扬州
期望行业：互联网/信息技术/软件服务
期望薪资：面议",专科数据科学与大数据技术专业应届毕业生，掌握Ant Design、JavaScript基础技能，完成过课程设计与毕业项目，具备基础代码编写能力与问题排查思路，学习能力强，做事认真踏实，期望从事前端开发工程师相关工作。,"福建船政交通职业学院 | 数据科学与大数据技术 | 专科
毕业时间：2022年6月
核心课程：计算机网络、数据结构、机器学习、数字信号处理","【校园实践】
    · 参与学校计算机协会技术部，负责协会网站日常维护
    · 协助老师完成实验室设备管理与系统环境搭建
    · 参与班级课程设计小组，担任后端开发角色","■ 个人博客系统（课程作业）
  项目目标：开发个人博客前端页面，实现文章展示与评论
  个人职责：负责页面布局、交互效果、接口联调
  项目成果：完成响应式页面，兼容多浏览器","专业技能：Vite、React、Axios、JavaScript
相关证书：计算机一级、系统架构设计师",应届毕业，具备扎实的专业基础知识与学习能力，能够快速掌握新技术；工作态度认真负责，有耐心，注重细节；具备良好的团队意识与沟通能力，能够积极配合团队完成任务；期望在工作中积累经验，快速成长。,专科 数据科学与大数据技术 应届 毕业生 Ant Design JavaScript 课程设计 项目 代码 编写 排查 前端开发 工程师,博客 系统 作业 开发 博客 前端 页面 文章 展示 评论 页面 布局 交互 效果 接口 联调 响应 页面 兼容 浏览器,学校 计算机 协会 技术部 协会 网站 维护 老师 实验室 设备 管理 系统 环境 搭建 班级 课程设计 小组 后端 开发 角色,应届 基础知识 技术 认真负责,Vite React Axios JavaScript 计算机一级 系统架构设计师,Vite、React、Axios、JavaScript,计算机一级、系统架构设计师
袁慧,女,15112667764,yuanhui347@qq.com,15539727603,嘉兴,"期望岗位：后端开发工程师
期望城市：嘉兴
期望行业：互联网/信息技术/软件服务
期望薪资：20000-35000元",8年后端开发工程师资深经验，精通全链路技术架构，具备团队技术规划与方案设计能力，主导过多个大型项目重构与升级，在高并发/系统稳定性领域有深厚积累，能够带领团队攻克技术难题，驱动业务技术升级。,"闽南师范大学 | 软件工程 | 本科
毕业时间：2014年6月
核心课程：数字信号处理、机器学习、数据结构、Python编程","【数聚软件有限公司】 后端开发工程师
2024年11月 - 至今
    · 编写开发文档，沉淀技术规范，协助新人熟悉业务
    · 负责公司后端开发工程师相关业务的开发与维护，参与需求评审

【未来数据技术有限公司】 后端开发工程师
2022年5月 - 2024年9月
    · 对接产品、测试团队，跟进需求落地与缺陷修复
    · 编写开发文档，沉淀技术规范，协助新人熟悉业务

【新科软件有限公司】 后端开发工程师
2020年2月 - 2022年6月
    · 负责公司后端开发工程师相关业务的开发与维护，参与需求评审
    · 对接产品、测试团队，跟进需求落地与缺陷修复
    · 承担分配模块的编码、测试与优化工作，保障系统稳定运行","■ 即时通讯服务开发
  项目目标：实现企业内部IM系统后端消息推送与存储
  个人职责：负责消息队列、离线消息、会话管理模块开发
  项目成果：支持万人同时在线，消息送达延迟低于100ms

■ 内容管理系统后端
  项目目标：搭建CMS系统后端服务，支持多站点内容发布
  个人职责：负责文章、栏目、权限模块接口开发，设计数据库表结构
  项目成果：支撑8个站点同时运营，内容发布效率提升3倍","专业技能：微服务、Gin、Docker、Python、Kafka、MySQL、Redis、Go
相关证书：英语四级",拥有8年行业经验，技术视野开阔，具备方案设计与项目把控能力；逻辑清晰，善于定位并解决复杂技术问题；具备良好的团队管理与跨部门沟通能力，能够推动技术优化与业务落地；责任心强，追求技术与业务的平衡发展。,年后 开发 工程师 资深 链路 技术 架构 技术 规划 方案设计 主导 多个 大型项目 重构 升级 并发 系统 稳定性 领域 深厚 带领 攻克 技术难题 驱动 业务 技术升级,即时通讯 服务 开发 企业 内部 IM 系统 后端 消息 推送 存储 消息 队列 离线 消息 会话 管理 模块 开发 万人 同时在线 消息 送达 延迟 低于 100ms 管理系统 后端 搭建 CMS 系统 后端 服务 站点 发布 文章 栏目 权限 模块接口 开发 数据库 结构 支撑 站点 运营 发布 效率,数聚 软件 后端 开发 工程师 至今 编写 开发 文档 沉淀 技术规范 新人 熟悉业务 后端 开发 工程师 业务 开发 维护 需求 评审 未来 数据 技术 后端 开发 工程师 对接 产品 测试 跟进 需求 落地 缺陷 修复 编写 开发 文档 沉淀 技术规范 新人 熟悉业务 新科 软件 后端 开发 工程师 后端 开发 工程师 业务 开发 维护 需求 评审 对接 产品 测试 跟进 需求 落地 缺陷 修复 分配 模块 编码 测试 保障系统 稳定 运行,技术 视野 开阔 方案设计 项目 逻辑 清晰 善于 定位 复杂 技术 管理 跨部门 推动 技术 业务 落地 责任心 追求 技术 业务 平衡 发展,微服务 Gin Docker Python Kafka MySQL Redis Go 英语四级,微服务、Gin、Docker、Python、Kafka、MySQL、Redis、Go,英语四级
陈梓轩,男,13196765946,chen梓xuan12@gmail.com,13386489363,温州,"期望岗位：Java开发工程师
期望城市：温州
期望行业：互联网/信息技术/软件服务
期望薪资：10000-13500元",3年Java开发工程师从业经验，精通Redis技术架构，主导过中型项目从0到1落地，擅长技术方案设计与性能优化，曾推动核心模块技术重构，带来显著效率提升，具备跨部门协作与项目推进能力。,"苏州职业大学 | 电子信息工程 | 专科
毕业时间：2019年6月
核心课程：操作系统、算法设计与分析、数据库原理、数字信号处理","【天擎信息技术有限公司】 Java开发工程师
2025年6月 - 至今
    · 对接产品、测试团队，跟进需求落地与缺陷修复
    · 负责公司Java开发工程师相关业务的开发与维护，参与需求评审

【安硕互联网科技有限公司】 Java开发工程师
2024年10月 - 2025年10月
    · 编写开发文档，沉淀技术规范，协助新人熟悉业务
    · 对接产品、测试团队，跟进需求落地与缺陷修复","■ 微服务用户中心重构
  项目目标：将单体用户系统拆分为微服务架构，提升并发承载能力
  个人职责：负责登录、注册、权限模块开发，优化数据库查询与缓存策略
  项目成果：支持并发量从500提升至5000，接口响应耗时减少60%

■ 电商订单交易系统
  项目目标：搭建高可用电商订单系统，支撑大促流量峰值
  个人职责：负责订单创建、支付回调、库存扣减核心逻辑开发
  项目成果：支撑日均订单量10万+，系统可用性达99.95%","专业技能：Redis、微服务、RabbitMQ、Git、JVM调优、MySQL、SpringCloud、MyBatis
相关证书：计算机一级",拥有3年行业经验，技术视野开阔，具备方案设计与项目把控能力；逻辑清晰，善于定位并解决复杂技术问题；具备良好的团队管理与跨部门沟通能力，能够推动技术优化与业务落地；责任心强，追求技术与业务的平衡发展。,Java 开发 工程师 从业 Redis 技术 架构 主导 中型 项目 落地 擅长 技术 方案设计 性能 推动 核心 模块 技术 重构 带来 显著 效率 跨部门 协作 项目 推进,微服务 用户 中心 重构 单体 用户 系统 分为 微服务 架构 并发 承载能力 登录 注册 权限 模块 开发 数据库 查询 缓存 策略 并发 接口 响应 耗时 减少 电商 订单 交易系统 搭建 可用 电商 订单 系统 支撑 大促 流量 峰值 订单 创建 支付 回调 库存 扣减 核心 逻辑 开发 支撑 日均 订单 系统 可用性,天擎 信息技术 Java 开发 工程师 至今 对接 产品 测试 跟进 需求 落地 缺陷 修复 Java 开发 工程师 业务 开发 维护 需求 评审 安硕 互联网 科技 Java 开发 工程师 编写 开发 文档 沉淀 技术规范 新人 熟悉业务 对接 产品 测试 跟进 需求 落地 缺陷 修复,技术 视野 开阔 方案设计 项目 逻辑 清晰 善于 定位 复杂 技术 管理 跨部门 推动 技术 业务 落地 责任心 追求 技术 业务 平衡 发展,Redis 微服务 RabbitMQ Git JVM调优 MySQL SpringCloud MyBatis 计算机一级,Redis、微服务、RabbitMQ、Git、JVM调优、MySQL、SpringCloud、MyBatis,计算机一级
严建,男,18457434071,yanjian385@qq.com,18261686466,安庆,"期望岗位：后端开发工程师
期望城市：安庆
期望行业：互联网/信息技术/软件服务
期望薪资：面议",专科软件技术专业应届毕业生，掌握Java、Java基础技能，完成过课程设计与毕业项目，具备基础代码编写能力与问题排查思路，学习能力强，做事认真踏实，期望从事后端开发工程师相关工作。,"南京工业职业技术大学 | 软件技术 | 专科
毕业时间：2022年6月
核心课程：机器学习、数据库原理、算法设计与分析、软件工程","【校园实践】
    · 参与学校计算机协会技术部，负责协会网站日常维护
    · 协助老师完成实验室设备管理与系统环境搭建
    · 参与班级课程设计小组，担任后端开发角色","■ 图书管理系统后端
  项目目标：实现图书借阅、归还、用户管理功能
  个人职责：负责接口开发与数据库表结构设计
  项目成果：完成核心功能，支持1000条数据量","专业技能：Java、K8s、Docker、MySQL
相关证书：英语四级",应届毕业，具备扎实的专业基础知识与学习能力，能够快速掌握新技术；工作态度认真负责，有耐心，注重细节；具备良好的团队意识与沟通能力，能够积极配合团队完成任务；期望在工作中积累经验，快速成长。,专科 软件技术 应届 毕业生 Java Java 课程设计 项目 代码 编写 排查 后端 开发 工程师,图书 管理系统 后端 图书 借阅 归还 用户 管理 功能 接口 开发 数据库 结构设计 核心 功能 数据量,学校 计算机 协会 技术部 协会 网站 维护 老师 实验室 设备 管理 系统 环境 搭建 班级 课程设计 小组 后端 开发 角色,应届 基础知识 技术 认真负责,Java K8s Docker MySQL 英语四级,Java、K8s、Docker、MySQL,英语四级
方雯,女,13166811084,fangwen9062@qq.com,18991009040,绍兴,"期望岗位：软件测试工程师
期望城市：绍兴
期望行业：互联网/信息技术/软件服务
期望薪资：7000-8000元",1年软件测试工程师工作经验，精通MySQL、Postman技术栈，参与过完整项目迭代，能够独立完成模块开发与问题排查，注重代码质量与开发效率，具备良好的沟通协作能力。,"东南大学 | 电子信息工程 | 本科
毕业时间：2021年6月
核心课程：算法设计与分析、数据库原理、Python编程、数字信号处理","【美图公司】 软件测试工程师
2025年11月 - 至今
    · 编写开发文档，沉淀技术规范，协助新人熟悉业务
    · 对接产品、测试团队，跟进需求落地与缺陷修复
    · 负责公司软件测试工程师相关业务的开发与维护，参与需求评审","■ 自动化测试框架搭建
  项目目标：提升回归测试效率，减少人工重复劳动
  个人职责：基于Selenium搭建UI自动化框架，编写核心模块测试脚本
  项目成果：回归测试周期从7天缩短至2天，覆盖率达85%

■ 电商平台功能测试
  项目目标：保障电商系统上线质量，覆盖全业务流程
  个人职责：设计测试用例，执行功能、回归测试，提交缺陷报告
  项目成果：发现并修复120+缺陷，上线后线上缺陷率低于0.5%","专业技能：JMeter、性能测试、功能测试、MySQL、缺陷管理、Appium、Selenium、Postman、测试用例设计
相关证书：软考中级",拥有1年实际工作经验，技术功底扎实，熟悉完整开发流程；具备较强的问题解决能力，能够独立排查并解决常见技术问题；工作认真负责，注重团队协作，能够高效推进项目落地；持续学习，保持技术敏感度。,软件测试 工程师 MySQL Postman 技术 完整 项目 迭代 独立 模块 开发 排查 代码 质量 开发 效率 协作,自动化 测试 框架 搭建 回归 测试 效率 减少 人工 重复劳动 基于 Selenium 搭建 UI 自动化 框架 编写 核心 模块 测试 脚本 回归 测试 周期 缩短 覆盖率 电商 平台 功能测试 保障 电商 系统 上线 质量 覆盖 业务流程 测试用例 执行 功能 回归 测试 提交 缺陷 报告 发现 修复 缺陷 上线 后线 缺陷率 低于,美图 软件测试 工程师 至今 编写 开发 文档 沉淀 技术规范 新人 熟悉业务 对接 产品 测试 跟进 需求 落地 缺陷 修复 软件测试 工程师 业务 开发 维护 需求 评审,实际 技术 功底 完整 开发 流程 独立 排查 常见 技术 认真负责 协作 高效 推进 项目 落地 持续 保持 技术 敏感度,JMeter 性能测试 功能测试 MySQL 缺陷管理 Appium Selenium Postman 测试用例设计 软考中级,JMeter、性能测试、功能测试、MySQL、缺陷管理、Appium、Selenium、Postman、测试用例设计,软考中级
杜语桐,女,13603171048,du语tong2845@qq.com,15828451615,宁波,"期望岗位：软件测试工程师
期望城市：宁波
期望行业：互联网/信息技术/软件服务
期望薪资：31500-34500元",7年软件测试工程师资深经验，精通全链路技术架构，具备团队技术规划与方案设计能力，主导过多个大型项目重构与升级，在高并发/系统稳定性领域有深厚积累，能够带领团队攻克技术难题，驱动业务技术升级。,"暨南大学 | 网络工程 | 本科
毕业时间：2015年6月
核心课程：计算机网络、数据结构、算法设计与分析、Java程序设计","【用友网络科技有限公司】 软件测试工程师
2024年1月 - 至今
    · 承担分配模块的编码、测试与优化工作，保障系统稳定运行
    · 对接产品、测试团队，跟进需求落地与缺陷修复
    · 编写开发文档，沉淀技术规范，协助新人熟悉业务

【中软互联网科技有限公司】 软件测试工程师
2022年9月 - 2024年6月
    · 负责公司软件测试工程师相关业务的开发与维护，参与需求评审
    · 编写开发文档，沉淀技术规范，协助新人熟悉业务

【东软数据技术有限公司】 软件测试工程师
2020年12月 - 2022年5月
    · 对接产品、测试团队，跟进需求落地与缺陷修复
    · 负责公司软件测试工程师相关业务的开发与维护，参与需求评审","■ 电商平台功能测试
  项目目标：保障电商系统上线质量，覆盖全业务流程
  个人职责：设计测试用例，执行功能、回归测试，提交缺陷报告
  项目成果：发现并修复120+缺陷，上线后线上缺陷率低于0.5%

■ 自动化测试框架搭建
  项目目标：提升回归测试效率，减少人工重复劳动
  个人职责：基于Selenium搭建UI自动化框架，编写核心模块测试脚本
  项目成果：回归测试周期从7天缩短至2天，覆盖率达85%","专业技能：TestNG、JMeter、MySQL、Appium、性能测试、接口测试、Postman、Selenium、缺陷管理、Python
相关证书：红帽RHCE认证",拥有7年行业经验，技术视野开阔，具备方案设计与项目把控能力；逻辑清晰，善于定位并解决复杂技术问题；具备良好的团队管理与跨部门沟通能力，能够推动技术优化与业务落地；责任心强，追求技术与业务的平衡发展。,软件测试 工程师 资深 链路 技术 架构 技术 规划 方案设计 主导 多个 大型项目 重构 升级 并发 系统 稳定性 领域 深厚 带领 攻克 技术难题 驱动 业务 技术升级,电商 平台 功能测试 保障 电商 系统 上线 质量 覆盖 业务流程 测试用例 执行 功能 回归 测试 提交 缺陷 报告 发现 修复 缺陷 上线 后线 缺陷率 低于 自动化 测试 框架 搭建 回归 测试 效率 减少 人工 重复劳动 基于 Selenium 搭建 UI 自动化 框架 编写 核心 模块 测试 脚本 回归 测试 周期 缩短 覆盖率,用友 网络科技 软件测试 工程师 至今 分配 模块 编码 测试 保障系统 稳定 运行 对接 产品 测试 跟进 需求 落地 缺陷 修复 编写 开发 文档 沉淀 技术规范 新人 熟悉业务 中软 互联网 科技 软件测试 工程师 软件测试 工程师 业务 开发 维护 需求 评审 编写 开发 文档 沉淀 技术规范 新人 熟悉业务 东软 数据 技术 软件测试 工程师 对接 产品 测试 跟进 需求 落地 缺陷 修复 软件测试 工程师 业务 开发 维护 需求 评审,技术 视野 开阔 方案设计 项目 逻辑 清晰 善于 定位 复杂 技术 管理 跨部门 推动 技术 业务 落地 责任心 追求 技术 业务 平衡 发展,TestNG JMeter MySQL Appium 性能测试 接口测试 Postman Selenium 缺陷管理 Python 红帽RHCE认证,TestNG、JMeter、MySQL、Appium、性能测试、接口测试、Postman、Selenium、缺陷管理、Python,红帽RHCE认证
王勇,男,18021692761,wangyong4720@qq.com,wx_wangyong_394,蚌埠,"期望岗位：数据分析师
期望城市：蚌埠
期望行业：互联网/信息技术/软件服务
期望薪资：12000-19500元",5年数据分析师从业经验，精通Hive技术架构，主导过中型项目从0到1落地，擅长技术方案设计与性能优化，曾推动核心模块技术重构，带来显著效率提升，具备跨部门协作与项目推进能力。,"福建信息职业技术学院 | 物联网工程 | 专科
毕业时间：2017年6月
核心课程：数据结构、机器学习、Python编程、操作系统","【华为（东莞研究所）】 数据分析师
2025年9月 - 至今
    · 对接产品、测试团队，跟进需求落地与缺陷修复
    · 承担分配模块的编码、测试与优化工作，保障系统稳定运行

【中软互联网科技有限公司】 数据分析师
2024年6月 - 2025年6月
    · 负责公司数据分析师相关业务的开发与维护，参与需求评审
    · 对接产品、测试团队，跟进需求落地与缺陷修复
    · 承担分配模块的编码、测试与优化工作，保障系统稳定运行

【金蝶数据技术有限公司】 数据分析师
2023年9月 - 2024年11月
    · 承担分配模块的编码、测试与优化工作，保障系统稳定运行
    · 负责公司数据分析师相关业务的开发与维护，参与需求评审
    · 对接产品、测试团队，跟进需求落地与缺陷修复","■ 用户行为分析看板
  项目目标：构建用户行为数据体系，支撑运营决策
  个人职责：负责数据清洗、指标体系搭建，输出可视化运营报表
  项目成果：输出15+核心运营指标，支撑每月3次运营优化，用户留存率提升8%

■ 销售数据预测建模
  项目目标：基于历史数据预测销量，指导库存与备货
  个人职责：数据预处理，构建时间序列预测模型，输出月度预测报告
  项目成果：预测准确率达89%，库存周转效率提升25%","专业技能：统计学、SQL、MySQL、Tableau、数据可视化、Python、Excel、Power BI、Pandas
相关证书：计算机一级",拥有5年行业经验，技术视野开阔，具备方案设计与项目把控能力；逻辑清晰，善于定位并解决复杂技术问题；具备良好的团队管理与跨部门沟通能力，能够推动技术优化与业务落地；责任心强，追求技术与业务的平衡发展。,数据 分析师 从业 Hive 技术 架构 主导 中型 项目 落地 擅长 技术 方案设计 性能 推动 核心 模块 技术 重构 带来 显著 效率 跨部门 协作 项目 推进,用户 行为 分析 看板 构建 用户 行为 数据 体系 支撑 运营 决策 数据 清洗 指标体系 搭建 可视化 运营 报表 核心 运营 指标 支撑 每月 运营 用户 留存 销售 数据 预测 建模 基于 历史数据 预测 销量 指导 库存 备货 数据 预处理 构建 时间 序列 预测 模型 月度 预测 报告 预测 准确率 库存 周转 效率,华为 东莞 研究所 数据 分析师 至今 对接 产品 测试 跟进 需求 落地 缺陷 修复 分配 模块 编码 测试 保障系统 稳定 运行 中软 互联网 科技 数据 分析师 数据 分析师 业务 开发 维护 需求 评审 对接 产品 测试 跟进 需求 落地 缺陷 修复 分配 模块 编码 测试 保障系统 稳定 运行 金蝶 数据 技术 数据 分析师 分配 模块 编码 测试 保障系统 稳定 运行 数据 分析师 业务 开发 维护 需求 评审 对接 产品 测试 跟进 需求 落地 缺陷 修复,技术 视野 开阔 方案设计 项目 逻辑 清晰 善于 定位 复杂 技术 管理 跨部门 推动 技术 业务 落地 责任心 追求 技术 业务 平衡 发展,统计学 SQL MySQL Tableau 数据可视化 Python Excel Power BI Pandas 计算机一级,统计学、SQL、MySQL、Tableau、数据可视化、Python、Excel、Power BI、Pandas,计算机一级
莫彬,男,13772449863,mobin87@outlook.com,wx_mobin_115,安庆,"期望岗位：运维工程师
期望城市：安庆
期望行业：互联网/信息技术/软件服务
期望薪资：13500-18000元",5年运维工程师从业经验，精通Redis技术架构，主导过中型项目从0到1落地，擅长技术方案设计与性能优化，曾推动核心模块技术重构，带来显著效率提升，具备跨部门协作与项目推进能力。,"厦门理工学院 | 信息管理与信息系统 | 本科
毕业时间：2017年6月
核心课程：数据库原理、软件工程、计算机网络、数字信号处理","【安硕网络科技有限公司】 运维工程师
2025年8月 - 至今
    · 承担分配模块的编码、测试与优化工作，保障系统稳定运行
    · 负责公司运维工程师相关业务的开发与维护，参与需求评审

【通元网络科技有限公司】 运维工程师
2024年5月 - 2025年2月
    · 对接产品、测试团队，跟进需求落地与缺陷修复
    · 负责公司运维工程师相关业务的开发与维护，参与需求评审
    · 承担分配模块的编码、测试与优化工作，保障系统稳定运行

【恒信互联网科技有限公司】 运维工程师
2023年1月 - 2024年2月
    · 承担分配模块的编码、测试与优化工作，保障系统稳定运行
    · 编写开发文档，沉淀技术规范，协助新人熟悉业务","■ 服务器集群运维优化
  项目目标：提升服务器集群稳定性，降低故障发生率
  个人职责：负责日常巡检、故障排查，优化监控告警规则与分级策略
  项目成果：服务器故障率下降60%，平均故障响应时间缩短至15分钟

■ CI/CD自动化流水线
  项目目标：实现代码自动化构建、测试、部署，提升发布效率
  个人职责：基于Jenkins搭建持续集成流水线，配置Docker容器化部署
  项目成果：发布周期从每周1次提升至每天3次，部署失误率降为0","专业技能：Redis、Nginx、Prometheus、网络运维、Linux、Ansible
相关证书：无",拥有5年行业经验，技术视野开阔，具备方案设计与项目把控能力；逻辑清晰，善于定位并解决复杂技术问题；具备良好的团队管理与跨部门沟通能力，能够推动技术优化与业务落地；责任心强，追求技术与业务的平衡发展。,运维 工程师 从业 Redis 技术 架构 主导 中型 项目 落地 擅长 技术 方案设计 性能 推动 核心 模块 技术 重构 带来 显著 效率 跨部门 协作 项目 推进,服务器 集群 运维 服务器 集群 稳定性 降低 故障 发生率 巡检 故障 排查 监控 告警 规则 分级 策略 服务器 故障率 下降 平均 故障 响应 时间 缩短 分钟 CI CD 自动化 流水线 代码 自动化 构建 测试 部署 发布 效率 基于 Jenkins 搭建 持续 集成 流水线 配置 Docker 容器 部署 发布 周期 每周 每天 部署 失误 降为,安硕 网络科技 运维 工程师 至今 分配 模块 编码 测试 保障系统 稳定 运行 运维 工程师 业务 开发 维护 需求 评审 通元 网络科技 运维 工程师 对接 产品 测试 跟进 需求 落地 缺陷 修复 运维 工程师 业务 开发 维护 需求 评审 分配 模块 编码 测试 保障系统 稳定 运行 恒信 互联网 科技 运维 工程师 分配 模块 编码 测试 保障系统 稳定 运行 编写 开发 文档 沉淀 技术规范 新人 熟悉业务,技术 视野 开阔 方案设计 项目 逻辑 清晰 善于 定位 复杂 技术 管理 跨部门 推动 技术 业务 落地 责任心 追求 技术 业务 平衡 发展,Redis Nginx Prometheus 网络运维 Linux Ansible,Redis、Nginx、Prometheus、网络运维、Linux、Ansible,
戴鑫,男,13254392643,daixin16@outlook.com,wx_daixin_332,黄山,"期望岗位：Java开发工程师
期望城市：黄山
期望行业：互联网/信息技术/软件服务
期望薪资：28500-33500元",8年Java开发工程师资深经验，精通全链路技术架构，具备团队技术规划与方案设计能力，主导过多个大型项目重构与升级，在高并发/系统稳定性领域有深厚积累，能够带领团队攻克技术难题，驱动业务技术升级。,"广东轻工职业技术学院 | 通信工程 | 专科
毕业时间：2014年6月
核心课程：数据库原理、机器学习、计算机网络、软件工程","【vivo（东莞）】 Java开发工程师
2024年9月 - 至今
    · 负责公司Java开发工程师相关业务的开发与维护，参与需求评审
    · 承担分配模块的编码、测试与优化工作，保障系统稳定运行

【汇智科技有限公司】 Java开发工程师
2022年9月 - 2024年10月
    · 编写开发文档，沉淀技术规范，协助新人熟悉业务
    · 承担分配模块的编码、测试与优化工作，保障系统稳定运行

【易联软件有限公司】 Java开发工程师
2020年9月 - 2022年10月
    · 对接产品、测试团队，跟进需求落地与缺陷修复
    · 编写开发文档，沉淀技术规范，协助新人熟悉业务","■ 微服务用户中心重构
  项目目标：将单体用户系统拆分为微服务架构，提升并发承载能力
  个人职责：负责登录、注册、权限模块开发，优化数据库查询与缓存策略
  项目成果：支持并发量从500提升至5000，接口响应耗时减少60%

■ 电商订单交易系统
  项目目标：搭建高可用电商订单系统，支撑大促流量峰值
  个人职责：负责订单创建、支付回调、库存扣减核心逻辑开发
  项目成果：支撑日均订单量10万+，系统可用性达99.95%","专业技能：Java、RabbitMQ、JVM调优、Git、Docker、SpringCloud
相关证书：计算机一级、PMP项目管理专业人士",拥有8年行业经验，技术视野开阔，具备方案设计与项目把控能力；逻辑清晰，善于定位并解决复杂技术问题；具备良好的团队管理与跨部门沟通能力，能够推动技术优化与业务落地；责任心强，追求技术与业务的平衡发展。,Java 开发 工程师 资深 链路 技术 架构 技术 规划 方案设计 主导 多个 大型项目 重构 升级 并发 系统 稳定性 领域 深厚 带领 攻克 技术难题 驱动 业务 技术升级,微服务 用户 中心 重构 单体 用户 系统 分为 微服务 架构 并发 承载能力 登录 注册 权限 模块 开发 数据库 查询 缓存 策略 并发 接口 响应 耗时 减少 电商 订单 交易系统 搭建 可用 电商 订单 系统 支撑 大促 流量 峰值 订单 创建 支付 回调 库存 扣减 核心 逻辑 开发 支撑 日均 订单 系统 可用性,vivo 东莞 Java 开发 工程师 至今 Java 开发 工程师 业务 开发 维护 需求 评审 分配 模块 编码 测试 保障系统 稳定 运行 汇智 科技 Java 开发 工程师 编写 开发 文档 沉淀 技术规范 新人 熟悉业务 分配 模块 编码 测试 保障系统 稳定 运行 易联 软件 Java 开发 工程师 对接 产品 测试 跟进 需求 落地 缺陷 修复 编写 开发 文档 沉淀 技术规范 新人 熟悉业务,技术 视野 开阔 方案设计 项目 逻辑 清晰 善于 定位 复杂 技术 管理 跨部门 推动 技术 业务 落地 责任心 追求 技术 业务 平衡 发展,Java RabbitMQ JVM调优 Git Docker SpringCloud 计算机一级 PMP项目管理专业人士,Java、RabbitMQ、JVM调优、Git、Docker、SpringCloud,计算机一级、PMP项目管理专业人士
曾茜,女,18540781024,zengxi758@163.com,wx_zengxi_659,宁波,"期望岗位：Python开发工程师
期望城市：宁波
期望行业：互联网/信息技术/软件服务
期望薪资：17000-35000元",5年Python开发工程师资深经验，精通全链路技术架构，具备团队技术规划与方案设计能力，主导过多个大型项目重构与升级，在高并发/系统稳定性领域有深厚积累，能够带领团队攻克技术难题，驱动业务技术升级。,"东南大学 | 通信工程 | 本科
毕业时间：2017年6月
核心课程：数据结构、数字信号处理、操作系统、软件工程","【恒信互联网科技有限公司】 Python开发工程师
2025年1月 - 至今
    · 对接产品、测试团队，跟进需求落地与缺陷修复
    · 承担分配模块的编码、测试与优化工作，保障系统稳定运行

【通元互联网科技有限公司】 Python开发工程师
2024年5月 - 2025年6月
    · 对接产品、测试团队，跟进需求落地与缺陷修复
    · 编写开发文档，沉淀技术规范，协助新人熟悉业务
    · 负责公司Python开发工程师相关业务的开发与维护，参与需求评审

【信雅网络科技有限公司】 Python开发工程师
2023年1月 - 2024年6月
    · 负责公司Python开发工程师相关业务的开发与维护，参与需求评审
    · 承担分配模块的编码、测试与优化工作，保障系统稳定运行","■ 数据采集爬虫系统
  项目目标：搭建分布式爬虫平台，采集多渠道公开数据
  个人职责：负责反爬策略破解、数据清洗、入库逻辑开发
  项目成果：日均采集数据50万条，数据准确率98%以上

■ 自动化运维平台
  项目目标：开发运维管理平台，实现服务器批量管理
  个人职责：负责监控、告警、任务调度模块后端开发
  项目成果：管理服务器200+，运维人力成本降低50%","专业技能：Redis、Django、Flask、MongoDB、Celery、FastAPI、Docker
相关证书：计算机一级、红帽RHCE认证",拥有5年行业经验，技术视野开阔，具备方案设计与项目把控能力；逻辑清晰，善于定位并解决复杂技术问题；具备良好的团队管理与跨部门沟通能力，能够推动技术优化与业务落地；责任心强，追求技术与业务的平衡发展。,Python 开发 工程师 资深 链路 技术 架构 技术 规划 方案设计 主导 多个 大型项目 重构 升级 并发 系统 稳定性 领域 深厚 带领 攻克 技术难题 驱动 业务 技术升级,数据 采集 爬虫 系统 搭建 分布式 爬虫 平台 采集 多渠道 公开 数据 反爬 策略 破解 数据 清洗 入库 逻辑 开发 日均 采集 数据 万条 数据 准确率 以上 自动化 运维 平台 开发 运维 管理 平台 服务器 批量 管理 监控 告警 任务调度 模块 后端 开发 管理 服务器 运维 人力 成本 降低,恒信 互联网 科技 Python 开发 工程师 至今 对接 产品 测试 跟进 需求 落地 缺陷 修复 分配 模块 编码 测试 保障系统 稳定 运行 通元 互联网 科技 Python 开发 工程师 对接 产品 测试 跟进 需求 落地 缺陷 修复 编写 开发 文档 沉淀 技术规范 新人 熟悉业务 Python 开发 工程师 业务 开发 维护 需求 评审 信雅 网络科技 Python 开发 工程师 Python 开发 工程师 业务 开发 维护 需求 评审 分配 模块 编码 测试 保障系统 稳定 运行,技术 视野 开阔 方案设计 项目 逻辑 清晰 善于 定位 复杂 技术 管理 跨部门 推动 技术 业务 落地 责任心 追求 技术 业务 平衡 发展,Redis Django Flask MongoDB Celery FastAPI Docker 计算机一级 红帽RHCE认证,Redis、Django、Flask、MongoDB、Celery、FastAPI、Docker,计算机一级、红帽RHCE认证
苏健,男,15114399890,sujian227@126.com,15786547350,宁波,"期望岗位：Python开发工程师
期望城市：宁波
期望行业：互联网/信息技术/软件服务
期望薪资：11500-12000元",1年Python开发工程师工作经验，精通MySQL、Docker技术栈，参与过完整项目迭代，能够独立完成模块开发与问题排查，注重代码质量与开发效率，具备良好的沟通协作能力。,"中山大学 | 网络工程 | 本科
毕业时间：2021年6月
核心课程：Python编程、软件工程、数据库原理、计算机网络","【信雅信息技术有限公司】 Python开发工程师
2025年3月 - 至今
    · 对接产品、测试团队，跟进需求落地与缺陷修复
    · 负责公司Python开发工程师相关业务的开发与维护，参与需求评审","■ 自动化运维平台
  项目目标：开发运维管理平台，实现服务器批量管理
  个人职责：负责监控、告警、任务调度模块后端开发
  项目成果：管理服务器200+，运维人力成本降低50%

■ 数据采集爬虫系统
  项目目标：搭建分布式爬虫平台，采集多渠道公开数据
  个人职责：负责反爬策略破解、数据清洗、入库逻辑开发
  项目成果：日均采集数据50万条，数据准确率98%以上","专业技能：Django、Celery、FastAPI、Redis、Docker、Python、爬虫、MySQL
相关证书：华为HCIA认证",拥有1年实际工作经验，技术功底扎实，熟悉完整开发流程；具备较强的问题解决能力，能够独立排查并解决常见技术问题；工作认真负责，注重团队协作，能够高效推进项目落地；持续学习，保持技术敏感度。,Python 开发 工程师 MySQL Docker 技术 完整 项目 迭代 独立 模块 开发 排查 代码 质量 开发 效率 协作,自动化 运维 平台 开发 运维 管理 平台 服务器 批量 管理 监控 告警 任务调度 模块 后端 开发 管理 服务器 运维 人力 成本 降低 数据 采集 爬虫 系统 搭建 分布式 爬虫 平台 采集 多渠道 公开 数据 反爬 策略 破解 数据 清洗 入库 逻辑 开发 日均 采集 数据 万条 数据 准确率 以上,信雅 信息技术 Python 开发 工程师 至今 对接 产品 测试 跟进 需求 落地 缺陷 修复 Python 开发 工程师 业务 开发 维护 需求 评审,实际 技术 功底 完整 开发 流程 独立 排查 常见 技术 认真负责 协作 高效 推进 项目 落地 持续 保持 技术 敏感度,Django Celery FastAPI Redis Docker Python 爬虫 MySQL 华为HCIA认证,Django、Celery、FastAPI、Redis、Docker、Python、爬虫、MySQL,华为HCIA认证
汪明,男,13096773107,wangming8595@qq.com,wx_wangming_295,宁德,"期望岗位：Java开发工程师
期望城市：宁德
期望行业：互联网/信息技术/软件服务
期望薪资：4000-4500元",专科网络工程专业应届毕业生，掌握RabbitMQ、SpringCloud基础技能，完成过课程设计与毕业项目，具备基础代码编写能力与问题排查思路，学习能力强，做事认真踏实，期望从事Java开发工程师相关工作。,"江西交通职业技术学院 | 网络工程 | 专科
毕业时间：2022年6月
核心课程：算法设计与分析、Python编程、Java程序设计、机器学习","【校园实践】
    · 参与学校计算机协会技术部，负责协会网站日常维护
    · 协助老师完成实验室设备管理与系统环境搭建
    · 参与班级课程设计小组，担任后端开发角色","■ 校园二手交易平台（毕设）
  项目目标：搭建校园闲置物品发布与交易平台
  个人职责：负责用户模块、商品发布模块开发
  项目成果：完成系统原型，获得良好成绩","专业技能：微服务、Java、JVM调优、Docker
相关证书：无",应届毕业，具备扎实的专业基础知识与学习能力，能够快速掌握新技术；工作态度认真负责，有耐心，注重细节；具备良好的团队意识与沟通能力，能够积极配合团队完成任务；期望在工作中积累经验，快速成长。,专科 网络工程 应届 毕业生 RabbitMQ SpringCloud 课程设计 项目 代码 编写 排查 Java 开发 工程师,二手交易 平台 毕设 搭建 闲置 物品 发布 交易平台 用户 模块 商品 发布 模块 开发 系统 原型 获得 成绩,学校 计算机 协会 技术部 协会 网站 维护 老师 实验室 设备 管理 系统 环境 搭建 班级 课程设计 小组 后端 开发 角色,应届 基础知识 技术 认真负责,微服务 Java JVM调优 Docker,微服务、Java、JVM调优、Docker,
刘安然,女,13161489592,liuanran5805@126.com,wx_liuanran_593,芜湖,"期望岗位：运维工程师
期望城市：芜湖
期望行业：互联网/信息技术/软件服务
期望薪资：5500-6000元",专科数学与应用数学专业应届毕业生，掌握Prometheus、Jenkins基础技能，完成过课程设计与毕业项目，具备基础代码编写能力与问题排查思路，学习能力强，做事认真踏实，期望从事运维工程师相关工作。,"深圳职业技术学院 | 数学与应用数学 | 专科
毕业时间：2022年6月
核心课程：计算机网络、Java程序设计、Python编程、算法设计与分析","【校园实践】
    · 参与学校计算机协会技术部，负责协会网站日常维护
    · 协助老师完成实验室设备管理与系统环境搭建
    · 参与班级课程设计小组，担任后端开发角色","■ 实验室服务器搭建实训
  项目目标：搭建实验室Linux服务器环境
  个人职责：负责系统安装、网络配置、基础服务部署
  项目成果：完成3台服务器环境搭建","专业技能：MySQL、网络运维、Zabbix、Ansible
相关证书：计算机二级",应届毕业，具备扎实的专业基础知识与学习能力，能够快速掌握新技术；工作态度认真负责，有耐心，注重细节；具备良好的团队意识与沟通能力，能够积极配合团队完成任务；期望在工作中积累经验，快速成长。,专科 数学与应用数学 应届 毕业生 Prometheus Jenkins 课程设计 项目 代码 编写 排查 运维 工程师,实验室 服务器 搭建 实训 搭建 实验室 Linux 服务器 环境 系统 安装 网络 配置 服务 部署 服务器 环境 搭建,学校 计算机 协会 技术部 协会 网站 维护 老师 实验室 设备 管理 系统 环境 搭建 班级 课程设计 小组 后端 开发 角色,应届 基础知识 技术 认真负责,MySQL 网络运维 Zabbix Ansible 计算机二级,MySQL、网络运维、Zabbix、Ansible,计算机二级
覃杰,男,18167739831,qinjie40@126.com,wx_qinjie_559,合肥,"期望岗位：后端开发工程师
期望城市：合肥
期望行业：互联网/信息技术/软件服务
期望薪资：面议",专科计算机应用技术专业应届毕业生，掌握微服务、K8s基础技能，完成过课程设计与毕业项目，具备基础代码编写能力与问题排查思路，学习能力强，做事认真踏实，期望从事后端开发工程师相关工作。,"福建船政交通职业学院 | 计算机应用技术 | 专科
毕业时间：2022年6月
核心课程：数据库原理、算法设计与分析、计算机网络、软件工程","【校园实践】
    · 参与学校计算机协会技术部，负责协会网站日常维护
    · 协助老师完成实验室设备管理与系统环境搭建
    · 参与班级课程设计小组，担任后端开发角色","■ 图书管理系统后端
  项目目标：实现图书借阅、归还、用户管理功能
  个人职责：负责接口开发与数据库表结构设计
  项目成果：完成核心功能，支持1000条数据量","专业技能：Java、MySQL、Docker、Go
相关证书：英语六级",应届毕业，具备扎实的专业基础知识与学习能力，能够快速掌握新技术；工作态度认真负责，有耐心，注重细节；具备良好的团队意识与沟通能力，能够积极配合团队完成任务；期望在工作中积累经验，快速成长。,专科 计算机应用技术 应届 毕业生 微服务 K8s 课程设计 项目 代码 编写 排查 后端 开发 工程师,图书 管理系统 后端 图书 借阅 归还 用户 管理 功能 接口 开发 数据库 结构设计 核心 功能 数据量,学校 计算机 协会 技术部 协会 网站 维护 老师 实验室 设备 管理 系统 环境 搭建 班级 课程设计 小组 后端 开发 角色,应届 基础知识 技术 认真负责,Java MySQL Docker Go 英语六级,Java、MySQL、Docker、Go,英语六级
韩辉,男,15995526790,hanhui2406@outlook.com,18098834789,泉州,"期望岗位：Python开发工程师
期望城市：泉州
期望行业：互联网/信息技术/软件服务
期望薪资：10500-12000元",3年Python开发工程师工作经验，精通Django、爬虫技术栈，参与过完整项目迭代，能够独立完成模块开发与问题排查，注重代码质量与开发效率，具备良好的沟通协作能力。,"浙江万里学院 | 数字媒体技术 | 本科
毕业时间：2019年6月
核心课程：数据库原理、Java程序设计、操作系统、计算机网络","【恒信网络科技有限公司】 Python开发工程师
2025年10月 - 至今
    · 对接产品、测试团队，跟进需求落地与缺陷修复
    · 承担分配模块的编码、测试与优化工作，保障系统稳定运行
    · 负责公司Python开发工程师相关业务的开发与维护，参与需求评审

【锐捷科技有限公司】 Python开发工程师
2024年5月 - 2025年1月
    · 编写开发文档，沉淀技术规范，协助新人熟悉业务
    · 负责公司Python开发工程师相关业务的开发与维护，参与需求评审
    · 对接产品、测试团队，跟进需求落地与缺陷修复","■ 数据采集爬虫系统
  项目目标：搭建分布式爬虫平台，采集多渠道公开数据
  个人职责：负责反爬策略破解、数据清洗、入库逻辑开发
  项目成果：日均采集数据50万条，数据准确率98%以上

■ 自动化运维平台
  项目目标：开发运维管理平台，实现服务器批量管理
  个人职责：负责监控、告警、任务调度模块后端开发
  项目成果：管理服务器200+，运维人力成本降低50%","专业技能：Linux、MySQL、Docker、Celery、FastAPI、Django、Python、Redis、MongoDB、爬虫
相关证书：MySQL数据库认证、英语四级",拥有3年实际工作经验，技术功底扎实，熟悉完整开发流程；具备较强的问题解决能力，能够独立排查并解决常见技术问题；工作认真负责，注重团队协作，能够高效推进项目落地；持续学习，保持技术敏感度。,Python 开发 工程师 Django 爬虫 技术 完整 项目 迭代 独立 模块 开发 排查 代码 质量 开发 效率 协作,数据 采集 爬虫 系统 搭建 分布式 爬虫 平台 采集 多渠道 公开 数据 反爬 策略 破解 数据 清洗 入库 逻辑 开发 日均 采集 数据 万条 数据 准确率 以上 自动化 运维 平台 开发 运维 管理 平台 服务器 批量 管理 监控 告警 任务调度 模块 后端 开发 管理 服务器 运维 人力 成本 降低,恒信 网络科技 Python 开发 工程师 至今 对接 产品 测试 跟进 需求 落地 缺陷 修复 分配 模块 编码 测试 保障系统 稳定 运行 Python 开发 工程师 业务 开发 维护 需求 评审 锐捷 科技 Python 开发 工程师 编写 开发 文档 沉淀 技术规范 新人 熟悉业务 Python 开发 工程师 业务 开发 维护 需求 评审 对接 产品 测试 跟进 需求 落地 缺陷 修复,实际 技术 功底 完整 开发 流程 独立 排查 常见 技术 认真负责 协作 高效 推进 项目 落地 持续 保持 技术 敏感度,Linux MySQL Docker Celery FastAPI Django Python Redis MongoDB 爬虫 MySQL数据库认证 英语四级,Linux、MySQL、Docker、Celery、FastAPI、Django、Python、Redis、MongoDB、爬虫,MySQL数据库认证、英语四级
夏洋,男,13061517699,xiayang844@outlook.com,wx_xiayang_784,合肥,"期望岗位：软件测试工程师
期望城市：合肥
期望行业：互联网/信息技术/软件服务
期望薪资：3000-5000元",专科计算机应用技术专业应届毕业生，掌握性能测试、性能测试基础技能，完成过课程设计与毕业项目，具备基础代码编写能力与问题排查思路，学习能力强，做事认真踏实，期望从事软件测试工程师相关工作。,"江西交通职业技术学院 | 计算机应用技术 | 专科
毕业时间：2022年6月
核心课程：数据结构、Java程序设计、机器学习、Python编程","【校园实践】
    · 参与学校计算机协会技术部，负责协会网站日常维护
    · 协助老师完成实验室设备管理与系统环境搭建
    · 参与班级课程设计小组，担任后端开发角色","■ 学生管理系统功能测试
  项目目标：对课程设计系统进行功能测试与缺陷提交
  个人职责：设计测试用例，执行黑盒测试
  项目成果：发现并提交8个功能缺陷","专业技能：JMeter、性能测试、接口测试、Postman
相关证书：无",应届毕业，具备扎实的专业基础知识与学习能力，能够快速掌握新技术；工作态度认真负责，有耐心，注重细节；具备良好的团队意识与沟通能力，能够积极配合团队完成任务；期望在工作中积累经验，快速成长。,专科 计算机应用技术 应届 毕业生 性能测试 性能测试 课程设计 项目 代码 编写 排查 软件测试 工程师,学生 管理系统 功能测试 课程设计 系统 功能测试 缺陷 提交 测试用例 执行 黑盒 测试 发现 提交 功能 缺陷,学校 计算机 协会 技术部 协会 网站 维护 老师 实验室 设备 管理 系统 环境 搭建 班级 课程设计 小组 后端 开发 角色,应届 基础知识 技术 认真负责,JMeter 性能测试 接口测试 Postman,JMeter、性能测试、接口测试、Postman,
王静,女,18861470475,wangjing7858@outlook.com,wx_wangjing_667,滁州,"期望岗位：后端开发工程师
期望城市：滁州
期望行业：互联网/信息技术/软件服务
期望薪资：面议",本科软件工程专业应届毕业生，掌握SpringBoot、PostgreSQL基础技能，完成过课程设计与毕业项目，具备基础代码编写能力与问题排查思路，学习能力强，做事认真踏实，期望从事后端开发工程师相关工作。,"南昌大学 | 软件工程 | 本科
毕业时间：2022年6月
核心课程：算法设计与分析、Java程序设计、软件工程、机器学习","【校园实践】
    · 参与学校计算机协会技术部，负责协会网站日常维护
    · 协助老师完成实验室设备管理与系统环境搭建
    · 参与班级课程设计小组，担任后端开发角色","■ 图书管理系统后端
  项目目标：实现图书借阅、归还、用户管理功能
  个人职责：负责接口开发与数据库表结构设计
  项目成果：完成核心功能，支持1000条数据量","专业技能：Docker、Kafka、K8s、Java、Python
相关证书：计算机一级",应届毕业，具备扎实的专业基础知识与学习能力，能够快速掌握新技术；工作态度认真负责，有耐心，注重细节；具备良好的团队意识与沟通能力，能够积极配合团队完成任务；期望在工作中积累经验，快速成长。,本科 软件工程 应届 毕业生 SpringBoot PostgreSQL 课程设计 项目 代码 编写 排查 后端 开发 工程师,图书 管理系统 后端 图书 借阅 归还 用户 管理 功能 接口 开发 数据库 结构设计 核心 功能 数据量,学校 计算机 协会 技术部 协会 网站 维护 老师 实验室 设备 管理 系统 环境 搭建 班级 课程设计 小组 后端 开发 角色,应届 基础知识 技术 认真负责,Docker Kafka K8s Java Python 计算机一级,Docker、Kafka、K8s、Java、Python,计算机一级
侯洋,男,17630936793,houyang93@gmail.com,wx_houyang_547,常州,"期望岗位：运维工程师
期望城市：常州
期望行业：互联网/信息技术/软件服务
期望薪资：8000-10500元",2年运维工程师工作经验，精通Shell、Ansible技术栈，参与过完整项目迭代，能够独立完成模块开发与问题排查，注重代码质量与开发效率，具备良好的沟通协作能力。,"福州大学 | 计算机应用技术 | 本科
毕业时间：2020年6月
核心课程：机器学习、数据库原理、软件工程、Java程序设计","【天擎网络科技有限公司】 运维工程师
2025年9月 - 至今
    · 编写开发文档，沉淀技术规范，协助新人熟悉业务
    · 负责公司运维工程师相关业务的开发与维护，参与需求评审
    · 对接产品、测试团队，跟进需求落地与缺陷修复

【安硕信息技术有限公司】 运维工程师
2024年3月 - 2025年5月
    · 负责公司运维工程师相关业务的开发与维护，参与需求评审
    · 编写开发文档，沉淀技术规范，协助新人熟悉业务
    · 对接产品、测试团队，跟进需求落地与缺陷修复","■ CI/CD自动化流水线
  项目目标：实现代码自动化构建、测试、部署，提升发布效率
  个人职责：基于Jenkins搭建持续集成流水线，配置Docker容器化部署
  项目成果：发布周期从每周1次提升至每天3次，部署失误率降为0

■ 服务器集群运维优化
  项目目标：提升服务器集群稳定性，降低故障发生率
  个人职责：负责日常巡检、故障排查，优化监控告警规则与分级策略
  项目成果：服务器故障率下降60%，平均故障响应时间缩短至15分钟","专业技能：Nginx、Docker、Jenkins、Redis、MySQL、Kubernetes、Prometheus、Linux、Ansible、网络运维
相关证书：系统架构设计师",拥有2年实际工作经验，技术功底扎实，熟悉完整开发流程；具备较强的问题解决能力，能够独立排查并解决常见技术问题；工作认真负责，注重团队协作，能够高效推进项目落地；持续学习，保持技术敏感度。,运维 工程师 Shell Ansible 技术 完整 项目 迭代 独立 模块 开发 排查 代码 质量 开发 效率 协作,CI CD 自动化 流水线 代码 自动化 构建 测试 部署 发布 效率 基于 Jenkins 搭建 持续 集成 流水线 配置 Docker 容器 部署 发布 周期 每周 每天 部署 失误 降为 服务器 集群 运维 服务器 集群 稳定性 降低 故障 发生率 巡检 故障 排查 监控 告警 规则 分级 策略 服务器 故障率 下降 平均 故障 响应 时间 缩短 分钟,天擎 网络科技 运维 工程师 至今 编写 开发 文档 沉淀 技术规范 新人 熟悉业务 运维 工程师 业务 开发 维护 需求 评审 对接 产品 测试 跟进 需求 落地 缺陷 修复 安硕 信息技术 运维 工程师 运维 工程师 业务 开发 维护 需求 评审 编写 开发 文档 沉淀 技术规范 新人 熟悉业务 对接 产品 测试 跟进 需求 落地 缺陷 修复,实际 技术 功底 完整 开发 流程 独立 排查 常见 技术 认真负责 协作 高效 推进 项目 落地 持续 保持 技术 敏感度,Nginx Docker Jenkins Redis MySQL Kubernetes Prometheus Linux Ansible 网络运维 系统架构设计师,Nginx、Docker、Jenkins、Redis、MySQL、Kubernetes、Prometheus、Linux、Ansible、网络运维,系统架构设计师
吕雪,女,18882747869,lvxue87@qq.com,wx_lvxue_349,南通,"期望岗位：Java开发工程师
期望城市：南通
期望行业：互联网/信息技术/软件服务
期望薪资：4500-5000元",专科通信工程专业应届毕业生，掌握微服务、SpringBoot基础技能，完成过课程设计与毕业项目，具备基础代码编写能力与问题排查思路，学习能力强，做事认真踏实，期望从事Java开发工程师相关工作。,"南京工业职业技术大学 | 通信工程 | 专科
毕业时间：2022年6月
核心课程：数据库原理、操作系统、机器学习、软件工程","【校园实践】
    · 参与学校计算机协会技术部，负责协会网站日常维护
    · 协助老师完成实验室设备管理与系统环境搭建
    · 参与班级课程设计小组，担任后端开发角色","■ 校园二手交易平台（毕设）
  项目目标：搭建校园闲置物品发布与交易平台
  个人职责：负责用户模块、商品发布模块开发
  项目成果：完成系统原型，获得良好成绩","专业技能：MyBatis、JVM调优、Redis、MySQL
相关证书：PMP项目管理专业人士",应届毕业，具备扎实的专业基础知识与学习能力，能够快速掌握新技术；工作态度认真负责，有耐心，注重细节；具备良好的团队意识与沟通能力，能够积极配合团队完成任务；期望在工作中积累经验，快速成长。,专科 通信工程 应届 毕业生 微服务 SpringBoot 课程设计 项目 代码 编写 排查 Java 开发 工程师,二手交易 平台 毕设 搭建 闲置 物品 发布 交易平台 用户 模块 商品 发布 模块 开发 系统 原型 获得 成绩,学校 计算机 协会 技术部 协会 网站 维护 老师 实验室 设备 管理 系统 环境 搭建 班级 课程设计 小组 后端 开发 角色,应届 基础知识 技术 认真负责,MyBatis JVM调优 Redis MySQL PMP项目管理专业人士,MyBatis、JVM调优、Redis、MySQL,PMP项目管理专业人士
白颖,女,13513023009,baiying3022@outlook.com,wx_baiying_183,苏州,"期望岗位：算法工程师
期望城市：苏州
期望行业：互联网/信息技术/软件服务
期望薪资：面议",5年算法工程师从业经验，精通NLP技术架构，主导过中型项目从0到1落地，擅长技术方案设计与性能优化，曾推动核心模块技术重构，带来显著效率提升，具备跨部门协作与项目推进能力。,"广东技术师范大学 | 计算机科学与技术 | 本科
毕业时间：2017年6月
核心课程：Python编程、数字信号处理、机器学习、计算机网络","【锐捷科技有限公司】 算法工程师
2025年7月 - 至今
    · 承担分配模块的编码、测试与优化工作，保障系统稳定运行
    · 负责公司算法工程师相关业务的开发与维护，参与需求评审
    · 对接产品、测试团队，跟进需求落地与缺陷修复

【汇智软件有限公司】 算法工程师
2024年5月 - 2025年10月
    · 编写开发文档，沉淀技术规范，协助新人熟悉业务
    · 对接产品、测试团队，跟进需求落地与缺陷修复

【金蝶科技有限公司】 算法工程师
2023年4月 - 2024年5月
    · 编写开发文档，沉淀技术规范，协助新人熟悉业务
    · 负责公司算法工程师相关业务的开发与维护，参与需求评审","■ 个性化推荐系统
  项目目标：提升内容推荐精准度，增加用户停留时长
  个人职责：负责协同过滤、深度学习推荐模型开发与离线优化
  项目成果：用户平均停留时长提升25%，点击率提升15%

■ 风控欺诈识别模型
  项目目标：识别交易欺诈行为，降低资金损失风险
  个人职责：特征工程，构建XGBoost风控模型，在线部署与迭代
  项目成果：欺诈识别准确率达92%，每年减少损失超200万","专业技能：计算机视觉、推荐算法、TensorFlow、NLP、机器学习、数据结构、特征工程、Python
相关证书：软件设计师（中级）、计算机二级",拥有5年行业经验，技术视野开阔，具备方案设计与项目把控能力；逻辑清晰，善于定位并解决复杂技术问题；具备良好的团队管理与跨部门沟通能力，能够推动技术优化与业务落地；责任心强，追求技术与业务的平衡发展。,算法 工程师 从业 NLP 技术 架构 主导 中型 项目 落地 擅长 技术 方案设计 性能 推动 核心 模块 技术 重构 带来 显著 效率 跨部门 协作 项目 推进,个性化 推荐 系统 推荐 精准度 增加 用户 停留 时长 协同 过滤 深度学习 推荐 模型 开发 离线 用户 平均 停留 时长 点击率 风控 欺诈 识别 模型 识别 交易 欺诈 行为 降低 资金 损失 风险 特征工程 构建 XGBoost 风控 模型 在线 部署 迭代 欺诈 识别 准确率 每年 减少 损失,锐捷 科技 算法 工程师 至今 分配 模块 编码 测试 保障系统 稳定 运行 算法 工程师 业务 开发 维护 需求 评审 对接 产品 测试 跟进 需求 落地 缺陷 修复 汇智 软件 算法 工程师 编写 开发 文档 沉淀 技术规范 新人 熟悉业务 对接 产品 测试 跟进 需求 落地 缺陷 修复 金蝶 科技 算法 工程师 编写 开发 文档 沉淀 技术规范 新人 熟悉业务 算法 工程师 业务 开发 维护 需求 评审,技术 视野 开阔 方案设计 项目 逻辑 清晰 善于 定位 复杂 技术 管理 跨部门 推动 技术 业务 落地 责任心 追求 技术 业务 平衡 发展,计算机视觉 推荐算法 TensorFlow NLP 机器学习 数据结构 特征工程 Python 软件 设计师 中级 计算机二级,计算机视觉、推荐算法、TensorFlow、NLP、机器学习、数据结构、特征工程、Python,软件设计师（中级）、计算机二级
陈建,男,13492695588,chenjian32@gmail.com,wx_chenjian_200,芜湖,"期望岗位：软件测试工程师
期望城市：芜湖
期望行业：互联网/信息技术/软件服务
期望薪资：11500-12000元",2年软件测试工程师工作经验，精通TestNG、性能测试技术栈，参与过完整项目迭代，能够独立完成模块开发与问题排查，注重代码质量与开发效率，具备良好的沟通协作能力。,"福州大学 | 数字媒体技术 | 本科
毕业时间：2020年6月
核心课程：Java程序设计、算法设计与分析、操作系统、数据结构","【携程（厦门）】 软件测试工程师
2025年9月 - 至今
    · 负责公司软件测试工程师相关业务的开发与维护，参与需求评审
    · 编写开发文档，沉淀技术规范，协助新人熟悉业务

【安硕科技有限公司】 软件测试工程师
2024年4月 - 2025年6月
    · 承担分配模块的编码、测试与优化工作，保障系统稳定运行
    · 负责公司软件测试工程师相关业务的开发与维护，参与需求评审
    · 对接产品、测试团队，跟进需求落地与缺陷修复","■ 电商平台功能测试
  项目目标：保障电商系统上线质量，覆盖全业务流程
  个人职责：设计测试用例，执行功能、回归测试，提交缺陷报告
  项目成果：发现并修复120+缺陷，上线后线上缺陷率低于0.5%

■ 自动化测试框架搭建
  项目目标：提升回归测试效率，减少人工重复劳动
  个人职责：基于Selenium搭建UI自动化框架，编写核心模块测试脚本
  项目成果：回归测试周期从7天缩短至2天，覆盖率达85%","专业技能：TestNG、Selenium、Python、JMeter、接口测试、Postman
相关证书：软考中级",拥有2年实际工作经验，技术功底扎实，熟悉完整开发流程；具备较强的问题解决能力，能够独立排查并解决常见技术问题；工作认真负责，注重团队协作，能够高效推进项目落地；持续学习，保持技术敏感度。,软件测试 工程师 TestNG 性能测试 技术 完整 项目 迭代 独立 模块 开发 排查 代码 质量 开发 效率 协作,电商 平台 功能测试 保障 电商 系统 上线 质量 覆盖 业务流程 测试用例 执行 功能 回归 测试 提交 缺陷 报告 发现 修复 缺陷 上线 后线 缺陷率 低于 自动化 测试 框架 搭建 回归 测试 效率 减少 人工 重复劳动 基于 Selenium 搭建 UI 自动化 框架 编写 核心 模块 测试 脚本 回归 测试 周期 缩短 覆盖率,携程 厦门 软件测试 工程师 至今 软件测试 工程师 业务 开发 维护 需求 评审 编写 开发 文档 沉淀 技术规范 新人 熟悉业务 安硕 科技 软件测试 工程师 分配 模块 编码 测试 保障系统 稳定 运行 软件测试 工程师 业务 开发 维护 需求 评审 对接 产品 测试 跟进 需求 落地 缺陷 修复,实际 技术 功底 完整 开发 流程 独立 排查 常见 技术 认真负责 协作 高效 推进 项目 落地 持续 保持 技术 敏感度,TestNG Selenium Python JMeter 接口测试 Postman 软考中级,TestNG、Selenium、Python、JMeter、接口测试、Postman,软考中级
郝然,男,15066879343,haoran9960@outlook.com,wx_haoran_916,泉州,"期望岗位：Python开发工程师
期望城市：泉州
期望行业：互联网/信息技术/软件服务
期望薪资：10000-10500元",5年Python开发工程师从业经验，精通Flask技术架构，主导过中型项目从0到1落地，擅长技术方案设计与性能优化，曾推动核心模块技术重构，带来显著效率提升，具备跨部门协作与项目推进能力。,"南京理工大学 | 物联网工程 | 本科
毕业时间：2017年6月
核心课程：软件工程、算法设计与分析、机器学习、操作系统","【云创互联网科技有限公司】 Python开发工程师
2025年9月 - 至今
    · 承担分配模块的编码、测试与优化工作，保障系统稳定运行
    · 编写开发文档，沉淀技术规范，协助新人熟悉业务

【易联信息技术有限公司】 Python开发工程师
2024年11月 - 2025年4月
    · 承担分配模块的编码、测试与优化工作，保障系统稳定运行
    · 对接产品、测试团队，跟进需求落地与缺陷修复
    · 负责公司Python开发工程师相关业务的开发与维护，参与需求评审

【卓望软件有限公司】 Python开发工程师
2023年6月 - 2024年9月
    · 对接产品、测试团队，跟进需求落地与缺陷修复
    · 负责公司Python开发工程师相关业务的开发与维护，参与需求评审
    · 编写开发文档，沉淀技术规范，协助新人熟悉业务","■ 自动化运维平台
  项目目标：开发运维管理平台，实现服务器批量管理
  个人职责：负责监控、告警、任务调度模块后端开发
  项目成果：管理服务器200+，运维人力成本降低50%

■ 数据采集爬虫系统
  项目目标：搭建分布式爬虫平台，采集多渠道公开数据
  个人职责：负责反爬策略破解、数据清洗、入库逻辑开发
  项目成果：日均采集数据50万条，数据准确率98%以上","专业技能：MySQL、Flask、Celery、Docker、MongoDB、Django、FastAPI
相关证书：系统架构设计师",拥有5年行业经验，技术视野开阔，具备方案设计与项目把控能力；逻辑清晰，善于定位并解决复杂技术问题；具备良好的团队管理与跨部门沟通能力，能够推动技术优化与业务落地；责任心强，追求技术与业务的平衡发展。,Python 开发 工程师 从业 Flask 技术 架构 主导 中型 项目 落地 擅长 技术 方案设计 性能 推动 核心 模块 技术 重构 带来 显著 效率 跨部门 协作 项目 推进,自动化 运维 平台 开发 运维 管理 平台 服务器 批量 管理 监控 告警 任务调度 模块 后端 开发 管理 服务器 运维 人力 成本 降低 数据 采集 爬虫 系统 搭建 分布式 爬虫 平台 采集 多渠道 公开 数据 反爬 策略 破解 数据 清洗 入库 逻辑 开发 日均 采集 数据 万条 数据 准确率 以上,云创 互联网 科技 Python 开发 工程师 至今 分配 模块 编码 测试 保障系统 稳定 运行 编写 开发 文档 沉淀 技术规范 新人 熟悉业务 易联 信息技术 Python 开发 工程师 分配 模块 编码 测试 保障系统 稳定 运行 对接 产品 测试 跟进 需求 落地 缺陷 修复 Python 开发 工程师 业务 开发 维护 需求 评审 卓望 软件 Python 开发 工程师 对接 产品 测试 跟进 需求 落地 缺陷 修复 Python 开发 工程师 业务 开发 维护 需求 评审 编写 开发 文档 沉淀 技术规范 新人 熟悉业务,技术 视野 开阔 方案设计 项目 逻辑 清晰 善于 定位 复杂 技术 管理 跨部门 推动 技术 业务 落地 责任心 追求 技术 业务 平衡 发展,MySQL Flask Celery Docker MongoDB Django FastAPI 系统架构设计师,MySQL、Flask、Celery、Docker、MongoDB、Django、FastAPI,系统架构设计师
陈皓,男,18789537657,chenhao233@126.com,wx_chenhao_168,宁波,"期望岗位：运维工程师
期望城市：宁波
期望行业：互联网/信息技术/软件服务
期望薪资：面议",3年运维工程师工作经验，精通Redis、MySQL技术栈，参与过完整项目迭代，能够独立完成模块开发与问题排查，注重代码质量与开发效率，具备良好的沟通协作能力。,"福建船政交通职业学院 | 通信工程 | 专科
毕业时间：2019年6月
核心课程：机器学习、软件工程、数字信号处理、算法设计与分析","【未来信息技术有限公司】 运维工程师
2025年1月 - 至今
    · 负责公司运维工程师相关业务的开发与维护，参与需求评审
    · 编写开发文档，沉淀技术规范，协助新人熟悉业务

【汇智互联网科技有限公司】 运维工程师
2024年10月 - 2025年7月
    · 对接产品、测试团队，跟进需求落地与缺陷修复
    · 承担分配模块的编码、测试与优化工作，保障系统稳定运行
    · 负责公司运维工程师相关业务的开发与维护，参与需求评审","■ CI/CD自动化流水线
  项目目标：实现代码自动化构建、测试、部署，提升发布效率
  个人职责：基于Jenkins搭建持续集成流水线，配置Docker容器化部署
  项目成果：发布周期从每周1次提升至每天3次，部署失误率降为0

■ 服务器集群运维优化
  项目目标：提升服务器集群稳定性，降低故障发生率
  个人职责：负责日常巡检、故障排查，优化监控告警规则与分级策略
  项目成果：服务器故障率下降60%，平均故障响应时间缩短至15分钟","专业技能：Ansible、MySQL、Docker、Kubernetes、Nginx、Prometheus、Redis、Linux、Shell
相关证书：软考中级",拥有3年实际工作经验，技术功底扎实，熟悉完整开发流程；具备较强的问题解决能力，能够独立排查并解决常见技术问题；工作认真负责，注重团队协作，能够高效推进项目落地；持续学习，保持技术敏感度。,运维 工程师 Redis MySQL 技术 完整 项目 迭代 独立 模块 开发 排查 代码 质量 开发 效率 协作,CI CD 自动化 流水线 代码 自动化 构建 测试 部署 发布 效率 基于 Jenkins 搭建 持续 集成 流水线 配置 Docker 容器 部署 发布 周期 每周 每天 部署 失误 降为 服务器 集群 运维 服务器 集群 稳定性 降低 故障 发生率 巡检 故障 排查 监控 告警 规则 分级 策略 服务器 故障率 下降 平均 故障 响应 时间 缩短 分钟,未来 信息技术 运维 工程师 至今 运维 工程师 业务 开发 维护 需求 评审 编写 开发 文档 沉淀 技术规范 新人 熟悉业务 汇智 互联网 科技 运维 工程师 对接 产品 测试 跟进 需求 落地 缺陷 修复 分配 模块 编码 测试 保障系统 稳定 运行 运维 工程师 业务 开发 维护 需求 评审,实际 技术 功底 完整 开发 流程 独立 排查 常见 技术 认真负责 协作 高效 推进 项目 落地 持续 保持 技术 敏感度,Ansible MySQL Docker Kubernetes Nginx Prometheus Redis Linux Shell 软考中级,Ansible、MySQL、Docker、Kubernetes、Nginx、Prometheus、Redis、Linux、Shell,软考中级
严思琪,女,18128041532,yansiqi2145@126.com,18903888337,泉州,"期望岗位：数据分析师
期望城市：泉州
期望行业：互联网/信息技术/软件服务
期望薪资：34500-35000元",9年数据分析师资深经验，精通全链路技术架构，具备团队技术规划与方案设计能力，主导过多个大型项目重构与升级，在高并发/系统稳定性领域有深厚积累，能够带领团队攻克技术难题，驱动业务技术升级。,"福建船政交通职业学院 | 通信工程 | 专科
毕业时间：2013年6月
核心课程：数据结构、数据库原理、算法设计与分析、机器学习","【OPPO（东莞）】 数据分析师
2023年8月 - 至今
    · 编写开发文档，沉淀技术规范，协助新人熟悉业务
    · 负责公司数据分析师相关业务的开发与维护，参与需求评审

【未来科技有限公司】 数据分析师
2020年7月 - 2023年9月
    · 承担分配模块的编码、测试与优化工作，保障系统稳定运行
    · 负责公司数据分析师相关业务的开发与维护，参与需求评审

【中软数据技术有限公司】 数据分析师
2017年9月 - 2020年1月
    · 负责公司数据分析师相关业务的开发与维护，参与需求评审
    · 编写开发文档，沉淀技术规范，协助新人熟悉业务
    · 承担分配模块的编码、测试与优化工作，保障系统稳定运行","■ 销售数据预测建模
  项目目标：基于历史数据预测销量，指导库存与备货
  个人职责：数据预处理，构建时间序列预测模型，输出月度预测报告
  项目成果：预测准确率达89%，库存周转效率提升25%

■ 用户行为分析看板
  项目目标：构建用户行为数据体系，支撑运营决策
  个人职责：负责数据清洗、指标体系搭建，输出可视化运营报表
  项目成果：输出15+核心运营指标，支撑每月3次运营优化，用户留存率提升8%","专业技能：SQL、Tableau、Python、用户分析、统计学、Pandas
相关证书：红帽RHCE认证、MySQL数据库认证、计算机一级",拥有9年行业经验，技术视野开阔，具备方案设计与项目把控能力；逻辑清晰，善于定位并解决复杂技术问题；具备良好的团队管理与跨部门沟通能力，能够推动技术优化与业务落地；责任心强，追求技术与业务的平衡发展。,数据 分析师 资深 链路 技术 架构 技术 规划 方案设计 主导 多个 大型项目 重构 升级 并发 系统 稳定性 领域 深厚 带领 攻克 技术难题 驱动 业务 技术升级,销售 数据 预测 建模 基于 历史数据 预测 销量 指导 库存 备货 数据 预处理 构建 时间 序列 预测 模型 月度 预测 报告 预测 准确率 库存 周转 效率 用户 行为 分析 看板 构建 用户 行为 数据 体系 支撑 运营 决策 数据 清洗 指标体系 搭建 可视化 运营 报表 核心 运营 指标 支撑 每月 运营 用户 留存,OPPO 东莞 数据 分析师 至今 编写 开发 文档 沉淀 技术规范 新人 熟悉业务 数据 分析师 业务 开发 维护 需求 评审 未来 科技 数据 分析师 分配 模块 编码 测试 保障系统 稳定 运行 数据 分析师 业务 开发 维护 需求 评审 中软 数据 技术 数据 分析师 数据 分析师 业务 开发 维护 需求 评审 编写 开发 文档 沉淀 技术规范 新人 熟悉业务 分配 模块 编码 测试 保障系统 稳定 运行,技术 视野 开阔 方案设计 项目 逻辑 清晰 善于 定位 复杂 技术 管理 跨部门 推动 技术 业务 落地 责任心 追求 技术 业务 平衡 发展,SQL Tableau Python 用户分析 统计学 Pandas 红帽RHCE认证 MySQL数据库认证 计算机一级,SQL、Tableau、Python、用户分析、统计学、Pandas,红帽RHCE认证、MySQL数据库认证、计算机一级
武凯,男,18689001825,wukai81@126.com,wx_wukai_778,常州,"期望岗位：运维工程师
期望城市：常州
期望行业：互联网/信息技术/软件服务
期望薪资：5500-6000元",专科数学与应用数学专业应届毕业生，有0段运维工程师实习经验，掌握Jenkins技术栈，参与过实习项目开发，具备良好的代码规范与团队协作意识，能够快速上手业务，期望正式入职发展。,"福建船政交通职业学院 | 数学与应用数学 | 专科
毕业时间：2022年6月
核心课程：数据结构、算法设计与分析、Java程序设计、机器学习","【合众互联网科技有限公司】 运维工程师（实习）
2021年7月 - 至今
    · 承担分配模块的编码、测试与优化工作，保障系统稳定运行
    · 编写开发文档，沉淀技术规范，协助新人熟悉业务
    · 负责公司运维工程师相关业务的开发与维护，参与需求评审","■ 实验室服务器搭建实训
  项目目标：搭建实验室Linux服务器环境
  个人职责：负责系统安装、网络配置、基础服务部署
  项目成果：完成3台服务器环境搭建

■ 简单监控脚本开发
  项目目标：编写服务器状态监控脚本
  个人职责：实现CPU、内存、磁盘使用率自动采集
  项目成果：支持异常邮件告警","专业技能：网络运维、Redis、Prometheus、Linux、Ansible、MySQL、Docker
相关证书：计算机二级、软件设计师（中级）",有实习经验，熟悉开发基本流程，具备基础的项目实践能力；学习能力强，能够快速上手新业务新技术；工作踏实，责任心强，善于沟通协作，能够高效完成分配的工作任务。,专科 数学与应用数学 应届 毕业生 运维 工程师 实习 Jenkins 技术 实习 项目 开发 代码 规范 协作 上手 业务 正式 入职 发展,实验室 服务器 搭建 实训 搭建 实验室 Linux 服务器 环境 系统 安装 网络 配置 服务 部署 服务器 环境 搭建 简单 监控 脚本 开发 编写 服务器 状态 监控 脚本 CPU 内存 磁盘 使用率 自动 采集 异常 邮件 告警,合众 互联网 科技 运维 工程师 实习 至今 分配 模块 编码 测试 保障系统 稳定 运行 编写 开发 文档 沉淀 技术规范 新人 熟悉业务 运维 工程师 业务 开发 维护 需求 评审,实习 开发 基本 流程 项目 实践 上手 业务 技术 责任心 善于 协作 高效 分配,网络运维 Redis Prometheus Linux Ansible MySQL Docker 计算机二级 软件 设计师 中级,网络运维、Redis、Prometheus、Linux、Ansible、MySQL、Docker,计算机二级、软件设计师（中级）
范莉,女,13413928852,fanli59@126.com,wx_fanli_660,龙岩,"期望岗位：软件测试工程师
期望城市：龙岩
期望行业：互联网/信息技术/软件服务
期望薪资：面议",1年软件测试工程师工作经验，精通性能测试、缺陷管理技术栈，参与过完整项目迭代，能够独立完成模块开发与问题排查，注重代码质量与开发效率，具备良好的沟通协作能力。,"东南大学 | 电子信息工程 | 本科
毕业时间：2021年6月
核心课程：Java程序设计、数据库原理、软件工程、Python编程","【博思软件有限公司】 软件测试工程师
2025年2月 - 至今
    · 负责公司软件测试工程师相关业务的开发与维护，参与需求评审
    · 承担分配模块的编码、测试与优化工作，保障系统稳定运行","■ 自动化测试框架搭建
  项目目标：提升回归测试效率，减少人工重复劳动
  个人职责：基于Selenium搭建UI自动化框架，编写核心模块测试脚本
  项目成果：回归测试周期从7天缩短至2天，覆盖率达85%

■ 电商平台功能测试
  项目目标：保障电商系统上线质量，覆盖全业务流程
  个人职责：设计测试用例，执行功能、回归测试，提交缺陷报告
  项目成果：发现并修复120+缺陷，上线后线上缺陷率低于0.5%","专业技能：接口测试、Python、Appium、JMeter、MySQL、缺陷管理、测试用例设计、Postman、Selenium、功能测试
相关证书：系统架构设计师、计算机二级、计算机一级",拥有1年实际工作经验，技术功底扎实，熟悉完整开发流程；具备较强的问题解决能力，能够独立排查并解决常见技术问题；工作认真负责，注重团队协作，能够高效推进项目落地；持续学习，保持技术敏感度。,软件测试 工程师 性能测试 缺陷管理 技术 完整 项目 迭代 独立 模块 开发 排查 代码 质量 开发 效率 协作,自动化 测试 框架 搭建 回归 测试 效率 减少 人工 重复劳动 基于 Selenium 搭建 UI 自动化 框架 编写 核心 模块 测试 脚本 回归 测试 周期 缩短 覆盖率 电商 平台 功能测试 保障 电商 系统 上线 质量 覆盖 业务流程 测试用例 执行 功能 回归 测试 提交 缺陷 报告 发现 修复 缺陷 上线 后线 缺陷率 低于,博思 软件 软件测试 工程师 至今 软件测试 工程师 业务 开发 维护 需求 评审 分配 模块 编码 测试 保障系统 稳定 运行,实际 技术 功底 完整 开发 流程 独立 排查 常见 技术 认真负责 协作 高效 推进 项目 落地 持续 保持 技术 敏感度,接口测试 Python Appium JMeter MySQL 缺陷管理 测试用例设计 Postman Selenium 功能测试 系统架构设计师 计算机二级 计算机一级,接口测试、Python、Appium、JMeter、MySQL、缺陷管理、测试用例设计、Postman、Selenium、功能测试,系统架构设计师、计算机二级、计算机一级
