姓名,性别,手机号,邮箱,微信号,居住地,求职意向,个人简介,教育经历,工作/实践经历,项目经验,技能特长,自我评价
彭浩然,男,15294714260,penghaoran669@outlook.com,13747315601,宁德,"期望岗位：数据分析师
期望城市：宁德
期望行业：互联网/信息技术/软件服务
期望薪资：面议",5年数据分析师资深经验，精通全链路技术架构，具备团队技术规划与方案设计能力，主导过多个大型项目重构与升级，在高并发/系统稳定性领域有深厚积累，能够带领团队攻克技术难题，驱动业务技术升级。,"福建农林大学 | 数学与应用数学 | 本科
毕业时间：2017年6月
核心课程：计算机网络、数据结构、算法设计与分析、数据库原理","【启明互联网科技有限公司】 数据分析师
2025年1月 - 至今
    · 承担分配模块的编码、测试与优化工作，保障系统稳定运行
    · 负责公司数据分析师相关业务的开发与维护，参与需求评审
    · 编写开发文档，沉淀技术规范，协助新人熟悉业务

【博思信息技术有限公司】 数据分析师
2024年12月 - 2025年3月
    · 编写开发文档，沉淀技术规范，协助新人熟悉业务
    · 对接产品、测试团队，跟进需求落地与缺陷修复
    · 负责公司数据分析师相关业务的开发与维护，参与需求评审

【锐捷网络科技有限公司】 数据分析师
2023年6月 - 2024年3月
    · 对接产品、测试团队，跟进需求落地与缺陷修复
    · 负责公司数据分析师相关业务的开发与维护，参与需求评审","■ 销售数据预测建模
  项目目标：基于历史数据预测销量，指导库存与备货
  个人职责：数据预处理，构建时间序列预测模型，输出月度预测报告
  项目成果：预测准确率达89%，库存周转效率提升25%

■ 用户行为分析看板
  项目目标：构建用户行为数据体系，支撑运营决策
  个人职责：负责数据清洗、指标体系搭建，输出可视化运营报表
  项目成果：输出15+核心运营指标，支撑每月3次运营优化，用户留存率提升8%","专业技能：Tableau、Excel、数据可视化、统计学、Python、Pandas、Hive、MySQL
相关证书：华为HCIA认证、英语六级",拥有5年行业经验，技术视野开阔，具备方案设计与项目把控能力；逻辑清晰，善于定位并解决复杂技术问题；具备良好的团队管理与跨部门沟通能力，能够推动技术优化与业务落地；责任心强，追求技术与业务的平衡发展。
任恒,男,18698360783,renheng45@gmail.com,13912434343,深圳,"期望岗位：运维工程师
期望城市：深圳
期望行业：互联网/信息技术/软件服务
期望薪资：面议",2年运维工程师工作经验，精通Shell、Kubernetes技术栈，参与过完整项目迭代，能够独立完成模块开发与问题排查，注重代码质量与开发效率，具备良好的沟通协作能力。,"佛山科学技术学院 | 物联网工程 | 本科
毕业时间：2020年6月
核心课程：软件工程、算法设计与分析、Java程序设计、数据库原理","【网易（杭州）】 运维工程师
2025年11月 - 至今
    · 对接产品、测试团队，跟进需求落地与缺陷修复
    · 承担分配模块的编码、测试与优化工作，保障系统稳定运行

【用友网络科技有限公司】 运维工程师
2024年10月 - 2025年1月
    · 编写开发文档，沉淀技术规范，协助新人熟悉业务
    · 承担分配模块的编码、测试与优化工作，保障系统稳定运行","■ CI/CD自动化流水线
  项目目标：实现代码自动化构建、测试、部署，提升发布效率
  个人职责：基于Jenkins搭建持续集成流水线，配置Docker容器化部署
  项目成果：发布周期从每周1次提升至每天3次，部署失误率降为0

■ 服务器集群运维优化
  项目目标：提升服务器集群稳定性，降低故障发生率
  个人职责：负责日常巡检、故障排查，优化监控告警规则与分级策略
  项目成果：服务器故障率下降60%，平均故障响应时间缩短至15分钟","专业技能：Zabbix、Jenkins、Ansible、MySQL、Linux、Redis、Kubernetes、Docker
相关证书：阿里云ACP云计算认证",拥有2年实际工作经验，技术功底扎实，熟悉完整开发流程；具备较强的问题解决能力，能够独立排查并解决常见技术问题；工作认真负责，注重团队协作，能够高效推进项目落地；持续学习，保持技术敏感度。
沈茜,女,13233009419,shenxi0465@163.com,15918802447,佛山,"期望岗位：算法工程师
期望城市：佛山
期望行业：互联网/信息技术/软件服务
期望薪资：面议",本科数字媒体技术专业应届毕业生，掌握Python、数据结构基础技能，完成过课程设计与毕业项目，具备基础代码编写能力与问题排查思路，学习能力强，做事认真踏实，期望从事算法工程师相关工作。,"集美大学 | 数字媒体技术 | 本科
毕业时间：2022年6月
核心课程：算法设计与分析、机器学习、数据结构、Java程序设计","【校园实践】
    · 参与学校计算机协会技术部，负责协会网站日常维护
    · 协助老师完成实验室设备管理与系统环境搭建
    · 参与班级课程设计小组，担任后端开发角色","■ 电影推荐系统（毕设）
  项目目标：基于协同过滤实现简单电影推荐
  个人职责：数据处理、模型实现、效果验证
  项目成果：召回准确率达到75%","专业技能：特征工程、NLP、SQL、PyTorch、Python
相关证书：阿里云ACP云计算认证",应届毕业，具备扎实的专业基础知识与学习能力，能够快速掌握新技术；工作态度认真负责，有耐心，注重细节；具备良好的团队意识与沟通能力，能够积极配合团队完成任务；期望在工作中积累经验，快速成长。
许洋,男,18330292070,xuyang902@163.com,15914689074,南平,"期望岗位：数据分析师
期望城市：南平
期望行业：互联网/信息技术/软件服务
期望薪资：面议",3年数据分析师工作经验，精通统计学、Hive技术栈，参与过完整项目迭代，能够独立完成模块开发与问题排查，注重代码质量与开发效率，具备良好的沟通协作能力。,"福州大学 | 数学与应用数学 | 本科
毕业时间：2019年6月
核心课程：数据结构、机器学习、操作系统、Python编程","【信雅科技有限公司】 数据分析师
2025年3月 - 至今
    · 承担分配模块的编码、测试与优化工作，保障系统稳定运行
    · 对接产品、测试团队，跟进需求落地与缺陷修复

【信雅网络科技有限公司】 数据分析师
2024年4月 - 2025年1月
    · 负责公司数据分析师相关业务的开发与维护，参与需求评审
    · 编写开发文档，沉淀技术规范，协助新人熟悉业务
    · 对接产品、测试团队，跟进需求落地与缺陷修复","■ 用户行为分析看板
  项目目标：构建用户行为数据体系，支撑运营决策
  个人职责：负责数据清洗、指标体系搭建，输出可视化运营报表
  项目成果：输出15+核心运营指标，支撑每月3次运营优化，用户留存率提升8%

■ 销售数据预测建模
  项目目标：基于历史数据预测销量，指导库存与备货
  个人职责：数据预处理，构建时间序列预测模型，输出月度预测报告
  项目成果：预测准确率达89%，库存周转效率提升25%","专业技能：Tableau、MySQL、数据可视化、NumPy、Pandas、Excel
相关证书：红帽RHCE认证",拥有3年实际工作经验，技术功底扎实，熟悉完整开发流程；具备较强的问题解决能力，能够独立排查并解决常见技术问题；工作认真负责，注重团队协作，能够高效推进项目落地；持续学习，保持技术敏感度。
夏玲,女,18849878200,xialing860@163.com,15970851625,三明,"期望岗位：软件测试工程师
期望城市：三明
期望行业：互联网/信息技术/软件服务
期望薪资：面议",1年软件测试工程师工作经验，精通接口测试、接口测试技术栈，参与过完整项目迭代，能够独立完成模块开发与问题排查，注重代码质量与开发效率，具备良好的沟通协作能力。,"厦门大学 | 计算机科学与技术 | 本科
毕业时间：2021年6月
核心课程：操作系统、计算机网络、算法设计与分析、数据结构","【华为（东莞研究所）】 软件测试工程师
2025年5月 - 至今
    · 承担分配模块的编码、测试与优化工作，保障系统稳定运行
    · 编写开发文档，沉淀技术规范，协助新人熟悉业务
    · 负责公司软件测试工程师相关业务的开发与维护，参与需求评审","■ 自动化测试框架搭建
  项目目标：提升回归测试效率，减少人工重复劳动
  个人职责：基于Selenium搭建UI自动化框架，编写核心模块测试脚本
  项目成果：回归测试周期从7天缩短至2天，覆盖率达85%

■ 电商平台功能测试
  项目目标：保障电商系统上线质量，覆盖全业务流程
  个人职责：设计测试用例，执行功能、回归测试，提交缺陷报告
  项目成果：发现并修复120+缺陷，上线后线上缺陷率低于0.5%","专业技能：MySQL、Postman、测试用例设计、JMeter、Python、Selenium
相关证书：红帽RHCE认证、阿里云ACP云计算认证",拥有1年实际工作经验，技术功底扎实，熟悉完整开发流程；具备较强的问题解决能力，能够独立排查并解决常见技术问题；工作认真负责，注重团队协作，能够高效推进项目落地；持续学习，保持技术敏感度。
黄鹏,男,15268789029,huangpeng63@outlook.com,13755550796,厦门,"期望岗位：Java开发工程师
期望城市：厦门
期望行业：互联网/信息技术/软件服务
期望薪资：面议",3年Java开发工程师工作经验，精通Redis、微服务技术栈，参与过完整项目迭代，能够独立完成模块开发与问题排查，注重代码质量与开发效率，具备良好的沟通协作能力。,"苏州职业大学 | 数字媒体技术 | 专科
毕业时间：2019年6月
核心课程：算法设计与分析、机器学习、操作系统、数据结构","【新科互联网科技有限公司】 Java开发工程师
2025年2月 - 至今
    · 编写开发文档，沉淀技术规范，协助新人熟悉业务
    · 对接产品、测试团队，跟进需求落地与缺陷修复
    · 承担分配模块的编码、测试与优化工作，保障系统稳定运行

【智联数据技术有限公司】 Java开发工程师
2024年5月 - 2025年3月
    · 对接产品、测试团队，跟进需求落地与缺陷修复
    · 负责公司Java开发工程师相关业务的开发与维护，参与需求评审
    · 承担分配模块的编码、测试与优化工作，保障系统稳定运行","■ 微服务用户中心重构
  项目目标：将单体用户系统拆分为微服务架构，提升并发承载能力
  个人职责：负责登录、注册、权限模块开发，优化数据库查询与缓存策略
  项目成果：支持并发量从500提升至5000，接口响应耗时减少60%

■ 电商订单交易系统
  项目目标：搭建高可用电商订单系统，支撑大促流量峰值
  个人职责：负责订单创建、支付回调、库存扣减核心逻辑开发
  项目成果：支撑日均订单量10万+，系统可用性达99.95%","专业技能：微服务、Docker、SpringCloud、Java、SpringBoot、RabbitMQ、MyBatis、Redis、JVM调优、Git
相关证书：软考中级",拥有3年实际工作经验，技术功底扎实，熟悉完整开发流程；具备较强的问题解决能力，能够独立排查并解决常见技术问题；工作认真负责，注重团队协作，能够高效推进项目落地；持续学习，保持技术敏感度。
吕颖,女,18499661881,lvying21@126.com,18533285026,佛山,"期望岗位：运维工程师
期望城市：佛山
期望行业：互联网/信息技术/软件服务
期望薪资：面议",专科信息管理与信息系统专业应届毕业生，掌握Jenkins、Redis基础技能，完成过课程设计与毕业项目，具备基础代码编写能力与问题排查思路，学习能力强，做事认真踏实，期望从事运维工程师相关工作。,"泉州经贸职业技术学院 | 信息管理与信息系统 | 专科
毕业时间：2022年6月
核心课程：数据库原理、操作系统、计算机网络、数字信号处理","【校园实践】
    · 参与学校计算机协会技术部，负责协会网站日常维护
    · 协助老师完成实验室设备管理与系统环境搭建
    · 参与班级课程设计小组，担任后端开发角色","■ 实验室服务器搭建实训
  项目目标：搭建实验室Linux服务器环境
  个人职责：负责系统安装、网络配置、基础服务部署
  项目成果：完成3台服务器环境搭建","专业技能：Shell、Docker、MySQL、网络运维、Prometheus
相关证书：无",应届毕业，具备扎实的专业基础知识与学习能力，能够快速掌握新技术；工作态度认真负责，有耐心，注重细节；具备良好的团队意识与沟通能力，能够积极配合团队完成任务；期望在工作中积累经验，快速成长。
苏飞,男,13413889430,sufei4411@126.com,18990241500,龙岩,"期望岗位：数据分析师
期望城市：龙岩
期望行业：互联网/信息技术/软件服务
期望薪资：面议",3年数据分析师工作经验，精通SQL、用户分析技术栈，参与过完整项目迭代，能够独立完成模块开发与问题排查，注重代码质量与开发效率，具备良好的沟通协作能力。,"暨南大学 | 计算机应用技术 | 本科
毕业时间：2019年6月
核心课程：数据库原理、数字信号处理、机器学习、数据结构","【OPPO（东莞）】 数据分析师
2025年8月 - 至今
    · 编写开发文档，沉淀技术规范，协助新人熟悉业务
    · 负责公司数据分析师相关业务的开发与维护，参与需求评审

【用友科技有限公司】 数据分析师
2024年3月 - 2025年5月
    · 负责公司数据分析师相关业务的开发与维护，参与需求评审
    · 承担分配模块的编码、测试与优化工作，保障系统稳定运行
    · 编写开发文档，沉淀技术规范，协助新人熟悉业务","■ 用户行为分析看板
  项目目标：构建用户行为数据体系，支撑运营决策
  个人职责：负责数据清洗、指标体系搭建，输出可视化运营报表
  项目成果：输出15+核心运营指标，支撑每月3次运营优化，用户留存率提升8%

■ 销售数据预测建模
  项目目标：基于历史数据预测销量，指导库存与备货
  个人职责：数据预处理，构建时间序列预测模型，输出月度预测报告
  项目成果：预测准确率达89%，库存周转效率提升25%","专业技能：MySQL、数据可视化、Pandas、统计学、用户分析、Hive
相关证书：英语六级",拥有3年实际工作经验，技术功底扎实，熟悉完整开发流程；具备较强的问题解决能力，能够独立排查并解决常见技术问题；工作认真负责，注重团队协作，能够高效推进项目落地；持续学习，保持技术敏感度。
向雪,女,13093997252,xiangxue18@126.com,13757160824,泉州,"期望岗位：Python开发工程师
期望城市：泉州
期望行业：互联网/信息技术/软件服务
期望薪资：面议",2年Python开发工程师工作经验，精通Python、Django技术栈，参与过完整项目迭代，能够独立完成模块开发与问题排查，注重代码质量与开发效率，具备良好的沟通协作能力。,"深圳职业技术学院 | 信息管理与信息系统 | 专科
毕业时间：2020年6月
核心课程：Java程序设计、操作系统、机器学习、计算机网络","【OPPO（东莞）】 Python开发工程师
2025年12月 - 至今
    · 负责公司Python开发工程师相关业务的开发与维护，参与需求评审
    · 对接产品、测试团队，跟进需求落地与缺陷修复

【微远数据技术有限公司】 Python开发工程师
2024年1月 - 2025年7月
    · 对接产品、测试团队，跟进需求落地与缺陷修复
    · 负责公司Python开发工程师相关业务的开发与维护，参与需求评审
    · 编写开发文档，沉淀技术规范，协助新人熟悉业务","■ 自动化运维平台
  项目目标：开发运维管理平台，实现服务器批量管理
  个人职责：负责监控、告警、任务调度模块后端开发
  项目成果：管理服务器200+，运维人力成本降低50%

■ 数据采集爬虫系统
  项目目标：搭建分布式爬虫平台，采集多渠道公开数据
  个人职责：负责反爬策略破解、数据清洗、入库逻辑开发
  项目成果：日均采集数据50万条，数据准确率98%以上","专业技能：Git、MySQL、FastAPI、Linux、Django、Python、MongoDB、Docker、Flask、爬虫
相关证书：PMP项目管理专业人士、计算机二级",拥有2年实际工作经验，技术功底扎实，熟悉完整开发流程；具备较强的问题解决能力，能够独立排查并解决常见技术问题；工作认真负责，注重团队协作，能够高效推进项目落地；持续学习，保持技术敏感度。
郑健,男,17774424612,zhengjian41@outlook.com,wx_zhengjian_948,南京,"期望岗位：运维工程师
期望城市：南京
期望行业：互联网/信息技术/软件服务
期望薪资：面议",4年运维工程师从业经验，精通网络运维技术架构，主导过中型项目从0到1落地，擅长技术方案设计与性能优化，曾推动核心模块技术重构，带来显著效率提升，具备跨部门协作与项目推进能力。,"南京工业职业技术大学 | 数学与应用数学 | 专科
毕业时间：2018年6月
核心课程：算法设计与分析、机器学习、数据库原理、软件工程","【汇智互联网科技有限公司】 运维工程师
2024年10月 - 至今
    · 承担分配模块的编码、测试与优化工作，保障系统稳定运行
    · 编写开发文档，沉淀技术规范，协助新人熟悉业务
    · 对接产品、测试团队，跟进需求落地与缺陷修复

【未来网络科技有限公司】 运维工程师
2022年7月 - 2024年4月
    · 承担分配模块的编码、测试与优化工作，保障系统稳定运行
    · 对接产品、测试团队，跟进需求落地与缺陷修复
    · 负责公司运维工程师相关业务的开发与维护，参与需求评审","■ 服务器集群运维优化
  项目目标：提升服务器集群稳定性，降低故障发生率
  个人职责：负责日常巡检、故障排查，优化监控告警规则与分级策略
  项目成果：服务器故障率下降60%，平均故障响应时间缩短至15分钟

■ CI/CD自动化流水线
  项目目标：实现代码自动化构建、测试、部署，提升发布效率
  个人职责：基于Jenkins搭建持续集成流水线，配置Docker容器化部署
  项目成果：发布周期从每周1次提升至每天3次，部署失误率降为0","专业技能：Redis、Kubernetes、Shell、MySQL、网络运维、Nginx、Docker、Ansible
相关证书：华为HCIA认证、软件设计师（中级）、红帽RHCE认证",拥有4年行业经验，技术视野开阔，具备方案设计与项目把控能力；逻辑清晰，善于定位并解决复杂技术问题；具备良好的团队管理与跨部门沟通能力，能够推动技术优化与业务落地；责任心强，追求技术与业务的平衡发展。
苏杰,男,18997076013,sujie329@gmail.com,wx_sujie_858,苏州,"期望岗位：算法工程师
期望城市：苏州
期望行业：互联网/信息技术/软件服务
期望薪资：面议",9年算法工程师资深经验，精通全链路技术架构，具备团队技术规划与方案设计能力，主导过多个大型项目重构与升级，在高并发/系统稳定性领域有深厚积累，能够带领团队攻克技术难题，驱动业务技术升级。,"浙江大学 | 电子信息工程 | 本科
毕业时间：2013年6月
核心课程：数据库原理、数字信号处理、计算机网络、数据结构","【汇智信息技术有限公司】 算法工程师
2023年2月 - 至今
    · 承担分配模块的编码、测试与优化工作，保障系统稳定运行
    · 负责公司算法工程师相关业务的开发与维护，参与需求评审

【金蝶数据技术有限公司】 算法工程师
2020年11月 - 2023年7月
    · 承担分配模块的编码、测试与优化工作，保障系统稳定运行
    · 对接产品、测试团队，跟进需求落地与缺陷修复

【云创信息技术有限公司】 算法工程师
2017年2月 - 2020年7月
    · 承担分配模块的编码、测试与优化工作，保障系统稳定运行
    · 负责公司算法工程师相关业务的开发与维护，参与需求评审","■ 风控欺诈识别模型
  项目目标：识别交易欺诈行为，降低资金损失风险
  个人职责：特征工程，构建XGBoost风控模型，在线部署与迭代
  项目成果：欺诈识别准确率达92%，每年减少损失超200万

■ 个性化推荐系统
  项目目标：提升内容推荐精准度，增加用户停留时长
  个人职责：负责协同过滤、深度学习推荐模型开发与离线优化
  项目成果：用户平均停留时长提升25%，点击率提升15%","专业技能：深度学习、机器学习、Python、NLP、特征工程、算法优化
相关证书：计算机一级",拥有9年行业经验，技术视野开阔，具备方案设计与项目把控能力；逻辑清晰，善于定位并解决复杂技术问题；具备良好的团队管理与跨部门沟通能力，能够推动技术优化与业务落地；责任心强，追求技术与业务的平衡发展。
汪妍,女,15148259537,wangyan753@qq.com,15352690636,三明,"期望岗位：算法工程师
期望城市：三明
期望行业：互联网/信息技术/软件服务
期望薪资：面议",7年算法工程师资深经验，精通全链路技术架构，具备团队技术规划与方案设计能力，主导过多个大型项目重构与升级，在高并发/系统稳定性领域有深厚积累，能够带领团队攻克技术难题，驱动业务技术升级。,"南昌大学 | 软件技术 | 本科
毕业时间：2015年6月
核心课程：软件工程、数据库原理、数据结构、Java程序设计","【云创互联网科技有限公司】 算法工程师
2024年3月 - 至今
    · 编写开发文档，沉淀技术规范，协助新人熟悉业务
    · 承担分配模块的编码、测试与优化工作，保障系统稳定运行
    · 对接产品、测试团队，跟进需求落地与缺陷修复

【数聚网络科技有限公司】 算法工程师
2022年12月 - 2024年6月
    · 负责公司算法工程师相关业务的开发与维护，参与需求评审
    · 编写开发文档，沉淀技术规范，协助新人熟悉业务
    · 对接产品、测试团队，跟进需求落地与缺陷修复

【汇智网络科技有限公司】 算法工程师
2020年1月 - 2022年9月
    · 对接产品、测试团队，跟进需求落地与缺陷修复
    · 承担分配模块的编码、测试与优化工作，保障系统稳定运行
    · 负责公司算法工程师相关业务的开发与维护，参与需求评审","■ 风控欺诈识别模型
  项目目标：识别交易欺诈行为，降低资金损失风险
  个人职责：特征工程，构建XGBoost风控模型，在线部署与迭代
  项目成果：欺诈识别准确率达92%，每年减少损失超200万

■ 个性化推荐系统
  项目目标：提升内容推荐精准度，增加用户停留时长
  个人职责：负责协同过滤、深度学习推荐模型开发与离线优化
  项目成果：用户平均停留时长提升25%，点击率提升15%","专业技能：算法优化、Python、特征工程、计算机视觉、推荐算法、TensorFlow、SQL、机器学习
相关证书：英语四级、计算机二级",拥有7年行业经验，技术视野开阔，具备方案设计与项目把控能力；逻辑清晰，善于定位并解决复杂技术问题；具备良好的团队管理与跨部门沟通能力，能够推动技术优化与业务落地；责任心强，追求技术与业务的平衡发展。
孙峰,男,18860870306,sunfeng58@126.com,wx_sunfeng_838,泉州,"期望岗位：Java开发工程师
期望城市：泉州
期望行业：互联网/信息技术/软件服务
期望薪资：面议",7年Java开发工程师资深经验，精通全链路技术架构，具备团队技术规划与方案设计能力，主导过多个大型项目重构与升级，在高并发/系统稳定性领域有深厚积累，能够带领团队攻克技术难题，驱动业务技术升级。,"南京工程学院 | 计算机科学与技术 | 本科
毕业时间：2015年6月
核心课程：软件工程、数字信号处理、机器学习、Java程序设计","【未来科技有限公司】 Java开发工程师
2024年1月 - 至今
    · 对接产品、测试团队，跟进需求落地与缺陷修复
    · 承担分配模块的编码、测试与优化工作，保障系统稳定运行
    · 负责公司Java开发工程师相关业务的开发与维护，参与需求评审

【智联软件有限公司】 Java开发工程师
2022年12月 - 2024年2月
    · 编写开发文档，沉淀技术规范，协助新人熟悉业务
    · 承担分配模块的编码、测试与优化工作，保障系统稳定运行
    · 对接产品、测试团队，跟进需求落地与缺陷修复

【信雅数据技术有限公司】 Java开发工程师
2020年10月 - 2022年1月
    · 对接产品、测试团队，跟进需求落地与缺陷修复
    · 编写开发文档，沉淀技术规范，协助新人熟悉业务
    · 负责公司Java开发工程师相关业务的开发与维护，参与需求评审","■ 电商订单交易系统
  项目目标：搭建高可用电商订单系统，支撑大促流量峰值
  个人职责：负责订单创建、支付回调、库存扣减核心逻辑开发
  项目成果：支撑日均订单量10万+，系统可用性达99.95%

■ 微服务用户中心重构
  项目目标：将单体用户系统拆分为微服务架构，提升并发承载能力
  个人职责：负责登录、注册、权限模块开发，优化数据库查询与缓存策略
  项目成果：支持并发量从500提升至5000，接口响应耗时减少60%","专业技能：Redis、Git、Linux、MyBatis、MySQL、Docker、SpringCloud、Java、SpringBoot
相关证书：无",拥有7年行业经验，技术视野开阔，具备方案设计与项目把控能力；逻辑清晰，善于定位并解决复杂技术问题；具备良好的团队管理与跨部门沟通能力，能够推动技术优化与业务落地；责任心强，追求技术与业务的平衡发展。
尹璐,女,13646408287,yinlu321@126.com,wx_yinlu_729,厦门,"期望岗位：软件测试工程师
期望城市：厦门
期望行业：互联网/信息技术/软件服务
期望薪资：面议",本科计算机应用技术专业应届毕业生，掌握TestNG、Appium基础技能，完成过课程设计与毕业项目，具备基础代码编写能力与问题排查思路，学习能力强，做事认真踏实，期望从事软件测试工程师相关工作。,"浙江大学 | 计算机应用技术 | 本科
毕业时间：2022年6月
核心课程：算法设计与分析、Python编程、数据库原理、软件工程","【校园实践】
    · 参与学校计算机协会技术部，负责协会网站日常维护
    · 协助老师完成实验室设备管理与系统环境搭建
    · 参与班级课程设计小组，担任后端开发角色","■ 网页兼容性测试实训
  项目目标：对多个网站进行浏览器兼容测试
  个人职责：制定测试方案，输出测试报告
  项目成果：覆盖5款主流浏览器","专业技能：Python、功能测试、Selenium、JMeter
相关证书：阿里云ACP云计算认证、计算机二级",应届毕业，具备扎实的专业基础知识与学习能力，能够快速掌握新技术；工作态度认真负责，有耐心，注重细节；具备良好的团队意识与沟通能力，能够积极配合团队完成任务；期望在工作中积累经验，快速成长。
黎洋,男,13145747978,liyang39@163.com,wx_liyang_313,南昌,"期望岗位：软件测试工程师
期望城市：南昌
期望行业：互联网/信息技术/软件服务
期望薪资：面议",1年软件测试工程师工作经验，精通性能测试、性能测试技术栈，参与过完整项目迭代，能够独立完成模块开发与问题排查，注重代码质量与开发效率，具备良好的沟通协作能力。,"南京理工大学 | 数学与应用数学 | 本科
毕业时间：2021年6月
核心课程：Python编程、操作系统、Java程序设计、数据库原理","【用友网络科技有限公司】 软件测试工程师
2025年4月 - 至今
    · 承担分配模块的编码、测试与优化工作，保障系统稳定运行
    · 负责公司软件测试工程师相关业务的开发与维护，参与需求评审
    · 对接产品、测试团队，跟进需求落地与缺陷修复","■ 电商平台功能测试
  项目目标：保障电商系统上线质量，覆盖全业务流程
  个人职责：设计测试用例，执行功能、回归测试，提交缺陷报告
  项目成果：发现并修复120+缺陷，上线后线上缺陷率低于0.5%

■ 自动化测试框架搭建
  项目目标：提升回归测试效率，减少人工重复劳动
  个人职责：基于Selenium搭建UI自动化框架，编写核心模块测试脚本
  项目成果：回归测试周期从7天缩短至2天，覆盖率达85%","专业技能：Postman、功能测试、缺陷管理、Appium、TestNG、性能测试、接口测试、Python、JMeter、MySQL
相关证书：英语四级、计算机二级、MySQL数据库认证",拥有1年实际工作经验，技术功底扎实，熟悉完整开发流程；具备较强的问题解决能力，能够独立排查并解决常见技术问题；工作认真负责，注重团队协作，能够高效推进项目落地；持续学习，保持技术敏感度。
杨梦瑶,女,15266957140,yangmengyao51@163.com,wx_yangmengyao_551,莆田,"期望岗位：前端开发工程师
期望城市：莆田
期望行业：互联网/信息技术/软件服务
期望薪资：面议",本科电子信息工程专业应届毕业生，有0段前端开发工程师实习经验，掌握Element UI技术栈，参与过实习项目开发，具备良好的代码规范与团队协作意识，能够快速上手业务，期望正式入职发展。,"南京大学 | 电子信息工程 | 本科
毕业时间：2022年6月
核心课程：算法设计与分析、Python编程、操作系统、数据库原理","【天擎互联网科技有限公司】 前端开发工程师（实习）
2018年4月 - 至今
    · 编写开发文档，沉淀技术规范，协助新人熟悉业务
    · 承担分配模块的编码、测试与优化工作，保障系统稳定运行
    · 负责公司前端开发工程师相关业务的开发与维护，参与需求评审","■ 校园社团官网（实训项目）
  项目目标：为学校社团开发官方展示网站
  个人职责：负责首页、新闻页、成员页开发
  项目成果：上线后访问量累计5000+

■ 个人博客系统（课程作业）
  项目目标：开发个人博客前端页面，实现文章展示与评论
  个人职责：负责页面布局、交互效果、接口联调
  项目成果：完成响应式页面，兼容多浏览器","专业技能：Element UI、Axios、CSS3、JavaScript、TypeScript、React
相关证书：无",有实习经验，熟悉开发基本流程，具备基础的项目实践能力；学习能力强，能够快速上手新业务新技术；工作踏实，责任心强，善于沟通协作，能够高效完成分配的工作任务。
廖雯,女,13105303823,liaowen9455@outlook.com,wx_liaowen_659,宁波,"期望岗位：Python开发工程师
期望城市：宁波
期望行业：互联网/信息技术/软件服务
期望薪资：面议",专科信息管理与信息系统专业应届毕业生，掌握Celery、Git基础技能，完成过课程设计与毕业项目，具备基础代码编写能力与问题排查思路，学习能力强，做事认真踏实，期望从事Python开发工程师相关工作。,"厦门海洋职业技术学院 | 信息管理与信息系统 | 专科
毕业时间：2022年6月
核心课程：算法设计与分析、Java程序设计、机器学习、Python编程","【校园实践】
    · 参与学校计算机协会技术部，负责协会网站日常维护
    · 协助老师完成实验室设备管理与系统环境搭建
    · 参与班级课程设计小组，担任后端开发角色","■ 简单爬虫脚本开发
  项目目标：爬取公开网站数据并入库
  个人职责：负责反爬处理、数据清洗、SQLite存储
  项目成果：日均采集数据1万条","专业技能：Celery、Linux、Git、Flask
相关证书：英语四级、计算机二级",应届毕业，具备扎实的专业基础知识与学习能力，能够快速掌握新技术；工作态度认真负责，有耐心，注重细节；具备良好的团队意识与沟通能力，能够积极配合团队完成任务；期望在工作中积累经验，快速成长。
汪琳,女,13595011842,wanglin5266@qq.com,15974187070,佛山,"期望岗位：Python开发工程师
期望城市：佛山
期望行业：互联网/信息技术/软件服务
期望薪资：面议",本科计算机应用技术专业应届毕业生，有1段Python开发工程师实习经验，掌握Git技术栈，参与过实习项目开发，具备良好的代码规范与团队协作意识，能够快速上手业务，期望正式入职发展。,"中山大学 | 计算机应用技术 | 本科
毕业时间：2021年6月
核心课程：数据库原理、数字信号处理、软件工程、机器学习","【锐捷互联网科技有限公司】 Python开发工程师（实习）
2025年3月 - 至今
    · 承担分配模块的编码、测试与优化工作，保障系统稳定运行
    · 编写开发文档，沉淀技术规范，协助新人熟悉业务
    · 负责公司Python开发工程师相关业务的开发与维护，参与需求评审","■ 自动化办公脚本
  项目目标：批量处理Excel表格数据
  个人职责：实现数据合并、格式转换、自动统计
  项目成果：提升人工效率80%

■ 简单爬虫脚本开发
  项目目标：爬取公开网站数据并入库
  个人职责：负责反爬处理、数据清洗、SQLite存储
  项目成果：日均采集数据1万条","专业技能：爬虫、Celery、FastAPI、MySQL、Docker、Redis、Flask
相关证书：无",有实习经验，熟悉开发基本流程，具备基础的项目实践能力；学习能力强，能够快速上手新业务新技术；工作踏实，责任心强，善于沟通协作，能够高效完成分配的工作任务。
胡欣,女,13873415198,huxin00@gmail.com,15002159101,广州,"期望岗位：Python开发工程师
期望城市：广州
期望行业：互联网/信息技术/软件服务
期望薪资：面议",4年Python开发工程师从业经验，精通Redis技术架构，主导过中型项目从0到1落地，擅长技术方案设计与性能优化，曾推动核心模块技术重构，带来显著效率提升，具备跨部门协作与项目推进能力。,"集美大学 | 物联网工程 | 本科
毕业时间：2018年6月
核心课程：计算机网络、操作系统、数据库原理、算法设计与分析","【易联科技有限公司】 Python开发工程师
2024年2月 - 至今
    · 承担分配模块的编码、测试与优化工作，保障系统稳定运行
    · 负责公司Python开发工程师相关业务的开发与维护，参与需求评审

【博思互联网科技有限公司】 Python开发工程师
2022年11月 - 2024年12月
    · 负责公司Python开发工程师相关业务的开发与维护，参与需求评审
    · 编写开发文档，沉淀技术规范，协助新人熟悉业务","■ 数据采集爬虫系统
  项目目标：搭建分布式爬虫平台，采集多渠道公开数据
  个人职责：负责反爬策略破解、数据清洗、入库逻辑开发
  项目成果：日均采集数据50万条，数据准确率98%以上

■ 自动化运维平台
  项目目标：开发运维管理平台，实现服务器批量管理
  个人职责：负责监控、告警、任务调度模块后端开发
  项目成果：管理服务器200+，运维人力成本降低50%","专业技能：Flask、MySQL、FastAPI、Python、Docker、Linux、Git、Celery、爬虫
相关证书：无",拥有4年行业经验，技术视野开阔，具备方案设计与项目把控能力；逻辑清晰，善于定位并解决复杂技术问题；具备良好的团队管理与跨部门沟通能力，能够推动技术优化与业务落地；责任心强，追求技术与业务的平衡发展。
卢飞,男,15573695530,lufei542@gmail.com,15981294306,杭州,"期望岗位：算法工程师
期望城市：杭州
期望行业：互联网/信息技术/软件服务
期望薪资：面议",2年算法工程师工作经验，精通TensorFlow、计算机视觉技术栈，参与过完整项目迭代，能够独立完成模块开发与问题排查，注重代码质量与开发效率，具备良好的沟通协作能力。,"南京工业职业技术大学 | 计算机科学与技术 | 专科
毕业时间：2020年6月
核心课程：Python编程、计算机网络、算法设计与分析、Java程序设计","【通元软件有限公司】 算法工程师
2025年5月 - 至今
    · 承担分配模块的编码、测试与优化工作，保障系统稳定运行
    · 对接产品、测试团队，跟进需求落地与缺陷修复

【数聚网络科技有限公司】 算法工程师
2024年9月 - 2025年7月
    · 编写开发文档，沉淀技术规范，协助新人熟悉业务
    · 负责公司算法工程师相关业务的开发与维护，参与需求评审
    · 对接产品、测试团队，跟进需求落地与缺陷修复","■ 风控欺诈识别模型
  项目目标：识别交易欺诈行为，降低资金损失风险
  个人职责：特征工程，构建XGBoost风控模型，在线部署与迭代
  项目成果：欺诈识别准确率达92%，每年减少损失超200万

■ 个性化推荐系统
  项目目标：提升内容推荐精准度，增加用户停留时长
  个人职责：负责协同过滤、深度学习推荐模型开发与离线优化
  项目成果：用户平均停留时长提升25%，点击率提升15%","专业技能：TensorFlow、推荐算法、PyTorch、计算机视觉、算法优化、数据结构、机器学习、深度学习、NLP
相关证书：阿里云ACP云计算认证、系统架构设计师、计算机一级",拥有2年实际工作经验，技术功底扎实，熟悉完整开发流程；具备较强的问题解决能力，能够独立排查并解决常见技术问题；工作认真负责，注重团队协作，能够高效推进项目落地；持续学习，保持技术敏感度。
龚皓,男,18267334015,gonghao75@qq.com,wx_gonghao_472,南昌,"期望岗位：Python开发工程师
期望城市：南昌
期望行业：互联网/信息技术/软件服务
期望薪资：面议",专科软件工程专业应届毕业生，掌握FastAPI、爬虫基础技能，完成过课程设计与毕业项目，具备基础代码编写能力与问题排查思路，学习能力强，做事认真踏实，期望从事Python开发工程师相关工作。,"南京工业职业技术大学 | 软件工程 | 专科
毕业时间：2022年6月
核心课程：数据库原理、算法设计与分析、机器学习、Java程序设计","【校园实践】
    · 参与学校计算机协会技术部，负责协会网站日常维护
    · 协助老师完成实验室设备管理与系统环境搭建
    · 参与班级课程设计小组，担任后端开发角色","■ 自动化办公脚本
  项目目标：批量处理Excel表格数据
  个人职责：实现数据合并、格式转换、自动统计
  项目成果：提升人工效率80%","专业技能：Celery、FastAPI、MySQL、Django、Flask
相关证书：计算机一级",应届毕业，具备扎实的专业基础知识与学习能力，能够快速掌握新技术；工作态度认真负责，有耐心，注重细节；具备良好的团队意识与沟通能力，能够积极配合团队完成任务；期望在工作中积累经验，快速成长。
钱语桐,女,18317385575,qian语tong705@qq.com,wx_qian语tong_926,杭州,"期望岗位：软件测试工程师
期望城市：杭州
期望行业：互联网/信息技术/软件服务
期望薪资：面议",1年软件测试工程师工作经验，精通Python、TestNG技术栈，参与过完整项目迭代，能够独立完成模块开发与问题排查，注重代码质量与开发效率，具备良好的沟通协作能力。,"福建船政交通职业学院 | 计算机科学与技术 | 专科
毕业时间：2021年6月
核心课程：操作系统、数据库原理、计算机网络、数据结构","【卓望数据技术有限公司】 软件测试工程师
2025年6月 - 至今
    · 编写开发文档，沉淀技术规范，协助新人熟悉业务
    · 对接产品、测试团队，跟进需求落地与缺陷修复
    · 负责公司软件测试工程师相关业务的开发与维护，参与需求评审","■ 电商平台功能测试
  项目目标：保障电商系统上线质量，覆盖全业务流程
  个人职责：设计测试用例，执行功能、回归测试，提交缺陷报告
  项目成果：发现并修复120+缺陷，上线后线上缺陷率低于0.5%

■ 自动化测试框架搭建
  项目目标：提升回归测试效率，减少人工重复劳动
  个人职责：基于Selenium搭建UI自动化框架，编写核心模块测试脚本
  项目成果：回归测试周期从7天缩短至2天，覆盖率达85%","专业技能：缺陷管理、Python、JMeter、Postman、Selenium、接口测试、Appium、TestNG
相关证书：系统架构设计师、软考中级",拥有1年实际工作经验，技术功底扎实，熟悉完整开发流程；具备较强的问题解决能力，能够独立排查并解决常见技术问题；工作认真负责，注重团队协作，能够高效推进项目落地；持续学习，保持技术敏感度。
段一诺,女,18793246923,duan一nuo6878@163.com,wx_duan一nuo_356,苏州,"期望岗位：运维工程师
期望城市：苏州
期望行业：互联网/信息技术/软件服务
期望薪资：面议",10年运维工程师资深经验，精通全链路技术架构，具备团队技术规划与方案设计能力，主导过多个大型项目重构与升级，在高并发/系统稳定性领域有深厚积累，能够带领团队攻克技术难题，驱动业务技术升级。,"南京理工大学 | 数字媒体技术 | 本科
毕业时间：2012年6月
核心课程：Python编程、数据库原理、算法设计与分析、计算机网络","【吉比特网络】 运维工程师
2023年11月 - 至今
    · 对接产品、测试团队，跟进需求落地与缺陷修复
    · 承担分配模块的编码、测试与优化工作，保障系统稳定运行

【新科软件有限公司】 运维工程师
2020年11月 - 2023年9月
    · 承担分配模块的编码、测试与优化工作，保障系统稳定运行
    · 负责公司运维工程师相关业务的开发与维护，参与需求评审
    · 编写开发文档，沉淀技术规范，协助新人熟悉业务

【新科软件有限公司】 运维工程师
2017年6月 - 2020年4月
    · 对接产品、测试团队，跟进需求落地与缺陷修复
    · 负责公司运维工程师相关业务的开发与维护，参与需求评审
    · 编写开发文档，沉淀技术规范，协助新人熟悉业务","■ CI/CD自动化流水线
  项目目标：实现代码自动化构建、测试、部署，提升发布效率
  个人职责：基于Jenkins搭建持续集成流水线，配置Docker容器化部署
  项目成果：发布周期从每周1次提升至每天3次，部署失误率降为0

■ 服务器集群运维优化
  项目目标：提升服务器集群稳定性，降低故障发生率
  个人职责：负责日常巡检、故障排查，优化监控告警规则与分级策略
  项目成果：服务器故障率下降60%，平均故障响应时间缩短至15分钟","专业技能：Redis、Zabbix、Shell、Ansible、Nginx、网络运维、Kubernetes、Docker、Linux
相关证书：无",拥有10年行业经验，技术视野开阔，具备方案设计与项目把控能力；逻辑清晰，善于定位并解决复杂技术问题；具备良好的团队管理与跨部门沟通能力，能够推动技术优化与业务落地；责任心强，追求技术与业务的平衡发展。
于勇,男,18956950552,yuyong259@126.com,wx_yuyong_175,珠海,"期望岗位：Java开发工程师
期望城市：珠海
期望行业：互联网/信息技术/软件服务
期望薪资：面议",3年Java开发工程师从业经验，精通MySQL技术架构，主导过中型项目从0到1落地，擅长技术方案设计与性能优化，曾推动核心模块技术重构，带来显著效率提升，具备跨部门协作与项目推进能力。,"南昌大学 | 数学与应用数学 | 本科
毕业时间：2019年6月
核心课程：算法设计与分析、Java程序设计、数据结构、数字信号处理","【科创信息技术有限公司】 Java开发工程师
2025年4月 - 至今
    · 编写开发文档，沉淀技术规范，协助新人熟悉业务
    · 对接产品、测试团队，跟进需求落地与缺陷修复
    · 负责公司Java开发工程师相关业务的开发与维护，参与需求评审

【启明软件有限公司】 Java开发工程师
2024年6月 - 2025年1月
    · 编写开发文档，沉淀技术规范，协助新人熟悉业务
    · 承担分配模块的编码、测试与优化工作，保障系统稳定运行","■ 微服务用户中心重构
  项目目标：将单体用户系统拆分为微服务架构，提升并发承载能力
  个人职责：负责登录、注册、权限模块开发，优化数据库查询与缓存策略
  项目成果：支持并发量从500提升至5000，接口响应耗时减少60%

■ 电商订单交易系统
  项目目标：搭建高可用电商订单系统，支撑大促流量峰值
  个人职责：负责订单创建、支付回调、库存扣减核心逻辑开发
  项目成果：支撑日均订单量10万+，系统可用性达99.95%","专业技能：Git、SpringBoot、Redis、Linux、MySQL、MyBatis
相关证书：无",拥有3年行业经验，技术视野开阔，具备方案设计与项目把控能力；逻辑清晰，善于定位并解决复杂技术问题；具备良好的团队管理与跨部门沟通能力，能够推动技术优化与业务落地；责任心强，追求技术与业务的平衡发展。
郑妍,女,15956225854,zhengyan3272@126.com,18914754725,杭州,"期望岗位：Java开发工程师
期望城市：杭州
期望行业：互联网/信息技术/软件服务
期望薪资：面议",5年Java开发工程师从业经验，精通Docker技术架构，主导过中型项目从0到1落地，擅长技术方案设计与性能优化，曾推动核心模块技术重构，带来显著效率提升，具备跨部门协作与项目推进能力。,"闽南师范大学 | 电子信息工程 | 本科
毕业时间：2017年6月
核心课程：机器学习、计算机网络、软件工程、Python编程","【博思数据技术有限公司】 Java开发工程师
2025年9月 - 至今
    · 负责公司Java开发工程师相关业务的开发与维护，参与需求评审
    · 编写开发文档，沉淀技术规范，协助新人熟悉业务
    · 对接产品、测试团队，跟进需求落地与缺陷修复

【未来网络科技有限公司】 Java开发工程师
2024年2月 - 2025年12月
    · 承担分配模块的编码、测试与优化工作，保障系统稳定运行
    · 负责公司Java开发工程师相关业务的开发与维护，参与需求评审
    · 对接产品、测试团队，跟进需求落地与缺陷修复

【安硕互联网科技有限公司】 Java开发工程师
2023年2月 - 2024年11月
    · 承担分配模块的编码、测试与优化工作，保障系统稳定运行
    · 对接产品、测试团队，跟进需求落地与缺陷修复
    · 负责公司Java开发工程师相关业务的开发与维护，参与需求评审","■ 微服务用户中心重构
  项目目标：将单体用户系统拆分为微服务架构，提升并发承载能力
  个人职责：负责登录、注册、权限模块开发，优化数据库查询与缓存策略
  项目成果：支持并发量从500提升至5000，接口响应耗时减少60%

■ 电商订单交易系统
  项目目标：搭建高可用电商订单系统，支撑大促流量峰值
  个人职责：负责订单创建、支付回调、库存扣减核心逻辑开发
  项目成果：支撑日均订单量10万+，系统可用性达99.95%","专业技能：SpringBoot、MySQL、微服务、SpringCloud、Docker、Redis、Java、Git、Linux、MyBatis
相关证书：软件设计师（中级）",拥有5年行业经验，技术视野开阔，具备方案设计与项目把控能力；逻辑清晰，善于定位并解决复杂技术问题；具备良好的团队管理与跨部门沟通能力，能够推动技术优化与业务落地；责任心强，追求技术与业务的平衡发展。
顾玲,女,13058763102,guling334@qq.com,13065931532,南昌,"期望岗位：运维工程师
期望城市：南昌
期望行业：互联网/信息技术/软件服务
期望薪资：面议",专科物联网工程专业应届毕业生，掌握Redis、Kubernetes基础技能，完成过课程设计与毕业项目，具备基础代码编写能力与问题排查思路，学习能力强，做事认真踏实，期望从事运维工程师相关工作。,"江西交通职业技术学院 | 物联网工程 | 专科
毕业时间：2022年6月
核心课程：数据结构、算法设计与分析、操作系统、Python编程","【校园实践】
    · 参与学校计算机协会技术部，负责协会网站日常维护
    · 协助老师完成实验室设备管理与系统环境搭建
    · 参与班级课程设计小组，担任后端开发角色","■ 简单监控脚本开发
  项目目标：编写服务器状态监控脚本
  个人职责：实现CPU、内存、磁盘使用率自动采集
  项目成果：支持异常邮件告警","专业技能：Jenkins、Linux、Redis、MySQL、Docker、Ansible
相关证书：英语四级、软考中级",应届毕业，具备扎实的专业基础知识与学习能力，能够快速掌握新技术；工作态度认真负责，有耐心，注重细节；具备良好的团队意识与沟通能力，能够积极配合团队完成任务；期望在工作中积累经验，快速成长。
宋超,男,18267453101,songchao116@gmail.com,18634665160,南昌,"期望岗位：后端开发工程师
期望城市：南昌
期望行业：互联网/信息技术/软件服务
期望薪资：面议",3年后端开发工程师工作经验，精通Redis、Go技术栈，参与过完整项目迭代，能够独立完成模块开发与问题排查，注重代码质量与开发效率，具备良好的沟通协作能力。,"泉州经贸职业技术学院 | 网络工程 | 专科
毕业时间：2019年6月
核心课程：计算机网络、算法设计与分析、Java程序设计、机器学习","【吉比特网络】 后端开发工程师
2025年7月 - 至今
    · 对接产品、测试团队，跟进需求落地与缺陷修复
    · 负责公司后端开发工程师相关业务的开发与维护，参与需求评审
    · 编写开发文档，沉淀技术规范，协助新人熟悉业务

【科创信息技术有限公司】 后端开发工程师
2024年4月 - 2025年6月
    · 编写开发文档，沉淀技术规范，协助新人熟悉业务
    · 承担分配模块的编码、测试与优化工作，保障系统稳定运行
    · 对接产品、测试团队，跟进需求落地与缺陷修复","■ 内容管理系统后端
  项目目标：搭建CMS系统后端服务，支持多站点内容发布
  个人职责：负责文章、栏目、权限模块接口开发，设计数据库表结构
  项目成果：支撑8个站点同时运营，内容发布效率提升3倍

■ 即时通讯服务开发
  项目目标：实现企业内部IM系统后端消息推送与存储
  个人职责：负责消息队列、离线消息、会话管理模块开发
  项目成果：支持万人同时在线，消息送达延迟低于100ms","专业技能：Docker、MySQL、PostgreSQL、微服务、Redis、Kafka、Python
相关证书：英语六级、阿里云ACP云计算认证",拥有3年实际工作经验，技术功底扎实，熟悉完整开发流程；具备较强的问题解决能力，能够独立排查并解决常见技术问题；工作认真负责，注重团队协作，能够高效推进项目落地；持续学习，保持技术敏感度。
罗妍,女,13432812135,luoyan68@qq.com,13505150560,南平,"期望岗位：算法工程师
期望城市：南平
期望行业：互联网/信息技术/软件服务
期望薪资：面议",4年算法工程师从业经验，精通机器学习技术架构，主导过中型项目从0到1落地，擅长技术方案设计与性能优化，曾推动核心模块技术重构，带来显著效率提升，具备跨部门协作与项目推进能力。,"深圳职业技术学院 | 电子信息工程 | 专科
毕业时间：2018年6月
核心课程：数据库原理、机器学习、数字信号处理、Java程序设计","【科创网络科技有限公司】 算法工程师
2024年3月 - 至今
    · 编写开发文档，沉淀技术规范，协助新人熟悉业务
    · 承担分配模块的编码、测试与优化工作，保障系统稳定运行

【新科网络科技有限公司】 算法工程师
2022年7月 - 2024年3月
    · 负责公司算法工程师相关业务的开发与维护，参与需求评审
    · 承担分配模块的编码、测试与优化工作，保障系统稳定运行","■ 风控欺诈识别模型
  项目目标：识别交易欺诈行为，降低资金损失风险
  个人职责：特征工程，构建XGBoost风控模型，在线部署与迭代
  项目成果：欺诈识别准确率达92%，每年减少损失超200万

■ 个性化推荐系统
  项目目标：提升内容推荐精准度，增加用户停留时长
  个人职责：负责协同过滤、深度学习推荐模型开发与离线优化
  项目成果：用户平均停留时长提升25%，点击率提升15%","专业技能：TensorFlow、算法优化、SQL、特征工程、数据结构、计算机视觉、NLP
相关证书：无",拥有4年行业经验，技术视野开阔，具备方案设计与项目把控能力；逻辑清晰，善于定位并解决复杂技术问题；具备良好的团队管理与跨部门沟通能力，能够推动技术优化与业务落地；责任心强，追求技术与业务的平衡发展。
杨琳,女,13543584555,yanglin55@outlook.com,18260533240,东莞,"期望岗位：Java开发工程师
期望城市：东莞
期望行业：互联网/信息技术/软件服务
期望薪资：面议",4年Java开发工程师从业经验，精通Java技术架构，主导过中型项目从0到1落地，擅长技术方案设计与性能优化，曾推动核心模块技术重构，带来显著效率提升，具备跨部门协作与项目推进能力。,"浙江工业大学 | 软件技术 | 本科
毕业时间：2018年6月
核心课程：Java程序设计、数据结构、数据库原理、数字信号处理","【卓望软件有限公司】 Java开发工程师
2024年6月 - 至今
    · 负责公司Java开发工程师相关业务的开发与维护，参与需求评审
    · 编写开发文档，沉淀技术规范，协助新人熟悉业务
    · 承担分配模块的编码、测试与优化工作，保障系统稳定运行

【通元科技有限公司】 Java开发工程师
2022年10月 - 2024年2月
    · 编写开发文档，沉淀技术规范，协助新人熟悉业务
    · 对接产品、测试团队，跟进需求落地与缺陷修复
    · 承担分配模块的编码、测试与优化工作，保障系统稳定运行","■ 微服务用户中心重构
  项目目标：将单体用户系统拆分为微服务架构，提升并发承载能力
  个人职责：负责登录、注册、权限模块开发，优化数据库查询与缓存策略
  项目成果：支持并发量从500提升至5000，接口响应耗时减少60%

■ 电商订单交易系统
  项目目标：搭建高可用电商订单系统，支撑大促流量峰值
  个人职责：负责订单创建、支付回调、库存扣减核心逻辑开发
  项目成果：支撑日均订单量10万+，系统可用性达99.95%","专业技能：RabbitMQ、MyBatis、Linux、Java、MySQL、微服务、Redis、SpringCloud、Git、Docker
相关证书：软考中级",拥有4年行业经验，技术视野开阔，具备方案设计与项目把控能力；逻辑清晰，善于定位并解决复杂技术问题；具备良好的团队管理与跨部门沟通能力，能够推动技术优化与业务落地；责任心强，追求技术与业务的平衡发展。
许华,男,13899297716,xuhua01@qq.com,15906602103,三明,"期望岗位：软件测试工程师
期望城市：三明
期望行业：互联网/信息技术/软件服务
期望薪资：面议",4年软件测试工程师从业经验，精通MySQL技术架构，主导过中型项目从0到1落地，擅长技术方案设计与性能优化，曾推动核心模块技术重构，带来显著效率提升，具备跨部门协作与项目推进能力。,"广东技术师范大学 | 数字媒体技术 | 本科
毕业时间：2018年6月
核心课程：机器学习、计算机网络、数字信号处理、操作系统","【博思软件有限公司】 软件测试工程师
2024年6月 - 至今
    · 承担分配模块的编码、测试与优化工作，保障系统稳定运行
    · 负责公司软件测试工程师相关业务的开发与维护，参与需求评审
    · 对接产品、测试团队，跟进需求落地与缺陷修复

【恒信互联网科技有限公司】 软件测试工程师
2022年2月 - 2024年9月
    · 承担分配模块的编码、测试与优化工作，保障系统稳定运行
    · 对接产品、测试团队，跟进需求落地与缺陷修复","■ 电商平台功能测试
  项目目标：保障电商系统上线质量，覆盖全业务流程
  个人职责：设计测试用例，执行功能、回归测试，提交缺陷报告
  项目成果：发现并修复120+缺陷，上线后线上缺陷率低于0.5%

■ 自动化测试框架搭建
  项目目标：提升回归测试效率，减少人工重复劳动
  个人职责：基于Selenium搭建UI自动化框架，编写核心模块测试脚本
  项目成果：回归测试周期从7天缩短至2天，覆盖率达85%","专业技能：接口测试、Appium、Selenium、测试用例设计、Postman、缺陷管理
相关证书：阿里云ACP云计算认证、英语四级",拥有4年行业经验，技术视野开阔，具备方案设计与项目把控能力；逻辑清晰，善于定位并解决复杂技术问题；具备良好的团队管理与跨部门沟通能力，能够推动技术优化与业务落地；责任心强，追求技术与业务的平衡发展。
杜一诺,女,18957002764,du一nuo3607@163.com,18419627334,龙岩,"期望岗位：算法工程师
期望城市：龙岩
期望行业：互联网/信息技术/软件服务
期望薪资：面议",本科电子信息工程专业应届毕业生，掌握SQL、机器学习基础技能，完成过课程设计与毕业项目，具备基础代码编写能力与问题排查思路，学习能力强，做事认真踏实，期望从事算法工程师相关工作。,"闽南师范大学 | 电子信息工程 | 本科
毕业时间：2022年6月
核心课程：Java程序设计、数据结构、数字信号处理、计算机网络","【校园实践】
    · 参与学校计算机协会技术部，负责协会网站日常维护
    · 协助老师完成实验室设备管理与系统环境搭建
    · 参与班级课程设计小组，担任后端开发角色","■ 电影推荐系统（毕设）
  项目目标：基于协同过滤实现简单电影推荐
  个人职责：数据处理、模型实现、效果验证
  项目成果：召回准确率达到75%","专业技能：NLP、机器学习、PyTorch、深度学习、计算机视觉、数据结构
相关证书：英语四级、阿里云ACP云计算认证",应届毕业，具备扎实的专业基础知识与学习能力，能够快速掌握新技术；工作态度认真负责，有耐心，注重细节；具备良好的团队意识与沟通能力，能够积极配合团队完成任务；期望在工作中积累经验，快速成长。
梁梦瑶,女,18324167291,liangmengyao8189@outlook.com,13798348190,珠海,"期望岗位：软件测试工程师
期望城市：珠海
期望行业：互联网/信息技术/软件服务
期望薪资：面议",专科电子信息工程专业应届毕业生，掌握Python、测试用例设计基础技能，完成过课程设计与毕业项目，具备基础代码编写能力与问题排查思路，学习能力强，做事认真踏实，期望从事软件测试工程师相关工作。,"南京工业职业技术大学 | 电子信息工程 | 专科
毕业时间：2022年6月
核心课程：Java程序设计、数据结构、数字信号处理、算法设计与分析","【校园实践】
    · 参与学校计算机协会技术部，负责协会网站日常维护
    · 协助老师完成实验室设备管理与系统环境搭建
    · 参与班级课程设计小组，担任后端开发角色","■ 学生管理系统功能测试
  项目目标：对课程设计系统进行功能测试与缺陷提交
  个人职责：设计测试用例，执行黑盒测试
  项目成果：发现并提交8个功能缺陷","专业技能：测试用例设计、性能测试、Python、JMeter、Appium、接口测试
相关证书：红帽RHCE认证",应届毕业，具备扎实的专业基础知识与学习能力，能够快速掌握新技术；工作态度认真负责，有耐心，注重细节；具备良好的团队意识与沟通能力，能够积极配合团队完成任务；期望在工作中积累经验，快速成长。
魏倩,女,15958587381,weiqian3643@126.com,wx_weiqian_386,珠海,"期望岗位：前端开发工程师
期望城市：珠海
期望行业：互联网/信息技术/软件服务
期望薪资：面议",1年前端开发工程师工作经验，精通Vite、React技术栈，参与过完整项目迭代，能够独立完成模块开发与问题排查，注重代码质量与开发效率，具备良好的沟通协作能力。,"浙江大学 | 电子信息工程 | 本科
毕业时间：2021年6月
核心课程：算法设计与分析、Java程序设计、软件工程、机器学习","【锐捷软件有限公司】 前端开发工程师
2025年11月 - 至今
    · 对接产品、测试团队，跟进需求落地与缺陷修复
    · 编写开发文档，沉淀技术规范，协助新人熟悉业务","■ 企业后台管理系统
  项目目标：搭建企业运营管理后台，实现业务数据可视化
  个人职责：负责权限管理、数据报表模块开发，对接后端接口联调
  项目成果：覆盖12个业务部门，运营效率提升40%

■ 电商平台前端重构
  项目目标：升级旧版电商系统前端架构，提升用户体验与加载速度
  个人职责：负责商品详情页、购物车模块开发，组件化封装公共组件
  项目成果：首屏加载时间从3.2s降至1.8s，页面转化率提升12%","专业技能：React、Vite、JavaScript、Axios、移动端适配、Webpack、HTML5、CSS3
相关证书：PMP项目管理专业人士、红帽RHCE认证",拥有1年实际工作经验，技术功底扎实，熟悉完整开发流程；具备较强的问题解决能力，能够独立排查并解决常见技术问题；工作认真负责，注重团队协作，能够高效推进项目落地；持续学习，保持技术敏感度。
宋超,男,18738651168,songchao302@163.com,18741217570,东莞,"期望岗位：后端开发工程师
期望城市：东莞
期望行业：互联网/信息技术/软件服务
期望薪资：面议",专科物联网工程专业应届毕业生，掌握K8s、Python基础技能，完成过课程设计与毕业项目，具备基础代码编写能力与问题排查思路，学习能力强，做事认真踏实，期望从事后端开发工程师相关工作。,"苏州职业大学 | 物联网工程 | 专科
毕业时间：2022年6月
核心课程：数字信号处理、操作系统、机器学习、数据结构","【校园实践】
    · 参与学校计算机协会技术部，负责协会网站日常维护
    · 协助老师完成实验室设备管理与系统环境搭建
    · 参与班级课程设计小组，担任后端开发角色","■ 图书管理系统后端
  项目目标：实现图书借阅、归还、用户管理功能
  个人职责：负责接口开发与数据库表结构设计
  项目成果：完成核心功能，支持1000条数据量","专业技能：SpringBoot、Redis、Python、Docker
相关证书：阿里云ACP云计算认证",应届毕业，具备扎实的专业基础知识与学习能力，能够快速掌握新技术；工作态度认真负责，有耐心，注重细节；具备良好的团队意识与沟通能力，能够积极配合团队完成任务；期望在工作中积累经验，快速成长。
孙磊,男,13004421263,sunlei53@outlook.com,15265523365,佛山,"期望岗位：Python开发工程师
期望城市：佛山
期望行业：互联网/信息技术/软件服务
期望薪资：面议",8年Python开发工程师资深经验，精通全链路技术架构，具备团队技术规划与方案设计能力，主导过多个大型项目重构与升级，在高并发/系统稳定性领域有深厚积累，能够带领团队攻克技术难题，驱动业务技术升级。,"闽南师范大学 | 计算机科学与技术 | 本科
毕业时间：2014年6月
核心课程：数据结构、数据库原理、机器学习、Java程序设计","【携程（厦门）】 Python开发工程师
2024年6月 - 至今
    · 负责公司Python开发工程师相关业务的开发与维护，参与需求评审
    · 对接产品、测试团队，跟进需求落地与缺陷修复

【数聚科技有限公司】 Python开发工程师
2022年10月 - 2024年1月
    · 编写开发文档，沉淀技术规范，协助新人熟悉业务
    · 对接产品、测试团队，跟进需求落地与缺陷修复

【新科科技有限公司】 Python开发工程师
2020年1月 - 2022年10月
    · 承担分配模块的编码、测试与优化工作，保障系统稳定运行
    · 对接产品、测试团队，跟进需求落地与缺陷修复
    · 编写开发文档，沉淀技术规范，协助新人熟悉业务","■ 自动化运维平台
  项目目标：开发运维管理平台，实现服务器批量管理
  个人职责：负责监控、告警、任务调度模块后端开发
  项目成果：管理服务器200+，运维人力成本降低50%

■ 数据采集爬虫系统
  项目目标：搭建分布式爬虫平台，采集多渠道公开数据
  个人职责：负责反爬策略破解、数据清洗、入库逻辑开发
  项目成果：日均采集数据50万条，数据准确率98%以上","专业技能：Python、MySQL、Django、Redis、Linux、爬虫、Flask、FastAPI、Docker
相关证书：无",拥有8年行业经验，技术视野开阔，具备方案设计与项目把控能力；逻辑清晰，善于定位并解决复杂技术问题；具备良好的团队管理与跨部门沟通能力，能够推动技术优化与业务落地；责任心强，追求技术与业务的平衡发展。
孙宇泽,男,18340204120,sunyuze2509@qq.com,wx_sunyuze_777,佛山,"期望岗位：算法工程师
期望城市：佛山
期望行业：互联网/信息技术/软件服务
期望薪资：面议",本科信息管理与信息系统专业应届毕业生，掌握数据结构、计算机视觉基础技能，完成过课程设计与毕业项目，具备基础代码编写能力与问题排查思路，学习能力强，做事认真踏实，期望从事算法工程师相关工作。,"浙江工业大学 | 信息管理与信息系统 | 本科
毕业时间：2022年6月
核心课程：操作系统、软件工程、数据结构、Java程序设计","【校园实践】
    · 参与学校计算机协会技术部，负责协会网站日常维护
    · 协助老师完成实验室设备管理与系统环境搭建
    · 参与班级课程设计小组，担任后端开发角色","■ 电影推荐系统（毕设）
  项目目标：基于协同过滤实现简单电影推荐
  个人职责：数据处理、模型实现、效果验证
  项目成果：召回准确率达到75%","专业技能：计算机视觉、数据结构、算法优化、推荐算法
相关证书：软件设计师（中级）",应届毕业，具备扎实的专业基础知识与学习能力，能够快速掌握新技术；工作态度认真负责，有耐心，注重细节；具备良好的团队意识与沟通能力，能够积极配合团队完成任务；期望在工作中积累经验，快速成长。
李皓,男,15105007976,lihao4563@gmail.com,wx_lihao_435,莆田,"期望岗位：前端开发工程师
期望城市：莆田
期望行业：互联网/信息技术/软件服务
期望薪资：面议",本科通信工程专业应届毕业生，有0段前端开发工程师实习经验，掌握Webpack技术栈，参与过实习项目开发，具备良好的代码规范与团队协作意识，能够快速上手业务，期望正式入职发展。,"南京大学 | 通信工程 | 本科
毕业时间：2022年6月
核心课程：Python编程、操作系统、数据库原理、机器学习","【亿联网络】 前端开发工程师（实习）
2019年4月 - 至今
    · 承担分配模块的编码、测试与优化工作，保障系统稳定运行
    · 负责公司前端开发工程师相关业务的开发与维护，参与需求评审","■ 校园社团官网（实训项目）
  项目目标：为学校社团开发官方展示网站
  个人职责：负责首页、新闻页、成员页开发
  项目成果：上线后访问量累计5000+

■ 个人博客系统（课程作业）
  项目目标：开发个人博客前端页面，实现文章展示与评论
  个人职责：负责页面布局、交互效果、接口联调
  项目成果：完成响应式页面，兼容多浏览器","专业技能：移动端适配、React、Axios、Webpack、Vue、HTML5
相关证书：英语六级、计算机一级",有实习经验，熟悉开发基本流程，具备基础的项目实践能力；学习能力强，能够快速上手新业务新技术；工作踏实，责任心强，善于沟通协作，能够高效完成分配的工作任务。
刘俊,男,18000642265,liujun33@126.com,18599089654,宁德,"期望岗位：Java开发工程师
期望城市：宁德
期望行业：互联网/信息技术/软件服务
期望薪资：面议",专科软件工程专业应届毕业生，掌握MySQL、微服务基础技能，完成过课程设计与毕业项目，具备基础代码编写能力与问题排查思路，学习能力强，做事认真踏实，期望从事Java开发工程师相关工作。,"福州职业技术学院 | 软件工程 | 专科
毕业时间：2022年6月
核心课程：数据库原理、数据结构、算法设计与分析、软件工程","【校园实践】
    · 参与学校计算机协会技术部，负责协会网站日常维护
    · 协助老师完成实验室设备管理与系统环境搭建
    · 参与班级课程设计小组，担任后端开发角色","■ 校园二手交易平台（毕设）
  项目目标：搭建校园闲置物品发布与交易平台
  个人职责：负责用户模块、商品发布模块开发
  项目成果：完成系统原型，获得良好成绩","专业技能：Java、SpringBoot、Redis、MySQL
相关证书：MySQL数据库认证",应届毕业，具备扎实的专业基础知识与学习能力，能够快速掌握新技术；工作态度认真负责，有耐心，注重细节；具备良好的团队意识与沟通能力，能够积极配合团队完成任务；期望在工作中积累经验，快速成长。
邓飞,男,13183399856,dengfei2146@gmail.com,13132773432,三明,"期望岗位：运维工程师
期望城市：三明
期望行业：互联网/信息技术/软件服务
期望薪资：面议",2年运维工程师工作经验，精通Zabbix、Docker技术栈，参与过完整项目迭代，能够独立完成模块开发与问题排查，注重代码质量与开发效率，具备良好的沟通协作能力。,"广东技术师范大学 | 物联网工程 | 本科
毕业时间：2020年6月
核心课程：数字信号处理、数据结构、机器学习、操作系统","【微远数据技术有限公司】 运维工程师
2025年7月 - 至今
    · 编写开发文档，沉淀技术规范，协助新人熟悉业务
    · 承担分配模块的编码、测试与优化工作，保障系统稳定运行
    · 负责公司运维工程师相关业务的开发与维护，参与需求评审

【新科科技有限公司】 运维工程师
2024年11月 - 2025年7月
    · 负责公司运维工程师相关业务的开发与维护，参与需求评审
    · 对接产品、测试团队，跟进需求落地与缺陷修复
    · 编写开发文档，沉淀技术规范，协助新人熟悉业务","■ CI/CD自动化流水线
  项目目标：实现代码自动化构建、测试、部署，提升发布效率
  个人职责：基于Jenkins搭建持续集成流水线，配置Docker容器化部署
  项目成果：发布周期从每周1次提升至每天3次，部署失误率降为0

■ 服务器集群运维优化
  项目目标：提升服务器集群稳定性，降低故障发生率
  个人职责：负责日常巡检、故障排查，优化监控告警规则与分级策略
  项目成果：服务器故障率下降60%，平均故障响应时间缩短至15分钟","专业技能：Linux、Shell、Docker、网络运维、Ansible、Redis、Nginx、Kubernetes
相关证书：计算机二级",拥有2年实际工作经验，技术功底扎实，熟悉完整开发流程；具备较强的问题解决能力，能够独立排查并解决常见技术问题；工作认真负责，注重团队协作，能够高效推进项目落地；持续学习，保持技术敏感度。
卢鑫,男,18349682366,luxin6539@126.com,wx_luxin_901,深圳,"期望岗位：Python开发工程师
期望城市：深圳
期望行业：互联网/信息技术/软件服务
期望薪资：面议",本科信息管理与信息系统专业应届毕业生，有0段Python开发工程师实习经验，掌握Django技术栈，参与过实习项目开发，具备良好的代码规范与团队协作意识，能够快速上手业务，期望正式入职发展。,"浙江工业大学 | 信息管理与信息系统 | 本科
毕业时间：2022年6月
核心课程：数据库原理、数字信号处理、机器学习、计算机网络","【亿联网络】 Python开发工程师（实习）
2019年3月 - 至今
    · 对接产品、测试团队，跟进需求落地与缺陷修复
    · 编写开发文档，沉淀技术规范，协助新人熟悉业务","■ 简单爬虫脚本开发
  项目目标：爬取公开网站数据并入库
  个人职责：负责反爬处理、数据清洗、SQLite存储
  项目成果：日均采集数据1万条

■ 自动化办公脚本
  项目目标：批量处理Excel表格数据
  个人职责：实现数据合并、格式转换、自动统计
  项目成果：提升人工效率80%","专业技能：MongoDB、Flask、Docker、Django
相关证书：无",有实习经验，熟悉开发基本流程，具备基础的项目实践能力；学习能力强，能够快速上手新业务新技术；工作踏实，责任心强，善于沟通协作，能够高效完成分配的工作任务。
雷磊,男,18161928084,leilei54@qq.com,13293717413,宁波,"期望岗位：软件测试工程师
期望城市：宁波
期望行业：互联网/信息技术/软件服务
期望薪资：面议",2年软件测试工程师工作经验，精通性能测试、JMeter技术栈，参与过完整项目迭代，能够独立完成模块开发与问题排查，注重代码质量与开发效率，具备良好的沟通协作能力。,"厦门理工学院 | 网络工程 | 本科
毕业时间：2020年6月
核心课程：数据库原理、机器学习、计算机网络、数据结构","【天擎科技有限公司】 软件测试工程师
2025年3月 - 至今
    · 编写开发文档，沉淀技术规范，协助新人熟悉业务
    · 对接产品、测试团队，跟进需求落地与缺陷修复

【天擎数据技术有限公司】 软件测试工程师
2024年6月 - 2025年5月
    · 承担分配模块的编码、测试与优化工作，保障系统稳定运行
    · 编写开发文档，沉淀技术规范，协助新人熟悉业务
    · 负责公司软件测试工程师相关业务的开发与维护，参与需求评审","■ 自动化测试框架搭建
  项目目标：提升回归测试效率，减少人工重复劳动
  个人职责：基于Selenium搭建UI自动化框架，编写核心模块测试脚本
  项目成果：回归测试周期从7天缩短至2天，覆盖率达85%

■ 电商平台功能测试
  项目目标：保障电商系统上线质量，覆盖全业务流程
  个人职责：设计测试用例，执行功能、回归测试，提交缺陷报告
  项目成果：发现并修复120+缺陷，上线后线上缺陷率低于0.5%","专业技能：功能测试、JMeter、TestNG、测试用例设计、性能测试、接口测试、Appium
相关证书：PMP项目管理专业人士",拥有2年实际工作经验，技术功底扎实，熟悉完整开发流程；具备较强的问题解决能力，能够独立排查并解决常见技术问题；工作认真负责，注重团队协作，能够高效推进项目落地；持续学习，保持技术敏感度。
姚军,男,13560590626,yaojun651@gmail.com,15932728756,三明,"期望岗位：后端开发工程师
期望城市：三明
期望行业：互联网/信息技术/软件服务
期望薪资：面议",本科电子信息工程专业应届毕业生，有1段后端开发工程师实习经验，掌握PostgreSQL技术栈，参与过实习项目开发，具备良好的代码规范与团队协作意识，能够快速上手业务，期望正式入职发展。,"浙江工业大学 | 电子信息工程 | 本科
毕业时间：2021年6月
核心课程：机器学习、算法设计与分析、软件工程、数据库原理","【云创互联网科技有限公司】 后端开发工程师（实习）
2025年1月 - 至今
    · 对接产品、测试团队，跟进需求落地与缺陷修复
    · 编写开发文档，沉淀技术规范，协助新人熟悉业务
    · 承担分配模块的编码、测试与优化工作，保障系统稳定运行","■ 图书管理系统后端
  项目目标：实现图书借阅、归还、用户管理功能
  个人职责：负责接口开发与数据库表结构设计
  项目成果：完成核心功能，支持1000条数据量

■ 简单论坛系统
  项目目标：实现帖子发布、回复、板块管理
  个人职责：负责后端服务开发与接口文档编写
  项目成果：支持百人同时在线访问","专业技能：K8s、Gin、PostgreSQL、微服务、MySQL
相关证书：华为HCIA认证",有实习经验，熟悉开发基本流程，具备基础的项目实践能力；学习能力强，能够快速上手新业务新技术；工作踏实，责任心强，善于沟通协作，能够高效完成分配的工作任务。
田莉,女,18402227925,tianli044@outlook.com,15501078238,漳州,"期望岗位：后端开发工程师
期望城市：漳州
期望行业：互联网/信息技术/软件服务
期望薪资：面议",5年后端开发工程师从业经验，精通Go技术架构，主导过中型项目从0到1落地，擅长技术方案设计与性能优化，曾推动核心模块技术重构，带来显著效率提升，具备跨部门协作与项目推进能力。,"闽南师范大学 | 软件工程 | 本科
毕业时间：2017年6月
核心课程：机器学习、操作系统、数字信号处理、数据库原理","【美图公司】 后端开发工程师
2025年12月 - 至今
    · 承担分配模块的编码、测试与优化工作，保障系统稳定运行
    · 编写开发文档，沉淀技术规范，协助新人熟悉业务
    · 对接产品、测试团队，跟进需求落地与缺陷修复

【博思数据技术有限公司】 后端开发工程师
2024年3月 - 2025年11月
    · 承担分配模块的编码、测试与优化工作，保障系统稳定运行
    · 负责公司后端开发工程师相关业务的开发与维护，参与需求评审

【汇智互联网科技有限公司】 后端开发工程师
2023年11月 - 2024年2月
    · 编写开发文档，沉淀技术规范，协助新人熟悉业务
    · 对接产品、测试团队，跟进需求落地与缺陷修复
    · 负责公司后端开发工程师相关业务的开发与维护，参与需求评审","■ 即时通讯服务开发
  项目目标：实现企业内部IM系统后端消息推送与存储
  个人职责：负责消息队列、离线消息、会话管理模块开发
  项目成果：支持万人同时在线，消息送达延迟低于100ms

■ 内容管理系统后端
  项目目标：搭建CMS系统后端服务，支持多站点内容发布
  个人职责：负责文章、栏目、权限模块接口开发，设计数据库表结构
  项目成果：支撑8个站点同时运营，内容发布效率提升3倍","专业技能：微服务、Java、SpringBoot、Docker、Gin、Python、PostgreSQL
相关证书：红帽RHCE认证、华为HCIA认证",拥有5年行业经验，技术视野开阔，具备方案设计与项目把控能力；逻辑清晰，善于定位并解决复杂技术问题；具备良好的团队管理与跨部门沟通能力，能够推动技术优化与业务落地；责任心强，追求技术与业务的平衡发展。
苏悦,女,13920095796,suyue06@126.com,13503302187,宁波,"期望岗位：Java开发工程师
期望城市：宁波
期望行业：互联网/信息技术/软件服务
期望薪资：面议",本科物联网工程专业应届毕业生，有0段Java开发工程师实习经验，掌握MySQL技术栈，参与过实习项目开发，具备良好的代码规范与团队协作意识，能够快速上手业务，期望正式入职发展。,"南京工程学院 | 物联网工程 | 本科
毕业时间：2022年6月
核心课程：数据库原理、操作系统、Java程序设计、Python编程","【美图公司】 Java开发工程师（实习）
2023年4月 - 至今
    · 编写开发文档，沉淀技术规范，协助新人熟悉业务
    · 负责公司Java开发工程师相关业务的开发与维护，参与需求评审","■ 学生成绩管理系统（课程设计）
  项目目标：实现学生信息、成绩、班级的增删改查管理
  个人职责：负责后端接口开发与数据库设计
  项目成果：完成基础功能，通过课程答辩

■ 校园二手交易平台（毕设）
  项目目标：搭建校园闲置物品发布与交易平台
  个人职责：负责用户模块、商品发布模块开发
  项目成果：完成系统原型，获得良好成绩","专业技能：Java、MyBatis、JVM调优、Linux、SpringBoot、RabbitMQ、Git
相关证书：英语六级",有实习经验，熟悉开发基本流程，具备基础的项目实践能力；学习能力强，能够快速上手新业务新技术；工作踏实，责任心强，善于沟通协作，能够高效完成分配的工作任务。
郝平,男,15731189759,haoping717@outlook.com,18915744982,东莞,"期望岗位：Python开发工程师
期望城市：东莞
期望行业：互联网/信息技术/软件服务
期望薪资：面议",1年Python开发工程师工作经验，精通Linux、Celery技术栈，参与过完整项目迭代，能够独立完成模块开发与问题排查，注重代码质量与开发效率，具备良好的沟通协作能力。,"东南大学 | 软件技术 | 本科
毕业时间：2021年6月
核心课程：软件工程、数据库原理、计算机网络、机器学习","【网易（杭州）】 Python开发工程师
2025年6月 - 至今
    · 对接产品、测试团队，跟进需求落地与缺陷修复
    · 负责公司Python开发工程师相关业务的开发与维护，参与需求评审","■ 数据采集爬虫系统
  项目目标：搭建分布式爬虫平台，采集多渠道公开数据
  个人职责：负责反爬策略破解、数据清洗、入库逻辑开发
  项目成果：日均采集数据50万条，数据准确率98%以上

■ 自动化运维平台
  项目目标：开发运维管理平台，实现服务器批量管理
  个人职责：负责监控、告警、任务调度模块后端开发
  项目成果：管理服务器200+，运维人力成本降低50%","专业技能：爬虫、MySQL、Docker、Linux、Django、Git
相关证书：无",拥有1年实际工作经验，技术功底扎实，熟悉完整开发流程；具备较强的问题解决能力，能够独立排查并解决常见技术问题；工作认真负责，注重团队协作，能够高效推进项目落地；持续学习，保持技术敏感度。
孟健,男,18638560185,mengjian644@gmail.com,wx_mengjian_905,珠海,"期望岗位：Java开发工程师
期望城市：珠海
期望行业：互联网/信息技术/软件服务
期望薪资：面议",本科网络工程专业应届毕业生，有0段Java开发工程师实习经验，掌握RabbitMQ技术栈，参与过实习项目开发，具备良好的代码规范与团队协作意识，能够快速上手业务，期望正式入职发展。,"集美大学 | 网络工程 | 本科
毕业时间：2022年6月
核心课程：算法设计与分析、操作系统、数据库原理、软件工程","【云创互联网科技有限公司】 Java开发工程师（实习）
2020年1月 - 至今
    · 编写开发文档，沉淀技术规范，协助新人熟悉业务
    · 负责公司Java开发工程师相关业务的开发与维护，参与需求评审
    · 对接产品、测试团队，跟进需求落地与缺陷修复","■ 校园二手交易平台（毕设）
  项目目标：搭建校园闲置物品发布与交易平台
  个人职责：负责用户模块、商品发布模块开发
  项目成果：完成系统原型，获得良好成绩

■ 学生成绩管理系统（课程设计）
  项目目标：实现学生信息、成绩、班级的增删改查管理
  个人职责：负责后端接口开发与数据库设计
  项目成果：完成基础功能，通过课程答辩","专业技能：SpringBoot、Linux、JVM调优、微服务、Java、MyBatis、Redis
相关证书：计算机二级",有实习经验，熟悉开发基本流程，具备基础的项目实践能力；学习能力强，能够快速上手新业务新技术；工作踏实，责任心强，善于沟通协作，能够高效完成分配的工作任务。
董俊,男,13297910124,dongjun269@163.com,wx_dongjun_205,佛山,"期望岗位：前端开发工程师
期望城市：佛山
期望行业：互联网/信息技术/软件服务
期望薪资：面议",2年前端开发工程师工作经验，精通Axios、JavaScript技术栈，参与过完整项目迭代，能够独立完成模块开发与问题排查，注重代码质量与开发效率，具备良好的沟通协作能力。,"广东轻工职业技术学院 | 通信工程 | 专科
毕业时间：2020年6月
核心课程：Java程序设计、数字信号处理、机器学习、操作系统","【通元科技有限公司】 前端开发工程师
2025年3月 - 至今
    · 负责公司前端开发工程师相关业务的开发与维护，参与需求评审
    · 对接产品、测试团队，跟进需求落地与缺陷修复
    · 编写开发文档，沉淀技术规范，协助新人熟悉业务

【卓望互联网科技有限公司】 前端开发工程师
2024年6月 - 2025年7月
    · 对接产品、测试团队，跟进需求落地与缺陷修复
    · 负责公司前端开发工程师相关业务的开发与维护，参与需求评审","■ 电商平台前端重构
  项目目标：升级旧版电商系统前端架构，提升用户体验与加载速度
  个人职责：负责商品详情页、购物车模块开发，组件化封装公共组件
  项目成果：首屏加载时间从3.2s降至1.8s，页面转化率提升12%

■ 企业后台管理系统
  项目目标：搭建企业运营管理后台，实现业务数据可视化
  个人职责：负责权限管理、数据报表模块开发，对接后端接口联调
  项目成果：覆盖12个业务部门，运营效率提升40%","专业技能：Webpack、Ant Design、JavaScript、Vue、移动端适配、Element UI、TypeScript、CSS3、React
相关证书：无",拥有2年实际工作经验，技术功底扎实，熟悉完整开发流程；具备较强的问题解决能力，能够独立排查并解决常见技术问题；工作认真负责，注重团队协作，能够高效推进项目落地；持续学习，保持技术敏感度。
丁若曦,女,13703548823,ding若xi42@126.com,wx_ding若xi_336,东莞,"期望岗位：后端开发工程师
期望城市：东莞
期望行业：互联网/信息技术/软件服务
期望薪资：面议",本科数字媒体技术专业应届毕业生，掌握Docker、PostgreSQL基础技能，完成过课程设计与毕业项目，具备基础代码编写能力与问题排查思路，学习能力强，做事认真踏实，期望从事后端开发工程师相关工作。,"厦门大学 | 数字媒体技术 | 本科
毕业时间：2022年6月
核心课程：数据库原理、Java程序设计、数据结构、机器学习","【校园实践】
    · 参与学校计算机协会技术部，负责协会网站日常维护
    · 协助老师完成实验室设备管理与系统环境搭建
    · 参与班级课程设计小组，担任后端开发角色","■ 图书管理系统后端
  项目目标：实现图书借阅、归还、用户管理功能
  个人职责：负责接口开发与数据库表结构设计
  项目成果：完成核心功能，支持1000条数据量","专业技能：Docker、Java、PostgreSQL、Redis、MySQL、Python
相关证书：英语四级",应届毕业，具备扎实的专业基础知识与学习能力，能够快速掌握新技术；工作态度认真负责，有耐心，注重细节；具备良好的团队意识与沟通能力，能够积极配合团队完成任务；期望在工作中积累经验，快速成长。
彭紫涵,女,18151552722,peng紫han406@outlook.com,wx_peng紫han_785,珠海,"期望岗位：软件测试工程师
期望城市：珠海
期望行业：互联网/信息技术/软件服务
期望薪资：面议",3年软件测试工程师工作经验，精通缺陷管理、接口测试技术栈，参与过完整项目迭代，能够独立完成模块开发与问题排查，注重代码质量与开发效率，具备良好的沟通协作能力。,"东南大学 | 数学与应用数学 | 本科
毕业时间：2019年6月
核心课程：数字信号处理、数据库原理、操作系统、机器学习","【信雅网络科技有限公司】 软件测试工程师
2025年10月 - 至今
    · 负责公司软件测试工程师相关业务的开发与维护，参与需求评审
    · 承担分配模块的编码、测试与优化工作，保障系统稳定运行
    · 编写开发文档，沉淀技术规范，协助新人熟悉业务

【博思互联网科技有限公司】 软件测试工程师
2024年9月 - 2025年12月
    · 承担分配模块的编码、测试与优化工作，保障系统稳定运行
    · 负责公司软件测试工程师相关业务的开发与维护，参与需求评审
    · 编写开发文档，沉淀技术规范，协助新人熟悉业务","■ 自动化测试框架搭建
  项目目标：提升回归测试效率，减少人工重复劳动
  个人职责：基于Selenium搭建UI自动化框架，编写核心模块测试脚本
  项目成果：回归测试周期从7天缩短至2天，覆盖率达85%

■ 电商平台功能测试
  项目目标：保障电商系统上线质量，覆盖全业务流程
  个人职责：设计测试用例，执行功能、回归测试，提交缺陷报告
  项目成果：发现并修复120+缺陷，上线后线上缺陷率低于0.5%","专业技能：Postman、测试用例设计、Python、Selenium、TestNG、Appium
相关证书：MySQL数据库认证、英语六级",拥有3年实际工作经验，技术功底扎实，熟悉完整开发流程；具备较强的问题解决能力，能够独立排查并解决常见技术问题；工作认真负责，注重团队协作，能够高效推进项目落地；持续学习，保持技术敏感度。
邵雨桐,女,13912654305,shao雨tong517@163.com,wx_shao雨tong_613,东莞,"期望岗位：后端开发工程师
期望城市：东莞
期望行业：互联网/信息技术/软件服务
期望薪资：面议",本科数字媒体技术专业应届毕业生，掌握Java、Redis基础技能，完成过课程设计与毕业项目，具备基础代码编写能力与问题排查思路，学习能力强，做事认真踏实，期望从事后端开发工程师相关工作。,"南京大学 | 数字媒体技术 | 本科
毕业时间：2022年6月
核心课程：数据库原理、数字信号处理、Java程序设计、软件工程","【校园实践】
    · 参与学校计算机协会技术部，负责协会网站日常维护
    · 协助老师完成实验室设备管理与系统环境搭建
    · 参与班级课程设计小组，担任后端开发角色","■ 简单论坛系统
  项目目标：实现帖子发布、回复、板块管理
  个人职责：负责后端服务开发与接口文档编写
  项目成果：支持百人同时在线访问","专业技能：PostgreSQL、Go、Python、K8s、Redis、Gin、Java
相关证书：红帽RHCE认证",应届毕业，具备扎实的专业基础知识与学习能力，能够快速掌握新技术；工作态度认真负责，有耐心，注重细节；具备良好的团队意识与沟通能力，能够积极配合团队完成任务；期望在工作中积累经验，快速成长。
魏佳怡,女,18671695545,weijiayi376@outlook.com,wx_weijiayi_136,南京,"期望岗位：数据分析师
期望城市：南京
期望行业：互联网/信息技术/软件服务
期望薪资：面议",专科信息管理与信息系统专业应届毕业生，有1段数据分析师实习经验，掌握NumPy技术栈，参与过实习项目开发，具备良好的代码规范与团队协作意识，能够快速上手业务，期望正式入职发展。,"福州职业技术学院 | 信息管理与信息系统 | 专科
毕业时间：2021年6月
核心课程：数据结构、数据库原理、操作系统、算法设计与分析","【智联数据技术有限公司】 数据分析师（实习）
2025年9月 - 至今
    · 负责公司数据分析师相关业务的开发与维护，参与需求评审
    · 编写开发文档，沉淀技术规范，协助新人熟悉业务","■ 学生成绩数据分析
  项目目标：对班级期末成绩进行统计分析
  个人职责：数据清洗、可视化图表制作、结论输出
  项目成果：输出分析报告，提出3点教学建议

■ 电商公开数据爬取分析
  项目目标：采集公开电商商品数据并分析
  个人职责：数据爬取、清洗、价格销量分析
  项目成果：输出可视化分析图表","专业技能：用户分析、Python、SQL、Excel、数据可视化、Power BI
相关证书：系统架构设计师、计算机二级",有实习经验，熟悉开发基本流程，具备基础的项目实践能力；学习能力强，能够快速上手新业务新技术；工作踏实，责任心强，善于沟通协作，能够高效完成分配的工作任务。
向宇,男,18721007554,xiangyu43@126.com,18686827532,漳州,"期望岗位：运维工程师
期望城市：漳州
期望行业：互联网/信息技术/软件服务
期望薪资：面议",本科通信工程专业应届毕业生，有0段运维工程师实习经验，掌握Shell技术栈，参与过实习项目开发，具备良好的代码规范与团队协作意识，能够快速上手业务，期望正式入职发展。,"暨南大学 | 通信工程 | 本科
毕业时间：2022年6月
核心课程：算法设计与分析、操作系统、软件工程、数字信号处理","【OPPO（东莞）】 运维工程师（实习）
2023年11月 - 至今
    · 负责公司运维工程师相关业务的开发与维护，参与需求评审
    · 对接产品、测试团队，跟进需求落地与缺陷修复","■ 简单监控脚本开发
  项目目标：编写服务器状态监控脚本
  个人职责：实现CPU、内存、磁盘使用率自动采集
  项目成果：支持异常邮件告警

■ 实验室服务器搭建实训
  项目目标：搭建实验室Linux服务器环境
  个人职责：负责系统安装、网络配置、基础服务部署
  项目成果：完成3台服务器环境搭建","专业技能：Prometheus、Kubernetes、Redis、Docker、MySQL、Ansible
相关证书：软考中级、计算机一级",有实习经验，熟悉开发基本流程，具备基础的项目实践能力；学习能力强，能够快速上手新业务新技术；工作踏实，责任心强，善于沟通协作，能够高效完成分配的工作任务。
秦娜,女,15514256178,qinna9699@126.com,13902140577,珠海,"期望岗位：后端开发工程师
期望城市：珠海
期望行业：互联网/信息技术/软件服务
期望薪资：面议",专科数学与应用数学专业应届毕业生，掌握Docker、Docker基础技能，完成过课程设计与毕业项目，具备基础代码编写能力与问题排查思路，学习能力强，做事认真踏实，期望从事后端开发工程师相关工作。,"南京工业职业技术大学 | 数学与应用数学 | 专科
毕业时间：2022年6月
核心课程：数字信号处理、数据库原理、计算机网络、Python编程","【校园实践】
    · 参与学校计算机协会技术部，负责协会网站日常维护
    · 协助老师完成实验室设备管理与系统环境搭建
    · 参与班级课程设计小组，担任后端开发角色","■ 简单论坛系统
  项目目标：实现帖子发布、回复、板块管理
  个人职责：负责后端服务开发与接口文档编写
  项目成果：支持百人同时在线访问","专业技能：Go、SpringBoot、Gin、Python、PostgreSQL、Docker
相关证书：无",应届毕业，具备扎实的专业基础知识与学习能力，能够快速掌握新技术；工作态度认真负责，有耐心，注重细节；具备良好的团队意识与沟通能力，能够积极配合团队完成任务；期望在工作中积累经验，快速成长。
许鹏,男,13988926669,xupeng715@outlook.com,18388454477,宁波,"期望岗位：数据分析师
期望城市：宁波
期望行业：互联网/信息技术/软件服务
期望薪资：面议",专科软件工程专业应届毕业生，掌握Pandas、用户分析基础技能，完成过课程设计与毕业项目，具备基础代码编写能力与问题排查思路，学习能力强，做事认真踏实，期望从事数据分析师相关工作。,"厦门海洋职业技术学院 | 软件工程 | 专科
毕业时间：2022年6月
核心课程：算法设计与分析、计算机网络、数据结构、Python编程","【校园实践】
    · 参与学校计算机协会技术部，负责协会网站日常维护
    · 协助老师完成实验室设备管理与系统环境搭建
    · 参与班级课程设计小组，担任后端开发角色","■ 电商公开数据爬取分析
  项目目标：采集公开电商商品数据并分析
  个人职责：数据爬取、清洗、价格销量分析
  项目成果：输出可视化分析图表","专业技能：Excel、SQL、Hive、MySQL
相关证书：英语四级",应届毕业，具备扎实的专业基础知识与学习能力，能够快速掌握新技术；工作态度认真负责，有耐心，注重细节；具备良好的团队意识与沟通能力，能够积极配合团队完成任务；期望在工作中积累经验，快速成长。
毛浩,男,15962460938,maohao222@outlook.com,wx_maohao_972,莆田,"期望岗位：后端开发工程师
期望城市：莆田
期望行业：互联网/信息技术/软件服务
期望薪资：面议",本科数据科学与大数据技术专业应届毕业生，掌握Gin、K8s基础技能，完成过课程设计与毕业项目，具备基础代码编写能力与问题排查思路，学习能力强，做事认真踏实，期望从事后端开发工程师相关工作。,"南京理工大学 | 数据科学与大数据技术 | 本科
毕业时间：2022年6月
核心课程：操作系统、数据库原理、算法设计与分析、Python编程","【校园实践】
    · 参与学校计算机协会技术部，负责协会网站日常维护
    · 协助老师完成实验室设备管理与系统环境搭建
    · 参与班级课程设计小组，担任后端开发角色","■ 简单论坛系统
  项目目标：实现帖子发布、回复、板块管理
  个人职责：负责后端服务开发与接口文档编写
  项目成果：支持百人同时在线访问","专业技能：MySQL、微服务、Java、SpringBoot
相关证书：计算机一级",应届毕业，具备扎实的专业基础知识与学习能力，能够快速掌握新技术；工作态度认真负责，有耐心，注重细节；具备良好的团队意识与沟通能力，能够积极配合团队完成任务；期望在工作中积累经验，快速成长。
朱鑫,男,15175158436,zhuxin42@gmail.com,15325102781,苏州,"期望岗位：Java开发工程师
期望城市：苏州
期望行业：互联网/信息技术/软件服务
期望薪资：面议",本科物联网工程专业应届毕业生，掌握Java、微服务基础技能，完成过课程设计与毕业项目，具备基础代码编写能力与问题排查思路，学习能力强，做事认真踏实，期望从事Java开发工程师相关工作。,"厦门大学 | 物联网工程 | 本科
毕业时间：2022年6月
核心课程：软件工程、操作系统、数据库原理、数字信号处理","【校园实践】
    · 参与学校计算机协会技术部，负责协会网站日常维护
    · 协助老师完成实验室设备管理与系统环境搭建
    · 参与班级课程设计小组，担任后端开发角色","■ 校园二手交易平台（毕设）
  项目目标：搭建校园闲置物品发布与交易平台
  个人职责：负责用户模块、商品发布模块开发
  项目成果：完成系统原型，获得良好成绩","专业技能：Docker、RabbitMQ、Java、Linux、SpringCloud
相关证书：英语六级",应届毕业，具备扎实的专业基础知识与学习能力，能够快速掌握新技术；工作态度认真负责，有耐心，注重细节；具备良好的团队意识与沟通能力，能够积极配合团队完成任务；期望在工作中积累经验，快速成长。
于红,女,15234331855,yuhong26@163.com,15598916545,佛山,"期望岗位：前端开发工程师
期望城市：佛山
期望行业：互联网/信息技术/软件服务
期望薪资：面议",专科通信工程专业应届毕业生，掌握Webpack、移动端适配基础技能，完成过课程设计与毕业项目，具备基础代码编写能力与问题排查思路，学习能力强，做事认真踏实，期望从事前端开发工程师相关工作。,"厦门海洋职业技术学院 | 通信工程 | 专科
毕业时间：2022年6月
核心课程：算法设计与分析、数据结构、机器学习、操作系统","【校园实践】
    · 参与学校计算机协会技术部，负责协会网站日常维护
    · 协助老师完成实验室设备管理与系统环境搭建
    · 参与班级课程设计小组，担任后端开发角色","■ 个人博客系统（课程作业）
  项目目标：开发个人博客前端页面，实现文章展示与评论
  个人职责：负责页面布局、交互效果、接口联调
  项目成果：完成响应式页面，兼容多浏览器","专业技能：移动端适配、Ant Design、Element UI、CSS3、TypeScript
相关证书：无",应届毕业，具备扎实的专业基础知识与学习能力，能够快速掌握新技术；工作态度认真负责，有耐心，注重细节；具备良好的团队意识与沟通能力，能够积极配合团队完成任务；期望在工作中积累经验，快速成长。
谭安然,女,13458095052,tananran52@163.com,13566757606,龙岩,"期望岗位：运维工程师
期望城市：龙岩
期望行业：互联网/信息技术/软件服务
期望薪资：面议",本科数字媒体技术专业应届毕业生，掌握Nginx、Docker基础技能，完成过课程设计与毕业项目，具备基础代码编写能力与问题排查思路，学习能力强，做事认真踏实，期望从事运维工程师相关工作。,"南京工程学院 | 数字媒体技术 | 本科
毕业时间：2022年6月
核心课程：操作系统、Java程序设计、算法设计与分析、机器学习","【校园实践】
    · 参与学校计算机协会技术部，负责协会网站日常维护
    · 协助老师完成实验室设备管理与系统环境搭建
    · 参与班级课程设计小组，担任后端开发角色","■ 实验室服务器搭建实训
  项目目标：搭建实验室Linux服务器环境
  个人职责：负责系统安装、网络配置、基础服务部署
  项目成果：完成3台服务器环境搭建","专业技能：Linux、网络运维、Zabbix、Ansible、MySQL、Redis、Kubernetes
相关证书：无",应届毕业，具备扎实的专业基础知识与学习能力，能够快速掌握新技术；工作态度认真负责，有耐心，注重细节；具备良好的团队意识与沟通能力，能够积极配合团队完成任务；期望在工作中积累经验，快速成长。
魏恒,男,13352415292,weiheng4858@qq.com,wx_weiheng_832,南昌,"期望岗位：Java开发工程师
期望城市：南昌
期望行业：互联网/信息技术/软件服务
期望薪资：面议",本科软件工程专业应届毕业生，有1段Java开发工程师实习经验，掌握RabbitMQ技术栈，参与过实习项目开发，具备良好的代码规范与团队协作意识，能够快速上手业务，期望正式入职发展。,"集美大学 | 软件工程 | 本科
毕业时间：2021年6月
核心课程：数字信号处理、计算机网络、软件工程、算法设计与分析","【阿里巴巴（福州分公司）】 Java开发工程师（实习）
2025年3月 - 至今
    · 编写开发文档，沉淀技术规范，协助新人熟悉业务
    · 对接产品、测试团队，跟进需求落地与缺陷修复","■ 校园二手交易平台（毕设）
  项目目标：搭建校园闲置物品发布与交易平台
  个人职责：负责用户模块、商品发布模块开发
  项目成果：完成系统原型，获得良好成绩

■ 学生成绩管理系统（课程设计）
  项目目标：实现学生信息、成绩、班级的增删改查管理
  个人职责：负责后端接口开发与数据库设计
  项目成果：完成基础功能，通过课程答辩","专业技能：SpringCloud、Git、MyBatis、JVM调优、Linux、RabbitMQ、Docker
相关证书：软件设计师（中级）",有实习经验，熟悉开发基本流程，具备基础的项目实践能力；学习能力强，能够快速上手新业务新技术；工作踏实，责任心强，善于沟通协作，能够高效完成分配的工作任务。
江梦瑶,女,18995855652,jiangmengyao548@outlook.com,wx_jiangmengyao_387,珠海,"期望岗位：前端开发工程师
期望城市：珠海
期望行业：互联网/信息技术/软件服务
期望薪资：面议",5年前端开发工程师从业经验，精通Vue技术架构，主导过中型项目从0到1落地，擅长技术方案设计与性能优化，曾推动核心模块技术重构，带来显著效率提升，具备跨部门协作与项目推进能力。,"南昌大学 | 网络工程 | 本科
毕业时间：2017年6月
核心课程：操作系统、软件工程、Python编程、数据结构","【信雅信息技术有限公司】 前端开发工程师
2025年11月 - 至今
    · 负责公司前端开发工程师相关业务的开发与维护，参与需求评审
    · 编写开发文档，沉淀技术规范，协助新人熟悉业务

【中软信息技术有限公司】 前端开发工程师
2024年5月 - 2025年6月
    · 编写开发文档，沉淀技术规范，协助新人熟悉业务
    · 负责公司前端开发工程师相关业务的开发与维护，参与需求评审
    · 承担分配模块的编码、测试与优化工作，保障系统稳定运行

【微远信息技术有限公司】 前端开发工程师
2023年7月 - 2024年2月
    · 负责公司前端开发工程师相关业务的开发与维护，参与需求评审
    · 对接产品、测试团队，跟进需求落地与缺陷修复
    · 承担分配模块的编码、测试与优化工作，保障系统稳定运行","■ 企业后台管理系统
  项目目标：搭建企业运营管理后台，实现业务数据可视化
  个人职责：负责权限管理、数据报表模块开发，对接后端接口联调
  项目成果：覆盖12个业务部门，运营效率提升40%

■ 电商平台前端重构
  项目目标：升级旧版电商系统前端架构，提升用户体验与加载速度
  个人职责：负责商品详情页、购物车模块开发，组件化封装公共组件
  项目成果：首屏加载时间从3.2s降至1.8s，页面转化率提升12%","专业技能：Element UI、移动端适配、Webpack、HTML5、Axios、React、JavaScript、Vite、Vue、CSS3
相关证书：计算机二级",拥有5年行业经验，技术视野开阔，具备方案设计与项目把控能力；逻辑清晰，善于定位并解决复杂技术问题；具备良好的团队管理与跨部门沟通能力，能够推动技术优化与业务落地；责任心强，追求技术与业务的平衡发展。
沈晨,男,18765529625,shenchen328@126.com,wx_shenchen_841,佛山,"期望岗位：后端开发工程师
期望城市：佛山
期望行业：互联网/信息技术/软件服务
期望薪资：面议",本科信息管理与信息系统专业应届毕业生，掌握微服务、SpringBoot基础技能，完成过课程设计与毕业项目，具备基础代码编写能力与问题排查思路，学习能力强，做事认真踏实，期望从事后端开发工程师相关工作。,"江西师范大学 | 信息管理与信息系统 | 本科
毕业时间：2022年6月
核心课程：算法设计与分析、Java程序设计、Python编程、软件工程","【校园实践】
    · 参与学校计算机协会技术部，负责协会网站日常维护
    · 协助老师完成实验室设备管理与系统环境搭建
    · 参与班级课程设计小组，担任后端开发角色","■ 图书管理系统后端
  项目目标：实现图书借阅、归还、用户管理功能
  个人职责：负责接口开发与数据库表结构设计
  项目成果：完成核心功能，支持1000条数据量","专业技能：Go、Gin、SpringBoot、Kafka、Docker
相关证书：计算机二级",应届毕业，具备扎实的专业基础知识与学习能力，能够快速掌握新技术；工作态度认真负责，有耐心，注重细节；具备良好的团队意识与沟通能力，能够积极配合团队完成任务；期望在工作中积累经验，快速成长。
金思琪,女,15036549697,jinsiqi638@126.com,15803941913,漳州,"期望岗位：Python开发工程师
期望城市：漳州
期望行业：互联网/信息技术/软件服务
期望薪资：面议",本科数字媒体技术专业应届毕业生，掌握Celery、MongoDB基础技能，完成过课程设计与毕业项目，具备基础代码编写能力与问题排查思路，学习能力强，做事认真踏实，期望从事Python开发工程师相关工作。,"中山大学 | 数字媒体技术 | 本科
毕业时间：2022年6月
核心课程：计算机网络、Java程序设计、数据结构、操作系统","【校园实践】
    · 参与学校计算机协会技术部，负责协会网站日常维护
    · 协助老师完成实验室设备管理与系统环境搭建
    · 参与班级课程设计小组，担任后端开发角色","■ 简单爬虫脚本开发
  项目目标：爬取公开网站数据并入库
  个人职责：负责反爬处理、数据清洗、SQLite存储
  项目成果：日均采集数据1万条","专业技能：Flask、MySQL、Docker、MongoDB
相关证书：系统架构设计师",应届毕业，具备扎实的专业基础知识与学习能力，能够快速掌握新技术；工作态度认真负责，有耐心，注重细节；具备良好的团队意识与沟通能力，能够积极配合团队完成任务；期望在工作中积累经验，快速成长。
钱晨,男,13356546253,qianchen2674@gmail.com,wx_qianchen_651,苏州,"期望岗位：运维工程师
期望城市：苏州
期望行业：互联网/信息技术/软件服务
期望薪资：面议",本科数字媒体技术专业应届毕业生，有0段运维工程师实习经验，掌握Nginx技术栈，参与过实习项目开发，具备良好的代码规范与团队协作意识，能够快速上手业务，期望正式入职发展。,"佛山科学技术学院 | 数字媒体技术 | 本科
毕业时间：2022年6月
核心课程：数字信号处理、计算机网络、数据结构、操作系统","【用友软件有限公司】 运维工程师（实习）
2018年10月 - 至今
    · 负责公司运维工程师相关业务的开发与维护，参与需求评审
    · 编写开发文档，沉淀技术规范，协助新人熟悉业务","■ 简单监控脚本开发
  项目目标：编写服务器状态监控脚本
  个人职责：实现CPU、内存、磁盘使用率自动采集
  项目成果：支持异常邮件告警

■ 实验室服务器搭建实训
  项目目标：搭建实验室Linux服务器环境
  个人职责：负责系统安装、网络配置、基础服务部署
  项目成果：完成3台服务器环境搭建","专业技能：Kubernetes、Redis、Zabbix、Prometheus、Shell
相关证书：计算机一级",有实习经验，熟悉开发基本流程，具备基础的项目实践能力；学习能力强，能够快速上手新业务新技术；工作踏实，责任心强，善于沟通协作，能够高效完成分配的工作任务。
韩勇,男,13124722867,hanyong574@gmail.com,17637716453,佛山,"期望岗位：后端开发工程师
期望城市：佛山
期望行业：互联网/信息技术/软件服务
期望薪资：面议",4年后端开发工程师从业经验，精通Kafka技术架构，主导过中型项目从0到1落地，擅长技术方案设计与性能优化，曾推动核心模块技术重构，带来显著效率提升，具备跨部门协作与项目推进能力。,"福建农林大学 | 软件工程 | 本科
毕业时间：2018年6月
核心课程：算法设计与分析、数据库原理、数据结构、操作系统","【阿里巴巴（福州分公司）】 后端开发工程师
2024年8月 - 至今
    · 负责公司后端开发工程师相关业务的开发与维护，参与需求评审
    · 对接产品、测试团队，跟进需求落地与缺陷修复

【汇智科技有限公司】 后端开发工程师
2022年3月 - 2024年10月
    · 负责公司后端开发工程师相关业务的开发与维护，参与需求评审
    · 编写开发文档，沉淀技术规范，协助新人熟悉业务
    · 对接产品、测试团队，跟进需求落地与缺陷修复","■ 即时通讯服务开发
  项目目标：实现企业内部IM系统后端消息推送与存储
  个人职责：负责消息队列、离线消息、会话管理模块开发
  项目成果：支持万人同时在线，消息送达延迟低于100ms

■ 内容管理系统后端
  项目目标：搭建CMS系统后端服务，支持多站点内容发布
  个人职责：负责文章、栏目、权限模块接口开发，设计数据库表结构
  项目成果：支撑8个站点同时运营，内容发布效率提升3倍","专业技能：Python、Docker、Kafka、微服务、PostgreSQL、Java、K8s、MySQL
相关证书：计算机一级、英语四级",拥有4年行业经验，技术视野开阔，具备方案设计与项目把控能力；逻辑清晰，善于定位并解决复杂技术问题；具备良好的团队管理与跨部门沟通能力，能够推动技术优化与业务落地；责任心强，追求技术与业务的平衡发展。
严梅,女,15261899149,yanmei4902@outlook.com,13308639911,苏州,"期望岗位：后端开发工程师
期望城市：苏州
期望行业：互联网/信息技术/软件服务
期望薪资：面议",5年后端开发工程师从业经验，精通微服务技术架构，主导过中型项目从0到1落地，擅长技术方案设计与性能优化，曾推动核心模块技术重构，带来显著效率提升，具备跨部门协作与项目推进能力。,"苏州职业大学 | 计算机科学与技术 | 专科
毕业时间：2017年6月
核心课程：数据结构、数字信号处理、Python编程、计算机网络","【汇智数据技术有限公司】 后端开发工程师
2025年11月 - 至今
    · 编写开发文档，沉淀技术规范，协助新人熟悉业务
    · 负责公司后端开发工程师相关业务的开发与维护，参与需求评审

【通元互联网科技有限公司】 后端开发工程师
2024年10月 - 2025年9月
    · 负责公司后端开发工程师相关业务的开发与维护，参与需求评审
    · 承担分配模块的编码、测试与优化工作，保障系统稳定运行

【博思数据技术有限公司】 后端开发工程师
2023年3月 - 2024年5月
    · 编写开发文档，沉淀技术规范，协助新人熟悉业务
    · 对接产品、测试团队，跟进需求落地与缺陷修复
    · 负责公司后端开发工程师相关业务的开发与维护，参与需求评审","■ 内容管理系统后端
  项目目标：搭建CMS系统后端服务，支持多站点内容发布
  个人职责：负责文章、栏目、权限模块接口开发，设计数据库表结构
  项目成果：支撑8个站点同时运营，内容发布效率提升3倍

■ 即时通讯服务开发
  项目目标：实现企业内部IM系统后端消息推送与存储
  个人职责：负责消息队列、离线消息、会话管理模块开发
  项目成果：支持万人同时在线，消息送达延迟低于100ms","专业技能：Java、Gin、PostgreSQL、K8s、Go、Docker、SpringBoot
相关证书：英语六级",拥有5年行业经验，技术视野开阔，具备方案设计与项目把控能力；逻辑清晰，善于定位并解决复杂技术问题；具备良好的团队管理与跨部门沟通能力，能够推动技术优化与业务落地；责任心强，追求技术与业务的平衡发展。
张浩然,男,15966072670,zhanghaoran722@qq.com,wx_zhanghaoran_409,三明,"期望岗位：Python开发工程师
期望城市：三明
期望行业：互联网/信息技术/软件服务
期望薪资：面议",专科数学与应用数学专业应届毕业生，掌握Git、MongoDB基础技能，完成过课程设计与毕业项目，具备基础代码编写能力与问题排查思路，学习能力强，做事认真踏实，期望从事Python开发工程师相关工作。,"泉州经贸职业技术学院 | 数学与应用数学 | 专科
毕业时间：2022年6月
核心课程：数据库原理、算法设计与分析、机器学习、软件工程","【校园实践】
    · 参与学校计算机协会技术部，负责协会网站日常维护
    · 协助老师完成实验室设备管理与系统环境搭建
    · 参与班级课程设计小组，担任后端开发角色","■ 简单爬虫脚本开发
  项目目标：爬取公开网站数据并入库
  个人职责：负责反爬处理、数据清洗、SQLite存储
  项目成果：日均采集数据1万条","专业技能：Flask、Redis、Python、爬虫、Celery、MySQL
相关证书：计算机二级",应届毕业，具备扎实的专业基础知识与学习能力，能够快速掌握新技术；工作态度认真负责，有耐心，注重细节；具备良好的团队意识与沟通能力，能够积极配合团队完成任务；期望在工作中积累经验，快速成长。
胡子轩,男,18042303432,hu子xuan295@qq.com,13194739862,三明,"期望岗位：Java开发工程师
期望城市：三明
期望行业：互联网/信息技术/软件服务
期望薪资：面议",3年Java开发工程师从业经验，精通SpringCloud技术架构，主导过中型项目从0到1落地，擅长技术方案设计与性能优化，曾推动核心模块技术重构，带来显著效率提升，具备跨部门协作与项目推进能力。,"苏州大学 | 数学与应用数学 | 本科
毕业时间：2019年6月
核心课程：算法设计与分析、操作系统、机器学习、数据库原理","【云创数据技术有限公司】 Java开发工程师
2025年2月 - 至今
    · 编写开发文档，沉淀技术规范，协助新人熟悉业务
    · 对接产品、测试团队，跟进需求落地与缺陷修复
    · 负责公司Java开发工程师相关业务的开发与维护，参与需求评审

【数聚软件有限公司】 Java开发工程师
2024年6月 - 2025年8月
    · 编写开发文档，沉淀技术规范，协助新人熟悉业务
    · 负责公司Java开发工程师相关业务的开发与维护，参与需求评审","■ 电商订单交易系统
  项目目标：搭建高可用电商订单系统，支撑大促流量峰值
  个人职责：负责订单创建、支付回调、库存扣减核心逻辑开发
  项目成果：支撑日均订单量10万+，系统可用性达99.95%

■ 微服务用户中心重构
  项目目标：将单体用户系统拆分为微服务架构，提升并发承载能力
  个人职责：负责登录、注册、权限模块开发，优化数据库查询与缓存策略
  项目成果：支持并发量从500提升至5000，接口响应耗时减少60%","专业技能：MySQL、MyBatis、微服务、Docker、Linux、Redis、Java、JVM调优、SpringCloud
相关证书：软考中级、计算机二级",拥有3年行业经验，技术视野开阔，具备方案设计与项目把控能力；逻辑清晰，善于定位并解决复杂技术问题；具备良好的团队管理与跨部门沟通能力，能够推动技术优化与业务落地；责任心强，追求技术与业务的平衡发展。
邵超,男,15126688356,shaochao57@outlook.com,13792001560,宁波,"期望岗位：算法工程师
期望城市：宁波
期望行业：互联网/信息技术/软件服务
期望薪资：面议",5年算法工程师资深经验，精通全链路技术架构，具备团队技术规划与方案设计能力，主导过多个大型项目重构与升级，在高并发/系统稳定性领域有深厚积累，能够带领团队攻克技术难题，驱动业务技术升级。,"江西交通职业技术学院 | 网络工程 | 专科
毕业时间：2017年6月
核心课程：操作系统、算法设计与分析、数据结构、软件工程","【科创互联网科技有限公司】 算法工程师
2025年3月 - 至今
    · 负责公司算法工程师相关业务的开发与维护，参与需求评审
    · 对接产品、测试团队，跟进需求落地与缺陷修复

【通元信息技术有限公司】 算法工程师
2024年2月 - 2025年10月
    · 承担分配模块的编码、测试与优化工作，保障系统稳定运行
    · 负责公司算法工程师相关业务的开发与维护，参与需求评审
    · 对接产品、测试团队，跟进需求落地与缺陷修复

【微远软件有限公司】 算法工程师
2023年3月 - 2024年8月
    · 负责公司算法工程师相关业务的开发与维护，参与需求评审
    · 编写开发文档，沉淀技术规范，协助新人熟悉业务","■ 个性化推荐系统
  项目目标：提升内容推荐精准度，增加用户停留时长
  个人职责：负责协同过滤、深度学习推荐模型开发与离线优化
  项目成果：用户平均停留时长提升25%，点击率提升15%

■ 风控欺诈识别模型
  项目目标：识别交易欺诈行为，降低资金损失风险
  个人职责：特征工程，构建XGBoost风控模型，在线部署与迭代
  项目成果：欺诈识别准确率达92%，每年减少损失超200万","专业技能：数据结构、Python、计算机视觉、特征工程、推荐算法、机器学习、PyTorch
相关证书：MySQL数据库认证",拥有5年行业经验，技术视野开阔，具备方案设计与项目把控能力；逻辑清晰，善于定位并解决复杂技术问题；具备良好的团队管理与跨部门沟通能力，能够推动技术优化与业务落地；责任心强，追求技术与业务的平衡发展。
任瑶,女,17625560207,renyao199@163.com,wx_renyao_471,南平,"期望岗位：Python开发工程师
期望城市：南平
期望行业：互联网/信息技术/软件服务
期望薪资：面议",2年Python开发工程师工作经验，精通MongoDB、Linux技术栈，参与过完整项目迭代，能够独立完成模块开发与问题排查，注重代码质量与开发效率，具备良好的沟通协作能力。,"东南大学 | 数字媒体技术 | 本科
毕业时间：2020年6月
核心课程：软件工程、数据结构、计算机网络、机器学习","【星图科技有限公司】 Python开发工程师
2025年3月 - 至今
    · 编写开发文档，沉淀技术规范，协助新人熟悉业务
    · 对接产品、测试团队，跟进需求落地与缺陷修复
    · 承担分配模块的编码、测试与优化工作，保障系统稳定运行

【启明科技有限公司】 Python开发工程师
2024年4月 - 2025年12月
    · 对接产品、测试团队，跟进需求落地与缺陷修复
    · 承担分配模块的编码、测试与优化工作，保障系统稳定运行","■ 自动化运维平台
  项目目标：开发运维管理平台，实现服务器批量管理
  个人职责：负责监控、告警、任务调度模块后端开发
  项目成果：管理服务器200+，运维人力成本降低50%

■ 数据采集爬虫系统
  项目目标：搭建分布式爬虫平台，采集多渠道公开数据
  个人职责：负责反爬策略破解、数据清洗、入库逻辑开发
  项目成果：日均采集数据50万条，数据准确率98%以上","专业技能：Flask、Linux、Redis、Django、MongoDB、FastAPI、Docker、Celery、MySQL、Git
相关证书：系统架构设计师、英语四级",拥有2年实际工作经验，技术功底扎实，熟悉完整开发流程；具备较强的问题解决能力，能够独立排查并解决常见技术问题；工作认真负责，注重团队协作，能够高效推进项目落地；持续学习，保持技术敏感度。
贺平,男,13710875521,heping52@gmail.com,18220116623,厦门,"期望岗位：后端开发工程师
期望城市：厦门
期望行业：互联网/信息技术/软件服务
期望薪资：面议",专科物联网工程专业应届毕业生，掌握微服务、Gin基础技能，完成过课程设计与毕业项目，具备基础代码编写能力与问题排查思路，学习能力强，做事认真踏实，期望从事后端开发工程师相关工作。,"深圳职业技术学院 | 物联网工程 | 专科
毕业时间：2022年6月
核心课程：数据库原理、计算机网络、算法设计与分析、操作系统","【校园实践】
    · 参与学校计算机协会技术部，负责协会网站日常维护
    · 协助老师完成实验室设备管理与系统环境搭建
    · 参与班级课程设计小组，担任后端开发角色","■ 简单论坛系统
  项目目标：实现帖子发布、回复、板块管理
  个人职责：负责后端服务开发与接口文档编写
  项目成果：支持百人同时在线访问","专业技能：PostgreSQL、Kafka、SpringBoot、Java
相关证书：计算机二级、软件设计师（中级）",应届毕业，具备扎实的专业基础知识与学习能力，能够快速掌握新技术；工作态度认真负责，有耐心，注重细节；具备良好的团队意识与沟通能力，能够积极配合团队完成任务；期望在工作中积累经验，快速成长。
李若曦,女,13305908644,li若xi896@gmail.com,wx_li若xi_767,杭州,"期望岗位：后端开发工程师
期望城市：杭州
期望行业：互联网/信息技术/软件服务
期望薪资：面议",1年后端开发工程师工作经验，精通Go、K8s技术栈，参与过完整项目迭代，能够独立完成模块开发与问题排查，注重代码质量与开发效率，具备良好的沟通协作能力。,"苏州科技大学 | 通信工程 | 本科
毕业时间：2021年6月
核心课程：Java程序设计、机器学习、计算机网络、数据库原理","【天擎信息技术有限公司】 后端开发工程师
2025年9月 - 至今
    · 对接产品、测试团队，跟进需求落地与缺陷修复
    · 承担分配模块的编码、测试与优化工作，保障系统稳定运行
    · 编写开发文档，沉淀技术规范，协助新人熟悉业务","■ 即时通讯服务开发
  项目目标：实现企业内部IM系统后端消息推送与存储
  个人职责：负责消息队列、离线消息、会话管理模块开发
  项目成果：支持万人同时在线，消息送达延迟低于100ms

■ 内容管理系统后端
  项目目标：搭建CMS系统后端服务，支持多站点内容发布
  个人职责：负责文章、栏目、权限模块接口开发，设计数据库表结构
  项目成果：支撑8个站点同时运营，内容发布效率提升3倍","专业技能：MySQL、微服务、SpringBoot、K8s、Gin、PostgreSQL、Kafka
相关证书：计算机一级",拥有1年实际工作经验，技术功底扎实，熟悉完整开发流程；具备较强的问题解决能力，能够独立排查并解决常见技术问题；工作认真负责，注重团队协作，能够高效推进项目落地；持续学习，保持技术敏感度。
史浩然,男,18805462236,shihaoran0313@163.com,15191149537,宁波,"期望岗位：前端开发工程师
期望城市：宁波
期望行业：互联网/信息技术/软件服务
期望薪资：面议",专科信息管理与信息系统专业应届毕业生，掌握React、Vue基础技能，完成过课程设计与毕业项目，具备基础代码编写能力与问题排查思路，学习能力强，做事认真踏实，期望从事前端开发工程师相关工作。,"苏州职业大学 | 信息管理与信息系统 | 专科
毕业时间：2022年6月
核心课程：软件工程、Python编程、计算机网络、数据结构","【校园实践】
    · 参与学校计算机协会技术部，负责协会网站日常维护
    · 协助老师完成实验室设备管理与系统环境搭建
    · 参与班级课程设计小组，担任后端开发角色","■ 校园社团官网（实训项目）
  项目目标：为学校社团开发官方展示网站
  个人职责：负责首页、新闻页、成员页开发
  项目成果：上线后访问量累计5000+","专业技能：Element UI、Vue、Vite、React、TypeScript
相关证书：阿里云ACP云计算认证",应届毕业，具备扎实的专业基础知识与学习能力，能够快速掌握新技术；工作态度认真负责，有耐心，注重细节；具备良好的团队意识与沟通能力，能够积极配合团队完成任务；期望在工作中积累经验，快速成长。
谭静,女,18402962657,tanjing27@163.com,18326321102,漳州,"期望岗位：软件测试工程师
期望城市：漳州
期望行业：互联网/信息技术/软件服务
期望薪资：面议",专科计算机应用技术专业应届毕业生，掌握JMeter、Appium基础技能，完成过课程设计与毕业项目，具备基础代码编写能力与问题排查思路，学习能力强，做事认真踏实，期望从事软件测试工程师相关工作。,"苏州职业大学 | 计算机应用技术 | 专科
毕业时间：2022年6月
核心课程：Python编程、机器学习、操作系统、算法设计与分析","【校园实践】
    · 参与学校计算机协会技术部，负责协会网站日常维护
    · 协助老师完成实验室设备管理与系统环境搭建
    · 参与班级课程设计小组，担任后端开发角色","■ 网页兼容性测试实训
  项目目标：对多个网站进行浏览器兼容测试
  个人职责：制定测试方案，输出测试报告
  项目成果：覆盖5款主流浏览器","专业技能：JMeter、Python、TestNG、功能测试、Postman、缺陷管理
相关证书：无",应届毕业，具备扎实的专业基础知识与学习能力，能够快速掌握新技术；工作态度认真负责，有耐心，注重细节；具备良好的团队意识与沟通能力，能够积极配合团队完成任务；期望在工作中积累经验，快速成长。
梁妍,女,15548887503,liangyan6861@163.com,18149224922,南京,"期望岗位：前端开发工程师
期望城市：南京
期望行业：互联网/信息技术/软件服务
期望薪资：面议",2年前端开发工程师工作经验，精通Webpack、Webpack技术栈，参与过完整项目迭代，能够独立完成模块开发与问题排查，注重代码质量与开发效率，具备良好的沟通协作能力。,"南京理工大学 | 信息管理与信息系统 | 本科
毕业时间：2020年6月
核心课程：机器学习、数据库原理、Java程序设计、算法设计与分析","【金蝶数据技术有限公司】 前端开发工程师
2025年6月 - 至今
    · 承担分配模块的编码、测试与优化工作，保障系统稳定运行
    · 对接产品、测试团队，跟进需求落地与缺陷修复
    · 负责公司前端开发工程师相关业务的开发与维护，参与需求评审

【卓望数据技术有限公司】 前端开发工程师
2024年9月 - 2025年10月
    · 对接产品、测试团队，跟进需求落地与缺陷修复
    · 负责公司前端开发工程师相关业务的开发与维护，参与需求评审","■ 企业后台管理系统
  项目目标：搭建企业运营管理后台，实现业务数据可视化
  个人职责：负责权限管理、数据报表模块开发，对接后端接口联调
  项目成果：覆盖12个业务部门，运营效率提升40%

■ 电商平台前端重构
  项目目标：升级旧版电商系统前端架构，提升用户体验与加载速度
  个人职责：负责商品详情页、购物车模块开发，组件化封装公共组件
  项目成果：首屏加载时间从3.2s降至1.8s，页面转化率提升12%","专业技能：Element UI、HTML5、JavaScript、Vite、React、CSS3、Vue、Axios、Webpack、TypeScript
相关证书：MySQL数据库认证、系统架构设计师",拥有2年实际工作经验，技术功底扎实，熟悉完整开发流程；具备较强的问题解决能力，能够独立排查并解决常见技术问题；工作认真负责，注重团队协作，能够高效推进项目落地；持续学习，保持技术敏感度。
吕琳,女,13758244942,lvlin0247@outlook.com,17710298709,深圳,"期望岗位：算法工程师
期望城市：深圳
期望行业：互联网/信息技术/软件服务
期望薪资：面议",3年算法工程师从业经验，精通Python技术架构，主导过中型项目从0到1落地，擅长技术方案设计与性能优化，曾推动核心模块技术重构，带来显著效率提升，具备跨部门协作与项目推进能力。,"南京工程学院 | 电子信息工程 | 本科
毕业时间：2019年6月
核心课程：软件工程、数字信号处理、计算机网络、数据库原理","【合众网络科技有限公司】 算法工程师
2025年8月 - 至今
    · 编写开发文档，沉淀技术规范，协助新人熟悉业务
    · 承担分配模块的编码、测试与优化工作，保障系统稳定运行

【卓望科技有限公司】 算法工程师
2024年3月 - 2025年8月
    · 编写开发文档，沉淀技术规范，协助新人熟悉业务
    · 承担分配模块的编码、测试与优化工作，保障系统稳定运行
    · 对接产品、测试团队，跟进需求落地与缺陷修复","■ 个性化推荐系统
  项目目标：提升内容推荐精准度，增加用户停留时长
  个人职责：负责协同过滤、深度学习推荐模型开发与离线优化
  项目成果：用户平均停留时长提升25%，点击率提升15%

■ 风控欺诈识别模型
  项目目标：识别交易欺诈行为，降低资金损失风险
  个人职责：特征工程，构建XGBoost风控模型，在线部署与迭代
  项目成果：欺诈识别准确率达92%，每年减少损失超200万","专业技能：推荐算法、机器学习、NLP、计算机视觉、SQL、PyTorch、深度学习
相关证书：软考中级",拥有3年行业经验，技术视野开阔，具备方案设计与项目把控能力；逻辑清晰，善于定位并解决复杂技术问题；具备良好的团队管理与跨部门沟通能力，能够推动技术优化与业务落地；责任心强，追求技术与业务的平衡发展。
潘杰,男,18135495734,panjie7248@126.com,15373219119,莆田,"期望岗位：前端开发工程师
期望城市：莆田
期望行业：互联网/信息技术/软件服务
期望薪资：面议",本科电子信息工程专业应届毕业生，有1段前端开发工程师实习经验，掌握Vue技术栈，参与过实习项目开发，具备良好的代码规范与团队协作意识，能够快速上手业务，期望正式入职发展。,"厦门理工学院 | 电子信息工程 | 本科
毕业时间：2021年6月
核心课程：算法设计与分析、软件工程、Java程序设计、数字信号处理","【星图信息技术有限公司】 前端开发工程师（实习）
2025年4月 - 至今
    · 对接产品、测试团队，跟进需求落地与缺陷修复
    · 负责公司前端开发工程师相关业务的开发与维护，参与需求评审","■ 校园社团官网（实训项目）
  项目目标：为学校社团开发官方展示网站
  个人职责：负责首页、新闻页、成员页开发
  项目成果：上线后访问量累计5000+

■ 个人博客系统（课程作业）
  项目目标：开发个人博客前端页面，实现文章展示与评论
  个人职责：负责页面布局、交互效果、接口联调
  项目成果：完成响应式页面，兼容多浏览器","专业技能：Vite、Ant Design、JavaScript、TypeScript、React、Webpack
相关证书：英语六级、PMP项目管理专业人士、英语四级",有实习经验，熟悉开发基本流程，具备基础的项目实践能力；学习能力强，能够快速上手新业务新技术；工作踏实，责任心强，善于沟通协作，能够高效完成分配的工作任务。
任鑫,男,15306152354,renxin8434@qq.com,18437871408,宁波,"期望岗位：后端开发工程师
期望城市：宁波
期望行业：互联网/信息技术/软件服务
期望薪资：面议",本科数据科学与大数据技术专业应届毕业生，有0段后端开发工程师实习经验，掌握Redis技术栈，参与过实习项目开发，具备良好的代码规范与团队协作意识，能够快速上手业务，期望正式入职发展。,"南昌大学 | 数据科学与大数据技术 | 本科
毕业时间：2022年6月
核心课程：机器学习、数据库原理、数据结构、计算机网络","【汇智信息技术有限公司】 后端开发工程师（实习）
2023年11月 - 至今
    · 负责公司后端开发工程师相关业务的开发与维护，参与需求评审
    · 对接产品、测试团队，跟进需求落地与缺陷修复
    · 承担分配模块的编码、测试与优化工作，保障系统稳定运行","■ 简单论坛系统
  项目目标：实现帖子发布、回复、板块管理
  个人职责：负责后端服务开发与接口文档编写
  项目成果：支持百人同时在线访问

■ 图书管理系统后端
  项目目标：实现图书借阅、归还、用户管理功能
  个人职责：负责接口开发与数据库表结构设计
  项目成果：完成核心功能，支持1000条数据量","专业技能：K8s、Python、PostgreSQL、SpringBoot、Kafka、Redis
相关证书：英语四级",有实习经验，熟悉开发基本流程，具备基础的项目实践能力；学习能力强，能够快速上手新业务新技术；工作踏实，责任心强，善于沟通协作，能够高效完成分配的工作任务。
熊梓轩,男,18777134699,xiong梓xuan79@gmail.com,wx_xiong梓xuan_934,广州,"期望岗位：运维工程师
期望城市：广州
期望行业：互联网/信息技术/软件服务
期望薪资：面议",专科计算机科学与技术专业应届毕业生，掌握Docker、Shell基础技能，完成过课程设计与毕业项目，具备基础代码编写能力与问题排查思路，学习能力强，做事认真踏实，期望从事运维工程师相关工作。,"江西交通职业技术学院 | 计算机科学与技术 | 专科
毕业时间：2022年6月
核心课程：操作系统、数据库原理、计算机网络、Java程序设计","【校园实践】
    · 参与学校计算机协会技术部，负责协会网站日常维护
    · 协助老师完成实验室设备管理与系统环境搭建
    · 参与班级课程设计小组，担任后端开发角色","■ 实验室服务器搭建实训
  项目目标：搭建实验室Linux服务器环境
  个人职责：负责系统安装、网络配置、基础服务部署
  项目成果：完成3台服务器环境搭建","专业技能：Shell、Kubernetes、Ansible、MySQL、Docker、Redis、Jenkins
相关证书：软件设计师（中级）",应届毕业，具备扎实的专业基础知识与学习能力，能够快速掌握新技术；工作态度认真负责，有耐心，注重细节；具备良好的团队意识与沟通能力，能够积极配合团队完成任务；期望在工作中积累经验，快速成长。
于阳,男,13954850175,yuyang85@outlook.com,wx_yuyang_405,漳州,"期望岗位：Python开发工程师
期望城市：漳州
期望行业：互联网/信息技术/软件服务
期望薪资：面议",专科通信工程专业应届毕业生，掌握MySQL、MySQL基础技能，完成过课程设计与毕业项目，具备基础代码编写能力与问题排查思路，学习能力强，做事认真踏实，期望从事Python开发工程师相关工作。,"江西交通职业技术学院 | 通信工程 | 专科
毕业时间：2022年6月
核心课程：计算机网络、软件工程、数据结构、算法设计与分析","【校园实践】
    · 参与学校计算机协会技术部，负责协会网站日常维护
    · 协助老师完成实验室设备管理与系统环境搭建
    · 参与班级课程设计小组，担任后端开发角色","■ 自动化办公脚本
  项目目标：批量处理Excel表格数据
  个人职责：实现数据合并、格式转换、自动统计
  项目成果：提升人工效率80%","专业技能：Celery、Docker、Git、Flask、Python、Linux、FastAPI
相关证书：英语四级",应届毕业，具备扎实的专业基础知识与学习能力，能够快速掌握新技术；工作态度认真负责，有耐心，注重细节；具备良好的团队意识与沟通能力，能够积极配合团队完成任务；期望在工作中积累经验，快速成长。
姚娟,女,15852994443,yaojuan5094@gmail.com,wx_yaojuan_650,福州,"期望岗位：软件测试工程师
期望城市：福州
期望行业：互联网/信息技术/软件服务
期望薪资：面议",4年软件测试工程师从业经验，精通Selenium技术架构，主导过中型项目从0到1落地，擅长技术方案设计与性能优化，曾推动核心模块技术重构，带来显著效率提升，具备跨部门协作与项目推进能力。,"南昌大学 | 电子信息工程 | 本科
毕业时间：2018年6月
核心课程：软件工程、计算机网络、Python编程、数字信号处理","【未来数据技术有限公司】 软件测试工程师
2024年7月 - 至今
    · 负责公司软件测试工程师相关业务的开发与维护，参与需求评审
    · 对接产品、测试团队，跟进需求落地与缺陷修复

【新科科技有限公司】 软件测试工程师
2022年2月 - 2024年6月
    · 编写开发文档，沉淀技术规范，协助新人熟悉业务
    · 承担分配模块的编码、测试与优化工作，保障系统稳定运行","■ 自动化测试框架搭建
  项目目标：提升回归测试效率，减少人工重复劳动
  个人职责：基于Selenium搭建UI自动化框架，编写核心模块测试脚本
  项目成果：回归测试周期从7天缩短至2天，覆盖率达85%

■ 电商平台功能测试
  项目目标：保障电商系统上线质量，覆盖全业务流程
  个人职责：设计测试用例，执行功能、回归测试，提交缺陷报告
  项目成果：发现并修复120+缺陷，上线后线上缺陷率低于0.5%","专业技能：缺陷管理、Appium、Python、功能测试、JMeter、接口测试、性能测试、TestNG、Selenium
相关证书：英语四级、红帽RHCE认证",拥有4年行业经验，技术视野开阔，具备方案设计与项目把控能力；逻辑清晰，善于定位并解决复杂技术问题；具备良好的团队管理与跨部门沟通能力，能够推动技术优化与业务落地；责任心强，追求技术与业务的平衡发展。
任梓涵,女,18694300582,ren梓han99@126.com,13776722905,漳州,"期望岗位：算法工程师
期望城市：漳州
期望行业：互联网/信息技术/软件服务
期望薪资：面议",专科计算机科学与技术专业应届毕业生，有1段算法工程师实习经验，掌握SQL技术栈，参与过实习项目开发，具备良好的代码规范与团队协作意识，能够快速上手业务，期望正式入职发展。,"南京工业职业技术大学 | 计算机科学与技术 | 专科
毕业时间：2021年6月
核心课程：数据库原理、Python编程、操作系统、算法设计与分析","【安硕互联网科技有限公司】 算法工程师（实习）
2025年7月 - 至今
    · 编写开发文档，沉淀技术规范，协助新人熟悉业务
    · 负责公司算法工程师相关业务的开发与维护，参与需求评审
    · 承担分配模块的编码、测试与优化工作，保障系统稳定运行","■ 电影推荐系统（毕设）
  项目目标：基于协同过滤实现简单电影推荐
  个人职责：数据处理、模型实现、效果验证
  项目成果：召回准确率达到75%

■ 手写数字识别（课程作业）
  项目目标：基于MNIST数据集实现手写数字识别
  个人职责：使用CNN搭建模型，训练与调优
  项目成果：识别准确率达到92%","专业技能：数据结构、Python、计算机视觉、机器学习、算法优化
相关证书：计算机一级、英语四级",有实习经验，熟悉开发基本流程，具备基础的项目实践能力；学习能力强，能够快速上手新业务新技术；工作踏实，责任心强，善于沟通协作，能够高效完成分配的工作任务。
程强,男,15552142694,chengqiang215@gmail.com,wx_chengqiang_835,厦门,"期望岗位：Python开发工程师
期望城市：厦门
期望行业：互联网/信息技术/软件服务
期望薪资：面议",4年Python开发工程师从业经验，精通FastAPI技术架构，主导过中型项目从0到1落地，擅长技术方案设计与性能优化，曾推动核心模块技术重构，带来显著效率提升，具备跨部门协作与项目推进能力。,"南昌大学 | 通信工程 | 本科
毕业时间：2018年6月
核心课程：软件工程、算法设计与分析、Java程序设计、计算机网络","【星图信息技术有限公司】 Python开发工程师
2024年3月 - 至今
    · 承担分配模块的编码、测试与优化工作，保障系统稳定运行
    · 编写开发文档，沉淀技术规范，协助新人熟悉业务

【数聚信息技术有限公司】 Python开发工程师
2022年10月 - 2024年4月
    · 编写开发文档，沉淀技术规范，协助新人熟悉业务
    · 对接产品、测试团队，跟进需求落地与缺陷修复","■ 自动化运维平台
  项目目标：开发运维管理平台，实现服务器批量管理
  个人职责：负责监控、告警、任务调度模块后端开发
  项目成果：管理服务器200+，运维人力成本降低50%

■ 数据采集爬虫系统
  项目目标：搭建分布式爬虫平台，采集多渠道公开数据
  个人职责：负责反爬策略破解、数据清洗、入库逻辑开发
  项目成果：日均采集数据50万条，数据准确率98%以上","专业技能：Redis、Git、FastAPI、Flask、Linux、MySQL、Celery
相关证书：阿里云ACP云计算认证、软考中级、PMP项目管理专业人士",拥有4年行业经验，技术视野开阔，具备方案设计与项目把控能力；逻辑清晰，善于定位并解决复杂技术问题；具备良好的团队管理与跨部门沟通能力，能够推动技术优化与业务落地；责任心强，追求技术与业务的平衡发展。
向宇,男,18144743116,xiangyu41@outlook.com,15724667797,泉州,"期望岗位：数据分析师
期望城市：泉州
期望行业：互联网/信息技术/软件服务
期望薪资：面议",3年数据分析师工作经验，精通MySQL、Excel技术栈，参与过完整项目迭代，能够独立完成模块开发与问题排查，注重代码质量与开发效率，具备良好的沟通协作能力。,"苏州大学 | 网络工程 | 本科
毕业时间：2019年6月
核心课程：软件工程、计算机网络、Java程序设计、算法设计与分析","【亿联网络】 数据分析师
2025年12月 - 至今
    · 编写开发文档，沉淀技术规范，协助新人熟悉业务
    · 对接产品、测试团队，跟进需求落地与缺陷修复

【星图互联网科技有限公司】 数据分析师
2024年6月 - 2025年10月
    · 编写开发文档，沉淀技术规范，协助新人熟悉业务
    · 负责公司数据分析师相关业务的开发与维护，参与需求评审
    · 对接产品、测试团队，跟进需求落地与缺陷修复","■ 用户行为分析看板
  项目目标：构建用户行为数据体系，支撑运营决策
  个人职责：负责数据清洗、指标体系搭建，输出可视化运营报表
  项目成果：输出15+核心运营指标，支撑每月3次运营优化，用户留存率提升8%

■ 销售数据预测建模
  项目目标：基于历史数据预测销量，指导库存与备货
  个人职责：数据预处理，构建时间序列预测模型，输出月度预测报告
  项目成果：预测准确率达89%，库存周转效率提升25%","专业技能：统计学、用户分析、Hive、Tableau、数据可视化、NumPy、Pandas、MySQL、Python、Power BI
相关证书：MySQL数据库认证",拥有3年实际工作经验，技术功底扎实，熟悉完整开发流程；具备较强的问题解决能力，能够独立排查并解决常见技术问题；工作认真负责，注重团队协作，能够高效推进项目落地；持续学习，保持技术敏感度。
周然,男,15877564889,zhouran0855@126.com,wx_zhouran_983,泉州,"期望岗位：前端开发工程师
期望城市：泉州
期望行业：互联网/信息技术/软件服务
期望薪资：面议",1年前端开发工程师工作经验，精通Ant Design、Axios技术栈，参与过完整项目迭代，能够独立完成模块开发与问题排查，注重代码质量与开发效率，具备良好的沟通协作能力。,"江西师范大学 | 数学与应用数学 | 本科
毕业时间：2021年6月
核心课程：数据库原理、操作系统、软件工程、Python编程","【微远数据技术有限公司】 前端开发工程师
2025年10月 - 至今
    · 对接产品、测试团队，跟进需求落地与缺陷修复
    · 承担分配模块的编码、测试与优化工作，保障系统稳定运行","■ 电商平台前端重构
  项目目标：升级旧版电商系统前端架构，提升用户体验与加载速度
  个人职责：负责商品详情页、购物车模块开发，组件化封装公共组件
  项目成果：首屏加载时间从3.2s降至1.8s，页面转化率提升12%

■ 企业后台管理系统
  项目目标：搭建企业运营管理后台，实现业务数据可视化
  个人职责：负责权限管理、数据报表模块开发，对接后端接口联调
  项目成果：覆盖12个业务部门，运营效率提升40%","专业技能：Vue、Ant Design、Axios、Element UI、TypeScript、Webpack、HTML5
相关证书：软考中级",拥有1年实际工作经验，技术功底扎实，熟悉完整开发流程；具备较强的问题解决能力，能够独立排查并解决常见技术问题；工作认真负责，注重团队协作，能够高效推进项目落地；持续学习，保持技术敏感度。
沈娟,女,13070506754,shenjuan14@gmail.com,wx_shenjuan_526,珠海,"期望岗位：软件测试工程师
期望城市：珠海
期望行业：互联网/信息技术/软件服务
期望薪资：面议",本科计算机应用技术专业应届毕业生，有0段软件测试工程师实习经验，掌握Selenium技术栈，参与过实习项目开发，具备良好的代码规范与团队协作意识，能够快速上手业务，期望正式入职发展。,"苏州大学 | 计算机应用技术 | 本科
毕业时间：2022年6月
核心课程：数据结构、Python编程、软件工程、算法设计与分析","【云创软件有限公司】 软件测试工程师（实习）
2019年12月 - 至今
    · 编写开发文档，沉淀技术规范，协助新人熟悉业务
    · 负责公司软件测试工程师相关业务的开发与维护，参与需求评审
    · 承担分配模块的编码、测试与优化工作，保障系统稳定运行","■ 网页兼容性测试实训
  项目目标：对多个网站进行浏览器兼容测试
  个人职责：制定测试方案，输出测试报告
  项目成果：覆盖5款主流浏览器

■ 学生管理系统功能测试
  项目目标：对课程设计系统进行功能测试与缺陷提交
  个人职责：设计测试用例，执行黑盒测试
  项目成果：发现并提交8个功能缺陷","专业技能：MySQL、TestNG、性能测试、测试用例设计、接口测试
相关证书：无",有实习经验，熟悉开发基本流程，具备基础的项目实践能力；学习能力强，能够快速上手新业务新技术；工作踏实，责任心强，善于沟通协作，能够高效完成分配的工作任务。
陆然,男,18135188915,luran813@163.com,18779908101,佛山,"期望岗位：Java开发工程师
期望城市：佛山
期望行业：互联网/信息技术/软件服务
期望薪资：面议",专科软件技术专业应届毕业生，掌握Docker、Redis基础技能，完成过课程设计与毕业项目，具备基础代码编写能力与问题排查思路，学习能力强，做事认真踏实，期望从事Java开发工程师相关工作。,"泉州经贸职业技术学院 | 软件技术 | 专科
毕业时间：2022年6月
核心课程：数据结构、计算机网络、算法设计与分析、数字信号处理","【校园实践】
    · 参与学校计算机协会技术部，负责协会网站日常维护
    · 协助老师完成实验室设备管理与系统环境搭建
    · 参与班级课程设计小组，担任后端开发角色","■ 校园二手交易平台（毕设）
  项目目标：搭建校园闲置物品发布与交易平台
  个人职责：负责用户模块、商品发布模块开发
  项目成果：完成系统原型，获得良好成绩","专业技能：Redis、Docker、Java、Linux、RabbitMQ、MySQL、微服务
相关证书：英语六级、英语四级、计算机一级",应届毕业，具备扎实的专业基础知识与学习能力，能够快速掌握新技术；工作态度认真负责，有耐心，注重细节；具备良好的团队意识与沟通能力，能够积极配合团队完成任务；期望在工作中积累经验，快速成长。
孔平,男,18595996639,kongping07@outlook.com,18176537486,杭州,"期望岗位：软件测试工程师
期望城市：杭州
期望行业：互联网/信息技术/软件服务
期望薪资：面议",本科数据科学与大数据技术专业应届毕业生，掌握Python、Postman基础技能，完成过课程设计与毕业项目，具备基础代码编写能力与问题排查思路，学习能力强，做事认真踏实，期望从事软件测试工程师相关工作。,"南昌大学 | 数据科学与大数据技术 | 本科
毕业时间：2022年6月
核心课程：数字信号处理、数据库原理、数据结构、算法设计与分析","【校园实践】
    · 参与学校计算机协会技术部，负责协会网站日常维护
    · 协助老师完成实验室设备管理与系统环境搭建
    · 参与班级课程设计小组，担任后端开发角色","■ 学生管理系统功能测试
  项目目标：对课程设计系统进行功能测试与缺陷提交
  个人职责：设计测试用例，执行黑盒测试
  项目成果：发现并提交8个功能缺陷","专业技能：功能测试、Appium、接口测试、Postman、性能测试、缺陷管理、Selenium
相关证书：无",应届毕业，具备扎实的专业基础知识与学习能力，能够快速掌握新技术；工作态度认真负责，有耐心，注重细节；具备良好的团队意识与沟通能力，能够积极配合团队完成任务；期望在工作中积累经验，快速成长。
戴博文,男,13253952389,daibowen1286@outlook.com,wx_daibowen_695,苏州,"期望岗位：Java开发工程师
期望城市：苏州
期望行业：互联网/信息技术/软件服务
期望薪资：面议",2年Java开发工程师工作经验，精通SpringCloud、SpringCloud技术栈，参与过完整项目迭代，能够独立完成模块开发与问题排查，注重代码质量与开发效率，具备良好的沟通协作能力。,"厦门海洋职业技术学院 | 软件工程 | 专科
毕业时间：2020年6月
核心课程：机器学习、算法设计与分析、数据结构、软件工程","【卓望科技有限公司】 Java开发工程师
2025年2月 - 至今
    · 对接产品、测试团队，跟进需求落地与缺陷修复
    · 承担分配模块的编码、测试与优化工作，保障系统稳定运行
    · 负责公司Java开发工程师相关业务的开发与维护，参与需求评审

【微远互联网科技有限公司】 Java开发工程师
2024年6月 - 2025年7月
    · 编写开发文档，沉淀技术规范，协助新人熟悉业务
    · 承担分配模块的编码、测试与优化工作，保障系统稳定运行
    · 对接产品、测试团队，跟进需求落地与缺陷修复","■ 电商订单交易系统
  项目目标：搭建高可用电商订单系统，支撑大促流量峰值
  个人职责：负责订单创建、支付回调、库存扣减核心逻辑开发
  项目成果：支撑日均订单量10万+，系统可用性达99.95%

■ 微服务用户中心重构
  项目目标：将单体用户系统拆分为微服务架构，提升并发承载能力
  个人职责：负责登录、注册、权限模块开发，优化数据库查询与缓存策略
  项目成果：支持并发量从500提升至5000，接口响应耗时减少60%","专业技能：SpringBoot、MySQL、Java、Redis、Git、微服务、JVM调优、MyBatis、RabbitMQ、SpringCloud
相关证书：无",拥有2年实际工作经验，技术功底扎实，熟悉完整开发流程；具备较强的问题解决能力，能够独立排查并解决常见技术问题；工作认真负责，注重团队协作，能够高效推进项目落地；持续学习，保持技术敏感度。
邵静,女,15578604859,shaojing2733@163.com,wx_shaojing_450,东莞,"期望岗位：运维工程师
期望城市：东莞
期望行业：互联网/信息技术/软件服务
期望薪资：面议",5年运维工程师从业经验，精通Jenkins技术架构，主导过中型项目从0到1落地，擅长技术方案设计与性能优化，曾推动核心模块技术重构，带来显著效率提升，具备跨部门协作与项目推进能力。,"佛山科学技术学院 | 网络工程 | 本科
毕业时间：2017年6月
核心课程：Java程序设计、数据结构、机器学习、操作系统","【数聚信息技术有限公司】 运维工程师
2025年7月 - 至今
    · 对接产品、测试团队，跟进需求落地与缺陷修复
    · 编写开发文档，沉淀技术规范，协助新人熟悉业务

【安硕信息技术有限公司】 运维工程师
2024年4月 - 2025年12月
    · 对接产品、测试团队，跟进需求落地与缺陷修复
    · 编写开发文档，沉淀技术规范，协助新人熟悉业务

【数聚互联网科技有限公司】 运维工程师
2023年4月 - 2024年11月
    · 编写开发文档，沉淀技术规范，协助新人熟悉业务
    · 对接产品、测试团队，跟进需求落地与缺陷修复","■ CI/CD自动化流水线
  项目目标：实现代码自动化构建、测试、部署，提升发布效率
  个人职责：基于Jenkins搭建持续集成流水线，配置Docker容器化部署
  项目成果：发布周期从每周1次提升至每天3次，部署失误率降为0

■ 服务器集群运维优化
  项目目标：提升服务器集群稳定性，降低故障发生率
  个人职责：负责日常巡检、故障排查，优化监控告警规则与分级策略
  项目成果：服务器故障率下降60%，平均故障响应时间缩短至15分钟","专业技能：Jenkins、MySQL、Prometheus、Kubernetes、Redis、Docker、Zabbix、网络运维、Nginx
相关证书：MySQL数据库认证、系统架构设计师",拥有5年行业经验，技术视野开阔，具备方案设计与项目把控能力；逻辑清晰，善于定位并解决复杂技术问题；具备良好的团队管理与跨部门沟通能力，能够推动技术优化与业务落地；责任心强，追求技术与业务的平衡发展。
雷军,男,13285979700,leijun35@qq.com,18635301465,龙岩,"期望岗位：数据分析师
期望城市：龙岩
期望行业：互联网/信息技术/软件服务
期望薪资：面议",专科信息管理与信息系统专业应届毕业生，掌握数据可视化、Tableau基础技能，完成过课程设计与毕业项目，具备基础代码编写能力与问题排查思路，学习能力强，做事认真踏实，期望从事数据分析师相关工作。,"江西交通职业技术学院 | 信息管理与信息系统 | 专科
毕业时间：2022年6月
核心课程：数据库原理、算法设计与分析、软件工程、操作系统","【校园实践】
    · 参与学校计算机协会技术部，负责协会网站日常维护
    · 协助老师完成实验室设备管理与系统环境搭建
    · 参与班级课程设计小组，担任后端开发角色","■ 电商公开数据爬取分析
  项目目标：采集公开电商商品数据并分析
  个人职责：数据爬取、清洗、价格销量分析
  项目成果：输出可视化分析图表","专业技能：Power BI、Hive、Excel、SQL、用户分析
相关证书：无",应届毕业，具备扎实的专业基础知识与学习能力，能够快速掌握新技术；工作态度认真负责，有耐心，注重细节；具备良好的团队意识与沟通能力，能够积极配合团队完成任务；期望在工作中积累经验，快速成长。
高磊,男,15240093011,gaolei658@gmail.com,13001611464,广州,"期望岗位：软件测试工程师
期望城市：广州
期望行业：互联网/信息技术/软件服务
期望薪资：面议",3年软件测试工程师从业经验，精通Python技术架构，主导过中型项目从0到1落地，擅长技术方案设计与性能优化，曾推动核心模块技术重构，带来显著效率提升，具备跨部门协作与项目推进能力。,"浙江大学 | 数据科学与大数据技术 | 本科
毕业时间：2019年6月
核心课程：操作系统、Python编程、计算机网络、机器学习","【华为（东莞研究所）】 软件测试工程师
2025年7月 - 至今
    · 负责公司软件测试工程师相关业务的开发与维护，参与需求评审
    · 承担分配模块的编码、测试与优化工作，保障系统稳定运行

【新科互联网科技有限公司】 软件测试工程师
2024年1月 - 2025年3月
    · 承担分配模块的编码、测试与优化工作，保障系统稳定运行
    · 编写开发文档，沉淀技术规范，协助新人熟悉业务
    · 负责公司软件测试工程师相关业务的开发与维护，参与需求评审","■ 电商平台功能测试
  项目目标：保障电商系统上线质量，覆盖全业务流程
  个人职责：设计测试用例，执行功能、回归测试，提交缺陷报告
  项目成果：发现并修复120+缺陷，上线后线上缺陷率低于0.5%

■ 自动化测试框架搭建
  项目目标：提升回归测试效率，减少人工重复劳动
  个人职责：基于Selenium搭建UI自动化框架，编写核心模块测试脚本
  项目成果：回归测试周期从7天缩短至2天，覆盖率达85%","专业技能：接口测试、性能测试、测试用例设计、JMeter、缺陷管理、功能测试、TestNG、MySQL、Selenium、Python
相关证书：计算机一级",拥有3年行业经验，技术视野开阔，具备方案设计与项目把控能力；逻辑清晰，善于定位并解决复杂技术问题；具备良好的团队管理与跨部门沟通能力，能够推动技术优化与业务落地；责任心强，追求技术与业务的平衡发展。
石健,男,13188948551,shijian749@outlook.com,wx_shijian_907,漳州,"期望岗位：前端开发工程师
期望城市：漳州
期望行业：互联网/信息技术/软件服务
期望薪资：面议",8年前端开发工程师资深经验，精通全链路技术架构，具备团队技术规划与方案设计能力，主导过多个大型项目重构与升级，在高并发/系统稳定性领域有深厚积累，能够带领团队攻克技术难题，驱动业务技术升级。,"苏州大学 | 数据科学与大数据技术 | 本科
毕业时间：2014年6月
核心课程：Java程序设计、软件工程、数字信号处理、操作系统","【亿联网络】 前端开发工程师
2024年11月 - 至今
    · 承担分配模块的编码、测试与优化工作，保障系统稳定运行
    · 对接产品、测试团队，跟进需求落地与缺陷修复
    · 负责公司前端开发工程师相关业务的开发与维护，参与需求评审

【星图网络科技有限公司】 前端开发工程师
2022年7月 - 2024年3月
    · 对接产品、测试团队，跟进需求落地与缺陷修复
    · 编写开发文档，沉淀技术规范，协助新人熟悉业务
    · 承担分配模块的编码、测试与优化工作，保障系统稳定运行

【卓望软件有限公司】 前端开发工程师
2020年4月 - 2022年3月
    · 对接产品、测试团队，跟进需求落地与缺陷修复
    · 负责公司前端开发工程师相关业务的开发与维护，参与需求评审","■ 电商平台前端重构
  项目目标：升级旧版电商系统前端架构，提升用户体验与加载速度
  个人职责：负责商品详情页、购物车模块开发，组件化封装公共组件
  项目成果：首屏加载时间从3.2s降至1.8s，页面转化率提升12%

■ 企业后台管理系统
  项目目标：搭建企业运营管理后台，实现业务数据可视化
  个人职责：负责权限管理、数据报表模块开发，对接后端接口联调
  项目成果：覆盖12个业务部门，运营效率提升40%","专业技能：移动端适配、JavaScript、Vue、HTML5、Axios、Webpack、React
相关证书：PMP项目管理专业人士",拥有8年行业经验，技术视野开阔，具备方案设计与项目把控能力；逻辑清晰，善于定位并解决复杂技术问题；具备良好的团队管理与跨部门沟通能力，能够推动技术优化与业务落地；责任心强，追求技术与业务的平衡发展。
林梓涵,女,15178490001,lin梓han22@163.com,wx_lin梓han_700,莆田,"期望岗位：软件测试工程师
期望城市：莆田
期望行业：互联网/信息技术/软件服务
期望薪资：面议",2年软件测试工程师工作经验，精通接口测试、性能测试技术栈，参与过完整项目迭代，能够独立完成模块开发与问题排查，注重代码质量与开发效率，具备良好的沟通协作能力。,"厦门海洋职业技术学院 | 软件工程 | 专科
毕业时间：2020年6月
核心课程：数据库原理、操作系统、Java程序设计、机器学习","【启明科技有限公司】 软件测试工程师
2025年6月 - 至今
    · 负责公司软件测试工程师相关业务的开发与维护，参与需求评审
    · 编写开发文档，沉淀技术规范，协助新人熟悉业务
    · 承担分配模块的编码、测试与优化工作，保障系统稳定运行

【汇智科技有限公司】 软件测试工程师
2024年9月 - 2025年1月
    · 对接产品、测试团队，跟进需求落地与缺陷修复
    · 编写开发文档，沉淀技术规范，协助新人熟悉业务
    · 承担分配模块的编码、测试与优化工作，保障系统稳定运行","■ 自动化测试框架搭建
  项目目标：提升回归测试效率，减少人工重复劳动
  个人职责：基于Selenium搭建UI自动化框架，编写核心模块测试脚本
  项目成果：回归测试周期从7天缩短至2天，覆盖率达85%

■ 电商平台功能测试
  项目目标：保障电商系统上线质量，覆盖全业务流程
  个人职责：设计测试用例，执行功能、回归测试，提交缺陷报告
  项目成果：发现并修复120+缺陷，上线后线上缺陷率低于0.5%","专业技能：测试用例设计、TestNG、Python、JMeter、接口测试、Selenium、Postman、性能测试
相关证书：英语六级、软考中级",拥有2年实际工作经验，技术功底扎实，熟悉完整开发流程；具备较强的问题解决能力，能够独立排查并解决常见技术问题；工作认真负责，注重团队协作，能够高效推进项目落地；持续学习，保持技术敏感度。
侯平,男,15733921985,houping973@163.com,13689982402,宁波,"期望岗位：前端开发工程师
期望城市：宁波
期望行业：互联网/信息技术/软件服务
期望薪资：面议",本科数据科学与大数据技术专业应届毕业生，有1段前端开发工程师实习经验，掌握Element UI技术栈，参与过实习项目开发，具备良好的代码规范与团队协作意识，能够快速上手业务，期望正式入职发展。,"福州大学 | 数据科学与大数据技术 | 本科
毕业时间：2021年6月
核心课程：算法设计与分析、操作系统、计算机网络、数字信号处理","【字节跳动（厦门分公司）】 前端开发工程师（实习）
2025年7月 - 至今
    · 编写开发文档，沉淀技术规范，协助新人熟悉业务
    · 对接产品、测试团队，跟进需求落地与缺陷修复","■ 个人博客系统（课程作业）
  项目目标：开发个人博客前端页面，实现文章展示与评论
  个人职责：负责页面布局、交互效果、接口联调
  项目成果：完成响应式页面，兼容多浏览器

■ 校园社团官网（实训项目）
  项目目标：为学校社团开发官方展示网站
  个人职责：负责首页、新闻页、成员页开发
  项目成果：上线后访问量累计5000+","专业技能：移动端适配、HTML5、Webpack、Element UI、TypeScript、Ant Design
相关证书：无",有实习经验，熟悉开发基本流程，具备基础的项目实践能力；学习能力强，能够快速上手新业务新技术；工作踏实，责任心强，善于沟通协作，能够高效完成分配的工作任务。
毛芳,女,15360461772,maofang7149@qq.com,13371768096,东莞,"期望岗位：软件测试工程师
期望城市：东莞
期望行业：互联网/信息技术/软件服务
期望薪资：面议",专科数字媒体技术专业应届毕业生，有0段软件测试工程师实习经验，掌握Appium技术栈，参与过实习项目开发，具备良好的代码规范与团队协作意识，能够快速上手业务，期望正式入职发展。,"福州职业技术学院 | 数字媒体技术 | 专科
毕业时间：2022年6月
核心课程：计算机网络、算法设计与分析、数据库原理、Python编程","【数聚信息技术有限公司】 软件测试工程师（实习）
2020年11月 - 至今
    · 负责公司软件测试工程师相关业务的开发与维护，参与需求评审
    · 编写开发文档，沉淀技术规范，协助新人熟悉业务","■ 学生管理系统功能测试
  项目目标：对课程设计系统进行功能测试与缺陷提交
  个人职责：设计测试用例，执行黑盒测试
  项目成果：发现并提交8个功能缺陷

■ 网页兼容性测试实训
  项目目标：对多个网站进行浏览器兼容测试
  个人职责：制定测试方案，输出测试报告
  项目成果：覆盖5款主流浏览器","专业技能：TestNG、Postman、性能测试、功能测试、缺陷管理
相关证书：软件设计师（中级）",有实习经验，熟悉开发基本流程，具备基础的项目实践能力；学习能力强，能够快速上手新业务新技术；工作踏实，责任心强，善于沟通协作，能够高效完成分配的工作任务。
陈燕,女,15206661144,chenyan6804@163.com,wx_chenyan_776,南京,"期望岗位：Java开发工程师
期望城市：南京
期望行业：互联网/信息技术/软件服务
期望薪资：面议",本科通信工程专业应届毕业生，掌握MySQL、微服务基础技能，完成过课程设计与毕业项目，具备基础代码编写能力与问题排查思路，学习能力强，做事认真踏实，期望从事Java开发工程师相关工作。,"闽南师范大学 | 通信工程 | 本科
毕业时间：2022年6月
核心课程：Python编程、操作系统、计算机网络、数字信号处理","【校园实践】
    · 参与学校计算机协会技术部，负责协会网站日常维护
    · 协助老师完成实验室设备管理与系统环境搭建
    · 参与班级课程设计小组，担任后端开发角色","■ 校园二手交易平台（毕设）
  项目目标：搭建校园闲置物品发布与交易平台
  个人职责：负责用户模块、商品发布模块开发
  项目成果：完成系统原型，获得良好成绩","专业技能：Git、MySQL、Redis、Linux、SpringCloud、JVM调优
相关证书：无",应届毕业，具备扎实的专业基础知识与学习能力，能够快速掌握新技术；工作态度认真负责，有耐心，注重细节；具备良好的团队意识与沟通能力，能够积极配合团队完成任务；期望在工作中积累经验，快速成长。
范莉,女,18931147890,fanli753@outlook.com,wx_fanli_665,杭州,"期望岗位：后端开发工程师
期望城市：杭州
期望行业：互联网/信息技术/软件服务
期望薪资：面议",1年后端开发工程师工作经验，精通Docker、MySQL技术栈，参与过完整项目迭代，能够独立完成模块开发与问题排查，注重代码质量与开发效率，具备良好的沟通协作能力。,"江西师范大学 | 计算机应用技术 | 本科
毕业时间：2021年6月
核心课程：Java程序设计、数据结构、数据库原理、操作系统","【亿联网络】 后端开发工程师
2025年6月 - 至今
    · 负责公司后端开发工程师相关业务的开发与维护，参与需求评审
    · 对接产品、测试团队，跟进需求落地与缺陷修复","■ 内容管理系统后端
  项目目标：搭建CMS系统后端服务，支持多站点内容发布
  个人职责：负责文章、栏目、权限模块接口开发，设计数据库表结构
  项目成果：支撑8个站点同时运营，内容发布效率提升3倍

■ 即时通讯服务开发
  项目目标：实现企业内部IM系统后端消息推送与存储
  个人职责：负责消息队列、离线消息、会话管理模块开发
  项目成果：支持万人同时在线，消息送达延迟低于100ms","专业技能：PostgreSQL、Gin、K8s、Redis、微服务、MySQL、Java、Go
相关证书：软考中级",拥有1年实际工作经验，技术功底扎实，熟悉完整开发流程；具备较强的问题解决能力，能够独立排查并解决常见技术问题；工作认真负责，注重团队协作，能够高效推进项目落地；持续学习，保持技术敏感度。
刘恒,男,18181609062,liuheng531@gmail.com,17669329329,宁德,"期望岗位：算法工程师
期望城市：宁德
期望行业：互联网/信息技术/软件服务
期望薪资：面议",2年算法工程师工作经验，精通计算机视觉、数据结构技术栈，参与过完整项目迭代，能够独立完成模块开发与问题排查，注重代码质量与开发效率，具备良好的沟通协作能力。,"苏州职业大学 | 计算机应用技术 | 专科
毕业时间：2020年6月
核心课程：数据结构、计算机网络、操作系统、数据库原理","【易联信息技术有限公司】 算法工程师
2025年6月 - 至今
    · 负责公司算法工程师相关业务的开发与维护，参与需求评审
    · 编写开发文档，沉淀技术规范，协助新人熟悉业务
    · 对接产品、测试团队，跟进需求落地与缺陷修复

【新科软件有限公司】 算法工程师
2024年3月 - 2025年5月
    · 对接产品、测试团队，跟进需求落地与缺陷修复
    · 负责公司算法工程师相关业务的开发与维护，参与需求评审
    · 承担分配模块的编码、测试与优化工作，保障系统稳定运行","■ 个性化推荐系统
  项目目标：提升内容推荐精准度，增加用户停留时长
  个人职责：负责协同过滤、深度学习推荐模型开发与离线优化
  项目成果：用户平均停留时长提升25%，点击率提升15%

■ 风控欺诈识别模型
  项目目标：识别交易欺诈行为，降低资金损失风险
  个人职责：特征工程，构建XGBoost风控模型，在线部署与迭代
  项目成果：欺诈识别准确率达92%，每年减少损失超200万","专业技能：机器学习、深度学习、数据结构、SQL、NLP、算法优化、PyTorch
相关证书：软件设计师（中级）、计算机二级",拥有2年实际工作经验，技术功底扎实，熟悉完整开发流程；具备较强的问题解决能力，能够独立排查并解决常见技术问题；工作认真负责，注重团队协作，能够高效推进项目落地；持续学习，保持技术敏感度。
严军,男,13751970059,yanjun84@163.com,15169574705,杭州,"期望岗位：数据分析师
期望城市：杭州
期望行业：互联网/信息技术/软件服务
期望薪资：面议",3年数据分析师工作经验，精通Tableau、用户分析技术栈，参与过完整项目迭代，能够独立完成模块开发与问题排查，注重代码质量与开发效率，具备良好的沟通协作能力。,"福建船政交通职业学院 | 网络工程 | 专科
毕业时间：2019年6月
核心课程：软件工程、数据库原理、数据结构、数字信号处理","【汇智信息技术有限公司】 数据分析师
2025年3月 - 至今
    · 承担分配模块的编码、测试与优化工作，保障系统稳定运行
    · 对接产品、测试团队，跟进需求落地与缺陷修复

【科创网络科技有限公司】 数据分析师
2024年1月 - 2025年7月
    · 负责公司数据分析师相关业务的开发与维护，参与需求评审
    · 编写开发文档，沉淀技术规范，协助新人熟悉业务","■ 用户行为分析看板
  项目目标：构建用户行为数据体系，支撑运营决策
  个人职责：负责数据清洗、指标体系搭建，输出可视化运营报表
  项目成果：输出15+核心运营指标，支撑每月3次运营优化，用户留存率提升8%

■ 销售数据预测建模
  项目目标：基于历史数据预测销量，指导库存与备货
  个人职责：数据预处理，构建时间序列预测模型，输出月度预测报告
  项目成果：预测准确率达89%，库存周转效率提升25%","专业技能：NumPy、MySQL、统计学、Excel、Python、Power BI、用户分析、Hive、Tableau、Pandas
相关证书：英语四级、阿里云ACP云计算认证",拥有3年实际工作经验，技术功底扎实，熟悉完整开发流程；具备较强的问题解决能力，能够独立排查并解决常见技术问题；工作认真负责，注重团队协作，能够高效推进项目落地；持续学习，保持技术敏感度。
尹若曦,女,15948339743,yin若xi4000@126.com,13865984939,龙岩,"期望岗位：数据分析师
期望城市：龙岩
期望行业：互联网/信息技术/软件服务
期望薪资：面议",本科计算机应用技术专业应届毕业生，有1段数据分析师实习经验，掌握Pandas技术栈，参与过实习项目开发，具备良好的代码规范与团队协作意识，能够快速上手业务，期望正式入职发展。,"浙江万里学院 | 计算机应用技术 | 本科
毕业时间：2021年6月
核心课程：数据库原理、软件工程、Python编程、算法设计与分析","【易联科技有限公司】 数据分析师（实习）
2025年8月 - 至今
    · 编写开发文档，沉淀技术规范，协助新人熟悉业务
    · 承担分配模块的编码、测试与优化工作，保障系统稳定运行
    · 对接产品、测试团队，跟进需求落地与缺陷修复","■ 电商公开数据爬取分析
  项目目标：采集公开电商商品数据并分析
  个人职责：数据爬取、清洗、价格销量分析
  项目成果：输出可视化分析图表

■ 学生成绩数据分析
  项目目标：对班级期末成绩进行统计分析
  个人职责：数据清洗、可视化图表制作、结论输出
  项目成果：输出分析报告，提出3点教学建议","专业技能：NumPy、Python、用户分析、Pandas
相关证书：英语四级",有实习经验，熟悉开发基本流程，具备基础的项目实践能力；学习能力强，能够快速上手新业务新技术；工作踏实，责任心强，善于沟通协作，能够高效完成分配的工作任务。
龙欣,女,13114906239,longxin52@126.com,wx_longxin_259,福州,"期望岗位：Python开发工程师
期望城市：福州
期望行业：互联网/信息技术/软件服务
期望薪资：面议",1年Python开发工程师工作经验，精通MongoDB、MongoDB技术栈，参与过完整项目迭代，能够独立完成模块开发与问题排查，注重代码质量与开发效率，具备良好的沟通协作能力。,"福州大学 | 计算机应用技术 | 本科
毕业时间：2021年6月
核心课程：数据结构、软件工程、算法设计与分析、Java程序设计","【星图网络科技有限公司】 Python开发工程师
2025年7月 - 至今
    · 承担分配模块的编码、测试与优化工作，保障系统稳定运行
    · 负责公司Python开发工程师相关业务的开发与维护，参与需求评审","■ 数据采集爬虫系统
  项目目标：搭建分布式爬虫平台，采集多渠道公开数据
  个人职责：负责反爬策略破解、数据清洗、入库逻辑开发
  项目成果：日均采集数据50万条，数据准确率98%以上

■ 自动化运维平台
  项目目标：开发运维管理平台，实现服务器批量管理
  个人职责：负责监控、告警、任务调度模块后端开发
  项目成果：管理服务器200+，运维人力成本降低50%","专业技能：Docker、MySQL、Celery、FastAPI、爬虫、Flask、Linux、Redis、MongoDB
相关证书：无",拥有1年实际工作经验，技术功底扎实，熟悉完整开发流程；具备较强的问题解决能力，能够独立排查并解决常见技术问题；工作认真负责，注重团队协作，能够高效推进项目落地；持续学习，保持技术敏感度。
范洋,男,18416968472,fanyang64@gmail.com,13485530974,厦门,"期望岗位：Java开发工程师
期望城市：厦门
期望行业：互联网/信息技术/软件服务
期望薪资：面议",4年Java开发工程师从业经验，精通Linux技术架构，主导过中型项目从0到1落地，擅长技术方案设计与性能优化，曾推动核心模块技术重构，带来显著效率提升，具备跨部门协作与项目推进能力。,"南京大学 | 数字媒体技术 | 本科
毕业时间：2018年6月
核心课程：算法设计与分析、机器学习、软件工程、数字信号处理","【新科网络科技有限公司】 Java开发工程师
2024年3月 - 至今
    · 编写开发文档，沉淀技术规范，协助新人熟悉业务
    · 负责公司Java开发工程师相关业务的开发与维护，参与需求评审

【启明信息技术有限公司】 Java开发工程师
2022年3月 - 2024年6月
    · 负责公司Java开发工程师相关业务的开发与维护，参与需求评审
    · 承担分配模块的编码、测试与优化工作，保障系统稳定运行","■ 电商订单交易系统
  项目目标：搭建高可用电商订单系统，支撑大促流量峰值
  个人职责：负责订单创建、支付回调、库存扣减核心逻辑开发
  项目成果：支撑日均订单量10万+，系统可用性达99.95%

■ 微服务用户中心重构
  项目目标：将单体用户系统拆分为微服务架构，提升并发承载能力
  个人职责：负责登录、注册、权限模块开发，优化数据库查询与缓存策略
  项目成果：支持并发量从500提升至5000，接口响应耗时减少60%","专业技能：Git、Linux、Redis、微服务、SpringCloud、MyBatis、SpringBoot
相关证书：华为HCIA认证、PMP项目管理专业人士",拥有4年行业经验，技术视野开阔，具备方案设计与项目把控能力；逻辑清晰，善于定位并解决复杂技术问题；具备良好的团队管理与跨部门沟通能力，能够推动技术优化与业务落地；责任心强，追求技术与业务的平衡发展。
廖超,男,18890160140,liaochao3640@163.com,13217618768,莆田,"期望岗位：Python开发工程师
期望城市：莆田
期望行业：互联网/信息技术/软件服务
期望薪资：面议",1年Python开发工程师工作经验，精通FastAPI、Python技术栈，参与过完整项目迭代，能够独立完成模块开发与问题排查，注重代码质量与开发效率，具备良好的沟通协作能力。,"广东技术师范大学 | 数据科学与大数据技术 | 本科
毕业时间：2021年6月
核心课程：算法设计与分析、数据库原理、计算机网络、数字信号处理","【亿联网络】 Python开发工程师
2025年11月 - 至今
    · 编写开发文档，沉淀技术规范，协助新人熟悉业务
    · 承担分配模块的编码、测试与优化工作，保障系统稳定运行","■ 数据采集爬虫系统
  项目目标：搭建分布式爬虫平台，采集多渠道公开数据
  个人职责：负责反爬策略破解、数据清洗、入库逻辑开发
  项目成果：日均采集数据50万条，数据准确率98%以上

■ 自动化运维平台
  项目目标：开发运维管理平台，实现服务器批量管理
  个人职责：负责监控、告警、任务调度模块后端开发
  项目成果：管理服务器200+，运维人力成本降低50%","专业技能：爬虫、Linux、Redis、FastAPI、MongoDB、Docker
相关证书：阿里云ACP云计算认证",拥有1年实际工作经验，技术功底扎实，熟悉完整开发流程；具备较强的问题解决能力，能够独立排查并解决常见技术问题；工作认真负责，注重团队协作，能够高效推进项目落地；持续学习，保持技术敏感度。
周宇,男,15225238833,zhouyu051@qq.com,15323750088,杭州,"期望岗位：软件测试工程师
期望城市：杭州
期望行业：互联网/信息技术/软件服务
期望薪资：面议",3年软件测试工程师工作经验，精通TestNG、接口测试技术栈，参与过完整项目迭代，能够独立完成模块开发与问题排查，注重代码质量与开发效率，具备良好的沟通协作能力。,"福州职业技术学院 | 数字媒体技术 | 专科
毕业时间：2019年6月
核心课程：操作系统、机器学习、数据结构、Java程序设计","【通元网络科技有限公司】 软件测试工程师
2025年8月 - 至今
    · 承担分配模块的编码、测试与优化工作，保障系统稳定运行
    · 编写开发文档，沉淀技术规范，协助新人熟悉业务

【微远数据技术有限公司】 软件测试工程师
2024年3月 - 2025年5月
    · 编写开发文档，沉淀技术规范，协助新人熟悉业务
    · 承担分配模块的编码、测试与优化工作，保障系统稳定运行
    · 对接产品、测试团队，跟进需求落地与缺陷修复","■ 电商平台功能测试
  项目目标：保障电商系统上线质量，覆盖全业务流程
  个人职责：设计测试用例，执行功能、回归测试，提交缺陷报告
  项目成果：发现并修复120+缺陷，上线后线上缺陷率低于0.5%

■ 自动化测试框架搭建
  项目目标：提升回归测试效率，减少人工重复劳动
  个人职责：基于Selenium搭建UI自动化框架，编写核心模块测试脚本
  项目成果：回归测试周期从7天缩短至2天，覆盖率达85%","专业技能：JMeter、缺陷管理、接口测试、TestNG、Appium、测试用例设计、功能测试
相关证书：华为HCIA认证、系统架构设计师",拥有3年实际工作经验，技术功底扎实，熟悉完整开发流程；具备较强的问题解决能力，能够独立排查并解决常见技术问题；工作认真负责，注重团队协作，能够高效推进项目落地；持续学习，保持技术敏感度。
田阳,男,13924293435,tianyang06@gmail.com,13541373258,漳州,"期望岗位：算法工程师
期望城市：漳州
期望行业：互联网/信息技术/软件服务
期望薪资：面议",3年算法工程师从业经验，精通计算机视觉技术架构，主导过中型项目从0到1落地，擅长技术方案设计与性能优化，曾推动核心模块技术重构，带来显著效率提升，具备跨部门协作与项目推进能力。,"集美大学 | 计算机应用技术 | 本科
毕业时间：2019年6月
核心课程：数据结构、算法设计与分析、操作系统、数据库原理","【科创数据技术有限公司】 算法工程师
2025年5月 - 至今
    · 对接产品、测试团队，跟进需求落地与缺陷修复
    · 承担分配模块的编码、测试与优化工作，保障系统稳定运行

【博思数据技术有限公司】 算法工程师
2024年12月 - 2025年11月
    · 对接产品、测试团队，跟进需求落地与缺陷修复
    · 负责公司算法工程师相关业务的开发与维护，参与需求评审","■ 个性化推荐系统
  项目目标：提升内容推荐精准度，增加用户停留时长
  个人职责：负责协同过滤、深度学习推荐模型开发与离线优化
  项目成果：用户平均停留时长提升25%，点击率提升15%

■ 风控欺诈识别模型
  项目目标：识别交易欺诈行为，降低资金损失风险
  个人职责：特征工程，构建XGBoost风控模型，在线部署与迭代
  项目成果：欺诈识别准确率达92%，每年减少损失超200万","专业技能：算法优化、深度学习、计算机视觉、TensorFlow、PyTorch、特征工程、Python
相关证书：PMP项目管理专业人士、系统架构设计师",拥有3年行业经验，技术视野开阔，具备方案设计与项目把控能力；逻辑清晰，善于定位并解决复杂技术问题；具备良好的团队管理与跨部门沟通能力，能够推动技术优化与业务落地；责任心强，追求技术与业务的平衡发展。
吕恒,男,18255421060,lvheng881@qq.com,15323331022,漳州,"期望岗位：数据分析师
期望城市：漳州
期望行业：互联网/信息技术/软件服务
期望薪资：面议",2年数据分析师工作经验，精通SQL、SQL技术栈，参与过完整项目迭代，能够独立完成模块开发与问题排查，注重代码质量与开发效率，具备良好的沟通协作能力。,"厦门海洋职业技术学院 | 通信工程 | 专科
毕业时间：2020年6月
核心课程：Java程序设计、Python编程、算法设计与分析、数字信号处理","【vivo（东莞）】 数据分析师
2025年7月 - 至今
    · 负责公司数据分析师相关业务的开发与维护，参与需求评审
    · 对接产品、测试团队，跟进需求落地与缺陷修复

【安硕软件有限公司】 数据分析师
2024年1月 - 2025年9月
    · 负责公司数据分析师相关业务的开发与维护，参与需求评审
    · 承担分配模块的编码、测试与优化工作，保障系统稳定运行
    · 对接产品、测试团队，跟进需求落地与缺陷修复","■ 销售数据预测建模
  项目目标：基于历史数据预测销量，指导库存与备货
  个人职责：数据预处理，构建时间序列预测模型，输出月度预测报告
  项目成果：预测准确率达89%，库存周转效率提升25%

■ 用户行为分析看板
  项目目标：构建用户行为数据体系，支撑运营决策
  个人职责：负责数据清洗、指标体系搭建，输出可视化运营报表
  项目成果：输出15+核心运营指标，支撑每月3次运营优化，用户留存率提升8%","专业技能：Python、数据可视化、NumPy、统计学、MySQL、用户分析、Tableau
相关证书：软考中级、英语四级、计算机一级",拥有2年实际工作经验，技术功底扎实，熟悉完整开发流程；具备较强的问题解决能力，能够独立排查并解决常见技术问题；工作认真负责，注重团队协作，能够高效推进项目落地；持续学习，保持技术敏感度。
萧华,男,18098101912,xiaohua750@163.com,wx_xiaohua_385,珠海,"期望岗位：运维工程师
期望城市：珠海
期望行业：互联网/信息技术/软件服务
期望薪资：面议",专科电子信息工程专业应届毕业生，有1段运维工程师实习经验，掌握网络运维技术栈，参与过实习项目开发，具备良好的代码规范与团队协作意识，能够快速上手业务，期望正式入职发展。,"泉州经贸职业技术学院 | 电子信息工程 | 专科
毕业时间：2021年6月
核心课程：Python编程、操作系统、计算机网络、数据库原理","【智联软件有限公司】 运维工程师（实习）
2025年2月 - 至今
    · 编写开发文档，沉淀技术规范，协助新人熟悉业务
    · 对接产品、测试团队，跟进需求落地与缺陷修复
    · 负责公司运维工程师相关业务的开发与维护，参与需求评审","■ 简单监控脚本开发
  项目目标：编写服务器状态监控脚本
  个人职责：实现CPU、内存、磁盘使用率自动采集
  项目成果：支持异常邮件告警

■ 实验室服务器搭建实训
  项目目标：搭建实验室Linux服务器环境
  个人职责：负责系统安装、网络配置、基础服务部署
  项目成果：完成3台服务器环境搭建","专业技能：Jenkins、Linux、Prometheus、Shell、Nginx
相关证书：软件设计师（中级）、红帽RHCE认证",有实习经验，熟悉开发基本流程，具备基础的项目实践能力；学习能力强，能够快速上手新业务新技术；工作踏实，责任心强，善于沟通协作，能够高效完成分配的工作任务。
毛倩,女,15111389693,maoqian6170@qq.com,wx_maoqian_446,莆田,"期望岗位：后端开发工程师
期望城市：莆田
期望行业：互联网/信息技术/软件服务
期望薪资：面议",5年后端开发工程师资深经验，精通全链路技术架构，具备团队技术规划与方案设计能力，主导过多个大型项目重构与升级，在高并发/系统稳定性领域有深厚积累，能够带领团队攻克技术难题，驱动业务技术升级。,"广东技术师范大学 | 计算机应用技术 | 本科
毕业时间：2017年6月
核心课程：数据结构、数字信号处理、Python编程、操作系统","【博思信息技术有限公司】 后端开发工程师
2025年9月 - 至今
    · 编写开发文档，沉淀技术规范，协助新人熟悉业务
    · 负责公司后端开发工程师相关业务的开发与维护，参与需求评审
    · 承担分配模块的编码、测试与优化工作，保障系统稳定运行

【新科科技有限公司】 后端开发工程师
2024年9月 - 2025年11月
    · 对接产品、测试团队，跟进需求落地与缺陷修复
    · 负责公司后端开发工程师相关业务的开发与维护，参与需求评审
    · 承担分配模块的编码、测试与优化工作，保障系统稳定运行

【科创数据技术有限公司】 后端开发工程师
2023年11月 - 2024年11月
    · 负责公司后端开发工程师相关业务的开发与维护，参与需求评审
    · 编写开发文档，沉淀技术规范，协助新人熟悉业务","■ 内容管理系统后端
  项目目标：搭建CMS系统后端服务，支持多站点内容发布
  个人职责：负责文章、栏目、权限模块接口开发，设计数据库表结构
  项目成果：支撑8个站点同时运营，内容发布效率提升3倍

■ 即时通讯服务开发
  项目目标：实现企业内部IM系统后端消息推送与存储
  个人职责：负责消息队列、离线消息、会话管理模块开发
  项目成果：支持万人同时在线，消息送达延迟低于100ms","专业技能：K8s、Kafka、SpringBoot、Java、Gin、Python、MySQL、Go
相关证书：系统架构设计师",拥有5年行业经验，技术视野开阔，具备方案设计与项目把控能力；逻辑清晰，善于定位并解决复杂技术问题；具备良好的团队管理与跨部门沟通能力，能够推动技术优化与业务落地；责任心强，追求技术与业务的平衡发展。
彭霞,女,18077409851,pengxia149@gmail.com,13776466241,龙岩,"期望岗位：数据分析师
期望城市：龙岩
期望行业：互联网/信息技术/软件服务
期望薪资：面议",专科通信工程专业应届毕业生，有0段数据分析师实习经验，掌握Hive技术栈，参与过实习项目开发，具备良好的代码规范与团队协作意识，能够快速上手业务，期望正式入职发展。,"广东轻工职业技术学院 | 通信工程 | 专科
毕业时间：2022年6月
核心课程：数据库原理、操作系统、软件工程、机器学习","【信雅软件有限公司】 数据分析师（实习）
2022年7月 - 至今
    · 承担分配模块的编码、测试与优化工作，保障系统稳定运行
    · 负责公司数据分析师相关业务的开发与维护，参与需求评审","■ 学生成绩数据分析
  项目目标：对班级期末成绩进行统计分析
  个人职责：数据清洗、可视化图表制作、结论输出
  项目成果：输出分析报告，提出3点教学建议

■ 电商公开数据爬取分析
  项目目标：采集公开电商商品数据并分析
  个人职责：数据爬取、清洗、价格销量分析
  项目成果：输出可视化分析图表","专业技能：Hive、统计学、用户分析、Excel、Tableau、SQL
相关证书：无",有实习经验，熟悉开发基本流程，具备基础的项目实践能力；学习能力强，能够快速上手新业务新技术；工作踏实，责任心强，善于沟通协作，能够高效完成分配的工作任务。
潘语桐,女,15554348473,pan语tong3856@gmail.com,15829010827,南京,"期望岗位：后端开发工程师
期望城市：南京
期望行业：互联网/信息技术/软件服务
期望薪资：面议",3年后端开发工程师工作经验，精通Kafka、Go技术栈，参与过完整项目迭代，能够独立完成模块开发与问题排查，注重代码质量与开发效率，具备良好的沟通协作能力。,"华南理工大学 | 数据科学与大数据技术 | 本科
毕业时间：2019年6月
核心课程：机器学习、数据库原理、数字信号处理、Python编程","【汇智网络科技有限公司】 后端开发工程师
2025年5月 - 至今
    · 承担分配模块的编码、测试与优化工作，保障系统稳定运行
    · 负责公司后端开发工程师相关业务的开发与维护，参与需求评审
    · 编写开发文档，沉淀技术规范，协助新人熟悉业务

【智联网络科技有限公司】 后端开发工程师
2024年2月 - 2025年8月
    · 承担分配模块的编码、测试与优化工作，保障系统稳定运行
    · 负责公司后端开发工程师相关业务的开发与维护，参与需求评审
    · 编写开发文档，沉淀技术规范，协助新人熟悉业务","■ 内容管理系统后端
  项目目标：搭建CMS系统后端服务，支持多站点内容发布
  个人职责：负责文章、栏目、权限模块接口开发，设计数据库表结构
  项目成果：支撑8个站点同时运营，内容发布效率提升3倍

■ 即时通讯服务开发
  项目目标：实现企业内部IM系统后端消息推送与存储
  个人职责：负责消息队列、离线消息、会话管理模块开发
  项目成果：支持万人同时在线，消息送达延迟低于100ms","专业技能：Kafka、Docker、Gin、Redis、微服务、K8s
相关证书：计算机一级",拥有3年实际工作经验，技术功底扎实，熟悉完整开发流程；具备较强的问题解决能力，能够独立排查并解决常见技术问题；工作认真负责，注重团队协作，能够高效推进项目落地；持续学习，保持技术敏感度。
丁悦,女,15158360113,dingyue1691@126.com,wx_dingyue_133,南昌,"期望岗位：软件测试工程师
期望城市：南昌
期望行业：互联网/信息技术/软件服务
期望薪资：面议",3年软件测试工程师工作经验，精通Selenium、测试用例设计技术栈，参与过完整项目迭代，能够独立完成模块开发与问题排查，注重代码质量与开发效率，具备良好的沟通协作能力。,"福建船政交通职业学院 | 软件工程 | 专科
毕业时间：2019年6月
核心课程：数据结构、Python编程、操作系统、机器学习","【安硕数据技术有限公司】 软件测试工程师
2025年9月 - 至今
    · 负责公司软件测试工程师相关业务的开发与维护，参与需求评审
    · 编写开发文档，沉淀技术规范，协助新人熟悉业务
    · 对接产品、测试团队，跟进需求落地与缺陷修复

【启明网络科技有限公司】 软件测试工程师
2024年7月 - 2025年12月
    · 负责公司软件测试工程师相关业务的开发与维护，参与需求评审
    · 对接产品、测试团队，跟进需求落地与缺陷修复","■ 电商平台功能测试
  项目目标：保障电商系统上线质量，覆盖全业务流程
  个人职责：设计测试用例，执行功能、回归测试，提交缺陷报告
  项目成果：发现并修复120+缺陷，上线后线上缺陷率低于0.5%

■ 自动化测试框架搭建
  项目目标：提升回归测试效率，减少人工重复劳动
  个人职责：基于Selenium搭建UI自动化框架，编写核心模块测试脚本
  项目成果：回归测试周期从7天缩短至2天，覆盖率达85%","专业技能：Appium、性能测试、接口测试、Selenium、测试用例设计、功能测试
相关证书：无",拥有3年实际工作经验，技术功底扎实，熟悉完整开发流程；具备较强的问题解决能力，能够独立排查并解决常见技术问题；工作认真负责，注重团队协作，能够高效推进项目落地；持续学习，保持技术敏感度。
戴浩然,男,15058676296,daihaoran822@126.com,18241920961,宁德,"期望岗位：运维工程师
期望城市：宁德
期望行业：互联网/信息技术/软件服务
期望薪资：面议",专科数字媒体技术专业应届毕业生，掌握MySQL、Docker基础技能，完成过课程设计与毕业项目，具备基础代码编写能力与问题排查思路，学习能力强，做事认真踏实，期望从事运维工程师相关工作。,"江西交通职业技术学院 | 数字媒体技术 | 专科
毕业时间：2022年6月
核心课程：数字信号处理、操作系统、算法设计与分析、计算机网络","【校园实践】
    · 参与学校计算机协会技术部，负责协会网站日常维护
    · 协助老师完成实验室设备管理与系统环境搭建
    · 参与班级课程设计小组，担任后端开发角色","■ 简单监控脚本开发
  项目目标：编写服务器状态监控脚本
  个人职责：实现CPU、内存、磁盘使用率自动采集
  项目成果：支持异常邮件告警","专业技能：Prometheus、MySQL、Ansible、Redis、网络运维
相关证书：软件设计师（中级）",应届毕业，具备扎实的专业基础知识与学习能力，能够快速掌握新技术；工作态度认真负责，有耐心，注重细节；具备良好的团队意识与沟通能力，能够积极配合团队完成任务；期望在工作中积累经验，快速成长。
吕皓,男,13996247802,lvhao1257@qq.com,18915585455,泉州,"期望岗位：Java开发工程师
期望城市：泉州
期望行业：互联网/信息技术/软件服务
期望薪资：面议",2年Java开发工程师工作经验，精通微服务、Git技术栈，参与过完整项目迭代，能够独立完成模块开发与问题排查，注重代码质量与开发效率，具备良好的沟通协作能力。,"泉州经贸职业技术学院 | 软件技术 | 专科
毕业时间：2020年6月
核心课程：软件工程、算法设计与分析、计算机网络、操作系统","【未来信息技术有限公司】 Java开发工程师
2025年11月 - 至今
    · 负责公司Java开发工程师相关业务的开发与维护，参与需求评审
    · 编写开发文档，沉淀技术规范，协助新人熟悉业务
    · 对接产品、测试团队，跟进需求落地与缺陷修复

【易联信息技术有限公司】 Java开发工程师
2024年12月 - 2025年1月
    · 对接产品、测试团队，跟进需求落地与缺陷修复
    · 负责公司Java开发工程师相关业务的开发与维护，参与需求评审","■ 电商订单交易系统
  项目目标：搭建高可用电商订单系统，支撑大促流量峰值
  个人职责：负责订单创建、支付回调、库存扣减核心逻辑开发
  项目成果：支撑日均订单量10万+，系统可用性达99.95%

■ 微服务用户中心重构
  项目目标：将单体用户系统拆分为微服务架构，提升并发承载能力
  个人职责：负责登录、注册、权限模块开发，优化数据库查询与缓存策略
  项目成果：支持并发量从500提升至5000，接口响应耗时减少60%","专业技能：Java、SpringBoot、Redis、Docker、MyBatis、Linux、MySQL、RabbitMQ
相关证书：PMP项目管理专业人士",拥有2年实际工作经验，技术功底扎实，熟悉完整开发流程；具备较强的问题解决能力，能够独立排查并解决常见技术问题；工作认真负责，注重团队协作，能够高效推进项目落地；持续学习，保持技术敏感度。
严皓,男,15842197626,yanhao5154@163.com,13528643963,宁波,"期望岗位：后端开发工程师
期望城市：宁波
期望行业：互联网/信息技术/软件服务
期望薪资：面议",8年后端开发工程师资深经验，精通全链路技术架构，具备团队技术规划与方案设计能力，主导过多个大型项目重构与升级，在高并发/系统稳定性领域有深厚积累，能够带领团队攻克技术难题，驱动业务技术升级。,"中山大学 | 物联网工程 | 本科
毕业时间：2014年6月
核心课程：软件工程、机器学习、数字信号处理、数据结构","【字节跳动（厦门分公司）】 后端开发工程师
2024年9月 - 至今
    · 对接产品、测试团队，跟进需求落地与缺陷修复
    · 编写开发文档，沉淀技术规范，协助新人熟悉业务

【科创科技有限公司】 后端开发工程师
2022年4月 - 2024年9月
    · 编写开发文档，沉淀技术规范，协助新人熟悉业务
    · 承担分配模块的编码、测试与优化工作，保障系统稳定运行

【中软数据技术有限公司】 后端开发工程师
2020年10月 - 2022年6月
    · 对接产品、测试团队，跟进需求落地与缺陷修复
    · 编写开发文档，沉淀技术规范，协助新人熟悉业务
    · 承担分配模块的编码、测试与优化工作，保障系统稳定运行","■ 内容管理系统后端
  项目目标：搭建CMS系统后端服务，支持多站点内容发布
  个人职责：负责文章、栏目、权限模块接口开发，设计数据库表结构
  项目成果：支撑8个站点同时运营，内容发布效率提升3倍

■ 即时通讯服务开发
  项目目标：实现企业内部IM系统后端消息推送与存储
  个人职责：负责消息队列、离线消息、会话管理模块开发
  项目成果：支持万人同时在线，消息送达延迟低于100ms","专业技能：Kafka、微服务、Python、SpringBoot、Go、MySQL、Redis
相关证书：系统架构设计师",拥有8年行业经验，技术视野开阔，具备方案设计与项目把控能力；逻辑清晰，善于定位并解决复杂技术问题；具备良好的团队管理与跨部门沟通能力，能够推动技术优化与业务落地；责任心强，追求技术与业务的平衡发展。
黎彬,男,15799165726,libin734@gmail.com,wx_libin_816,珠海,"期望岗位：数据分析师
期望城市：珠海
期望行业：互联网/信息技术/软件服务
期望薪资：面议",2年数据分析师工作经验，精通Hive、Pandas技术栈，参与过完整项目迭代，能够独立完成模块开发与问题排查，注重代码质量与开发效率，具备良好的沟通协作能力。,"福州职业技术学院 | 通信工程 | 专科
毕业时间：2020年6月
核心课程：软件工程、Java程序设计、数字信号处理、操作系统","【博思网络科技有限公司】 数据分析师
2025年5月 - 至今
    · 承担分配模块的编码、测试与优化工作，保障系统稳定运行
    · 编写开发文档，沉淀技术规范，协助新人熟悉业务

【中软信息技术有限公司】 数据分析师
2024年1月 - 2025年5月
    · 编写开发文档，沉淀技术规范，协助新人熟悉业务
    · 对接产品、测试团队，跟进需求落地与缺陷修复
    · 负责公司数据分析师相关业务的开发与维护，参与需求评审","■ 用户行为分析看板
  项目目标：构建用户行为数据体系，支撑运营决策
  个人职责：负责数据清洗、指标体系搭建，输出可视化运营报表
  项目成果：输出15+核心运营指标，支撑每月3次运营优化，用户留存率提升8%

■ 销售数据预测建模
  项目目标：基于历史数据预测销量，指导库存与备货
  个人职责：数据预处理，构建时间序列预测模型，输出月度预测报告
  项目成果：预测准确率达89%，库存周转效率提升25%","专业技能：SQL、Python、用户分析、Tableau、NumPy、Excel、Hive、统计学、Pandas
相关证书：软考中级",拥有2年实际工作经验，技术功底扎实，熟悉完整开发流程；具备较强的问题解决能力，能够独立排查并解决常见技术问题；工作认真负责，注重团队协作，能够高效推进项目落地；持续学习，保持技术敏感度。
段辉,男,15302461967,duanhui3493@126.com,13823566511,珠海,"期望岗位：Java开发工程师
期望城市：珠海
期望行业：互联网/信息技术/软件服务
期望薪资：面议",3年Java开发工程师工作经验，精通MySQL、Git技术栈，参与过完整项目迭代，能够独立完成模块开发与问题排查，注重代码质量与开发效率，具备良好的沟通协作能力。,"东莞理工学院 | 数字媒体技术 | 本科
毕业时间：2019年6月
核心课程：计算机网络、Python编程、软件工程、数据库原理","【信雅互联网科技有限公司】 Java开发工程师
2025年6月 - 至今
    · 编写开发文档，沉淀技术规范，协助新人熟悉业务
    · 对接产品、测试团队，跟进需求落地与缺陷修复

【启明科技有限公司】 Java开发工程师
2024年8月 - 2025年1月
    · 负责公司Java开发工程师相关业务的开发与维护，参与需求评审
    · 编写开发文档，沉淀技术规范，协助新人熟悉业务
    · 承担分配模块的编码、测试与优化工作，保障系统稳定运行","■ 电商订单交易系统
  项目目标：搭建高可用电商订单系统，支撑大促流量峰值
  个人职责：负责订单创建、支付回调、库存扣减核心逻辑开发
  项目成果：支撑日均订单量10万+，系统可用性达99.95%

■ 微服务用户中心重构
  项目目标：将单体用户系统拆分为微服务架构，提升并发承载能力
  个人职责：负责登录、注册、权限模块开发，优化数据库查询与缓存策略
  项目成果：支持并发量从500提升至5000，接口响应耗时减少60%","专业技能：Git、微服务、Linux、SpringCloud、Redis、RabbitMQ、MySQL、SpringBoot
相关证书：系统架构设计师、华为HCIA认证",拥有3年实际工作经验，技术功底扎实，熟悉完整开发流程；具备较强的问题解决能力，能够独立排查并解决常见技术问题；工作认真负责，注重团队协作，能够高效推进项目落地；持续学习，保持技术敏感度。
向燕,女,15089898623,xiangyan801@outlook.com,18648946227,广州,"期望岗位：数据分析师
期望城市：广州
期望行业：互联网/信息技术/软件服务
期望薪资：面议",10年数据分析师资深经验，精通全链路技术架构，具备团队技术规划与方案设计能力，主导过多个大型项目重构与升级，在高并发/系统稳定性领域有深厚积累，能够带领团队攻克技术难题，驱动业务技术升级。,"泉州师范学院 | 数字媒体技术 | 本科
毕业时间：2012年6月
核心课程：软件工程、Python编程、算法设计与分析、操作系统","【阿里巴巴（福州分公司）】 数据分析师
2023年4月 - 至今
    · 编写开发文档，沉淀技术规范，协助新人熟悉业务
    · 承担分配模块的编码、测试与优化工作，保障系统稳定运行
    · 对接产品、测试团队，跟进需求落地与缺陷修复

【中软科技有限公司】 数据分析师
2020年12月 - 2023年12月
    · 负责公司数据分析师相关业务的开发与维护，参与需求评审
    · 承担分配模块的编码、测试与优化工作，保障系统稳定运行
    · 对接产品、测试团队，跟进需求落地与缺陷修复

【云创科技有限公司】 数据分析师
2017年6月 - 2020年4月
    · 负责公司数据分析师相关业务的开发与维护，参与需求评审
    · 承担分配模块的编码、测试与优化工作，保障系统稳定运行","■ 用户行为分析看板
  项目目标：构建用户行为数据体系，支撑运营决策
  个人职责：负责数据清洗、指标体系搭建，输出可视化运营报表
  项目成果：输出15+核心运营指标，支撑每月3次运营优化，用户留存率提升8%

■ 销售数据预测建模
  项目目标：基于历史数据预测销量，指导库存与备货
  个人职责：数据预处理，构建时间序列预测模型，输出月度预测报告
  项目成果：预测准确率达89%，库存周转效率提升25%","专业技能：Tableau、MySQL、用户分析、NumPy、Pandas、Excel
相关证书：英语六级",拥有10年行业经验，技术视野开阔，具备方案设计与项目把控能力；逻辑清晰，善于定位并解决复杂技术问题；具备良好的团队管理与跨部门沟通能力，能够推动技术优化与业务落地；责任心强，追求技术与业务的平衡发展。
陈阳,男,15861865482,chenyang62@qq.com,wx_chenyang_403,苏州,"期望岗位：Python开发工程师
期望城市：苏州
期望行业：互联网/信息技术/软件服务
期望薪资：面议",3年Python开发工程师从业经验，精通爬虫技术架构，主导过中型项目从0到1落地，擅长技术方案设计与性能优化，曾推动核心模块技术重构，带来显著效率提升，具备跨部门协作与项目推进能力。,"南京理工大学 | 数字媒体技术 | 本科
毕业时间：2019年6月
核心课程：软件工程、数据库原理、数字信号处理、Python编程","【安硕软件有限公司】 Python开发工程师
2025年6月 - 至今
    · 对接产品、测试团队，跟进需求落地与缺陷修复
    · 负责公司Python开发工程师相关业务的开发与维护，参与需求评审

【数聚信息技术有限公司】 Python开发工程师
2024年7月 - 2025年10月
    · 负责公司Python开发工程师相关业务的开发与维护，参与需求评审
    · 编写开发文档，沉淀技术规范，协助新人熟悉业务
    · 对接产品、测试团队，跟进需求落地与缺陷修复","■ 数据采集爬虫系统
  项目目标：搭建分布式爬虫平台，采集多渠道公开数据
  个人职责：负责反爬策略破解、数据清洗、入库逻辑开发
  项目成果：日均采集数据50万条，数据准确率98%以上

■ 自动化运维平台
  项目目标：开发运维管理平台，实现服务器批量管理
  个人职责：负责监控、告警、任务调度模块后端开发
  项目成果：管理服务器200+，运维人力成本降低50%","专业技能：MySQL、爬虫、Linux、Docker、Python、Flask、Celery、MongoDB、Git
相关证书：阿里云ACP云计算认证、英语四级",拥有3年行业经验，技术视野开阔，具备方案设计与项目把控能力；逻辑清晰，善于定位并解决复杂技术问题；具备良好的团队管理与跨部门沟通能力，能够推动技术优化与业务落地；责任心强，追求技术与业务的平衡发展。
孔茜,女,13264224211,kongxi8071@gmail.com,wx_kongxi_632,深圳,"期望岗位：算法工程师
期望城市：深圳
期望行业：互联网/信息技术/软件服务
期望薪资：面议",10年算法工程师资深经验，精通全链路技术架构，具备团队技术规划与方案设计能力，主导过多个大型项目重构与升级，在高并发/系统稳定性领域有深厚积累，能够带领团队攻克技术难题，驱动业务技术升级。,"浙江大学 | 电子信息工程 | 本科
毕业时间：2012年6月
核心课程：计算机网络、Java程序设计、数据结构、机器学习","【携程（厦门）】 算法工程师
2023年12月 - 至今
    · 对接产品、测试团队，跟进需求落地与缺陷修复
    · 编写开发文档，沉淀技术规范，协助新人熟悉业务

【锐捷软件有限公司】 算法工程师
2020年10月 - 2023年5月
    · 承担分配模块的编码、测试与优化工作，保障系统稳定运行
    · 对接产品、测试团队，跟进需求落地与缺陷修复
    · 编写开发文档，沉淀技术规范，协助新人熟悉业务

【用友网络科技有限公司】 算法工程师
2017年5月 - 2020年10月
    · 对接产品、测试团队，跟进需求落地与缺陷修复
    · 负责公司算法工程师相关业务的开发与维护，参与需求评审
    · 承担分配模块的编码、测试与优化工作，保障系统稳定运行","■ 个性化推荐系统
  项目目标：提升内容推荐精准度，增加用户停留时长
  个人职责：负责协同过滤、深度学习推荐模型开发与离线优化
  项目成果：用户平均停留时长提升25%，点击率提升15%

■ 风控欺诈识别模型
  项目目标：识别交易欺诈行为，降低资金损失风险
  个人职责：特征工程，构建XGBoost风控模型，在线部署与迭代
  项目成果：欺诈识别准确率达92%，每年减少损失超200万","专业技能：计算机视觉、NLP、SQL、深度学习、推荐算法、Python、特征工程
相关证书：系统架构设计师",拥有10年行业经验，技术视野开阔，具备方案设计与项目把控能力；逻辑清晰，善于定位并解决复杂技术问题；具备良好的团队管理与跨部门沟通能力，能够推动技术优化与业务落地；责任心强，追求技术与业务的平衡发展。
侯慧,女,18097805139,houhui8422@qq.com,wx_houhui_713,南昌,"期望岗位：算法工程师
期望城市：南昌
期望行业：互联网/信息技术/软件服务
期望薪资：面议",4年算法工程师从业经验，精通NLP技术架构，主导过中型项目从0到1落地，擅长技术方案设计与性能优化，曾推动核心模块技术重构，带来显著效率提升，具备跨部门协作与项目推进能力。,"广东技术师范大学 | 数字媒体技术 | 本科
毕业时间：2018年6月
核心课程：数据结构、操作系统、Python编程、数字信号处理","【金蝶数据技术有限公司】 算法工程师
2024年6月 - 至今
    · 负责公司算法工程师相关业务的开发与维护，参与需求评审
    · 承担分配模块的编码、测试与优化工作，保障系统稳定运行

【卓望信息技术有限公司】 算法工程师
2022年6月 - 2024年8月
    · 编写开发文档，沉淀技术规范，协助新人熟悉业务
    · 承担分配模块的编码、测试与优化工作，保障系统稳定运行","■ 个性化推荐系统
  项目目标：提升内容推荐精准度，增加用户停留时长
  个人职责：负责协同过滤、深度学习推荐模型开发与离线优化
  项目成果：用户平均停留时长提升25%，点击率提升15%

■ 风控欺诈识别模型
  项目目标：识别交易欺诈行为，降低资金损失风险
  个人职责：特征工程，构建XGBoost风控模型，在线部署与迭代
  项目成果：欺诈识别准确率达92%，每年减少损失超200万","专业技能：计算机视觉、数据结构、NLP、特征工程、SQL、Python、算法优化、机器学习、PyTorch、TensorFlow
相关证书：红帽RHCE认证",拥有4年行业经验，技术视野开阔，具备方案设计与项目把控能力；逻辑清晰，善于定位并解决复杂技术问题；具备良好的团队管理与跨部门沟通能力，能够推动技术优化与业务落地；责任心强，追求技术与业务的平衡发展。
石霞,女,13568630460,shixia6801@126.com,15091590731,厦门,"期望岗位：数据分析师
期望城市：厦门
期望行业：互联网/信息技术/软件服务
期望薪资：面议",7年数据分析师资深经验，精通全链路技术架构，具备团队技术规划与方案设计能力，主导过多个大型项目重构与升级，在高并发/系统稳定性领域有深厚积累，能够带领团队攻克技术难题，驱动业务技术升级。,"南京理工大学 | 网络工程 | 本科
毕业时间：2015年6月
核心课程：数字信号处理、数据库原理、操作系统、Python编程","【通元互联网科技有限公司】 数据分析师
2024年12月 - 至今
    · 负责公司数据分析师相关业务的开发与维护，参与需求评审
    · 对接产品、测试团队，跟进需求落地与缺陷修复
    · 编写开发文档，沉淀技术规范，协助新人熟悉业务

【汇智信息技术有限公司】 数据分析师
2022年6月 - 2024年4月
    · 对接产品、测试团队，跟进需求落地与缺陷修复
    · 负责公司数据分析师相关业务的开发与维护，参与需求评审

【智联信息技术有限公司】 数据分析师
2020年10月 - 2022年9月
    · 承担分配模块的编码、测试与优化工作，保障系统稳定运行
    · 对接产品、测试团队，跟进需求落地与缺陷修复","■ 用户行为分析看板
  项目目标：构建用户行为数据体系，支撑运营决策
  个人职责：负责数据清洗、指标体系搭建，输出可视化运营报表
  项目成果：输出15+核心运营指标，支撑每月3次运营优化，用户留存率提升8%

■ 销售数据预测建模
  项目目标：基于历史数据预测销量，指导库存与备货
  个人职责：数据预处理，构建时间序列预测模型，输出月度预测报告
  项目成果：预测准确率达89%，库存周转效率提升25%","专业技能：Tableau、Hive、SQL、统计学、用户分析、数据可视化、Excel、Pandas
相关证书：计算机二级、软考中级",拥有7年行业经验，技术视野开阔，具备方案设计与项目把控能力；逻辑清晰，善于定位并解决复杂技术问题；具备良好的团队管理与跨部门沟通能力，能够推动技术优化与业务落地；责任心强，追求技术与业务的平衡发展。
姜鹏,男,15073614951,jiangpeng9902@qq.com,15948015372,泉州,"期望岗位：算法工程师
期望城市：泉州
期望行业：互联网/信息技术/软件服务
期望薪资：面议",3年算法工程师工作经验，精通TensorFlow、NLP技术栈，参与过完整项目迭代，能够独立完成模块开发与问题排查，注重代码质量与开发效率，具备良好的沟通协作能力。,"南京大学 | 数字媒体技术 | 本科
毕业时间：2019年6月
核心课程：软件工程、Java程序设计、Python编程、操作系统","【数聚信息技术有限公司】 算法工程师
2025年3月 - 至今
    · 对接产品、测试团队，跟进需求落地与缺陷修复
    · 负责公司算法工程师相关业务的开发与维护，参与需求评审

【通元互联网科技有限公司】 算法工程师
2024年1月 - 2025年7月
    · 承担分配模块的编码、测试与优化工作，保障系统稳定运行
    · 编写开发文档，沉淀技术规范，协助新人熟悉业务","■ 风控欺诈识别模型
  项目目标：识别交易欺诈行为，降低资金损失风险
  个人职责：特征工程，构建XGBoost风控模型，在线部署与迭代
  项目成果：欺诈识别准确率达92%，每年减少损失超200万

■ 个性化推荐系统
  项目目标：提升内容推荐精准度，增加用户停留时长
  个人职责：负责协同过滤、深度学习推荐模型开发与离线优化
  项目成果：用户平均停留时长提升25%，点击率提升15%","专业技能：SQL、推荐算法、数据结构、机器学习、NLP、深度学习、Python、特征工程、计算机视觉、PyTorch
相关证书：华为HCIA认证",拥有3年实际工作经验，技术功底扎实，熟悉完整开发流程；具备较强的问题解决能力，能够独立排查并解决常见技术问题；工作认真负责，注重团队协作，能够高效推进项目落地；持续学习，保持技术敏感度。
吕静,女,15735879954,lvjing93@163.com,wx_lvjing_695,东莞,"期望岗位：Python开发工程师
期望城市：东莞
期望行业：互联网/信息技术/软件服务
期望薪资：面议",3年Python开发工程师工作经验，精通Celery、Celery技术栈，参与过完整项目迭代，能够独立完成模块开发与问题排查，注重代码质量与开发效率，具备良好的沟通协作能力。,"浙江大学 | 计算机科学与技术 | 本科
毕业时间：2019年6月
核心课程：数据库原理、软件工程、机器学习、数字信号处理","【东软互联网科技有限公司】 Python开发工程师
2025年3月 - 至今
    · 对接产品、测试团队，跟进需求落地与缺陷修复
    · 负责公司Python开发工程师相关业务的开发与维护，参与需求评审

【汇智信息技术有限公司】 Python开发工程师
2024年2月 - 2025年11月
    · 对接产品、测试团队，跟进需求落地与缺陷修复
    · 承担分配模块的编码、测试与优化工作，保障系统稳定运行
    · 编写开发文档，沉淀技术规范，协助新人熟悉业务","■ 自动化运维平台
  项目目标：开发运维管理平台，实现服务器批量管理
  个人职责：负责监控、告警、任务调度模块后端开发
  项目成果：管理服务器200+，运维人力成本降低50%

■ 数据采集爬虫系统
  项目目标：搭建分布式爬虫平台，采集多渠道公开数据
  个人职责：负责反爬策略破解、数据清洗、入库逻辑开发
  项目成果：日均采集数据50万条，数据准确率98%以上","专业技能：Docker、爬虫、Celery、Flask、Python、Linux、Django、Redis
相关证书：MySQL数据库认证、英语四级",拥有3年实际工作经验，技术功底扎实，熟悉完整开发流程；具备较强的问题解决能力，能够独立排查并解决常见技术问题；工作认真负责，注重团队协作，能够高效推进项目落地；持续学习，保持技术敏感度。
龚静,女,13076032140,gongjing285@qq.com,17691502622,漳州,"期望岗位：运维工程师
期望城市：漳州
期望行业：互联网/信息技术/软件服务
期望薪资：面议",1年运维工程师工作经验，精通Linux、Nginx技术栈，参与过完整项目迭代，能够独立完成模块开发与问题排查，注重代码质量与开发效率，具备良好的沟通协作能力。,"苏州职业大学 | 电子信息工程 | 专科
毕业时间：2021年6月
核心课程：机器学习、数据库原理、Java程序设计、算法设计与分析","【金蝶信息技术有限公司】 运维工程师
2025年3月 - 至今
    · 对接产品、测试团队，跟进需求落地与缺陷修复
    · 编写开发文档，沉淀技术规范，协助新人熟悉业务
    · 负责公司运维工程师相关业务的开发与维护，参与需求评审","■ 服务器集群运维优化
  项目目标：提升服务器集群稳定性，降低故障发生率
  个人职责：负责日常巡检、故障排查，优化监控告警规则与分级策略
  项目成果：服务器故障率下降60%，平均故障响应时间缩短至15分钟

■ CI/CD自动化流水线
  项目目标：实现代码自动化构建、测试、部署，提升发布效率
  个人职责：基于Jenkins搭建持续集成流水线，配置Docker容器化部署
  项目成果：发布周期从每周1次提升至每天3次，部署失误率降为0","专业技能：网络运维、MySQL、Ansible、Docker、Jenkins、Linux、Zabbix
相关证书：无",拥有1年实际工作经验，技术功底扎实，熟悉完整开发流程；具备较强的问题解决能力，能够独立排查并解决常见技术问题；工作认真负责，注重团队协作，能够高效推进项目落地；持续学习，保持技术敏感度。
万静,女,18953655938,wanjing8315@outlook.com,wx_wanjing_536,宁波,"期望岗位：后端开发工程师
期望城市：宁波
期望行业：互联网/信息技术/软件服务
期望薪资：面议",专科计算机应用技术专业应届毕业生，掌握MySQL、K8s基础技能，完成过课程设计与毕业项目，具备基础代码编写能力与问题排查思路，学习能力强，做事认真踏实，期望从事后端开发工程师相关工作。,"江西交通职业技术学院 | 计算机应用技术 | 专科
毕业时间：2022年6月
核心课程：操作系统、算法设计与分析、Python编程、软件工程","【校园实践】
    · 参与学校计算机协会技术部，负责协会网站日常维护
    · 协助老师完成实验室设备管理与系统环境搭建
    · 参与班级课程设计小组，担任后端开发角色","■ 图书管理系统后端
  项目目标：实现图书借阅、归还、用户管理功能
  个人职责：负责接口开发与数据库表结构设计
  项目成果：完成核心功能，支持1000条数据量","专业技能：Java、PostgreSQL、Docker、Gin、K8s
相关证书：软件设计师（中级）",应届毕业，具备扎实的专业基础知识与学习能力，能够快速掌握新技术；工作态度认真负责，有耐心，注重细节；具备良好的团队意识与沟通能力，能够积极配合团队完成任务；期望在工作中积累经验，快速成长。
汪华,男,18096205613,wanghua14@163.com,18457906656,厦门,"期望岗位：数据分析师
期望城市：厦门
期望行业：互联网/信息技术/软件服务
期望薪资：面议",专科计算机应用技术专业应届毕业生，有0段数据分析师实习经验，掌握统计学技术栈，参与过实习项目开发，具备良好的代码规范与团队协作意识，能够快速上手业务，期望正式入职发展。,"福州职业技术学院 | 计算机应用技术 | 专科
毕业时间：2022年6月
核心课程：数字信号处理、软件工程、机器学习、算法设计与分析","【卓望网络科技有限公司】 数据分析师（实习）
2022年5月 - 至今
    · 承担分配模块的编码、测试与优化工作，保障系统稳定运行
    · 编写开发文档，沉淀技术规范，协助新人熟悉业务
    · 负责公司数据分析师相关业务的开发与维护，参与需求评审","■ 电商公开数据爬取分析
  项目目标：采集公开电商商品数据并分析
  个人职责：数据爬取、清洗、价格销量分析
  项目成果：输出可视化分析图表

■ 学生成绩数据分析
  项目目标：对班级期末成绩进行统计分析
  个人职责：数据清洗、可视化图表制作、结论输出
  项目成果：输出分析报告，提出3点教学建议","专业技能：Hive、Excel、Tableau、数据可视化
相关证书：软件设计师（中级）、系统架构设计师",有实习经验，熟悉开发基本流程，具备基础的项目实践能力；学习能力强，能够快速上手新业务新技术；工作踏实，责任心强，善于沟通协作，能够高效完成分配的工作任务。
袁玲,女,13236121489,yuanling6529@gmail.com,wx_yuanling_894,三明,"期望岗位：前端开发工程师
期望城市：三明
期望行业：互联网/信息技术/软件服务
期望薪资：面议",专科电子信息工程专业应届毕业生，掌握Axios、React基础技能，完成过课程设计与毕业项目，具备基础代码编写能力与问题排查思路，学习能力强，做事认真踏实，期望从事前端开发工程师相关工作。,"福州职业技术学院 | 电子信息工程 | 专科
毕业时间：2022年6月
核心课程：Java程序设计、计算机网络、软件工程、操作系统","【校园实践】
    · 参与学校计算机协会技术部，负责协会网站日常维护
    · 协助老师完成实验室设备管理与系统环境搭建
    · 参与班级课程设计小组，担任后端开发角色","■ 个人博客系统（课程作业）
  项目目标：开发个人博客前端页面，实现文章展示与评论
  个人职责：负责页面布局、交互效果、接口联调
  项目成果：完成响应式页面，兼容多浏览器","专业技能：TypeScript、JavaScript、React、HTML5、移动端适配
相关证书：无",应届毕业，具备扎实的专业基础知识与学习能力，能够快速掌握新技术；工作态度认真负责，有耐心，注重细节；具备良好的团队意识与沟通能力，能够积极配合团队完成任务；期望在工作中积累经验，快速成长。
尹若曦,女,13246644080,yin若xi68@qq.com,18266095094,宁德,"期望岗位：算法工程师
期望城市：宁德
期望行业：互联网/信息技术/软件服务
期望薪资：面议",4年算法工程师从业经验，精通机器学习技术架构，主导过中型项目从0到1落地，擅长技术方案设计与性能优化，曾推动核心模块技术重构，带来显著效率提升，具备跨部门协作与项目推进能力。,"福建船政交通职业学院 | 网络工程 | 专科
毕业时间：2018年6月
核心课程：Java程序设计、机器学习、软件工程、Python编程","【易联信息技术有限公司】 算法工程师
2024年3月 - 至今
    · 承担分配模块的编码、测试与优化工作，保障系统稳定运行
    · 负责公司算法工程师相关业务的开发与维护，参与需求评审

【博思互联网科技有限公司】 算法工程师
2022年7月 - 2024年11月
    · 负责公司算法工程师相关业务的开发与维护，参与需求评审
    · 对接产品、测试团队，跟进需求落地与缺陷修复
    · 编写开发文档，沉淀技术规范，协助新人熟悉业务","■ 风控欺诈识别模型
  项目目标：识别交易欺诈行为，降低资金损失风险
  个人职责：特征工程，构建XGBoost风控模型，在线部署与迭代
  项目成果：欺诈识别准确率达92%，每年减少损失超200万

■ 个性化推荐系统
  项目目标：提升内容推荐精准度，增加用户停留时长
  个人职责：负责协同过滤、深度学习推荐模型开发与离线优化
  项目成果：用户平均停留时长提升25%，点击率提升15%","专业技能：TensorFlow、PyTorch、NLP、算法优化、计算机视觉、特征工程、机器学习
相关证书：计算机二级",拥有4年行业经验，技术视野开阔，具备方案设计与项目把控能力；逻辑清晰，善于定位并解决复杂技术问题；具备良好的团队管理与跨部门沟通能力，能够推动技术优化与业务落地；责任心强，追求技术与业务的平衡发展。
沈涛,男,15576562120,shentao172@gmail.com,wx_shentao_239,厦门,"期望岗位：软件测试工程师
期望城市：厦门
期望行业：互联网/信息技术/软件服务
期望薪资：面议",3年软件测试工程师工作经验，精通测试用例设计、Python技术栈，参与过完整项目迭代，能够独立完成模块开发与问题排查，注重代码质量与开发效率，具备良好的沟通协作能力。,"福州大学 | 计算机科学与技术 | 本科
毕业时间：2019年6月
核心课程：软件工程、计算机网络、数字信号处理、机器学习","【通元互联网科技有限公司】 软件测试工程师
2025年1月 - 至今
    · 编写开发文档，沉淀技术规范，协助新人熟悉业务
    · 负责公司软件测试工程师相关业务的开发与维护，参与需求评审

【用友软件有限公司】 软件测试工程师
2024年1月 - 2025年1月
    · 负责公司软件测试工程师相关业务的开发与维护，参与需求评审
    · 编写开发文档，沉淀技术规范，协助新人熟悉业务
    · 承担分配模块的编码、测试与优化工作，保障系统稳定运行","■ 电商平台功能测试
  项目目标：保障电商系统上线质量，覆盖全业务流程
  个人职责：设计测试用例，执行功能、回归测试，提交缺陷报告
  项目成果：发现并修复120+缺陷，上线后线上缺陷率低于0.5%

■ 自动化测试框架搭建
  项目目标：提升回归测试效率，减少人工重复劳动
  个人职责：基于Selenium搭建UI自动化框架，编写核心模块测试脚本
  项目成果：回归测试周期从7天缩短至2天，覆盖率达85%","专业技能：Postman、Selenium、测试用例设计、TestNG、MySQL、缺陷管理
相关证书：软考中级",拥有3年实际工作经验，技术功底扎实，熟悉完整开发流程；具备较强的问题解决能力，能够独立排查并解决常见技术问题；工作认真负责，注重团队协作，能够高效推进项目落地；持续学习，保持技术敏感度。
谢刚,男,15380019274,xiegang2160@qq.com,18320718440,宁波,"期望岗位：Java开发工程师
期望城市：宁波
期望行业：互联网/信息技术/软件服务
期望薪资：面议",2年Java开发工程师工作经验，精通RabbitMQ、MyBatis技术栈，参与过完整项目迭代，能够独立完成模块开发与问题排查，注重代码质量与开发效率，具备良好的沟通协作能力。,"福州大学 | 数字媒体技术 | 本科
毕业时间：2020年6月
核心课程：Python编程、软件工程、机器学习、数据结构","【安硕软件有限公司】 Java开发工程师
2025年1月 - 至今
    · 对接产品、测试团队，跟进需求落地与缺陷修复
    · 编写开发文档，沉淀技术规范，协助新人熟悉业务
    · 负责公司Java开发工程师相关业务的开发与维护，参与需求评审

【中软数据技术有限公司】 Java开发工程师
2024年11月 - 2025年11月
    · 承担分配模块的编码、测试与优化工作，保障系统稳定运行
    · 负责公司Java开发工程师相关业务的开发与维护，参与需求评审","■ 电商订单交易系统
  项目目标：搭建高可用电商订单系统，支撑大促流量峰值
  个人职责：负责订单创建、支付回调、库存扣减核心逻辑开发
  项目成果：支撑日均订单量10万+，系统可用性达99.95%

■ 微服务用户中心重构
  项目目标：将单体用户系统拆分为微服务架构，提升并发承载能力
  个人职责：负责登录、注册、权限模块开发，优化数据库查询与缓存策略
  项目成果：支持并发量从500提升至5000，接口响应耗时减少60%","专业技能：MyBatis、微服务、RabbitMQ、Docker、Linux、Redis、Git
相关证书：软考中级、软件设计师（中级）、系统架构设计师",拥有2年实际工作经验，技术功底扎实，熟悉完整开发流程；具备较强的问题解决能力，能够独立排查并解决常见技术问题；工作认真负责，注重团队协作，能够高效推进项目落地；持续学习，保持技术敏感度。
郝洋,男,18161698860,haoyang09@gmail.com,wx_haoyang_924,宁德,"期望岗位：软件测试工程师
期望城市：宁德
期望行业：互联网/信息技术/软件服务
期望薪资：面议",4年软件测试工程师从业经验，精通Selenium技术架构，主导过中型项目从0到1落地，擅长技术方案设计与性能优化，曾推动核心模块技术重构，带来显著效率提升，具备跨部门协作与项目推进能力。,"厦门理工学院 | 软件工程 | 本科
毕业时间：2018年6月
核心课程：Java程序设计、计算机网络、数据库原理、数字信号处理","【通元数据技术有限公司】 软件测试工程师
2024年8月 - 至今
    · 负责公司软件测试工程师相关业务的开发与维护，参与需求评审
    · 承担分配模块的编码、测试与优化工作，保障系统稳定运行

【锐捷信息技术有限公司】 软件测试工程师
2022年11月 - 2024年6月
    · 承担分配模块的编码、测试与优化工作，保障系统稳定运行
    · 对接产品、测试团队，跟进需求落地与缺陷修复","■ 自动化测试框架搭建
  项目目标：提升回归测试效率，减少人工重复劳动
  个人职责：基于Selenium搭建UI自动化框架，编写核心模块测试脚本
  项目成果：回归测试周期从7天缩短至2天，覆盖率达85%

■ 电商平台功能测试
  项目目标：保障电商系统上线质量，覆盖全业务流程
  个人职责：设计测试用例，执行功能、回归测试，提交缺陷报告
  项目成果：发现并修复120+缺陷，上线后线上缺陷率低于0.5%","专业技能：缺陷管理、TestNG、功能测试、测试用例设计、接口测试、MySQL、Postman、Selenium、Python
相关证书：无",拥有4年行业经验，技术视野开阔，具备方案设计与项目把控能力；逻辑清晰，善于定位并解决复杂技术问题；具备良好的团队管理与跨部门沟通能力，能够推动技术优化与业务落地；责任心强，追求技术与业务的平衡发展。
黄明,男,18447397197,huangming2063@126.com,wx_huangming_305,南平,"期望岗位：后端开发工程师
期望城市：南平
期望行业：互联网/信息技术/软件服务
期望薪资：面议",2年后端开发工程师工作经验，精通SpringBoot、Docker技术栈，参与过完整项目迭代，能够独立完成模块开发与问题排查，注重代码质量与开发效率，具备良好的沟通协作能力。,"南京大学 | 信息管理与信息系统 | 本科
毕业时间：2020年6月
核心课程：数据库原理、机器学习、数字信号处理、Python编程","【合众科技有限公司】 后端开发工程师
2025年4月 - 至今
    · 对接产品、测试团队，跟进需求落地与缺陷修复
    · 编写开发文档，沉淀技术规范，协助新人熟悉业务
    · 负责公司后端开发工程师相关业务的开发与维护，参与需求评审

【汇智网络科技有限公司】 后端开发工程师
2024年12月 - 2025年6月
    · 负责公司后端开发工程师相关业务的开发与维护，参与需求评审
    · 对接产品、测试团队，跟进需求落地与缺陷修复","■ 即时通讯服务开发
  项目目标：实现企业内部IM系统后端消息推送与存储
  个人职责：负责消息队列、离线消息、会话管理模块开发
  项目成果：支持万人同时在线，消息送达延迟低于100ms

■ 内容管理系统后端
  项目目标：搭建CMS系统后端服务，支持多站点内容发布
  个人职责：负责文章、栏目、权限模块接口开发，设计数据库表结构
  项目成果：支撑8个站点同时运营，内容发布效率提升3倍","专业技能：MySQL、Docker、Java、Redis、SpringBoot、Kafka、Gin、Python、微服务、K8s
相关证书：红帽RHCE认证",拥有2年实际工作经验，技术功底扎实，熟悉完整开发流程；具备较强的问题解决能力，能够独立排查并解决常见技术问题；工作认真负责，注重团队协作，能够高效推进项目落地；持续学习，保持技术敏感度。
谢浩然,男,18838359469,xiehaoran451@163.com,wx_xiehaoran_255,泉州,"期望岗位：后端开发工程师
期望城市：泉州
期望行业：互联网/信息技术/软件服务
期望薪资：面议",2年后端开发工程师工作经验，精通Java、Java技术栈，参与过完整项目迭代，能够独立完成模块开发与问题排查，注重代码质量与开发效率，具备良好的沟通协作能力。,"南京大学 | 计算机应用技术 | 本科
毕业时间：2020年6月
核心课程：数据库原理、Python编程、计算机网络、机器学习","【天擎互联网科技有限公司】 后端开发工程师
2025年12月 - 至今
    · 承担分配模块的编码、测试与优化工作，保障系统稳定运行
    · 对接产品、测试团队，跟进需求落地与缺陷修复

【通元信息技术有限公司】 后端开发工程师
2024年4月 - 2025年9月
    · 对接产品、测试团队，跟进需求落地与缺陷修复
    · 编写开发文档，沉淀技术规范，协助新人熟悉业务
    · 负责公司后端开发工程师相关业务的开发与维护，参与需求评审","■ 内容管理系统后端
  项目目标：搭建CMS系统后端服务，支持多站点内容发布
  个人职责：负责文章、栏目、权限模块接口开发，设计数据库表结构
  项目成果：支撑8个站点同时运营，内容发布效率提升3倍

■ 即时通讯服务开发
  项目目标：实现企业内部IM系统后端消息推送与存储
  个人职责：负责消息队列、离线消息、会话管理模块开发
  项目成果：支持万人同时在线，消息送达延迟低于100ms","专业技能：Kafka、PostgreSQL、Java、SpringBoot、Python、MySQL、微服务、Redis、Gin
相关证书：无",拥有2年实际工作经验，技术功底扎实，熟悉完整开发流程；具备较强的问题解决能力，能够独立排查并解决常见技术问题；工作认真负责，注重团队协作，能够高效推进项目落地；持续学习，保持技术敏感度。
朱天佑,男,18013544901,zhu天you5424@163.com,13400774678,宁波,"期望岗位：软件测试工程师
期望城市：宁波
期望行业：互联网/信息技术/软件服务
期望薪资：面议",专科软件工程专业应届毕业生，掌握Appium、性能测试基础技能，完成过课程设计与毕业项目，具备基础代码编写能力与问题排查思路，学习能力强，做事认真踏实，期望从事软件测试工程师相关工作。,"福州职业技术学院 | 软件工程 | 专科
毕业时间：2022年6月
核心课程：机器学习、Java程序设计、Python编程、计算机网络","【校园实践】
    · 参与学校计算机协会技术部，负责协会网站日常维护
    · 协助老师完成实验室设备管理与系统环境搭建
    · 参与班级课程设计小组，担任后端开发角色","■ 学生管理系统功能测试
  项目目标：对课程设计系统进行功能测试与缺陷提交
  个人职责：设计测试用例，执行黑盒测试
  项目成果：发现并提交8个功能缺陷","专业技能：测试用例设计、Python、缺陷管理、MySQL、Postman、接口测试
相关证书：无",应届毕业，具备扎实的专业基础知识与学习能力，能够快速掌握新技术；工作态度认真负责，有耐心，注重细节；具备良好的团队意识与沟通能力，能够积极配合团队完成任务；期望在工作中积累经验，快速成长。
徐思琪,女,18757762967,xusiqi12@126.com,wx_xusiqi_932,厦门,"期望岗位：数据分析师
期望城市：厦门
期望行业：互联网/信息技术/软件服务
期望薪资：面议",本科物联网工程专业应届毕业生，有0段数据分析师实习经验，掌握Tableau技术栈，参与过实习项目开发，具备良好的代码规范与团队协作意识，能够快速上手业务，期望正式入职发展。,"泉州师范学院 | 物联网工程 | 本科
毕业时间：2022年6月
核心课程：数据库原理、计算机网络、机器学习、算法设计与分析","【华为（东莞研究所）】 数据分析师（实习）
2019年6月 - 至今
    · 承担分配模块的编码、测试与优化工作，保障系统稳定运行
    · 编写开发文档，沉淀技术规范，协助新人熟悉业务
    · 负责公司数据分析师相关业务的开发与维护，参与需求评审","■ 学生成绩数据分析
  项目目标：对班级期末成绩进行统计分析
  个人职责：数据清洗、可视化图表制作、结论输出
  项目成果：输出分析报告，提出3点教学建议

■ 电商公开数据爬取分析
  项目目标：采集公开电商商品数据并分析
  个人职责：数据爬取、清洗、价格销量分析
  项目成果：输出可视化分析图表","专业技能：Hive、Tableau、Power BI、统计学
相关证书：英语六级、计算机一级",有实习经验，熟悉开发基本流程，具备基础的项目实践能力；学习能力强，能够快速上手新业务新技术；工作踏实，责任心强，善于沟通协作，能够高效完成分配的工作任务。
曹慧,女,13642702181,caohui5506@outlook.com,13623001171,深圳,"期望岗位：运维工程师
期望城市：深圳
期望行业：互联网/信息技术/软件服务
期望薪资：面议",本科数据科学与大数据技术专业应届毕业生，有1段运维工程师实习经验，掌握网络运维技术栈，参与过实习项目开发，具备良好的代码规范与团队协作意识，能够快速上手业务，期望正式入职发展。,"南昌大学 | 数据科学与大数据技术 | 本科
毕业时间：2021年6月
核心课程：操作系统、Python编程、机器学习、软件工程","【网易（杭州）】 运维工程师（实习）
2025年1月 - 至今
    · 承担分配模块的编码、测试与优化工作，保障系统稳定运行
    · 负责公司运维工程师相关业务的开发与维护，参与需求评审
    · 对接产品、测试团队，跟进需求落地与缺陷修复","■ 简单监控脚本开发
  项目目标：编写服务器状态监控脚本
  个人职责：实现CPU、内存、磁盘使用率自动采集
  项目成果：支持异常邮件告警

■ 实验室服务器搭建实训
  项目目标：搭建实验室Linux服务器环境
  个人职责：负责系统安装、网络配置、基础服务部署
  项目成果：完成3台服务器环境搭建","专业技能：Kubernetes、Shell、MySQL、网络运维
相关证书：MySQL数据库认证、计算机一级、英语四级",有实习经验，熟悉开发基本流程，具备基础的项目实践能力；学习能力强，能够快速上手新业务新技术；工作踏实，责任心强，善于沟通协作，能够高效完成分配的工作任务。
杨梓轩,男,18259734199,yang梓xuan6895@gmail.com,wx_yang梓xuan_429,厦门,"期望岗位：Java开发工程师
期望城市：厦门
期望行业：互联网/信息技术/软件服务
期望薪资：面议",9年Java开发工程师资深经验，精通全链路技术架构，具备团队技术规划与方案设计能力，主导过多个大型项目重构与升级，在高并发/系统稳定性领域有深厚积累，能够带领团队攻克技术难题，驱动业务技术升级。,"厦门大学 | 计算机科学与技术 | 本科
毕业时间：2013年6月
核心课程：机器学习、数据库原理、操作系统、数据结构","【启明互联网科技有限公司】 Java开发工程师
2023年5月 - 至今
    · 负责公司Java开发工程师相关业务的开发与维护，参与需求评审
    · 编写开发文档，沉淀技术规范，协助新人熟悉业务

【科创互联网科技有限公司】 Java开发工程师
2020年8月 - 2023年9月
    · 负责公司Java开发工程师相关业务的开发与维护，参与需求评审
    · 对接产品、测试团队，跟进需求落地与缺陷修复

【安硕科技有限公司】 Java开发工程师
2017年10月 - 2020年12月
    · 对接产品、测试团队，跟进需求落地与缺陷修复
    · 编写开发文档，沉淀技术规范，协助新人熟悉业务
    · 承担分配模块的编码、测试与优化工作，保障系统稳定运行","■ 微服务用户中心重构
  项目目标：将单体用户系统拆分为微服务架构，提升并发承载能力
  个人职责：负责登录、注册、权限模块开发，优化数据库查询与缓存策略
  项目成果：支持并发量从500提升至5000，接口响应耗时减少60%

■ 电商订单交易系统
  项目目标：搭建高可用电商订单系统，支撑大促流量峰值
  个人职责：负责订单创建、支付回调、库存扣减核心逻辑开发
  项目成果：支撑日均订单量10万+，系统可用性达99.95%","专业技能：Java、SpringCloud、SpringBoot、微服务、MySQL、JVM调优、Linux、RabbitMQ、Git、Redis
相关证书：英语六级",拥有9年行业经验，技术视野开阔，具备方案设计与项目把控能力；逻辑清晰，善于定位并解决复杂技术问题；具备良好的团队管理与跨部门沟通能力，能够推动技术优化与业务落地；责任心强，追求技术与业务的平衡发展。
韦霞,女,15507326853,weixia97@163.com,wx_weixia_629,广州,"期望岗位：数据分析师
期望城市：广州
期望行业：互联网/信息技术/软件服务
期望薪资：面议",本科物联网工程专业应届毕业生，有0段数据分析师实习经验，掌握用户分析技术栈，参与过实习项目开发，具备良好的代码规范与团队协作意识，能够快速上手业务，期望正式入职发展。,"浙江万里学院 | 物联网工程 | 本科
毕业时间：2022年6月
核心课程：软件工程、机器学习、数字信号处理、数据库原理","【启明数据技术有限公司】 数据分析师（实习）
2021年11月 - 至今
    · 负责公司数据分析师相关业务的开发与维护，参与需求评审
    · 编写开发文档，沉淀技术规范，协助新人熟悉业务","■ 电商公开数据爬取分析
  项目目标：采集公开电商商品数据并分析
  个人职责：数据爬取、清洗、价格销量分析
  项目成果：输出可视化分析图表

■ 学生成绩数据分析
  项目目标：对班级期末成绩进行统计分析
  个人职责：数据清洗、可视化图表制作、结论输出
  项目成果：输出分析报告，提出3点教学建议","专业技能：Pandas、用户分析、Power BI、Python
相关证书：英语四级、计算机一级",有实习经验，熟悉开发基本流程，具备基础的项目实践能力；学习能力强，能够快速上手新业务新技术；工作踏实，责任心强，善于沟通协作，能够高效完成分配的工作任务。
萧萍,女,15201514350,xiaoping1796@gmail.com,17618166281,宁德,"期望岗位：算法工程师
期望城市：宁德
期望行业：互联网/信息技术/软件服务
期望薪资：面议",专科电子信息工程专业应届毕业生，有1段算法工程师实习经验，掌握特征工程技术栈，参与过实习项目开发，具备良好的代码规范与团队协作意识，能够快速上手业务，期望正式入职发展。,"南京工业职业技术大学 | 电子信息工程 | 专科
毕业时间：2021年6月
核心课程：数据结构、操作系统、机器学习、Python编程","【数聚信息技术有限公司】 算法工程师（实习）
2025年1月 - 至今
    · 承担分配模块的编码、测试与优化工作，保障系统稳定运行
    · 对接产品、测试团队，跟进需求落地与缺陷修复
    · 负责公司算法工程师相关业务的开发与维护，参与需求评审","■ 电影推荐系统（毕设）
  项目目标：基于协同过滤实现简单电影推荐
  个人职责：数据处理、模型实现、效果验证
  项目成果：召回准确率达到75%

■ 手写数字识别（课程作业）
  项目目标：基于MNIST数据集实现手写数字识别
  个人职责：使用CNN搭建模型，训练与调优
  项目成果：识别准确率达到92%","专业技能：特征工程、PyTorch、算法优化、TensorFlow、SQL
相关证书：红帽RHCE认证、英语六级",有实习经验，熟悉开发基本流程，具备基础的项目实践能力；学习能力强，能够快速上手新业务新技术；工作踏实，责任心强，善于沟通协作，能够高效完成分配的工作任务。
林健,男,15040920817,linjian4006@163.com,18508223952,三明,"期望岗位：后端开发工程师
期望城市：三明
期望行业：互联网/信息技术/软件服务
期望薪资：面议",5年后端开发工程师从业经验，精通Redis技术架构，主导过中型项目从0到1落地，擅长技术方案设计与性能优化，曾推动核心模块技术重构，带来显著效率提升，具备跨部门协作与项目推进能力。,"南京大学 | 网络工程 | 本科
毕业时间：2017年6月
核心课程：软件工程、数字信号处理、操作系统、算法设计与分析","【卓望互联网科技有限公司】 后端开发工程师
2025年8月 - 至今
    · 编写开发文档，沉淀技术规范，协助新人熟悉业务
    · 承担分配模块的编码、测试与优化工作，保障系统稳定运行
    · 对接产品、测试团队，跟进需求落地与缺陷修复

【通元互联网科技有限公司】 后端开发工程师
2024年5月 - 2025年9月
    · 对接产品、测试团队，跟进需求落地与缺陷修复
    · 编写开发文档，沉淀技术规范，协助新人熟悉业务

【微远互联网科技有限公司】 后端开发工程师
2023年12月 - 2024年9月
    · 对接产品、测试团队，跟进需求落地与缺陷修复
    · 承担分配模块的编码、测试与优化工作，保障系统稳定运行","■ 即时通讯服务开发
  项目目标：实现企业内部IM系统后端消息推送与存储
  个人职责：负责消息队列、离线消息、会话管理模块开发
  项目成果：支持万人同时在线，消息送达延迟低于100ms

■ 内容管理系统后端
  项目目标：搭建CMS系统后端服务，支持多站点内容发布
  个人职责：负责文章、栏目、权限模块接口开发，设计数据库表结构
  项目成果：支撑8个站点同时运营，内容发布效率提升3倍","专业技能：Python、Docker、PostgreSQL、Gin、Go、K8s、Kafka、Java、Redis、MySQL
相关证书：无",拥有5年行业经验，技术视野开阔，具备方案设计与项目把控能力；逻辑清晰，善于定位并解决复杂技术问题；具备良好的团队管理与跨部门沟通能力，能够推动技术优化与业务落地；责任心强，追求技术与业务的平衡发展。
朱浩,男,18175390435,zhuhao1173@gmail.com,wx_zhuhao_788,宁德,"期望岗位：数据分析师
期望城市：宁德
期望行业：互联网/信息技术/软件服务
期望薪资：面议",本科数据科学与大数据技术专业应届毕业生，掌握Tableau、MySQL基础技能，完成过课程设计与毕业项目，具备基础代码编写能力与问题排查思路，学习能力强，做事认真踏实，期望从事数据分析师相关工作。,"东莞理工学院 | 数据科学与大数据技术 | 本科
毕业时间：2022年6月
核心课程：机器学习、数据库原理、算法设计与分析、计算机网络","【校园实践】
    · 参与学校计算机协会技术部，负责协会网站日常维护
    · 协助老师完成实验室设备管理与系统环境搭建
    · 参与班级课程设计小组，担任后端开发角色","■ 电商公开数据爬取分析
  项目目标：采集公开电商商品数据并分析
  个人职责：数据爬取、清洗、价格销量分析
  项目成果：输出可视化分析图表","专业技能：Power BI、MySQL、数据可视化、Tableau、Pandas、SQL
相关证书：英语四级、MySQL数据库认证",应届毕业，具备扎实的专业基础知识与学习能力，能够快速掌握新技术；工作态度认真负责，有耐心，注重细节；具备良好的团队意识与沟通能力，能够积极配合团队完成任务；期望在工作中积累经验，快速成长。
江琳,女,15714493992,jianglin9316@outlook.com,18908860733,南平,"期望岗位：后端开发工程师
期望城市：南平
期望行业：互联网/信息技术/软件服务
期望薪资：面议",本科数学与应用数学专业应届毕业生，有0段后端开发工程师实习经验，掌握Docker技术栈，参与过实习项目开发，具备良好的代码规范与团队协作意识，能够快速上手业务，期望正式入职发展。,"苏州科技大学 | 数学与应用数学 | 本科
毕业时间：2022年6月
核心课程：Python编程、操作系统、Java程序设计、算法设计与分析","【恒信网络科技有限公司】 后端开发工程师（实习）
2021年6月 - 至今
    · 对接产品、测试团队，跟进需求落地与缺陷修复
    · 编写开发文档，沉淀技术规范，协助新人熟悉业务
    · 负责公司后端开发工程师相关业务的开发与维护，参与需求评审","■ 简单论坛系统
  项目目标：实现帖子发布、回复、板块管理
  个人职责：负责后端服务开发与接口文档编写
  项目成果：支持百人同时在线访问

■ 图书管理系统后端
  项目目标：实现图书借阅、归还、用户管理功能
  个人职责：负责接口开发与数据库表结构设计
  项目成果：完成核心功能，支持1000条数据量","专业技能：微服务、Java、MySQL、Docker、Redis、Python、PostgreSQL
相关证书：计算机一级、计算机二级、软考中级",有实习经验，熟悉开发基本流程，具备基础的项目实践能力；学习能力强，能够快速上手新业务新技术；工作踏实，责任心强，善于沟通协作，能够高效完成分配的工作任务。
钱思远,男,13229651672,qiansiyuan9166@qq.com,wx_qiansiyuan_630,南昌,"期望岗位：前端开发工程师
期望城市：南昌
期望行业：互联网/信息技术/软件服务
期望薪资：面议",10年前端开发工程师资深经验，精通全链路技术架构，具备团队技术规划与方案设计能力，主导过多个大型项目重构与升级，在高并发/系统稳定性领域有深厚积累，能够带领团队攻克技术难题，驱动业务技术升级。,"暨南大学 | 数据科学与大数据技术 | 本科
毕业时间：2012年6月
核心课程：数字信号处理、机器学习、Python编程、数据库原理","【启明互联网科技有限公司】 前端开发工程师
2023年4月 - 至今
    · 负责公司前端开发工程师相关业务的开发与维护，参与需求评审
    · 编写开发文档，沉淀技术规范，协助新人熟悉业务
    · 对接产品、测试团队，跟进需求落地与缺陷修复

【博思科技有限公司】 前端开发工程师
2020年9月 - 2023年3月
    · 承担分配模块的编码、测试与优化工作，保障系统稳定运行
    · 对接产品、测试团队，跟进需求落地与缺陷修复

【东软互联网科技有限公司】 前端开发工程师
2017年9月 - 2020年1月
    · 编写开发文档，沉淀技术规范，协助新人熟悉业务
    · 对接产品、测试团队，跟进需求落地与缺陷修复","■ 电商平台前端重构
  项目目标：升级旧版电商系统前端架构，提升用户体验与加载速度
  个人职责：负责商品详情页、购物车模块开发，组件化封装公共组件
  项目成果：首屏加载时间从3.2s降至1.8s，页面转化率提升12%

■ 企业后台管理系统
  项目目标：搭建企业运营管理后台，实现业务数据可视化
  个人职责：负责权限管理、数据报表模块开发，对接后端接口联调
  项目成果：覆盖12个业务部门，运营效率提升40%","专业技能：CSS3、Element UI、React、Ant Design、移动端适配、Vite、Vue、TypeScript、JavaScript
相关证书：PMP项目管理专业人士",拥有10年行业经验，技术视野开阔，具备方案设计与项目把控能力；逻辑清晰，善于定位并解决复杂技术问题；具备良好的团队管理与跨部门沟通能力，能够推动技术优化与业务落地；责任心强，追求技术与业务的平衡发展。
陶凯,男,18676017417,taokai014@gmail.com,13986548785,福州,"期望岗位：软件测试工程师
期望城市：福州
期望行业：互联网/信息技术/软件服务
期望薪资：面议",4年软件测试工程师从业经验，精通MySQL技术架构，主导过中型项目从0到1落地，擅长技术方案设计与性能优化，曾推动核心模块技术重构，带来显著效率提升，具备跨部门协作与项目推进能力。,"苏州职业大学 | 物联网工程 | 专科
毕业时间：2018年6月
核心课程：数字信号处理、Java程序设计、数据库原理、Python编程","【天擎信息技术有限公司】 软件测试工程师
2024年4月 - 至今
    · 对接产品、测试团队，跟进需求落地与缺陷修复
    · 负责公司软件测试工程师相关业务的开发与维护，参与需求评审

【恒信网络科技有限公司】 软件测试工程师
2022年11月 - 2024年9月
    · 对接产品、测试团队，跟进需求落地与缺陷修复
    · 负责公司软件测试工程师相关业务的开发与维护，参与需求评审
    · 编写开发文档，沉淀技术规范，协助新人熟悉业务","■ 电商平台功能测试
  项目目标：保障电商系统上线质量，覆盖全业务流程
  个人职责：设计测试用例，执行功能、回归测试，提交缺陷报告
  项目成果：发现并修复120+缺陷，上线后线上缺陷率低于0.5%

■ 自动化测试框架搭建
  项目目标：提升回归测试效率，减少人工重复劳动
  个人职责：基于Selenium搭建UI自动化框架，编写核心模块测试脚本
  项目成果：回归测试周期从7天缩短至2天，覆盖率达85%","专业技能：接口测试、功能测试、性能测试、Postman、Appium、TestNG
相关证书：无",拥有4年行业经验，技术视野开阔，具备方案设计与项目把控能力；逻辑清晰，善于定位并解决复杂技术问题；具备良好的团队管理与跨部门沟通能力，能够推动技术优化与业务落地；责任心强，追求技术与业务的平衡发展。
黄雨萱,女,15381499871,huang雨xuan9786@gmail.com,13338517492,南京,"期望岗位：数据分析师
期望城市：南京
期望行业：互联网/信息技术/软件服务
期望薪资：面议",2年数据分析师工作经验，精通Power BI、统计学技术栈，参与过完整项目迭代，能够独立完成模块开发与问题排查，注重代码质量与开发效率，具备良好的沟通协作能力。,"南京理工大学 | 计算机科学与技术 | 本科
毕业时间：2020年6月
核心课程：数据结构、Python编程、操作系统、软件工程","【新科软件有限公司】 数据分析师
2025年1月 - 至今
    · 负责公司数据分析师相关业务的开发与维护，参与需求评审
    · 编写开发文档，沉淀技术规范，协助新人熟悉业务

【金蝶信息技术有限公司】 数据分析师
2024年7月 - 2025年7月
    · 承担分配模块的编码、测试与优化工作，保障系统稳定运行
    · 编写开发文档，沉淀技术规范，协助新人熟悉业务
    · 对接产品、测试团队，跟进需求落地与缺陷修复","■ 用户行为分析看板
  项目目标：构建用户行为数据体系，支撑运营决策
  个人职责：负责数据清洗、指标体系搭建，输出可视化运营报表
  项目成果：输出15+核心运营指标，支撑每月3次运营优化，用户留存率提升8%

■ 销售数据预测建模
  项目目标：基于历史数据预测销量，指导库存与备货
  个人职责：数据预处理，构建时间序列预测模型，输出月度预测报告
  项目成果：预测准确率达89%，库存周转效率提升25%","专业技能：SQL、Pandas、MySQL、用户分析、Excel、Tableau
相关证书：英语四级、计算机一级",拥有2年实际工作经验，技术功底扎实，熟悉完整开发流程；具备较强的问题解决能力，能够独立排查并解决常见技术问题；工作认真负责，注重团队协作，能够高效推进项目落地；持续学习，保持技术敏感度。
汪语桐,女,15240392718,wang语tong32@gmail.com,wx_wang语tong_515,苏州,"期望岗位：软件测试工程师
期望城市：苏州
期望行业：互联网/信息技术/软件服务
期望薪资：面议",专科数字媒体技术专业应届毕业生，有1段软件测试工程师实习经验，掌握Postman技术栈，参与过实习项目开发，具备良好的代码规范与团队协作意识，能够快速上手业务，期望正式入职发展。,"福州职业技术学院 | 数字媒体技术 | 专科
毕业时间：2021年6月
核心课程：机器学习、Java程序设计、软件工程、数字信号处理","【用友网络科技有限公司】 软件测试工程师（实习）
2025年10月 - 至今
    · 编写开发文档，沉淀技术规范，协助新人熟悉业务
    · 负责公司软件测试工程师相关业务的开发与维护，参与需求评审
    · 承担分配模块的编码、测试与优化工作，保障系统稳定运行","■ 网页兼容性测试实训
  项目目标：对多个网站进行浏览器兼容测试
  个人职责：制定测试方案，输出测试报告
  项目成果：覆盖5款主流浏览器

■ 学生管理系统功能测试
  项目目标：对课程设计系统进行功能测试与缺陷提交
  个人职责：设计测试用例，执行黑盒测试
  项目成果：发现并提交8个功能缺陷","专业技能：接口测试、缺陷管理、Python、TestNG、功能测试
相关证书：计算机一级、MySQL数据库认证",有实习经验，熟悉开发基本流程，具备基础的项目实践能力；学习能力强，能够快速上手新业务新技术；工作踏实，责任心强，善于沟通协作，能够高效完成分配的工作任务。
段凯,男,18794979871,duankai128@gmail.com,wx_duankai_403,南平,"期望岗位：后端开发工程师
期望城市：南平
期望行业：互联网/信息技术/软件服务
期望薪资：面议",3年后端开发工程师工作经验，精通Docker、K8s技术栈，参与过完整项目迭代，能够独立完成模块开发与问题排查，注重代码质量与开发效率，具备良好的沟通协作能力。,"中山大学 | 计算机应用技术 | 本科
毕业时间：2019年6月
核心课程：Java程序设计、计算机网络、数据库原理、操作系统","【博思科技有限公司】 后端开发工程师
2025年4月 - 至今
    · 负责公司后端开发工程师相关业务的开发与维护，参与需求评审
    · 对接产品、测试团队，跟进需求落地与缺陷修复
    · 承担分配模块的编码、测试与优化工作，保障系统稳定运行

【星图数据技术有限公司】 后端开发工程师
2024年1月 - 2025年2月
    · 对接产品、测试团队，跟进需求落地与缺陷修复
    · 负责公司后端开发工程师相关业务的开发与维护，参与需求评审","■ 内容管理系统后端
  项目目标：搭建CMS系统后端服务，支持多站点内容发布
  个人职责：负责文章、栏目、权限模块接口开发，设计数据库表结构
  项目成果：支撑8个站点同时运营，内容发布效率提升3倍

■ 即时通讯服务开发
  项目目标：实现企业内部IM系统后端消息推送与存储
  个人职责：负责消息队列、离线消息、会话管理模块开发
  项目成果：支持万人同时在线，消息送达延迟低于100ms","专业技能：Redis、Gin、Docker、PostgreSQL、Java、Kafka、Go、MySQL、Python
相关证书：计算机二级、软考中级",拥有3年实际工作经验，技术功底扎实，熟悉完整开发流程；具备较强的问题解决能力，能够独立排查并解决常见技术问题；工作认真负责，注重团队协作，能够高效推进项目落地；持续学习，保持技术敏感度。
姜燕,女,13572561645,jiangyan94@126.com,wx_jiangyan_457,广州,"期望岗位：后端开发工程师
期望城市：广州
期望行业：互联网/信息技术/软件服务
期望薪资：面议",本科计算机应用技术专业应届毕业生，掌握K8s、SpringBoot基础技能，完成过课程设计与毕业项目，具备基础代码编写能力与问题排查思路，学习能力强，做事认真踏实，期望从事后端开发工程师相关工作。,"苏州科技大学 | 计算机应用技术 | 本科
毕业时间：2022年6月
核心课程：数字信号处理、机器学习、软件工程、计算机网络","【校园实践】
    · 参与学校计算机协会技术部，负责协会网站日常维护
    · 协助老师完成实验室设备管理与系统环境搭建
    · 参与班级课程设计小组，担任后端开发角色","■ 图书管理系统后端
  项目目标：实现图书借阅、归还、用户管理功能
  个人职责：负责接口开发与数据库表结构设计
  项目成果：完成核心功能，支持1000条数据量","专业技能：Go、Java、Python、Gin、K8s、SpringBoot、微服务
相关证书：PMP项目管理专业人士、计算机二级",应届毕业，具备扎实的专业基础知识与学习能力，能够快速掌握新技术；工作态度认真负责，有耐心，注重细节；具备良好的团队意识与沟通能力，能够积极配合团队完成任务；期望在工作中积累经验，快速成长。
李强,男,18831114054,liqiang525@126.com,wx_liqiang_642,宁波,"期望岗位：后端开发工程师
期望城市：宁波
期望行业：互联网/信息技术/软件服务
期望薪资：面议",专科计算机应用技术专业应届毕业生，掌握PostgreSQL、Python基础技能，完成过课程设计与毕业项目，具备基础代码编写能力与问题排查思路，学习能力强，做事认真踏实，期望从事后端开发工程师相关工作。,"福州职业技术学院 | 计算机应用技术 | 专科
毕业时间：2022年6月
核心课程：软件工程、数字信号处理、数据结构、操作系统","【校园实践】
    · 参与学校计算机协会技术部，负责协会网站日常维护
    · 协助老师完成实验室设备管理与系统环境搭建
    · 参与班级课程设计小组，担任后端开发角色","■ 图书管理系统后端
  项目目标：实现图书借阅、归还、用户管理功能
  个人职责：负责接口开发与数据库表结构设计
  项目成果：完成核心功能，支持1000条数据量","专业技能：SpringBoot、Gin、PostgreSQL、Kafka、Python、Docker、K8s
相关证书：无",应届毕业，具备扎实的专业基础知识与学习能力，能够快速掌握新技术；工作态度认真负责，有耐心，注重细节；具备良好的团队意识与沟通能力，能够积极配合团队完成任务；期望在工作中积累经验，快速成长。
毛浩然,男,13104668808,maohaoran4894@163.com,17673775181,莆田,"期望岗位：Python开发工程师
期望城市：莆田
期望行业：互联网/信息技术/软件服务
期望薪资：面议",3年Python开发工程师工作经验，精通FastAPI、Python技术栈，参与过完整项目迭代，能够独立完成模块开发与问题排查，注重代码质量与开发效率，具备良好的沟通协作能力。,"广东轻工职业技术学院 | 计算机应用技术 | 专科
毕业时间：2019年6月
核心课程：操作系统、数字信号处理、计算机网络、数据结构","【美图公司】 Python开发工程师
2025年2月 - 至今
    · 负责公司Python开发工程师相关业务的开发与维护，参与需求评审
    · 编写开发文档，沉淀技术规范，协助新人熟悉业务

【汇智网络科技有限公司】 Python开发工程师
2024年8月 - 2025年4月
    · 负责公司Python开发工程师相关业务的开发与维护，参与需求评审
    · 承担分配模块的编码、测试与优化工作，保障系统稳定运行","■ 数据采集爬虫系统
  项目目标：搭建分布式爬虫平台，采集多渠道公开数据
  个人职责：负责反爬策略破解、数据清洗、入库逻辑开发
  项目成果：日均采集数据50万条，数据准确率98%以上

■ 自动化运维平台
  项目目标：开发运维管理平台，实现服务器批量管理
  个人职责：负责监控、告警、任务调度模块后端开发
  项目成果：管理服务器200+，运维人力成本降低50%","专业技能：爬虫、Docker、Flask、Git、MySQL、Django、Python、FastAPI、Celery、Linux
相关证书：无",拥有3年实际工作经验，技术功底扎实，熟悉完整开发流程；具备较强的问题解决能力，能够独立排查并解决常见技术问题；工作认真负责，注重团队协作，能够高效推进项目落地；持续学习，保持技术敏感度。
顾华,男,18723986115,guhua304@qq.com,15901897525,泉州,"期望岗位：Python开发工程师
期望城市：泉州
期望行业：互联网/信息技术/软件服务
期望薪资：面议",1年Python开发工程师工作经验，精通Linux、Celery技术栈，参与过完整项目迭代，能够独立完成模块开发与问题排查，注重代码质量与开发效率，具备良好的沟通协作能力。,"福建信息职业技术学院 | 软件工程 | 专科
毕业时间：2021年6月
核心课程：机器学习、数据结构、数据库原理、计算机网络","【智联信息技术有限公司】 Python开发工程师
2025年7月 - 至今
    · 对接产品、测试团队，跟进需求落地与缺陷修复
    · 承担分配模块的编码、测试与优化工作，保障系统稳定运行","■ 自动化运维平台
  项目目标：开发运维管理平台，实现服务器批量管理
  个人职责：负责监控、告警、任务调度模块后端开发
  项目成果：管理服务器200+，运维人力成本降低50%

■ 数据采集爬虫系统
  项目目标：搭建分布式爬虫平台，采集多渠道公开数据
  个人职责：负责反爬策略破解、数据清洗、入库逻辑开发
  项目成果：日均采集数据50万条，数据准确率98%以上","专业技能：MySQL、Python、Redis、爬虫、Django、Linux、FastAPI、Celery、Docker、Git
相关证书：软考中级、英语六级",拥有1年实际工作经验，技术功底扎实，熟悉完整开发流程；具备较强的问题解决能力，能够独立排查并解决常见技术问题；工作认真负责，注重团队协作，能够高效推进项目落地；持续学习，保持技术敏感度。
龚雪,女,13830212022,gongxue196@126.com,wx_gongxue_347,南平,"期望岗位：Java开发工程师
期望城市：南平
期望行业：互联网/信息技术/软件服务
期望薪资：面议",专科电子信息工程专业应届毕业生，有0段Java开发工程师实习经验，掌握Git技术栈，参与过实习项目开发，具备良好的代码规范与团队协作意识，能够快速上手业务，期望正式入职发展。,"厦门海洋职业技术学院 | 电子信息工程 | 专科
毕业时间：2022年6月
核心课程：操作系统、机器学习、Java程序设计、数据结构","【美图公司】 Java开发工程师（实习）
2020年4月 - 至今
    · 承担分配模块的编码、测试与优化工作，保障系统稳定运行
    · 对接产品、测试团队，跟进需求落地与缺陷修复
    · 负责公司Java开发工程师相关业务的开发与维护，参与需求评审","■ 学生成绩管理系统（课程设计）
  项目目标：实现学生信息、成绩、班级的增删改查管理
  个人职责：负责后端接口开发与数据库设计
  项目成果：完成基础功能，通过课程答辩

■ 校园二手交易平台（毕设）
  项目目标：搭建校园闲置物品发布与交易平台
  个人职责：负责用户模块、商品发布模块开发
  项目成果：完成系统原型，获得良好成绩","专业技能：MySQL、SpringBoot、SpringCloud、JVM调优、微服务
相关证书：计算机一级、MySQL数据库认证",有实习经验，熟悉开发基本流程，具备基础的项目实践能力；学习能力强，能够快速上手新业务新技术；工作踏实，责任心强，善于沟通协作，能够高效完成分配的工作任务。
顾浩然,男,13031237798,guhaoran438@qq.com,wx_guhaoran_890,深圳,"期望岗位：后端开发工程师
期望城市：深圳
期望行业：互联网/信息技术/软件服务
期望薪资：面议",1年后端开发工程师工作经验，精通MySQL、Gin技术栈，参与过完整项目迭代，能够独立完成模块开发与问题排查，注重代码质量与开发效率，具备良好的沟通协作能力。,"集美大学 | 物联网工程 | 本科
毕业时间：2021年6月
核心课程：算法设计与分析、操作系统、计算机网络、软件工程","【字节跳动（厦门分公司）】 后端开发工程师
2025年11月 - 至今
    · 负责公司后端开发工程师相关业务的开发与维护，参与需求评审
    · 承担分配模块的编码、测试与优化工作，保障系统稳定运行
    · 对接产品、测试团队，跟进需求落地与缺陷修复","■ 内容管理系统后端
  项目目标：搭建CMS系统后端服务，支持多站点内容发布
  个人职责：负责文章、栏目、权限模块接口开发，设计数据库表结构
  项目成果：支撑8个站点同时运营，内容发布效率提升3倍

■ 即时通讯服务开发
  项目目标：实现企业内部IM系统后端消息推送与存储
  个人职责：负责消息队列、离线消息、会话管理模块开发
  项目成果：支持万人同时在线，消息送达延迟低于100ms","专业技能：Docker、PostgreSQL、MySQL、Go、Kafka、Gin、微服务、SpringBoot
相关证书：计算机二级、英语四级",拥有1年实际工作经验，技术功底扎实，熟悉完整开发流程；具备较强的问题解决能力，能够独立排查并解决常见技术问题；工作认真负责，注重团队协作，能够高效推进项目落地；持续学习，保持技术敏感度。
莫子轩,男,18064310492,mo子xuan74@outlook.com,18392016955,宁德,"期望岗位：算法工程师
期望城市：宁德
期望行业：互联网/信息技术/软件服务
期望薪资：面议",3年算法工程师工作经验，精通计算机视觉、机器学习技术栈，参与过完整项目迭代，能够独立完成模块开发与问题排查，注重代码质量与开发效率，具备良好的沟通协作能力。,"暨南大学 | 数字媒体技术 | 本科
毕业时间：2019年6月
核心课程：Java程序设计、数字信号处理、操作系统、软件工程","【网易（杭州）】 算法工程师
2025年5月 - 至今
    · 对接产品、测试团队，跟进需求落地与缺陷修复
    · 承担分配模块的编码、测试与优化工作，保障系统稳定运行

【合众数据技术有限公司】 算法工程师
2024年3月 - 2025年8月
    · 负责公司算法工程师相关业务的开发与维护，参与需求评审
    · 编写开发文档，沉淀技术规范，协助新人熟悉业务","■ 个性化推荐系统
  项目目标：提升内容推荐精准度，增加用户停留时长
  个人职责：负责协同过滤、深度学习推荐模型开发与离线优化
  项目成果：用户平均停留时长提升25%，点击率提升15%

■ 风控欺诈识别模型
  项目目标：识别交易欺诈行为，降低资金损失风险
  个人职责：特征工程，构建XGBoost风控模型，在线部署与迭代
  项目成果：欺诈识别准确率达92%，每年减少损失超200万","专业技能：数据结构、SQL、特征工程、深度学习、推荐算法、NLP、计算机视觉、算法优化、机器学习
相关证书：红帽RHCE认证",拥有3年实际工作经验，技术功底扎实，熟悉完整开发流程；具备较强的问题解决能力，能够独立排查并解决常见技术问题；工作认真负责，注重团队协作，能够高效推进项目落地；持续学习，保持技术敏感度。
江子轩,男,18046326234,jiang子xuan8662@gmail.com,wx_jiang子xuan_378,龙岩,"期望岗位：算法工程师
期望城市：龙岩
期望行业：互联网/信息技术/软件服务
期望薪资：面议",专科软件技术专业应届毕业生，掌握推荐算法、SQL基础技能，完成过课程设计与毕业项目，具备基础代码编写能力与问题排查思路，学习能力强，做事认真踏实，期望从事算法工程师相关工作。,"南京工业职业技术大学 | 软件技术 | 专科
毕业时间：2022年6月
核心课程：Python编程、算法设计与分析、数据结构、操作系统","【校园实践】
    · 参与学校计算机协会技术部，负责协会网站日常维护
    · 协助老师完成实验室设备管理与系统环境搭建
    · 参与班级课程设计小组，担任后端开发角色","■ 手写数字识别（课程作业）
  项目目标：基于MNIST数据集实现手写数字识别
  个人职责：使用CNN搭建模型，训练与调优
  项目成果：识别准确率达到92%","专业技能：Python、推荐算法、PyTorch、算法优化、NLP、特征工程、数据结构
相关证书：无",应届毕业，具备扎实的专业基础知识与学习能力，能够快速掌握新技术；工作态度认真负责，有耐心，注重细节；具备良好的团队意识与沟通能力，能够积极配合团队完成任务；期望在工作中积累经验，快速成长。
叶伟,男,13893351089,yewei68@qq.com,18615888022,宁德,"期望岗位：Java开发工程师
期望城市：宁德
期望行业：互联网/信息技术/软件服务
期望薪资：面议",3年Java开发工程师工作经验，精通JVM调优、MySQL技术栈，参与过完整项目迭代，能够独立完成模块开发与问题排查，注重代码质量与开发效率，具备良好的沟通协作能力。,"佛山科学技术学院 | 计算机应用技术 | 本科
毕业时间：2019年6月
核心课程：软件工程、Python编程、数据库原理、机器学习","【科创软件有限公司】 Java开发工程师
2025年2月 - 至今
    · 编写开发文档，沉淀技术规范，协助新人熟悉业务
    · 负责公司Java开发工程师相关业务的开发与维护，参与需求评审

【东软互联网科技有限公司】 Java开发工程师
2024年10月 - 2025年3月
    · 承担分配模块的编码、测试与优化工作，保障系统稳定运行
    · 负责公司Java开发工程师相关业务的开发与维护，参与需求评审","■ 电商订单交易系统
  项目目标：搭建高可用电商订单系统，支撑大促流量峰值
  个人职责：负责订单创建、支付回调、库存扣减核心逻辑开发
  项目成果：支撑日均订单量10万+，系统可用性达99.95%

■ 微服务用户中心重构
  项目目标：将单体用户系统拆分为微服务架构，提升并发承载能力
  个人职责：负责登录、注册、权限模块开发，优化数据库查询与缓存策略
  项目成果：支持并发量从500提升至5000，接口响应耗时减少60%","专业技能：Java、MyBatis、SpringCloud、MySQL、RabbitMQ、Linux、SpringBoot
相关证书：软考中级、华为HCIA认证",拥有3年实际工作经验，技术功底扎实，熟悉完整开发流程；具备较强的问题解决能力，能够独立排查并解决常见技术问题；工作认真负责，注重团队协作，能够高效推进项目落地；持续学习，保持技术敏感度。
朱倩,女,15558080554,zhuqian410@gmail.com,18981733304,珠海,"期望岗位：前端开发工程师
期望城市：珠海
期望行业：互联网/信息技术/软件服务
期望薪资：面议",专科信息管理与信息系统专业应届毕业生，有0段前端开发工程师实习经验，掌握Webpack技术栈，参与过实习项目开发，具备良好的代码规范与团队协作意识，能够快速上手业务，期望正式入职发展。,"福建信息职业技术学院 | 信息管理与信息系统 | 专科
毕业时间：2022年6月
核心课程：Java程序设计、算法设计与分析、数据结构、软件工程","【恒信信息技术有限公司】 前端开发工程师（实习）
2018年12月 - 至今
    · 对接产品、测试团队，跟进需求落地与缺陷修复
    · 编写开发文档，沉淀技术规范，协助新人熟悉业务","■ 校园社团官网（实训项目）
  项目目标：为学校社团开发官方展示网站
  个人职责：负责首页、新闻页、成员页开发
  项目成果：上线后访问量累计5000+

■ 个人博客系统（课程作业）
  项目目标：开发个人博客前端页面，实现文章展示与评论
  个人职责：负责页面布局、交互效果、接口联调
  项目成果：完成响应式页面，兼容多浏览器","专业技能：Vite、Ant Design、Axios、Vue、JavaScript、TypeScript
相关证书：华为HCIA认证、英语四级",有实习经验，熟悉开发基本流程，具备基础的项目实践能力；学习能力强，能够快速上手新业务新技术；工作踏实，责任心强，善于沟通协作，能够高效完成分配的工作任务。
熊超,男,18254263141,xiongchao0507@163.com,18501348518,龙岩,"期望岗位：后端开发工程师
期望城市：龙岩
期望行业：互联网/信息技术/软件服务
期望薪资：面议",5年后端开发工程师从业经验，精通微服务技术架构，主导过中型项目从0到1落地，擅长技术方案设计与性能优化，曾推动核心模块技术重构，带来显著效率提升，具备跨部门协作与项目推进能力。,"集美大学 | 计算机科学与技术 | 本科
毕业时间：2017年6月
核心课程：软件工程、Python编程、数据库原理、计算机网络","【美图公司】 后端开发工程师
2025年11月 - 至今
    · 承担分配模块的编码、测试与优化工作，保障系统稳定运行
    · 编写开发文档，沉淀技术规范，协助新人熟悉业务

【合众网络科技有限公司】 后端开发工程师
2024年6月 - 2025年1月
    · 编写开发文档，沉淀技术规范，协助新人熟悉业务
    · 负责公司后端开发工程师相关业务的开发与维护，参与需求评审
    · 承担分配模块的编码、测试与优化工作，保障系统稳定运行

【新科软件有限公司】 后端开发工程师
2023年5月 - 2024年11月
    · 编写开发文档，沉淀技术规范，协助新人熟悉业务
    · 承担分配模块的编码、测试与优化工作，保障系统稳定运行
    · 负责公司后端开发工程师相关业务的开发与维护，参与需求评审","■ 即时通讯服务开发
  项目目标：实现企业内部IM系统后端消息推送与存储
  个人职责：负责消息队列、离线消息、会话管理模块开发
  项目成果：支持万人同时在线，消息送达延迟低于100ms

■ 内容管理系统后端
  项目目标：搭建CMS系统后端服务，支持多站点内容发布
  个人职责：负责文章、栏目、权限模块接口开发，设计数据库表结构
  项目成果：支撑8个站点同时运营，内容发布效率提升3倍","专业技能：微服务、Redis、K8s、MySQL、Docker、Java、SpringBoot、Go
相关证书：英语六级、MySQL数据库认证",拥有5年行业经验，技术视野开阔，具备方案设计与项目把控能力；逻辑清晰，善于定位并解决复杂技术问题；具备良好的团队管理与跨部门沟通能力，能够推动技术优化与业务落地；责任心强，追求技术与业务的平衡发展。
姜萍,女,17675266102,jiangping0090@outlook.com,13420694853,宁波,"期望岗位：后端开发工程师
期望城市：宁波
期望行业：互联网/信息技术/软件服务
期望薪资：面议",专科软件工程专业应届毕业生，掌握MySQL、K8s基础技能，完成过课程设计与毕业项目，具备基础代码编写能力与问题排查思路，学习能力强，做事认真踏实，期望从事后端开发工程师相关工作。,"广东轻工职业技术学院 | 软件工程 | 专科
毕业时间：2022年6月
核心课程：Java程序设计、算法设计与分析、数据结构、数字信号处理","【校园实践】
    · 参与学校计算机协会技术部，负责协会网站日常维护
    · 协助老师完成实验室设备管理与系统环境搭建
    · 参与班级课程设计小组，担任后端开发角色","■ 简单论坛系统
  项目目标：实现帖子发布、回复、板块管理
  个人职责：负责后端服务开发与接口文档编写
  项目成果：支持百人同时在线访问","专业技能：Java、Python、Kafka、K8s、Docker
相关证书：计算机一级、计算机二级、英语六级",应届毕业，具备扎实的专业基础知识与学习能力，能够快速掌握新技术；工作态度认真负责，有耐心，注重细节；具备良好的团队意识与沟通能力，能够积极配合团队完成任务；期望在工作中积累经验，快速成长。
戴璐,女,15134773811,dailu98@gmail.com,wx_dailu_756,苏州,"期望岗位：运维工程师
期望城市：苏州
期望行业：互联网/信息技术/软件服务
期望薪资：面议",本科数学与应用数学专业应届毕业生，掌握Shell、Jenkins基础技能，完成过课程设计与毕业项目，具备基础代码编写能力与问题排查思路，学习能力强，做事认真踏实，期望从事运维工程师相关工作。,"苏州科技大学 | 数学与应用数学 | 本科
毕业时间：2022年6月
核心课程：操作系统、算法设计与分析、数据结构、数字信号处理","【校园实践】
    · 参与学校计算机协会技术部，负责协会网站日常维护
    · 协助老师完成实验室设备管理与系统环境搭建
    · 参与班级课程设计小组，担任后端开发角色","■ 实验室服务器搭建实训
  项目目标：搭建实验室Linux服务器环境
  个人职责：负责系统安装、网络配置、基础服务部署
  项目成果：完成3台服务器环境搭建","专业技能：Ansible、Shell、Zabbix、Redis、Prometheus、Nginx
相关证书：红帽RHCE认证",应届毕业，具备扎实的专业基础知识与学习能力，能够快速掌握新技术；工作态度认真负责，有耐心，注重细节；具备良好的团队意识与沟通能力，能够积极配合团队完成任务；期望在工作中积累经验，快速成长。
马飞,男,18244192507,mafei491@126.com,15509355648,南京,"期望岗位：软件测试工程师
期望城市：南京
期望行业：互联网/信息技术/软件服务
期望薪资：面议",5年软件测试工程师从业经验，精通TestNG技术架构，主导过中型项目从0到1落地，擅长技术方案设计与性能优化，曾推动核心模块技术重构，带来显著效率提升，具备跨部门协作与项目推进能力。,"闽南师范大学 | 数学与应用数学 | 本科
毕业时间：2017年6月
核心课程：数据库原理、数据结构、软件工程、机器学习","【腾讯（深圳分公司）】 软件测试工程师
2025年1月 - 至今
    · 对接产品、测试团队，跟进需求落地与缺陷修复
    · 承担分配模块的编码、测试与优化工作，保障系统稳定运行

【数聚科技有限公司】 软件测试工程师
2024年1月 - 2025年7月
    · 负责公司软件测试工程师相关业务的开发与维护，参与需求评审
    · 承担分配模块的编码、测试与优化工作，保障系统稳定运行
    · 编写开发文档，沉淀技术规范，协助新人熟悉业务

【科创网络科技有限公司】 软件测试工程师
2023年2月 - 2024年6月
    · 承担分配模块的编码、测试与优化工作，保障系统稳定运行
    · 负责公司软件测试工程师相关业务的开发与维护，参与需求评审
    · 编写开发文档，沉淀技术规范，协助新人熟悉业务","■ 电商平台功能测试
  项目目标：保障电商系统上线质量，覆盖全业务流程
  个人职责：设计测试用例，执行功能、回归测试，提交缺陷报告
  项目成果：发现并修复120+缺陷，上线后线上缺陷率低于0.5%

■ 自动化测试框架搭建
  项目目标：提升回归测试效率，减少人工重复劳动
  个人职责：基于Selenium搭建UI自动化框架，编写核心模块测试脚本
  项目成果：回归测试周期从7天缩短至2天，覆盖率达85%","专业技能：MySQL、TestNG、测试用例设计、Postman、性能测试、Appium、接口测试、Python、Selenium
相关证书：英语四级、软件设计师（中级）",拥有5年行业经验，技术视野开阔，具备方案设计与项目把控能力；逻辑清晰，善于定位并解决复杂技术问题；具备良好的团队管理与跨部门沟通能力，能够推动技术优化与业务落地；责任心强，追求技术与业务的平衡发展。
苏晨,男,13088431648,suchen3329@gmail.com,wx_suchen_511,莆田,"期望岗位：Java开发工程师
期望城市：莆田
期望行业：互联网/信息技术/软件服务
期望薪资：面议",专科物联网工程专业应届毕业生，掌握Docker、SpringBoot基础技能，完成过课程设计与毕业项目，具备基础代码编写能力与问题排查思路，学习能力强，做事认真踏实，期望从事Java开发工程师相关工作。,"福建船政交通职业学院 | 物联网工程 | 专科
毕业时间：2022年6月
核心课程：计算机网络、Java程序设计、数据结构、操作系统","【校园实践】
    · 参与学校计算机协会技术部，负责协会网站日常维护
    · 协助老师完成实验室设备管理与系统环境搭建
    · 参与班级课程设计小组，担任后端开发角色","■ 学生成绩管理系统（课程设计）
  项目目标：实现学生信息、成绩、班级的增删改查管理
  个人职责：负责后端接口开发与数据库设计
  项目成果：完成基础功能，通过课程答辩","专业技能：MyBatis、SpringBoot、Git、Docker、JVM调优
相关证书：无",应届毕业，具备扎实的专业基础知识与学习能力，能够快速掌握新技术；工作态度认真负责，有耐心，注重细节；具备良好的团队意识与沟通能力，能够积极配合团队完成任务；期望在工作中积累经验，快速成长。
于辉,男,15005202573,yuhui8766@qq.com,13971719276,杭州,"期望岗位：软件测试工程师
期望城市：杭州
期望行业：互联网/信息技术/软件服务
期望薪资：面议",本科数据科学与大数据技术专业应届毕业生，有0段软件测试工程师实习经验，掌握测试用例设计技术栈，参与过实习项目开发，具备良好的代码规范与团队协作意识，能够快速上手业务，期望正式入职发展。,"江西师范大学 | 数据科学与大数据技术 | 本科
毕业时间：2022年6月
核心课程：数据结构、Python编程、算法设计与分析、机器学习","【星图互联网科技有限公司】 软件测试工程师（实习）
2023年7月 - 至今
    · 负责公司软件测试工程师相关业务的开发与维护，参与需求评审
    · 编写开发文档，沉淀技术规范，协助新人熟悉业务","■ 学生管理系统功能测试
  项目目标：对课程设计系统进行功能测试与缺陷提交
  个人职责：设计测试用例，执行黑盒测试
  项目成果：发现并提交8个功能缺陷

■ 网页兼容性测试实训
  项目目标：对多个网站进行浏览器兼容测试
  个人职责：制定测试方案，输出测试报告
  项目成果：覆盖5款主流浏览器","专业技能：测试用例设计、Postman、MySQL、Python
相关证书：无",有实习经验，熟悉开发基本流程，具备基础的项目实践能力；学习能力强，能够快速上手新业务新技术；工作踏实，责任心强，善于沟通协作，能够高效完成分配的工作任务。
熊娜,女,15158331414,xiongna2325@gmail.com,13936867547,宁德,"期望岗位：Python开发工程师
期望城市：宁德
期望行业：互联网/信息技术/软件服务
期望薪资：面议",5年Python开发工程师从业经验，精通FastAPI技术架构，主导过中型项目从0到1落地，擅长技术方案设计与性能优化，曾推动核心模块技术重构，带来显著效率提升，具备跨部门协作与项目推进能力。,"南昌大学 | 通信工程 | 本科
毕业时间：2017年6月
核心课程：计算机网络、算法设计与分析、数据结构、Python编程","【美图公司】 Python开发工程师
2025年4月 - 至今
    · 承担分配模块的编码、测试与优化工作，保障系统稳定运行
    · 编写开发文档，沉淀技术规范，协助新人熟悉业务

【锐捷软件有限公司】 Python开发工程师
2024年5月 - 2025年6月
    · 负责公司Python开发工程师相关业务的开发与维护，参与需求评审
    · 承担分配模块的编码、测试与优化工作，保障系统稳定运行

【新科数据技术有限公司】 Python开发工程师
2023年1月 - 2024年7月
    · 承担分配模块的编码、测试与优化工作，保障系统稳定运行
    · 编写开发文档，沉淀技术规范，协助新人熟悉业务","■ 数据采集爬虫系统
  项目目标：搭建分布式爬虫平台，采集多渠道公开数据
  个人职责：负责反爬策略破解、数据清洗、入库逻辑开发
  项目成果：日均采集数据50万条，数据准确率98%以上

■ 自动化运维平台
  项目目标：开发运维管理平台，实现服务器批量管理
  个人职责：负责监控、告警、任务调度模块后端开发
  项目成果：管理服务器200+，运维人力成本降低50%","专业技能：爬虫、MySQL、Celery、Redis、MongoDB、Docker、Git、Linux、FastAPI、Flask
相关证书：计算机二级、PMP项目管理专业人士、计算机一级",拥有5年行业经验，技术视野开阔，具备方案设计与项目把控能力；逻辑清晰，善于定位并解决复杂技术问题；具备良好的团队管理与跨部门沟通能力，能够推动技术优化与业务落地；责任心强，追求技术与业务的平衡发展。
曹莉,女,18815155266,caoli67@163.com,wx_caoli_266,宁波,"期望岗位：Python开发工程师
期望城市：宁波
期望行业：互联网/信息技术/软件服务
期望薪资：面议",1年Python开发工程师工作经验，精通MySQL、MySQL技术栈，参与过完整项目迭代，能够独立完成模块开发与问题排查，注重代码质量与开发效率，具备良好的沟通协作能力。,"泉州经贸职业技术学院 | 软件工程 | 专科
毕业时间：2021年6月
核心课程：软件工程、算法设计与分析、Python编程、操作系统","【未来数据技术有限公司】 Python开发工程师
2025年3月 - 至今
    · 对接产品、测试团队，跟进需求落地与缺陷修复
    · 负责公司Python开发工程师相关业务的开发与维护，参与需求评审","■ 自动化运维平台
  项目目标：开发运维管理平台，实现服务器批量管理
  个人职责：负责监控、告警、任务调度模块后端开发
  项目成果：管理服务器200+，运维人力成本降低50%

■ 数据采集爬虫系统
  项目目标：搭建分布式爬虫平台，采集多渠道公开数据
  个人职责：负责反爬策略破解、数据清洗、入库逻辑开发
  项目成果：日均采集数据50万条，数据准确率98%以上","专业技能：Celery、Flask、Linux、Git、Docker、FastAPI、MongoDB、Python、Redis
相关证书：计算机一级、MySQL数据库认证",拥有1年实际工作经验，技术功底扎实，熟悉完整开发流程；具备较强的问题解决能力，能够独立排查并解决常见技术问题；工作认真负责，注重团队协作，能够高效推进项目落地；持续学习，保持技术敏感度。
秦萍,女,18160276306,qinping0200@gmail.com,18233149743,南京,"期望岗位：前端开发工程师
期望城市：南京
期望行业：互联网/信息技术/软件服务
期望薪资：面议",9年前端开发工程师资深经验，精通全链路技术架构，具备团队技术规划与方案设计能力，主导过多个大型项目重构与升级，在高并发/系统稳定性领域有深厚积累，能够带领团队攻克技术难题，驱动业务技术升级。,"南京理工大学 | 数学与应用数学 | 本科
毕业时间：2013年6月
核心课程：Java程序设计、软件工程、算法设计与分析、操作系统","【网易（杭州）】 前端开发工程师
2023年8月 - 至今
    · 负责公司前端开发工程师相关业务的开发与维护，参与需求评审
    · 编写开发文档，沉淀技术规范，协助新人熟悉业务

【汇智科技有限公司】 前端开发工程师
2020年9月 - 2023年12月
    · 负责公司前端开发工程师相关业务的开发与维护，参与需求评审
    · 编写开发文档，沉淀技术规范，协助新人熟悉业务
    · 承担分配模块的编码、测试与优化工作，保障系统稳定运行

【博思互联网科技有限公司】 前端开发工程师
2017年1月 - 2020年3月
    · 负责公司前端开发工程师相关业务的开发与维护，参与需求评审
    · 承担分配模块的编码、测试与优化工作，保障系统稳定运行","■ 电商平台前端重构
  项目目标：升级旧版电商系统前端架构，提升用户体验与加载速度
  个人职责：负责商品详情页、购物车模块开发，组件化封装公共组件
  项目成果：首屏加载时间从3.2s降至1.8s，页面转化率提升12%

■ 企业后台管理系统
  项目目标：搭建企业运营管理后台，实现业务数据可视化
  个人职责：负责权限管理、数据报表模块开发，对接后端接口联调
  项目成果：覆盖12个业务部门，运营效率提升40%","专业技能：TypeScript、JavaScript、移动端适配、React、Webpack、HTML5、Axios、Vite、Element UI、CSS3
相关证书：软件设计师（中级）",拥有9年行业经验，技术视野开阔，具备方案设计与项目把控能力；逻辑清晰，善于定位并解决复杂技术问题；具备良好的团队管理与跨部门沟通能力，能够推动技术优化与业务落地；责任心强，追求技术与业务的平衡发展。
曾思琪,女,15647566300,zengsiqi62@126.com,wx_zengsiqi_266,深圳,"期望岗位：数据分析师
期望城市：深圳
期望行业：互联网/信息技术/软件服务
期望薪资：面议",1年数据分析师工作经验，精通数据可视化、用户分析技术栈，参与过完整项目迭代，能够独立完成模块开发与问题排查，注重代码质量与开发效率，具备良好的沟通协作能力。,"福建师范大学 | 通信工程 | 本科
毕业时间：2021年6月
核心课程：Python编程、数据库原理、计算机网络、算法设计与分析","【汇智软件有限公司】 数据分析师
2025年8月 - 至今
    · 负责公司数据分析师相关业务的开发与维护，参与需求评审
    · 编写开发文档，沉淀技术规范，协助新人熟悉业务
    · 对接产品、测试团队，跟进需求落地与缺陷修复","■ 用户行为分析看板
  项目目标：构建用户行为数据体系，支撑运营决策
  个人职责：负责数据清洗、指标体系搭建，输出可视化运营报表
  项目成果：输出15+核心运营指标，支撑每月3次运营优化，用户留存率提升8%

■ 销售数据预测建模
  项目目标：基于历史数据预测销量，指导库存与备货
  个人职责：数据预处理，构建时间序列预测模型，输出月度预测报告
  项目成果：预测准确率达89%，库存周转效率提升25%","专业技能：Pandas、Tableau、Excel、NumPy、Power BI、用户分析、Hive、数据可视化、Python
相关证书：无",拥有1年实际工作经验，技术功底扎实，熟悉完整开发流程；具备较强的问题解决能力，能够独立排查并解决常见技术问题；工作认真负责，注重团队协作，能够高效推进项目落地；持续学习，保持技术敏感度。
任梦瑶,女,18998627572,renmengyao439@163.com,15332048252,福州,"期望岗位：前端开发工程师
期望城市：福州
期望行业：互联网/信息技术/软件服务
期望薪资：面议",专科信息管理与信息系统专业应届毕业生，掌握移动端适配、Vue基础技能，完成过课程设计与毕业项目，具备基础代码编写能力与问题排查思路，学习能力强，做事认真踏实，期望从事前端开发工程师相关工作。,"南京工业职业技术大学 | 信息管理与信息系统 | 专科
毕业时间：2022年6月
核心课程：数字信号处理、算法设计与分析、数据库原理、计算机网络","【校园实践】
    · 参与学校计算机协会技术部，负责协会网站日常维护
    · 协助老师完成实验室设备管理与系统环境搭建
    · 参与班级课程设计小组，担任后端开发角色","■ 个人博客系统（课程作业）
  项目目标：开发个人博客前端页面，实现文章展示与评论
  个人职责：负责页面布局、交互效果、接口联调
  项目成果：完成响应式页面，兼容多浏览器","专业技能：Webpack、Vite、React、移动端适配
相关证书：计算机二级、英语四级",应届毕业，具备扎实的专业基础知识与学习能力，能够快速掌握新技术；工作态度认真负责，有耐心，注重细节；具备良好的团队意识与沟通能力，能够积极配合团队完成任务；期望在工作中积累经验，快速成长。
龙超,男,13019559569,longchao529@163.com,13538716482,漳州,"期望岗位：后端开发工程师
期望城市：漳州
期望行业：互联网/信息技术/软件服务
期望薪资：面议",本科信息管理与信息系统专业应届毕业生，掌握Redis、微服务基础技能，完成过课程设计与毕业项目，具备基础代码编写能力与问题排查思路，学习能力强，做事认真踏实，期望从事后端开发工程师相关工作。,"华南理工大学 | 信息管理与信息系统 | 本科
毕业时间：2022年6月
核心课程：操作系统、数据库原理、数据结构、计算机网络","【校园实践】
    · 参与学校计算机协会技术部，负责协会网站日常维护
    · 协助老师完成实验室设备管理与系统环境搭建
    · 参与班级课程设计小组，担任后端开发角色","■ 简单论坛系统
  项目目标：实现帖子发布、回复、板块管理
  个人职责：负责后端服务开发与接口文档编写
  项目成果：支持百人同时在线访问","专业技能：SpringBoot、Java、MySQL、Python、PostgreSQL
相关证书：计算机一级",应届毕业，具备扎实的专业基础知识与学习能力，能够快速掌握新技术；工作态度认真负责，有耐心，注重细节；具备良好的团队意识与沟通能力，能够积极配合团队完成任务；期望在工作中积累经验，快速成长。
廖凯,男,15885104355,liaokai9925@gmail.com,15066599437,珠海,"期望岗位：Python开发工程师
期望城市：珠海
期望行业：互联网/信息技术/软件服务
期望薪资：面议",1年Python开发工程师工作经验，精通Django、Django技术栈，参与过完整项目迭代，能够独立完成模块开发与问题排查，注重代码质量与开发效率，具备良好的沟通协作能力。,"福建信息职业技术学院 | 数据科学与大数据技术 | 专科
毕业时间：2021年6月
核心课程：计算机网络、算法设计与分析、操作系统、数字信号处理","【通元信息技术有限公司】 Python开发工程师
2025年5月 - 至今
    · 承担分配模块的编码、测试与优化工作，保障系统稳定运行
    · 编写开发文档，沉淀技术规范，协助新人熟悉业务","■ 数据采集爬虫系统
  项目目标：搭建分布式爬虫平台，采集多渠道公开数据
  个人职责：负责反爬策略破解、数据清洗、入库逻辑开发
  项目成果：日均采集数据50万条，数据准确率98%以上

■ 自动化运维平台
  项目目标：开发运维管理平台，实现服务器批量管理
  个人职责：负责监控、告警、任务调度模块后端开发
  项目成果：管理服务器200+，运维人力成本降低50%","专业技能：FastAPI、Git、MySQL、爬虫、Docker、MongoDB、Flask
相关证书：英语四级",拥有1年实际工作经验，技术功底扎实，熟悉完整开发流程；具备较强的问题解决能力，能够独立排查并解决常见技术问题；工作认真负责，注重团队协作，能够高效推进项目落地；持续学习，保持技术敏感度。
吕欣,女,15928535920,lvxin246@126.com,wx_lvxin_212,三明,"期望岗位：前端开发工程师
期望城市：三明
期望行业：互联网/信息技术/软件服务
期望薪资：面议",5年前端开发工程师从业经验，精通Ant Design技术架构，主导过中型项目从0到1落地，擅长技术方案设计与性能优化，曾推动核心模块技术重构，带来显著效率提升，具备跨部门协作与项目推进能力。,"苏州大学 | 电子信息工程 | 本科
毕业时间：2017年6月
核心课程：计算机网络、Java程序设计、数据库原理、数据结构","【携程（厦门）】 前端开发工程师
2025年4月 - 至今
    · 对接产品、测试团队，跟进需求落地与缺陷修复
    · 承担分配模块的编码、测试与优化工作，保障系统稳定运行

【安硕网络科技有限公司】 前端开发工程师
2024年10月 - 2025年11月
    · 对接产品、测试团队，跟进需求落地与缺陷修复
    · 承担分配模块的编码、测试与优化工作，保障系统稳定运行

【云创科技有限公司】 前端开发工程师
2023年2月 - 2024年8月
    · 承担分配模块的编码、测试与优化工作，保障系统稳定运行
    · 负责公司前端开发工程师相关业务的开发与维护，参与需求评审","■ 企业后台管理系统
  项目目标：搭建企业运营管理后台，实现业务数据可视化
  个人职责：负责权限管理、数据报表模块开发，对接后端接口联调
  项目成果：覆盖12个业务部门，运营效率提升40%

■ 电商平台前端重构
  项目目标：升级旧版电商系统前端架构，提升用户体验与加载速度
  个人职责：负责商品详情页、购物车模块开发，组件化封装公共组件
  项目成果：首屏加载时间从3.2s降至1.8s，页面转化率提升12%","专业技能：Vue、Ant Design、Axios、JavaScript、React、Webpack
相关证书：无",拥有5年行业经验，技术视野开阔，具备方案设计与项目把控能力；逻辑清晰，善于定位并解决复杂技术问题；具备良好的团队管理与跨部门沟通能力，能够推动技术优化与业务落地；责任心强，追求技术与业务的平衡发展。
向皓,男,15681534915,xianghao414@163.com,wx_xianghao_321,东莞,"期望岗位：算法工程师
期望城市：东莞
期望行业：互联网/信息技术/软件服务
期望薪资：面议",1年算法工程师工作经验，精通机器学习、算法优化技术栈，参与过完整项目迭代，能够独立完成模块开发与问题排查，注重代码质量与开发效率，具备良好的沟通协作能力。,"南京理工大学 | 物联网工程 | 本科
毕业时间：2021年6月
核心课程：算法设计与分析、数据库原理、数据结构、Java程序设计","【易联数据技术有限公司】 算法工程师
2025年5月 - 至今
    · 编写开发文档，沉淀技术规范，协助新人熟悉业务
    · 负责公司算法工程师相关业务的开发与维护，参与需求评审
    · 对接产品、测试团队，跟进需求落地与缺陷修复","■ 风控欺诈识别模型
  项目目标：识别交易欺诈行为，降低资金损失风险
  个人职责：特征工程，构建XGBoost风控模型，在线部署与迭代
  项目成果：欺诈识别准确率达92%，每年减少损失超200万

■ 个性化推荐系统
  项目目标：提升内容推荐精准度，增加用户停留时长
  个人职责：负责协同过滤、深度学习推荐模型开发与离线优化
  项目成果：用户平均停留时长提升25%，点击率提升15%","专业技能：SQL、TensorFlow、机器学习、算法优化、推荐算法、Python、数据结构、NLP、特征工程
相关证书：系统架构设计师、PMP项目管理专业人士、英语四级",拥有1年实际工作经验，技术功底扎实，熟悉完整开发流程；具备较强的问题解决能力，能够独立排查并解决常见技术问题；工作认真负责，注重团队协作，能够高效推进项目落地；持续学习，保持技术敏感度。
郑琳,女,13229211413,zhenglin9048@163.com,13844825717,宁波,"期望岗位：算法工程师
期望城市：宁波
期望行业：互联网/信息技术/软件服务
期望薪资：面议",3年算法工程师工作经验，精通推荐算法、算法优化技术栈，参与过完整项目迭代，能够独立完成模块开发与问题排查，注重代码质量与开发效率，具备良好的沟通协作能力。,"泉州师范学院 | 物联网工程 | 本科
毕业时间：2019年6月
核心课程：数据库原理、算法设计与分析、机器学习、Python编程","【字节跳动（厦门分公司）】 算法工程师
2025年10月 - 至今
    · 负责公司算法工程师相关业务的开发与维护，参与需求评审
    · 对接产品、测试团队，跟进需求落地与缺陷修复
    · 承担分配模块的编码、测试与优化工作，保障系统稳定运行

【锐捷信息技术有限公司】 算法工程师
2024年11月 - 2025年12月
    · 编写开发文档，沉淀技术规范，协助新人熟悉业务
    · 对接产品、测试团队，跟进需求落地与缺陷修复","■ 风控欺诈识别模型
  项目目标：识别交易欺诈行为，降低资金损失风险
  个人职责：特征工程，构建XGBoost风控模型，在线部署与迭代
  项目成果：欺诈识别准确率达92%，每年减少损失超200万

■ 个性化推荐系统
  项目目标：提升内容推荐精准度，增加用户停留时长
  个人职责：负责协同过滤、深度学习推荐模型开发与离线优化
  项目成果：用户平均停留时长提升25%，点击率提升15%","专业技能：推荐算法、算法优化、TensorFlow、Python、深度学习、机器学习
相关证书：红帽RHCE认证",拥有3年实际工作经验，技术功底扎实，熟悉完整开发流程；具备较强的问题解决能力，能够独立排查并解决常见技术问题；工作认真负责，注重团队协作，能够高效推进项目落地；持续学习，保持技术敏感度。
邹悦,女,13680777003,zouyue6645@qq.com,13450101611,莆田,"期望岗位：Java开发工程师
期望城市：莆田
期望行业：互联网/信息技术/软件服务
期望薪资：面议",4年Java开发工程师从业经验，精通Java技术架构，主导过中型项目从0到1落地，擅长技术方案设计与性能优化，曾推动核心模块技术重构，带来显著效率提升，具备跨部门协作与项目推进能力。,"厦门海洋职业技术学院 | 数学与应用数学 | 专科
毕业时间：2018年6月
核心课程：数据结构、操作系统、算法设计与分析、数字信号处理","【金蝶科技有限公司】 Java开发工程师
2024年2月 - 至今
    · 承担分配模块的编码、测试与优化工作，保障系统稳定运行
    · 负责公司Java开发工程师相关业务的开发与维护，参与需求评审

【中软软件有限公司】 Java开发工程师
2022年5月 - 2024年5月
    · 编写开发文档，沉淀技术规范，协助新人熟悉业务
    · 承担分配模块的编码、测试与优化工作，保障系统稳定运行","■ 电商订单交易系统
  项目目标：搭建高可用电商订单系统，支撑大促流量峰值
  个人职责：负责订单创建、支付回调、库存扣减核心逻辑开发
  项目成果：支撑日均订单量10万+，系统可用性达99.95%

■ 微服务用户中心重构
  项目目标：将单体用户系统拆分为微服务架构，提升并发承载能力
  个人职责：负责登录、注册、权限模块开发，优化数据库查询与缓存策略
  项目成果：支持并发量从500提升至5000，接口响应耗时减少60%","专业技能：Linux、MySQL、Java、微服务、Git、JVM调优、Docker、MyBatis、SpringBoot
相关证书：无",拥有4年行业经验，技术视野开阔，具备方案设计与项目把控能力；逻辑清晰，善于定位并解决复杂技术问题；具备良好的团队管理与跨部门沟通能力，能够推动技术优化与业务落地；责任心强，追求技术与业务的平衡发展。
严刚,男,15618967633,yangang320@126.com,13641221977,龙岩,"期望岗位：运维工程师
期望城市：龙岩
期望行业：互联网/信息技术/软件服务
期望薪资：面议",2年运维工程师工作经验，精通Ansible、Shell技术栈，参与过完整项目迭代，能够独立完成模块开发与问题排查，注重代码质量与开发效率，具备良好的沟通协作能力。,"厦门大学 | 电子信息工程 | 本科
毕业时间：2020年6月
核心课程：数据库原理、Python编程、操作系统、数字信号处理","【腾讯（深圳分公司）】 运维工程师
2025年2月 - 至今
    · 编写开发文档，沉淀技术规范，协助新人熟悉业务
    · 负责公司运维工程师相关业务的开发与维护，参与需求评审
    · 承担分配模块的编码、测试与优化工作，保障系统稳定运行

【合众数据技术有限公司】 运维工程师
2024年11月 - 2025年8月
    · 承担分配模块的编码、测试与优化工作，保障系统稳定运行
    · 负责公司运维工程师相关业务的开发与维护，参与需求评审","■ 服务器集群运维优化
  项目目标：提升服务器集群稳定性，降低故障发生率
  个人职责：负责日常巡检、故障排查，优化监控告警规则与分级策略
  项目成果：服务器故障率下降60%，平均故障响应时间缩短至15分钟

■ CI/CD自动化流水线
  项目目标：实现代码自动化构建、测试、部署，提升发布效率
  个人职责：基于Jenkins搭建持续集成流水线，配置Docker容器化部署
  项目成果：发布周期从每周1次提升至每天3次，部署失误率降为0","专业技能：Zabbix、网络运维、Prometheus、Kubernetes、MySQL、Ansible
相关证书：软件设计师（中级）",拥有2年实际工作经验，技术功底扎实，熟悉完整开发流程；具备较强的问题解决能力，能够独立排查并解决常见技术问题；工作认真负责，注重团队协作，能够高效推进项目落地；持续学习，保持技术敏感度。
郭丽,女,17662731118,guoli838@qq.com,wx_guoli_359,杭州,"期望岗位：Java开发工程师
期望城市：杭州
期望行业：互联网/信息技术/软件服务
期望薪资：面议",3年Java开发工程师从业经验，精通SpringBoot技术架构，主导过中型项目从0到1落地，擅长技术方案设计与性能优化，曾推动核心模块技术重构，带来显著效率提升，具备跨部门协作与项目推进能力。,"江西师范大学 | 信息管理与信息系统 | 本科
毕业时间：2019年6月
核心课程：算法设计与分析、数据结构、数字信号处理、Python编程","【安硕软件有限公司】 Java开发工程师
2025年7月 - 至今
    · 负责公司Java开发工程师相关业务的开发与维护，参与需求评审
    · 对接产品、测试团队，跟进需求落地与缺陷修复

【金蝶网络科技有限公司】 Java开发工程师
2024年11月 - 2025年11月
    · 编写开发文档，沉淀技术规范，协助新人熟悉业务
    · 负责公司Java开发工程师相关业务的开发与维护，参与需求评审
    · 对接产品、测试团队，跟进需求落地与缺陷修复","■ 电商订单交易系统
  项目目标：搭建高可用电商订单系统，支撑大促流量峰值
  个人职责：负责订单创建、支付回调、库存扣减核心逻辑开发
  项目成果：支撑日均订单量10万+，系统可用性达99.95%

■ 微服务用户中心重构
  项目目标：将单体用户系统拆分为微服务架构，提升并发承载能力
  个人职责：负责登录、注册、权限模块开发，优化数据库查询与缓存策略
  项目成果：支持并发量从500提升至5000，接口响应耗时减少60%","专业技能：SpringCloud、Git、Linux、Java、MyBatis、Redis、Docker、微服务
相关证书：无",拥有3年行业经验，技术视野开阔，具备方案设计与项目把控能力；逻辑清晰，善于定位并解决复杂技术问题；具备良好的团队管理与跨部门沟通能力，能够推动技术优化与业务落地；责任心强，追求技术与业务的平衡发展。
余宇,男,13331475622,yuyu96@qq.com,13266715320,杭州,"期望岗位：软件测试工程师
期望城市：杭州
期望行业：互联网/信息技术/软件服务
期望薪资：面议",专科数据科学与大数据技术专业应届毕业生，掌握Python、测试用例设计基础技能，完成过课程设计与毕业项目，具备基础代码编写能力与问题排查思路，学习能力强，做事认真踏实，期望从事软件测试工程师相关工作。,"福州职业技术学院 | 数据科学与大数据技术 | 专科
毕业时间：2022年6月
核心课程：Java程序设计、软件工程、数字信号处理、Python编程","【校园实践】
    · 参与学校计算机协会技术部，负责协会网站日常维护
    · 协助老师完成实验室设备管理与系统环境搭建
    · 参与班级课程设计小组，担任后端开发角色","■ 网页兼容性测试实训
  项目目标：对多个网站进行浏览器兼容测试
  个人职责：制定测试方案，输出测试报告
  项目成果：覆盖5款主流浏览器","专业技能：Appium、测试用例设计、功能测试、Postman、MySQL
相关证书：计算机一级、英语四级",应届毕业，具备扎实的专业基础知识与学习能力，能够快速掌握新技术；工作态度认真负责，有耐心，注重细节；具备良好的团队意识与沟通能力，能够积极配合团队完成任务；期望在工作中积累经验，快速成长。
陶晨,男,18785935454,taochen1140@outlook.com,15331473432,南平,"期望岗位：Java开发工程师
期望城市：南平
期望行业：互联网/信息技术/软件服务
期望薪资：面议",本科计算机科学与技术专业应届毕业生，掌握SpringCloud、Redis基础技能，完成过课程设计与毕业项目，具备基础代码编写能力与问题排查思路，学习能力强，做事认真踏实，期望从事Java开发工程师相关工作。,"集美大学 | 计算机科学与技术 | 本科
毕业时间：2022年6月
核心课程：数字信号处理、计算机网络、软件工程、操作系统","【校园实践】
    · 参与学校计算机协会技术部，负责协会网站日常维护
    · 协助老师完成实验室设备管理与系统环境搭建
    · 参与班级课程设计小组，担任后端开发角色","■ 校园二手交易平台（毕设）
  项目目标：搭建校园闲置物品发布与交易平台
  个人职责：负责用户模块、商品发布模块开发
  项目成果：完成系统原型，获得良好成绩","专业技能：Docker、SpringCloud、Java、JVM调优、MyBatis、RabbitMQ、SpringBoot
相关证书：英语六级、华为HCIA认证",应届毕业，具备扎实的专业基础知识与学习能力，能够快速掌握新技术；工作态度认真负责，有耐心，注重细节；具备良好的团队意识与沟通能力，能够积极配合团队完成任务；期望在工作中积累经验，快速成长。
方艳,女,18578205379,fangyan65@gmail.com,wx_fangyan_633,莆田,"期望岗位：后端开发工程师
期望城市：莆田
期望行业：互联网/信息技术/软件服务
期望薪资：面议",专科信息管理与信息系统专业应届毕业生，掌握K8s、微服务基础技能，完成过课程设计与毕业项目，具备基础代码编写能力与问题排查思路，学习能力强，做事认真踏实，期望从事后端开发工程师相关工作。,"深圳职业技术学院 | 信息管理与信息系统 | 专科
毕业时间：2022年6月
核心课程：机器学习、操作系统、数据结构、Java程序设计","【校园实践】
    · 参与学校计算机协会技术部，负责协会网站日常维护
    · 协助老师完成实验室设备管理与系统环境搭建
    · 参与班级课程设计小组，担任后端开发角色","■ 简单论坛系统
  项目目标：实现帖子发布、回复、板块管理
  个人职责：负责后端服务开发与接口文档编写
  项目成果：支持百人同时在线访问","专业技能：SpringBoot、Java、微服务、Redis、Python、Gin、Kafka
相关证书：英语四级、计算机二级",应届毕业，具备扎实的专业基础知识与学习能力，能够快速掌握新技术；工作态度认真负责，有耐心，注重细节；具备良好的团队意识与沟通能力，能够积极配合团队完成任务；期望在工作中积累经验，快速成长。
孟晨,男,15702295897,mengchen11@gmail.com,18731816193,东莞,"期望岗位：数据分析师
期望城市：东莞
期望行业：互联网/信息技术/软件服务
期望薪资：面议",7年数据分析师资深经验，精通全链路技术架构，具备团队技术规划与方案设计能力，主导过多个大型项目重构与升级，在高并发/系统稳定性领域有深厚积累，能够带领团队攻克技术难题，驱动业务技术升级。,"浙江工业大学 | 网络工程 | 本科
毕业时间：2015年6月
核心课程：数据库原理、计算机网络、Java程序设计、Python编程","【通元互联网科技有限公司】 数据分析师
2024年11月 - 至今
    · 编写开发文档，沉淀技术规范，协助新人熟悉业务
    · 负责公司数据分析师相关业务的开发与维护，参与需求评审

【合众科技有限公司】 数据分析师
2022年6月 - 2024年3月
    · 负责公司数据分析师相关业务的开发与维护，参与需求评审
    · 承担分配模块的编码、测试与优化工作，保障系统稳定运行
    · 编写开发文档，沉淀技术规范，协助新人熟悉业务

【云创信息技术有限公司】 数据分析师
2020年11月 - 2022年11月
    · 对接产品、测试团队，跟进需求落地与缺陷修复
    · 承担分配模块的编码、测试与优化工作，保障系统稳定运行","■ 销售数据预测建模
  项目目标：基于历史数据预测销量，指导库存与备货
  个人职责：数据预处理，构建时间序列预测模型，输出月度预测报告
  项目成果：预测准确率达89%，库存周转效率提升25%

■ 用户行为分析看板
  项目目标：构建用户行为数据体系，支撑运营决策
  个人职责：负责数据清洗、指标体系搭建，输出可视化运营报表
  项目成果：输出15+核心运营指标，支撑每月3次运营优化，用户留存率提升8%","专业技能：NumPy、Hive、Pandas、MySQL、Power BI、Python
相关证书：英语六级",拥有7年行业经验，技术视野开阔，具备方案设计与项目把控能力；逻辑清晰，善于定位并解决复杂技术问题；具备良好的团队管理与跨部门沟通能力，能够推动技术优化与业务落地；责任心强，追求技术与业务的平衡发展。
刘涛,男,15275668715,liutao0443@126.com,18775300032,南平,"期望岗位：后端开发工程师
期望城市：南平
期望行业：互联网/信息技术/软件服务
期望薪资：面议",专科计算机应用技术专业应届毕业生，掌握微服务、Python基础技能，完成过课程设计与毕业项目，具备基础代码编写能力与问题排查思路，学习能力强，做事认真踏实，期望从事后端开发工程师相关工作。,"苏州职业大学 | 计算机应用技术 | 专科
毕业时间：2022年6月
核心课程：Python编程、操作系统、算法设计与分析、机器学习","【校园实践】
    · 参与学校计算机协会技术部，负责协会网站日常维护
    · 协助老师完成实验室设备管理与系统环境搭建
    · 参与班级课程设计小组，担任后端开发角色","■ 图书管理系统后端
  项目目标：实现图书借阅、归还、用户管理功能
  个人职责：负责接口开发与数据库表结构设计
  项目成果：完成核心功能，支持1000条数据量","专业技能：Redis、Go、Docker、SpringBoot、Java、Gin、K8s
相关证书：计算机一级、红帽RHCE认证",应届毕业，具备扎实的专业基础知识与学习能力，能够快速掌握新技术；工作态度认真负责，有耐心，注重细节；具备良好的团队意识与沟通能力，能够积极配合团队完成任务；期望在工作中积累经验，快速成长。
董婷,女,15814169035,dongting050@163.com,17676476075,广州,"期望岗位：后端开发工程师
期望城市：广州
期望行业：互联网/信息技术/软件服务
期望薪资：面议",专科电子信息工程专业应届毕业生，掌握Go、Java基础技能，完成过课程设计与毕业项目，具备基础代码编写能力与问题排查思路，学习能力强，做事认真踏实，期望从事后端开发工程师相关工作。,"江西交通职业技术学院 | 电子信息工程 | 专科
毕业时间：2022年6月
核心课程：软件工程、数字信号处理、数据库原理、算法设计与分析","【校园实践】
    · 参与学校计算机协会技术部，负责协会网站日常维护
    · 协助老师完成实验室设备管理与系统环境搭建
    · 参与班级课程设计小组，担任后端开发角色","■ 图书管理系统后端
  项目目标：实现图书借阅、归还、用户管理功能
  个人职责：负责接口开发与数据库表结构设计
  项目成果：完成核心功能，支持1000条数据量","专业技能：MySQL、Kafka、Redis、K8s、Go、Docker、SpringBoot
相关证书：无",应届毕业，具备扎实的专业基础知识与学习能力，能够快速掌握新技术；工作态度认真负责，有耐心，注重细节；具备良好的团队意识与沟通能力，能够积极配合团队完成任务；期望在工作中积累经验，快速成长。
田凯,男,18417320536,tiankai6088@163.com,17640733454,南昌,"期望岗位：Java开发工程师
期望城市：南昌
期望行业：互联网/信息技术/软件服务
期望薪资：面议",本科计算机科学与技术专业应届毕业生，有0段Java开发工程师实习经验，掌握Linux技术栈，参与过实习项目开发，具备良好的代码规范与团队协作意识，能够快速上手业务，期望正式入职发展。,"东南大学 | 计算机科学与技术 | 本科
毕业时间：2022年6月
核心课程：数字信号处理、数据结构、机器学习、Python编程","【博思互联网科技有限公司】 Java开发工程师（实习）
2023年7月 - 至今
    · 编写开发文档，沉淀技术规范，协助新人熟悉业务
    · 对接产品、测试团队，跟进需求落地与缺陷修复","■ 学生成绩管理系统（课程设计）
  项目目标：实现学生信息、成绩、班级的增删改查管理
  个人职责：负责后端接口开发与数据库设计
  项目成果：完成基础功能，通过课程答辩

■ 校园二手交易平台（毕设）
  项目目标：搭建校园闲置物品发布与交易平台
  个人职责：负责用户模块、商品发布模块开发
  项目成果：完成系统原型，获得良好成绩","专业技能：MyBatis、Docker、SpringBoot、RabbitMQ、Linux、Java、SpringCloud
相关证书：软考中级、英语六级",有实习经验，熟悉开发基本流程，具备基础的项目实践能力；学习能力强，能够快速上手新业务新技术；工作踏实，责任心强，善于沟通协作，能够高效完成分配的工作任务。
陶芳,女,13051377938,taofang551@gmail.com,13992772628,苏州,"期望岗位：Python开发工程师
期望城市：苏州
期望行业：互联网/信息技术/软件服务
期望薪资：面议",2年Python开发工程师工作经验，精通Python、Linux技术栈，参与过完整项目迭代，能够独立完成模块开发与问题排查，注重代码质量与开发效率，具备良好的沟通协作能力。,"集美大学 | 数学与应用数学 | 本科
毕业时间：2020年6月
核心课程：计算机网络、软件工程、算法设计与分析、数字信号处理","【通元软件有限公司】 Python开发工程师
2025年11月 - 至今
    · 负责公司Python开发工程师相关业务的开发与维护，参与需求评审
    · 编写开发文档，沉淀技术规范，协助新人熟悉业务

【信雅数据技术有限公司】 Python开发工程师
2024年9月 - 2025年6月
    · 承担分配模块的编码、测试与优化工作，保障系统稳定运行
    · 对接产品、测试团队，跟进需求落地与缺陷修复
    · 编写开发文档，沉淀技术规范，协助新人熟悉业务","■ 数据采集爬虫系统
  项目目标：搭建分布式爬虫平台，采集多渠道公开数据
  个人职责：负责反爬策略破解、数据清洗、入库逻辑开发
  项目成果：日均采集数据50万条，数据准确率98%以上

■ 自动化运维平台
  项目目标：开发运维管理平台，实现服务器批量管理
  个人职责：负责监控、告警、任务调度模块后端开发
  项目成果：管理服务器200+，运维人力成本降低50%","专业技能：Flask、Git、FastAPI、Celery、Linux、Django、MySQL、Redis
相关证书：英语四级",拥有2年实际工作经验，技术功底扎实，熟悉完整开发流程；具备较强的问题解决能力，能够独立排查并解决常见技术问题；工作认真负责，注重团队协作，能够高效推进项目落地；持续学习，保持技术敏感度。
叶彬,男,13535505670,yebin80@gmail.com,18161215034,珠海,"期望岗位：后端开发工程师
期望城市：珠海
期望行业：互联网/信息技术/软件服务
期望薪资：面议",3年后端开发工程师从业经验，精通Docker技术架构，主导过中型项目从0到1落地，擅长技术方案设计与性能优化，曾推动核心模块技术重构，带来显著效率提升，具备跨部门协作与项目推进能力。,"南京大学 | 数据科学与大数据技术 | 本科
毕业时间：2019年6月
核心课程：操作系统、算法设计与分析、数字信号处理、Java程序设计","【卓望软件有限公司】 后端开发工程师
2025年5月 - 至今
    · 承担分配模块的编码、测试与优化工作，保障系统稳定运行
    · 对接产品、测试团队，跟进需求落地与缺陷修复
    · 负责公司后端开发工程师相关业务的开发与维护，参与需求评审

【汇智软件有限公司】 后端开发工程师
2024年8月 - 2025年4月
    · 编写开发文档，沉淀技术规范，协助新人熟悉业务
    · 负责公司后端开发工程师相关业务的开发与维护，参与需求评审","■ 即时通讯服务开发
  项目目标：实现企业内部IM系统后端消息推送与存储
  个人职责：负责消息队列、离线消息、会话管理模块开发
  项目成果：支持万人同时在线，消息送达延迟低于100ms

■ 内容管理系统后端
  项目目标：搭建CMS系统后端服务，支持多站点内容发布
  个人职责：负责文章、栏目、权限模块接口开发，设计数据库表结构
  项目成果：支撑8个站点同时运营，内容发布效率提升3倍","专业技能：Java、PostgreSQL、Go、微服务、Python、Kafka、Gin、MySQL、SpringBoot
相关证书：华为HCIA认证、MySQL数据库认证",拥有3年行业经验，技术视野开阔，具备方案设计与项目把控能力；逻辑清晰，善于定位并解决复杂技术问题；具备良好的团队管理与跨部门沟通能力，能够推动技术优化与业务落地；责任心强，追求技术与业务的平衡发展。
沈妍,女,13134366750,shenyan118@163.com,wx_shenyan_546,东莞,"期望岗位：算法工程师
期望城市：东莞
期望行业：互联网/信息技术/软件服务
期望薪资：面议",本科网络工程专业应届毕业生，有0段算法工程师实习经验，掌握数据结构技术栈，参与过实习项目开发，具备良好的代码规范与团队协作意识，能够快速上手业务，期望正式入职发展。,"东南大学 | 网络工程 | 本科
毕业时间：2022年6月
核心课程：Python编程、计算机网络、算法设计与分析、数字信号处理","【天擎软件有限公司】 算法工程师（实习）
2022年7月 - 至今
    · 负责公司算法工程师相关业务的开发与维护，参与需求评审
    · 对接产品、测试团队，跟进需求落地与缺陷修复
    · 承担分配模块的编码、测试与优化工作，保障系统稳定运行","■ 电影推荐系统（毕设）
  项目目标：基于协同过滤实现简单电影推荐
  个人职责：数据处理、模型实现、效果验证
  项目成果：召回准确率达到75%

■ 手写数字识别（课程作业）
  项目目标：基于MNIST数据集实现手写数字识别
  个人职责：使用CNN搭建模型，训练与调优
  项目成果：识别准确率达到92%","专业技能：机器学习、推荐算法、计算机视觉、PyTorch、算法优化、深度学习
相关证书：计算机一级、英语六级",有实习经验，熟悉开发基本流程，具备基础的项目实践能力；学习能力强，能够快速上手新业务新技术；工作踏实，责任心强，善于沟通协作，能够高效完成分配的工作任务。
陶雨萱,女,13396432721,tao雨xuan410@qq.com,15048686444,宁波,"期望岗位：Java开发工程师
期望城市：宁波
期望行业：互联网/信息技术/软件服务
期望薪资：面议",1年Java开发工程师工作经验，精通Redis、RabbitMQ技术栈，参与过完整项目迭代，能够独立完成模块开发与问题排查，注重代码质量与开发效率，具备良好的沟通协作能力。,"浙江大学 | 计算机科学与技术 | 本科
毕业时间：2021年6月
核心课程：机器学习、Java程序设计、计算机网络、软件工程","【小米（南京分公司）】 Java开发工程师
2025年12月 - 至今
    · 对接产品、测试团队，跟进需求落地与缺陷修复
    · 承担分配模块的编码、测试与优化工作，保障系统稳定运行","■ 电商订单交易系统
  项目目标：搭建高可用电商订单系统，支撑大促流量峰值
  个人职责：负责订单创建、支付回调、库存扣减核心逻辑开发
  项目成果：支撑日均订单量10万+，系统可用性达99.95%

■ 微服务用户中心重构
  项目目标：将单体用户系统拆分为微服务架构，提升并发承载能力
  个人职责：负责登录、注册、权限模块开发，优化数据库查询与缓存策略
  项目成果：支持并发量从500提升至5000，接口响应耗时减少60%","专业技能：Java、微服务、JVM调优、SpringBoot、MySQL、SpringCloud、Docker
相关证书：英语六级",拥有1年实际工作经验，技术功底扎实，熟悉完整开发流程；具备较强的问题解决能力，能够独立排查并解决常见技术问题；工作认真负责，注重团队协作，能够高效推进项目落地；持续学习，保持技术敏感度。
王雨桐,女,15581275922,wang雨tong3487@126.com,wx_wang雨tong_298,泉州,"期望岗位：软件测试工程师
期望城市：泉州
期望行业：互联网/信息技术/软件服务
期望薪资：面议",8年软件测试工程师资深经验，精通全链路技术架构，具备团队技术规划与方案设计能力，主导过多个大型项目重构与升级，在高并发/系统稳定性领域有深厚积累，能够带领团队攻克技术难题，驱动业务技术升级。,"集美大学 | 信息管理与信息系统 | 本科
毕业时间：2014年6月
核心课程：操作系统、机器学习、数字信号处理、软件工程","【未来软件有限公司】 软件测试工程师
2024年6月 - 至今
    · 承担分配模块的编码、测试与优化工作，保障系统稳定运行
    · 对接产品、测试团队，跟进需求落地与缺陷修复

【通元互联网科技有限公司】 软件测试工程师
2022年5月 - 2024年1月
    · 编写开发文档，沉淀技术规范，协助新人熟悉业务
    · 对接产品、测试团队，跟进需求落地与缺陷修复

【卓望互联网科技有限公司】 软件测试工程师
2020年9月 - 2022年11月
    · 负责公司软件测试工程师相关业务的开发与维护，参与需求评审
    · 对接产品、测试团队，跟进需求落地与缺陷修复","■ 自动化测试框架搭建
  项目目标：提升回归测试效率，减少人工重复劳动
  个人职责：基于Selenium搭建UI自动化框架，编写核心模块测试脚本
  项目成果：回归测试周期从7天缩短至2天，覆盖率达85%

■ 电商平台功能测试
  项目目标：保障电商系统上线质量，覆盖全业务流程
  个人职责：设计测试用例，执行功能、回归测试，提交缺陷报告
  项目成果：发现并修复120+缺陷，上线后线上缺陷率低于0.5%","专业技能：JMeter、接口测试、Selenium、TestNG、Appium、Python、性能测试、测试用例设计、Postman、MySQL
相关证书：PMP项目管理专业人士、计算机二级、MySQL数据库认证",拥有8年行业经验，技术视野开阔，具备方案设计与项目把控能力；逻辑清晰，善于定位并解决复杂技术问题；具备良好的团队管理与跨部门沟通能力，能够推动技术优化与业务落地；责任心强，追求技术与业务的平衡发展。
杨丹,女,18042187610,yangdan991@outlook.com,wx_yangdan_815,宁波,"期望岗位：软件测试工程师
期望城市：宁波
期望行业：互联网/信息技术/软件服务
期望薪资：面议",3年软件测试工程师工作经验，精通性能测试、Python技术栈，参与过完整项目迭代，能够独立完成模块开发与问题排查，注重代码质量与开发效率，具备良好的沟通协作能力。,"厦门大学 | 网络工程 | 本科
毕业时间：2019年6月
核心课程：Java程序设计、机器学习、算法设计与分析、Python编程","【信雅网络科技有限公司】 软件测试工程师
2025年2月 - 至今
    · 承担分配模块的编码、测试与优化工作，保障系统稳定运行
    · 负责公司软件测试工程师相关业务的开发与维护，参与需求评审

【微远网络科技有限公司】 软件测试工程师
2024年3月 - 2025年7月
    · 编写开发文档，沉淀技术规范，协助新人熟悉业务
    · 对接产品、测试团队，跟进需求落地与缺陷修复
    · 承担分配模块的编码、测试与优化工作，保障系统稳定运行","■ 自动化测试框架搭建
  项目目标：提升回归测试效率，减少人工重复劳动
  个人职责：基于Selenium搭建UI自动化框架，编写核心模块测试脚本
  项目成果：回归测试周期从7天缩短至2天，覆盖率达85%

■ 电商平台功能测试
  项目目标：保障电商系统上线质量，覆盖全业务流程
  个人职责：设计测试用例，执行功能、回归测试，提交缺陷报告
  项目成果：发现并修复120+缺陷，上线后线上缺陷率低于0.5%","专业技能：JMeter、功能测试、TestNG、缺陷管理、接口测试、性能测试、Postman、Python、Selenium、MySQL
相关证书：软考中级、华为HCIA认证",拥有3年实际工作经验，技术功底扎实，熟悉完整开发流程；具备较强的问题解决能力，能够独立排查并解决常见技术问题；工作认真负责，注重团队协作，能够高效推进项目落地；持续学习，保持技术敏感度。
梁红,女,18099352397,lianghong9584@163.com,wx_lianghong_650,南昌,"期望岗位：运维工程师
期望城市：南昌
期望行业：互联网/信息技术/软件服务
期望薪资：面议",7年运维工程师资深经验，精通全链路技术架构，具备团队技术规划与方案设计能力，主导过多个大型项目重构与升级，在高并发/系统稳定性领域有深厚积累，能够带领团队攻克技术难题，驱动业务技术升级。,"厦门理工学院 | 数据科学与大数据技术 | 本科
毕业时间：2015年6月
核心课程：软件工程、计算机网络、Java程序设计、Python编程","【卓望网络科技有限公司】 运维工程师
2024年11月 - 至今
    · 对接产品、测试团队，跟进需求落地与缺陷修复
    · 编写开发文档，沉淀技术规范，协助新人熟悉业务

【博思科技有限公司】 运维工程师
2022年6月 - 2024年1月
    · 负责公司运维工程师相关业务的开发与维护，参与需求评审
    · 承担分配模块的编码、测试与优化工作，保障系统稳定运行
    · 对接产品、测试团队，跟进需求落地与缺陷修复

【汇智网络科技有限公司】 运维工程师
2020年9月 - 2022年4月
    · 承担分配模块的编码、测试与优化工作，保障系统稳定运行
    · 对接产品、测试团队，跟进需求落地与缺陷修复
    · 负责公司运维工程师相关业务的开发与维护，参与需求评审","■ 服务器集群运维优化
  项目目标：提升服务器集群稳定性，降低故障发生率
  个人职责：负责日常巡检、故障排查，优化监控告警规则与分级策略
  项目成果：服务器故障率下降60%，平均故障响应时间缩短至15分钟

■ CI/CD自动化流水线
  项目目标：实现代码自动化构建、测试、部署，提升发布效率
  个人职责：基于Jenkins搭建持续集成流水线，配置Docker容器化部署
  项目成果：发布周期从每周1次提升至每天3次，部署失误率降为0","专业技能：Docker、Linux、Jenkins、Prometheus、Kubernetes、Redis、Zabbix、网络运维、Ansible、MySQL
相关证书：阿里云ACP云计算认证、计算机二级",拥有7年行业经验，技术视野开阔，具备方案设计与项目把控能力；逻辑清晰，善于定位并解决复杂技术问题；具备良好的团队管理与跨部门沟通能力，能够推动技术优化与业务落地；责任心强，追求技术与业务的平衡发展。
陈琳,女,13777967265,chenlin49@163.com,wx_chenlin_384,厦门,"期望岗位：软件测试工程师
期望城市：厦门
期望行业：互联网/信息技术/软件服务
期望薪资：面议",1年软件测试工程师工作经验，精通接口测试、缺陷管理技术栈，参与过完整项目迭代，能够独立完成模块开发与问题排查，注重代码质量与开发效率，具备良好的沟通协作能力。,"福建信息职业技术学院 | 软件工程 | 专科
毕业时间：2021年6月
核心课程：机器学习、数据结构、软件工程、数字信号处理","【安硕信息技术有限公司】 软件测试工程师
2025年5月 - 至今
    · 承担分配模块的编码、测试与优化工作，保障系统稳定运行
    · 对接产品、测试团队，跟进需求落地与缺陷修复","■ 自动化测试框架搭建
  项目目标：提升回归测试效率，减少人工重复劳动
  个人职责：基于Selenium搭建UI自动化框架，编写核心模块测试脚本
  项目成果：回归测试周期从7天缩短至2天，覆盖率达85%

■ 电商平台功能测试
  项目目标：保障电商系统上线质量，覆盖全业务流程
  个人职责：设计测试用例，执行功能、回归测试，提交缺陷报告
  项目成果：发现并修复120+缺陷，上线后线上缺陷率低于0.5%","专业技能：Selenium、Appium、缺陷管理、Postman、接口测试、MySQL、JMeter、TestNG、测试用例设计
相关证书：无",拥有1年实际工作经验，技术功底扎实，熟悉完整开发流程；具备较强的问题解决能力，能够独立排查并解决常见技术问题；工作认真负责，注重团队协作，能够高效推进项目落地；持续学习，保持技术敏感度。
邹俊熙,男,13453276690,zoujunxi6232@qq.com,wx_zoujunxi_837,宁德,"期望岗位：算法工程师
期望城市：宁德
期望行业：互联网/信息技术/软件服务
期望薪资：面议",5年算法工程师从业经验，精通机器学习技术架构，主导过中型项目从0到1落地，擅长技术方案设计与性能优化，曾推动核心模块技术重构，带来显著效率提升，具备跨部门协作与项目推进能力。,"佛山科学技术学院 | 计算机应用技术 | 本科
毕业时间：2017年6月
核心课程：操作系统、数据结构、软件工程、Python编程","【天擎数据技术有限公司】 算法工程师
2025年11月 - 至今
    · 对接产品、测试团队，跟进需求落地与缺陷修复
    · 编写开发文档，沉淀技术规范，协助新人熟悉业务
    · 承担分配模块的编码、测试与优化工作，保障系统稳定运行

【未来数据技术有限公司】 算法工程师
2024年12月 - 2025年10月
    · 负责公司算法工程师相关业务的开发与维护，参与需求评审
    · 对接产品、测试团队，跟进需求落地与缺陷修复
    · 编写开发文档，沉淀技术规范，协助新人熟悉业务

【安硕信息技术有限公司】 算法工程师
2023年4月 - 2024年3月
    · 负责公司算法工程师相关业务的开发与维护，参与需求评审
    · 对接产品、测试团队，跟进需求落地与缺陷修复","■ 个性化推荐系统
  项目目标：提升内容推荐精准度，增加用户停留时长
  个人职责：负责协同过滤、深度学习推荐模型开发与离线优化
  项目成果：用户平均停留时长提升25%，点击率提升15%

■ 风控欺诈识别模型
  项目目标：识别交易欺诈行为，降低资金损失风险
  个人职责：特征工程，构建XGBoost风控模型，在线部署与迭代
  项目成果：欺诈识别准确率达92%，每年减少损失超200万","专业技能：算法优化、PyTorch、NLP、机器学习、特征工程、TensorFlow、推荐算法、Python
相关证书：计算机一级、阿里云ACP云计算认证",拥有5年行业经验，技术视野开阔，具备方案设计与项目把控能力；逻辑清晰，善于定位并解决复杂技术问题；具备良好的团队管理与跨部门沟通能力，能够推动技术优化与业务落地；责任心强，追求技术与业务的平衡发展。
严杰,男,13476300163,yanjie63@outlook.com,18233057605,深圳,"期望岗位：算法工程师
期望城市：深圳
期望行业：互联网/信息技术/软件服务
期望薪资：面议",4年算法工程师从业经验，精通深度学习技术架构，主导过中型项目从0到1落地，擅长技术方案设计与性能优化，曾推动核心模块技术重构，带来显著效率提升，具备跨部门协作与项目推进能力。,"苏州科技大学 | 信息管理与信息系统 | 本科
毕业时间：2018年6月
核心课程：Java程序设计、计算机网络、机器学习、算法设计与分析","【科创数据技术有限公司】 算法工程师
2024年7月 - 至今
    · 负责公司算法工程师相关业务的开发与维护，参与需求评审
    · 承担分配模块的编码、测试与优化工作，保障系统稳定运行

【金蝶网络科技有限公司】 算法工程师
2022年2月 - 2024年3月
    · 编写开发文档，沉淀技术规范，协助新人熟悉业务
    · 承担分配模块的编码、测试与优化工作，保障系统稳定运行","■ 风控欺诈识别模型
  项目目标：识别交易欺诈行为，降低资金损失风险
  个人职责：特征工程，构建XGBoost风控模型，在线部署与迭代
  项目成果：欺诈识别准确率达92%，每年减少损失超200万

■ 个性化推荐系统
  项目目标：提升内容推荐精准度，增加用户停留时长
  个人职责：负责协同过滤、深度学习推荐模型开发与离线优化
  项目成果：用户平均停留时长提升25%，点击率提升15%","专业技能：机器学习、SQL、数据结构、推荐算法、PyTorch、算法优化、NLP
相关证书：PMP项目管理专业人士",拥有4年行业经验，技术视野开阔，具备方案设计与项目把控能力；逻辑清晰，善于定位并解决复杂技术问题；具备良好的团队管理与跨部门沟通能力，能够推动技术优化与业务落地；责任心强，追求技术与业务的平衡发展。
江飞,男,18939335418,jiangfei05@gmail.com,13353535059,福州,"期望岗位：Java开发工程师
期望城市：福州
期望行业：互联网/信息技术/软件服务
期望薪资：面议",2年Java开发工程师工作经验，精通Docker、RabbitMQ技术栈，参与过完整项目迭代，能够独立完成模块开发与问题排查，注重代码质量与开发效率，具备良好的沟通协作能力。,"福建信息职业技术学院 | 计算机科学与技术 | 专科
毕业时间：2020年6月
核心课程：数字信号处理、数据库原理、机器学习、软件工程","【OPPO（东莞）】 Java开发工程师
2025年1月 - 至今
    · 承担分配模块的编码、测试与优化工作，保障系统稳定运行
    · 对接产品、测试团队，跟进需求落地与缺陷修复
    · 负责公司Java开发工程师相关业务的开发与维护，参与需求评审

【未来软件有限公司】 Java开发工程师
2024年5月 - 2025年12月
    · 承担分配模块的编码、测试与优化工作，保障系统稳定运行
    · 对接产品、测试团队，跟进需求落地与缺陷修复","■ 电商订单交易系统
  项目目标：搭建高可用电商订单系统，支撑大促流量峰值
  个人职责：负责订单创建、支付回调、库存扣减核心逻辑开发
  项目成果：支撑日均订单量10万+，系统可用性达99.95%

■ 微服务用户中心重构
  项目目标：将单体用户系统拆分为微服务架构，提升并发承载能力
  个人职责：负责登录、注册、权限模块开发，优化数据库查询与缓存策略
  项目成果：支持并发量从500提升至5000，接口响应耗时减少60%","专业技能：MySQL、MyBatis、Redis、Git、SpringCloud、Java、Linux、微服务、JVM调优
相关证书：无",拥有2年实际工作经验，技术功底扎实，熟悉完整开发流程；具备较强的问题解决能力，能够独立排查并解决常见技术问题；工作认真负责，注重团队协作，能够高效推进项目落地；持续学习，保持技术敏感度。
侯凯,男,15113770218,houkai68@outlook.com,wx_houkai_121,深圳,"期望岗位：软件测试工程师
期望城市：深圳
期望行业：互联网/信息技术/软件服务
期望薪资：面议",2年软件测试工程师工作经验，精通Selenium、JMeter技术栈，参与过完整项目迭代，能够独立完成模块开发与问题排查，注重代码质量与开发效率，具备良好的沟通协作能力。,"泉州经贸职业技术学院 | 物联网工程 | 专科
毕业时间：2020年6月
核心课程：机器学习、算法设计与分析、软件工程、数据结构","【亿联网络】 软件测试工程师
2025年4月 - 至今
    · 承担分配模块的编码、测试与优化工作，保障系统稳定运行
    · 对接产品、测试团队，跟进需求落地与缺陷修复

【锐捷互联网科技有限公司】 软件测试工程师
2024年2月 - 2025年8月
    · 对接产品、测试团队，跟进需求落地与缺陷修复
    · 负责公司软件测试工程师相关业务的开发与维护，参与需求评审","■ 自动化测试框架搭建
  项目目标：提升回归测试效率，减少人工重复劳动
  个人职责：基于Selenium搭建UI自动化框架，编写核心模块测试脚本
  项目成果：回归测试周期从7天缩短至2天，覆盖率达85%

■ 电商平台功能测试
  项目目标：保障电商系统上线质量，覆盖全业务流程
  个人职责：设计测试用例，执行功能、回归测试，提交缺陷报告
  项目成果：发现并修复120+缺陷，上线后线上缺陷率低于0.5%","专业技能：Postman、功能测试、Appium、TestNG、缺陷管理、接口测试、JMeter、性能测试、Python、测试用例设计
相关证书：英语六级、红帽RHCE认证",拥有2年实际工作经验，技术功底扎实，熟悉完整开发流程；具备较强的问题解决能力，能够独立排查并解决常见技术问题；工作认真负责，注重团队协作，能够高效推进项目落地；持续学习，保持技术敏感度。
何一诺,女,15577648423,he一nuo847@126.com,wx_he一nuo_398,杭州,"期望岗位：软件测试工程师
期望城市：杭州
期望行业：互联网/信息技术/软件服务
期望薪资：面议",3年软件测试工程师工作经验，精通接口测试、TestNG技术栈，参与过完整项目迭代，能够独立完成模块开发与问题排查，注重代码质量与开发效率，具备良好的沟通协作能力。,"暨南大学 | 数据科学与大数据技术 | 本科
毕业时间：2019年6月
核心课程：计算机网络、Java程序设计、数据结构、Python编程","【博思信息技术有限公司】 软件测试工程师
2025年6月 - 至今
    · 对接产品、测试团队，跟进需求落地与缺陷修复
    · 负责公司软件测试工程师相关业务的开发与维护，参与需求评审
    · 承担分配模块的编码、测试与优化工作，保障系统稳定运行

【卓望网络科技有限公司】 软件测试工程师
2024年4月 - 2025年3月
    · 编写开发文档，沉淀技术规范，协助新人熟悉业务
    · 负责公司软件测试工程师相关业务的开发与维护，参与需求评审
    · 对接产品、测试团队，跟进需求落地与缺陷修复","■ 电商平台功能测试
  项目目标：保障电商系统上线质量，覆盖全业务流程
  个人职责：设计测试用例，执行功能、回归测试，提交缺陷报告
  项目成果：发现并修复120+缺陷，上线后线上缺陷率低于0.5%

■ 自动化测试框架搭建
  项目目标：提升回归测试效率，减少人工重复劳动
  个人职责：基于Selenium搭建UI自动化框架，编写核心模块测试脚本
  项目成果：回归测试周期从7天缩短至2天，覆盖率达85%","专业技能：TestNG、Selenium、性能测试、测试用例设计、缺陷管理、MySQL、功能测试、接口测试
相关证书：计算机一级、系统架构设计师",拥有3年实际工作经验，技术功底扎实，熟悉完整开发流程；具备较强的问题解决能力，能够独立排查并解决常见技术问题；工作认真负责，注重团队协作，能够高效推进项目落地；持续学习，保持技术敏感度。
向子轩,男,13598150351,xiang子xuan9642@qq.com,wx_xiang子xuan_440,漳州,"期望岗位：Python开发工程师
期望城市：漳州
期望行业：互联网/信息技术/软件服务
期望薪资：面议",本科计算机应用技术专业应届毕业生，有0段Python开发工程师实习经验，掌握Linux技术栈，参与过实习项目开发，具备良好的代码规范与团队协作意识，能够快速上手业务，期望正式入职发展。,"江西师范大学 | 计算机应用技术 | 本科
毕业时间：2022年6月
核心课程：Java程序设计、机器学习、数据结构、数字信号处理","【数聚互联网科技有限公司】 Python开发工程师（实习）
2022年5月 - 至今
    · 编写开发文档，沉淀技术规范，协助新人熟悉业务
    · 承担分配模块的编码、测试与优化工作，保障系统稳定运行
    · 负责公司Python开发工程师相关业务的开发与维护，参与需求评审","■ 简单爬虫脚本开发
  项目目标：爬取公开网站数据并入库
  个人职责：负责反爬处理、数据清洗、SQLite存储
  项目成果：日均采集数据1万条

■ 自动化办公脚本
  项目目标：批量处理Excel表格数据
  个人职责：实现数据合并、格式转换、自动统计
  项目成果：提升人工效率80%","专业技能：Celery、MySQL、Redis、MongoDB、Git
相关证书：英语四级、英语六级",有实习经验，熟悉开发基本流程，具备基础的项目实践能力；学习能力强，能够快速上手新业务新技术；工作踏实，责任心强，善于沟通协作，能够高效完成分配的工作任务。
范峰,男,15622407281,fanfeng9553@163.com,18749560044,莆田,"期望岗位：Python开发工程师
期望城市：莆田
期望行业：互联网/信息技术/软件服务
期望薪资：面议",3年Python开发工程师从业经验，精通Python技术架构，主导过中型项目从0到1落地，擅长技术方案设计与性能优化，曾推动核心模块技术重构，带来显著效率提升，具备跨部门协作与项目推进能力。,"东南大学 | 数学与应用数学 | 本科
毕业时间：2019年6月
核心课程：Java程序设计、Python编程、数据库原理、算法设计与分析","【天擎互联网科技有限公司】 Python开发工程师
2025年3月 - 至今
    · 对接产品、测试团队，跟进需求落地与缺陷修复
    · 负责公司Python开发工程师相关业务的开发与维护，参与需求评审

【信雅科技有限公司】 Python开发工程师
2024年10月 - 2025年2月
    · 承担分配模块的编码、测试与优化工作，保障系统稳定运行
    · 对接产品、测试团队，跟进需求落地与缺陷修复","■ 数据采集爬虫系统
  项目目标：搭建分布式爬虫平台，采集多渠道公开数据
  个人职责：负责反爬策略破解、数据清洗、入库逻辑开发
  项目成果：日均采集数据50万条，数据准确率98%以上

■ 自动化运维平台
  项目目标：开发运维管理平台，实现服务器批量管理
  个人职责：负责监控、告警、任务调度模块后端开发
  项目成果：管理服务器200+，运维人力成本降低50%","专业技能：Linux、Docker、Git、Flask、爬虫、Django、Redis
相关证书：MySQL数据库认证",拥有3年行业经验，技术视野开阔，具备方案设计与项目把控能力；逻辑清晰，善于定位并解决复杂技术问题；具备良好的团队管理与跨部门沟通能力，能够推动技术优化与业务落地；责任心强，追求技术与业务的平衡发展。
蒋建,男,15687068553,jiangjian6840@gmail.com,wx_jiangjian_531,佛山,"期望岗位：后端开发工程师
期望城市：佛山
期望行业：互联网/信息技术/软件服务
期望薪资：面议",9年后端开发工程师资深经验，精通全链路技术架构，具备团队技术规划与方案设计能力，主导过多个大型项目重构与升级，在高并发/系统稳定性领域有深厚积累，能够带领团队攻克技术难题，驱动业务技术升级。,"厦门理工学院 | 通信工程 | 本科
毕业时间：2013年6月
核心课程：Python编程、数据库原理、机器学习、算法设计与分析","【中软科技有限公司】 后端开发工程师
2023年9月 - 至今
    · 负责公司后端开发工程师相关业务的开发与维护，参与需求评审
    · 对接产品、测试团队，跟进需求落地与缺陷修复
    · 编写开发文档，沉淀技术规范，协助新人熟悉业务

【安硕网络科技有限公司】 后端开发工程师
2020年12月 - 2023年2月
    · 承担分配模块的编码、测试与优化工作，保障系统稳定运行
    · 负责公司后端开发工程师相关业务的开发与维护，参与需求评审

【未来互联网科技有限公司】 后端开发工程师
2017年1月 - 2020年3月
    · 编写开发文档，沉淀技术规范，协助新人熟悉业务
    · 承担分配模块的编码、测试与优化工作，保障系统稳定运行","■ 即时通讯服务开发
  项目目标：实现企业内部IM系统后端消息推送与存储
  个人职责：负责消息队列、离线消息、会话管理模块开发
  项目成果：支持万人同时在线，消息送达延迟低于100ms

■ 内容管理系统后端
  项目目标：搭建CMS系统后端服务，支持多站点内容发布
  个人职责：负责文章、栏目、权限模块接口开发，设计数据库表结构
  项目成果：支撑8个站点同时运营，内容发布效率提升3倍","专业技能：Docker、MySQL、Java、微服务、Python、Kafka、Go、Redis、SpringBoot
相关证书：英语四级",拥有9年行业经验，技术视野开阔，具备方案设计与项目把控能力；逻辑清晰，善于定位并解决复杂技术问题；具备良好的团队管理与跨部门沟通能力，能够推动技术优化与业务落地；责任心强，追求技术与业务的平衡发展。
段宇,男,15807824891,duanyu289@163.com,wx_duanyu_178,龙岩,"期望岗位：运维工程师
期望城市：龙岩
期望行业：互联网/信息技术/软件服务
期望薪资：面议",本科物联网工程专业应届毕业生，有1段运维工程师实习经验，掌握Prometheus技术栈，参与过实习项目开发，具备良好的代码规范与团队协作意识，能够快速上手业务，期望正式入职发展。,"集美大学 | 物联网工程 | 本科
毕业时间：2021年6月
核心课程：数据库原理、数据结构、机器学习、Python编程","【新科信息技术有限公司】 运维工程师（实习）
2025年7月 - 至今
    · 承担分配模块的编码、测试与优化工作，保障系统稳定运行
    · 对接产品、测试团队，跟进需求落地与缺陷修复","■ 简单监控脚本开发
  项目目标：编写服务器状态监控脚本
  个人职责：实现CPU、内存、磁盘使用率自动采集
  项目成果：支持异常邮件告警

■ 实验室服务器搭建实训
  项目目标：搭建实验室Linux服务器环境
  个人职责：负责系统安装、网络配置、基础服务部署
  项目成果：完成3台服务器环境搭建","专业技能：Docker、Kubernetes、网络运维、Ansible、Zabbix
相关证书：无",有实习经验，熟悉开发基本流程，具备基础的项目实践能力；学习能力强，能够快速上手新业务新技术；工作踏实，责任心强，善于沟通协作，能够高效完成分配的工作任务。
郝磊,男,15298667120,haolei48@qq.com,wx_haolei_711,龙岩,"期望岗位：运维工程师
期望城市：龙岩
期望行业：互联网/信息技术/软件服务
期望薪资：面议",本科网络工程专业应届毕业生，有1段运维工程师实习经验，掌握Ansible技术栈，参与过实习项目开发，具备良好的代码规范与团队协作意识，能够快速上手业务，期望正式入职发展。,"福州大学 | 网络工程 | 本科
毕业时间：2021年6月
核心课程：Java程序设计、算法设计与分析、Python编程、数字信号处理","【新科信息技术有限公司】 运维工程师（实习）
2025年9月 - 至今
    · 编写开发文档，沉淀技术规范，协助新人熟悉业务
    · 对接产品、测试团队，跟进需求落地与缺陷修复","■ 简单监控脚本开发
  项目目标：编写服务器状态监控脚本
  个人职责：实现CPU、内存、磁盘使用率自动采集
  项目成果：支持异常邮件告警

■ 实验室服务器搭建实训
  项目目标：搭建实验室Linux服务器环境
  个人职责：负责系统安装、网络配置、基础服务部署
  项目成果：完成3台服务器环境搭建","专业技能：Jenkins、网络运维、Kubernetes、Ansible、MySQL、Nginx
相关证书：计算机二级、英语六级",有实习经验，熟悉开发基本流程，具备基础的项目实践能力；学习能力强，能够快速上手新业务新技术；工作踏实，责任心强，善于沟通协作，能够高效完成分配的工作任务。
金丽,女,13320924572,jinli9710@163.com,wx_jinli_515,南昌,"期望岗位：运维工程师
期望城市：南昌
期望行业：互联网/信息技术/软件服务
期望薪资：面议",6年运维工程师资深经验，精通全链路技术架构，具备团队技术规划与方案设计能力，主导过多个大型项目重构与升级，在高并发/系统稳定性领域有深厚积累，能够带领团队攻克技术难题，驱动业务技术升级。,"福建船政交通职业学院 | 通信工程 | 专科
毕业时间：2016年6月
核心课程：算法设计与分析、数据库原理、计算机网络、数字信号处理","【锐捷科技有限公司】 运维工程师
2024年6月 - 至今
    · 负责公司运维工程师相关业务的开发与维护，参与需求评审
    · 对接产品、测试团队，跟进需求落地与缺陷修复
    · 承担分配模块的编码、测试与优化工作，保障系统稳定运行

【中软科技有限公司】 运维工程师
2022年1月 - 2024年10月
    · 承担分配模块的编码、测试与优化工作，保障系统稳定运行
    · 负责公司运维工程师相关业务的开发与维护，参与需求评审

【智联信息技术有限公司】 运维工程师
2020年1月 - 2022年3月
    · 负责公司运维工程师相关业务的开发与维护，参与需求评审
    · 承担分配模块的编码、测试与优化工作，保障系统稳定运行
    · 编写开发文档，沉淀技术规范，协助新人熟悉业务","■ CI/CD自动化流水线
  项目目标：实现代码自动化构建、测试、部署，提升发布效率
  个人职责：基于Jenkins搭建持续集成流水线，配置Docker容器化部署
  项目成果：发布周期从每周1次提升至每天3次，部署失误率降为0

■ 服务器集群运维优化
  项目目标：提升服务器集群稳定性，降低故障发生率
  个人职责：负责日常巡检、故障排查，优化监控告警规则与分级策略
  项目成果：服务器故障率下降60%，平均故障响应时间缩短至15分钟","专业技能：Nginx、网络运维、MySQL、Prometheus、Zabbix、Linux、Docker、Redis、Jenkins、Shell
相关证书：红帽RHCE认证、计算机一级",拥有6年行业经验，技术视野开阔，具备方案设计与项目把控能力；逻辑清晰，善于定位并解决复杂技术问题；具备良好的团队管理与跨部门沟通能力，能够推动技术优化与业务落地；责任心强，追求技术与业务的平衡发展。
周雨桐,女,15623904728,zhou雨tong246@qq.com,wx_zhou雨tong_227,杭州,"期望岗位：运维工程师
期望城市：杭州
期望行业：互联网/信息技术/软件服务
期望薪资：面议",本科网络工程专业应届毕业生，掌握MySQL、Ansible基础技能，完成过课程设计与毕业项目，具备基础代码编写能力与问题排查思路，学习能力强，做事认真踏实，期望从事运维工程师相关工作。,"厦门大学 | 网络工程 | 本科
毕业时间：2022年6月
核心课程：Java程序设计、Python编程、算法设计与分析、数字信号处理","【校园实践】
    · 参与学校计算机协会技术部，负责协会网站日常维护
    · 协助老师完成实验室设备管理与系统环境搭建
    · 参与班级课程设计小组，担任后端开发角色","■ 实验室服务器搭建实训
  项目目标：搭建实验室Linux服务器环境
  个人职责：负责系统安装、网络配置、基础服务部署
  项目成果：完成3台服务器环境搭建","专业技能：Kubernetes、Linux、Zabbix、Prometheus、Shell、Docker、Ansible
相关证书：系统架构设计师",应届毕业，具备扎实的专业基础知识与学习能力，能够快速掌握新技术；工作态度认真负责，有耐心，注重细节；具备良好的团队意识与沟通能力，能够积极配合团队完成任务；期望在工作中积累经验，快速成长。
赵彬,男,13157980755,zhaobin378@163.com,wx_zhaobin_360,龙岩,"期望岗位：后端开发工程师
期望城市：龙岩
期望行业：互联网/信息技术/软件服务
期望薪资：面议",专科网络工程专业应届毕业生，掌握Kafka、Go基础技能，完成过课程设计与毕业项目，具备基础代码编写能力与问题排查思路，学习能力强，做事认真踏实，期望从事后端开发工程师相关工作。,"江西交通职业技术学院 | 网络工程 | 专科
毕业时间：2022年6月
核心课程：数字信号处理、算法设计与分析、机器学习、数据库原理","【校园实践】
    · 参与学校计算机协会技术部，负责协会网站日常维护
    · 协助老师完成实验室设备管理与系统环境搭建
    · 参与班级课程设计小组，担任后端开发角色","■ 图书管理系统后端
  项目目标：实现图书借阅、归还、用户管理功能
  个人职责：负责接口开发与数据库表结构设计
  项目成果：完成核心功能，支持1000条数据量","专业技能：Python、Go、Redis、Docker
相关证书：计算机一级、英语六级",应届毕业，具备扎实的专业基础知识与学习能力，能够快速掌握新技术；工作态度认真负责，有耐心，注重细节；具备良好的团队意识与沟通能力，能够积极配合团队完成任务；期望在工作中积累经验，快速成长。
邹然,男,15836498499,zouran733@163.com,wx_zouran_287,南京,"期望岗位：后端开发工程师
期望城市：南京
期望行业：互联网/信息技术/软件服务
期望薪资：面议",5年后端开发工程师从业经验，精通SpringBoot技术架构，主导过中型项目从0到1落地，擅长技术方案设计与性能优化，曾推动核心模块技术重构，带来显著效率提升，具备跨部门协作与项目推进能力。,"福建信息职业技术学院 | 通信工程 | 专科
毕业时间：2017年6月
核心课程：软件工程、数字信号处理、算法设计与分析、计算机网络","【字节跳动（厦门分公司）】 后端开发工程师
2025年9月 - 至今
    · 负责公司后端开发工程师相关业务的开发与维护，参与需求评审
    · 对接产品、测试团队，跟进需求落地与缺陷修复

【中软科技有限公司】 后端开发工程师
2024年11月 - 2025年1月
    · 编写开发文档，沉淀技术规范，协助新人熟悉业务
    · 对接产品、测试团队，跟进需求落地与缺陷修复

【汇智软件有限公司】 后端开发工程师
2023年5月 - 2024年1月
    · 对接产品、测试团队，跟进需求落地与缺陷修复
    · 承担分配模块的编码、测试与优化工作，保障系统稳定运行
    · 负责公司后端开发工程师相关业务的开发与维护，参与需求评审","■ 即时通讯服务开发
  项目目标：实现企业内部IM系统后端消息推送与存储
  个人职责：负责消息队列、离线消息、会话管理模块开发
  项目成果：支持万人同时在线，消息送达延迟低于100ms

■ 内容管理系统后端
  项目目标：搭建CMS系统后端服务，支持多站点内容发布
  个人职责：负责文章、栏目、权限模块接口开发，设计数据库表结构
  项目成果：支撑8个站点同时运营，内容发布效率提升3倍","专业技能：Python、Kafka、PostgreSQL、MySQL、微服务、K8s、Docker、SpringBoot
相关证书：华为HCIA认证",拥有5年行业经验，技术视野开阔，具备方案设计与项目把控能力；逻辑清晰，善于定位并解决复杂技术问题；具备良好的团队管理与跨部门沟通能力，能够推动技术优化与业务落地；责任心强，追求技术与业务的平衡发展。
汤雨泽,男,15155737328,tang雨ze12@126.com,wx_tang雨ze_994,宁德,"期望岗位：运维工程师
期望城市：宁德
期望行业：互联网/信息技术/软件服务
期望薪资：面议",3年运维工程师工作经验，精通网络运维、Linux技术栈，参与过完整项目迭代，能够独立完成模块开发与问题排查，注重代码质量与开发效率，具备良好的沟通协作能力。,"浙江万里学院 | 物联网工程 | 本科
毕业时间：2019年6月
核心课程：数据结构、操作系统、数据库原理、算法设计与分析","【易联软件有限公司】 运维工程师
2025年11月 - 至今
    · 负责公司运维工程师相关业务的开发与维护，参与需求评审
    · 承担分配模块的编码、测试与优化工作，保障系统稳定运行

【用友软件有限公司】 运维工程师
2024年7月 - 2025年2月
    · 负责公司运维工程师相关业务的开发与维护，参与需求评审
    · 编写开发文档，沉淀技术规范，协助新人熟悉业务","■ 服务器集群运维优化
  项目目标：提升服务器集群稳定性，降低故障发生率
  个人职责：负责日常巡检、故障排查，优化监控告警规则与分级策略
  项目成果：服务器故障率下降60%，平均故障响应时间缩短至15分钟

■ CI/CD自动化流水线
  项目目标：实现代码自动化构建、测试、部署，提升发布效率
  个人职责：基于Jenkins搭建持续集成流水线，配置Docker容器化部署
  项目成果：发布周期从每周1次提升至每天3次，部署失误率降为0","专业技能：Shell、Zabbix、Jenkins、Ansible、Nginx、MySQL
相关证书：无",拥有3年实际工作经验，技术功底扎实，熟悉完整开发流程；具备较强的问题解决能力，能够独立排查并解决常见技术问题；工作认真负责，注重团队协作，能够高效推进项目落地；持续学习，保持技术敏感度。
傅皓,男,17704968227,fuhao2690@qq.com,wx_fuhao_279,三明,"期望岗位：前端开发工程师
期望城市：三明
期望行业：互联网/信息技术/软件服务
期望薪资：面议",2年前端开发工程师工作经验，精通Axios、移动端适配技术栈，参与过完整项目迭代，能够独立完成模块开发与问题排查，注重代码质量与开发效率，具备良好的沟通协作能力。,"福建船政交通职业学院 | 数字媒体技术 | 专科
毕业时间：2020年6月
核心课程：Python编程、Java程序设计、机器学习、数字信号处理","【未来网络科技有限公司】 前端开发工程师
2025年10月 - 至今
    · 编写开发文档，沉淀技术规范，协助新人熟悉业务
    · 负责公司前端开发工程师相关业务的开发与维护，参与需求评审
    · 承担分配模块的编码、测试与优化工作，保障系统稳定运行

【汇智数据技术有限公司】 前端开发工程师
2024年12月 - 2025年12月
    · 编写开发文档，沉淀技术规范，协助新人熟悉业务
    · 对接产品、测试团队，跟进需求落地与缺陷修复
    · 负责公司前端开发工程师相关业务的开发与维护，参与需求评审","■ 企业后台管理系统
  项目目标：搭建企业运营管理后台，实现业务数据可视化
  个人职责：负责权限管理、数据报表模块开发，对接后端接口联调
  项目成果：覆盖12个业务部门，运营效率提升40%

■ 电商平台前端重构
  项目目标：升级旧版电商系统前端架构，提升用户体验与加载速度
  个人职责：负责商品详情页、购物车模块开发，组件化封装公共组件
  项目成果：首屏加载时间从3.2s降至1.8s，页面转化率提升12%","专业技能：移动端适配、Webpack、Vite、TypeScript、Axios、JavaScript、Element UI、CSS3、HTML5
相关证书：软考中级",拥有2年实际工作经验，技术功底扎实，熟悉完整开发流程；具备较强的问题解决能力，能够独立排查并解决常见技术问题；工作认真负责，注重团队协作，能够高效推进项目落地；持续学习，保持技术敏感度。
曾琳,女,13440869466,zenglin6859@163.com,wx_zenglin_816,广州,"期望岗位：Java开发工程师
期望城市：广州
期望行业：互联网/信息技术/软件服务
期望薪资：面议",专科计算机应用技术专业应届毕业生，掌握Git、MySQL基础技能，完成过课程设计与毕业项目，具备基础代码编写能力与问题排查思路，学习能力强，做事认真踏实，期望从事Java开发工程师相关工作。,"厦门海洋职业技术学院 | 计算机应用技术 | 专科
毕业时间：2022年6月
核心课程：Java程序设计、计算机网络、机器学习、Python编程","【校园实践】
    · 参与学校计算机协会技术部，负责协会网站日常维护
    · 协助老师完成实验室设备管理与系统环境搭建
    · 参与班级课程设计小组，担任后端开发角色","■ 学生成绩管理系统（课程设计）
  项目目标：实现学生信息、成绩、班级的增删改查管理
  个人职责：负责后端接口开发与数据库设计
  项目成果：完成基础功能，通过课程答辩","专业技能：Docker、RabbitMQ、MySQL、Git、Linux、SpringBoot
相关证书：计算机一级、英语四级、计算机二级",应届毕业，具备扎实的专业基础知识与学习能力，能够快速掌握新技术；工作态度认真负责，有耐心，注重细节；具备良好的团队意识与沟通能力，能够积极配合团队完成任务；期望在工作中积累经验，快速成长。
马子轩,男,18830156461,ma子xuan6963@163.com,13353368618,厦门,"期望岗位：Java开发工程师
期望城市：厦门
期望行业：互联网/信息技术/软件服务
期望薪资：面议",5年Java开发工程师从业经验，精通Git技术架构，主导过中型项目从0到1落地，擅长技术方案设计与性能优化，曾推动核心模块技术重构，带来显著效率提升，具备跨部门协作与项目推进能力。,"东南大学 | 网络工程 | 本科
毕业时间：2017年6月
核心课程：操作系统、计算机网络、Python编程、机器学习","【美图公司】 Java开发工程师
2025年10月 - 至今
    · 编写开发文档，沉淀技术规范，协助新人熟悉业务
    · 负责公司Java开发工程师相关业务的开发与维护，参与需求评审

【卓望科技有限公司】 Java开发工程师
2024年12月 - 2025年7月
    · 负责公司Java开发工程师相关业务的开发与维护，参与需求评审
    · 对接产品、测试团队，跟进需求落地与缺陷修复
    · 承担分配模块的编码、测试与优化工作，保障系统稳定运行

【用友科技有限公司】 Java开发工程师
2023年11月 - 2024年1月
    · 承担分配模块的编码、测试与优化工作，保障系统稳定运行
    · 编写开发文档，沉淀技术规范，协助新人熟悉业务
    · 负责公司Java开发工程师相关业务的开发与维护，参与需求评审","■ 电商订单交易系统
  项目目标：搭建高可用电商订单系统，支撑大促流量峰值
  个人职责：负责订单创建、支付回调、库存扣减核心逻辑开发
  项目成果：支撑日均订单量10万+，系统可用性达99.95%

■ 微服务用户中心重构
  项目目标：将单体用户系统拆分为微服务架构，提升并发承载能力
  个人职责：负责登录、注册、权限模块开发，优化数据库查询与缓存策略
  项目成果：支持并发量从500提升至5000，接口响应耗时减少60%","专业技能：RabbitMQ、Java、SpringCloud、微服务、Redis、MyBatis、Docker
相关证书：英语四级",拥有5年行业经验，技术视野开阔，具备方案设计与项目把控能力；逻辑清晰，善于定位并解决复杂技术问题；具备良好的团队管理与跨部门沟通能力，能够推动技术优化与业务落地；责任心强，追求技术与业务的平衡发展。
孟丽,女,15617726013,mengli7554@outlook.com,wx_mengli_517,厦门,"期望岗位：Java开发工程师
期望城市：厦门
期望行业：互联网/信息技术/软件服务
期望薪资：面议",3年Java开发工程师工作经验，精通JVM调优、微服务技术栈，参与过完整项目迭代，能够独立完成模块开发与问题排查，注重代码质量与开发效率，具备良好的沟通协作能力。,"暨南大学 | 数据科学与大数据技术 | 本科
毕业时间：2019年6月
核心课程：计算机网络、机器学习、软件工程、数据结构","【智联网络科技有限公司】 Java开发工程师
2025年7月 - 至今
    · 负责公司Java开发工程师相关业务的开发与维护，参与需求评审
    · 承担分配模块的编码、测试与优化工作，保障系统稳定运行
    · 编写开发文档，沉淀技术规范，协助新人熟悉业务

【汇智互联网科技有限公司】 Java开发工程师
2024年10月 - 2025年5月
    · 对接产品、测试团队，跟进需求落地与缺陷修复
    · 负责公司Java开发工程师相关业务的开发与维护，参与需求评审
    · 编写开发文档，沉淀技术规范，协助新人熟悉业务","■ 微服务用户中心重构
  项目目标：将单体用户系统拆分为微服务架构，提升并发承载能力
  个人职责：负责登录、注册、权限模块开发，优化数据库查询与缓存策略
  项目成果：支持并发量从500提升至5000，接口响应耗时减少60%

■ 电商订单交易系统
  项目目标：搭建高可用电商订单系统，支撑大促流量峰值
  个人职责：负责订单创建、支付回调、库存扣减核心逻辑开发
  项目成果：支撑日均订单量10万+，系统可用性达99.95%","专业技能：MySQL、Git、SpringBoot、RabbitMQ、Linux、JVM调优、微服务、Java、Docker
相关证书：红帽RHCE认证",拥有3年实际工作经验，技术功底扎实，熟悉完整开发流程；具备较强的问题解决能力，能够独立排查并解决常见技术问题；工作认真负责，注重团队协作，能够高效推进项目落地；持续学习，保持技术敏感度。
孙婷,女,18158661790,sunting561@outlook.com,13231947646,宁波,"期望岗位：软件测试工程师
期望城市：宁波
期望行业：互联网/信息技术/软件服务
期望薪资：面议",7年软件测试工程师资深经验，精通全链路技术架构，具备团队技术规划与方案设计能力，主导过多个大型项目重构与升级，在高并发/系统稳定性领域有深厚积累，能够带领团队攻克技术难题，驱动业务技术升级。,"南京大学 | 计算机科学与技术 | 本科
毕业时间：2015年6月
核心课程：数据库原理、Python编程、计算机网络、软件工程","【锐捷数据技术有限公司】 软件测试工程师
2024年2月 - 至今
    · 对接产品、测试团队，跟进需求落地与缺陷修复
    · 承担分配模块的编码、测试与优化工作，保障系统稳定运行

【天擎网络科技有限公司】 软件测试工程师
2022年4月 - 2024年5月
    · 对接产品、测试团队，跟进需求落地与缺陷修复
    · 负责公司软件测试工程师相关业务的开发与维护，参与需求评审
    · 承担分配模块的编码、测试与优化工作，保障系统稳定运行

【博思网络科技有限公司】 软件测试工程师
2020年4月 - 2022年9月
    · 编写开发文档，沉淀技术规范，协助新人熟悉业务
    · 对接产品、测试团队，跟进需求落地与缺陷修复
    · 承担分配模块的编码、测试与优化工作，保障系统稳定运行","■ 自动化测试框架搭建
  项目目标：提升回归测试效率，减少人工重复劳动
  个人职责：基于Selenium搭建UI自动化框架，编写核心模块测试脚本
  项目成果：回归测试周期从7天缩短至2天，覆盖率达85%

■ 电商平台功能测试
  项目目标：保障电商系统上线质量，覆盖全业务流程
  个人职责：设计测试用例，执行功能、回归测试，提交缺陷报告
  项目成果：发现并修复120+缺陷，上线后线上缺陷率低于0.5%","专业技能：缺陷管理、JMeter、功能测试、Python、测试用例设计、Postman、Selenium、MySQL、TestNG、接口测试
相关证书：软考中级",拥有7年行业经验，技术视野开阔，具备方案设计与项目把控能力；逻辑清晰，善于定位并解决复杂技术问题；具备良好的团队管理与跨部门沟通能力，能够推动技术优化与业务落地；责任心强，追求技术与业务的平衡发展。
向军,男,13721635632,xiangjun89@163.com,18409583257,珠海,"期望岗位：算法工程师
期望城市：珠海
期望行业：互联网/信息技术/软件服务
期望薪资：面议",本科计算机应用技术专业应届毕业生，有1段算法工程师实习经验，掌握深度学习技术栈，参与过实习项目开发，具备良好的代码规范与团队协作意识，能够快速上手业务，期望正式入职发展。,"广东技术师范大学 | 计算机应用技术 | 本科
毕业时间：2021年6月
核心课程：Java程序设计、数字信号处理、Python编程、数据库原理","【博思科技有限公司】 算法工程师（实习）
2025年1月 - 至今
    · 编写开发文档，沉淀技术规范，协助新人熟悉业务
    · 对接产品、测试团队，跟进需求落地与缺陷修复","■ 电影推荐系统（毕设）
  项目目标：基于协同过滤实现简单电影推荐
  个人职责：数据处理、模型实现、效果验证
  项目成果：召回准确率达到75%

■ 手写数字识别（课程作业）
  项目目标：基于MNIST数据集实现手写数字识别
  个人职责：使用CNN搭建模型，训练与调优
  项目成果：识别准确率达到92%","专业技能：特征工程、计算机视觉、Python、推荐算法、算法优化、机器学习
相关证书：红帽RHCE认证、MySQL数据库认证、英语四级",有实习经验，熟悉开发基本流程，具备基础的项目实践能力；学习能力强，能够快速上手新业务新技术；工作踏实，责任心强，善于沟通协作，能够高效完成分配的工作任务。
贾一诺,女,15925230767,jia一nuo12@outlook.com,13435695559,漳州,"期望岗位：算法工程师
期望城市：漳州
期望行业：互联网/信息技术/软件服务
期望薪资：面议",1年算法工程师工作经验，精通SQL、机器学习技术栈，参与过完整项目迭代，能够独立完成模块开发与问题排查，注重代码质量与开发效率，具备良好的沟通协作能力。,"深圳职业技术学院 | 电子信息工程 | 专科
毕业时间：2021年6月
核心课程：算法设计与分析、操作系统、机器学习、软件工程","【美图公司】 算法工程师
2025年9月 - 至今
    · 编写开发文档，沉淀技术规范，协助新人熟悉业务
    · 承担分配模块的编码、测试与优化工作，保障系统稳定运行
    · 负责公司算法工程师相关业务的开发与维护，参与需求评审","■ 个性化推荐系统
  项目目标：提升内容推荐精准度，增加用户停留时长
  个人职责：负责协同过滤、深度学习推荐模型开发与离线优化
  项目成果：用户平均停留时长提升25%，点击率提升15%

■ 风控欺诈识别模型
  项目目标：识别交易欺诈行为，降低资金损失风险
  个人职责：特征工程，构建XGBoost风控模型，在线部署与迭代
  项目成果：欺诈识别准确率达92%，每年减少损失超200万","专业技能：算法优化、PyTorch、SQL、特征工程、推荐算法、TensorFlow、深度学习
相关证书：系统架构设计师",拥有1年实际工作经验，技术功底扎实，熟悉完整开发流程；具备较强的问题解决能力，能够独立排查并解决常见技术问题；工作认真负责，注重团队协作，能够高效推进项目落地；持续学习，保持技术敏感度。
宋玲,女,13889465807,songling69@126.com,18461235134,深圳,"期望岗位：算法工程师
期望城市：深圳
期望行业：互联网/信息技术/软件服务
期望薪资：面议",2年算法工程师工作经验，精通机器学习、机器学习技术栈，参与过完整项目迭代，能够独立完成模块开发与问题排查，注重代码质量与开发效率，具备良好的沟通协作能力。,"暨南大学 | 数学与应用数学 | 本科
毕业时间：2020年6月
核心课程：Java程序设计、操作系统、算法设计与分析、数据结构","【启明网络科技有限公司】 算法工程师
2025年11月 - 至今
    · 承担分配模块的编码、测试与优化工作，保障系统稳定运行
    · 负责公司算法工程师相关业务的开发与维护，参与需求评审
    · 编写开发文档，沉淀技术规范，协助新人熟悉业务

【通元软件有限公司】 算法工程师
2024年1月 - 2025年7月
    · 承担分配模块的编码、测试与优化工作，保障系统稳定运行
    · 编写开发文档，沉淀技术规范，协助新人熟悉业务","■ 个性化推荐系统
  项目目标：提升内容推荐精准度，增加用户停留时长
  个人职责：负责协同过滤、深度学习推荐模型开发与离线优化
  项目成果：用户平均停留时长提升25%，点击率提升15%

■ 风控欺诈识别模型
  项目目标：识别交易欺诈行为，降低资金损失风险
  个人职责：特征工程，构建XGBoost风控模型，在线部署与迭代
  项目成果：欺诈识别准确率达92%，每年减少损失超200万","专业技能：推荐算法、机器学习、深度学习、PyTorch、数据结构、算法优化、TensorFlow、NLP、特征工程、计算机视觉
相关证书：英语六级、软考中级",拥有2年实际工作经验，技术功底扎实，熟悉完整开发流程；具备较强的问题解决能力，能够独立排查并解决常见技术问题；工作认真负责，注重团队协作，能够高效推进项目落地；持续学习，保持技术敏感度。
罗阳,男,13269109213,luoyang59@gmail.com,18688748295,莆田,"期望岗位：算法工程师
期望城市：莆田
期望行业：互联网/信息技术/软件服务
期望薪资：面议",专科网络工程专业应届毕业生，掌握NLP、Python基础技能，完成过课程设计与毕业项目，具备基础代码编写能力与问题排查思路，学习能力强，做事认真踏实，期望从事算法工程师相关工作。,"江西交通职业技术学院 | 网络工程 | 专科
毕业时间：2022年6月
核心课程：软件工程、Python编程、数据结构、操作系统","【校园实践】
    · 参与学校计算机协会技术部，负责协会网站日常维护
    · 协助老师完成实验室设备管理与系统环境搭建
    · 参与班级课程设计小组，担任后端开发角色","■ 手写数字识别（课程作业）
  项目目标：基于MNIST数据集实现手写数字识别
  个人职责：使用CNN搭建模型，训练与调优
  项目成果：识别准确率达到92%","专业技能：数据结构、算法优化、SQL、机器学习、计算机视觉、特征工程
相关证书：无",应届毕业，具备扎实的专业基础知识与学习能力，能够快速掌握新技术；工作态度认真负责，有耐心，注重细节；具备良好的团队意识与沟通能力，能够积极配合团队完成任务；期望在工作中积累经验，快速成长。
方凯,男,18760062412,fangkai677@126.com,wx_fangkai_592,南昌,"期望岗位：Python开发工程师
期望城市：南昌
期望行业：互联网/信息技术/软件服务
期望薪资：面议",2年Python开发工程师工作经验，精通Git、Linux技术栈，参与过完整项目迭代，能够独立完成模块开发与问题排查，注重代码质量与开发效率，具备良好的沟通协作能力。,"苏州职业大学 | 计算机应用技术 | 专科
毕业时间：2020年6月
核心课程：数据库原理、操作系统、数据结构、数字信号处理","【博思互联网科技有限公司】 Python开发工程师
2025年5月 - 至今
    · 对接产品、测试团队，跟进需求落地与缺陷修复
    · 承担分配模块的编码、测试与优化工作，保障系统稳定运行
    · 负责公司Python开发工程师相关业务的开发与维护，参与需求评审

【用友数据技术有限公司】 Python开发工程师
2024年1月 - 2025年6月
    · 对接产品、测试团队，跟进需求落地与缺陷修复
    · 编写开发文档，沉淀技术规范，协助新人熟悉业务","■ 数据采集爬虫系统
  项目目标：搭建分布式爬虫平台，采集多渠道公开数据
  个人职责：负责反爬策略破解、数据清洗、入库逻辑开发
  项目成果：日均采集数据50万条，数据准确率98%以上

■ 自动化运维平台
  项目目标：开发运维管理平台，实现服务器批量管理
  个人职责：负责监控、告警、任务调度模块后端开发
  项目成果：管理服务器200+，运维人力成本降低50%","专业技能：MongoDB、爬虫、Flask、Linux、Docker、Redis、Celery、FastAPI、Django
相关证书：英语四级",拥有2年实际工作经验，技术功底扎实，熟悉完整开发流程；具备较强的问题解决能力，能够独立排查并解决常见技术问题；工作认真负责，注重团队协作，能够高效推进项目落地；持续学习，保持技术敏感度。
于慧,女,13271464876,yuhui84@gmail.com,15815400799,厦门,"期望岗位：Java开发工程师
期望城市：厦门
期望行业：互联网/信息技术/软件服务
期望薪资：面议",6年Java开发工程师资深经验，精通全链路技术架构，具备团队技术规划与方案设计能力，主导过多个大型项目重构与升级，在高并发/系统稳定性领域有深厚积累，能够带领团队攻克技术难题，驱动业务技术升级。,"浙江工业大学 | 网络工程 | 本科
毕业时间：2016年6月
核心课程：操作系统、数据库原理、Java程序设计、Python编程","【汇智软件有限公司】 Java开发工程师
2024年9月 - 至今
    · 承担分配模块的编码、测试与优化工作，保障系统稳定运行
    · 对接产品、测试团队，跟进需求落地与缺陷修复

【天擎科技有限公司】 Java开发工程师
2022年9月 - 2024年12月
    · 负责公司Java开发工程师相关业务的开发与维护，参与需求评审
    · 编写开发文档，沉淀技术规范，协助新人熟悉业务
    · 承担分配模块的编码、测试与优化工作，保障系统稳定运行

【科创科技有限公司】 Java开发工程师
2020年8月 - 2022年3月
    · 对接产品、测试团队，跟进需求落地与缺陷修复
    · 承担分配模块的编码、测试与优化工作，保障系统稳定运行","■ 电商订单交易系统
  项目目标：搭建高可用电商订单系统，支撑大促流量峰值
  个人职责：负责订单创建、支付回调、库存扣减核心逻辑开发
  项目成果：支撑日均订单量10万+，系统可用性达99.95%

■ 微服务用户中心重构
  项目目标：将单体用户系统拆分为微服务架构，提升并发承载能力
  个人职责：负责登录、注册、权限模块开发，优化数据库查询与缓存策略
  项目成果：支持并发量从500提升至5000，接口响应耗时减少60%","专业技能：SpringBoot、MySQL、Java、MyBatis、JVM调优、RabbitMQ、Docker、Git、微服务
相关证书：MySQL数据库认证、PMP项目管理专业人士",拥有6年行业经验，技术视野开阔，具备方案设计与项目把控能力；逻辑清晰，善于定位并解决复杂技术问题；具备良好的团队管理与跨部门沟通能力，能够推动技术优化与业务落地；责任心强，追求技术与业务的平衡发展。
曾语桐,女,15381837516,zeng语tong493@163.com,wx_zeng语tong_167,龙岩,"期望岗位：算法工程师
期望城市：龙岩
期望行业：互联网/信息技术/软件服务
期望薪资：面议",1年算法工程师工作经验，精通PyTorch、Python技术栈，参与过完整项目迭代，能够独立完成模块开发与问题排查，注重代码质量与开发效率，具备良好的沟通协作能力。,"厦门大学 | 计算机应用技术 | 本科
毕业时间：2021年6月
核心课程：数字信号处理、算法设计与分析、Python编程、机器学习","【微远科技有限公司】 算法工程师
2025年1月 - 至今
    · 负责公司算法工程师相关业务的开发与维护，参与需求评审
    · 承担分配模块的编码、测试与优化工作，保障系统稳定运行
    · 编写开发文档，沉淀技术规范，协助新人熟悉业务","■ 风控欺诈识别模型
  项目目标：识别交易欺诈行为，降低资金损失风险
  个人职责：特征工程，构建XGBoost风控模型，在线部署与迭代
  项目成果：欺诈识别准确率达92%，每年减少损失超200万

■ 个性化推荐系统
  项目目标：提升内容推荐精准度，增加用户停留时长
  个人职责：负责协同过滤、深度学习推荐模型开发与离线优化
  项目成果：用户平均停留时长提升25%，点击率提升15%","专业技能：算法优化、NLP、SQL、TensorFlow、机器学习、深度学习、Python
相关证书：红帽RHCE认证",拥有1年实际工作经验，技术功底扎实，熟悉完整开发流程；具备较强的问题解决能力，能够独立排查并解决常见技术问题；工作认真负责，注重团队协作，能够高效推进项目落地；持续学习，保持技术敏感度。
金皓,男,13916713368,jinhao9489@126.com,15973343839,珠海,"期望岗位：Python开发工程师
期望城市：珠海
期望行业：互联网/信息技术/软件服务
期望薪资：面议",3年Python开发工程师工作经验，精通爬虫、Celery技术栈，参与过完整项目迭代，能够独立完成模块开发与问题排查，注重代码质量与开发效率，具备良好的沟通协作能力。,"南京工程学院 | 计算机应用技术 | 本科
毕业时间：2019年6月
核心课程：软件工程、数据结构、Java程序设计、算法设计与分析","【科创互联网科技有限公司】 Python开发工程师
2025年4月 - 至今
    · 负责公司Python开发工程师相关业务的开发与维护，参与需求评审
    · 承担分配模块的编码、测试与优化工作，保障系统稳定运行

【汇智互联网科技有限公司】 Python开发工程师
2024年8月 - 2025年4月
    · 承担分配模块的编码、测试与优化工作，保障系统稳定运行
    · 对接产品、测试团队，跟进需求落地与缺陷修复","■ 数据采集爬虫系统
  项目目标：搭建分布式爬虫平台，采集多渠道公开数据
  个人职责：负责反爬策略破解、数据清洗、入库逻辑开发
  项目成果：日均采集数据50万条，数据准确率98%以上

■ 自动化运维平台
  项目目标：开发运维管理平台，实现服务器批量管理
  个人职责：负责监控、告警、任务调度模块后端开发
  项目成果：管理服务器200+，运维人力成本降低50%","专业技能：Docker、MySQL、爬虫、Flask、Celery、Django、MongoDB、Git
相关证书：无",拥有3年实际工作经验，技术功底扎实，熟悉完整开发流程；具备较强的问题解决能力，能够独立排查并解决常见技术问题；工作认真负责，注重团队协作，能够高效推进项目落地；持续学习，保持技术敏感度。
孟瑶,女,18735564343,mengyao05@gmail.com,wx_mengyao_212,深圳,"期望岗位：算法工程师
期望城市：深圳
期望行业：互联网/信息技术/软件服务
期望薪资：面议",3年算法工程师工作经验，精通计算机视觉、算法优化技术栈，参与过完整项目迭代，能够独立完成模块开发与问题排查，注重代码质量与开发效率，具备良好的沟通协作能力。,"厦门大学 | 软件技术 | 本科
毕业时间：2019年6月
核心课程：算法设计与分析、数字信号处理、数据库原理、Python编程","【汇智科技有限公司】 算法工程师
2025年6月 - 至今
    · 对接产品、测试团队，跟进需求落地与缺陷修复
    · 承担分配模块的编码、测试与优化工作，保障系统稳定运行
    · 编写开发文档，沉淀技术规范，协助新人熟悉业务

【东软科技有限公司】 算法工程师
2024年6月 - 2025年11月
    · 负责公司算法工程师相关业务的开发与维护，参与需求评审
    · 对接产品、测试团队，跟进需求落地与缺陷修复
    · 编写开发文档，沉淀技术规范，协助新人熟悉业务","■ 风控欺诈识别模型
  项目目标：识别交易欺诈行为，降低资金损失风险
  个人职责：特征工程，构建XGBoost风控模型，在线部署与迭代
  项目成果：欺诈识别准确率达92%，每年减少损失超200万

■ 个性化推荐系统
  项目目标：提升内容推荐精准度，增加用户停留时长
  个人职责：负责协同过滤、深度学习推荐模型开发与离线优化
  项目成果：用户平均停留时长提升25%，点击率提升15%","专业技能：SQL、深度学习、算法优化、TensorFlow、PyTorch、推荐算法、特征工程、机器学习、计算机视觉、Python
相关证书：无",拥有3年实际工作经验，技术功底扎实，熟悉完整开发流程；具备较强的问题解决能力，能够独立排查并解决常见技术问题；工作认真负责，注重团队协作，能够高效推进项目落地；持续学习，保持技术敏感度。
姚悦,女,15983262437,yaoyue044@163.com,wx_yaoyue_821,东莞,"期望岗位：算法工程师
期望城市：东莞
期望行业：互联网/信息技术/软件服务
期望薪资：面议",本科网络工程专业应届毕业生，掌握算法优化、数据结构基础技能，完成过课程设计与毕业项目，具备基础代码编写能力与问题排查思路，学习能力强，做事认真踏实，期望从事算法工程师相关工作。,"南京工程学院 | 网络工程 | 本科
毕业时间：2022年6月
核心课程：Java程序设计、机器学习、数据库原理、Python编程","【校园实践】
    · 参与学校计算机协会技术部，负责协会网站日常维护
    · 协助老师完成实验室设备管理与系统环境搭建
    · 参与班级课程设计小组，担任后端开发角色","■ 电影推荐系统（毕设）
  项目目标：基于协同过滤实现简单电影推荐
  个人职责：数据处理、模型实现、效果验证
  项目成果：召回准确率达到75%","专业技能：算法优化、计算机视觉、特征工程、数据结构
相关证书：无",应届毕业，具备扎实的专业基础知识与学习能力，能够快速掌握新技术；工作态度认真负责，有耐心，注重细节；具备良好的团队意识与沟通能力，能够积极配合团队完成任务；期望在工作中积累经验，快速成长。
傅雨泽,男,18061172134,fu雨ze177@qq.com,13688556981,三明,"期望岗位：算法工程师
期望城市：三明
期望行业：互联网/信息技术/软件服务
期望薪资：面议",3年算法工程师工作经验，精通SQL、机器学习技术栈，参与过完整项目迭代，能够独立完成模块开发与问题排查，注重代码质量与开发效率，具备良好的沟通协作能力。,"浙江工业大学 | 网络工程 | 本科
毕业时间：2019年6月
核心课程：软件工程、操作系统、Java程序设计、算法设计与分析","【中软科技有限公司】 算法工程师
2025年7月 - 至今
    · 负责公司算法工程师相关业务的开发与维护，参与需求评审
    · 对接产品、测试团队，跟进需求落地与缺陷修复

【安硕信息技术有限公司】 算法工程师
2024年7月 - 2025年7月
    · 对接产品、测试团队，跟进需求落地与缺陷修复
    · 承担分配模块的编码、测试与优化工作，保障系统稳定运行","■ 风控欺诈识别模型
  项目目标：识别交易欺诈行为，降低资金损失风险
  个人职责：特征工程，构建XGBoost风控模型，在线部署与迭代
  项目成果：欺诈识别准确率达92%，每年减少损失超200万

■ 个性化推荐系统
  项目目标：提升内容推荐精准度，增加用户停留时长
  个人职责：负责协同过滤、深度学习推荐模型开发与离线优化
  项目成果：用户平均停留时长提升25%，点击率提升15%","专业技能：PyTorch、SQL、算法优化、深度学习、Python、NLP、特征工程、推荐算法
相关证书：华为HCIA认证",拥有3年实际工作经验，技术功底扎实，熟悉完整开发流程；具备较强的问题解决能力，能够独立排查并解决常见技术问题；工作认真负责，注重团队协作，能够高效推进项目落地；持续学习，保持技术敏感度。
郑鑫,男,18729302135,zhengxin3935@126.com,wx_zhengxin_295,福州,"期望岗位：算法工程师
期望城市：福州
期望行业：互联网/信息技术/软件服务
期望薪资：面议",3年算法工程师从业经验，精通PyTorch技术架构，主导过中型项目从0到1落地，擅长技术方案设计与性能优化，曾推动核心模块技术重构，带来显著效率提升，具备跨部门协作与项目推进能力。,"福州大学 | 数据科学与大数据技术 | 本科
毕业时间：2019年6月
核心课程：软件工程、数字信号处理、数据结构、数据库原理","【星图信息技术有限公司】 算法工程师
2025年3月 - 至今
    · 承担分配模块的编码、测试与优化工作，保障系统稳定运行
    · 对接产品、测试团队，跟进需求落地与缺陷修复
    · 负责公司算法工程师相关业务的开发与维护，参与需求评审

【天擎网络科技有限公司】 算法工程师
2024年1月 - 2025年3月
    · 编写开发文档，沉淀技术规范，协助新人熟悉业务
    · 对接产品、测试团队，跟进需求落地与缺陷修复","■ 风控欺诈识别模型
  项目目标：识别交易欺诈行为，降低资金损失风险
  个人职责：特征工程，构建XGBoost风控模型，在线部署与迭代
  项目成果：欺诈识别准确率达92%，每年减少损失超200万

■ 个性化推荐系统
  项目目标：提升内容推荐精准度，增加用户停留时长
  个人职责：负责协同过滤、深度学习推荐模型开发与离线优化
  项目成果：用户平均停留时长提升25%，点击率提升15%","专业技能：深度学习、NLP、Python、PyTorch、TensorFlow、特征工程、推荐算法、SQL、算法优化
相关证书：阿里云ACP云计算认证、计算机一级、华为HCIA认证",拥有3年行业经验，技术视野开阔，具备方案设计与项目把控能力；逻辑清晰，善于定位并解决复杂技术问题；具备良好的团队管理与跨部门沟通能力，能够推动技术优化与业务落地；责任心强，追求技术与业务的平衡发展。
李芳,女,13202881417,lifang0382@outlook.com,15267229396,泉州,"期望岗位：算法工程师
期望城市：泉州
期望行业：互联网/信息技术/软件服务
期望薪资：面议",本科数据科学与大数据技术专业应届毕业生，掌握数据结构、机器学习基础技能，完成过课程设计与毕业项目，具备基础代码编写能力与问题排查思路，学习能力强，做事认真踏实，期望从事算法工程师相关工作。,"佛山科学技术学院 | 数据科学与大数据技术 | 本科
毕业时间：2022年6月
核心课程：数字信号处理、操作系统、计算机网络、Python编程","【校园实践】
    · 参与学校计算机协会技术部，负责协会网站日常维护
    · 协助老师完成实验室设备管理与系统环境搭建
    · 参与班级课程设计小组，担任后端开发角色","■ 手写数字识别（课程作业）
  项目目标：基于MNIST数据集实现手写数字识别
  个人职责：使用CNN搭建模型，训练与调优
  项目成果：识别准确率达到92%","专业技能：特征工程、计算机视觉、SQL、TensorFlow、算法优化、深度学习、PyTorch
相关证书：计算机一级、英语四级",应届毕业，具备扎实的专业基础知识与学习能力，能够快速掌握新技术；工作态度认真负责，有耐心，注重细节；具备良好的团队意识与沟通能力，能够积极配合团队完成任务；期望在工作中积累经验，快速成长。
高雨泽,男,18854251174,gao雨ze1136@gmail.com,wx_gao雨ze_326,莆田,"期望岗位：后端开发工程师
期望城市：莆田
期望行业：互联网/信息技术/软件服务
期望薪资：面议",本科软件工程专业应届毕业生，有1段后端开发工程师实习经验，掌握Redis技术栈，参与过实习项目开发，具备良好的代码规范与团队协作意识，能够快速上手业务，期望正式入职发展。,"福建农林大学 | 软件工程 | 本科
毕业时间：2021年6月
核心课程：Java程序设计、操作系统、软件工程、数据库原理","【智联数据技术有限公司】 后端开发工程师（实习）
2025年1月 - 至今
    · 负责公司后端开发工程师相关业务的开发与维护，参与需求评审
    · 承担分配模块的编码、测试与优化工作，保障系统稳定运行","■ 图书管理系统后端
  项目目标：实现图书借阅、归还、用户管理功能
  个人职责：负责接口开发与数据库表结构设计
  项目成果：完成核心功能，支持1000条数据量

■ 简单论坛系统
  项目目标：实现帖子发布、回复、板块管理
  个人职责：负责后端服务开发与接口文档编写
  项目成果：支持百人同时在线访问","专业技能：微服务、Docker、SpringBoot、PostgreSQL
相关证书：计算机二级",有实习经验，熟悉开发基本流程，具备基础的项目实践能力；学习能力强，能够快速上手新业务新技术；工作踏实，责任心强，善于沟通协作，能够高效完成分配的工作任务。
曾峰,男,15128901783,zengfeng672@outlook.com,wx_zengfeng_426,苏州,"期望岗位：软件测试工程师
期望城市：苏州
期望行业：互联网/信息技术/软件服务
期望薪资：面议",2年软件测试工程师工作经验，精通MySQL、接口测试技术栈，参与过完整项目迭代，能够独立完成模块开发与问题排查，注重代码质量与开发效率，具备良好的沟通协作能力。,"东南大学 | 数字媒体技术 | 本科
毕业时间：2020年6月
核心课程：数据结构、操作系统、计算机网络、Python编程","【腾讯（深圳分公司）】 软件测试工程师
2025年10月 - 至今
    · 负责公司软件测试工程师相关业务的开发与维护，参与需求评审
    · 编写开发文档，沉淀技术规范，协助新人熟悉业务

【星图互联网科技有限公司】 软件测试工程师
2024年3月 - 2025年1月
    · 对接产品、测试团队，跟进需求落地与缺陷修复
    · 负责公司软件测试工程师相关业务的开发与维护，参与需求评审","■ 自动化测试框架搭建
  项目目标：提升回归测试效率，减少人工重复劳动
  个人职责：基于Selenium搭建UI自动化框架，编写核心模块测试脚本
  项目成果：回归测试周期从7天缩短至2天，覆盖率达85%

■ 电商平台功能测试
  项目目标：保障电商系统上线质量，覆盖全业务流程
  个人职责：设计测试用例，执行功能、回归测试，提交缺陷报告
  项目成果：发现并修复120+缺陷，上线后线上缺陷率低于0.5%","专业技能：MySQL、JMeter、缺陷管理、Selenium、Python、测试用例设计、接口测试、TestNG
相关证书：系统架构设计师",拥有2年实际工作经验，技术功底扎实，熟悉完整开发流程；具备较强的问题解决能力，能够独立排查并解决常见技术问题；工作认真负责，注重团队协作，能够高效推进项目落地；持续学习，保持技术敏感度。
魏平,男,13275382244,weiping5605@126.com,wx_weiping_495,广州,"期望岗位：后端开发工程师
期望城市：广州
期望行业：互联网/信息技术/软件服务
期望薪资：面议",10年后端开发工程师资深经验，精通全链路技术架构，具备团队技术规划与方案设计能力，主导过多个大型项目重构与升级，在高并发/系统稳定性领域有深厚积累，能够带领团队攻克技术难题，驱动业务技术升级。,"厦门理工学院 | 信息管理与信息系统 | 本科
毕业时间：2012年6月
核心课程：软件工程、数据库原理、数据结构、机器学习","【易联数据技术有限公司】 后端开发工程师
2023年6月 - 至今
    · 负责公司后端开发工程师相关业务的开发与维护，参与需求评审
    · 编写开发文档，沉淀技术规范，协助新人熟悉业务

【信雅数据技术有限公司】 后端开发工程师
2020年8月 - 2023年11月
    · 对接产品、测试团队，跟进需求落地与缺陷修复
    · 负责公司后端开发工程师相关业务的开发与维护，参与需求评审
    · 编写开发文档，沉淀技术规范，协助新人熟悉业务

【新科数据技术有限公司】 后端开发工程师
2017年11月 - 2020年7月
    · 编写开发文档，沉淀技术规范，协助新人熟悉业务
    · 对接产品、测试团队，跟进需求落地与缺陷修复
    · 负责公司后端开发工程师相关业务的开发与维护，参与需求评审","■ 内容管理系统后端
  项目目标：搭建CMS系统后端服务，支持多站点内容发布
  个人职责：负责文章、栏目、权限模块接口开发，设计数据库表结构
  项目成果：支撑8个站点同时运营，内容发布效率提升3倍

■ 即时通讯服务开发
  项目目标：实现企业内部IM系统后端消息推送与存储
  个人职责：负责消息队列、离线消息、会话管理模块开发
  项目成果：支持万人同时在线，消息送达延迟低于100ms","专业技能：Python、PostgreSQL、Redis、SpringBoot、K8s、Java
相关证书：英语六级",拥有10年行业经验，技术视野开阔，具备方案设计与项目把控能力；逻辑清晰，善于定位并解决复杂技术问题；具备良好的团队管理与跨部门沟通能力，能够推动技术优化与业务落地；责任心强，追求技术与业务的平衡发展。
曹洋,男,15647011966,caoyang105@qq.com,18926405764,莆田,"期望岗位：算法工程师
期望城市：莆田
期望行业：互联网/信息技术/软件服务
期望薪资：面议",6年算法工程师资深经验，精通全链路技术架构，具备团队技术规划与方案设计能力，主导过多个大型项目重构与升级，在高并发/系统稳定性领域有深厚积累，能够带领团队攻克技术难题，驱动业务技术升级。,"佛山科学技术学院 | 通信工程 | 本科
毕业时间：2016年6月
核心课程：操作系统、数据结构、数字信号处理、数据库原理","【网易（杭州）】 算法工程师
2024年6月 - 至今
    · 编写开发文档，沉淀技术规范，协助新人熟悉业务
    · 承担分配模块的编码、测试与优化工作，保障系统稳定运行
    · 对接产品、测试团队，跟进需求落地与缺陷修复

【汇智网络科技有限公司】 算法工程师
2022年6月 - 2024年4月
    · 负责公司算法工程师相关业务的开发与维护，参与需求评审
    · 承担分配模块的编码、测试与优化工作，保障系统稳定运行

【锐捷科技有限公司】 算法工程师
2020年1月 - 2022年7月
    · 编写开发文档，沉淀技术规范，协助新人熟悉业务
    · 承担分配模块的编码、测试与优化工作，保障系统稳定运行","■ 风控欺诈识别模型
  项目目标：识别交易欺诈行为，降低资金损失风险
  个人职责：特征工程，构建XGBoost风控模型，在线部署与迭代
  项目成果：欺诈识别准确率达92%，每年减少损失超200万

■ 个性化推荐系统
  项目目标：提升内容推荐精准度，增加用户停留时长
  个人职责：负责协同过滤、深度学习推荐模型开发与离线优化
  项目成果：用户平均停留时长提升25%，点击率提升15%","专业技能：SQL、PyTorch、特征工程、深度学习、NLP、TensorFlow、算法优化、Python
相关证书：华为HCIA认证、阿里云ACP云计算认证",拥有6年行业经验，技术视野开阔，具备方案设计与项目把控能力；逻辑清晰，善于定位并解决复杂技术问题；具备良好的团队管理与跨部门沟通能力，能够推动技术优化与业务落地；责任心强，追求技术与业务的平衡发展。
刘安然,女,13683256588,liuanran2984@126.com,18443281485,宁波,"期望岗位：软件测试工程师
期望城市：宁波
期望行业：互联网/信息技术/软件服务
期望薪资：面议",3年软件测试工程师从业经验，精通功能测试技术架构，主导过中型项目从0到1落地，擅长技术方案设计与性能优化，曾推动核心模块技术重构，带来显著效率提升，具备跨部门协作与项目推进能力。,"东南大学 | 电子信息工程 | 本科
毕业时间：2019年6月
核心课程：计算机网络、操作系统、软件工程、Java程序设计","【携程（厦门）】 软件测试工程师
2025年7月 - 至今
    · 编写开发文档，沉淀技术规范，协助新人熟悉业务
    · 负责公司软件测试工程师相关业务的开发与维护，参与需求评审
    · 对接产品、测试团队，跟进需求落地与缺陷修复

【天擎信息技术有限公司】 软件测试工程师
2024年11月 - 2025年2月
    · 编写开发文档，沉淀技术规范，协助新人熟悉业务
    · 承担分配模块的编码、测试与优化工作，保障系统稳定运行
    · 对接产品、测试团队，跟进需求落地与缺陷修复","■ 自动化测试框架搭建
  项目目标：提升回归测试效率，减少人工重复劳动
  个人职责：基于Selenium搭建UI自动化框架，编写核心模块测试脚本
  项目成果：回归测试周期从7天缩短至2天，覆盖率达85%

■ 电商平台功能测试
  项目目标：保障电商系统上线质量，覆盖全业务流程
  个人职责：设计测试用例，执行功能、回归测试，提交缺陷报告
  项目成果：发现并修复120+缺陷，上线后线上缺陷率低于0.5%","专业技能：接口测试、Selenium、Python、TestNG、功能测试、JMeter、性能测试、MySQL
相关证书：无",拥有3年行业经验，技术视野开阔，具备方案设计与项目把控能力；逻辑清晰，善于定位并解决复杂技术问题；具备良好的团队管理与跨部门沟通能力，能够推动技术优化与业务落地；责任心强，追求技术与业务的平衡发展。
龙若曦,女,15953799660,long若xi3481@gmail.com,wx_long若xi_322,宁波,"期望岗位：前端开发工程师
期望城市：宁波
期望行业：互联网/信息技术/软件服务
期望薪资：面议",本科计算机科学与技术专业应届毕业生，掌握CSS3、React基础技能，完成过课程设计与毕业项目，具备基础代码编写能力与问题排查思路，学习能力强，做事认真踏实，期望从事前端开发工程师相关工作。,"福州大学 | 计算机科学与技术 | 本科
毕业时间：2022年6月
核心课程：操作系统、Java程序设计、数据库原理、数字信号处理","【校园实践】
    · 参与学校计算机协会技术部，负责协会网站日常维护
    · 协助老师完成实验室设备管理与系统环境搭建
    · 参与班级课程设计小组，担任后端开发角色","■ 校园社团官网（实训项目）
  项目目标：为学校社团开发官方展示网站
  个人职责：负责首页、新闻页、成员页开发
  项目成果：上线后访问量累计5000+","专业技能：移动端适配、JavaScript、React、HTML5
相关证书：无",应届毕业，具备扎实的专业基础知识与学习能力，能够快速掌握新技术；工作态度认真负责，有耐心，注重细节；具备良好的团队意识与沟通能力，能够积极配合团队完成任务；期望在工作中积累经验，快速成长。
张璐,女,15934048648,zhanglu71@gmail.com,15953281058,福州,"期望岗位：运维工程师
期望城市：福州
期望行业：互联网/信息技术/软件服务
期望薪资：面议",2年运维工程师工作经验，精通Jenkins、MySQL技术栈，参与过完整项目迭代，能够独立完成模块开发与问题排查，注重代码质量与开发效率，具备良好的沟通协作能力。,"东南大学 | 电子信息工程 | 本科
毕业时间：2020年6月
核心课程：数字信号处理、Java程序设计、操作系统、算法设计与分析","【合众数据技术有限公司】 运维工程师
2025年6月 - 至今
    · 对接产品、测试团队，跟进需求落地与缺陷修复
    · 编写开发文档，沉淀技术规范，协助新人熟悉业务

【未来信息技术有限公司】 运维工程师
2024年11月 - 2025年9月
    · 对接产品、测试团队，跟进需求落地与缺陷修复
    · 编写开发文档，沉淀技术规范，协助新人熟悉业务","■ CI/CD自动化流水线
  项目目标：实现代码自动化构建、测试、部署，提升发布效率
  个人职责：基于Jenkins搭建持续集成流水线，配置Docker容器化部署
  项目成果：发布周期从每周1次提升至每天3次，部署失误率降为0

■ 服务器集群运维优化
  项目目标：提升服务器集群稳定性，降低故障发生率
  个人职责：负责日常巡检、故障排查，优化监控告警规则与分级策略
  项目成果：服务器故障率下降60%，平均故障响应时间缩短至15分钟","专业技能：Prometheus、Jenkins、Nginx、MySQL、Docker、Linux、Kubernetes、网络运维、Zabbix
相关证书：阿里云ACP云计算认证、英语六级、华为HCIA认证",拥有2年实际工作经验，技术功底扎实，熟悉完整开发流程；具备较强的问题解决能力，能够独立排查并解决常见技术问题；工作认真负责，注重团队协作，能够高效推进项目落地；持续学习，保持技术敏感度。
薛玲,女,15321874966,xueling94@gmail.com,wx_xueling_774,东莞,"期望岗位：Java开发工程师
期望城市：东莞
期望行业：互联网/信息技术/软件服务
期望薪资：面议",2年Java开发工程师工作经验，精通Docker、MyBatis技术栈，参与过完整项目迭代，能够独立完成模块开发与问题排查，注重代码质量与开发效率，具备良好的沟通协作能力。,"广东轻工职业技术学院 | 通信工程 | 专科
毕业时间：2020年6月
核心课程：算法设计与分析、操作系统、数据库原理、数字信号处理","【卓望数据技术有限公司】 Java开发工程师
2025年7月 - 至今
    · 编写开发文档，沉淀技术规范，协助新人熟悉业务
    · 负责公司Java开发工程师相关业务的开发与维护，参与需求评审

【恒信科技有限公司】 Java开发工程师
2024年3月 - 2025年3月
    · 承担分配模块的编码、测试与优化工作，保障系统稳定运行
    · 对接产品、测试团队，跟进需求落地与缺陷修复","■ 电商订单交易系统
  项目目标：搭建高可用电商订单系统，支撑大促流量峰值
  个人职责：负责订单创建、支付回调、库存扣减核心逻辑开发
  项目成果：支撑日均订单量10万+，系统可用性达99.95%

■ 微服务用户中心重构
  项目目标：将单体用户系统拆分为微服务架构，提升并发承载能力
  个人职责：负责登录、注册、权限模块开发，优化数据库查询与缓存策略
  项目成果：支持并发量从500提升至5000，接口响应耗时减少60%","专业技能：Docker、Git、MyBatis、JVM调优、MySQL、Java
相关证书：红帽RHCE认证、华为HCIA认证",拥有2年实际工作经验，技术功底扎实，熟悉完整开发流程；具备较强的问题解决能力，能够独立排查并解决常见技术问题；工作认真负责，注重团队协作，能够高效推进项目落地；持续学习，保持技术敏感度。
薛浩然,男,15908223194,xuehaoran7488@qq.com,wx_xuehaoran_404,厦门,"期望岗位：后端开发工程师
期望城市：厦门
期望行业：互联网/信息技术/软件服务
期望薪资：面议",4年后端开发工程师从业经验，精通Docker技术架构，主导过中型项目从0到1落地，擅长技术方案设计与性能优化，曾推动核心模块技术重构，带来显著效率提升，具备跨部门协作与项目推进能力。,"广东轻工职业技术学院 | 软件技术 | 专科
毕业时间：2018年6月
核心课程：计算机网络、机器学习、数字信号处理、软件工程","【字节跳动（厦门分公司）】 后端开发工程师
2024年12月 - 至今
    · 承担分配模块的编码、测试与优化工作，保障系统稳定运行
    · 负责公司后端开发工程师相关业务的开发与维护，参与需求评审
    · 对接产品、测试团队，跟进需求落地与缺陷修复

【易联网络科技有限公司】 后端开发工程师
2022年3月 - 2024年10月
    · 负责公司后端开发工程师相关业务的开发与维护，参与需求评审
    · 编写开发文档，沉淀技术规范，协助新人熟悉业务","■ 内容管理系统后端
  项目目标：搭建CMS系统后端服务，支持多站点内容发布
  个人职责：负责文章、栏目、权限模块接口开发，设计数据库表结构
  项目成果：支撑8个站点同时运营，内容发布效率提升3倍

■ 即时通讯服务开发
  项目目标：实现企业内部IM系统后端消息推送与存储
  个人职责：负责消息队列、离线消息、会话管理模块开发
  项目成果：支持万人同时在线，消息送达延迟低于100ms","专业技能：PostgreSQL、MySQL、Go、Python、Gin、K8s
相关证书：软件设计师（中级）、英语六级",拥有4年行业经验，技术视野开阔，具备方案设计与项目把控能力；逻辑清晰，善于定位并解决复杂技术问题；具备良好的团队管理与跨部门沟通能力，能够推动技术优化与业务落地；责任心强，追求技术与业务的平衡发展。
顾健,男,18669214821,gujian1082@163.com,18633686083,泉州,"期望岗位：算法工程师
期望城市：泉州
期望行业：互联网/信息技术/软件服务
期望薪资：面议",7年算法工程师资深经验，精通全链路技术架构，具备团队技术规划与方案设计能力，主导过多个大型项目重构与升级，在高并发/系统稳定性领域有深厚积累，能够带领团队攻克技术难题，驱动业务技术升级。,"暨南大学 | 数据科学与大数据技术 | 本科
毕业时间：2015年6月
核心课程：计算机网络、Python编程、软件工程、机器学习","【携程（厦门）】 算法工程师
2024年8月 - 至今
    · 编写开发文档，沉淀技术规范，协助新人熟悉业务
    · 对接产品、测试团队，跟进需求落地与缺陷修复
    · 承担分配模块的编码、测试与优化工作，保障系统稳定运行

【安硕信息技术有限公司】 算法工程师
2022年4月 - 2024年12月
    · 负责公司算法工程师相关业务的开发与维护，参与需求评审
    · 承担分配模块的编码、测试与优化工作，保障系统稳定运行
    · 对接产品、测试团队，跟进需求落地与缺陷修复

【信雅信息技术有限公司】 算法工程师
2020年7月 - 2022年7月
    · 承担分配模块的编码、测试与优化工作，保障系统稳定运行
    · 编写开发文档，沉淀技术规范，协助新人熟悉业务","■ 风控欺诈识别模型
  项目目标：识别交易欺诈行为，降低资金损失风险
  个人职责：特征工程，构建XGBoost风控模型，在线部署与迭代
  项目成果：欺诈识别准确率达92%，每年减少损失超200万

■ 个性化推荐系统
  项目目标：提升内容推荐精准度，增加用户停留时长
  个人职责：负责协同过滤、深度学习推荐模型开发与离线优化
  项目成果：用户平均停留时长提升25%，点击率提升15%","专业技能：算法优化、推荐算法、NLP、TensorFlow、数据结构、PyTorch
相关证书：英语四级",拥有7年行业经验，技术视野开阔，具备方案设计与项目把控能力；逻辑清晰，善于定位并解决复杂技术问题；具备良好的团队管理与跨部门沟通能力，能够推动技术优化与业务落地；责任心强，追求技术与业务的平衡发展。
韩思琪,女,13954598985,hansiqi2453@163.com,18527834133,福州,"期望岗位：前端开发工程师
期望城市：福州
期望行业：互联网/信息技术/软件服务
期望薪资：面议",专科软件技术专业应届毕业生，掌握Vue、Ant Design基础技能，完成过课程设计与毕业项目，具备基础代码编写能力与问题排查思路，学习能力强，做事认真踏实，期望从事前端开发工程师相关工作。,"厦门海洋职业技术学院 | 软件技术 | 专科
毕业时间：2022年6月
核心课程：数据库原理、操作系统、数字信号处理、Java程序设计","【校园实践】
    · 参与学校计算机协会技术部，负责协会网站日常维护
    · 协助老师完成实验室设备管理与系统环境搭建
    · 参与班级课程设计小组，担任后端开发角色","■ 个人博客系统（课程作业）
  项目目标：开发个人博客前端页面，实现文章展示与评论
  个人职责：负责页面布局、交互效果、接口联调
  项目成果：完成响应式页面，兼容多浏览器","专业技能：TypeScript、移动端适配、React、HTML5
相关证书：英语四级、阿里云ACP云计算认证",应届毕业，具备扎实的专业基础知识与学习能力，能够快速掌握新技术；工作态度认真负责，有耐心，注重细节；具备良好的团队意识与沟通能力，能够积极配合团队完成任务；期望在工作中积累经验，快速成长。
罗建,男,18017721020,luojian4675@outlook.com,15879244462,宁德,"期望岗位：数据分析师
期望城市：宁德
期望行业：互联网/信息技术/软件服务
期望薪资：面议",1年数据分析师工作经验，精通Excel、NumPy技术栈，参与过完整项目迭代，能够独立完成模块开发与问题排查，注重代码质量与开发效率，具备良好的沟通协作能力。,"福建农林大学 | 电子信息工程 | 本科
毕业时间：2021年6月
核心课程：操作系统、Python编程、数据结构、Java程序设计","【OPPO（东莞）】 数据分析师
2025年10月 - 至今
    · 负责公司数据分析师相关业务的开发与维护，参与需求评审
    · 对接产品、测试团队，跟进需求落地与缺陷修复","■ 用户行为分析看板
  项目目标：构建用户行为数据体系，支撑运营决策
  个人职责：负责数据清洗、指标体系搭建，输出可视化运营报表
  项目成果：输出15+核心运营指标，支撑每月3次运营优化，用户留存率提升8%

■ 销售数据预测建模
  项目目标：基于历史数据预测销量，指导库存与备货
  个人职责：数据预处理，构建时间序列预测模型，输出月度预测报告
  项目成果：预测准确率达89%，库存周转效率提升25%","专业技能：MySQL、Excel、Python、Hive、Power BI、数据可视化、SQL
相关证书：软考中级",拥有1年实际工作经验，技术功底扎实，熟悉完整开发流程；具备较强的问题解决能力，能够独立排查并解决常见技术问题；工作认真负责，注重团队协作，能够高效推进项目落地；持续学习，保持技术敏感度。
孙璐,女,13943128542,sunlu821@outlook.com,15319951212,南平,"期望岗位：Python开发工程师
期望城市：南平
期望行业：互联网/信息技术/软件服务
期望薪资：面议",2年Python开发工程师工作经验，精通MongoDB、Flask技术栈，参与过完整项目迭代，能够独立完成模块开发与问题排查，注重代码质量与开发效率，具备良好的沟通协作能力。,"苏州大学 | 物联网工程 | 本科
毕业时间：2020年6月
核心课程：数据库原理、数字信号处理、软件工程、操作系统","【天擎科技有限公司】 Python开发工程师
2025年5月 - 至今
    · 编写开发文档，沉淀技术规范，协助新人熟悉业务
    · 承担分配模块的编码、测试与优化工作，保障系统稳定运行

【天擎软件有限公司】 Python开发工程师
2024年6月 - 2025年4月
    · 编写开发文档，沉淀技术规范，协助新人熟悉业务
    · 承担分配模块的编码、测试与优化工作，保障系统稳定运行","■ 数据采集爬虫系统
  项目目标：搭建分布式爬虫平台，采集多渠道公开数据
  个人职责：负责反爬策略破解、数据清洗、入库逻辑开发
  项目成果：日均采集数据50万条，数据准确率98%以上

■ 自动化运维平台
  项目目标：开发运维管理平台，实现服务器批量管理
  个人职责：负责监控、告警、任务调度模块后端开发
  项目成果：管理服务器200+，运维人力成本降低50%","专业技能：Docker、Python、Django、MySQL、Git、Linux、FastAPI、Flask、Redis
相关证书：华为HCIA认证",拥有2年实际工作经验，技术功底扎实，熟悉完整开发流程；具备较强的问题解决能力，能够独立排查并解决常见技术问题；工作认真负责，注重团队协作，能够高效推进项目落地；持续学习，保持技术敏感度。
钟军,男,18427910333,zhongjun34@163.com,17791194970,广州,"期望岗位：Python开发工程师
期望城市：广州
期望行业：互联网/信息技术/软件服务
期望薪资：面议",专科数据科学与大数据技术专业应届毕业生，掌握Python、MongoDB基础技能，完成过课程设计与毕业项目，具备基础代码编写能力与问题排查思路，学习能力强，做事认真踏实，期望从事Python开发工程师相关工作。,"广东轻工职业技术学院 | 数据科学与大数据技术 | 专科
毕业时间：2022年6月
核心课程：Java程序设计、Python编程、软件工程、机器学习","【校园实践】
    · 参与学校计算机协会技术部，负责协会网站日常维护
    · 协助老师完成实验室设备管理与系统环境搭建
    · 参与班级课程设计小组，担任后端开发角色","■ 自动化办公脚本
  项目目标：批量处理Excel表格数据
  个人职责：实现数据合并、格式转换、自动统计
  项目成果：提升人工效率80%","专业技能：Django、Flask、Celery、Python
相关证书：英语四级、阿里云ACP云计算认证",应届毕业，具备扎实的专业基础知识与学习能力，能够快速掌握新技术；工作态度认真负责，有耐心，注重细节；具备良好的团队意识与沟通能力，能够积极配合团队完成任务；期望在工作中积累经验，快速成长。
卢梓轩,男,18316407214,lu梓xuan08@gmail.com,18544096467,宁波,"期望岗位：数据分析师
期望城市：宁波
期望行业：互联网/信息技术/软件服务
期望薪资：面议",本科通信工程专业应届毕业生，掌握Pandas、Pandas基础技能，完成过课程设计与毕业项目，具备基础代码编写能力与问题排查思路，学习能力强，做事认真踏实，期望从事数据分析师相关工作。,"厦门大学 | 通信工程 | 本科
毕业时间：2022年6月
核心课程：数据库原理、操作系统、Java程序设计、数字信号处理","【校园实践】
    · 参与学校计算机协会技术部，负责协会网站日常维护
    · 协助老师完成实验室设备管理与系统环境搭建
    · 参与班级课程设计小组，担任后端开发角色","■ 电商公开数据爬取分析
  项目目标：采集公开电商商品数据并分析
  个人职责：数据爬取、清洗、价格销量分析
  项目成果：输出可视化分析图表","专业技能：Hive、Tableau、数据可视化、Excel、Power BI、Pandas
相关证书：计算机二级、英语六级",应届毕业，具备扎实的专业基础知识与学习能力，能够快速掌握新技术；工作态度认真负责，有耐心，注重细节；具备良好的团队意识与沟通能力，能够积极配合团队完成任务；期望在工作中积累经验，快速成长。
刘思琪,女,13496629993,liusiqi483@outlook.com,wx_liusiqi_455,南平,"期望岗位：Python开发工程师
期望城市：南平
期望行业：互联网/信息技术/软件服务
期望薪资：面议",专科计算机科学与技术专业应届毕业生，掌握爬虫、Django基础技能，完成过课程设计与毕业项目，具备基础代码编写能力与问题排查思路，学习能力强，做事认真踏实，期望从事Python开发工程师相关工作。,"苏州职业大学 | 计算机科学与技术 | 专科
毕业时间：2022年6月
核心课程：算法设计与分析、计算机网络、Java程序设计、数字信号处理","【校园实践】
    · 参与学校计算机协会技术部，负责协会网站日常维护
    · 协助老师完成实验室设备管理与系统环境搭建
    · 参与班级课程设计小组，担任后端开发角色","■ 自动化办公脚本
  项目目标：批量处理Excel表格数据
  个人职责：实现数据合并、格式转换、自动统计
  项目成果：提升人工效率80%","专业技能：MySQL、FastAPI、Celery、Redis
相关证书：阿里云ACP云计算认证",应届毕业，具备扎实的专业基础知识与学习能力，能够快速掌握新技术；工作态度认真负责，有耐心，注重细节；具备良好的团队意识与沟通能力，能够积极配合团队完成任务；期望在工作中积累经验，快速成长。
朱杰,男,18538768809,zhujie90@qq.com,13844100869,厦门,"期望岗位：前端开发工程师
期望城市：厦门
期望行业：互联网/信息技术/软件服务
期望薪资：面议",4年前端开发工程师从业经验，精通Vite技术架构，主导过中型项目从0到1落地，擅长技术方案设计与性能优化，曾推动核心模块技术重构，带来显著效率提升，具备跨部门协作与项目推进能力。,"浙江万里学院 | 通信工程 | 本科
毕业时间：2018年6月
核心课程：数字信号处理、计算机网络、机器学习、Python编程","【合众网络科技有限公司】 前端开发工程师
2024年3月 - 至今
    · 对接产品、测试团队，跟进需求落地与缺陷修复
    · 承担分配模块的编码、测试与优化工作，保障系统稳定运行

【数聚互联网科技有限公司】 前端开发工程师
2022年10月 - 2024年10月
    · 编写开发文档，沉淀技术规范，协助新人熟悉业务
    · 负责公司前端开发工程师相关业务的开发与维护，参与需求评审
    · 对接产品、测试团队，跟进需求落地与缺陷修复","■ 电商平台前端重构
  项目目标：升级旧版电商系统前端架构，提升用户体验与加载速度
  个人职责：负责商品详情页、购物车模块开发，组件化封装公共组件
  项目成果：首屏加载时间从3.2s降至1.8s，页面转化率提升12%

■ 企业后台管理系统
  项目目标：搭建企业运营管理后台，实现业务数据可视化
  个人职责：负责权限管理、数据报表模块开发，对接后端接口联调
  项目成果：覆盖12个业务部门，运营效率提升40%","专业技能：React、Vite、JavaScript、HTML5、Axios、Webpack、Ant Design、移动端适配、Element UI
相关证书：英语四级、计算机二级",拥有4年行业经验，技术视野开阔，具备方案设计与项目把控能力；逻辑清晰，善于定位并解决复杂技术问题；具备良好的团队管理与跨部门沟通能力，能够推动技术优化与业务落地；责任心强，追求技术与业务的平衡发展。
梁杰,男,15709069856,liangjie475@163.com,wx_liangjie_805,莆田,"期望岗位：后端开发工程师
期望城市：莆田
期望行业：互联网/信息技术/软件服务
期望薪资：面议",专科数学与应用数学专业应届毕业生，掌握MySQL、Gin基础技能，完成过课程设计与毕业项目，具备基础代码编写能力与问题排查思路，学习能力强，做事认真踏实，期望从事后端开发工程师相关工作。,"泉州经贸职业技术学院 | 数学与应用数学 | 专科
毕业时间：2022年6月
核心课程：数字信号处理、Java程序设计、算法设计与分析、机器学习","【校园实践】
    · 参与学校计算机协会技术部，负责协会网站日常维护
    · 协助老师完成实验室设备管理与系统环境搭建
    · 参与班级课程设计小组，担任后端开发角色","■ 简单论坛系统
  项目目标：实现帖子发布、回复、板块管理
  个人职责：负责后端服务开发与接口文档编写
  项目成果：支持百人同时在线访问","专业技能：K8s、Java、MySQL、微服务
相关证书：系统架构设计师、计算机二级",应届毕业，具备扎实的专业基础知识与学习能力，能够快速掌握新技术；工作态度认真负责，有耐心，注重细节；具备良好的团队意识与沟通能力，能够积极配合团队完成任务；期望在工作中积累经验，快速成长。
于博文,男,13966251779,yubowen813@outlook.com,wx_yubowen_380,三明,"期望岗位：前端开发工程师
期望城市：三明
期望行业：互联网/信息技术/软件服务
期望薪资：面议",专科计算机应用技术专业应届毕业生，掌握React、TypeScript基础技能，完成过课程设计与毕业项目，具备基础代码编写能力与问题排查思路，学习能力强，做事认真踏实，期望从事前端开发工程师相关工作。,"苏州职业大学 | 计算机应用技术 | 专科
毕业时间：2022年6月
核心课程：数字信号处理、软件工程、机器学习、操作系统","【校园实践】
    · 参与学校计算机协会技术部，负责协会网站日常维护
    · 协助老师完成实验室设备管理与系统环境搭建
    · 参与班级课程设计小组，担任后端开发角色","■ 校园社团官网（实训项目）
  项目目标：为学校社团开发官方展示网站
  个人职责：负责首页、新闻页、成员页开发
  项目成果：上线后访问量累计5000+","专业技能：Webpack、TypeScript、Ant Design、Axios、Element UI、CSS3、Vue
相关证书：无",应届毕业，具备扎实的专业基础知识与学习能力，能够快速掌握新技术；工作态度认真负责，有耐心，注重细节；具备良好的团队意识与沟通能力，能够积极配合团队完成任务；期望在工作中积累经验，快速成长。
叶红,女,13176878085,yehong52@outlook.com,wx_yehong_751,东莞,"期望岗位：Python开发工程师
期望城市：东莞
期望行业：互联网/信息技术/软件服务
期望薪资：面议",3年Python开发工程师从业经验，精通Git技术架构，主导过中型项目从0到1落地，擅长技术方案设计与性能优化，曾推动核心模块技术重构，带来显著效率提升，具备跨部门协作与项目推进能力。,"浙江工业大学 | 网络工程 | 本科
毕业时间：2019年6月
核心课程：Python编程、软件工程、计算机网络、算法设计与分析","【安硕数据技术有限公司】 Python开发工程师
2025年6月 - 至今
    · 承担分配模块的编码、测试与优化工作，保障系统稳定运行
    · 负责公司Python开发工程师相关业务的开发与维护，参与需求评审
    · 对接产品、测试团队，跟进需求落地与缺陷修复

【天擎信息技术有限公司】 Python开发工程师
2024年3月 - 2025年5月
    · 承担分配模块的编码、测试与优化工作，保障系统稳定运行
    · 负责公司Python开发工程师相关业务的开发与维护，参与需求评审
    · 编写开发文档，沉淀技术规范，协助新人熟悉业务","■ 数据采集爬虫系统
  项目目标：搭建分布式爬虫平台，采集多渠道公开数据
  个人职责：负责反爬策略破解、数据清洗、入库逻辑开发
  项目成果：日均采集数据50万条，数据准确率98%以上

■ 自动化运维平台
  项目目标：开发运维管理平台，实现服务器批量管理
  个人职责：负责监控、告警、任务调度模块后端开发
  项目成果：管理服务器200+，运维人力成本降低50%","专业技能：Redis、Celery、FastAPI、Python、Git、MongoDB、MySQL
相关证书：无",拥有3年行业经验，技术视野开阔，具备方案设计与项目把控能力；逻辑清晰，善于定位并解决复杂技术问题；具备良好的团队管理与跨部门沟通能力，能够推动技术优化与业务落地；责任心强，追求技术与业务的平衡发展。
高燕,女,17610708027,gaoyan7323@outlook.com,wx_gaoyan_549,漳州,"期望岗位：Python开发工程师
期望城市：漳州
期望行业：互联网/信息技术/软件服务
期望薪资：面议",7年Python开发工程师资深经验，精通全链路技术架构，具备团队技术规划与方案设计能力，主导过多个大型项目重构与升级，在高并发/系统稳定性领域有深厚积累，能够带领团队攻克技术难题，驱动业务技术升级。,"苏州大学 | 计算机科学与技术 | 本科
毕业时间：2015年6月
核心课程：机器学习、Java程序设计、数据库原理、数据结构","【字节跳动（厦门分公司）】 Python开发工程师
2024年1月 - 至今
    · 负责公司Python开发工程师相关业务的开发与维护，参与需求评审
    · 对接产品、测试团队，跟进需求落地与缺陷修复

【未来科技有限公司】 Python开发工程师
2022年11月 - 2024年8月
    · 负责公司Python开发工程师相关业务的开发与维护，参与需求评审
    · 承担分配模块的编码、测试与优化工作，保障系统稳定运行

【卓望软件有限公司】 Python开发工程师
2020年6月 - 2022年11月
    · 负责公司Python开发工程师相关业务的开发与维护，参与需求评审
    · 承担分配模块的编码、测试与优化工作，保障系统稳定运行
    · 对接产品、测试团队，跟进需求落地与缺陷修复","■ 自动化运维平台
  项目目标：开发运维管理平台，实现服务器批量管理
  个人职责：负责监控、告警、任务调度模块后端开发
  项目成果：管理服务器200+，运维人力成本降低50%

■ 数据采集爬虫系统
  项目目标：搭建分布式爬虫平台，采集多渠道公开数据
  个人职责：负责反爬策略破解、数据清洗、入库逻辑开发
  项目成果：日均采集数据50万条，数据准确率98%以上","专业技能：MySQL、Python、Redis、Django、Celery、Git、爬虫、Flask、Linux、MongoDB
相关证书：计算机二级",拥有7年行业经验，技术视野开阔，具备方案设计与项目把控能力；逻辑清晰，善于定位并解决复杂技术问题；具备良好的团队管理与跨部门沟通能力，能够推动技术优化与业务落地；责任心强，追求技术与业务的平衡发展。
何博文,男,13308350108,hebowen394@gmail.com,wx_hebowen_108,莆田,"期望岗位：数据分析师
期望城市：莆田
期望行业：互联网/信息技术/软件服务
期望薪资：面议",5年数据分析师从业经验，精通SQL技术架构，主导过中型项目从0到1落地，擅长技术方案设计与性能优化，曾推动核心模块技术重构，带来显著效率提升，具备跨部门协作与项目推进能力。,"浙江万里学院 | 通信工程 | 本科
毕业时间：2017年6月
核心课程：算法设计与分析、数字信号处理、数据结构、操作系统","【汇智互联网科技有限公司】 数据分析师
2025年2月 - 至今
    · 负责公司数据分析师相关业务的开发与维护，参与需求评审
    · 对接产品、测试团队，跟进需求落地与缺陷修复
    · 编写开发文档，沉淀技术规范，协助新人熟悉业务

【中软信息技术有限公司】 数据分析师
2024年4月 - 2025年7月
    · 对接产品、测试团队，跟进需求落地与缺陷修复
    · 承担分配模块的编码、测试与优化工作，保障系统稳定运行
    · 编写开发文档，沉淀技术规范，协助新人熟悉业务

【汇智网络科技有限公司】 数据分析师
2023年12月 - 2024年9月
    · 对接产品、测试团队，跟进需求落地与缺陷修复
    · 承担分配模块的编码、测试与优化工作，保障系统稳定运行
    · 编写开发文档，沉淀技术规范，协助新人熟悉业务","■ 用户行为分析看板
  项目目标：构建用户行为数据体系，支撑运营决策
  个人职责：负责数据清洗、指标体系搭建，输出可视化运营报表
  项目成果：输出15+核心运营指标，支撑每月3次运营优化，用户留存率提升8%

■ 销售数据预测建模
  项目目标：基于历史数据预测销量，指导库存与备货
  个人职责：数据预处理，构建时间序列预测模型，输出月度预测报告
  项目成果：预测准确率达89%，库存周转效率提升25%","专业技能：Tableau、Power BI、NumPy、Python、统计学、数据可视化、MySQL、Excel
相关证书：无",拥有5年行业经验，技术视野开阔，具备方案设计与项目把控能力；逻辑清晰，善于定位并解决复杂技术问题；具备良好的团队管理与跨部门沟通能力，能够推动技术优化与业务落地；责任心强，追求技术与业务的平衡发展。
彭雨桐,女,18286368761,peng雨tong49@qq.com,18957715012,莆田,"期望岗位：软件测试工程师
期望城市：莆田
期望行业：互联网/信息技术/软件服务
期望薪资：面议",6年软件测试工程师资深经验，精通全链路技术架构，具备团队技术规划与方案设计能力，主导过多个大型项目重构与升级，在高并发/系统稳定性领域有深厚积累，能够带领团队攻克技术难题，驱动业务技术升级。,"江西师范大学 | 数学与应用数学 | 本科
毕业时间：2016年6月
核心课程：数字信号处理、Python编程、算法设计与分析、机器学习","【vivo（东莞）】 软件测试工程师
2024年12月 - 至今
    · 承担分配模块的编码、测试与优化工作，保障系统稳定运行
    · 负责公司软件测试工程师相关业务的开发与维护，参与需求评审
    · 编写开发文档，沉淀技术规范，协助新人熟悉业务

【星图科技有限公司】 软件测试工程师
2022年4月 - 2024年7月
    · 承担分配模块的编码、测试与优化工作，保障系统稳定运行
    · 对接产品、测试团队，跟进需求落地与缺陷修复

【星图软件有限公司】 软件测试工程师
2020年3月 - 2022年10月
    · 编写开发文档，沉淀技术规范，协助新人熟悉业务
    · 对接产品、测试团队，跟进需求落地与缺陷修复","■ 电商平台功能测试
  项目目标：保障电商系统上线质量，覆盖全业务流程
  个人职责：设计测试用例，执行功能、回归测试，提交缺陷报告
  项目成果：发现并修复120+缺陷，上线后线上缺陷率低于0.5%

■ 自动化测试框架搭建
  项目目标：提升回归测试效率，减少人工重复劳动
  个人职责：基于Selenium搭建UI自动化框架，编写核心模块测试脚本
  项目成果：回归测试周期从7天缩短至2天，覆盖率达85%","专业技能：Postman、TestNG、性能测试、接口测试、Selenium、MySQL、Appium、Python
相关证书：无",拥有6年行业经验，技术视野开阔，具备方案设计与项目把控能力；逻辑清晰，善于定位并解决复杂技术问题；具备良好的团队管理与跨部门沟通能力，能够推动技术优化与业务落地；责任心强，追求技术与业务的平衡发展。
汤鑫,男,18220546477,tangxin206@qq.com,13611586544,厦门,"期望岗位：运维工程师
期望城市：厦门
期望行业：互联网/信息技术/软件服务
期望薪资：面议",本科计算机应用技术专业应届毕业生，有0段运维工程师实习经验，掌握网络运维技术栈，参与过实习项目开发，具备良好的代码规范与团队协作意识，能够快速上手业务，期望正式入职发展。,"集美大学 | 计算机应用技术 | 本科
毕业时间：2022年6月
核心课程：计算机网络、机器学习、软件工程、数据库原理","【阿里巴巴（福州分公司）】 运维工程师（实习）
2022年9月 - 至今
    · 对接产品、测试团队，跟进需求落地与缺陷修复
    · 负责公司运维工程师相关业务的开发与维护，参与需求评审
    · 承担分配模块的编码、测试与优化工作，保障系统稳定运行","■ 实验室服务器搭建实训
  项目目标：搭建实验室Linux服务器环境
  个人职责：负责系统安装、网络配置、基础服务部署
  项目成果：完成3台服务器环境搭建

■ 简单监控脚本开发
  项目目标：编写服务器状态监控脚本
  个人职责：实现CPU、内存、磁盘使用率自动采集
  项目成果：支持异常邮件告警","专业技能：Redis、Ansible、Nginx、Prometheus、Kubernetes
相关证书：无",有实习经验，熟悉开发基本流程，具备基础的项目实践能力；学习能力强，能够快速上手新业务新技术；工作踏实，责任心强，善于沟通协作，能够高效完成分配的工作任务。
侯璐,女,13429589761,houlu2358@gmail.com,15549495784,深圳,"期望岗位：后端开发工程师
期望城市：深圳
期望行业：互联网/信息技术/软件服务
期望薪资：面议",专科电子信息工程专业应届毕业生，掌握MySQL、Java基础技能，完成过课程设计与毕业项目，具备基础代码编写能力与问题排查思路，学习能力强，做事认真踏实，期望从事后端开发工程师相关工作。,"江西交通职业技术学院 | 电子信息工程 | 专科
毕业时间：2022年6月
核心课程：软件工程、数据结构、机器学习、数据库原理","【校园实践】
    · 参与学校计算机协会技术部，负责协会网站日常维护
    · 协助老师完成实验室设备管理与系统环境搭建
    · 参与班级课程设计小组，担任后端开发角色","■ 简单论坛系统
  项目目标：实现帖子发布、回复、板块管理
  个人职责：负责后端服务开发与接口文档编写
  项目成果：支持百人同时在线访问","专业技能：Kafka、PostgreSQL、微服务、Docker、Java、Go
相关证书：计算机二级",应届毕业，具备扎实的专业基础知识与学习能力，能够快速掌握新技术；工作态度认真负责，有耐心，注重细节；具备良好的团队意识与沟通能力，能够积极配合团队完成任务；期望在工作中积累经验，快速成长。
闫佳怡,女,18200543229,yanjiayi523@126.com,18753253378,珠海,"期望岗位：软件测试工程师
期望城市：珠海
期望行业：互联网/信息技术/软件服务
期望薪资：面议",专科计算机科学与技术专业应届毕业生，掌握TestNG、TestNG基础技能，完成过课程设计与毕业项目，具备基础代码编写能力与问题排查思路，学习能力强，做事认真踏实，期望从事软件测试工程师相关工作。,"厦门海洋职业技术学院 | 计算机科学与技术 | 专科
毕业时间：2022年6月
核心课程：操作系统、软件工程、Java程序设计、计算机网络","【校园实践】
    · 参与学校计算机协会技术部，负责协会网站日常维护
    · 协助老师完成实验室设备管理与系统环境搭建
    · 参与班级课程设计小组，担任后端开发角色","■ 网页兼容性测试实训
  项目目标：对多个网站进行浏览器兼容测试
  个人职责：制定测试方案，输出测试报告
  项目成果：覆盖5款主流浏览器","专业技能：Selenium、测试用例设计、Postman、性能测试、JMeter、缺陷管理
相关证书：无",应届毕业，具备扎实的专业基础知识与学习能力，能够快速掌握新技术；工作态度认真负责，有耐心，注重细节；具备良好的团队意识与沟通能力，能够积极配合团队完成任务；期望在工作中积累经验，快速成长。
廖雨萱,女,18235537730,liao雨xuan35@outlook.com,wx_liao雨xuan_413,南昌,"期望岗位：Python开发工程师
期望城市：南昌
期望行业：互联网/信息技术/软件服务
期望薪资：面议",4年Python开发工程师从业经验，精通Flask技术架构，主导过中型项目从0到1落地，擅长技术方案设计与性能优化，曾推动核心模块技术重构，带来显著效率提升，具备跨部门协作与项目推进能力。,"佛山科学技术学院 | 计算机应用技术 | 本科
毕业时间：2018年6月
核心课程：算法设计与分析、操作系统、软件工程、Java程序设计","【天擎互联网科技有限公司】 Python开发工程师
2024年5月 - 至今
    · 对接产品、测试团队，跟进需求落地与缺陷修复
    · 承担分配模块的编码、测试与优化工作，保障系统稳定运行
    · 编写开发文档，沉淀技术规范，协助新人熟悉业务

【金蝶软件有限公司】 Python开发工程师
2022年4月 - 2024年1月
    · 对接产品、测试团队，跟进需求落地与缺陷修复
    · 负责公司Python开发工程师相关业务的开发与维护，参与需求评审
    · 承担分配模块的编码、测试与优化工作，保障系统稳定运行","■ 数据采集爬虫系统
  项目目标：搭建分布式爬虫平台，采集多渠道公开数据
  个人职责：负责反爬策略破解、数据清洗、入库逻辑开发
  项目成果：日均采集数据50万条，数据准确率98%以上

■ 自动化运维平台
  项目目标：开发运维管理平台，实现服务器批量管理
  个人职责：负责监控、告警、任务调度模块后端开发
  项目成果：管理服务器200+，运维人力成本降低50%","专业技能：爬虫、Django、Docker、Redis、Flask、MySQL、MongoDB
相关证书：软件设计师（中级）、系统架构设计师、英语四级",拥有4年行业经验，技术视野开阔，具备方案设计与项目把控能力；逻辑清晰，善于定位并解决复杂技术问题；具备良好的团队管理与跨部门沟通能力，能够推动技术优化与业务落地；责任心强，追求技术与业务的平衡发展。
吕然,男,18858612334,lvran6006@163.com,wx_lvran_848,三明,"期望岗位：运维工程师
期望城市：三明
期望行业：互联网/信息技术/软件服务
期望薪资：面议",本科数字媒体技术专业应届毕业生，掌握Docker、Kubernetes基础技能，完成过课程设计与毕业项目，具备基础代码编写能力与问题排查思路，学习能力强，做事认真踏实，期望从事运维工程师相关工作。,"广东技术师范大学 | 数字媒体技术 | 本科
毕业时间：2022年6月
核心课程：算法设计与分析、数据结构、Python编程、操作系统","【校园实践】
    · 参与学校计算机协会技术部，负责协会网站日常维护
    · 协助老师完成实验室设备管理与系统环境搭建
    · 参与班级课程设计小组，担任后端开发角色","■ 实验室服务器搭建实训
  项目目标：搭建实验室Linux服务器环境
  个人职责：负责系统安装、网络配置、基础服务部署
  项目成果：完成3台服务器环境搭建","专业技能：Ansible、Docker、MySQL、Redis、Prometheus、网络运维
相关证书：无",应届毕业，具备扎实的专业基础知识与学习能力，能够快速掌握新技术；工作态度认真负责，有耐心，注重细节；具备良好的团队意识与沟通能力，能够积极配合团队完成任务；期望在工作中积累经验，快速成长。
钟平,男,18045126672,zhongping3510@gmail.com,18180300518,福州,"期望岗位：前端开发工程师
期望城市：福州
期望行业：互联网/信息技术/软件服务
期望薪资：面议",3年前端开发工程师从业经验，精通CSS3技术架构，主导过中型项目从0到1落地，擅长技术方案设计与性能优化，曾推动核心模块技术重构，带来显著效率提升，具备跨部门协作与项目推进能力。,"集美大学 | 网络工程 | 本科
毕业时间：2019年6月
核心课程：数字信号处理、计算机网络、Python编程、Java程序设计","【中软互联网科技有限公司】 前端开发工程师
2025年3月 - 至今
    · 对接产品、测试团队，跟进需求落地与缺陷修复
    · 承担分配模块的编码、测试与优化工作，保障系统稳定运行

【卓望信息技术有限公司】 前端开发工程师
2024年8月 - 2025年8月
    · 对接产品、测试团队，跟进需求落地与缺陷修复
    · 负责公司前端开发工程师相关业务的开发与维护，参与需求评审","■ 企业后台管理系统
  项目目标：搭建企业运营管理后台，实现业务数据可视化
  个人职责：负责权限管理、数据报表模块开发，对接后端接口联调
  项目成果：覆盖12个业务部门，运营效率提升40%

■ 电商平台前端重构
  项目目标：升级旧版电商系统前端架构，提升用户体验与加载速度
  个人职责：负责商品详情页、购物车模块开发，组件化封装公共组件
  项目成果：首屏加载时间从3.2s降至1.8s，页面转化率提升12%","专业技能：HTML5、JavaScript、Vue、移动端适配、Vite、Element UI、Webpack、CSS3、TypeScript、React
相关证书：无",拥有3年行业经验，技术视野开阔，具备方案设计与项目把控能力；逻辑清晰，善于定位并解决复杂技术问题；具备良好的团队管理与跨部门沟通能力，能够推动技术优化与业务落地；责任心强，追求技术与业务的平衡发展。
何博,男,18560225272,hebo8819@126.com,wx_hebo_577,厦门,"期望岗位：软件测试工程师
期望城市：厦门
期望行业：互联网/信息技术/软件服务
期望薪资：面议",专科网络工程专业应届毕业生，有1段软件测试工程师实习经验，掌握TestNG技术栈，参与过实习项目开发，具备良好的代码规范与团队协作意识，能够快速上手业务，期望正式入职发展。,"泉州经贸职业技术学院 | 网络工程 | 专科
毕业时间：2021年6月
核心课程：数据结构、机器学习、数据库原理、软件工程","【未来科技有限公司】 软件测试工程师（实习）
2025年1月 - 至今
    · 承担分配模块的编码、测试与优化工作，保障系统稳定运行
    · 编写开发文档，沉淀技术规范，协助新人熟悉业务","■ 网页兼容性测试实训
  项目目标：对多个网站进行浏览器兼容测试
  个人职责：制定测试方案，输出测试报告
  项目成果：覆盖5款主流浏览器

■ 学生管理系统功能测试
  项目目标：对课程设计系统进行功能测试与缺陷提交
  个人职责：设计测试用例，执行黑盒测试
  项目成果：发现并提交8个功能缺陷","专业技能：缺陷管理、Python、Selenium、性能测试、MySQL、Appium、测试用例设计
相关证书：计算机一级、PMP项目管理专业人士",有实习经验，熟悉开发基本流程，具备基础的项目实践能力；学习能力强，能够快速上手新业务新技术；工作踏实，责任心强，善于沟通协作，能够高效完成分配的工作任务。
孙博文,男,17648917229,sunbowen85@gmail.com,18072256865,漳州,"期望岗位：数据分析师
期望城市：漳州
期望行业：互联网/信息技术/软件服务
期望薪资：面议",本科计算机科学与技术专业应届毕业生，掌握统计学、Power BI基础技能，完成过课程设计与毕业项目，具备基础代码编写能力与问题排查思路，学习能力强，做事认真踏实，期望从事数据分析师相关工作。,"中山大学 | 计算机科学与技术 | 本科
毕业时间：2022年6月
核心课程：软件工程、数字信号处理、机器学习、数据结构","【校园实践】
    · 参与学校计算机协会技术部，负责协会网站日常维护
    · 协助老师完成实验室设备管理与系统环境搭建
    · 参与班级课程设计小组，担任后端开发角色","■ 电商公开数据爬取分析
  项目目标：采集公开电商商品数据并分析
  个人职责：数据爬取、清洗、价格销量分析
  项目成果：输出可视化分析图表","专业技能：用户分析、数据可视化、MySQL、Excel、Power BI
相关证书：计算机二级",应届毕业，具备扎实的专业基础知识与学习能力，能够快速掌握新技术；工作态度认真负责，有耐心，注重细节；具备良好的团队意识与沟通能力，能够积极配合团队完成任务；期望在工作中积累经验，快速成长。
郭思琪,女,13505511710,guosiqi9827@gmail.com,18849969968,宁德,"期望岗位：数据分析师
期望城市：宁德
期望行业：互联网/信息技术/软件服务
期望薪资：面议",6年数据分析师资深经验，精通全链路技术架构，具备团队技术规划与方案设计能力，主导过多个大型项目重构与升级，在高并发/系统稳定性领域有深厚积累，能够带领团队攻克技术难题，驱动业务技术升级。,"厦门海洋职业技术学院 | 计算机科学与技术 | 专科
毕业时间：2016年6月
核心课程：Python编程、Java程序设计、计算机网络、机器学习","【天擎科技有限公司】 数据分析师
2024年11月 - 至今
    · 承担分配模块的编码、测试与优化工作，保障系统稳定运行
    · 对接产品、测试团队，跟进需求落地与缺陷修复

【智联互联网科技有限公司】 数据分析师
2022年4月 - 2024年3月
    · 编写开发文档，沉淀技术规范，协助新人熟悉业务
    · 承担分配模块的编码、测试与优化工作，保障系统稳定运行
    · 对接产品、测试团队，跟进需求落地与缺陷修复

【星图网络科技有限公司】 数据分析师
2020年7月 - 2022年11月
    · 编写开发文档，沉淀技术规范，协助新人熟悉业务
    · 承担分配模块的编码、测试与优化工作，保障系统稳定运行
    · 对接产品、测试团队，跟进需求落地与缺陷修复","■ 销售数据预测建模
  项目目标：基于历史数据预测销量，指导库存与备货
  个人职责：数据预处理，构建时间序列预测模型，输出月度预测报告
  项目成果：预测准确率达89%，库存周转效率提升25%

■ 用户行为分析看板
  项目目标：构建用户行为数据体系，支撑运营决策
  个人职责：负责数据清洗、指标体系搭建，输出可视化运营报表
  项目成果：输出15+核心运营指标，支撑每月3次运营优化，用户留存率提升8%","专业技能：MySQL、Tableau、Hive、SQL、Python、数据可视化、NumPy、Pandas
相关证书：英语四级、软件设计师（中级）",拥有6年行业经验，技术视野开阔，具备方案设计与项目把控能力；逻辑清晰，善于定位并解决复杂技术问题；具备良好的团队管理与跨部门沟通能力，能够推动技术优化与业务落地；责任心强，追求技术与业务的平衡发展。
邓思远,男,15820046267,dengsiyuan0659@163.com,wx_dengsiyuan_149,福州,"期望岗位：Python开发工程师
期望城市：福州
期望行业：互联网/信息技术/软件服务
期望薪资：面议",专科计算机科学与技术专业应届毕业生，掌握Django、Django基础技能，完成过课程设计与毕业项目，具备基础代码编写能力与问题排查思路，学习能力强，做事认真踏实，期望从事Python开发工程师相关工作。,"南京工业职业技术大学 | 计算机科学与技术 | 专科
毕业时间：2022年6月
核心课程：数据库原理、Java程序设计、数据结构、软件工程","【校园实践】
    · 参与学校计算机协会技术部，负责协会网站日常维护
    · 协助老师完成实验室设备管理与系统环境搭建
    · 参与班级课程设计小组，担任后端开发角色","■ 自动化办公脚本
  项目目标：批量处理Excel表格数据
  个人职责：实现数据合并、格式转换、自动统计
  项目成果：提升人工效率80%","专业技能：Celery、MongoDB、MySQL、Django、Flask、FastAPI
相关证书：计算机一级、系统架构设计师",应届毕业，具备扎实的专业基础知识与学习能力，能够快速掌握新技术；工作态度认真负责，有耐心，注重细节；具备良好的团队意识与沟通能力，能够积极配合团队完成任务；期望在工作中积累经验，快速成长。
郝娜,女,15965913207,haona6598@outlook.com,18565619187,苏州,"期望岗位：软件测试工程师
期望城市：苏州
期望行业：互联网/信息技术/软件服务
期望薪资：面议",专科物联网工程专业应届毕业生，掌握MySQL、TestNG基础技能，完成过课程设计与毕业项目，具备基础代码编写能力与问题排查思路，学习能力强，做事认真踏实，期望从事软件测试工程师相关工作。,"深圳职业技术学院 | 物联网工程 | 专科
毕业时间：2022年6月
核心课程：操作系统、数字信号处理、数据结构、软件工程","【校园实践】
    · 参与学校计算机协会技术部，负责协会网站日常维护
    · 协助老师完成实验室设备管理与系统环境搭建
    · 参与班级课程设计小组，担任后端开发角色","■ 学生管理系统功能测试
  项目目标：对课程设计系统进行功能测试与缺陷提交
  个人职责：设计测试用例，执行黑盒测试
  项目成果：发现并提交8个功能缺陷","专业技能：缺陷管理、测试用例设计、Appium、MySQL、Postman、接口测试、JMeter
相关证书：英语四级",应届毕业，具备扎实的专业基础知识与学习能力，能够快速掌握新技术；工作态度认真负责，有耐心，注重细节；具备良好的团队意识与沟通能力，能够积极配合团队完成任务；期望在工作中积累经验，快速成长。
崔莉,女,18890347080,cuili6889@126.com,15680890748,南京,"期望岗位：后端开发工程师
期望城市：南京
期望行业：互联网/信息技术/软件服务
期望薪资：面议",3年后端开发工程师工作经验，精通PostgreSQL、MySQL技术栈，参与过完整项目迭代，能够独立完成模块开发与问题排查，注重代码质量与开发效率，具备良好的沟通协作能力。,"佛山科学技术学院 | 软件工程 | 本科
毕业时间：2019年6月
核心课程：软件工程、Python编程、Java程序设计、机器学习","【字节跳动（厦门分公司）】 后端开发工程师
2025年6月 - 至今
    · 编写开发文档，沉淀技术规范，协助新人熟悉业务
    · 承担分配模块的编码、测试与优化工作，保障系统稳定运行
    · 对接产品、测试团队，跟进需求落地与缺陷修复

【汇智数据技术有限公司】 后端开发工程师
2024年6月 - 2025年3月
    · 承担分配模块的编码、测试与优化工作，保障系统稳定运行
    · 编写开发文档，沉淀技术规范，协助新人熟悉业务
    · 负责公司后端开发工程师相关业务的开发与维护，参与需求评审","■ 内容管理系统后端
  项目目标：搭建CMS系统后端服务，支持多站点内容发布
  个人职责：负责文章、栏目、权限模块接口开发，设计数据库表结构
  项目成果：支撑8个站点同时运营，内容发布效率提升3倍

■ 即时通讯服务开发
  项目目标：实现企业内部IM系统后端消息推送与存储
  个人职责：负责消息队列、离线消息、会话管理模块开发
  项目成果：支持万人同时在线，消息送达延迟低于100ms","专业技能：Gin、Kafka、K8s、Go、Python、PostgreSQL、MySQL、Docker
相关证书：软考中级",拥有3年实际工作经验，技术功底扎实，熟悉完整开发流程；具备较强的问题解决能力，能够独立排查并解决常见技术问题；工作认真负责，注重团队协作，能够高效推进项目落地；持续学习，保持技术敏感度。
崔平,男,13494248451,cuiping176@gmail.com,wx_cuiping_716,杭州,"期望岗位：软件测试工程师
期望城市：杭州
期望行业：互联网/信息技术/软件服务
期望薪资：面议",本科计算机科学与技术专业应届毕业生，有1段软件测试工程师实习经验，掌握Appium技术栈，参与过实习项目开发，具备良好的代码规范与团队协作意识，能够快速上手业务，期望正式入职发展。,"南京工程学院 | 计算机科学与技术 | 本科
毕业时间：2021年6月
核心课程：数字信号处理、Java程序设计、软件工程、Python编程","【未来信息技术有限公司】 软件测试工程师（实习）
2025年8月 - 至今
    · 承担分配模块的编码、测试与优化工作，保障系统稳定运行
    · 负责公司软件测试工程师相关业务的开发与维护，参与需求评审
    · 对接产品、测试团队，跟进需求落地与缺陷修复","■ 网页兼容性测试实训
  项目目标：对多个网站进行浏览器兼容测试
  个人职责：制定测试方案，输出测试报告
  项目成果：覆盖5款主流浏览器

■ 学生管理系统功能测试
  项目目标：对课程设计系统进行功能测试与缺陷提交
  个人职责：设计测试用例，执行黑盒测试
  项目成果：发现并提交8个功能缺陷","专业技能：Appium、功能测试、性能测试、测试用例设计
相关证书：华为HCIA认证、计算机二级",有实习经验，熟悉开发基本流程，具备基础的项目实践能力；学习能力强，能够快速上手新业务新技术；工作踏实，责任心强，善于沟通协作，能够高效完成分配的工作任务。
钱天佑,男,15546262612,qian天you206@outlook.com,wx_qian天you_384,龙岩,"期望岗位：数据分析师
期望城市：龙岩
期望行业：互联网/信息技术/软件服务
期望薪资：面议",2年数据分析师工作经验，精通用户分析、Excel技术栈，参与过完整项目迭代，能够独立完成模块开发与问题排查，注重代码质量与开发效率，具备良好的沟通协作能力。,"福建农林大学 | 通信工程 | 本科
毕业时间：2020年6月
核心课程：软件工程、计算机网络、数据库原理、算法设计与分析","【信雅互联网科技有限公司】 数据分析师
2025年2月 - 至今
    · 对接产品、测试团队，跟进需求落地与缺陷修复
    · 编写开发文档，沉淀技术规范，协助新人熟悉业务
    · 负责公司数据分析师相关业务的开发与维护，参与需求评审

【卓望软件有限公司】 数据分析师
2024年4月 - 2025年3月
    · 负责公司数据分析师相关业务的开发与维护，参与需求评审
    · 承担分配模块的编码、测试与优化工作，保障系统稳定运行","■ 用户行为分析看板
  项目目标：构建用户行为数据体系，支撑运营决策
  个人职责：负责数据清洗、指标体系搭建，输出可视化运营报表
  项目成果：输出15+核心运营指标，支撑每月3次运营优化，用户留存率提升8%

■ 销售数据预测建模
  项目目标：基于历史数据预测销量，指导库存与备货
  个人职责：数据预处理，构建时间序列预测模型，输出月度预测报告
  项目成果：预测准确率达89%，库存周转效率提升25%","专业技能：统计学、Power BI、Python、Hive、NumPy、数据可视化
相关证书：软考中级",拥有2年实际工作经验，技术功底扎实，熟悉完整开发流程；具备较强的问题解决能力，能够独立排查并解决常见技术问题；工作认真负责，注重团队协作，能够高效推进项目落地；持续学习，保持技术敏感度。
苏杰,男,13650315017,sujie2650@163.com,wx_sujie_336,佛山,"期望岗位：运维工程师
期望城市：佛山
期望行业：互联网/信息技术/软件服务
期望薪资：面议",1年运维工程师工作经验，精通Linux、Prometheus技术栈，参与过完整项目迭代，能够独立完成模块开发与问题排查，注重代码质量与开发效率，具备良好的沟通协作能力。,"广东技术师范大学 | 物联网工程 | 本科
毕业时间：2021年6月
核心课程：操作系统、Python编程、数据结构、数据库原理","【OPPO（东莞）】 运维工程师
2025年6月 - 至今
    · 对接产品、测试团队，跟进需求落地与缺陷修复
    · 负责公司运维工程师相关业务的开发与维护，参与需求评审
    · 编写开发文档，沉淀技术规范，协助新人熟悉业务","■ CI/CD自动化流水线
  项目目标：实现代码自动化构建、测试、部署，提升发布效率
  个人职责：基于Jenkins搭建持续集成流水线，配置Docker容器化部署
  项目成果：发布周期从每周1次提升至每天3次，部署失误率降为0

■ 服务器集群运维优化
  项目目标：提升服务器集群稳定性，降低故障发生率
  个人职责：负责日常巡检、故障排查，优化监控告警规则与分级策略
  项目成果：服务器故障率下降60%，平均故障响应时间缩短至15分钟","专业技能：Kubernetes、Prometheus、Zabbix、Docker、Redis、Linux
相关证书：红帽RHCE认证、英语六级",拥有1年实际工作经验，技术功底扎实，熟悉完整开发流程；具备较强的问题解决能力，能够独立排查并解决常见技术问题；工作认真负责，注重团队协作，能够高效推进项目落地；持续学习，保持技术敏感度。
宋阳,男,18282684579,songyang2712@outlook.com,wx_songyang_689,宁波,"期望岗位：前端开发工程师
期望城市：宁波
期望行业：互联网/信息技术/软件服务
期望薪资：面议",本科数据科学与大数据技术专业应届毕业生，掌握Vue、Vue基础技能，完成过课程设计与毕业项目，具备基础代码编写能力与问题排查思路，学习能力强，做事认真踏实，期望从事前端开发工程师相关工作。,"厦门大学 | 数据科学与大数据技术 | 本科
毕业时间：2022年6月
核心课程：机器学习、数据库原理、算法设计与分析、计算机网络","【校园实践】
    · 参与学校计算机协会技术部，负责协会网站日常维护
    · 协助老师完成实验室设备管理与系统环境搭建
    · 参与班级课程设计小组，担任后端开发角色","■ 个人博客系统（课程作业）
  项目目标：开发个人博客前端页面，实现文章展示与评论
  个人职责：负责页面布局、交互效果、接口联调
  项目成果：完成响应式页面，兼容多浏览器","专业技能：React、Vite、Ant Design、TypeScript
相关证书：英语六级、计算机二级、英语四级",应届毕业，具备扎实的专业基础知识与学习能力，能够快速掌握新技术；工作态度认真负责，有耐心，注重细节；具备良好的团队意识与沟通能力，能够积极配合团队完成任务；期望在工作中积累经验，快速成长。
张若曦,女,15776115620,zhang若xi48@126.com,wx_zhang若xi_764,广州,"期望岗位：数据分析师
期望城市：广州
期望行业：互联网/信息技术/软件服务
期望薪资：面议",本科电子信息工程专业应届毕业生，有0段数据分析师实习经验，掌握Excel技术栈，参与过实习项目开发，具备良好的代码规范与团队协作意识，能够快速上手业务，期望正式入职发展。,"福建农林大学 | 电子信息工程 | 本科
毕业时间：2022年6月
核心课程：算法设计与分析、Java程序设计、Python编程、数据结构","【云创科技有限公司】 数据分析师（实习）
2019年6月 - 至今
    · 对接产品、测试团队，跟进需求落地与缺陷修复
    · 承担分配模块的编码、测试与优化工作，保障系统稳定运行","■ 学生成绩数据分析
  项目目标：对班级期末成绩进行统计分析
  个人职责：数据清洗、可视化图表制作、结论输出
  项目成果：输出分析报告，提出3点教学建议

■ 电商公开数据爬取分析
  项目目标：采集公开电商商品数据并分析
  个人职责：数据爬取、清洗、价格销量分析
  项目成果：输出可视化分析图表","专业技能：Pandas、SQL、Tableau、MySQL
相关证书：无",有实习经验，熟悉开发基本流程，具备基础的项目实践能力；学习能力强，能够快速上手新业务新技术；工作踏实，责任心强，善于沟通协作，能够高效完成分配的工作任务。
雷军,男,15557002572,leijun800@outlook.com,wx_leijun_955,广州,"期望岗位：后端开发工程师
期望城市：广州
期望行业：互联网/信息技术/软件服务
期望薪资：面议",专科软件技术专业应届毕业生，掌握Go、微服务基础技能，完成过课程设计与毕业项目，具备基础代码编写能力与问题排查思路，学习能力强，做事认真踏实，期望从事后端开发工程师相关工作。,"南京工业职业技术大学 | 软件技术 | 专科
毕业时间：2022年6月
核心课程：软件工程、Java程序设计、数字信号处理、操作系统","【校园实践】
    · 参与学校计算机协会技术部，负责协会网站日常维护
    · 协助老师完成实验室设备管理与系统环境搭建
    · 参与班级课程设计小组，担任后端开发角色","■ 图书管理系统后端
  项目目标：实现图书借阅、归还、用户管理功能
  个人职责：负责接口开发与数据库表结构设计
  项目成果：完成核心功能，支持1000条数据量","专业技能：SpringBoot、K8s、Python、Docker、Kafka
相关证书：无",应届毕业，具备扎实的专业基础知识与学习能力，能够快速掌握新技术；工作态度认真负责，有耐心，注重细节；具备良好的团队意识与沟通能力，能够积极配合团队完成任务；期望在工作中积累经验，快速成长。
廖华,男,13994605867,liaohua893@gmail.com,18591337529,龙岩,"期望岗位：Java开发工程师
期望城市：龙岩
期望行业：互联网/信息技术/软件服务
期望薪资：面议",3年Java开发工程师工作经验，精通Java、SpringBoot技术栈，参与过完整项目迭代，能够独立完成模块开发与问题排查，注重代码质量与开发效率，具备良好的沟通协作能力。,"福建信息职业技术学院 | 计算机应用技术 | 专科
毕业时间：2019年6月
核心课程：Java程序设计、计算机网络、机器学习、数字信号处理","【微远数据技术有限公司】 Java开发工程师
2025年9月 - 至今
    · 负责公司Java开发工程师相关业务的开发与维护，参与需求评审
    · 对接产品、测试团队，跟进需求落地与缺陷修复

【锐捷数据技术有限公司】 Java开发工程师
2024年9月 - 2025年1月
    · 编写开发文档，沉淀技术规范，协助新人熟悉业务
    · 负责公司Java开发工程师相关业务的开发与维护，参与需求评审","■ 电商订单交易系统
  项目目标：搭建高可用电商订单系统，支撑大促流量峰值
  个人职责：负责订单创建、支付回调、库存扣减核心逻辑开发
  项目成果：支撑日均订单量10万+，系统可用性达99.95%

■ 微服务用户中心重构
  项目目标：将单体用户系统拆分为微服务架构，提升并发承载能力
  个人职责：负责登录、注册、权限模块开发，优化数据库查询与缓存策略
  项目成果：支持并发量从500提升至5000，接口响应耗时减少60%","专业技能：Java、SpringCloud、SpringBoot、Docker、Linux、MySQL、Redis
相关证书：PMP项目管理专业人士",拥有3年实际工作经验，技术功底扎实，熟悉完整开发流程；具备较强的问题解决能力，能够独立排查并解决常见技术问题；工作认真负责，注重团队协作，能够高效推进项目落地；持续学习，保持技术敏感度。
梁梓轩,男,15198587556,liang梓xuan8218@126.com,15107655611,南京,"期望岗位：运维工程师
期望城市：南京
期望行业：互联网/信息技术/软件服务
期望薪资：面议",5年运维工程师从业经验，精通Nginx技术架构，主导过中型项目从0到1落地，擅长技术方案设计与性能优化，曾推动核心模块技术重构，带来显著效率提升，具备跨部门协作与项目推进能力。,"东莞理工学院 | 软件技术 | 本科
毕业时间：2017年6月
核心课程：机器学习、数据结构、操作系统、计算机网络","【汇智数据技术有限公司】 运维工程师
2025年9月 - 至今
    · 编写开发文档，沉淀技术规范，协助新人熟悉业务
    · 负责公司运维工程师相关业务的开发与维护，参与需求评审
    · 对接产品、测试团队，跟进需求落地与缺陷修复

【合众信息技术有限公司】 运维工程师
2024年6月 - 2025年2月
    · 负责公司运维工程师相关业务的开发与维护，参与需求评审
    · 对接产品、测试团队，跟进需求落地与缺陷修复

【启明信息技术有限公司】 运维工程师
2023年12月 - 2024年11月
    · 编写开发文档，沉淀技术规范，协助新人熟悉业务
    · 负责公司运维工程师相关业务的开发与维护，参与需求评审","■ CI/CD自动化流水线
  项目目标：实现代码自动化构建、测试、部署，提升发布效率
  个人职责：基于Jenkins搭建持续集成流水线，配置Docker容器化部署
  项目成果：发布周期从每周1次提升至每天3次，部署失误率降为0

■ 服务器集群运维优化
  项目目标：提升服务器集群稳定性，降低故障发生率
  个人职责：负责日常巡检、故障排查，优化监控告警规则与分级策略
  项目成果：服务器故障率下降60%，平均故障响应时间缩短至15分钟","专业技能：Redis、Docker、Ansible、Jenkins、MySQL、网络运维、Kubernetes、Zabbix
相关证书：无",拥有5年行业经验，技术视野开阔，具备方案设计与项目把控能力；逻辑清晰，善于定位并解决复杂技术问题；具备良好的团队管理与跨部门沟通能力，能够推动技术优化与业务落地；责任心强，追求技术与业务的平衡发展。
蔡健,男,13186666132,caijian84@outlook.com,13464815187,苏州,"期望岗位：后端开发工程师
期望城市：苏州
期望行业：互联网/信息技术/软件服务
期望薪资：面议",2年后端开发工程师工作经验，精通SpringBoot、Gin技术栈，参与过完整项目迭代，能够独立完成模块开发与问题排查，注重代码质量与开发效率，具备良好的沟通协作能力。,"暨南大学 | 计算机科学与技术 | 本科
毕业时间：2020年6月
核心课程：机器学习、Java程序设计、数据库原理、操作系统","【科创数据技术有限公司】 后端开发工程师
2025年5月 - 至今
    · 负责公司后端开发工程师相关业务的开发与维护，参与需求评审
    · 编写开发文档，沉淀技术规范，协助新人熟悉业务

【易联互联网科技有限公司】 后端开发工程师
2024年2月 - 2025年1月
    · 编写开发文档，沉淀技术规范，协助新人熟悉业务
    · 承担分配模块的编码、测试与优化工作，保障系统稳定运行
    · 对接产品、测试团队，跟进需求落地与缺陷修复","■ 内容管理系统后端
  项目目标：搭建CMS系统后端服务，支持多站点内容发布
  个人职责：负责文章、栏目、权限模块接口开发，设计数据库表结构
  项目成果：支撑8个站点同时运营，内容发布效率提升3倍

■ 即时通讯服务开发
  项目目标：实现企业内部IM系统后端消息推送与存储
  个人职责：负责消息队列、离线消息、会话管理模块开发
  项目成果：支持万人同时在线，消息送达延迟低于100ms","专业技能：Python、Kafka、Go、Redis、SpringBoot、Java、微服务
相关证书：软考中级",拥有2年实际工作经验，技术功底扎实，熟悉完整开发流程；具备较强的问题解决能力，能够独立排查并解决常见技术问题；工作认真负责，注重团队协作，能够高效推进项目落地；持续学习，保持技术敏感度。
邱敏,女,18731759393,qiumin85@gmail.com,18928566960,龙岩,"期望岗位：Java开发工程师
期望城市：龙岩
期望行业：互联网/信息技术/软件服务
期望薪资：面议",3年Java开发工程师从业经验，精通Linux技术架构，主导过中型项目从0到1落地，擅长技术方案设计与性能优化，曾推动核心模块技术重构，带来显著效率提升，具备跨部门协作与项目推进能力。,"闽南师范大学 | 电子信息工程 | 本科
毕业时间：2019年6月
核心课程：计算机网络、操作系统、Java程序设计、软件工程","【智联互联网科技有限公司】 Java开发工程师
2025年11月 - 至今
    · 编写开发文档，沉淀技术规范，协助新人熟悉业务
    · 承担分配模块的编码、测试与优化工作，保障系统稳定运行
    · 负责公司Java开发工程师相关业务的开发与维护，参与需求评审

【金蝶信息技术有限公司】 Java开发工程师
2024年8月 - 2025年2月
    · 编写开发文档，沉淀技术规范，协助新人熟悉业务
    · 对接产品、测试团队，跟进需求落地与缺陷修复
    · 承担分配模块的编码、测试与优化工作，保障系统稳定运行","■ 电商订单交易系统
  项目目标：搭建高可用电商订单系统，支撑大促流量峰值
  个人职责：负责订单创建、支付回调、库存扣减核心逻辑开发
  项目成果：支撑日均订单量10万+，系统可用性达99.95%

■ 微服务用户中心重构
  项目目标：将单体用户系统拆分为微服务架构，提升并发承载能力
  个人职责：负责登录、注册、权限模块开发，优化数据库查询与缓存策略
  项目成果：支持并发量从500提升至5000，接口响应耗时减少60%","专业技能：微服务、Redis、MyBatis、RabbitMQ、SpringCloud、Linux
相关证书：软考中级、英语四级",拥有3年行业经验，技术视野开阔，具备方案设计与项目把控能力；逻辑清晰，善于定位并解决复杂技术问题；具备良好的团队管理与跨部门沟通能力，能够推动技术优化与业务落地；责任心强，追求技术与业务的平衡发展。
谢磊,男,18832903793,xielei233@qq.com,wx_xielei_768,佛山,"期望岗位：Java开发工程师
期望城市：佛山
期望行业：互联网/信息技术/软件服务
期望薪资：面议",3年Java开发工程师从业经验，精通SpringBoot技术架构，主导过中型项目从0到1落地，擅长技术方案设计与性能优化，曾推动核心模块技术重构，带来显著效率提升，具备跨部门协作与项目推进能力。,"广东轻工职业技术学院 | 数字媒体技术 | 专科
毕业时间：2019年6月
核心课程：数据库原理、机器学习、Python编程、软件工程","【汇智信息技术有限公司】 Java开发工程师
2025年12月 - 至今
    · 对接产品、测试团队，跟进需求落地与缺陷修复
    · 承担分配模块的编码、测试与优化工作，保障系统稳定运行

【锐捷网络科技有限公司】 Java开发工程师
2024年1月 - 2025年4月
    · 编写开发文档，沉淀技术规范，协助新人熟悉业务
    · 承担分配模块的编码、测试与优化工作，保障系统稳定运行","■ 电商订单交易系统
  项目目标：搭建高可用电商订单系统，支撑大促流量峰值
  个人职责：负责订单创建、支付回调、库存扣减核心逻辑开发
  项目成果：支撑日均订单量10万+，系统可用性达99.95%

■ 微服务用户中心重构
  项目目标：将单体用户系统拆分为微服务架构，提升并发承载能力
  个人职责：负责登录、注册、权限模块开发，优化数据库查询与缓存策略
  项目成果：支持并发量从500提升至5000，接口响应耗时减少60%","专业技能：MySQL、Linux、Redis、SpringBoot、Git、MyBatis
相关证书：华为HCIA认证",拥有3年行业经验，技术视野开阔，具备方案设计与项目把控能力；逻辑清晰，善于定位并解决复杂技术问题；具备良好的团队管理与跨部门沟通能力，能够推动技术优化与业务落地；责任心强，追求技术与业务的平衡发展。
卢阳,男,15842840356,luyang7545@outlook.com,wx_luyang_686,宁波,"期望岗位：算法工程师
期望城市：宁波
期望行业：互联网/信息技术/软件服务
期望薪资：面议",5年算法工程师从业经验，精通数据结构技术架构，主导过中型项目从0到1落地，擅长技术方案设计与性能优化，曾推动核心模块技术重构，带来显著效率提升，具备跨部门协作与项目推进能力。,"暨南大学 | 软件技术 | 本科
毕业时间：2017年6月
核心课程：数据结构、算法设计与分析、Java程序设计、Python编程","【启明科技有限公司】 算法工程师
2025年4月 - 至今
    · 负责公司算法工程师相关业务的开发与维护，参与需求评审
    · 编写开发文档，沉淀技术规范，协助新人熟悉业务
    · 对接产品、测试团队，跟进需求落地与缺陷修复

【新科科技有限公司】 算法工程师
2024年12月 - 2025年10月
    · 负责公司算法工程师相关业务的开发与维护，参与需求评审
    · 对接产品、测试团队，跟进需求落地与缺陷修复

【启明软件有限公司】 算法工程师
2023年12月 - 2024年4月
    · 负责公司算法工程师相关业务的开发与维护，参与需求评审
    · 承担分配模块的编码、测试与优化工作，保障系统稳定运行
    · 编写开发文档，沉淀技术规范，协助新人熟悉业务","■ 个性化推荐系统
  项目目标：提升内容推荐精准度，增加用户停留时长
  个人职责：负责协同过滤、深度学习推荐模型开发与离线优化
  项目成果：用户平均停留时长提升25%，点击率提升15%

■ 风控欺诈识别模型
  项目目标：识别交易欺诈行为，降低资金损失风险
  个人职责：特征工程，构建XGBoost风控模型，在线部署与迭代
  项目成果：欺诈识别准确率达92%，每年减少损失超200万","专业技能：数据结构、NLP、特征工程、算法优化、机器学习、深度学习、推荐算法、Python、PyTorch
相关证书：软考中级",拥有5年行业经验，技术视野开阔，具备方案设计与项目把控能力；逻辑清晰，善于定位并解决复杂技术问题；具备良好的团队管理与跨部门沟通能力，能够推动技术优化与业务落地；责任心强，追求技术与业务的平衡发展。
宋雨萱,女,18493868875,song雨xuan983@163.com,wx_song雨xuan_504,深圳,"期望岗位：运维工程师
期望城市：深圳
期望行业：互联网/信息技术/软件服务
期望薪资：面议",本科计算机应用技术专业应届毕业生，有0段运维工程师实习经验，掌握Kubernetes技术栈，参与过实习项目开发，具备良好的代码规范与团队协作意识，能够快速上手业务，期望正式入职发展。,"泉州师范学院 | 计算机应用技术 | 本科
毕业时间：2022年6月
核心课程：计算机网络、操作系统、数据结构、算法设计与分析","【小米（南京分公司）】 运维工程师（实习）
2019年1月 - 至今
    · 负责公司运维工程师相关业务的开发与维护，参与需求评审
    · 承担分配模块的编码、测试与优化工作，保障系统稳定运行
    · 编写开发文档，沉淀技术规范，协助新人熟悉业务","■ 实验室服务器搭建实训
  项目目标：搭建实验室Linux服务器环境
  个人职责：负责系统安装、网络配置、基础服务部署
  项目成果：完成3台服务器环境搭建

■ 简单监控脚本开发
  项目目标：编写服务器状态监控脚本
  个人职责：实现CPU、内存、磁盘使用率自动采集
  项目成果：支持异常邮件告警","专业技能：MySQL、Prometheus、Redis、Docker、Jenkins、Linux、Shell
相关证书：计算机一级、计算机二级、英语六级",有实习经验，熟悉开发基本流程，具备基础的项目实践能力；学习能力强，能够快速上手新业务新技术；工作踏实，责任心强，善于沟通协作，能够高效完成分配的工作任务。
余华,男,15171542860,yuhua504@outlook.com,wx_yuhua_548,南平,"期望岗位：软件测试工程师
期望城市：南平
期望行业：互联网/信息技术/软件服务
期望薪资：面议",1年软件测试工程师工作经验，精通TestNG、Selenium技术栈，参与过完整项目迭代，能够独立完成模块开发与问题排查，注重代码质量与开发效率，具备良好的沟通协作能力。,"东莞理工学院 | 数据科学与大数据技术 | 本科
毕业时间：2021年6月
核心课程：Python编程、数据库原理、机器学习、操作系统","【中软互联网科技有限公司】 软件测试工程师
2025年6月 - 至今
    · 负责公司软件测试工程师相关业务的开发与维护，参与需求评审
    · 对接产品、测试团队，跟进需求落地与缺陷修复","■ 自动化测试框架搭建
  项目目标：提升回归测试效率，减少人工重复劳动
  个人职责：基于Selenium搭建UI自动化框架，编写核心模块测试脚本
  项目成果：回归测试周期从7天缩短至2天，覆盖率达85%

■ 电商平台功能测试
  项目目标：保障电商系统上线质量，覆盖全业务流程
  个人职责：设计测试用例，执行功能、回归测试，提交缺陷报告
  项目成果：发现并修复120+缺陷，上线后线上缺陷率低于0.5%","专业技能：JMeter、MySQL、Postman、Appium、性能测试、TestNG、缺陷管理、Python、测试用例设计、接口测试
相关证书：软件设计师（中级）、系统架构设计师",拥有1年实际工作经验，技术功底扎实，熟悉完整开发流程；具备较强的问题解决能力，能够独立排查并解决常见技术问题；工作认真负责，注重团队协作，能够高效推进项目落地；持续学习，保持技术敏感度。
卢洋,男,18472345673,luyang200@163.com,13414183005,南昌,"期望岗位：前端开发工程师
期望城市：南昌
期望行业：互联网/信息技术/软件服务
期望薪资：面议",5年前端开发工程师资深经验，精通全链路技术架构，具备团队技术规划与方案设计能力，主导过多个大型项目重构与升级，在高并发/系统稳定性领域有深厚积累，能够带领团队攻克技术难题，驱动业务技术升级。,"浙江工业大学 | 物联网工程 | 本科
毕业时间：2017年6月
核心课程：数字信号处理、软件工程、Python编程、算法设计与分析","【数聚互联网科技有限公司】 前端开发工程师
2025年6月 - 至今
    · 编写开发文档，沉淀技术规范，协助新人熟悉业务
    · 对接产品、测试团队，跟进需求落地与缺陷修复

【东软科技有限公司】 前端开发工程师
2024年12月 - 2025年4月
    · 编写开发文档，沉淀技术规范，协助新人熟悉业务
    · 对接产品、测试团队，跟进需求落地与缺陷修复
    · 负责公司前端开发工程师相关业务的开发与维护，参与需求评审

【东软科技有限公司】 前端开发工程师
2023年3月 - 2024年8月
    · 负责公司前端开发工程师相关业务的开发与维护，参与需求评审
    · 承担分配模块的编码、测试与优化工作，保障系统稳定运行
    · 编写开发文档，沉淀技术规范，协助新人熟悉业务","■ 企业后台管理系统
  项目目标：搭建企业运营管理后台，实现业务数据可视化
  个人职责：负责权限管理、数据报表模块开发，对接后端接口联调
  项目成果：覆盖12个业务部门，运营效率提升40%

■ 电商平台前端重构
  项目目标：升级旧版电商系统前端架构，提升用户体验与加载速度
  个人职责：负责商品详情页、购物车模块开发，组件化封装公共组件
  项目成果：首屏加载时间从3.2s降至1.8s，页面转化率提升12%","专业技能：Vue、Vite、Element UI、移动端适配、TypeScript、Webpack、HTML5、React
相关证书：MySQL数据库认证",拥有5年行业经验，技术视野开阔，具备方案设计与项目把控能力；逻辑清晰，善于定位并解决复杂技术问题；具备良好的团队管理与跨部门沟通能力，能够推动技术优化与业务落地；责任心强，追求技术与业务的平衡发展。
黄欣,女,18729409813,huangxin5931@outlook.com,wx_huangxin_948,杭州,"期望岗位：软件测试工程师
期望城市：杭州
期望行业：互联网/信息技术/软件服务
期望薪资：面议",专科软件工程专业应届毕业生，有1段软件测试工程师实习经验，掌握性能测试技术栈，参与过实习项目开发，具备良好的代码规范与团队协作意识，能够快速上手业务，期望正式入职发展。,"苏州职业大学 | 软件工程 | 专科
毕业时间：2021年6月
核心课程：数据结构、数字信号处理、机器学习、操作系统","【启明软件有限公司】 软件测试工程师（实习）
2025年11月 - 至今
    · 承担分配模块的编码、测试与优化工作，保障系统稳定运行
    · 对接产品、测试团队，跟进需求落地与缺陷修复
    · 负责公司软件测试工程师相关业务的开发与维护，参与需求评审","■ 网页兼容性测试实训
  项目目标：对多个网站进行浏览器兼容测试
  个人职责：制定测试方案，输出测试报告
  项目成果：覆盖5款主流浏览器

■ 学生管理系统功能测试
  项目目标：对课程设计系统进行功能测试与缺陷提交
  个人职责：设计测试用例，执行黑盒测试
  项目成果：发现并提交8个功能缺陷","专业技能：Selenium、Python、功能测试、测试用例设计
相关证书：红帽RHCE认证",有实习经验，熟悉开发基本流程，具备基础的项目实践能力；学习能力强，能够快速上手新业务新技术；工作踏实，责任心强，善于沟通协作，能够高效完成分配的工作任务。
沈刚,男,18790430291,shengang647@gmail.com,18070052024,广州,"期望岗位：前端开发工程师
期望城市：广州
期望行业：互联网/信息技术/软件服务
期望薪资：面议",1年前端开发工程师工作经验，精通移动端适配、Ant Design技术栈，参与过完整项目迭代，能够独立完成模块开发与问题排查，注重代码质量与开发效率，具备良好的沟通协作能力。,"苏州职业大学 | 物联网工程 | 专科
毕业时间：2021年6月
核心课程：软件工程、Java程序设计、算法设计与分析、操作系统","【锐捷信息技术有限公司】 前端开发工程师
2025年3月 - 至今
    · 承担分配模块的编码、测试与优化工作，保障系统稳定运行
    · 对接产品、测试团队，跟进需求落地与缺陷修复","■ 电商平台前端重构
  项目目标：升级旧版电商系统前端架构，提升用户体验与加载速度
  个人职责：负责商品详情页、购物车模块开发，组件化封装公共组件
  项目成果：首屏加载时间从3.2s降至1.8s，页面转化率提升12%

■ 企业后台管理系统
  项目目标：搭建企业运营管理后台，实现业务数据可视化
  个人职责：负责权限管理、数据报表模块开发，对接后端接口联调
  项目成果：覆盖12个业务部门，运营效率提升40%","专业技能：HTML5、Webpack、CSS3、Vue、TypeScript、Vite、Element UI、React、Axios、移动端适配
相关证书：无",拥有1年实际工作经验，技术功底扎实，熟悉完整开发流程；具备较强的问题解决能力，能够独立排查并解决常见技术问题；工作认真负责，注重团队协作，能够高效推进项目落地；持续学习，保持技术敏感度。
蒋杰,男,15592980405,jiangjie607@163.com,wx_jiangjie_500,杭州,"期望岗位：软件测试工程师
期望城市：杭州
期望行业：互联网/信息技术/软件服务
期望薪资：面议",3年软件测试工程师从业经验，精通接口测试技术架构，主导过中型项目从0到1落地，擅长技术方案设计与性能优化，曾推动核心模块技术重构，带来显著效率提升，具备跨部门协作与项目推进能力。,"福建师范大学 | 物联网工程 | 本科
毕业时间：2019年6月
核心课程：数据库原理、数字信号处理、计算机网络、Java程序设计","【安硕信息技术有限公司】 软件测试工程师
2025年6月 - 至今
    · 对接产品、测试团队，跟进需求落地与缺陷修复
    · 承担分配模块的编码、测试与优化工作，保障系统稳定运行

【云创网络科技有限公司】 软件测试工程师
2024年3月 - 2025年6月
    · 编写开发文档，沉淀技术规范，协助新人熟悉业务
    · 对接产品、测试团队，跟进需求落地与缺陷修复","■ 电商平台功能测试
  项目目标：保障电商系统上线质量，覆盖全业务流程
  个人职责：设计测试用例，执行功能、回归测试，提交缺陷报告
  项目成果：发现并修复120+缺陷，上线后线上缺陷率低于0.5%

■ 自动化测试框架搭建
  项目目标：提升回归测试效率，减少人工重复劳动
  个人职责：基于Selenium搭建UI自动化框架，编写核心模块测试脚本
  项目成果：回归测试周期从7天缩短至2天，覆盖率达85%","专业技能：缺陷管理、Selenium、性能测试、Python、JMeter、Postman、TestNG、测试用例设计、接口测试
相关证书：英语四级、计算机一级",拥有3年行业经验，技术视野开阔，具备方案设计与项目把控能力；逻辑清晰，善于定位并解决复杂技术问题；具备良好的团队管理与跨部门沟通能力，能够推动技术优化与业务落地；责任心强，追求技术与业务的平衡发展。
钟博文,男,13252848334,zhongbowen063@outlook.com,wx_zhongbowen_548,珠海,"期望岗位：前端开发工程师
期望城市：珠海
期望行业：互联网/信息技术/软件服务
期望薪资：面议",2年前端开发工程师工作经验，精通Vite、Axios技术栈，参与过完整项目迭代，能够独立完成模块开发与问题排查，注重代码质量与开发效率，具备良好的沟通协作能力。,"江西交通职业技术学院 | 软件工程 | 专科
毕业时间：2020年6月
核心课程：Python编程、数字信号处理、机器学习、数据库原理","【OPPO（东莞）】 前端开发工程师
2025年10月 - 至今
    · 负责公司前端开发工程师相关业务的开发与维护，参与需求评审
    · 编写开发文档，沉淀技术规范，协助新人熟悉业务

【新科数据技术有限公司】 前端开发工程师
2024年2月 - 2025年1月
    · 编写开发文档，沉淀技术规范，协助新人熟悉业务
    · 承担分配模块的编码、测试与优化工作，保障系统稳定运行","■ 企业后台管理系统
  项目目标：搭建企业运营管理后台，实现业务数据可视化
  个人职责：负责权限管理、数据报表模块开发，对接后端接口联调
  项目成果：覆盖12个业务部门，运营效率提升40%

■ 电商平台前端重构
  项目目标：升级旧版电商系统前端架构，提升用户体验与加载速度
  个人职责：负责商品详情页、购物车模块开发，组件化封装公共组件
  项目成果：首屏加载时间从3.2s降至1.8s，页面转化率提升12%","专业技能：Vite、TypeScript、Element UI、移动端适配、HTML5、CSS3、JavaScript
相关证书：PMP项目管理专业人士",拥有2年实际工作经验，技术功底扎实，熟悉完整开发流程；具备较强的问题解决能力，能够独立排查并解决常见技术问题；工作认真负责，注重团队协作，能够高效推进项目落地；持续学习，保持技术敏感度。
贾梓涵,女,18132346749,jia梓han629@outlook.com,wx_jia梓han_434,厦门,"期望岗位：Python开发工程师
期望城市：厦门
期望行业：互联网/信息技术/软件服务
期望薪资：面议",1年Python开发工程师工作经验，精通爬虫、Redis技术栈，参与过完整项目迭代，能够独立完成模块开发与问题排查，注重代码质量与开发效率，具备良好的沟通协作能力。,"浙江大学 | 计算机应用技术 | 本科
毕业时间：2021年6月
核心课程：操作系统、数据库原理、机器学习、Java程序设计","【东软软件有限公司】 Python开发工程师
2025年10月 - 至今
    · 对接产品、测试团队，跟进需求落地与缺陷修复
    · 承担分配模块的编码、测试与优化工作，保障系统稳定运行
    · 负责公司Python开发工程师相关业务的开发与维护，参与需求评审","■ 自动化运维平台
  项目目标：开发运维管理平台，实现服务器批量管理
  个人职责：负责监控、告警、任务调度模块后端开发
  项目成果：管理服务器200+，运维人力成本降低50%

■ 数据采集爬虫系统
  项目目标：搭建分布式爬虫平台，采集多渠道公开数据
  个人职责：负责反爬策略破解、数据清洗、入库逻辑开发
  项目成果：日均采集数据50万条，数据准确率98%以上","专业技能：Redis、Linux、MySQL、Celery、MongoDB、Python、爬虫
相关证书：软考中级、阿里云ACP云计算认证、计算机二级",拥有1年实际工作经验，技术功底扎实，熟悉完整开发流程；具备较强的问题解决能力，能够独立排查并解决常见技术问题；工作认真负责，注重团队协作，能够高效推进项目落地；持续学习，保持技术敏感度。
谢峰,男,13398031513,xiefeng3256@126.com,15916812294,南平,"期望岗位：软件测试工程师
期望城市：南平
期望行业：互联网/信息技术/软件服务
期望薪资：面议",4年软件测试工程师从业经验，精通测试用例设计技术架构，主导过中型项目从0到1落地，擅长技术方案设计与性能优化，曾推动核心模块技术重构，带来显著效率提升，具备跨部门协作与项目推进能力。,"佛山科学技术学院 | 通信工程 | 本科
毕业时间：2018年6月
核心课程：Java程序设计、操作系统、数据结构、软件工程","【腾讯（深圳分公司）】 软件测试工程师
2024年1月 - 至今
    · 承担分配模块的编码、测试与优化工作，保障系统稳定运行
    · 编写开发文档，沉淀技术规范，协助新人熟悉业务

【星图软件有限公司】 软件测试工程师
2022年12月 - 2024年8月
    · 承担分配模块的编码、测试与优化工作，保障系统稳定运行
    · 对接产品、测试团队，跟进需求落地与缺陷修复","■ 电商平台功能测试
  项目目标：保障电商系统上线质量，覆盖全业务流程
  个人职责：设计测试用例，执行功能、回归测试，提交缺陷报告
  项目成果：发现并修复120+缺陷，上线后线上缺陷率低于0.5%

■ 自动化测试框架搭建
  项目目标：提升回归测试效率，减少人工重复劳动
  个人职责：基于Selenium搭建UI自动化框架，编写核心模块测试脚本
  项目成果：回归测试周期从7天缩短至2天，覆盖率达85%","专业技能：Postman、缺陷管理、功能测试、Python、MySQL、Selenium、接口测试、JMeter
相关证书：PMP项目管理专业人士",拥有4年行业经验，技术视野开阔，具备方案设计与项目把控能力；逻辑清晰，善于定位并解决复杂技术问题；具备良好的团队管理与跨部门沟通能力，能够推动技术优化与业务落地；责任心强，追求技术与业务的平衡发展。
高思琪,女,17749704860,gaosiqi77@outlook.com,17716313043,苏州,"期望岗位：数据分析师
期望城市：苏州
期望行业：互联网/信息技术/软件服务
期望薪资：面议",4年数据分析师从业经验，精通Power BI技术架构，主导过中型项目从0到1落地，擅长技术方案设计与性能优化，曾推动核心模块技术重构，带来显著效率提升，具备跨部门协作与项目推进能力。,"集美大学 | 网络工程 | 本科
毕业时间：2018年6月
核心课程：软件工程、机器学习、数字信号处理、数据库原理","【网易（杭州）】 数据分析师
2024年3月 - 至今
    · 编写开发文档，沉淀技术规范，协助新人熟悉业务
    · 负责公司数据分析师相关业务的开发与维护，参与需求评审
    · 对接产品、测试团队，跟进需求落地与缺陷修复

【未来数据技术有限公司】 数据分析师
2022年6月 - 2024年11月
    · 负责公司数据分析师相关业务的开发与维护，参与需求评审
    · 承担分配模块的编码、测试与优化工作，保障系统稳定运行","■ 用户行为分析看板
  项目目标：构建用户行为数据体系，支撑运营决策
  个人职责：负责数据清洗、指标体系搭建，输出可视化运营报表
  项目成果：输出15+核心运营指标，支撑每月3次运营优化，用户留存率提升8%

■ 销售数据预测建模
  项目目标：基于历史数据预测销量，指导库存与备货
  个人职责：数据预处理，构建时间序列预测模型，输出月度预测报告
  项目成果：预测准确率达89%，库存周转效率提升25%","专业技能：NumPy、Power BI、数据可视化、Python、Hive、Excel、Tableau、Pandas、用户分析、统计学
相关证书：无",拥有4年行业经验，技术视野开阔，具备方案设计与项目把控能力；逻辑清晰，善于定位并解决复杂技术问题；具备良好的团队管理与跨部门沟通能力，能够推动技术优化与业务落地；责任心强，追求技术与业务的平衡发展。
田瑶,女,13720780023,tianyao8953@163.com,18325984581,东莞,"期望岗位：Python开发工程师
期望城市：东莞
期望行业：互联网/信息技术/软件服务
期望薪资：面议",本科数学与应用数学专业应届毕业生，掌握MongoDB、Python基础技能，完成过课程设计与毕业项目，具备基础代码编写能力与问题排查思路，学习能力强，做事认真踏实，期望从事Python开发工程师相关工作。,"南京工程学院 | 数学与应用数学 | 本科
毕业时间：2022年6月
核心课程：软件工程、算法设计与分析、计算机网络、Python编程","【校园实践】
    · 参与学校计算机协会技术部，负责协会网站日常维护
    · 协助老师完成实验室设备管理与系统环境搭建
    · 参与班级课程设计小组，担任后端开发角色","■ 简单爬虫脚本开发
  项目目标：爬取公开网站数据并入库
  个人职责：负责反爬处理、数据清洗、SQLite存储
  项目成果：日均采集数据1万条","专业技能：MySQL、FastAPI、Flask、Python、Celery
相关证书：计算机二级",应届毕业，具备扎实的专业基础知识与学习能力，能够快速掌握新技术；工作态度认真负责，有耐心，注重细节；具备良好的团队意识与沟通能力，能够积极配合团队完成任务；期望在工作中积累经验，快速成长。
徐浩然,男,15019765490,xuhaoran699@gmail.com,wx_xuhaoran_135,广州,"期望岗位：前端开发工程师
期望城市：广州
期望行业：互联网/信息技术/软件服务
期望薪资：面议",9年前端开发工程师资深经验，精通全链路技术架构，具备团队技术规划与方案设计能力，主导过多个大型项目重构与升级，在高并发/系统稳定性领域有深厚积累，能够带领团队攻克技术难题，驱动业务技术升级。,"南京工程学院 | 数字媒体技术 | 本科
毕业时间：2013年6月
核心课程：数据库原理、数据结构、操作系统、数字信号处理","【阿里巴巴（福州分公司）】 前端开发工程师
2023年8月 - 至今
    · 编写开发文档，沉淀技术规范，协助新人熟悉业务
    · 负责公司前端开发工程师相关业务的开发与维护，参与需求评审
    · 对接产品、测试团队，跟进需求落地与缺陷修复

【启明科技有限公司】 前端开发工程师
2020年4月 - 2023年7月
    · 编写开发文档，沉淀技术规范，协助新人熟悉业务
    · 对接产品、测试团队，跟进需求落地与缺陷修复
    · 负责公司前端开发工程师相关业务的开发与维护，参与需求评审

【汇智互联网科技有限公司】 前端开发工程师
2017年7月 - 2020年7月
    · 对接产品、测试团队，跟进需求落地与缺陷修复
    · 负责公司前端开发工程师相关业务的开发与维护，参与需求评审
    · 承担分配模块的编码、测试与优化工作，保障系统稳定运行","■ 企业后台管理系统
  项目目标：搭建企业运营管理后台，实现业务数据可视化
  个人职责：负责权限管理、数据报表模块开发，对接后端接口联调
  项目成果：覆盖12个业务部门，运营效率提升40%

■ 电商平台前端重构
  项目目标：升级旧版电商系统前端架构，提升用户体验与加载速度
  个人职责：负责商品详情页、购物车模块开发，组件化封装公共组件
  项目成果：首屏加载时间从3.2s降至1.8s，页面转化率提升12%","专业技能：Vite、CSS3、Ant Design、移动端适配、Element UI、Axios
相关证书：PMP项目管理专业人士、计算机一级",拥有9年行业经验，技术视野开阔，具备方案设计与项目把控能力；逻辑清晰，善于定位并解决复杂技术问题；具备良好的团队管理与跨部门沟通能力，能够推动技术优化与业务落地；责任心强，追求技术与业务的平衡发展。
郭峰,男,15358974388,guofeng538@outlook.com,wx_guofeng_942,宁波,"期望岗位：算法工程师
期望城市：宁波
期望行业：互联网/信息技术/软件服务
期望薪资：面议",5年算法工程师从业经验，精通TensorFlow技术架构，主导过中型项目从0到1落地，擅长技术方案设计与性能优化，曾推动核心模块技术重构，带来显著效率提升，具备跨部门协作与项目推进能力。,"福建船政交通职业学院 | 通信工程 | 专科
毕业时间：2017年6月
核心课程：软件工程、Java程序设计、数据库原理、Python编程","【智联互联网科技有限公司】 算法工程师
2025年6月 - 至今
    · 编写开发文档，沉淀技术规范，协助新人熟悉业务
    · 承担分配模块的编码、测试与优化工作，保障系统稳定运行
    · 对接产品、测试团队，跟进需求落地与缺陷修复

【微远科技有限公司】 算法工程师
2024年12月 - 2025年1月
    · 对接产品、测试团队，跟进需求落地与缺陷修复
    · 编写开发文档，沉淀技术规范，协助新人熟悉业务
    · 承担分配模块的编码、测试与优化工作，保障系统稳定运行

【锐捷互联网科技有限公司】 算法工程师
2023年11月 - 2024年2月
    · 编写开发文档，沉淀技术规范，协助新人熟悉业务
    · 承担分配模块的编码、测试与优化工作，保障系统稳定运行","■ 个性化推荐系统
  项目目标：提升内容推荐精准度，增加用户停留时长
  个人职责：负责协同过滤、深度学习推荐模型开发与离线优化
  项目成果：用户平均停留时长提升25%，点击率提升15%

■ 风控欺诈识别模型
  项目目标：识别交易欺诈行为，降低资金损失风险
  个人职责：特征工程，构建XGBoost风控模型，在线部署与迭代
  项目成果：欺诈识别准确率达92%，每年减少损失超200万","专业技能：Python、深度学习、机器学习、数据结构、SQL、特征工程、PyTorch、推荐算法
相关证书：系统架构设计师",拥有5年行业经验，技术视野开阔，具备方案设计与项目把控能力；逻辑清晰，善于定位并解决复杂技术问题；具备良好的团队管理与跨部门沟通能力，能够推动技术优化与业务落地；责任心强，追求技术与业务的平衡发展。
汤健,男,18430410199,tangjian063@gmail.com,13774368062,莆田,"期望岗位：软件测试工程师
期望城市：莆田
期望行业：互联网/信息技术/软件服务
期望薪资：面议",专科数字媒体技术专业应届毕业生，掌握功能测试、Postman基础技能，完成过课程设计与毕业项目，具备基础代码编写能力与问题排查思路，学习能力强，做事认真踏实，期望从事软件测试工程师相关工作。,"厦门海洋职业技术学院 | 数字媒体技术 | 专科
毕业时间：2022年6月
核心课程：数据库原理、软件工程、数字信号处理、机器学习","【校园实践】
    · 参与学校计算机协会技术部，负责协会网站日常维护
    · 协助老师完成实验室设备管理与系统环境搭建
    · 参与班级课程设计小组，担任后端开发角色","■ 网页兼容性测试实训
  项目目标：对多个网站进行浏览器兼容测试
  个人职责：制定测试方案，输出测试报告
  项目成果：覆盖5款主流浏览器","专业技能：Selenium、接口测试、测试用例设计、MySQL、性能测试、功能测试
相关证书：无",应届毕业，具备扎实的专业基础知识与学习能力，能够快速掌握新技术；工作态度认真负责，有耐心，注重细节；具备良好的团队意识与沟通能力，能够积极配合团队完成任务；期望在工作中积累经验，快速成长。
罗彬,男,17684879079,luobin857@163.com,wx_luobin_344,佛山,"期望岗位：软件测试工程师
期望城市：佛山
期望行业：互联网/信息技术/软件服务
期望薪资：面议",3年软件测试工程师从业经验，精通TestNG技术架构，主导过中型项目从0到1落地，擅长技术方案设计与性能优化，曾推动核心模块技术重构，带来显著效率提升，具备跨部门协作与项目推进能力。,"福州大学 | 计算机科学与技术 | 本科
毕业时间：2019年6月
核心课程：计算机网络、数字信号处理、数据库原理、算法设计与分析","【东软数据技术有限公司】 软件测试工程师
2025年7月 - 至今
    · 对接产品、测试团队，跟进需求落地与缺陷修复
    · 负责公司软件测试工程师相关业务的开发与维护，参与需求评审

【易联网络科技有限公司】 软件测试工程师
2024年8月 - 2025年8月
    · 编写开发文档，沉淀技术规范，协助新人熟悉业务
    · 负责公司软件测试工程师相关业务的开发与维护，参与需求评审","■ 自动化测试框架搭建
  项目目标：提升回归测试效率，减少人工重复劳动
  个人职责：基于Selenium搭建UI自动化框架，编写核心模块测试脚本
  项目成果：回归测试周期从7天缩短至2天，覆盖率达85%

■ 电商平台功能测试
  项目目标：保障电商系统上线质量，覆盖全业务流程
  个人职责：设计测试用例，执行功能、回归测试，提交缺陷报告
  项目成果：发现并修复120+缺陷，上线后线上缺陷率低于0.5%","专业技能：TestNG、测试用例设计、MySQL、Appium、Selenium、接口测试
相关证书：英语六级",拥有3年行业经验，技术视野开阔，具备方案设计与项目把控能力；逻辑清晰，善于定位并解决复杂技术问题；具备良好的团队管理与跨部门沟通能力，能够推动技术优化与业务落地；责任心强，追求技术与业务的平衡发展。
宋鹏,男,15018539750,songpeng98@gmail.com,wx_songpeng_372,莆田,"期望岗位：运维工程师
期望城市：莆田
期望行业：互联网/信息技术/软件服务
期望薪资：面议",1年运维工程师工作经验，精通Jenkins、Redis技术栈，参与过完整项目迭代，能够独立完成模块开发与问题排查，注重代码质量与开发效率，具备良好的沟通协作能力。,"东莞理工学院 | 数学与应用数学 | 本科
毕业时间：2021年6月
核心课程：Python编程、数据结构、数字信号处理、机器学习","【阿里巴巴（福州分公司）】 运维工程师
2025年10月 - 至今
    · 对接产品、测试团队，跟进需求落地与缺陷修复
    · 承担分配模块的编码、测试与优化工作，保障系统稳定运行
    · 负责公司运维工程师相关业务的开发与维护，参与需求评审","■ 服务器集群运维优化
  项目目标：提升服务器集群稳定性，降低故障发生率
  个人职责：负责日常巡检、故障排查，优化监控告警规则与分级策略
  项目成果：服务器故障率下降60%，平均故障响应时间缩短至15分钟

■ CI/CD自动化流水线
  项目目标：实现代码自动化构建、测试、部署，提升发布效率
  个人职责：基于Jenkins搭建持续集成流水线，配置Docker容器化部署
  项目成果：发布周期从每周1次提升至每天3次，部署失误率降为0","专业技能：Redis、Kubernetes、Linux、Jenkins、Nginx、Ansible、Prometheus、Docker、MySQL
相关证书：阿里云ACP云计算认证",拥有1年实际工作经验，技术功底扎实，熟悉完整开发流程；具备较强的问题解决能力，能够独立排查并解决常见技术问题；工作认真负责，注重团队协作，能够高效推进项目落地；持续学习，保持技术敏感度。
雷红,女,15570965550,leihong6894@outlook.com,wx_leihong_580,南平,"期望岗位：数据分析师
期望城市：南平
期望行业：互联网/信息技术/软件服务
期望薪资：面议",本科信息管理与信息系统专业应届毕业生，有0段数据分析师实习经验，掌握Python技术栈，参与过实习项目开发，具备良好的代码规范与团队协作意识，能够快速上手业务，期望正式入职发展。,"集美大学 | 信息管理与信息系统 | 本科
毕业时间：2022年6月
核心课程：软件工程、机器学习、计算机网络、数字信号处理","【新科软件有限公司】 数据分析师（实习）
2020年11月 - 至今
    · 负责公司数据分析师相关业务的开发与维护，参与需求评审
    · 对接产品、测试团队，跟进需求落地与缺陷修复
    · 编写开发文档，沉淀技术规范，协助新人熟悉业务","■ 电商公开数据爬取分析
  项目目标：采集公开电商商品数据并分析
  个人职责：数据爬取、清洗、价格销量分析
  项目成果：输出可视化分析图表

■ 学生成绩数据分析
  项目目标：对班级期末成绩进行统计分析
  个人职责：数据清洗、可视化图表制作、结论输出
  项目成果：输出分析报告，提出3点教学建议","专业技能：Tableau、Pandas、SQL、数据可视化
相关证书：计算机一级、软考中级、计算机二级",有实习经验，熟悉开发基本流程，具备基础的项目实践能力；学习能力强，能够快速上手新业务新技术；工作踏实，责任心强，善于沟通协作，能够高效完成分配的工作任务。
毛洋,男,18280831393,maoyang780@qq.com,18640459731,杭州,"期望岗位：数据分析师
期望城市：杭州
期望行业：互联网/信息技术/软件服务
期望薪资：面议",3年数据分析师工作经验，精通MySQL、用户分析技术栈，参与过完整项目迭代，能够独立完成模块开发与问题排查，注重代码质量与开发效率，具备良好的沟通协作能力。,"厦门海洋职业技术学院 | 信息管理与信息系统 | 专科
毕业时间：2019年6月
核心课程：Java程序设计、算法设计与分析、机器学习、计算机网络","【网易（杭州）】 数据分析师
2025年3月 - 至今
    · 负责公司数据分析师相关业务的开发与维护，参与需求评审
    · 对接产品、测试团队，跟进需求落地与缺陷修复

【云创信息技术有限公司】 数据分析师
2024年5月 - 2025年4月
    · 负责公司数据分析师相关业务的开发与维护，参与需求评审
    · 编写开发文档，沉淀技术规范，协助新人熟悉业务
    · 对接产品、测试团队，跟进需求落地与缺陷修复","■ 用户行为分析看板
  项目目标：构建用户行为数据体系，支撑运营决策
  个人职责：负责数据清洗、指标体系搭建，输出可视化运营报表
  项目成果：输出15+核心运营指标，支撑每月3次运营优化，用户留存率提升8%

■ 销售数据预测建模
  项目目标：基于历史数据预测销量，指导库存与备货
  个人职责：数据预处理，构建时间序列预测模型，输出月度预测报告
  项目成果：预测准确率达89%，库存周转效率提升25%","专业技能：Python、Pandas、NumPy、统计学、Tableau、Power BI、数据可视化
相关证书：软考中级",拥有3年实际工作经验，技术功底扎实，熟悉完整开发流程；具备较强的问题解决能力，能够独立排查并解决常见技术问题；工作认真负责，注重团队协作，能够高效推进项目落地；持续学习，保持技术敏感度。
姜娟,女,15831243512,jiangjuan450@gmail.com,15384624605,漳州,"期望岗位：后端开发工程师
期望城市：漳州
期望行业：互联网/信息技术/软件服务
期望薪资：面议",专科数学与应用数学专业应届毕业生，掌握Python、K8s基础技能，完成过课程设计与毕业项目，具备基础代码编写能力与问题排查思路，学习能力强，做事认真踏实，期望从事后端开发工程师相关工作。,"南京工业职业技术大学 | 数学与应用数学 | 专科
毕业时间：2022年6月
核心课程：数据结构、机器学习、操作系统、计算机网络","【校园实践】
    · 参与学校计算机协会技术部，负责协会网站日常维护
    · 协助老师完成实验室设备管理与系统环境搭建
    · 参与班级课程设计小组，担任后端开发角色","■ 简单论坛系统
  项目目标：实现帖子发布、回复、板块管理
  个人职责：负责后端服务开发与接口文档编写
  项目成果：支持百人同时在线访问","专业技能：Java、Go、Kafka、Python、Redis、K8s、MySQL
相关证书：无",应届毕业，具备扎实的专业基础知识与学习能力，能够快速掌握新技术；工作态度认真负责，有耐心，注重细节；具备良好的团队意识与沟通能力，能够积极配合团队完成任务；期望在工作中积累经验，快速成长。
郝博文,男,13944615568,haobowen454@163.com,15890740600,广州,"期望岗位：前端开发工程师
期望城市：广州
期望行业：互联网/信息技术/软件服务
期望薪资：面议",2年前端开发工程师工作经验，精通Vite、JavaScript技术栈，参与过完整项目迭代，能够独立完成模块开发与问题排查，注重代码质量与开发效率，具备良好的沟通协作能力。,"南京大学 | 软件工程 | 本科
毕业时间：2020年6月
核心课程：数据结构、Java程序设计、计算机网络、数字信号处理","【锐捷数据技术有限公司】 前端开发工程师
2025年5月 - 至今
    · 对接产品、测试团队，跟进需求落地与缺陷修复
    · 编写开发文档，沉淀技术规范，协助新人熟悉业务

【天擎互联网科技有限公司】 前端开发工程师
2024年5月 - 2025年9月
    · 编写开发文档，沉淀技术规范，协助新人熟悉业务
    · 对接产品、测试团队，跟进需求落地与缺陷修复
    · 负责公司前端开发工程师相关业务的开发与维护，参与需求评审","■ 企业后台管理系统
  项目目标：搭建企业运营管理后台，实现业务数据可视化
  个人职责：负责权限管理、数据报表模块开发，对接后端接口联调
  项目成果：覆盖12个业务部门，运营效率提升40%

■ 电商平台前端重构
  项目目标：升级旧版电商系统前端架构，提升用户体验与加载速度
  个人职责：负责商品详情页、购物车模块开发，组件化封装公共组件
  项目成果：首屏加载时间从3.2s降至1.8s，页面转化率提升12%","专业技能：Vue、Ant Design、Webpack、HTML5、Axios、Element UI、移动端适配、React、Vite
相关证书：软考中级、软件设计师（中级）",拥有2年实际工作经验，技术功底扎实，熟悉完整开发流程；具备较强的问题解决能力，能够独立排查并解决常见技术问题；工作认真负责，注重团队协作，能够高效推进项目落地；持续学习，保持技术敏感度。
尹慧,女,15569364381,yinhui651@126.com,wx_yinhui_498,宁德,"期望岗位：前端开发工程师
期望城市：宁德
期望行业：互联网/信息技术/软件服务
期望薪资：面议",4年前端开发工程师从业经验，精通JavaScript技术架构，主导过中型项目从0到1落地，擅长技术方案设计与性能优化，曾推动核心模块技术重构，带来显著效率提升，具备跨部门协作与项目推进能力。,"福州大学 | 软件工程 | 本科
毕业时间：2018年6月
核心课程：机器学习、计算机网络、算法设计与分析、数据结构","【天擎数据技术有限公司】 前端开发工程师
2024年11月 - 至今
    · 承担分配模块的编码、测试与优化工作，保障系统稳定运行
    · 负责公司前端开发工程师相关业务的开发与维护，参与需求评审

【星图数据技术有限公司】 前端开发工程师
2022年11月 - 2024年6月
    · 编写开发文档，沉淀技术规范，协助新人熟悉业务
    · 承担分配模块的编码、测试与优化工作，保障系统稳定运行","■ 电商平台前端重构
  项目目标：升级旧版电商系统前端架构，提升用户体验与加载速度
  个人职责：负责商品详情页、购物车模块开发，组件化封装公共组件
  项目成果：首屏加载时间从3.2s降至1.8s，页面转化率提升12%

■ 企业后台管理系统
  项目目标：搭建企业运营管理后台，实现业务数据可视化
  个人职责：负责权限管理、数据报表模块开发，对接后端接口联调
  项目成果：覆盖12个业务部门，运营效率提升40%","专业技能：Axios、移动端适配、Ant Design、Element UI、React、JavaScript、TypeScript
相关证书：软件设计师（中级）",拥有4年行业经验，技术视野开阔，具备方案设计与项目把控能力；逻辑清晰，善于定位并解决复杂技术问题；具备良好的团队管理与跨部门沟通能力，能够推动技术优化与业务落地；责任心强，追求技术与业务的平衡发展。
梁若曦,女,18989233317,liang若xi5528@163.com,wx_liang若xi_809,东莞,"期望岗位：数据分析师
期望城市：东莞
期望行业：互联网/信息技术/软件服务
期望薪资：面议",本科计算机应用技术专业应届毕业生，有0段数据分析师实习经验，掌握用户分析技术栈，参与过实习项目开发，具备良好的代码规范与团队协作意识，能够快速上手业务，期望正式入职发展。,"南京理工大学 | 计算机应用技术 | 本科
毕业时间：2022年6月
核心课程：数据结构、软件工程、算法设计与分析、Python编程","【金蝶科技有限公司】 数据分析师（实习）
2023年11月 - 至今
    · 对接产品、测试团队，跟进需求落地与缺陷修复
    · 承担分配模块的编码、测试与优化工作，保障系统稳定运行","■ 学生成绩数据分析
  项目目标：对班级期末成绩进行统计分析
  个人职责：数据清洗、可视化图表制作、结论输出
  项目成果：输出分析报告，提出3点教学建议

■ 电商公开数据爬取分析
  项目目标：采集公开电商商品数据并分析
  个人职责：数据爬取、清洗、价格销量分析
  项目成果：输出可视化分析图表","专业技能：NumPy、数据可视化、SQL、Pandas、Hive、Excel、统计学
相关证书：英语六级、华为HCIA认证",有实习经验，熟悉开发基本流程，具备基础的项目实践能力；学习能力强，能够快速上手新业务新技术；工作踏实，责任心强，善于沟通协作，能够高效完成分配的工作任务。
严萍,女,13953123334,yanping147@gmail.com,18926412272,莆田,"期望岗位：软件测试工程师
期望城市：莆田
期望行业：互联网/信息技术/软件服务
期望薪资：面议",8年软件测试工程师资深经验，精通全链路技术架构，具备团队技术规划与方案设计能力，主导过多个大型项目重构与升级，在高并发/系统稳定性领域有深厚积累，能够带领团队攻克技术难题，驱动业务技术升级。,"福州职业技术学院 | 电子信息工程 | 专科
毕业时间：2014年6月
核心课程：软件工程、算法设计与分析、Python编程、操作系统","【汇智软件有限公司】 软件测试工程师
2024年8月 - 至今
    · 编写开发文档，沉淀技术规范，协助新人熟悉业务
    · 对接产品、测试团队，跟进需求落地与缺陷修复
    · 负责公司软件测试工程师相关业务的开发与维护，参与需求评审

【智联信息技术有限公司】 软件测试工程师
2022年11月 - 2024年4月
    · 编写开发文档，沉淀技术规范，协助新人熟悉业务
    · 负责公司软件测试工程师相关业务的开发与维护，参与需求评审
    · 对接产品、测试团队，跟进需求落地与缺陷修复

【新科科技有限公司】 软件测试工程师
2020年7月 - 2022年9月
    · 对接产品、测试团队，跟进需求落地与缺陷修复
    · 编写开发文档，沉淀技术规范，协助新人熟悉业务","■ 自动化测试框架搭建
  项目目标：提升回归测试效率，减少人工重复劳动
  个人职责：基于Selenium搭建UI自动化框架，编写核心模块测试脚本
  项目成果：回归测试周期从7天缩短至2天，覆盖率达85%

■ 电商平台功能测试
  项目目标：保障电商系统上线质量，覆盖全业务流程
  个人职责：设计测试用例，执行功能、回归测试，提交缺陷报告
  项目成果：发现并修复120+缺陷，上线后线上缺陷率低于0.5%","专业技能：TestNG、MySQL、Postman、测试用例设计、接口测试、性能测试、Appium、Python、Selenium、JMeter
相关证书：MySQL数据库认证",拥有8年行业经验，技术视野开阔，具备方案设计与项目把控能力；逻辑清晰，善于定位并解决复杂技术问题；具备良好的团队管理与跨部门沟通能力，能够推动技术优化与业务落地；责任心强，追求技术与业务的平衡发展。
钟安然,女,15639123782,zhonganran334@gmail.com,13915356228,杭州,"期望岗位：Java开发工程师
期望城市：杭州
期望行业：互联网/信息技术/软件服务
期望薪资：面议",2年Java开发工程师工作经验，精通微服务、Linux技术栈，参与过完整项目迭代，能够独立完成模块开发与问题排查，注重代码质量与开发效率，具备良好的沟通协作能力。,"苏州职业大学 | 数据科学与大数据技术 | 专科
毕业时间：2020年6月
核心课程：计算机网络、Python编程、数据结构、算法设计与分析","【金蝶软件有限公司】 Java开发工程师
2025年2月 - 至今
    · 编写开发文档，沉淀技术规范，协助新人熟悉业务
    · 负责公司Java开发工程师相关业务的开发与维护，参与需求评审

【用友互联网科技有限公司】 Java开发工程师
2024年11月 - 2025年2月
    · 编写开发文档，沉淀技术规范，协助新人熟悉业务
    · 负责公司Java开发工程师相关业务的开发与维护，参与需求评审","■ 微服务用户中心重构
  项目目标：将单体用户系统拆分为微服务架构，提升并发承载能力
  个人职责：负责登录、注册、权限模块开发，优化数据库查询与缓存策略
  项目成果：支持并发量从500提升至5000，接口响应耗时减少60%

■ 电商订单交易系统
  项目目标：搭建高可用电商订单系统，支撑大促流量峰值
  个人职责：负责订单创建、支付回调、库存扣减核心逻辑开发
  项目成果：支撑日均订单量10万+，系统可用性达99.95%","专业技能：SpringCloud、MyBatis、Linux、Redis、Docker、JVM调优
相关证书：阿里云ACP云计算认证",拥有2年实际工作经验，技术功底扎实，熟悉完整开发流程；具备较强的问题解决能力，能够独立排查并解决常见技术问题；工作认真负责，注重团队协作，能够高效推进项目落地；持续学习，保持技术敏感度。
姜悦,女,15367077287,jiangyue536@qq.com,13317748321,宁德,"期望岗位：前端开发工程师
期望城市：宁德
期望行业：互联网/信息技术/软件服务
期望薪资：面议",3年前端开发工程师工作经验，精通Webpack、Axios技术栈，参与过完整项目迭代，能够独立完成模块开发与问题排查，注重代码质量与开发效率，具备良好的沟通协作能力。,"广东技术师范大学 | 信息管理与信息系统 | 本科
毕业时间：2019年6月
核心课程：数据库原理、数字信号处理、计算机网络、Java程序设计","【恒信软件有限公司】 前端开发工程师
2025年7月 - 至今
    · 负责公司前端开发工程师相关业务的开发与维护，参与需求评审
    · 承担分配模块的编码、测试与优化工作，保障系统稳定运行
    · 编写开发文档，沉淀技术规范，协助新人熟悉业务

【用友科技有限公司】 前端开发工程师
2024年12月 - 2025年10月
    · 承担分配模块的编码、测试与优化工作，保障系统稳定运行
    · 编写开发文档，沉淀技术规范，协助新人熟悉业务
    · 对接产品、测试团队，跟进需求落地与缺陷修复","■ 电商平台前端重构
  项目目标：升级旧版电商系统前端架构，提升用户体验与加载速度
  个人职责：负责商品详情页、购物车模块开发，组件化封装公共组件
  项目成果：首屏加载时间从3.2s降至1.8s，页面转化率提升12%

■ 企业后台管理系统
  项目目标：搭建企业运营管理后台，实现业务数据可视化
  个人职责：负责权限管理、数据报表模块开发，对接后端接口联调
  项目成果：覆盖12个业务部门，运营效率提升40%","专业技能：Element UI、CSS3、React、Axios、Vue、移动端适配、TypeScript、HTML5、JavaScript
相关证书：计算机二级、计算机一级",拥有3年实际工作经验，技术功底扎实，熟悉完整开发流程；具备较强的问题解决能力，能够独立排查并解决常见技术问题；工作认真负责，注重团队协作，能够高效推进项目落地；持续学习，保持技术敏感度。
沈思琪,女,15035587469,shensiqi1073@outlook.com,13223758083,杭州,"期望岗位：前端开发工程师
期望城市：杭州
期望行业：互联网/信息技术/软件服务
期望薪资：面议",9年前端开发工程师资深经验，精通全链路技术架构，具备团队技术规划与方案设计能力，主导过多个大型项目重构与升级，在高并发/系统稳定性领域有深厚积累，能够带领团队攻克技术难题，驱动业务技术升级。,"福建船政交通职业学院 | 数字媒体技术 | 专科
毕业时间：2013年6月
核心课程：计算机网络、软件工程、操作系统、数据结构","【网易（杭州）】 前端开发工程师
2023年1月 - 至今
    · 承担分配模块的编码、测试与优化工作，保障系统稳定运行
    · 对接产品、测试团队，跟进需求落地与缺陷修复
    · 负责公司前端开发工程师相关业务的开发与维护，参与需求评审

【数聚数据技术有限公司】 前端开发工程师
2020年5月 - 2023年7月
    · 承担分配模块的编码、测试与优化工作，保障系统稳定运行
    · 负责公司前端开发工程师相关业务的开发与维护，参与需求评审

【新科软件有限公司】 前端开发工程师
2017年6月 - 2020年5月
    · 承担分配模块的编码、测试与优化工作，保障系统稳定运行
    · 对接产品、测试团队，跟进需求落地与缺陷修复","■ 电商平台前端重构
  项目目标：升级旧版电商系统前端架构，提升用户体验与加载速度
  个人职责：负责商品详情页、购物车模块开发，组件化封装公共组件
  项目成果：首屏加载时间从3.2s降至1.8s，页面转化率提升12%

■ 企业后台管理系统
  项目目标：搭建企业运营管理后台，实现业务数据可视化
  个人职责：负责权限管理、数据报表模块开发，对接后端接口联调
  项目成果：覆盖12个业务部门，运营效率提升40%","专业技能：Ant Design、Webpack、Vite、JavaScript、HTML5、Axios、Vue、React
相关证书：计算机一级、阿里云ACP云计算认证",拥有9年行业经验，技术视野开阔，具备方案设计与项目把控能力；逻辑清晰，善于定位并解决复杂技术问题；具备良好的团队管理与跨部门沟通能力，能够推动技术优化与业务落地；责任心强，追求技术与业务的平衡发展。
何若曦,女,15520802921,he若xi41@outlook.com,wx_he若xi_584,佛山,"期望岗位：Python开发工程师
期望城市：佛山
期望行业：互联网/信息技术/软件服务
期望薪资：面议",3年Python开发工程师从业经验，精通MongoDB技术架构，主导过中型项目从0到1落地，擅长技术方案设计与性能优化，曾推动核心模块技术重构，带来显著效率提升，具备跨部门协作与项目推进能力。,"厦门大学 | 电子信息工程 | 本科
毕业时间：2019年6月
核心课程：Java程序设计、机器学习、Python编程、数据结构","【中软软件有限公司】 Python开发工程师
2025年10月 - 至今
    · 编写开发文档，沉淀技术规范，协助新人熟悉业务
    · 对接产品、测试团队，跟进需求落地与缺陷修复
    · 承担分配模块的编码、测试与优化工作，保障系统稳定运行

【合众信息技术有限公司】 Python开发工程师
2024年12月 - 2025年7月
    · 编写开发文档，沉淀技术规范，协助新人熟悉业务
    · 对接产品、测试团队，跟进需求落地与缺陷修复
    · 负责公司Python开发工程师相关业务的开发与维护，参与需求评审","■ 自动化运维平台
  项目目标：开发运维管理平台，实现服务器批量管理
  个人职责：负责监控、告警、任务调度模块后端开发
  项目成果：管理服务器200+，运维人力成本降低50%

■ 数据采集爬虫系统
  项目目标：搭建分布式爬虫平台，采集多渠道公开数据
  个人职责：负责反爬策略破解、数据清洗、入库逻辑开发
  项目成果：日均采集数据50万条，数据准确率98%以上","专业技能：爬虫、MongoDB、Flask、Git、MySQL、Django
相关证书：红帽RHCE认证、计算机一级、英语四级",拥有3年行业经验，技术视野开阔，具备方案设计与项目把控能力；逻辑清晰，善于定位并解决复杂技术问题；具备良好的团队管理与跨部门沟通能力，能够推动技术优化与业务落地；责任心强，追求技术与业务的平衡发展。
杜一诺,女,13706444559,du一nuo5586@126.com,17627198341,南昌,"期望岗位：软件测试工程师
期望城市：南昌
期望行业：互联网/信息技术/软件服务
期望薪资：面议",4年软件测试工程师从业经验，精通Selenium技术架构，主导过中型项目从0到1落地，擅长技术方案设计与性能优化，曾推动核心模块技术重构，带来显著效率提升，具备跨部门协作与项目推进能力。,"华南理工大学 | 数据科学与大数据技术 | 本科
毕业时间：2018年6月
核心课程：计算机网络、数字信号处理、Python编程、机器学习","【网易（杭州）】 软件测试工程师
2024年1月 - 至今
    · 负责公司软件测试工程师相关业务的开发与维护，参与需求评审
    · 编写开发文档，沉淀技术规范，协助新人熟悉业务

【合众软件有限公司】 软件测试工程师
2022年7月 - 2024年6月
    · 承担分配模块的编码、测试与优化工作，保障系统稳定运行
    · 编写开发文档，沉淀技术规范，协助新人熟悉业务","■ 电商平台功能测试
  项目目标：保障电商系统上线质量，覆盖全业务流程
  个人职责：设计测试用例，执行功能、回归测试，提交缺陷报告
  项目成果：发现并修复120+缺陷，上线后线上缺陷率低于0.5%

■ 自动化测试框架搭建
  项目目标：提升回归测试效率，减少人工重复劳动
  个人职责：基于Selenium搭建UI自动化框架，编写核心模块测试脚本
  项目成果：回归测试周期从7天缩短至2天，覆盖率达85%","专业技能：性能测试、JMeter、接口测试、Postman、测试用例设计、缺陷管理、MySQL、Python、Appium
相关证书：计算机一级、软件设计师（中级）",拥有4年行业经验，技术视野开阔，具备方案设计与项目把控能力；逻辑清晰，善于定位并解决复杂技术问题；具备良好的团队管理与跨部门沟通能力，能够推动技术优化与业务落地；责任心强，追求技术与业务的平衡发展。
曾丽,女,18656003242,zengli479@qq.com,wx_zengli_392,宁波,"期望岗位：前端开发工程师
期望城市：宁波
期望行业：互联网/信息技术/软件服务
期望薪资：面议",专科数据科学与大数据技术专业应届毕业生，掌握Webpack、Vite基础技能，完成过课程设计与毕业项目，具备基础代码编写能力与问题排查思路，学习能力强，做事认真踏实，期望从事前端开发工程师相关工作。,"泉州经贸职业技术学院 | 数据科学与大数据技术 | 专科
毕业时间：2022年6月
核心课程：数字信号处理、软件工程、Python编程、算法设计与分析","【校园实践】
    · 参与学校计算机协会技术部，负责协会网站日常维护
    · 协助老师完成实验室设备管理与系统环境搭建
    · 参与班级课程设计小组，担任后端开发角色","■ 个人博客系统（课程作业）
  项目目标：开发个人博客前端页面，实现文章展示与评论
  个人职责：负责页面布局、交互效果、接口联调
  项目成果：完成响应式页面，兼容多浏览器","专业技能：移动端适配、Element UI、Ant Design、JavaScript、Vue、React、TypeScript
相关证书：PMP项目管理专业人士、英语四级",应届毕业，具备扎实的专业基础知识与学习能力，能够快速掌握新技术；工作态度认真负责，有耐心，注重细节；具备良好的团队意识与沟通能力，能够积极配合团队完成任务；期望在工作中积累经验，快速成长。
尹思远,男,18990400603,yinsiyuan9028@qq.com,wx_yinsiyuan_954,福州,"期望岗位：数据分析师
期望城市：福州
期望行业：互联网/信息技术/软件服务
期望薪资：面议",本科通信工程专业应届毕业生，掌握NumPy、NumPy基础技能，完成过课程设计与毕业项目，具备基础代码编写能力与问题排查思路，学习能力强，做事认真踏实，期望从事数据分析师相关工作。,"南昌大学 | 通信工程 | 本科
毕业时间：2022年6月
核心课程：计算机网络、Python编程、数字信号处理、软件工程","【校园实践】
    · 参与学校计算机协会技术部，负责协会网站日常维护
    · 协助老师完成实验室设备管理与系统环境搭建
    · 参与班级课程设计小组，担任后端开发角色","■ 电商公开数据爬取分析
  项目目标：采集公开电商商品数据并分析
  个人职责：数据爬取、清洗、价格销量分析
  项目成果：输出可视化分析图表","专业技能：Power BI、Tableau、Python、NumPy、SQL、Pandas、用户分析
相关证书：系统架构设计师",应届毕业，具备扎实的专业基础知识与学习能力，能够快速掌握新技术；工作态度认真负责，有耐心，注重细节；具备良好的团队意识与沟通能力，能够积极配合团队完成任务；期望在工作中积累经验，快速成长。
吕皓,男,15070203766,lvhao5952@outlook.com,wx_lvhao_953,莆田,"期望岗位：数据分析师
期望城市：莆田
期望行业：互联网/信息技术/软件服务
期望薪资：面议",5年数据分析师从业经验，精通NumPy技术架构，主导过中型项目从0到1落地，擅长技术方案设计与性能优化，曾推动核心模块技术重构，带来显著效率提升，具备跨部门协作与项目推进能力。,"广东技术师范大学 | 计算机应用技术 | 本科
毕业时间：2017年6月
核心课程：Python编程、计算机网络、机器学习、数字信号处理","【网易（杭州）】 数据分析师
2025年7月 - 至今
    · 负责公司数据分析师相关业务的开发与维护，参与需求评审
    · 对接产品、测试团队，跟进需求落地与缺陷修复
    · 承担分配模块的编码、测试与优化工作，保障系统稳定运行

【合众软件有限公司】 数据分析师
2024年1月 - 2025年1月
    · 对接产品、测试团队，跟进需求落地与缺陷修复
    · 承担分配模块的编码、测试与优化工作，保障系统稳定运行

【东软信息技术有限公司】 数据分析师
2023年8月 - 2024年12月
    · 负责公司数据分析师相关业务的开发与维护，参与需求评审
    · 承担分配模块的编码、测试与优化工作，保障系统稳定运行","■ 销售数据预测建模
  项目目标：基于历史数据预测销量，指导库存与备货
  个人职责：数据预处理，构建时间序列预测模型，输出月度预测报告
  项目成果：预测准确率达89%，库存周转效率提升25%

■ 用户行为分析看板
  项目目标：构建用户行为数据体系，支撑运营决策
  个人职责：负责数据清洗、指标体系搭建，输出可视化运营报表
  项目成果：输出15+核心运营指标，支撑每月3次运营优化，用户留存率提升8%","专业技能：Python、SQL、MySQL、Excel、数据可视化、用户分析、NumPy、Tableau
相关证书：英语六级",拥有5年行业经验，技术视野开阔，具备方案设计与项目把控能力；逻辑清晰，善于定位并解决复杂技术问题；具备良好的团队管理与跨部门沟通能力，能够推动技术优化与业务落地；责任心强，追求技术与业务的平衡发展。
魏峰,男,13204963510,weifeng99@gmail.com,18906989661,福州,"期望岗位：数据分析师
期望城市：福州
期望行业：互联网/信息技术/软件服务
期望薪资：面议",本科计算机应用技术专业应届毕业生，有1段数据分析师实习经验，掌握SQL技术栈，参与过实习项目开发，具备良好的代码规范与团队协作意识，能够快速上手业务，期望正式入职发展。,"厦门大学 | 计算机应用技术 | 本科
毕业时间：2021年6月
核心课程：数据结构、Python编程、数据库原理、Java程序设计","【网易（杭州）】 数据分析师（实习）
2025年5月 - 至今
    · 承担分配模块的编码、测试与优化工作，保障系统稳定运行
    · 对接产品、测试团队，跟进需求落地与缺陷修复","■ 学生成绩数据分析
  项目目标：对班级期末成绩进行统计分析
  个人职责：数据清洗、可视化图表制作、结论输出
  项目成果：输出分析报告，提出3点教学建议

■ 电商公开数据爬取分析
  项目目标：采集公开电商商品数据并分析
  个人职责：数据爬取、清洗、价格销量分析
  项目成果：输出可视化分析图表","专业技能：Excel、数据可视化、统计学、Python、NumPy、用户分析
相关证书：软考中级",有实习经验，熟悉开发基本流程，具备基础的项目实践能力；学习能力强，能够快速上手新业务新技术；工作踏实，责任心强，善于沟通协作，能够高效完成分配的工作任务。
魏晨,男,15323820001,weichen16@163.com,18753210008,佛山,"期望岗位：前端开发工程师
期望城市：佛山
期望行业：互联网/信息技术/软件服务
期望薪资：面议",3年前端开发工程师工作经验，精通Webpack、Element UI技术栈，参与过完整项目迭代，能够独立完成模块开发与问题排查，注重代码质量与开发效率，具备良好的沟通协作能力。,"苏州职业大学 | 数字媒体技术 | 专科
毕业时间：2019年6月
核心课程：数据结构、软件工程、数字信号处理、算法设计与分析","【携程（厦门）】 前端开发工程师
2025年11月 - 至今
    · 负责公司前端开发工程师相关业务的开发与维护，参与需求评审
    · 承担分配模块的编码、测试与优化工作，保障系统稳定运行
    · 对接产品、测试团队，跟进需求落地与缺陷修复

【恒信信息技术有限公司】 前端开发工程师
2024年5月 - 2025年11月
    · 负责公司前端开发工程师相关业务的开发与维护，参与需求评审
    · 承担分配模块的编码、测试与优化工作，保障系统稳定运行
    · 编写开发文档，沉淀技术规范，协助新人熟悉业务","■ 电商平台前端重构
  项目目标：升级旧版电商系统前端架构，提升用户体验与加载速度
  个人职责：负责商品详情页、购物车模块开发，组件化封装公共组件
  项目成果：首屏加载时间从3.2s降至1.8s，页面转化率提升12%

■ 企业后台管理系统
  项目目标：搭建企业运营管理后台，实现业务数据可视化
  个人职责：负责权限管理、数据报表模块开发，对接后端接口联调
  项目成果：覆盖12个业务部门，运营效率提升40%","专业技能：Vue、移动端适配、Webpack、React、Ant Design、HTML5
相关证书：软件设计师（中级）",拥有3年实际工作经验，技术功底扎实，熟悉完整开发流程；具备较强的问题解决能力，能够独立排查并解决常见技术问题；工作认真负责，注重团队协作，能够高效推进项目落地；持续学习，保持技术敏感度。
魏茜,女,13964846241,weixi8734@outlook.com,wx_weixi_409,福州,"期望岗位：运维工程师
期望城市：福州
期望行业：互联网/信息技术/软件服务
期望薪资：面议",5年运维工程师从业经验，精通Zabbix技术架构，主导过中型项目从0到1落地，擅长技术方案设计与性能优化，曾推动核心模块技术重构，带来显著效率提升，具备跨部门协作与项目推进能力。,"集美大学 | 信息管理与信息系统 | 本科
毕业时间：2017年6月
核心课程：数据库原理、算法设计与分析、机器学习、Java程序设计","【博思数据技术有限公司】 运维工程师
2025年6月 - 至今
    · 对接产品、测试团队，跟进需求落地与缺陷修复
    · 负责公司运维工程师相关业务的开发与维护，参与需求评审

【未来信息技术有限公司】 运维工程师
2024年10月 - 2025年4月
    · 负责公司运维工程师相关业务的开发与维护，参与需求评审
    · 对接产品、测试团队，跟进需求落地与缺陷修复
    · 编写开发文档，沉淀技术规范，协助新人熟悉业务

【恒信网络科技有限公司】 运维工程师
2023年12月 - 2024年9月
    · 编写开发文档，沉淀技术规范，协助新人熟悉业务
    · 承担分配模块的编码、测试与优化工作，保障系统稳定运行
    · 负责公司运维工程师相关业务的开发与维护，参与需求评审","■ 服务器集群运维优化
  项目目标：提升服务器集群稳定性，降低故障发生率
  个人职责：负责日常巡检、故障排查，优化监控告警规则与分级策略
  项目成果：服务器故障率下降60%，平均故障响应时间缩短至15分钟

■ CI/CD自动化流水线
  项目目标：实现代码自动化构建、测试、部署，提升发布效率
  个人职责：基于Jenkins搭建持续集成流水线，配置Docker容器化部署
  项目成果：发布周期从每周1次提升至每天3次，部署失误率降为0","专业技能：Redis、Nginx、Zabbix、Shell、Jenkins、Docker、网络运维
相关证书：PMP项目管理专业人士、系统架构设计师",拥有5年行业经验，技术视野开阔，具备方案设计与项目把控能力；逻辑清晰，善于定位并解决复杂技术问题；具备良好的团队管理与跨部门沟通能力，能够推动技术优化与业务落地；责任心强，追求技术与业务的平衡发展。
黎雪,女,13085788775,lixue2988@163.com,wx_lixue_394,南昌,"期望岗位：后端开发工程师
期望城市：南昌
期望行业：互联网/信息技术/软件服务
期望薪资：面议",2年后端开发工程师工作经验，精通MySQL、Docker技术栈，参与过完整项目迭代，能够独立完成模块开发与问题排查，注重代码质量与开发效率，具备良好的沟通协作能力。,"南昌大学 | 数学与应用数学 | 本科
毕业时间：2020年6月
核心课程：机器学习、操作系统、软件工程、数字信号处理","【天擎互联网科技有限公司】 后端开发工程师
2025年7月 - 至今
    · 编写开发文档，沉淀技术规范，协助新人熟悉业务
    · 承担分配模块的编码、测试与优化工作，保障系统稳定运行
    · 对接产品、测试团队，跟进需求落地与缺陷修复

【锐捷科技有限公司】 后端开发工程师
2024年3月 - 2025年6月
    · 负责公司后端开发工程师相关业务的开发与维护，参与需求评审
    · 承担分配模块的编码、测试与优化工作，保障系统稳定运行
    · 编写开发文档，沉淀技术规范，协助新人熟悉业务","■ 内容管理系统后端
  项目目标：搭建CMS系统后端服务，支持多站点内容发布
  个人职责：负责文章、栏目、权限模块接口开发，设计数据库表结构
  项目成果：支撑8个站点同时运营，内容发布效率提升3倍

■ 即时通讯服务开发
  项目目标：实现企业内部IM系统后端消息推送与存储
  个人职责：负责消息队列、离线消息、会话管理模块开发
  项目成果：支持万人同时在线，消息送达延迟低于100ms","专业技能：Docker、Redis、Gin、PostgreSQL、Kafka、MySQL、Java、Go
相关证书：无",拥有2年实际工作经验，技术功底扎实，熟悉完整开发流程；具备较强的问题解决能力，能够独立排查并解决常见技术问题；工作认真负责，注重团队协作，能够高效推进项目落地；持续学习，保持技术敏感度。
戴莉,女,18466486258,daili26@gmail.com,wx_daili_632,厦门,"期望岗位：Java开发工程师
期望城市：厦门
期望行业：互联网/信息技术/软件服务
期望薪资：面议",本科软件技术专业应届毕业生，掌握Docker、Docker基础技能，完成过课程设计与毕业项目，具备基础代码编写能力与问题排查思路，学习能力强，做事认真踏实，期望从事Java开发工程师相关工作。,"福建师范大学 | 软件技术 | 本科
毕业时间：2022年6月
核心课程：机器学习、数据库原理、Python编程、计算机网络","【校园实践】
    · 参与学校计算机协会技术部，负责协会网站日常维护
    · 协助老师完成实验室设备管理与系统环境搭建
    · 参与班级课程设计小组，担任后端开发角色","■ 校园二手交易平台（毕设）
  项目目标：搭建校园闲置物品发布与交易平台
  个人职责：负责用户模块、商品发布模块开发
  项目成果：完成系统原型，获得良好成绩","专业技能：Linux、Redis、微服务、RabbitMQ
相关证书：无",应届毕业，具备扎实的专业基础知识与学习能力，能够快速掌握新技术；工作态度认真负责，有耐心，注重细节；具备良好的团队意识与沟通能力，能够积极配合团队完成任务；期望在工作中积累经验，快速成长。
尹俊熙,男,18277504672,yinjunxi8316@gmail.com,wx_yinjunxi_118,南昌,"期望岗位：前端开发工程师
期望城市：南昌
期望行业：互联网/信息技术/软件服务
期望薪资：面议",专科数学与应用数学专业应届毕业生，掌握Ant Design、TypeScript基础技能，完成过课程设计与毕业项目，具备基础代码编写能力与问题排查思路，学习能力强，做事认真踏实，期望从事前端开发工程师相关工作。,"苏州职业大学 | 数学与应用数学 | 专科
毕业时间：2022年6月
核心课程：数据库原理、算法设计与分析、数据结构、机器学习","【校园实践】
    · 参与学校计算机协会技术部，负责协会网站日常维护
    · 协助老师完成实验室设备管理与系统环境搭建
    · 参与班级课程设计小组，担任后端开发角色","■ 校园社团官网（实训项目）
  项目目标：为学校社团开发官方展示网站
  个人职责：负责首页、新闻页、成员页开发
  项目成果：上线后访问量累计5000+","专业技能：CSS3、Element UI、React、TypeScript、移动端适配、Ant Design
相关证书：计算机一级、阿里云ACP云计算认证、计算机二级",应届毕业，具备扎实的专业基础知识与学习能力，能够快速掌握新技术；工作态度认真负责，有耐心，注重细节；具备良好的团队意识与沟通能力，能够积极配合团队完成任务；期望在工作中积累经验，快速成长。
段俊,男,18456433357,duanjun005@126.com,18707814005,福州,"期望岗位：软件测试工程师
期望城市：福州
期望行业：互联网/信息技术/软件服务
期望薪资：面议",1年软件测试工程师工作经验，精通Selenium、测试用例设计技术栈，参与过完整项目迭代，能够独立完成模块开发与问题排查，注重代码质量与开发效率，具备良好的沟通协作能力。,"佛山科学技术学院 | 物联网工程 | 本科
毕业时间：2021年6月
核心课程：操作系统、数据库原理、算法设计与分析、Python编程","【vivo（东莞）】 软件测试工程师
2025年3月 - 至今
    · 编写开发文档，沉淀技术规范，协助新人熟悉业务
    · 负责公司软件测试工程师相关业务的开发与维护，参与需求评审","■ 电商平台功能测试
  项目目标：保障电商系统上线质量，覆盖全业务流程
  个人职责：设计测试用例，执行功能、回归测试，提交缺陷报告
  项目成果：发现并修复120+缺陷，上线后线上缺陷率低于0.5%

■ 自动化测试框架搭建
  项目目标：提升回归测试效率，减少人工重复劳动
  个人职责：基于Selenium搭建UI自动化框架，编写核心模块测试脚本
  项目成果：回归测试周期从7天缩短至2天，覆盖率达85%","专业技能：Selenium、功能测试、Python、测试用例设计、JMeter、Postman、性能测试
相关证书：MySQL数据库认证、红帽RHCE认证",拥有1年实际工作经验，技术功底扎实，熟悉完整开发流程；具备较强的问题解决能力，能够独立排查并解决常见技术问题；工作认真负责，注重团队协作，能够高效推进项目落地；持续学习，保持技术敏感度。
唐梓轩,男,17769479806,tang梓xuan6451@126.com,wx_tang梓xuan_422,龙岩,"期望岗位：后端开发工程师
期望城市：龙岩
期望行业：互联网/信息技术/软件服务
期望薪资：面议",5年后端开发工程师从业经验，精通Docker技术架构，主导过中型项目从0到1落地，擅长技术方案设计与性能优化，曾推动核心模块技术重构，带来显著效率提升，具备跨部门协作与项目推进能力。,"浙江万里学院 | 信息管理与信息系统 | 本科
毕业时间：2017年6月
核心课程：计算机网络、Python编程、软件工程、操作系统","【易联信息技术有限公司】 后端开发工程师
2025年7月 - 至今
    · 承担分配模块的编码、测试与优化工作，保障系统稳定运行
    · 对接产品、测试团队，跟进需求落地与缺陷修复
    · 负责公司后端开发工程师相关业务的开发与维护，参与需求评审

【未来网络科技有限公司】 后端开发工程师
2024年1月 - 2025年5月
    · 负责公司后端开发工程师相关业务的开发与维护，参与需求评审
    · 对接产品、测试团队，跟进需求落地与缺陷修复
    · 承担分配模块的编码、测试与优化工作，保障系统稳定运行

【微远软件有限公司】 后端开发工程师
2023年2月 - 2024年6月
    · 承担分配模块的编码、测试与优化工作，保障系统稳定运行
    · 负责公司后端开发工程师相关业务的开发与维护，参与需求评审","■ 即时通讯服务开发
  项目目标：实现企业内部IM系统后端消息推送与存储
  个人职责：负责消息队列、离线消息、会话管理模块开发
  项目成果：支持万人同时在线，消息送达延迟低于100ms

■ 内容管理系统后端
  项目目标：搭建CMS系统后端服务，支持多站点内容发布
  个人职责：负责文章、栏目、权限模块接口开发，设计数据库表结构
  项目成果：支撑8个站点同时运营，内容发布效率提升3倍","专业技能：Redis、K8s、Docker、MySQL、Gin、Java、Python
相关证书：红帽RHCE认证、阿里云ACP云计算认证、计算机二级",拥有5年行业经验，技术视野开阔，具备方案设计与项目把控能力；逻辑清晰，善于定位并解决复杂技术问题；具备良好的团队管理与跨部门沟通能力，能够推动技术优化与业务落地；责任心强，追求技术与业务的平衡发展。
王彬,男,17784915487,wangbin374@qq.com,wx_wangbin_287,漳州,"期望岗位：数据分析师
期望城市：漳州
期望行业：互联网/信息技术/软件服务
期望薪资：面议",本科数字媒体技术专业应届毕业生，掌握NumPy、数据可视化基础技能，完成过课程设计与毕业项目，具备基础代码编写能力与问题排查思路，学习能力强，做事认真踏实，期望从事数据分析师相关工作。,"南京理工大学 | 数字媒体技术 | 本科
毕业时间：2022年6月
核心课程：软件工程、算法设计与分析、数据结构、数字信号处理","【校园实践】
    · 参与学校计算机协会技术部，负责协会网站日常维护
    · 协助老师完成实验室设备管理与系统环境搭建
    · 参与班级课程设计小组，担任后端开发角色","■ 学生成绩数据分析
  项目目标：对班级期末成绩进行统计分析
  个人职责：数据清洗、可视化图表制作、结论输出
  项目成果：输出分析报告，提出3点教学建议","专业技能：数据可视化、Power BI、用户分析、MySQL
相关证书：无",应届毕业，具备扎实的专业基础知识与学习能力，能够快速掌握新技术；工作态度认真负责，有耐心，注重细节；具备良好的团队意识与沟通能力，能够积极配合团队完成任务；期望在工作中积累经验，快速成长。
谭敏,女,18086991192,tanmin568@126.com,wx_tanmin_365,东莞,"期望岗位：Python开发工程师
期望城市：东莞
期望行业：互联网/信息技术/软件服务
期望薪资：面议",3年Python开发工程师从业经验，精通Python技术架构，主导过中型项目从0到1落地，擅长技术方案设计与性能优化，曾推动核心模块技术重构，带来显著效率提升，具备跨部门协作与项目推进能力。,"福建农林大学 | 计算机科学与技术 | 本科
毕业时间：2019年6月
核心课程：计算机网络、Java程序设计、机器学习、操作系统","【中软科技有限公司】 Python开发工程师
2025年10月 - 至今
    · 对接产品、测试团队，跟进需求落地与缺陷修复
    · 负责公司Python开发工程师相关业务的开发与维护，参与需求评审
    · 编写开发文档，沉淀技术规范，协助新人熟悉业务

【金蝶互联网科技有限公司】 Python开发工程师
2024年3月 - 2025年5月
    · 对接产品、测试团队，跟进需求落地与缺陷修复
    · 承担分配模块的编码、测试与优化工作，保障系统稳定运行
    · 负责公司Python开发工程师相关业务的开发与维护，参与需求评审","■ 数据采集爬虫系统
  项目目标：搭建分布式爬虫平台，采集多渠道公开数据
  个人职责：负责反爬策略破解、数据清洗、入库逻辑开发
  项目成果：日均采集数据50万条，数据准确率98%以上

■ 自动化运维平台
  项目目标：开发运维管理平台，实现服务器批量管理
  个人职责：负责监控、告警、任务调度模块后端开发
  项目成果：管理服务器200+，运维人力成本降低50%","专业技能：Celery、MongoDB、MySQL、Docker、爬虫、Flask、Git、Python
相关证书：英语六级、MySQL数据库认证、红帽RHCE认证",拥有3年行业经验，技术视野开阔，具备方案设计与项目把控能力；逻辑清晰，善于定位并解决复杂技术问题；具备良好的团队管理与跨部门沟通能力，能够推动技术优化与业务落地；责任心强，追求技术与业务的平衡发展。
程建,男,18300067878,chengjian65@163.com,15970450341,三明,"期望岗位：算法工程师
期望城市：三明
期望行业：互联网/信息技术/软件服务
期望薪资：面议",3年算法工程师从业经验，精通PyTorch技术架构，主导过中型项目从0到1落地，擅长技术方案设计与性能优化，曾推动核心模块技术重构，带来显著效率提升，具备跨部门协作与项目推进能力。,"东南大学 | 计算机科学与技术 | 本科
毕业时间：2019年6月
核心课程：数字信号处理、算法设计与分析、计算机网络、软件工程","【金蝶互联网科技有限公司】 算法工程师
2025年3月 - 至今
    · 编写开发文档，沉淀技术规范，协助新人熟悉业务
    · 对接产品、测试团队，跟进需求落地与缺陷修复
    · 负责公司算法工程师相关业务的开发与维护，参与需求评审

【恒信网络科技有限公司】 算法工程师
2024年12月 - 2025年4月
    · 负责公司算法工程师相关业务的开发与维护，参与需求评审
    · 承担分配模块的编码、测试与优化工作，保障系统稳定运行
    · 编写开发文档，沉淀技术规范，协助新人熟悉业务","■ 风控欺诈识别模型
  项目目标：识别交易欺诈行为，降低资金损失风险
  个人职责：特征工程，构建XGBoost风控模型，在线部署与迭代
  项目成果：欺诈识别准确率达92%，每年减少损失超200万

■ 个性化推荐系统
  项目目标：提升内容推荐精准度，增加用户停留时长
  个人职责：负责协同过滤、深度学习推荐模型开发与离线优化
  项目成果：用户平均停留时长提升25%，点击率提升15%","专业技能：SQL、Python、数据结构、机器学习、推荐算法、PyTorch、TensorFlow、算法优化、计算机视觉
相关证书：华为HCIA认证",拥有3年行业经验，技术视野开阔，具备方案设计与项目把控能力；逻辑清晰，善于定位并解决复杂技术问题；具备良好的团队管理与跨部门沟通能力，能够推动技术优化与业务落地；责任心强，追求技术与业务的平衡发展。
周雨桐,女,18528633633,zhou雨tong4789@outlook.com,wx_zhou雨tong_563,莆田,"期望岗位：前端开发工程师
期望城市：莆田
期望行业：互联网/信息技术/软件服务
期望薪资：面议",1年前端开发工程师工作经验，精通JavaScript、CSS3技术栈，参与过完整项目迭代，能够独立完成模块开发与问题排查，注重代码质量与开发效率，具备良好的沟通协作能力。,"中山大学 | 数学与应用数学 | 本科
毕业时间：2021年6月
核心课程：计算机网络、数字信号处理、软件工程、数据结构","【科创软件有限公司】 前端开发工程师
2025年11月 - 至今
    · 承担分配模块的编码、测试与优化工作，保障系统稳定运行
    · 负责公司前端开发工程师相关业务的开发与维护，参与需求评审","■ 企业后台管理系统
  项目目标：搭建企业运营管理后台，实现业务数据可视化
  个人职责：负责权限管理、数据报表模块开发，对接后端接口联调
  项目成果：覆盖12个业务部门，运营效率提升40%

■ 电商平台前端重构
  项目目标：升级旧版电商系统前端架构，提升用户体验与加载速度
  个人职责：负责商品详情页、购物车模块开发，组件化封装公共组件
  项目成果：首屏加载时间从3.2s降至1.8s，页面转化率提升12%","专业技能：Vue、Axios、TypeScript、Webpack、Vite、Element UI、JavaScript
相关证书：阿里云ACP云计算认证",拥有1年实际工作经验，技术功底扎实，熟悉完整开发流程；具备较强的问题解决能力，能够独立排查并解决常见技术问题；工作认真负责，注重团队协作，能够高效推进项目落地；持续学习，保持技术敏感度。
龚瑶,女,13952412348,gongyao1877@gmail.com,18404883525,东莞,"期望岗位：数据分析师
期望城市：东莞
期望行业：互联网/信息技术/软件服务
期望薪资：面议",专科数学与应用数学专业应届毕业生，有1段数据分析师实习经验，掌握MySQL技术栈，参与过实习项目开发，具备良好的代码规范与团队协作意识，能够快速上手业务，期望正式入职发展。,"泉州经贸职业技术学院 | 数学与应用数学 | 专科
毕业时间：2021年6月
核心课程：软件工程、数据库原理、算法设计与分析、数字信号处理","【阿里巴巴（福州分公司）】 数据分析师（实习）
2025年2月 - 至今
    · 负责公司数据分析师相关业务的开发与维护，参与需求评审
    · 承担分配模块的编码、测试与优化工作，保障系统稳定运行","■ 电商公开数据爬取分析
  项目目标：采集公开电商商品数据并分析
  个人职责：数据爬取、清洗、价格销量分析
  项目成果：输出可视化分析图表

■ 学生成绩数据分析
  项目目标：对班级期末成绩进行统计分析
  个人职责：数据清洗、可视化图表制作、结论输出
  项目成果：输出分析报告，提出3点教学建议","专业技能：MySQL、Tableau、Hive、Excel、Power BI
相关证书：华为HCIA认证、软件设计师（中级）、计算机一级",有实习经验，熟悉开发基本流程，具备基础的项目实践能力；学习能力强，能够快速上手新业务新技术；工作踏实，责任心强，善于沟通协作，能够高效完成分配的工作任务。
苏佳怡,女,18198795784,sujiayi155@gmail.com,wx_sujiayi_604,苏州,"期望岗位：前端开发工程师
期望城市：苏州
期望行业：互联网/信息技术/软件服务
期望薪资：面议",本科软件工程专业应届毕业生，有0段前端开发工程师实习经验，掌握移动端适配技术栈，参与过实习项目开发，具备良好的代码规范与团队协作意识，能够快速上手业务，期望正式入职发展。,"南京理工大学 | 软件工程 | 本科
毕业时间：2022年6月
核心课程：数据结构、算法设计与分析、Java程序设计、计算机网络","【数聚互联网科技有限公司】 前端开发工程师（实习）
2019年10月 - 至今
    · 负责公司前端开发工程师相关业务的开发与维护，参与需求评审
    · 编写开发文档，沉淀技术规范，协助新人熟悉业务","■ 个人博客系统（课程作业）
  项目目标：开发个人博客前端页面，实现文章展示与评论
  个人职责：负责页面布局、交互效果、接口联调
  项目成果：完成响应式页面，兼容多浏览器

■ 校园社团官网（实训项目）
  项目目标：为学校社团开发官方展示网站
  个人职责：负责首页、新闻页、成员页开发
  项目成果：上线后访问量累计5000+","专业技能：Vite、CSS3、Element UI、Ant Design、Vue
相关证书：计算机二级",有实习经验，熟悉开发基本流程，具备基础的项目实践能力；学习能力强，能够快速上手新业务新技术；工作踏实，责任心强，善于沟通协作，能够高效完成分配的工作任务。
姚燕,女,15527911024,yaoyan468@163.com,15093711560,深圳,"期望岗位：运维工程师
期望城市：深圳
期望行业：互联网/信息技术/软件服务
期望薪资：面议",本科电子信息工程专业应届毕业生，有0段运维工程师实习经验，掌握Shell技术栈，参与过实习项目开发，具备良好的代码规范与团队协作意识，能够快速上手业务，期望正式入职发展。,"南京理工大学 | 电子信息工程 | 本科
毕业时间：2022年6月
核心课程：数据库原理、Java程序设计、计算机网络、数据结构","【腾讯（深圳分公司）】 运维工程师（实习）
2020年2月 - 至今
    · 对接产品、测试团队，跟进需求落地与缺陷修复
    · 承担分配模块的编码、测试与优化工作，保障系统稳定运行","■ 实验室服务器搭建实训
  项目目标：搭建实验室Linux服务器环境
  个人职责：负责系统安装、网络配置、基础服务部署
  项目成果：完成3台服务器环境搭建

■ 简单监控脚本开发
  项目目标：编写服务器状态监控脚本
  个人职责：实现CPU、内存、磁盘使用率自动采集
  项目成果：支持异常邮件告警","专业技能：Docker、网络运维、Zabbix、Kubernetes、Prometheus、Nginx
相关证书：计算机一级",有实习经验，熟悉开发基本流程，具备基础的项目实践能力；学习能力强，能够快速上手新业务新技术；工作踏实，责任心强，善于沟通协作，能够高效完成分配的工作任务。
胡婷,女,17757488780,huting123@qq.com,wx_huting_656,苏州,"期望岗位：软件测试工程师
期望城市：苏州
期望行业：互联网/信息技术/软件服务
期望薪资：面议",专科软件技术专业应届毕业生，掌握MySQL、缺陷管理基础技能，完成过课程设计与毕业项目，具备基础代码编写能力与问题排查思路，学习能力强，做事认真踏实，期望从事软件测试工程师相关工作。,"苏州职业大学 | 软件技术 | 专科
毕业时间：2022年6月
核心课程：数据结构、Python编程、软件工程、操作系统","【校园实践】
    · 参与学校计算机协会技术部，负责协会网站日常维护
    · 协助老师完成实验室设备管理与系统环境搭建
    · 参与班级课程设计小组，担任后端开发角色","■ 学生管理系统功能测试
  项目目标：对课程设计系统进行功能测试与缺陷提交
  个人职责：设计测试用例，执行黑盒测试
  项目成果：发现并提交8个功能缺陷","专业技能：JMeter、Appium、TestNG、Selenium、缺陷管理、Postman、功能测试
相关证书：无",应届毕业，具备扎实的专业基础知识与学习能力，能够快速掌握新技术；工作态度认真负责，有耐心，注重细节；具备良好的团队意识与沟通能力，能够积极配合团队完成任务；期望在工作中积累经验，快速成长。
姚红,女,18312758885,yaohong9602@126.com,wx_yaohong_343,南平,"期望岗位：算法工程师
期望城市：南平
期望行业：互联网/信息技术/软件服务
期望薪资：面议",2年算法工程师工作经验，精通算法优化、SQL技术栈，参与过完整项目迭代，能够独立完成模块开发与问题排查，注重代码质量与开发效率，具备良好的沟通协作能力。,"广东技术师范大学 | 物联网工程 | 本科
毕业时间：2020年6月
核心课程：数据库原理、软件工程、算法设计与分析、计算机网络","【新科软件有限公司】 算法工程师
2025年8月 - 至今
    · 承担分配模块的编码、测试与优化工作，保障系统稳定运行
    · 对接产品、测试团队，跟进需求落地与缺陷修复
    · 负责公司算法工程师相关业务的开发与维护，参与需求评审

【东软科技有限公司】 算法工程师
2024年9月 - 2025年2月
    · 负责公司算法工程师相关业务的开发与维护，参与需求评审
    · 对接产品、测试团队，跟进需求落地与缺陷修复","■ 风控欺诈识别模型
  项目目标：识别交易欺诈行为，降低资金损失风险
  个人职责：特征工程，构建XGBoost风控模型，在线部署与迭代
  项目成果：欺诈识别准确率达92%，每年减少损失超200万

■ 个性化推荐系统
  项目目标：提升内容推荐精准度，增加用户停留时长
  个人职责：负责协同过滤、深度学习推荐模型开发与离线优化
  项目成果：用户平均停留时长提升25%，点击率提升15%","专业技能：数据结构、机器学习、深度学习、TensorFlow、Python、NLP、特征工程、计算机视觉、PyTorch
相关证书：计算机二级",拥有2年实际工作经验，技术功底扎实，熟悉完整开发流程；具备较强的问题解决能力，能够独立排查并解决常见技术问题；工作认真负责，注重团队协作，能够高效推进项目落地；持续学习，保持技术敏感度。
邱一诺,女,15120579404,qiu一nuo0061@126.com,13317450880,佛山,"期望岗位：算法工程师
期望城市：佛山
期望行业：互联网/信息技术/软件服务
期望薪资：面议",1年算法工程师工作经验，精通深度学习、TensorFlow技术栈，参与过完整项目迭代，能够独立完成模块开发与问题排查，注重代码质量与开发效率，具备良好的沟通协作能力。,"浙江工业大学 | 软件技术 | 本科
毕业时间：2021年6月
核心课程：机器学习、数据结构、算法设计与分析、数据库原理","【新科数据技术有限公司】 算法工程师
2025年5月 - 至今
    · 负责公司算法工程师相关业务的开发与维护，参与需求评审
    · 对接产品、测试团队，跟进需求落地与缺陷修复
    · 编写开发文档，沉淀技术规范，协助新人熟悉业务","■ 风控欺诈识别模型
  项目目标：识别交易欺诈行为，降低资金损失风险
  个人职责：特征工程，构建XGBoost风控模型，在线部署与迭代
  项目成果：欺诈识别准确率达92%，每年减少损失超200万

■ 个性化推荐系统
  项目目标：提升内容推荐精准度，增加用户停留时长
  个人职责：负责协同过滤、深度学习推荐模型开发与离线优化
  项目成果：用户平均停留时长提升25%，点击率提升15%","专业技能：PyTorch、特征工程、机器学习、深度学习、数据结构、NLP、计算机视觉、算法优化、SQL
相关证书：英语四级、软件设计师（中级）",拥有1年实际工作经验，技术功底扎实，熟悉完整开发流程；具备较强的问题解决能力，能够独立排查并解决常见技术问题；工作认真负责，注重团队协作，能够高效推进项目落地；持续学习，保持技术敏感度。
孙梅,女,13252397199,sunmei3775@qq.com,13988417486,福州,"期望岗位：运维工程师
期望城市：福州
期望行业：互联网/信息技术/软件服务
期望薪资：面议",专科网络工程专业应届毕业生，有0段运维工程师实习经验，掌握Zabbix技术栈，参与过实习项目开发，具备良好的代码规范与团队协作意识，能够快速上手业务，期望正式入职发展。,"广东轻工职业技术学院 | 网络工程 | 专科
毕业时间：2022年6月
核心课程：操作系统、数据库原理、软件工程、数据结构","【恒信信息技术有限公司】 运维工程师（实习）
2019年6月 - 至今
    · 承担分配模块的编码、测试与优化工作，保障系统稳定运行
    · 对接产品、测试团队，跟进需求落地与缺陷修复","■ 实验室服务器搭建实训
  项目目标：搭建实验室Linux服务器环境
  个人职责：负责系统安装、网络配置、基础服务部署
  项目成果：完成3台服务器环境搭建

■ 简单监控脚本开发
  项目目标：编写服务器状态监控脚本
  个人职责：实现CPU、内存、磁盘使用率自动采集
  项目成果：支持异常邮件告警","专业技能：Shell、Kubernetes、MySQL、Redis、Linux
相关证书：计算机一级、计算机二级、英语六级",有实习经验，熟悉开发基本流程，具备基础的项目实践能力；学习能力强，能够快速上手新业务新技术；工作踏实，责任心强，善于沟通协作，能够高效完成分配的工作任务。
蒋杰,男,13166543768,jiangjie26@gmail.com,13952705249,南平,"期望岗位：运维工程师
期望城市：南平
期望行业：互联网/信息技术/软件服务
期望薪资：面议",2年运维工程师工作经验，精通Kubernetes、Ansible技术栈，参与过完整项目迭代，能够独立完成模块开发与问题排查，注重代码质量与开发效率，具备良好的沟通协作能力。,"福州大学 | 数据科学与大数据技术 | 本科
毕业时间：2020年6月
核心课程：数据结构、数字信号处理、算法设计与分析、计算机网络","【博思信息技术有限公司】 运维工程师
2025年10月 - 至今
    · 承担分配模块的编码、测试与优化工作，保障系统稳定运行
    · 负责公司运维工程师相关业务的开发与维护，参与需求评审
    · 编写开发文档，沉淀技术规范，协助新人熟悉业务

【安硕互联网科技有限公司】 运维工程师
2024年10月 - 2025年7月
    · 承担分配模块的编码、测试与优化工作，保障系统稳定运行
    · 负责公司运维工程师相关业务的开发与维护，参与需求评审","■ 服务器集群运维优化
  项目目标：提升服务器集群稳定性，降低故障发生率
  个人职责：负责日常巡检、故障排查，优化监控告警规则与分级策略
  项目成果：服务器故障率下降60%，平均故障响应时间缩短至15分钟

■ CI/CD自动化流水线
  项目目标：实现代码自动化构建、测试、部署，提升发布效率
  个人职责：基于Jenkins搭建持续集成流水线，配置Docker容器化部署
  项目成果：发布周期从每周1次提升至每天3次，部署失误率降为0","专业技能：Ansible、Prometheus、Shell、MySQL、Linux、Jenkins、Redis、Nginx
相关证书：软件设计师（中级）",拥有2年实际工作经验，技术功底扎实，熟悉完整开发流程；具备较强的问题解决能力，能够独立排查并解决常见技术问题；工作认真负责，注重团队协作，能够高效推进项目落地；持续学习，保持技术敏感度。
曾静,女,13174882127,zengjing053@gmail.com,wx_zengjing_950,珠海,"期望岗位：软件测试工程师
期望城市：珠海
期望行业：互联网/信息技术/软件服务
期望薪资：面议",专科通信工程专业应届毕业生，有0段软件测试工程师实习经验，掌握功能测试技术栈，参与过实习项目开发，具备良好的代码规范与团队协作意识，能够快速上手业务，期望正式入职发展。,"江西交通职业技术学院 | 通信工程 | 专科
毕业时间：2022年6月
核心课程：数据结构、软件工程、机器学习、数字信号处理","【携程（厦门）】 软件测试工程师（实习）
2020年4月 - 至今
    · 编写开发文档，沉淀技术规范，协助新人熟悉业务
    · 对接产品、测试团队，跟进需求落地与缺陷修复","■ 网页兼容性测试实训
  项目目标：对多个网站进行浏览器兼容测试
  个人职责：制定测试方案，输出测试报告
  项目成果：覆盖5款主流浏览器

■ 学生管理系统功能测试
  项目目标：对课程设计系统进行功能测试与缺陷提交
  个人职责：设计测试用例，执行黑盒测试
  项目成果：发现并提交8个功能缺陷","专业技能：Postman、MySQL、Selenium、Python、功能测试、JMeter
相关证书：计算机二级、英语四级",有实习经验，熟悉开发基本流程，具备基础的项目实践能力；学习能力强，能够快速上手新业务新技术；工作踏实，责任心强，善于沟通协作，能够高效完成分配的工作任务。
贺华,男,15506558237,hehua42@outlook.com,wx_hehua_743,福州,"期望岗位：后端开发工程师
期望城市：福州
期望行业：互联网/信息技术/软件服务
期望薪资：面议",本科网络工程专业应届毕业生，掌握MySQL、K8s基础技能，完成过课程设计与毕业项目，具备基础代码编写能力与问题排查思路，学习能力强，做事认真踏实，期望从事后端开发工程师相关工作。,"闽南师范大学 | 网络工程 | 本科
毕业时间：2022年6月
核心课程：Java程序设计、算法设计与分析、计算机网络、数据库原理","【校园实践】
    · 参与学校计算机协会技术部，负责协会网站日常维护
    · 协助老师完成实验室设备管理与系统环境搭建
    · 参与班级课程设计小组，担任后端开发角色","■ 简单论坛系统
  项目目标：实现帖子发布、回复、板块管理
  个人职责：负责后端服务开发与接口文档编写
  项目成果：支持百人同时在线访问","专业技能：Docker、Java、Python、Kafka、SpringBoot、微服务
相关证书：英语六级、计算机二级、软考中级",应届毕业，具备扎实的专业基础知识与学习能力，能够快速掌握新技术；工作态度认真负责，有耐心，注重细节；具备良好的团队意识与沟通能力，能够积极配合团队完成任务；期望在工作中积累经验，快速成长。
蔡博文,男,13563589252,caibowen69@126.com,wx_caibowen_295,南京,"期望岗位：前端开发工程师
期望城市：南京
期望行业：互联网/信息技术/软件服务
期望薪资：面议",8年前端开发工程师资深经验，精通全链路技术架构，具备团队技术规划与方案设计能力，主导过多个大型项目重构与升级，在高并发/系统稳定性领域有深厚积累，能够带领团队攻克技术难题，驱动业务技术升级。,"南京工程学院 | 软件工程 | 本科
毕业时间：2014年6月
核心课程：数据库原理、Java程序设计、Python编程、数据结构","【智联信息技术有限公司】 前端开发工程师
2024年9月 - 至今
    · 负责公司前端开发工程师相关业务的开发与维护，参与需求评审
    · 承担分配模块的编码、测试与优化工作，保障系统稳定运行
    · 编写开发文档，沉淀技术规范，协助新人熟悉业务

【锐捷信息技术有限公司】 前端开发工程师
2022年3月 - 2024年12月
    · 编写开发文档，沉淀技术规范，协助新人熟悉业务
    · 负责公司前端开发工程师相关业务的开发与维护，参与需求评审

【智联互联网科技有限公司】 前端开发工程师
2020年12月 - 2022年6月
    · 对接产品、测试团队，跟进需求落地与缺陷修复
    · 编写开发文档，沉淀技术规范，协助新人熟悉业务
    · 负责公司前端开发工程师相关业务的开发与维护，参与需求评审","■ 电商平台前端重构
  项目目标：升级旧版电商系统前端架构，提升用户体验与加载速度
  个人职责：负责商品详情页、购物车模块开发，组件化封装公共组件
  项目成果：首屏加载时间从3.2s降至1.8s，页面转化率提升12%

■ 企业后台管理系统
  项目目标：搭建企业运营管理后台，实现业务数据可视化
  个人职责：负责权限管理、数据报表模块开发，对接后端接口联调
  项目成果：覆盖12个业务部门，运营效率提升40%","专业技能：Webpack、HTML5、JavaScript、移动端适配、Element UI、Vue
相关证书：英语六级",拥有8年行业经验，技术视野开阔，具备方案设计与项目把控能力；逻辑清晰，善于定位并解决复杂技术问题；具备良好的团队管理与跨部门沟通能力，能够推动技术优化与业务落地；责任心强，追求技术与业务的平衡发展。
汤鹏,男,15055898634,tangpeng18@163.com,15033133981,漳州,"期望岗位：软件测试工程师
期望城市：漳州
期望行业：互联网/信息技术/软件服务
期望薪资：面议",本科通信工程专业应届毕业生，有0段软件测试工程师实习经验，掌握Appium技术栈，参与过实习项目开发，具备良好的代码规范与团队协作意识，能够快速上手业务，期望正式入职发展。,"江西师范大学 | 通信工程 | 本科
毕业时间：2022年6月
核心课程：Python编程、Java程序设计、算法设计与分析、操作系统","【卓望数据技术有限公司】 软件测试工程师（实习）
2022年8月 - 至今
    · 承担分配模块的编码、测试与优化工作，保障系统稳定运行
    · 对接产品、测试团队，跟进需求落地与缺陷修复
    · 负责公司软件测试工程师相关业务的开发与维护，参与需求评审","■ 网页兼容性测试实训
  项目目标：对多个网站进行浏览器兼容测试
  个人职责：制定测试方案，输出测试报告
  项目成果：覆盖5款主流浏览器

■ 学生管理系统功能测试
  项目目标：对课程设计系统进行功能测试与缺陷提交
  个人职责：设计测试用例，执行黑盒测试
  项目成果：发现并提交8个功能缺陷","专业技能：缺陷管理、Python、JMeter、功能测试、MySQL、Appium、Selenium
相关证书：无",有实习经验，熟悉开发基本流程，具备基础的项目实践能力；学习能力强，能够快速上手新业务新技术；工作踏实，责任心强，善于沟通协作，能够高效完成分配的工作任务。
田皓,男,15850296180,tianhao86@126.com,wx_tianhao_533,泉州,"期望岗位：前端开发工程师
期望城市：泉州
期望行业：互联网/信息技术/软件服务
期望薪资：面议",专科物联网工程专业应届毕业生，掌握HTML5、Ant Design基础技能，完成过课程设计与毕业项目，具备基础代码编写能力与问题排查思路，学习能力强，做事认真踏实，期望从事前端开发工程师相关工作。,"泉州经贸职业技术学院 | 物联网工程 | 专科
毕业时间：2022年6月
核心课程：数据库原理、操作系统、算法设计与分析、数字信号处理","【校园实践】
    · 参与学校计算机协会技术部，负责协会网站日常维护
    · 协助老师完成实验室设备管理与系统环境搭建
    · 参与班级课程设计小组，担任后端开发角色","■ 校园社团官网（实训项目）
  项目目标：为学校社团开发官方展示网站
  个人职责：负责首页、新闻页、成员页开发
  项目成果：上线后访问量累计5000+","专业技能：Ant Design、Vue、HTML5、CSS3、React
相关证书：软考中级",应届毕业，具备扎实的专业基础知识与学习能力，能够快速掌握新技术；工作态度认真负责，有耐心，注重细节；具备良好的团队意识与沟通能力，能够积极配合团队完成任务；期望在工作中积累经验，快速成长。
姚鑫,男,18986653515,yaoxin1138@outlook.com,wx_yaoxin_938,珠海,"期望岗位：前端开发工程师
期望城市：珠海
期望行业：互联网/信息技术/软件服务
期望薪资：面议",2年前端开发工程师工作经验，精通Webpack、Webpack技术栈，参与过完整项目迭代，能够独立完成模块开发与问题排查，注重代码质量与开发效率，具备良好的沟通协作能力。,"集美大学 | 数据科学与大数据技术 | 本科
毕业时间：2020年6月
核心课程：数字信号处理、机器学习、数据库原理、数据结构","【未来软件有限公司】 前端开发工程师
2025年12月 - 至今
    · 编写开发文档，沉淀技术规范，协助新人熟悉业务
    · 对接产品、测试团队，跟进需求落地与缺陷修复

【卓望信息技术有限公司】 前端开发工程师
2024年7月 - 2025年1月
    · 负责公司前端开发工程师相关业务的开发与维护，参与需求评审
    · 承担分配模块的编码、测试与优化工作，保障系统稳定运行","■ 电商平台前端重构
  项目目标：升级旧版电商系统前端架构，提升用户体验与加载速度
  个人职责：负责商品详情页、购物车模块开发，组件化封装公共组件
  项目成果：首屏加载时间从3.2s降至1.8s，页面转化率提升12%

■ 企业后台管理系统
  项目目标：搭建企业运营管理后台，实现业务数据可视化
  个人职责：负责权限管理、数据报表模块开发，对接后端接口联调
  项目成果：覆盖12个业务部门，运营效率提升40%","专业技能：React、CSS3、Vue、TypeScript、Element UI、移动端适配、JavaScript
相关证书：计算机二级、MySQL数据库认证",拥有2年实际工作经验，技术功底扎实，熟悉完整开发流程；具备较强的问题解决能力，能够独立排查并解决常见技术问题；工作认真负责，注重团队协作，能够高效推进项目落地；持续学习，保持技术敏感度。
董健,男,15131846541,dongjian81@gmail.com,wx_dongjian_705,佛山,"期望岗位：Python开发工程师
期望城市：佛山
期望行业：互联网/信息技术/软件服务
期望薪资：面议",1年Python开发工程师工作经验，精通MongoDB、MySQL技术栈，参与过完整项目迭代，能够独立完成模块开发与问题排查，注重代码质量与开发效率，具备良好的沟通协作能力。,"苏州职业大学 | 计算机科学与技术 | 专科
毕业时间：2021年6月
核心课程：计算机网络、数据结构、操作系统、算法设计与分析","【信雅软件有限公司】 Python开发工程师
2025年8月 - 至今
    · 编写开发文档，沉淀技术规范，协助新人熟悉业务
    · 对接产品、测试团队，跟进需求落地与缺陷修复","■ 自动化运维平台
  项目目标：开发运维管理平台，实现服务器批量管理
  个人职责：负责监控、告警、任务调度模块后端开发
  项目成果：管理服务器200+，运维人力成本降低50%

■ 数据采集爬虫系统
  项目目标：搭建分布式爬虫平台，采集多渠道公开数据
  个人职责：负责反爬策略破解、数据清洗、入库逻辑开发
  项目成果：日均采集数据50万条，数据准确率98%以上","专业技能：Django、爬虫、Docker、Redis、MySQL、MongoDB、Linux
相关证书：软考中级、阿里云ACP云计算认证",拥有1年实际工作经验，技术功底扎实，熟悉完整开发流程；具备较强的问题解决能力，能够独立排查并解决常见技术问题；工作认真负责，注重团队协作，能够高效推进项目落地；持续学习，保持技术敏感度。
范倩,女,13582532553,fanqian49@126.com,15363516318,佛山,"期望岗位：Python开发工程师
期望城市：佛山
期望行业：互联网/信息技术/软件服务
期望薪资：面议",3年Python开发工程师工作经验，精通MySQL、爬虫技术栈，参与过完整项目迭代，能够独立完成模块开发与问题排查，注重代码质量与开发效率，具备良好的沟通协作能力。,"江西师范大学 | 软件技术 | 本科
毕业时间：2019年6月
核心课程：操作系统、数字信号处理、软件工程、算法设计与分析","【启明软件有限公司】 Python开发工程师
2025年5月 - 至今
    · 承担分配模块的编码、测试与优化工作，保障系统稳定运行
    · 负责公司Python开发工程师相关业务的开发与维护，参与需求评审
    · 对接产品、测试团队，跟进需求落地与缺陷修复

【微远数据技术有限公司】 Python开发工程师
2024年2月 - 2025年4月
    · 承担分配模块的编码、测试与优化工作，保障系统稳定运行
    · 编写开发文档，沉淀技术规范，协助新人熟悉业务
    · 负责公司Python开发工程师相关业务的开发与维护，参与需求评审","■ 自动化运维平台
  项目目标：开发运维管理平台，实现服务器批量管理
  个人职责：负责监控、告警、任务调度模块后端开发
  项目成果：管理服务器200+，运维人力成本降低50%

■ 数据采集爬虫系统
  项目目标：搭建分布式爬虫平台，采集多渠道公开数据
  个人职责：负责反爬策略破解、数据清洗、入库逻辑开发
  项目成果：日均采集数据50万条，数据准确率98%以上","专业技能：MySQL、Linux、Python、FastAPI、MongoDB、Git、Docker
相关证书：系统架构设计师",拥有3年实际工作经验，技术功底扎实，熟悉完整开发流程；具备较强的问题解决能力，能够独立排查并解决常见技术问题；工作认真负责，注重团队协作，能够高效推进项目落地；持续学习，保持技术敏感度。
郭佳,女,15639893543,guojia2605@163.com,13268658343,厦门,"期望岗位：Java开发工程师
期望城市：厦门
期望行业：互联网/信息技术/软件服务
期望薪资：面议",专科信息管理与信息系统专业应届毕业生，掌握MySQL、Git基础技能，完成过课程设计与毕业项目，具备基础代码编写能力与问题排查思路，学习能力强，做事认真踏实，期望从事Java开发工程师相关工作。,"福建船政交通职业学院 | 信息管理与信息系统 | 专科
毕业时间：2022年6月
核心课程：算法设计与分析、操作系统、数据结构、数字信号处理","【校园实践】
    · 参与学校计算机协会技术部，负责协会网站日常维护
    · 协助老师完成实验室设备管理与系统环境搭建
    · 参与班级课程设计小组，担任后端开发角色","■ 学生成绩管理系统（课程设计）
  项目目标：实现学生信息、成绩、班级的增删改查管理
  个人职责：负责后端接口开发与数据库设计
  项目成果：完成基础功能，通过课程答辩","专业技能：Redis、MyBatis、RabbitMQ、MySQL、Docker、Java
相关证书：计算机二级",应届毕业，具备扎实的专业基础知识与学习能力，能够快速掌握新技术；工作态度认真负责，有耐心，注重细节；具备良好的团队意识与沟通能力，能够积极配合团队完成任务；期望在工作中积累经验，快速成长。
杜晨,男,18801433570,duchen19@gmail.com,13895824484,龙岩,"期望岗位：后端开发工程师
期望城市：龙岩
期望行业：互联网/信息技术/软件服务
期望薪资：面议",专科软件技术专业应届毕业生，有0段后端开发工程师实习经验，掌握Gin技术栈，参与过实习项目开发，具备良好的代码规范与团队协作意识，能够快速上手业务，期望正式入职发展。,"深圳职业技术学院 | 软件技术 | 专科
毕业时间：2022年6月
核心课程：计算机网络、算法设计与分析、数字信号处理、Java程序设计","【vivo（东莞）】 后端开发工程师（实习）
2022年10月 - 至今
    · 编写开发文档，沉淀技术规范，协助新人熟悉业务
    · 承担分配模块的编码、测试与优化工作，保障系统稳定运行","■ 图书管理系统后端
  项目目标：实现图书借阅、归还、用户管理功能
  个人职责：负责接口开发与数据库表结构设计
  项目成果：完成核心功能，支持1000条数据量

■ 简单论坛系统
  项目目标：实现帖子发布、回复、板块管理
  个人职责：负责后端服务开发与接口文档编写
  项目成果：支持百人同时在线访问","专业技能：Gin、Python、Docker、Redis、Kafka
相关证书：英语四级",有实习经验，熟悉开发基本流程，具备基础的项目实践能力；学习能力强，能够快速上手新业务新技术；工作踏实，责任心强，善于沟通协作，能够高效完成分配的工作任务。
杜雯,女,18207455569,duwen7988@126.com,wx_duwen_459,南昌,"期望岗位：数据分析师
期望城市：南昌
期望行业：互联网/信息技术/软件服务
期望薪资：面议",本科计算机科学与技术专业应届毕业生，掌握Pandas、SQL基础技能，完成过课程设计与毕业项目，具备基础代码编写能力与问题排查思路，学习能力强，做事认真踏实，期望从事数据分析师相关工作。,"苏州大学 | 计算机科学与技术 | 本科
毕业时间：2022年6月
核心课程：数据结构、操作系统、Python编程、软件工程","【校园实践】
    · 参与学校计算机协会技术部，负责协会网站日常维护
    · 协助老师完成实验室设备管理与系统环境搭建
    · 参与班级课程设计小组，担任后端开发角色","■ 学生成绩数据分析
  项目目标：对班级期末成绩进行统计分析
  个人职责：数据清洗、可视化图表制作、结论输出
  项目成果：输出分析报告，提出3点教学建议","专业技能：Hive、数据可视化、SQL、MySQL
相关证书：英语六级、计算机二级",应届毕业，具备扎实的专业基础知识与学习能力，能够快速掌握新技术；工作态度认真负责，有耐心，注重细节；具备良好的团队意识与沟通能力，能够积极配合团队完成任务；期望在工作中积累经验，快速成长。
杜梓涵,女,17745866441,du梓han514@163.com,wx_du梓han_974,东莞,"期望岗位：Python开发工程师
期望城市：东莞
期望行业：互联网/信息技术/软件服务
期望薪资：面议",3年Python开发工程师工作经验，精通Celery、MongoDB技术栈，参与过完整项目迭代，能够独立完成模块开发与问题排查，注重代码质量与开发效率，具备良好的沟通协作能力。,"江西师范大学 | 计算机科学与技术 | 本科
毕业时间：2019年6月
核心课程：算法设计与分析、数据结构、计算机网络、软件工程","【东软数据技术有限公司】 Python开发工程师
2025年2月 - 至今
    · 对接产品、测试团队，跟进需求落地与缺陷修复
    · 承担分配模块的编码、测试与优化工作，保障系统稳定运行
    · 负责公司Python开发工程师相关业务的开发与维护，参与需求评审

【启明科技有限公司】 Python开发工程师
2024年8月 - 2025年9月
    · 对接产品、测试团队，跟进需求落地与缺陷修复
    · 负责公司Python开发工程师相关业务的开发与维护，参与需求评审
    · 编写开发文档，沉淀技术规范，协助新人熟悉业务","■ 数据采集爬虫系统
  项目目标：搭建分布式爬虫平台，采集多渠道公开数据
  个人职责：负责反爬策略破解、数据清洗、入库逻辑开发
  项目成果：日均采集数据50万条，数据准确率98%以上

■ 自动化运维平台
  项目目标：开发运维管理平台，实现服务器批量管理
  个人职责：负责监控、告警、任务调度模块后端开发
  项目成果：管理服务器200+，运维人力成本降低50%","专业技能：Docker、Git、Python、Flask、MongoDB、Django、爬虫、MySQL、Linux
相关证书：软件设计师（中级）",拥有3年实际工作经验，技术功底扎实，熟悉完整开发流程；具备较强的问题解决能力，能够独立排查并解决常见技术问题；工作认真负责，注重团队协作，能够高效推进项目落地；持续学习，保持技术敏感度。
杨若曦,女,18071039814,yang若xi79@126.com,15705319383,南京,"期望岗位：算法工程师
期望城市：南京
期望行业：互联网/信息技术/软件服务
期望薪资：面议",本科数学与应用数学专业应届毕业生，掌握SQL、特征工程基础技能，完成过课程设计与毕业项目，具备基础代码编写能力与问题排查思路，学习能力强，做事认真踏实，期望从事算法工程师相关工作。,"厦门大学 | 数学与应用数学 | 本科
毕业时间：2022年6月
核心课程：软件工程、算法设计与分析、操作系统、计算机网络","【校园实践】
    · 参与学校计算机协会技术部，负责协会网站日常维护
    · 协助老师完成实验室设备管理与系统环境搭建
    · 参与班级课程设计小组，担任后端开发角色","■ 手写数字识别（课程作业）
  项目目标：基于MNIST数据集实现手写数字识别
  个人职责：使用CNN搭建模型，训练与调优
  项目成果：识别准确率达到92%","专业技能：NLP、特征工程、SQL、Python、算法优化
相关证书：无",应届毕业，具备扎实的专业基础知识与学习能力，能够快速掌握新技术；工作态度认真负责，有耐心，注重细节；具备良好的团队意识与沟通能力，能够积极配合团队完成任务；期望在工作中积累经验，快速成长。
贾萍,女,13326798014,jiaping5798@gmail.com,wx_jiaping_828,深圳,"期望岗位：软件测试工程师
期望城市：深圳
期望行业：互联网/信息技术/软件服务
期望薪资：面议",2年软件测试工程师工作经验，精通功能测试、缺陷管理技术栈，参与过完整项目迭代，能够独立完成模块开发与问题排查，注重代码质量与开发效率，具备良好的沟通协作能力。,"泉州师范学院 | 软件技术 | 本科
毕业时间：2020年6月
核心课程：数据结构、数字信号处理、操作系统、机器学习","【汇智互联网科技有限公司】 软件测试工程师
2025年4月 - 至今
    · 编写开发文档，沉淀技术规范，协助新人熟悉业务
    · 承担分配模块的编码、测试与优化工作，保障系统稳定运行
    · 对接产品、测试团队，跟进需求落地与缺陷修复

【锐捷信息技术有限公司】 软件测试工程师
2024年1月 - 2025年7月
    · 编写开发文档，沉淀技术规范，协助新人熟悉业务
    · 承担分配模块的编码、测试与优化工作，保障系统稳定运行
    · 负责公司软件测试工程师相关业务的开发与维护，参与需求评审","■ 自动化测试框架搭建
  项目目标：提升回归测试效率，减少人工重复劳动
  个人职责：基于Selenium搭建UI自动化框架，编写核心模块测试脚本
  项目成果：回归测试周期从7天缩短至2天，覆盖率达85%

■ 电商平台功能测试
  项目目标：保障电商系统上线质量，覆盖全业务流程
  个人职责：设计测试用例，执行功能、回归测试，提交缺陷报告
  项目成果：发现并修复120+缺陷，上线后线上缺陷率低于0.5%","专业技能：TestNG、MySQL、Selenium、JMeter、测试用例设计、Postman
相关证书：华为HCIA认证",拥有2年实际工作经验，技术功底扎实，熟悉完整开发流程；具备较强的问题解决能力，能够独立排查并解决常见技术问题；工作认真负责，注重团队协作，能够高效推进项目落地；持续学习，保持技术敏感度。
谭玲,女,18837621014,tanling1155@126.com,wx_tanling_532,三明,"期望岗位：软件测试工程师
期望城市：三明
期望行业：互联网/信息技术/软件服务
期望薪资：面议",专科通信工程专业应届毕业生，掌握Python、JMeter基础技能，完成过课程设计与毕业项目，具备基础代码编写能力与问题排查思路，学习能力强，做事认真踏实，期望从事软件测试工程师相关工作。,"泉州经贸职业技术学院 | 通信工程 | 专科
毕业时间：2022年6月
核心课程：机器学习、算法设计与分析、Python编程、计算机网络","【校园实践】
    · 参与学校计算机协会技术部，负责协会网站日常维护
    · 协助老师完成实验室设备管理与系统环境搭建
    · 参与班级课程设计小组，担任后端开发角色","■ 网页兼容性测试实训
  项目目标：对多个网站进行浏览器兼容测试
  个人职责：制定测试方案，输出测试报告
  项目成果：覆盖5款主流浏览器","专业技能：功能测试、JMeter、Selenium、Postman
相关证书：计算机二级",应届毕业，具备扎实的专业基础知识与学习能力，能够快速掌握新技术；工作态度认真负责，有耐心，注重细节；具备良好的团队意识与沟通能力，能够积极配合团队完成任务；期望在工作中积累经验，快速成长。
许倩,女,15674493914,xuqian05@outlook.com,18974850081,深圳,"期望岗位：前端开发工程师
期望城市：深圳
期望行业：互联网/信息技术/软件服务
期望薪资：面议",专科信息管理与信息系统专业应届毕业生，掌握移动端适配、Element UI基础技能，完成过课程设计与毕业项目，具备基础代码编写能力与问题排查思路，学习能力强，做事认真踏实，期望从事前端开发工程师相关工作。,"深圳职业技术学院 | 信息管理与信息系统 | 专科
毕业时间：2022年6月
核心课程：数字信号处理、Java程序设计、数据库原理、机器学习","【校园实践】
    · 参与学校计算机协会技术部，负责协会网站日常维护
    · 协助老师完成实验室设备管理与系统环境搭建
    · 参与班级课程设计小组，担任后端开发角色","■ 个人博客系统（课程作业）
  项目目标：开发个人博客前端页面，实现文章展示与评论
  个人职责：负责页面布局、交互效果、接口联调
  项目成果：完成响应式页面，兼容多浏览器","专业技能：Vue、HTML5、Vite、JavaScript、React
相关证书：无",应届毕业，具备扎实的专业基础知识与学习能力，能够快速掌握新技术；工作态度认真负责，有耐心，注重细节；具备良好的团队意识与沟通能力，能够积极配合团队完成任务；期望在工作中积累经验，快速成长。
谢静,女,18785239450,xiejing27@qq.com,wx_xiejing_998,漳州,"期望岗位：运维工程师
期望城市：漳州
期望行业：互联网/信息技术/软件服务
期望薪资：面议",3年运维工程师从业经验，精通Nginx技术架构，主导过中型项目从0到1落地，擅长技术方案设计与性能优化，曾推动核心模块技术重构，带来显著效率提升，具备跨部门协作与项目推进能力。,"厦门理工学院 | 软件工程 | 本科
毕业时间：2019年6月
核心课程：软件工程、Python编程、操作系统、机器学习","【合众互联网科技有限公司】 运维工程师
2025年11月 - 至今
    · 承担分配模块的编码、测试与优化工作，保障系统稳定运行
    · 编写开发文档，沉淀技术规范，协助新人熟悉业务
    · 对接产品、测试团队，跟进需求落地与缺陷修复

【安硕软件有限公司】 运维工程师
2024年6月 - 2025年10月
    · 负责公司运维工程师相关业务的开发与维护，参与需求评审
    · 承担分配模块的编码、测试与优化工作，保障系统稳定运行
    · 对接产品、测试团队，跟进需求落地与缺陷修复","■ 服务器集群运维优化
  项目目标：提升服务器集群稳定性，降低故障发生率
  个人职责：负责日常巡检、故障排查，优化监控告警规则与分级策略
  项目成果：服务器故障率下降60%，平均故障响应时间缩短至15分钟

■ CI/CD自动化流水线
  项目目标：实现代码自动化构建、测试、部署，提升发布效率
  个人职责：基于Jenkins搭建持续集成流水线，配置Docker容器化部署
  项目成果：发布周期从每周1次提升至每天3次，部署失误率降为0","专业技能：网络运维、Ansible、Linux、Shell、Redis、Kubernetes、Prometheus、Zabbix、Docker
相关证书：计算机二级",拥有3年行业经验，技术视野开阔，具备方案设计与项目把控能力；逻辑清晰，善于定位并解决复杂技术问题；具备良好的团队管理与跨部门沟通能力，能够推动技术优化与业务落地；责任心强，追求技术与业务的平衡发展。
程雯,女,13137413989,chengwen715@126.com,13851131701,漳州,"期望岗位：运维工程师
期望城市：漳州
期望行业：互联网/信息技术/软件服务
期望薪资：面议",专科通信工程专业应届毕业生，掌握Shell、Jenkins基础技能，完成过课程设计与毕业项目，具备基础代码编写能力与问题排查思路，学习能力强，做事认真踏实，期望从事运维工程师相关工作。,"广东轻工职业技术学院 | 通信工程 | 专科
毕业时间：2022年6月
核心课程：机器学习、数据结构、计算机网络、算法设计与分析","【校园实践】
    · 参与学校计算机协会技术部，负责协会网站日常维护
    · 协助老师完成实验室设备管理与系统环境搭建
    · 参与班级课程设计小组，担任后端开发角色","■ 简单监控脚本开发
  项目目标：编写服务器状态监控脚本
  个人职责：实现CPU、内存、磁盘使用率自动采集
  项目成果：支持异常邮件告警","专业技能：网络运维、Prometheus、Zabbix、Ansible、MySQL、Shell
相关证书：无",应届毕业，具备扎实的专业基础知识与学习能力，能够快速掌握新技术；工作态度认真负责，有耐心，注重细节；具备良好的团队意识与沟通能力，能够积极配合团队完成任务；期望在工作中积累经验，快速成长。
陆伟,男,18623479271,luwei35@qq.com,wx_luwei_163,佛山,"期望岗位：Java开发工程师
期望城市：佛山
期望行业：互联网/信息技术/软件服务
期望薪资：面议",7年Java开发工程师资深经验，精通全链路技术架构，具备团队技术规划与方案设计能力，主导过多个大型项目重构与升级，在高并发/系统稳定性领域有深厚积累，能够带领团队攻克技术难题，驱动业务技术升级。,"东南大学 | 数学与应用数学 | 本科
毕业时间：2015年6月
核心课程：软件工程、数字信号处理、数据结构、算法设计与分析","【恒信数据技术有限公司】 Java开发工程师
2024年1月 - 至今
    · 负责公司Java开发工程师相关业务的开发与维护，参与需求评审
    · 承担分配模块的编码、测试与优化工作，保障系统稳定运行

【易联信息技术有限公司】 Java开发工程师
2022年11月 - 2024年8月
    · 承担分配模块的编码、测试与优化工作，保障系统稳定运行
    · 对接产品、测试团队，跟进需求落地与缺陷修复

【智联数据技术有限公司】 Java开发工程师
2020年4月 - 2022年4月
    · 编写开发文档，沉淀技术规范，协助新人熟悉业务
    · 承担分配模块的编码、测试与优化工作，保障系统稳定运行","■ 微服务用户中心重构
  项目目标：将单体用户系统拆分为微服务架构，提升并发承载能力
  个人职责：负责登录、注册、权限模块开发，优化数据库查询与缓存策略
  项目成果：支持并发量从500提升至5000，接口响应耗时减少60%

■ 电商订单交易系统
  项目目标：搭建高可用电商订单系统，支撑大促流量峰值
  个人职责：负责订单创建、支付回调、库存扣减核心逻辑开发
  项目成果：支撑日均订单量10万+，系统可用性达99.95%","专业技能：Redis、Git、Linux、JVM调优、SpringBoot、微服务、Java、MySQL、RabbitMQ、Docker
相关证书：阿里云ACP云计算认证、软考中级",拥有7年行业经验，技术视野开阔，具备方案设计与项目把控能力；逻辑清晰，善于定位并解决复杂技术问题；具备良好的团队管理与跨部门沟通能力，能够推动技术优化与业务落地；责任心强，追求技术与业务的平衡发展。
朱一诺,女,17667762087,zhu一nuo4881@qq.com,18348935921,佛山,"期望岗位：算法工程师
期望城市：佛山
期望行业：互联网/信息技术/软件服务
期望薪资：面议",3年算法工程师工作经验，精通数据结构、PyTorch技术栈，参与过完整项目迭代，能够独立完成模块开发与问题排查，注重代码质量与开发效率，具备良好的沟通协作能力。,"福建信息职业技术学院 | 数学与应用数学 | 专科
毕业时间：2019年6月
核心课程：数据库原理、算法设计与分析、Python编程、操作系统","【亿联网络】 算法工程师
2025年12月 - 至今
    · 编写开发文档，沉淀技术规范，协助新人熟悉业务
    · 对接产品、测试团队，跟进需求落地与缺陷修复
    · 负责公司算法工程师相关业务的开发与维护，参与需求评审

【金蝶科技有限公司】 算法工程师
2024年6月 - 2025年7月
    · 编写开发文档，沉淀技术规范，协助新人熟悉业务
    · 对接产品、测试团队，跟进需求落地与缺陷修复
    · 承担分配模块的编码、测试与优化工作，保障系统稳定运行","■ 个性化推荐系统
  项目目标：提升内容推荐精准度，增加用户停留时长
  个人职责：负责协同过滤、深度学习推荐模型开发与离线优化
  项目成果：用户平均停留时长提升25%，点击率提升15%

■ 风控欺诈识别模型
  项目目标：识别交易欺诈行为，降低资金损失风险
  个人职责：特征工程，构建XGBoost风控模型，在线部署与迭代
  项目成果：欺诈识别准确率达92%，每年减少损失超200万","专业技能：SQL、机器学习、数据结构、深度学习、计算机视觉、算法优化、NLP、TensorFlow
相关证书：软件设计师（中级）",拥有3年实际工作经验，技术功底扎实，熟悉完整开发流程；具备较强的问题解决能力，能够独立排查并解决常见技术问题；工作认真负责，注重团队协作，能够高效推进项目落地；持续学习，保持技术敏感度。
龚磊,男,15069378094,gonglei343@gmail.com,wx_gonglei_625,宁德,"期望岗位：前端开发工程师
期望城市：宁德
期望行业：互联网/信息技术/软件服务
期望薪资：面议",3年前端开发工程师工作经验，精通Vue、Webpack技术栈，参与过完整项目迭代，能够独立完成模块开发与问题排查，注重代码质量与开发效率，具备良好的沟通协作能力。,"福建船政交通职业学院 | 电子信息工程 | 专科
毕业时间：2019年6月
核心课程：Java程序设计、算法设计与分析、数据库原理、数据结构","【亿联网络】 前端开发工程师
2025年10月 - 至今
    · 承担分配模块的编码、测试与优化工作，保障系统稳定运行
    · 对接产品、测试团队，跟进需求落地与缺陷修复

【新科网络科技有限公司】 前端开发工程师
2024年4月 - 2025年12月
    · 编写开发文档，沉淀技术规范，协助新人熟悉业务
    · 对接产品、测试团队，跟进需求落地与缺陷修复","■ 企业后台管理系统
  项目目标：搭建企业运营管理后台，实现业务数据可视化
  个人职责：负责权限管理、数据报表模块开发，对接后端接口联调
  项目成果：覆盖12个业务部门，运营效率提升40%

■ 电商平台前端重构
  项目目标：升级旧版电商系统前端架构，提升用户体验与加载速度
  个人职责：负责商品详情页、购物车模块开发，组件化封装公共组件
  项目成果：首屏加载时间从3.2s降至1.8s，页面转化率提升12%","专业技能：Vite、HTML5、CSS3、Element UI、TypeScript、Axios、Webpack、Vue、JavaScript
相关证书：红帽RHCE认证、英语六级、华为HCIA认证",拥有3年实际工作经验，技术功底扎实，熟悉完整开发流程；具备较强的问题解决能力，能够独立排查并解决常见技术问题；工作认真负责，注重团队协作，能够高效推进项目落地；持续学习，保持技术敏感度。
蔡琳,女,15115314851,cailin383@gmail.com,18035113668,宁波,"期望岗位：Java开发工程师
期望城市：宁波
期望行业：互联网/信息技术/软件服务
期望薪资：面议",3年Java开发工程师工作经验，精通JVM调优、微服务技术栈，参与过完整项目迭代，能够独立完成模块开发与问题排查，注重代码质量与开发效率，具备良好的沟通协作能力。,"华南理工大学 | 数据科学与大数据技术 | 本科
毕业时间：2019年6月
核心课程：数字信号处理、Python编程、计算机网络、操作系统","【中软科技有限公司】 Java开发工程师
2025年2月 - 至今
    · 编写开发文档，沉淀技术规范，协助新人熟悉业务
    · 负责公司Java开发工程师相关业务的开发与维护，参与需求评审

【卓望软件有限公司】 Java开发工程师
2024年12月 - 2025年11月
    · 负责公司Java开发工程师相关业务的开发与维护，参与需求评审
    · 承担分配模块的编码、测试与优化工作，保障系统稳定运行","■ 电商订单交易系统
  项目目标：搭建高可用电商订单系统，支撑大促流量峰值
  个人职责：负责订单创建、支付回调、库存扣减核心逻辑开发
  项目成果：支撑日均订单量10万+，系统可用性达99.95%

■ 微服务用户中心重构
  项目目标：将单体用户系统拆分为微服务架构，提升并发承载能力
  个人职责：负责登录、注册、权限模块开发，优化数据库查询与缓存策略
  项目成果：支持并发量从500提升至5000，接口响应耗时减少60%","专业技能：SpringBoot、Linux、Redis、Docker、MyBatis、JVM调优、Git
相关证书：软考中级、MySQL数据库认证",拥有3年实际工作经验，技术功底扎实，熟悉完整开发流程；具备较强的问题解决能力，能够独立排查并解决常见技术问题；工作认真负责，注重团队协作，能够高效推进项目落地；持续学习，保持技术敏感度。
贺艳,女,15263747101,heyan71@126.com,wx_heyan_194,漳州,"期望岗位：数据分析师
期望城市：漳州
期望行业：互联网/信息技术/软件服务
期望薪资：面议",专科数学与应用数学专业应届毕业生，有1段数据分析师实习经验，掌握Hive技术栈，参与过实习项目开发，具备良好的代码规范与团队协作意识，能够快速上手业务，期望正式入职发展。,"福州职业技术学院 | 数学与应用数学 | 专科
毕业时间：2021年6月
核心课程：数据库原理、Python编程、数据结构、操作系统","【OPPO（东莞）】 数据分析师（实习）
2025年1月 - 至今
    · 编写开发文档，沉淀技术规范，协助新人熟悉业务
    · 负责公司数据分析师相关业务的开发与维护，参与需求评审
    · 对接产品、测试团队，跟进需求落地与缺陷修复","■ 学生成绩数据分析
  项目目标：对班级期末成绩进行统计分析
  个人职责：数据清洗、可视化图表制作、结论输出
  项目成果：输出分析报告，提出3点教学建议

■ 电商公开数据爬取分析
  项目目标：采集公开电商商品数据并分析
  个人职责：数据爬取、清洗、价格销量分析
  项目成果：输出可视化分析图表","专业技能：MySQL、NumPy、Pandas、数据可视化、Tableau、Hive、用户分析
相关证书：无",有实习经验，熟悉开发基本流程，具备基础的项目实践能力；学习能力强，能够快速上手新业务新技术；工作踏实，责任心强，善于沟通协作，能够高效完成分配的工作任务。
白建,男,15555821096,baijian6529@gmail.com,13925441601,苏州,"期望岗位：数据分析师
期望城市：苏州
期望行业：互联网/信息技术/软件服务
期望薪资：面议",3年数据分析师工作经验，精通SQL、Python技术栈，参与过完整项目迭代，能够独立完成模块开发与问题排查，注重代码质量与开发效率，具备良好的沟通协作能力。,"深圳职业技术学院 | 数字媒体技术 | 专科
毕业时间：2019年6月
核心课程：Python编程、操作系统、数据结构、数字信号处理","【合众信息技术有限公司】 数据分析师
2025年7月 - 至今
    · 负责公司数据分析师相关业务的开发与维护，参与需求评审
    · 对接产品、测试团队，跟进需求落地与缺陷修复
    · 编写开发文档，沉淀技术规范，协助新人熟悉业务

【恒信信息技术有限公司】 数据分析师
2024年3月 - 2025年2月
    · 对接产品、测试团队，跟进需求落地与缺陷修复
    · 编写开发文档，沉淀技术规范，协助新人熟悉业务","■ 销售数据预测建模
  项目目标：基于历史数据预测销量，指导库存与备货
  个人职责：数据预处理，构建时间序列预测模型，输出月度预测报告
  项目成果：预测准确率达89%，库存周转效率提升25%

■ 用户行为分析看板
  项目目标：构建用户行为数据体系，支撑运营决策
  个人职责：负责数据清洗、指标体系搭建，输出可视化运营报表
  项目成果：输出15+核心运营指标，支撑每月3次运营优化，用户留存率提升8%","专业技能：数据可视化、SQL、MySQL、Tableau、Power BI、用户分析、Hive
相关证书：无",拥有3年实际工作经验，技术功底扎实，熟悉完整开发流程；具备较强的问题解决能力，能够独立排查并解决常见技术问题；工作认真负责，注重团队协作，能够高效推进项目落地；持续学习，保持技术敏感度。
武雪,女,13378793695,wuxue17@126.com,13893825780,南京,"期望岗位：软件测试工程师
期望城市：南京
期望行业：互联网/信息技术/软件服务
期望薪资：面议",专科数字媒体技术专业应届毕业生，有1段软件测试工程师实习经验，掌握JMeter技术栈，参与过实习项目开发，具备良好的代码规范与团队协作意识，能够快速上手业务，期望正式入职发展。,"南京工业职业技术大学 | 数字媒体技术 | 专科
毕业时间：2021年6月
核心课程：机器学习、操作系统、计算机网络、数据库原理","【腾讯（深圳分公司）】 软件测试工程师（实习）
2025年10月 - 至今
    · 编写开发文档，沉淀技术规范，协助新人熟悉业务
    · 对接产品、测试团队，跟进需求落地与缺陷修复","■ 学生管理系统功能测试
  项目目标：对课程设计系统进行功能测试与缺陷提交
  个人职责：设计测试用例，执行黑盒测试
  项目成果：发现并提交8个功能缺陷

■ 网页兼容性测试实训
  项目目标：对多个网站进行浏览器兼容测试
  个人职责：制定测试方案，输出测试报告
  项目成果：覆盖5款主流浏览器","专业技能：性能测试、TestNG、缺陷管理、功能测试、JMeter
相关证书：计算机一级",有实习经验，熟悉开发基本流程，具备基础的项目实践能力；学习能力强，能够快速上手新业务新技术；工作踏实，责任心强，善于沟通协作，能够高效完成分配的工作任务。
沈皓,男,15662443136,shenhao16@outlook.com,wx_shenhao_961,泉州,"期望岗位：后端开发工程师
期望城市：泉州
期望行业：互联网/信息技术/软件服务
期望薪资：面议",本科数字媒体技术专业应届毕业生，掌握Docker、Go基础技能，完成过课程设计与毕业项目，具备基础代码编写能力与问题排查思路，学习能力强，做事认真踏实，期望从事后端开发工程师相关工作。,"佛山科学技术学院 | 数字媒体技术 | 本科
毕业时间：2022年6月
核心课程：数据库原理、数字信号处理、Java程序设计、计算机网络","【校园实践】
    · 参与学校计算机协会技术部，负责协会网站日常维护
    · 协助老师完成实验室设备管理与系统环境搭建
    · 参与班级课程设计小组，担任后端开发角色","■ 简单论坛系统
  项目目标：实现帖子发布、回复、板块管理
  个人职责：负责后端服务开发与接口文档编写
  项目成果：支持百人同时在线访问","专业技能：MySQL、Python、Java、微服务、Kafka
相关证书：计算机一级、PMP项目管理专业人士",应届毕业，具备扎实的专业基础知识与学习能力，能够快速掌握新技术；工作态度认真负责，有耐心，注重细节；具备良好的团队意识与沟通能力，能够积极配合团队完成任务；期望在工作中积累经验，快速成长。
邓若曦,女,15155545410,deng若xi5423@qq.com,wx_deng若xi_114,南平,"期望岗位：软件测试工程师
期望城市：南平
期望行业：互联网/信息技术/软件服务
期望薪资：面议",2年软件测试工程师工作经验，精通MySQL、MySQL技术栈，参与过完整项目迭代，能够独立完成模块开发与问题排查，注重代码质量与开发效率，具备良好的沟通协作能力。,"福建信息职业技术学院 | 网络工程 | 专科
毕业时间：2020年6月
核心课程：数据结构、操作系统、软件工程、数字信号处理","【新科科技有限公司】 软件测试工程师
2025年4月 - 至今
    · 负责公司软件测试工程师相关业务的开发与维护，参与需求评审
    · 承担分配模块的编码、测试与优化工作，保障系统稳定运行
    · 编写开发文档，沉淀技术规范，协助新人熟悉业务

【启明数据技术有限公司】 软件测试工程师
2024年11月 - 2025年12月
    · 负责公司软件测试工程师相关业务的开发与维护，参与需求评审
    · 编写开发文档，沉淀技术规范，协助新人熟悉业务","■ 自动化测试框架搭建
  项目目标：提升回归测试效率，减少人工重复劳动
  个人职责：基于Selenium搭建UI自动化框架，编写核心模块测试脚本
  项目成果：回归测试周期从7天缩短至2天，覆盖率达85%

■ 电商平台功能测试
  项目目标：保障电商系统上线质量，覆盖全业务流程
  个人职责：设计测试用例，执行功能、回归测试，提交缺陷报告
  项目成果：发现并修复120+缺陷，上线后线上缺陷率低于0.5%","专业技能：Selenium、接口测试、性能测试、MySQL、测试用例设计、Appium、Postman、缺陷管理
相关证书：无",拥有2年实际工作经验，技术功底扎实，熟悉完整开发流程；具备较强的问题解决能力，能够独立排查并解决常见技术问题；工作认真负责，注重团队协作，能够高效推进项目落地；持续学习，保持技术敏感度。
孔紫涵,女,18891118141,kong紫han60@qq.com,wx_kong紫han_449,南平,"期望岗位：运维工程师
期望城市：南平
期望行业：互联网/信息技术/软件服务
期望薪资：面议",4年运维工程师从业经验，精通Zabbix技术架构，主导过中型项目从0到1落地，擅长技术方案设计与性能优化，曾推动核心模块技术重构，带来显著效率提升，具备跨部门协作与项目推进能力。,"浙江工业大学 | 计算机应用技术 | 本科
毕业时间：2018年6月
核心课程：Java程序设计、数字信号处理、软件工程、计算机网络","【锐捷信息技术有限公司】 运维工程师
2024年5月 - 至今
    · 编写开发文档，沉淀技术规范，协助新人熟悉业务
    · 负责公司运维工程师相关业务的开发与维护，参与需求评审

【科创科技有限公司】 运维工程师
2022年12月 - 2024年1月
    · 对接产品、测试团队，跟进需求落地与缺陷修复
    · 负责公司运维工程师相关业务的开发与维护，参与需求评审
    · 承担分配模块的编码、测试与优化工作，保障系统稳定运行","■ 服务器集群运维优化
  项目目标：提升服务器集群稳定性，降低故障发生率
  个人职责：负责日常巡检、故障排查，优化监控告警规则与分级策略
  项目成果：服务器故障率下降60%，平均故障响应时间缩短至15分钟

■ CI/CD自动化流水线
  项目目标：实现代码自动化构建、测试、部署，提升发布效率
  个人职责：基于Jenkins搭建持续集成流水线，配置Docker容器化部署
  项目成果：发布周期从每周1次提升至每天3次，部署失误率降为0","专业技能：Ansible、MySQL、Shell、Docker、Jenkins、Zabbix、网络运维、Nginx、Kubernetes、Linux
相关证书：红帽RHCE认证、PMP项目管理专业人士、计算机一级",拥有4年行业经验，技术视野开阔，具备方案设计与项目把控能力；逻辑清晰，善于定位并解决复杂技术问题；具备良好的团队管理与跨部门沟通能力，能够推动技术优化与业务落地；责任心强，追求技术与业务的平衡发展。
陆语桐,女,13735044443,lu语tong490@qq.com,wx_lu语tong_269,宁德,"期望岗位：后端开发工程师
期望城市：宁德
期望行业：互联网/信息技术/软件服务
期望薪资：面议",3年后端开发工程师从业经验，精通MySQL技术架构，主导过中型项目从0到1落地，擅长技术方案设计与性能优化，曾推动核心模块技术重构，带来显著效率提升，具备跨部门协作与项目推进能力。,"福建农林大学 | 电子信息工程 | 本科
毕业时间：2019年6月
核心课程：数据库原理、计算机网络、操作系统、Python编程","【网易（杭州）】 后端开发工程师
2025年2月 - 至今
    · 编写开发文档，沉淀技术规范，协助新人熟悉业务
    · 负责公司后端开发工程师相关业务的开发与维护，参与需求评审
    · 承担分配模块的编码、测试与优化工作，保障系统稳定运行

【数聚数据技术有限公司】 后端开发工程师
2024年12月 - 2025年2月
    · 负责公司后端开发工程师相关业务的开发与维护，参与需求评审
    · 对接产品、测试团队，跟进需求落地与缺陷修复
    · 承担分配模块的编码、测试与优化工作，保障系统稳定运行","■ 内容管理系统后端
  项目目标：搭建CMS系统后端服务，支持多站点内容发布
  个人职责：负责文章、栏目、权限模块接口开发，设计数据库表结构
  项目成果：支撑8个站点同时运营，内容发布效率提升3倍

■ 即时通讯服务开发
  项目目标：实现企业内部IM系统后端消息推送与存储
  个人职责：负责消息队列、离线消息、会话管理模块开发
  项目成果：支持万人同时在线，消息送达延迟低于100ms","专业技能：Redis、Docker、Python、Go、SpringBoot、K8s、MySQL、微服务、PostgreSQL、Kafka
相关证书：无",拥有3年行业经验，技术视野开阔，具备方案设计与项目把控能力；逻辑清晰，善于定位并解决复杂技术问题；具备良好的团队管理与跨部门沟通能力，能够推动技术优化与业务落地；责任心强，追求技术与业务的平衡发展。
林悦,女,13027069926,linyue590@163.com,15731125983,三明,"期望岗位：软件测试工程师
期望城市：三明
期望行业：互联网/信息技术/软件服务
期望薪资：面议",2年软件测试工程师工作经验，精通缺陷管理、Appium技术栈，参与过完整项目迭代，能够独立完成模块开发与问题排查，注重代码质量与开发效率，具备良好的沟通协作能力。,"苏州职业大学 | 网络工程 | 专科
毕业时间：2020年6月
核心课程：机器学习、操作系统、数据结构、计算机网络","【未来互联网科技有限公司】 软件测试工程师
2025年1月 - 至今
    · 负责公司软件测试工程师相关业务的开发与维护，参与需求评审
    · 编写开发文档，沉淀技术规范，协助新人熟悉业务

【金蝶信息技术有限公司】 软件测试工程师
2024年6月 - 2025年10月
    · 对接产品、测试团队，跟进需求落地与缺陷修复
    · 编写开发文档，沉淀技术规范，协助新人熟悉业务
    · 负责公司软件测试工程师相关业务的开发与维护，参与需求评审","■ 自动化测试框架搭建
  项目目标：提升回归测试效率，减少人工重复劳动
  个人职责：基于Selenium搭建UI自动化框架，编写核心模块测试脚本
  项目成果：回归测试周期从7天缩短至2天，覆盖率达85%

■ 电商平台功能测试
  项目目标：保障电商系统上线质量，覆盖全业务流程
  个人职责：设计测试用例，执行功能、回归测试，提交缺陷报告
  项目成果：发现并修复120+缺陷，上线后线上缺陷率低于0.5%","专业技能：MySQL、JMeter、Python、Appium、Postman、功能测试、TestNG、缺陷管理、测试用例设计
相关证书：计算机二级",拥有2年实际工作经验，技术功底扎实，熟悉完整开发流程；具备较强的问题解决能力，能够独立排查并解决常见技术问题；工作认真负责，注重团队协作，能够高效推进项目落地；持续学习，保持技术敏感度。
周恒,男,15999947452,zhouheng48@outlook.com,wx_zhouheng_265,南昌,"期望岗位：算法工程师
期望城市：南昌
期望行业：互联网/信息技术/软件服务
期望薪资：面议",本科数据科学与大数据技术专业应届毕业生，掌握算法优化、Python基础技能，完成过课程设计与毕业项目，具备基础代码编写能力与问题排查思路，学习能力强，做事认真踏实，期望从事算法工程师相关工作。,"东莞理工学院 | 数据科学与大数据技术 | 本科
毕业时间：2022年6月
核心课程：数据库原理、软件工程、操作系统、机器学习","【校园实践】
    · 参与学校计算机协会技术部，负责协会网站日常维护
    · 协助老师完成实验室设备管理与系统环境搭建
    · 参与班级课程设计小组，担任后端开发角色","■ 手写数字识别（课程作业）
  项目目标：基于MNIST数据集实现手写数字识别
  个人职责：使用CNN搭建模型，训练与调优
  项目成果：识别准确率达到92%","专业技能：算法优化、深度学习、计算机视觉、Python、PyTorch、SQL、特征工程
相关证书：软件设计师（中级）、计算机一级",应届毕业，具备扎实的专业基础知识与学习能力，能够快速掌握新技术；工作态度认真负责，有耐心，注重细节；具备良好的团队意识与沟通能力，能够积极配合团队完成任务；期望在工作中积累经验，快速成长。
范子轩,男,15762058419,fan子xuan63@gmail.com,wx_fan子xuan_358,泉州,"期望岗位：运维工程师
期望城市：泉州
期望行业：互联网/信息技术/软件服务
期望薪资：面议",本科通信工程专业应届毕业生，有0段运维工程师实习经验，掌握MySQL技术栈，参与过实习项目开发，具备良好的代码规范与团队协作意识，能够快速上手业务，期望正式入职发展。,"南京工程学院 | 通信工程 | 本科
毕业时间：2022年6月
核心课程：软件工程、数字信号处理、Python编程、计算机网络","【锐捷信息技术有限公司】 运维工程师（实习）
2019年4月 - 至今
    · 负责公司运维工程师相关业务的开发与维护，参与需求评审
    · 承担分配模块的编码、测试与优化工作，保障系统稳定运行","■ 实验室服务器搭建实训
  项目目标：搭建实验室Linux服务器环境
  个人职责：负责系统安装、网络配置、基础服务部署
  项目成果：完成3台服务器环境搭建

■ 简单监控脚本开发
  项目目标：编写服务器状态监控脚本
  个人职责：实现CPU、内存、磁盘使用率自动采集
  项目成果：支持异常邮件告警","专业技能：Docker、Prometheus、网络运维、Kubernetes、Ansible
相关证书：无",有实习经验，熟悉开发基本流程，具备基础的项目实践能力；学习能力强，能够快速上手新业务新技术；工作踏实，责任心强，善于沟通协作，能够高效完成分配的工作任务。
秦娜,女,15934792167,qinna68@qq.com,wx_qinna_577,福州,"期望岗位：Python开发工程师
期望城市：福州
期望行业：互联网/信息技术/软件服务
期望薪资：面议",3年Python开发工程师工作经验，精通Python、Flask技术栈，参与过完整项目迭代，能够独立完成模块开发与问题排查，注重代码质量与开发效率，具备良好的沟通协作能力。,"南京工业职业技术大学 | 信息管理与信息系统 | 专科
毕业时间：2019年6月
核心课程：数据库原理、软件工程、机器学习、操作系统","【新科软件有限公司】 Python开发工程师
2025年7月 - 至今
    · 承担分配模块的编码、测试与优化工作，保障系统稳定运行
    · 对接产品、测试团队，跟进需求落地与缺陷修复
    · 负责公司Python开发工程师相关业务的开发与维护，参与需求评审

【东软信息技术有限公司】 Python开发工程师
2024年9月 - 2025年4月
    · 编写开发文档，沉淀技术规范，协助新人熟悉业务
    · 负责公司Python开发工程师相关业务的开发与维护，参与需求评审","■ 自动化运维平台
  项目目标：开发运维管理平台，实现服务器批量管理
  个人职责：负责监控、告警、任务调度模块后端开发
  项目成果：管理服务器200+，运维人力成本降低50%

■ 数据采集爬虫系统
  项目目标：搭建分布式爬虫平台，采集多渠道公开数据
  个人职责：负责反爬策略破解、数据清洗、入库逻辑开发
  项目成果：日均采集数据50万条，数据准确率98%以上","专业技能：Python、Redis、Linux、Docker、爬虫、FastAPI、Django、Celery
相关证书：计算机二级",拥有3年实际工作经验，技术功底扎实，熟悉完整开发流程；具备较强的问题解决能力，能够独立排查并解决常见技术问题；工作认真负责，注重团队协作，能够高效推进项目落地；持续学习，保持技术敏感度。
姚刚,男,15632680875,yaogang0544@163.com,13263208682,杭州,"期望岗位：算法工程师
期望城市：杭州
期望行业：互联网/信息技术/软件服务
期望薪资：面议",专科数字媒体技术专业应届毕业生，有0段算法工程师实习经验，掌握算法优化技术栈，参与过实习项目开发，具备良好的代码规范与团队协作意识，能够快速上手业务，期望正式入职发展。,"泉州经贸职业技术学院 | 数字媒体技术 | 专科
毕业时间：2022年6月
核心课程：机器学习、计算机网络、数字信号处理、Java程序设计","【天擎科技有限公司】 算法工程师（实习）
2021年12月 - 至今
    · 承担分配模块的编码、测试与优化工作，保障系统稳定运行
    · 对接产品、测试团队，跟进需求落地与缺陷修复","■ 手写数字识别（课程作业）
  项目目标：基于MNIST数据集实现手写数字识别
  个人职责：使用CNN搭建模型，训练与调优
  项目成果：识别准确率达到92%

■ 电影推荐系统（毕设）
  项目目标：基于协同过滤实现简单电影推荐
  个人职责：数据处理、模型实现、效果验证
  项目成果：召回准确率达到75%","专业技能：SQL、Python、深度学习、数据结构、计算机视觉、算法优化
相关证书：软考中级、英语四级、计算机一级",有实习经验，熟悉开发基本流程，具备基础的项目实践能力；学习能力强，能够快速上手新业务新技术；工作踏实，责任心强，善于沟通协作，能够高效完成分配的工作任务。
张涛,男,15110938952,zhangtao305@outlook.com,15147373403,南京,"期望岗位：运维工程师
期望城市：南京
期望行业：互联网/信息技术/软件服务
期望薪资：面议",专科数字媒体技术专业应届毕业生，有0段运维工程师实习经验，掌握Shell技术栈，参与过实习项目开发，具备良好的代码规范与团队协作意识，能够快速上手业务，期望正式入职发展。,"苏州职业大学 | 数字媒体技术 | 专科
毕业时间：2022年6月
核心课程：机器学习、操作系统、Python编程、数据库原理","【小米（南京分公司）】 运维工程师（实习）
2021年11月 - 至今
    · 对接产品、测试团队，跟进需求落地与缺陷修复
    · 负责公司运维工程师相关业务的开发与维护，参与需求评审","■ 简单监控脚本开发
  项目目标：编写服务器状态监控脚本
  个人职责：实现CPU、内存、磁盘使用率自动采集
  项目成果：支持异常邮件告警

■ 实验室服务器搭建实训
  项目目标：搭建实验室Linux服务器环境
  个人职责：负责系统安装、网络配置、基础服务部署
  项目成果：完成3台服务器环境搭建","专业技能：Ansible、网络运维、MySQL、Prometheus、Nginx
相关证书：计算机二级、计算机一级",有实习经验，熟悉开发基本流程，具备基础的项目实践能力；学习能力强，能够快速上手新业务新技术；工作踏实，责任心强，善于沟通协作，能够高效完成分配的工作任务。
彭颖,女,13238406104,pengying53@gmail.com,17699120236,莆田,"期望岗位：算法工程师
期望城市：莆田
期望行业：互联网/信息技术/软件服务
期望薪资：面议",7年算法工程师资深经验，精通全链路技术架构，具备团队技术规划与方案设计能力，主导过多个大型项目重构与升级，在高并发/系统稳定性领域有深厚积累，能够带领团队攻克技术难题，驱动业务技术升级。,"浙江工业大学 | 计算机科学与技术 | 本科
毕业时间：2015年6月
核心课程：软件工程、Python编程、数字信号处理、操作系统","【未来网络科技有限公司】 算法工程师
2024年1月 - 至今
    · 负责公司算法工程师相关业务的开发与维护，参与需求评审
    · 对接产品、测试团队，跟进需求落地与缺陷修复
    · 承担分配模块的编码、测试与优化工作，保障系统稳定运行

【星图软件有限公司】 算法工程师
2022年4月 - 2024年10月
    · 负责公司算法工程师相关业务的开发与维护，参与需求评审
    · 对接产品、测试团队，跟进需求落地与缺陷修复
    · 编写开发文档，沉淀技术规范，协助新人熟悉业务

【未来信息技术有限公司】 算法工程师
2020年12月 - 2022年5月
    · 负责公司算法工程师相关业务的开发与维护，参与需求评审
    · 对接产品、测试团队，跟进需求落地与缺陷修复","■ 个性化推荐系统
  项目目标：提升内容推荐精准度，增加用户停留时长
  个人职责：负责协同过滤、深度学习推荐模型开发与离线优化
  项目成果：用户平均停留时长提升25%，点击率提升15%

■ 风控欺诈识别模型
  项目目标：识别交易欺诈行为，降低资金损失风险
  个人职责：特征工程，构建XGBoost风控模型，在线部署与迭代
  项目成果：欺诈识别准确率达92%，每年减少损失超200万","专业技能：SQL、NLP、数据结构、Python、机器学习、计算机视觉、特征工程、TensorFlow、PyTorch、深度学习
相关证书：红帽RHCE认证",拥有7年行业经验，技术视野开阔，具备方案设计与项目把控能力；逻辑清晰，善于定位并解决复杂技术问题；具备良好的团队管理与跨部门沟通能力，能够推动技术优化与业务落地；责任心强，追求技术与业务的平衡发展。
冯梦瑶,女,18294768475,fengmengyao46@126.com,13157236435,福州,"期望岗位：软件测试工程师
期望城市：福州
期望行业：互联网/信息技术/软件服务
期望薪资：面议",本科软件工程专业应届毕业生，掌握测试用例设计、Selenium基础技能，完成过课程设计与毕业项目，具备基础代码编写能力与问题排查思路，学习能力强，做事认真踏实，期望从事软件测试工程师相关工作。,"南京理工大学 | 软件工程 | 本科
毕业时间：2022年6月
核心课程：Python编程、Java程序设计、操作系统、软件工程","【校园实践】
    · 参与学校计算机协会技术部，负责协会网站日常维护
    · 协助老师完成实验室设备管理与系统环境搭建
    · 参与班级课程设计小组，担任后端开发角色","■ 学生管理系统功能测试
  项目目标：对课程设计系统进行功能测试与缺陷提交
  个人职责：设计测试用例，执行黑盒测试
  项目成果：发现并提交8个功能缺陷","专业技能：功能测试、Postman、Appium、TestNG、性能测试
相关证书：无",应届毕业，具备扎实的专业基础知识与学习能力，能够快速掌握新技术；工作态度认真负责，有耐心，注重细节；具备良好的团队意识与沟通能力，能够积极配合团队完成任务；期望在工作中积累经验，快速成长。
黎丽,女,13210262280,lili961@gmail.com,wx_lili_384,深圳,"期望岗位：算法工程师
期望城市：深圳
期望行业：互联网/信息技术/软件服务
期望薪资：面议",本科物联网工程专业应届毕业生，有1段算法工程师实习经验，掌握TensorFlow技术栈，参与过实习项目开发，具备良好的代码规范与团队协作意识，能够快速上手业务，期望正式入职发展。,"江西师范大学 | 物联网工程 | 本科
毕业时间：2021年6月
核心课程：Java程序设计、计算机网络、操作系统、数字信号处理","【微远信息技术有限公司】 算法工程师（实习）
2025年2月 - 至今
    · 承担分配模块的编码、测试与优化工作，保障系统稳定运行
    · 负责公司算法工程师相关业务的开发与维护，参与需求评审
    · 对接产品、测试团队，跟进需求落地与缺陷修复","■ 电影推荐系统（毕设）
  项目目标：基于协同过滤实现简单电影推荐
  个人职责：数据处理、模型实现、效果验证
  项目成果：召回准确率达到75%

■ 手写数字识别（课程作业）
  项目目标：基于MNIST数据集实现手写数字识别
  个人职责：使用CNN搭建模型，训练与调优
  项目成果：识别准确率达到92%","专业技能：深度学习、机器学习、数据结构、计算机视觉
相关证书：英语四级、软件设计师（中级）",有实习经验，熟悉开发基本流程，具备基础的项目实践能力；学习能力强，能够快速上手新业务新技术；工作踏实，责任心强，善于沟通协作，能够高效完成分配的工作任务。
余浩然,男,18061270669,yuhaoran297@126.com,wx_yuhaoran_257,苏州,"期望岗位：算法工程师
期望城市：苏州
期望行业：互联网/信息技术/软件服务
期望薪资：面议",2年算法工程师工作经验，精通特征工程、NLP技术栈，参与过完整项目迭代，能够独立完成模块开发与问题排查，注重代码质量与开发效率，具备良好的沟通协作能力。,"中山大学 | 网络工程 | 本科
毕业时间：2020年6月
核心课程：数字信号处理、Java程序设计、操作系统、数据库原理","【新科互联网科技有限公司】 算法工程师
2025年5月 - 至今
    · 编写开发文档，沉淀技术规范，协助新人熟悉业务
    · 承担分配模块的编码、测试与优化工作，保障系统稳定运行

【锐捷数据技术有限公司】 算法工程师
2024年11月 - 2025年9月
    · 编写开发文档，沉淀技术规范，协助新人熟悉业务
    · 对接产品、测试团队，跟进需求落地与缺陷修复
    · 承担分配模块的编码、测试与优化工作，保障系统稳定运行","■ 个性化推荐系统
  项目目标：提升内容推荐精准度，增加用户停留时长
  个人职责：负责协同过滤、深度学习推荐模型开发与离线优化
  项目成果：用户平均停留时长提升25%，点击率提升15%

■ 风控欺诈识别模型
  项目目标：识别交易欺诈行为，降低资金损失风险
  个人职责：特征工程，构建XGBoost风控模型，在线部署与迭代
  项目成果：欺诈识别准确率达92%，每年减少损失超200万","专业技能：TensorFlow、PyTorch、NLP、计算机视觉、机器学习、深度学习
相关证书：无",拥有2年实际工作经验，技术功底扎实，熟悉完整开发流程；具备较强的问题解决能力，能够独立排查并解决常见技术问题；工作认真负责，注重团队协作，能够高效推进项目落地；持续学习，保持技术敏感度。
方子轩,男,13668381138,fang子xuan957@outlook.com,13641239656,苏州,"期望岗位：后端开发工程师
期望城市：苏州
期望行业：互联网/信息技术/软件服务
期望薪资：面议",专科网络工程专业应届毕业生，有0段后端开发工程师实习经验，掌握Python技术栈，参与过实习项目开发，具备良好的代码规范与团队协作意识，能够快速上手业务，期望正式入职发展。,"泉州经贸职业技术学院 | 网络工程 | 专科
毕业时间：2022年6月
核心课程：数字信号处理、数据结构、软件工程、Python编程","【东软数据技术有限公司】 后端开发工程师（实习）
2021年3月 - 至今
    · 负责公司后端开发工程师相关业务的开发与维护，参与需求评审
    · 编写开发文档，沉淀技术规范，协助新人熟悉业务
    · 承担分配模块的编码、测试与优化工作，保障系统稳定运行","■ 图书管理系统后端
  项目目标：实现图书借阅、归还、用户管理功能
  个人职责：负责接口开发与数据库表结构设计
  项目成果：完成核心功能，支持1000条数据量

■ 简单论坛系统
  项目目标：实现帖子发布、回复、板块管理
  个人职责：负责后端服务开发与接口文档编写
  项目成果：支持百人同时在线访问","专业技能：Gin、微服务、Redis、Kafka、Docker
相关证书：无",有实习经验，熟悉开发基本流程，具备基础的项目实践能力；学习能力强，能够快速上手新业务新技术；工作踏实，责任心强，善于沟通协作，能够高效完成分配的工作任务。
卢峰,男,18618365338,lufeng5526@163.com,wx_lufeng_267,宁德,"期望岗位：软件测试工程师
期望城市：宁德
期望行业：互联网/信息技术/软件服务
期望薪资：面议",2年软件测试工程师工作经验，精通测试用例设计、MySQL技术栈，参与过完整项目迭代，能够独立完成模块开发与问题排查，注重代码质量与开发效率，具备良好的沟通协作能力。,"闽南师范大学 | 软件工程 | 本科
毕业时间：2020年6月
核心课程：数字信号处理、Java程序设计、计算机网络、Python编程","【信雅科技有限公司】 软件测试工程师
2025年2月 - 至今
    · 承担分配模块的编码、测试与优化工作，保障系统稳定运行
    · 对接产品、测试团队，跟进需求落地与缺陷修复

【用友网络科技有限公司】 软件测试工程师
2024年3月 - 2025年5月
    · 负责公司软件测试工程师相关业务的开发与维护，参与需求评审
    · 承担分配模块的编码、测试与优化工作，保障系统稳定运行
    · 编写开发文档，沉淀技术规范，协助新人熟悉业务","■ 自动化测试框架搭建
  项目目标：提升回归测试效率，减少人工重复劳动
  个人职责：基于Selenium搭建UI自动化框架，编写核心模块测试脚本
  项目成果：回归测试周期从7天缩短至2天，覆盖率达85%

■ 电商平台功能测试
  项目目标：保障电商系统上线质量，覆盖全业务流程
  个人职责：设计测试用例，执行功能、回归测试，提交缺陷报告
  项目成果：发现并修复120+缺陷，上线后线上缺陷率低于0.5%","专业技能：Selenium、Appium、MySQL、Python、测试用例设计、TestNG、接口测试、Postman、性能测试
相关证书：英语四级、软考中级",拥有2年实际工作经验，技术功底扎实，熟悉完整开发流程；具备较强的问题解决能力，能够独立排查并解决常见技术问题；工作认真负责，注重团队协作，能够高效推进项目落地；持续学习，保持技术敏感度。
廖慧,女,15661495766,liaohui9475@163.com,13792849229,三明,"期望岗位：运维工程师
期望城市：三明
期望行业：互联网/信息技术/软件服务
期望薪资：面议",5年运维工程师从业经验，精通Prometheus技术架构，主导过中型项目从0到1落地，擅长技术方案设计与性能优化，曾推动核心模块技术重构，带来显著效率提升，具备跨部门协作与项目推进能力。,"浙江万里学院 | 电子信息工程 | 本科
毕业时间：2017年6月
核心课程：操作系统、Python编程、数据结构、Java程序设计","【小米（南京分公司）】 运维工程师
2025年4月 - 至今
    · 承担分配模块的编码、测试与优化工作，保障系统稳定运行
    · 负责公司运维工程师相关业务的开发与维护，参与需求评审
    · 对接产品、测试团队，跟进需求落地与缺陷修复

【安硕网络科技有限公司】 运维工程师
2024年11月 - 2025年11月
    · 对接产品、测试团队，跟进需求落地与缺陷修复
    · 编写开发文档，沉淀技术规范，协助新人熟悉业务
    · 负责公司运维工程师相关业务的开发与维护，参与需求评审

【合众网络科技有限公司】 运维工程师
2023年3月 - 2024年11月
    · 负责公司运维工程师相关业务的开发与维护，参与需求评审
    · 对接产品、测试团队，跟进需求落地与缺陷修复","■ CI/CD自动化流水线
  项目目标：实现代码自动化构建、测试、部署，提升发布效率
  个人职责：基于Jenkins搭建持续集成流水线，配置Docker容器化部署
  项目成果：发布周期从每周1次提升至每天3次，部署失误率降为0

■ 服务器集群运维优化
  项目目标：提升服务器集群稳定性，降低故障发生率
  个人职责：负责日常巡检、故障排查，优化监控告警规则与分级策略
  项目成果：服务器故障率下降60%，平均故障响应时间缩短至15分钟","专业技能：Docker、Prometheus、网络运维、MySQL、Shell、Redis
相关证书：软件设计师（中级）、系统架构设计师",拥有5年行业经验，技术视野开阔，具备方案设计与项目把控能力；逻辑清晰，善于定位并解决复杂技术问题；具备良好的团队管理与跨部门沟通能力，能够推动技术优化与业务落地；责任心强，追求技术与业务的平衡发展。
吴思琪,女,18634713985,wusiqi22@qq.com,wx_wusiqi_582,三明,"期望岗位：运维工程师
期望城市：三明
期望行业：互联网/信息技术/软件服务
期望薪资：面议",4年运维工程师从业经验，精通Zabbix技术架构，主导过中型项目从0到1落地，擅长技术方案设计与性能优化，曾推动核心模块技术重构，带来显著效率提升，具备跨部门协作与项目推进能力。,"苏州大学 | 物联网工程 | 本科
毕业时间：2018年6月
核心课程：机器学习、计算机网络、数据库原理、数据结构","【信雅数据技术有限公司】 运维工程师
2024年3月 - 至今
    · 承担分配模块的编码、测试与优化工作，保障系统稳定运行
    · 对接产品、测试团队，跟进需求落地与缺陷修复

【新科网络科技有限公司】 运维工程师
2022年1月 - 2024年3月
    · 承担分配模块的编码、测试与优化工作，保障系统稳定运行
    · 负责公司运维工程师相关业务的开发与维护，参与需求评审","■ 服务器集群运维优化
  项目目标：提升服务器集群稳定性，降低故障发生率
  个人职责：负责日常巡检、故障排查，优化监控告警规则与分级策略
  项目成果：服务器故障率下降60%，平均故障响应时间缩短至15分钟

■ CI/CD自动化流水线
  项目目标：实现代码自动化构建、测试、部署，提升发布效率
  个人职责：基于Jenkins搭建持续集成流水线，配置Docker容器化部署
  项目成果：发布周期从每周1次提升至每天3次，部署失误率降为0","专业技能：Redis、Jenkins、MySQL、Zabbix、Ansible、Nginx
相关证书：红帽RHCE认证",拥有4年行业经验，技术视野开阔，具备方案设计与项目把控能力；逻辑清晰，善于定位并解决复杂技术问题；具备良好的团队管理与跨部门沟通能力，能够推动技术优化与业务落地；责任心强，追求技术与业务的平衡发展。
顾恒,男,18009381355,guheng159@163.com,15163660515,龙岩,"期望岗位：数据分析师
期望城市：龙岩
期望行业：互联网/信息技术/软件服务
期望薪资：面议",专科数字媒体技术专业应届毕业生，有1段数据分析师实习经验，掌握数据可视化技术栈，参与过实习项目开发，具备良好的代码规范与团队协作意识，能够快速上手业务，期望正式入职发展。,"福州职业技术学院 | 数字媒体技术 | 专科
毕业时间：2021年6月
核心课程：Java程序设计、数据结构、计算机网络、算法设计与分析","【携程（厦门）】 数据分析师（实习）
2025年3月 - 至今
    · 编写开发文档，沉淀技术规范，协助新人熟悉业务
    · 负责公司数据分析师相关业务的开发与维护，参与需求评审
    · 对接产品、测试团队，跟进需求落地与缺陷修复","■ 学生成绩数据分析
  项目目标：对班级期末成绩进行统计分析
  个人职责：数据清洗、可视化图表制作、结论输出
  项目成果：输出分析报告，提出3点教学建议

■ 电商公开数据爬取分析
  项目目标：采集公开电商商品数据并分析
  个人职责：数据爬取、清洗、价格销量分析
  项目成果：输出可视化分析图表","专业技能：NumPy、Hive、统计学、数据可视化、MySQL、SQL
相关证书：英语四级、MySQL数据库认证、PMP项目管理专业人士",有实习经验，熟悉开发基本流程，具备基础的项目实践能力；学习能力强，能够快速上手新业务新技术；工作踏实，责任心强，善于沟通协作，能够高效完成分配的工作任务。
熊鑫,男,13968087726,xiongxin545@126.com,13070591119,泉州,"期望岗位：算法工程师
期望城市：泉州
期望行业：互联网/信息技术/软件服务
期望薪资：面议",2年算法工程师工作经验，精通Python、NLP技术栈，参与过完整项目迭代，能够独立完成模块开发与问题排查，注重代码质量与开发效率，具备良好的沟通协作能力。,"东莞理工学院 | 网络工程 | 本科
毕业时间：2020年6月
核心课程：机器学习、数据库原理、数字信号处理、计算机网络","【博思数据技术有限公司】 算法工程师
2025年4月 - 至今
    · 对接产品、测试团队，跟进需求落地与缺陷修复
    · 编写开发文档，沉淀技术规范，协助新人熟悉业务

【通元网络科技有限公司】 算法工程师
2024年3月 - 2025年6月
    · 承担分配模块的编码、测试与优化工作，保障系统稳定运行
    · 编写开发文档，沉淀技术规范，协助新人熟悉业务
    · 负责公司算法工程师相关业务的开发与维护，参与需求评审","■ 个性化推荐系统
  项目目标：提升内容推荐精准度，增加用户停留时长
  个人职责：负责协同过滤、深度学习推荐模型开发与离线优化
  项目成果：用户平均停留时长提升25%，点击率提升15%

■ 风控欺诈识别模型
  项目目标：识别交易欺诈行为，降低资金损失风险
  个人职责：特征工程，构建XGBoost风控模型，在线部署与迭代
  项目成果：欺诈识别准确率达92%，每年减少损失超200万","专业技能：特征工程、推荐算法、NLP、深度学习、机器学习、数据结构
相关证书：软件设计师（中级）、阿里云ACP云计算认证",拥有2年实际工作经验，技术功底扎实，熟悉完整开发流程；具备较强的问题解决能力，能够独立排查并解决常见技术问题；工作认真负责，注重团队协作，能够高效推进项目落地；持续学习，保持技术敏感度。
李紫涵,女,18093185641,li紫han8141@126.com,13506923137,龙岩,"期望岗位：Python开发工程师
期望城市：龙岩
期望行业：互联网/信息技术/软件服务
期望薪资：面议",专科信息管理与信息系统专业应届毕业生，掌握MongoDB、Django基础技能，完成过课程设计与毕业项目，具备基础代码编写能力与问题排查思路，学习能力强，做事认真踏实，期望从事Python开发工程师相关工作。,"深圳职业技术学院 | 信息管理与信息系统 | 专科
毕业时间：2022年6月
核心课程：数字信号处理、操作系统、数据库原理、数据结构","【校园实践】
    · 参与学校计算机协会技术部，负责协会网站日常维护
    · 协助老师完成实验室设备管理与系统环境搭建
    · 参与班级课程设计小组，担任后端开发角色","■ 简单爬虫脚本开发
  项目目标：爬取公开网站数据并入库
  个人职责：负责反爬处理、数据清洗、SQLite存储
  项目成果：日均采集数据1万条","专业技能：Celery、MySQL、MongoDB、Flask、Docker
相关证书：计算机二级",应届毕业，具备扎实的专业基础知识与学习能力，能够快速掌握新技术；工作态度认真负责，有耐心，注重细节；具备良好的团队意识与沟通能力，能够积极配合团队完成任务；期望在工作中积累经验，快速成长。
韦安然,女,18204787212,weianran81@outlook.com,wx_weianran_352,杭州,"期望岗位：运维工程师
期望城市：杭州
期望行业：互联网/信息技术/软件服务
期望薪资：面议",1年运维工程师工作经验，精通Docker、Redis技术栈，参与过完整项目迭代，能够独立完成模块开发与问题排查，注重代码质量与开发效率，具备良好的沟通协作能力。,"佛山科学技术学院 | 电子信息工程 | 本科
毕业时间：2021年6月
核心课程：Java程序设计、机器学习、数据结构、算法设计与分析","【智联互联网科技有限公司】 运维工程师
2025年9月 - 至今
    · 对接产品、测试团队，跟进需求落地与缺陷修复
    · 承担分配模块的编码、测试与优化工作，保障系统稳定运行","■ CI/CD自动化流水线
  项目目标：实现代码自动化构建、测试、部署，提升发布效率
  个人职责：基于Jenkins搭建持续集成流水线，配置Docker容器化部署
  项目成果：发布周期从每周1次提升至每天3次，部署失误率降为0

■ 服务器集群运维优化
  项目目标：提升服务器集群稳定性，降低故障发生率
  个人职责：负责日常巡检、故障排查，优化监控告警规则与分级策略
  项目成果：服务器故障率下降60%，平均故障响应时间缩短至15分钟","专业技能：Redis、Linux、Jenkins、Zabbix、Prometheus、Ansible、MySQL、Nginx、网络运维
相关证书：计算机一级",拥有1年实际工作经验，技术功底扎实，熟悉完整开发流程；具备较强的问题解决能力，能够独立排查并解决常见技术问题；工作认真负责，注重团队协作，能够高效推进项目落地；持续学习，保持技术敏感度。
吴博文,男,15239626045,wubowen12@gmail.com,wx_wubowen_492,广州,"期望岗位：数据分析师
期望城市：广州
期望行业：互联网/信息技术/软件服务
期望薪资：面议",本科数据科学与大数据技术专业应届毕业生，掌握Pandas、统计学基础技能，完成过课程设计与毕业项目，具备基础代码编写能力与问题排查思路，学习能力强，做事认真踏实，期望从事数据分析师相关工作。,"广东技术师范大学 | 数据科学与大数据技术 | 本科
毕业时间：2022年6月
核心课程：数据结构、Python编程、数字信号处理、计算机网络","【校园实践】
    · 参与学校计算机协会技术部，负责协会网站日常维护
    · 协助老师完成实验室设备管理与系统环境搭建
    · 参与班级课程设计小组，担任后端开发角色","■ 电商公开数据爬取分析
  项目目标：采集公开电商商品数据并分析
  个人职责：数据爬取、清洗、价格销量分析
  项目成果：输出可视化分析图表","专业技能：Pandas、Power BI、Hive、数据可视化
相关证书：红帽RHCE认证、计算机二级",应届毕业，具备扎实的专业基础知识与学习能力，能够快速掌握新技术；工作态度认真负责，有耐心，注重细节；具备良好的团队意识与沟通能力，能够积极配合团队完成任务；期望在工作中积累经验，快速成长。
董雯,女,17740416643,dongwen40@qq.com,wx_dongwen_911,宁德,"期望岗位：Python开发工程师
期望城市：宁德
期望行业：互联网/信息技术/软件服务
期望薪资：面议",专科计算机科学与技术专业应届毕业生，有1段Python开发工程师实习经验，掌握MongoDB技术栈，参与过实习项目开发，具备良好的代码规范与团队协作意识，能够快速上手业务，期望正式入职发展。,"江西交通职业技术学院 | 计算机科学与技术 | 专科
毕业时间：2021年6月
核心课程：机器学习、数据结构、数字信号处理、数据库原理","【吉比特网络】 Python开发工程师（实习）
2025年10月 - 至今
    · 对接产品、测试团队，跟进需求落地与缺陷修复
    · 负责公司Python开发工程师相关业务的开发与维护，参与需求评审
    · 承担分配模块的编码、测试与优化工作，保障系统稳定运行","■ 简单爬虫脚本开发
  项目目标：爬取公开网站数据并入库
  个人职责：负责反爬处理、数据清洗、SQLite存储
  项目成果：日均采集数据1万条

■ 自动化办公脚本
  项目目标：批量处理Excel表格数据
  个人职责：实现数据合并、格式转换、自动统计
  项目成果：提升人工效率80%","专业技能：Flask、Redis、Linux、爬虫、MySQL、Docker、FastAPI
相关证书：软件设计师（中级）、英语六级",有实习经验，熟悉开发基本流程，具备基础的项目实践能力；学习能力强，能够快速上手新业务新技术；工作踏实，责任心强，善于沟通协作，能够高效完成分配的工作任务。
范静,女,15615282268,fanjing348@gmail.com,18193562940,漳州,"期望岗位：软件测试工程师
期望城市：漳州
期望行业：互联网/信息技术/软件服务
期望薪资：面议",专科物联网工程专业应届毕业生，有1段软件测试工程师实习经验，掌握Postman技术栈，参与过实习项目开发，具备良好的代码规范与团队协作意识，能够快速上手业务，期望正式入职发展。,"福州职业技术学院 | 物联网工程 | 专科
毕业时间：2021年6月
核心课程：操作系统、软件工程、计算机网络、数据库原理","【微远网络科技有限公司】 软件测试工程师（实习）
2025年3月 - 至今
    · 负责公司软件测试工程师相关业务的开发与维护，参与需求评审
    · 编写开发文档，沉淀技术规范，协助新人熟悉业务","■ 学生管理系统功能测试
  项目目标：对课程设计系统进行功能测试与缺陷提交
  个人职责：设计测试用例，执行黑盒测试
  项目成果：发现并提交8个功能缺陷

■ 网页兼容性测试实训
  项目目标：对多个网站进行浏览器兼容测试
  个人职责：制定测试方案，输出测试报告
  项目成果：覆盖5款主流浏览器","专业技能：TestNG、性能测试、缺陷管理、Appium、接口测试、Postman
相关证书：红帽RHCE认证",有实习经验，熟悉开发基本流程，具备基础的项目实践能力；学习能力强，能够快速上手新业务新技术；工作踏实，责任心强，善于沟通协作，能够高效完成分配的工作任务。
余雯,女,13485371047,yuwen71@outlook.com,13118210118,广州,"期望岗位：软件测试工程师
期望城市：广州
期望行业：互联网/信息技术/软件服务
期望薪资：面议",1年软件测试工程师工作经验，精通缺陷管理、缺陷管理技术栈，参与过完整项目迭代，能够独立完成模块开发与问题排查，注重代码质量与开发效率，具备良好的沟通协作能力。,"佛山科学技术学院 | 软件工程 | 本科
毕业时间：2021年6月
核心课程：软件工程、数据库原理、数字信号处理、计算机网络","【合众信息技术有限公司】 软件测试工程师
2025年11月 - 至今
    · 编写开发文档，沉淀技术规范，协助新人熟悉业务
    · 对接产品、测试团队，跟进需求落地与缺陷修复
    · 负责公司软件测试工程师相关业务的开发与维护，参与需求评审","■ 电商平台功能测试
  项目目标：保障电商系统上线质量，覆盖全业务流程
  个人职责：设计测试用例，执行功能、回归测试，提交缺陷报告
  项目成果：发现并修复120+缺陷，上线后线上缺陷率低于0.5%

■ 自动化测试框架搭建
  项目目标：提升回归测试效率，减少人工重复劳动
  个人职责：基于Selenium搭建UI自动化框架，编写核心模块测试脚本
  项目成果：回归测试周期从7天缩短至2天，覆盖率达85%","专业技能：Python、Postman、Appium、性能测试、缺陷管理、MySQL、Selenium、功能测试、接口测试、JMeter
相关证书：无",拥有1年实际工作经验，技术功底扎实，熟悉完整开发流程；具备较强的问题解决能力，能够独立排查并解决常见技术问题；工作认真负责，注重团队协作，能够高效推进项目落地；持续学习，保持技术敏感度。
曹博,男,15921336386,caobo3039@qq.com,wx_caobo_786,佛山,"期望岗位：Java开发工程师
期望城市：佛山
期望行业：互联网/信息技术/软件服务
期望薪资：面议",本科通信工程专业应届毕业生，有0段Java开发工程师实习经验，掌握SpringBoot技术栈，参与过实习项目开发，具备良好的代码规范与团队协作意识，能够快速上手业务，期望正式入职发展。,"苏州科技大学 | 通信工程 | 本科
毕业时间：2022年6月
核心课程：数字信号处理、机器学习、算法设计与分析、Java程序设计","【中软软件有限公司】 Java开发工程师（实习）
2021年9月 - 至今
    · 负责公司Java开发工程师相关业务的开发与维护，参与需求评审
    · 承担分配模块的编码、测试与优化工作，保障系统稳定运行
    · 对接产品、测试团队，跟进需求落地与缺陷修复","■ 校园二手交易平台（毕设）
  项目目标：搭建校园闲置物品发布与交易平台
  个人职责：负责用户模块、商品发布模块开发
  项目成果：完成系统原型，获得良好成绩

■ 学生成绩管理系统（课程设计）
  项目目标：实现学生信息、成绩、班级的增删改查管理
  个人职责：负责后端接口开发与数据库设计
  项目成果：完成基础功能，通过课程答辩","专业技能：MyBatis、微服务、MySQL、RabbitMQ、Git
相关证书：阿里云ACP云计算认证",有实习经验，熟悉开发基本流程，具备基础的项目实践能力；学习能力强，能够快速上手新业务新技术；工作踏实，责任心强，善于沟通协作，能够高效完成分配的工作任务。
萧刚,男,17609446871,xiaogang0477@outlook.com,wx_xiaogang_662,福州,"期望岗位：Java开发工程师
期望城市：福州
期望行业：互联网/信息技术/软件服务
期望薪资：面议",3年Java开发工程师工作经验，精通Git、Git技术栈，参与过完整项目迭代，能够独立完成模块开发与问题排查，注重代码质量与开发效率，具备良好的沟通协作能力。,"浙江工业大学 | 数学与应用数学 | 本科
毕业时间：2019年6月
核心课程：操作系统、数据结构、Java程序设计、机器学习","【字节跳动（厦门分公司）】 Java开发工程师
2025年4月 - 至今
    · 对接产品、测试团队，跟进需求落地与缺陷修复
    · 负责公司Java开发工程师相关业务的开发与维护，参与需求评审
    · 承担分配模块的编码、测试与优化工作，保障系统稳定运行

【云创科技有限公司】 Java开发工程师
2024年10月 - 2025年2月
    · 编写开发文档，沉淀技术规范，协助新人熟悉业务
    · 承担分配模块的编码、测试与优化工作，保障系统稳定运行
    · 对接产品、测试团队，跟进需求落地与缺陷修复","■ 电商订单交易系统
  项目目标：搭建高可用电商订单系统，支撑大促流量峰值
  个人职责：负责订单创建、支付回调、库存扣减核心逻辑开发
  项目成果：支撑日均订单量10万+，系统可用性达99.95%

■ 微服务用户中心重构
  项目目标：将单体用户系统拆分为微服务架构，提升并发承载能力
  个人职责：负责登录、注册、权限模块开发，优化数据库查询与缓存策略
  项目成果：支持并发量从500提升至5000，接口响应耗时减少60%","专业技能：Redis、SpringBoot、MyBatis、Java、MySQL、Docker、RabbitMQ、Git、JVM调优、微服务
相关证书：华为HCIA认证",拥有3年实际工作经验，技术功底扎实，熟悉完整开发流程；具备较强的问题解决能力，能够独立排查并解决常见技术问题；工作认真负责，注重团队协作，能够高效推进项目落地；持续学习，保持技术敏感度。
金博文,男,17792481008,jinbowen99@qq.com,17696492966,三明,"期望岗位：软件测试工程师
期望城市：三明
期望行业：互联网/信息技术/软件服务
期望薪资：面议",本科计算机科学与技术专业应届毕业生，有0段软件测试工程师实习经验，掌握Selenium技术栈，参与过实习项目开发，具备良好的代码规范与团队协作意识，能够快速上手业务，期望正式入职发展。,"泉州师范学院 | 计算机科学与技术 | 本科
毕业时间：2022年6月
核心课程：机器学习、操作系统、数据结构、计算机网络","【恒信数据技术有限公司】 软件测试工程师（实习）
2023年12月 - 至今
    · 对接产品、测试团队，跟进需求落地与缺陷修复
    · 负责公司软件测试工程师相关业务的开发与维护，参与需求评审
    · 编写开发文档，沉淀技术规范，协助新人熟悉业务","■ 学生管理系统功能测试
  项目目标：对课程设计系统进行功能测试与缺陷提交
  个人职责：设计测试用例，执行黑盒测试
  项目成果：发现并提交8个功能缺陷

■ 网页兼容性测试实训
  项目目标：对多个网站进行浏览器兼容测试
  个人职责：制定测试方案，输出测试报告
  项目成果：覆盖5款主流浏览器","专业技能：测试用例设计、JMeter、接口测试、Python、TestNG
相关证书：系统架构设计师、计算机一级",有实习经验，熟悉开发基本流程，具备基础的项目实践能力；学习能力强，能够快速上手新业务新技术；工作踏实，责任心强，善于沟通协作，能够高效完成分配的工作任务。
胡雨桐,女,13668479282,hu雨tong559@126.com,18261078662,杭州,"期望岗位：算法工程师
期望城市：杭州
期望行业：互联网/信息技术/软件服务
期望薪资：面议",专科软件技术专业应届毕业生，有0段算法工程师实习经验，掌握深度学习技术栈，参与过实习项目开发，具备良好的代码规范与团队协作意识，能够快速上手业务，期望正式入职发展。,"福建船政交通职业学院 | 软件技术 | 专科
毕业时间：2022年6月
核心课程：操作系统、Python编程、计算机网络、软件工程","【通元信息技术有限公司】 算法工程师（实习）
2019年12月 - 至今
    · 编写开发文档，沉淀技术规范，协助新人熟悉业务
    · 负责公司算法工程师相关业务的开发与维护，参与需求评审","■ 电影推荐系统（毕设）
  项目目标：基于协同过滤实现简单电影推荐
  个人职责：数据处理、模型实现、效果验证
  项目成果：召回准确率达到75%

■ 手写数字识别（课程作业）
  项目目标：基于MNIST数据集实现手写数字识别
  个人职责：使用CNN搭建模型，训练与调优
  项目成果：识别准确率达到92%","专业技能：数据结构、计算机视觉、特征工程、PyTorch
相关证书：计算机二级、英语六级",有实习经验，熟悉开发基本流程，具备基础的项目实践能力；学习能力强，能够快速上手新业务新技术；工作踏实，责任心强，善于沟通协作，能够高效完成分配的工作任务。
贺佳,女,15556725020,hejia5521@outlook.com,wx_hejia_626,佛山,"期望岗位：算法工程师
期望城市：佛山
期望行业：互联网/信息技术/软件服务
期望薪资：面议",专科软件工程专业应届毕业生，掌握特征工程、PyTorch基础技能，完成过课程设计与毕业项目，具备基础代码编写能力与问题排查思路，学习能力强，做事认真踏实，期望从事算法工程师相关工作。,"南京工业职业技术大学 | 软件工程 | 专科
毕业时间：2022年6月
核心课程：Java程序设计、计算机网络、算法设计与分析、机器学习","【校园实践】
    · 参与学校计算机协会技术部，负责协会网站日常维护
    · 协助老师完成实验室设备管理与系统环境搭建
    · 参与班级课程设计小组，担任后端开发角色","■ 电影推荐系统（毕设）
  项目目标：基于协同过滤实现简单电影推荐
  个人职责：数据处理、模型实现、效果验证
  项目成果：召回准确率达到75%","专业技能：Python、NLP、特征工程、机器学习、计算机视觉、SQL、TensorFlow
相关证书：无",应届毕业，具备扎实的专业基础知识与学习能力，能够快速掌握新技术；工作态度认真负责，有耐心，注重细节；具备良好的团队意识与沟通能力，能够积极配合团队完成任务；期望在工作中积累经验，快速成长。
周倩,女,15742098943,zhouqian512@163.com,wx_zhouqian_747,福州,"期望岗位：前端开发工程师
期望城市：福州
期望行业：互联网/信息技术/软件服务
期望薪资：面议",1年前端开发工程师工作经验，精通CSS3、Axios技术栈，参与过完整项目迭代，能够独立完成模块开发与问题排查，注重代码质量与开发效率，具备良好的沟通协作能力。,"华南理工大学 | 电子信息工程 | 本科
毕业时间：2021年6月
核心课程：操作系统、计算机网络、Java程序设计、算法设计与分析","【合众网络科技有限公司】 前端开发工程师
2025年9月 - 至今
    · 对接产品、测试团队，跟进需求落地与缺陷修复
    · 承担分配模块的编码、测试与优化工作，保障系统稳定运行","■ 企业后台管理系统
  项目目标：搭建企业运营管理后台，实现业务数据可视化
  个人职责：负责权限管理、数据报表模块开发，对接后端接口联调
  项目成果：覆盖12个业务部门，运营效率提升40%

■ 电商平台前端重构
  项目目标：升级旧版电商系统前端架构，提升用户体验与加载速度
  个人职责：负责商品详情页、购物车模块开发，组件化封装公共组件
  项目成果：首屏加载时间从3.2s降至1.8s，页面转化率提升12%","专业技能：React、Webpack、CSS3、Ant Design、JavaScript、Vite、Vue、Axios
相关证书：英语六级",拥有1年实际工作经验，技术功底扎实，熟悉完整开发流程；具备较强的问题解决能力，能够独立排查并解决常见技术问题；工作认真负责，注重团队协作，能够高效推进项目落地；持续学习，保持技术敏感度。
夏慧,女,15210348216,xiahui47@qq.com,13669400010,泉州,"期望岗位：前端开发工程师
期望城市：泉州
期望行业：互联网/信息技术/软件服务
期望薪资：面议",5年前端开发工程师资深经验，精通全链路技术架构，具备团队技术规划与方案设计能力，主导过多个大型项目重构与升级，在高并发/系统稳定性领域有深厚积累，能够带领团队攻克技术难题，驱动业务技术升级。,"浙江工业大学 | 物联网工程 | 本科
毕业时间：2017年6月
核心课程：操作系统、数字信号处理、数据库原理、计算机网络","【未来信息技术有限公司】 前端开发工程师
2025年11月 - 至今
    · 承担分配模块的编码、测试与优化工作，保障系统稳定运行
    · 负责公司前端开发工程师相关业务的开发与维护，参与需求评审
    · 编写开发文档，沉淀技术规范，协助新人熟悉业务

【安硕软件有限公司】 前端开发工程师
2024年10月 - 2025年10月
    · 负责公司前端开发工程师相关业务的开发与维护，参与需求评审
    · 承担分配模块的编码、测试与优化工作，保障系统稳定运行

【金蝶信息技术有限公司】 前端开发工程师
2023年10月 - 2024年11月
    · 编写开发文档，沉淀技术规范，协助新人熟悉业务
    · 承担分配模块的编码、测试与优化工作，保障系统稳定运行
    · 对接产品、测试团队，跟进需求落地与缺陷修复","■ 企业后台管理系统
  项目目标：搭建企业运营管理后台，实现业务数据可视化
  个人职责：负责权限管理、数据报表模块开发，对接后端接口联调
  项目成果：覆盖12个业务部门，运营效率提升40%

■ 电商平台前端重构
  项目目标：升级旧版电商系统前端架构，提升用户体验与加载速度
  个人职责：负责商品详情页、购物车模块开发，组件化封装公共组件
  项目成果：首屏加载时间从3.2s降至1.8s，页面转化率提升12%","专业技能：Vite、Vue、Ant Design、Axios、Webpack、JavaScript
相关证书：软考中级、华为HCIA认证",拥有5年行业经验，技术视野开阔，具备方案设计与项目把控能力；逻辑清晰，善于定位并解决复杂技术问题；具备良好的团队管理与跨部门沟通能力，能够推动技术优化与业务落地；责任心强，追求技术与业务的平衡发展。
孙佳,女,18301963984,sunjia7165@qq.com,13934600530,漳州,"期望岗位：前端开发工程师
期望城市：漳州
期望行业：互联网/信息技术/软件服务
期望薪资：面议",专科计算机科学与技术专业应届毕业生，掌握Vue、JavaScript基础技能，完成过课程设计与毕业项目，具备基础代码编写能力与问题排查思路，学习能力强，做事认真踏实，期望从事前端开发工程师相关工作。,"深圳职业技术学院 | 计算机科学与技术 | 专科
毕业时间：2022年6月
核心课程：Python编程、Java程序设计、操作系统、软件工程","【校园实践】
    · 参与学校计算机协会技术部，负责协会网站日常维护
    · 协助老师完成实验室设备管理与系统环境搭建
    · 参与班级课程设计小组，担任后端开发角色","■ 个人博客系统（课程作业）
  项目目标：开发个人博客前端页面，实现文章展示与评论
  个人职责：负责页面布局、交互效果、接口联调
  项目成果：完成响应式页面，兼容多浏览器","专业技能：Vue、HTML5、Element UI、CSS3、Webpack、React
相关证书：计算机二级",应届毕业，具备扎实的专业基础知识与学习能力，能够快速掌握新技术；工作态度认真负责，有耐心，注重细节；具备良好的团队意识与沟通能力，能够积极配合团队完成任务；期望在工作中积累经验，快速成长。
张浩然,男,15570345773,zhanghaoran10@gmail.com,wx_zhanghaoran_321,南昌,"期望岗位：前端开发工程师
期望城市：南昌
期望行业：互联网/信息技术/软件服务
期望薪资：面议",4年前端开发工程师从业经验，精通Element UI技术架构，主导过中型项目从0到1落地，擅长技术方案设计与性能优化，曾推动核心模块技术重构，带来显著效率提升，具备跨部门协作与项目推进能力。,"福州职业技术学院 | 物联网工程 | 专科
毕业时间：2018年6月
核心课程：数据库原理、计算机网络、操作系统、Java程序设计","【用友互联网科技有限公司】 前端开发工程师
2024年9月 - 至今
    · 对接产品、测试团队，跟进需求落地与缺陷修复
    · 承担分配模块的编码、测试与优化工作，保障系统稳定运行
    · 编写开发文档，沉淀技术规范，协助新人熟悉业务

【科创科技有限公司】 前端开发工程师
2022年4月 - 2024年11月
    · 编写开发文档，沉淀技术规范，协助新人熟悉业务
    · 负责公司前端开发工程师相关业务的开发与维护，参与需求评审","■ 企业后台管理系统
  项目目标：搭建企业运营管理后台，实现业务数据可视化
  个人职责：负责权限管理、数据报表模块开发，对接后端接口联调
  项目成果：覆盖12个业务部门，运营效率提升40%

■ 电商平台前端重构
  项目目标：升级旧版电商系统前端架构，提升用户体验与加载速度
  个人职责：负责商品详情页、购物车模块开发，组件化封装公共组件
  项目成果：首屏加载时间从3.2s降至1.8s，页面转化率提升12%","专业技能：Vue、Webpack、JavaScript、Vite、TypeScript、Axios、HTML5、Element UI
相关证书：红帽RHCE认证、MySQL数据库认证、英语六级",拥有4年行业经验，技术视野开阔，具备方案设计与项目把控能力；逻辑清晰，善于定位并解决复杂技术问题；具备良好的团队管理与跨部门沟通能力，能够推动技术优化与业务落地；责任心强，追求技术与业务的平衡发展。
田思远,男,15343226548,tiansiyuan42@gmail.com,13099618971,福州,"期望岗位：Python开发工程师
期望城市：福州
期望行业：互联网/信息技术/软件服务
期望薪资：面议",4年Python开发工程师从业经验，精通Flask技术架构，主导过中型项目从0到1落地，擅长技术方案设计与性能优化，曾推动核心模块技术重构，带来显著效率提升，具备跨部门协作与项目推进能力。,"南京大学 | 网络工程 | 本科
毕业时间：2018年6月
核心课程：软件工程、Java程序设计、机器学习、数据结构","【恒信信息技术有限公司】 Python开发工程师
2024年4月 - 至今
    · 编写开发文档，沉淀技术规范，协助新人熟悉业务
    · 对接产品、测试团队，跟进需求落地与缺陷修复
    · 承担分配模块的编码、测试与优化工作，保障系统稳定运行

【博思科技有限公司】 Python开发工程师
2022年10月 - 2024年11月
    · 编写开发文档，沉淀技术规范，协助新人熟悉业务
    · 承担分配模块的编码、测试与优化工作，保障系统稳定运行
    · 负责公司Python开发工程师相关业务的开发与维护，参与需求评审","■ 自动化运维平台
  项目目标：开发运维管理平台，实现服务器批量管理
  个人职责：负责监控、告警、任务调度模块后端开发
  项目成果：管理服务器200+，运维人力成本降低50%

■ 数据采集爬虫系统
  项目目标：搭建分布式爬虫平台，采集多渠道公开数据
  个人职责：负责反爬策略破解、数据清洗、入库逻辑开发
  项目成果：日均采集数据50万条，数据准确率98%以上","专业技能：FastAPI、Python、MongoDB、爬虫、Docker、Linux
相关证书：无",拥有4年行业经验，技术视野开阔，具备方案设计与项目把控能力；逻辑清晰，善于定位并解决复杂技术问题；具备良好的团队管理与跨部门沟通能力，能够推动技术优化与业务落地；责任心强，追求技术与业务的平衡发展。
莫雪,女,13879146769,moxue34@126.com,wx_moxue_224,南昌,"期望岗位：前端开发工程师
期望城市：南昌
期望行业：互联网/信息技术/软件服务
期望薪资：面议",本科数字媒体技术专业应届毕业生，掌握移动端适配、Ant Design基础技能，完成过课程设计与毕业项目，具备基础代码编写能力与问题排查思路，学习能力强，做事认真踏实，期望从事前端开发工程师相关工作。,"华南理工大学 | 数字媒体技术 | 本科
毕业时间：2022年6月
核心课程：机器学习、软件工程、数据库原理、Java程序设计","【校园实践】
    · 参与学校计算机协会技术部，负责协会网站日常维护
    · 协助老师完成实验室设备管理与系统环境搭建
    · 参与班级课程设计小组，担任后端开发角色","■ 校园社团官网（实训项目）
  项目目标：为学校社团开发官方展示网站
  个人职责：负责首页、新闻页、成员页开发
  项目成果：上线后访问量累计5000+","专业技能：Webpack、Element UI、移动端适配、TypeScript、Vite、JavaScript
相关证书：无",应届毕业，具备扎实的专业基础知识与学习能力，能够快速掌握新技术；工作态度认真负责，有耐心，注重细节；具备良好的团队意识与沟通能力，能够积极配合团队完成任务；期望在工作中积累经验，快速成长。
龙博,男,15627048822,longbo3807@gmail.com,wx_longbo_488,泉州,"期望岗位：Python开发工程师
期望城市：泉州
期望行业：互联网/信息技术/软件服务
期望薪资：面议",8年Python开发工程师资深经验，精通全链路技术架构，具备团队技术规划与方案设计能力，主导过多个大型项目重构与升级，在高并发/系统稳定性领域有深厚积累，能够带领团队攻克技术难题，驱动业务技术升级。,"浙江大学 | 物联网工程 | 本科
毕业时间：2014年6月
核心课程：机器学习、计算机网络、算法设计与分析、Java程序设计","【亿联网络】 Python开发工程师
2024年7月 - 至今
    · 编写开发文档，沉淀技术规范，协助新人熟悉业务
    · 负责公司Python开发工程师相关业务的开发与维护，参与需求评审
    · 对接产品、测试团队，跟进需求落地与缺陷修复

【金蝶信息技术有限公司】 Python开发工程师
2022年12月 - 2024年9月
    · 承担分配模块的编码、测试与优化工作，保障系统稳定运行
    · 编写开发文档，沉淀技术规范，协助新人熟悉业务
    · 对接产品、测试团队，跟进需求落地与缺陷修复

【通元软件有限公司】 Python开发工程师
2020年3月 - 2022年10月
    · 承担分配模块的编码、测试与优化工作，保障系统稳定运行
    · 编写开发文档，沉淀技术规范，协助新人熟悉业务","■ 自动化运维平台
  项目目标：开发运维管理平台，实现服务器批量管理
  个人职责：负责监控、告警、任务调度模块后端开发
  项目成果：管理服务器200+，运维人力成本降低50%

■ 数据采集爬虫系统
  项目目标：搭建分布式爬虫平台，采集多渠道公开数据
  个人职责：负责反爬策略破解、数据清洗、入库逻辑开发
  项目成果：日均采集数据50万条，数据准确率98%以上","专业技能：Git、Linux、Redis、Docker、Django、MySQL、Python、FastAPI、Flask、Celery
相关证书：软考中级",拥有8年行业经验，技术视野开阔，具备方案设计与项目把控能力；逻辑清晰，善于定位并解决复杂技术问题；具备良好的团队管理与跨部门沟通能力，能够推动技术优化与业务落地；责任心强，追求技术与业务的平衡发展。
潘峰,男,13426903295,panfeng15@163.com,wx_panfeng_562,三明,"期望岗位：算法工程师
期望城市：三明
期望行业：互联网/信息技术/软件服务
期望薪资：面议",1年算法工程师工作经验，精通数据结构、算法优化技术栈，参与过完整项目迭代，能够独立完成模块开发与问题排查，注重代码质量与开发效率，具备良好的沟通协作能力。,"泉州师范学院 | 计算机应用技术 | 本科
毕业时间：2021年6月
核心课程：算法设计与分析、操作系统、数据结构、机器学习","【美图公司】 算法工程师
2025年2月 - 至今
    · 编写开发文档，沉淀技术规范，协助新人熟悉业务
    · 负责公司算法工程师相关业务的开发与维护，参与需求评审
    · 对接产品、测试团队，跟进需求落地与缺陷修复","■ 风控欺诈识别模型
  项目目标：识别交易欺诈行为，降低资金损失风险
  个人职责：特征工程，构建XGBoost风控模型，在线部署与迭代
  项目成果：欺诈识别准确率达92%，每年减少损失超200万

■ 个性化推荐系统
  项目目标：提升内容推荐精准度，增加用户停留时长
  个人职责：负责协同过滤、深度学习推荐模型开发与离线优化
  项目成果：用户平均停留时长提升25%，点击率提升15%","专业技能：TensorFlow、计算机视觉、NLP、机器学习、PyTorch、特征工程、推荐算法、深度学习、SQL、Python
相关证书：阿里云ACP云计算认证、计算机二级",拥有1年实际工作经验，技术功底扎实，熟悉完整开发流程；具备较强的问题解决能力，能够独立排查并解决常见技术问题；工作认真负责，注重团队协作，能够高效推进项目落地；持续学习，保持技术敏感度。
邱梦瑶,女,18165013150,qiumengyao28@qq.com,13801881714,厦门,"期望岗位：前端开发工程师
期望城市：厦门
期望行业：互联网/信息技术/软件服务
期望薪资：面议",5年前端开发工程师从业经验，精通Axios技术架构，主导过中型项目从0到1落地，擅长技术方案设计与性能优化，曾推动核心模块技术重构，带来显著效率提升，具备跨部门协作与项目推进能力。,"南京工业职业技术大学 | 物联网工程 | 专科
毕业时间：2017年6月
核心课程：算法设计与分析、数据库原理、Java程序设计、数据结构","【微远软件有限公司】 前端开发工程师
2025年11月 - 至今
    · 对接产品、测试团队，跟进需求落地与缺陷修复
    · 承担分配模块的编码、测试与优化工作，保障系统稳定运行
    · 负责公司前端开发工程师相关业务的开发与维护，参与需求评审

【新科软件有限公司】 前端开发工程师
2024年6月 - 2025年10月
    · 负责公司前端开发工程师相关业务的开发与维护，参与需求评审
    · 对接产品、测试团队，跟进需求落地与缺陷修复
    · 编写开发文档，沉淀技术规范，协助新人熟悉业务

【中软互联网科技有限公司】 前端开发工程师
2023年4月 - 2024年7月
    · 负责公司前端开发工程师相关业务的开发与维护，参与需求评审
    · 承担分配模块的编码、测试与优化工作，保障系统稳定运行
    · 对接产品、测试团队，跟进需求落地与缺陷修复","■ 电商平台前端重构
  项目目标：升级旧版电商系统前端架构，提升用户体验与加载速度
  个人职责：负责商品详情页、购物车模块开发，组件化封装公共组件
  项目成果：首屏加载时间从3.2s降至1.8s，页面转化率提升12%

■ 企业后台管理系统
  项目目标：搭建企业运营管理后台，实现业务数据可视化
  个人职责：负责权限管理、数据报表模块开发，对接后端接口联调
  项目成果：覆盖12个业务部门，运营效率提升40%","专业技能：TypeScript、移动端适配、React、CSS3、Element UI、JavaScript
相关证书：无",拥有5年行业经验，技术视野开阔，具备方案设计与项目把控能力；逻辑清晰，善于定位并解决复杂技术问题；具备良好的团队管理与跨部门沟通能力，能够推动技术优化与业务落地；责任心强，追求技术与业务的平衡发展。
夏恒,男,18077164257,xiaheng79@163.com,18401270371,广州,"期望岗位：Python开发工程师
期望城市：广州
期望行业：互联网/信息技术/软件服务
期望薪资：面议",专科计算机应用技术专业应届毕业生，掌握Linux、Flask基础技能，完成过课程设计与毕业项目，具备基础代码编写能力与问题排查思路，学习能力强，做事认真踏实，期望从事Python开发工程师相关工作。,"苏州职业大学 | 计算机应用技术 | 专科
毕业时间：2022年6月
核心课程：算法设计与分析、Java程序设计、数据库原理、数据结构","【校园实践】
    · 参与学校计算机协会技术部，负责协会网站日常维护
    · 协助老师完成实验室设备管理与系统环境搭建
    · 参与班级课程设计小组，担任后端开发角色","■ 自动化办公脚本
  项目目标：批量处理Excel表格数据
  个人职责：实现数据合并、格式转换、自动统计
  项目成果：提升人工效率80%","专业技能：Docker、Linux、Django、Celery、Redis、MySQL
相关证书：英语六级",应届毕业，具备扎实的专业基础知识与学习能力，能够快速掌握新技术；工作态度认真负责，有耐心，注重细节；具备良好的团队意识与沟通能力，能够积极配合团队完成任务；期望在工作中积累经验，快速成长。
吴娜,女,15109166636,wuna9153@gmail.com,wx_wuna_559,龙岩,"期望岗位：数据分析师
期望城市：龙岩
期望行业：互联网/信息技术/软件服务
期望薪资：面议",本科通信工程专业应届毕业生，掌握Hive、Tableau基础技能，完成过课程设计与毕业项目，具备基础代码编写能力与问题排查思路，学习能力强，做事认真踏实，期望从事数据分析师相关工作。,"南昌大学 | 通信工程 | 本科
毕业时间：2022年6月
核心课程：机器学习、操作系统、算法设计与分析、软件工程","【校园实践】
    · 参与学校计算机协会技术部，负责协会网站日常维护
    · 协助老师完成实验室设备管理与系统环境搭建
    · 参与班级课程设计小组，担任后端开发角色","■ 电商公开数据爬取分析
  项目目标：采集公开电商商品数据并分析
  个人职责：数据爬取、清洗、价格销量分析
  项目成果：输出可视化分析图表","专业技能：Power BI、用户分析、Tableau、SQL、Pandas、Excel、统计学
相关证书：红帽RHCE认证",应届毕业，具备扎实的专业基础知识与学习能力，能够快速掌握新技术；工作态度认真负责，有耐心，注重细节；具备良好的团队意识与沟通能力，能够积极配合团队完成任务；期望在工作中积累经验，快速成长。
任鹏,男,18412082750,renpeng401@qq.com,13889858901,东莞,"期望岗位：数据分析师
期望城市：东莞
期望行业：互联网/信息技术/软件服务
期望薪资：面议",专科数字媒体技术专业应届毕业生，掌握Hive、NumPy基础技能，完成过课程设计与毕业项目，具备基础代码编写能力与问题排查思路，学习能力强，做事认真踏实，期望从事数据分析师相关工作。,"厦门海洋职业技术学院 | 数字媒体技术 | 专科
毕业时间：2022年6月
核心课程：机器学习、数据结构、Java程序设计、计算机网络","【校园实践】
    · 参与学校计算机协会技术部，负责协会网站日常维护
    · 协助老师完成实验室设备管理与系统环境搭建
    · 参与班级课程设计小组，担任后端开发角色","■ 电商公开数据爬取分析
  项目目标：采集公开电商商品数据并分析
  个人职责：数据爬取、清洗、价格销量分析
  项目成果：输出可视化分析图表","专业技能：统计学、Power BI、SQL、Pandas
相关证书：英语六级、软考中级",应届毕业，具备扎实的专业基础知识与学习能力，能够快速掌握新技术；工作态度认真负责，有耐心，注重细节；具备良好的团队意识与沟通能力，能够积极配合团队完成任务；期望在工作中积累经验，快速成长。
高若曦,女,18305412499,gao若xi1559@gmail.com,wx_gao若xi_972,南京,"期望岗位：后端开发工程师
期望城市：南京
期望行业：互联网/信息技术/软件服务
期望薪资：面议",本科数学与应用数学专业应届毕业生，掌握MySQL、Redis基础技能，完成过课程设计与毕业项目，具备基础代码编写能力与问题排查思路，学习能力强，做事认真踏实，期望从事后端开发工程师相关工作。,"苏州科技大学 | 数学与应用数学 | 本科
毕业时间：2022年6月
核心课程：软件工程、Java程序设计、数据库原理、计算机网络","【校园实践】
    · 参与学校计算机协会技术部，负责协会网站日常维护
    · 协助老师完成实验室设备管理与系统环境搭建
    · 参与班级课程设计小组，担任后端开发角色","■ 简单论坛系统
  项目目标：实现帖子发布、回复、板块管理
  个人职责：负责后端服务开发与接口文档编写
  项目成果：支持百人同时在线访问","专业技能：微服务、Java、Gin、PostgreSQL、Kafka
相关证书：计算机一级",应届毕业，具备扎实的专业基础知识与学习能力，能够快速掌握新技术；工作态度认真负责，有耐心，注重细节；具备良好的团队意识与沟通能力，能够积极配合团队完成任务；期望在工作中积累经验，快速成长。
曹欣,女,15155023279,caoxin265@gmail.com,wx_caoxin_831,南昌,"期望岗位：前端开发工程师
期望城市：南昌
期望行业：互联网/信息技术/软件服务
期望薪资：面议",专科物联网工程专业应届毕业生，掌握JavaScript、移动端适配基础技能，完成过课程设计与毕业项目，具备基础代码编写能力与问题排查思路，学习能力强，做事认真踏实，期望从事前端开发工程师相关工作。,"福州职业技术学院 | 物联网工程 | 专科
毕业时间：2022年6月
核心课程：数据结构、软件工程、Java程序设计、Python编程","【校园实践】
    · 参与学校计算机协会技术部，负责协会网站日常维护
    · 协助老师完成实验室设备管理与系统环境搭建
    · 参与班级课程设计小组，担任后端开发角色","■ 校园社团官网（实训项目）
  项目目标：为学校社团开发官方展示网站
  个人职责：负责首页、新闻页、成员页开发
  项目成果：上线后访问量累计5000+","专业技能：Ant Design、Vite、Axios、React、CSS3、JavaScript
相关证书：阿里云ACP云计算认证、计算机二级、计算机一级",应届毕业，具备扎实的专业基础知识与学习能力，能够快速掌握新技术；工作态度认真负责，有耐心，注重细节；具备良好的团队意识与沟通能力，能够积极配合团队完成任务；期望在工作中积累经验，快速成长。
胡雯,女,15054484611,huwen8208@gmail.com,18070333464,广州,"期望岗位：数据分析师
期望城市：广州
期望行业：互联网/信息技术/软件服务
期望薪资：面议",1年数据分析师工作经验，精通Tableau、Hive技术栈，参与过完整项目迭代，能够独立完成模块开发与问题排查，注重代码质量与开发效率，具备良好的沟通协作能力。,"集美大学 | 电子信息工程 | 本科
毕业时间：2021年6月
核心课程：计算机网络、算法设计与分析、机器学习、操作系统","【通元互联网科技有限公司】 数据分析师
2025年8月 - 至今
    · 编写开发文档，沉淀技术规范，协助新人熟悉业务
    · 负责公司数据分析师相关业务的开发与维护，参与需求评审
    · 承担分配模块的编码、测试与优化工作，保障系统稳定运行","■ 用户行为分析看板
  项目目标：构建用户行为数据体系，支撑运营决策
  个人职责：负责数据清洗、指标体系搭建，输出可视化运营报表
  项目成果：输出15+核心运营指标，支撑每月3次运营优化，用户留存率提升8%

■ 销售数据预测建模
  项目目标：基于历史数据预测销量，指导库存与备货
  个人职责：数据预处理，构建时间序列预测模型，输出月度预测报告
  项目成果：预测准确率达89%，库存周转效率提升25%","专业技能：Hive、MySQL、Excel、数据可视化、用户分析、Tableau、Pandas
相关证书：软考中级",拥有1年实际工作经验，技术功底扎实，熟悉完整开发流程；具备较强的问题解决能力，能够独立排查并解决常见技术问题；工作认真负责，注重团队协作，能够高效推进项目落地；持续学习，保持技术敏感度。
贺子轩,男,17785664143,he子xuan3585@qq.com,15530941265,宁波,"期望岗位：前端开发工程师
期望城市：宁波
期望行业：互联网/信息技术/软件服务
期望薪资：面议",3年前端开发工程师从业经验，精通Ant Design技术架构，主导过中型项目从0到1落地，擅长技术方案设计与性能优化，曾推动核心模块技术重构，带来显著效率提升，具备跨部门协作与项目推进能力。,"广东轻工职业技术学院 | 计算机科学与技术 | 专科
毕业时间：2019年6月
核心课程：数据结构、机器学习、Java程序设计、Python编程","【中软网络科技有限公司】 前端开发工程师
2025年2月 - 至今
    · 负责公司前端开发工程师相关业务的开发与维护，参与需求评审
    · 承担分配模块的编码、测试与优化工作，保障系统稳定运行
    · 对接产品、测试团队，跟进需求落地与缺陷修复

【云创科技有限公司】 前端开发工程师
2024年6月 - 2025年9月
    · 承担分配模块的编码、测试与优化工作，保障系统稳定运行
    · 编写开发文档，沉淀技术规范，协助新人熟悉业务","■ 企业后台管理系统
  项目目标：搭建企业运营管理后台，实现业务数据可视化
  个人职责：负责权限管理、数据报表模块开发，对接后端接口联调
  项目成果：覆盖12个业务部门，运营效率提升40%

■ 电商平台前端重构
  项目目标：升级旧版电商系统前端架构，提升用户体验与加载速度
  个人职责：负责商品详情页、购物车模块开发，组件化封装公共组件
  项目成果：首屏加载时间从3.2s降至1.8s，页面转化率提升12%","专业技能：JavaScript、Vue、React、Webpack、Vite、CSS3、HTML5
相关证书：英语四级",拥有3年行业经验，技术视野开阔，具备方案设计与项目把控能力；逻辑清晰，善于定位并解决复杂技术问题；具备良好的团队管理与跨部门沟通能力，能够推动技术优化与业务落地；责任心强，追求技术与业务的平衡发展。
孔建,男,15238111236,kongjian01@qq.com,13352202086,宁波,"期望岗位：运维工程师
期望城市：宁波
期望行业：互联网/信息技术/软件服务
期望薪资：面议",8年运维工程师资深经验，精通全链路技术架构，具备团队技术规划与方案设计能力，主导过多个大型项目重构与升级，在高并发/系统稳定性领域有深厚积累，能够带领团队攻克技术难题，驱动业务技术升级。,"华南理工大学 | 计算机应用技术 | 本科
毕业时间：2014年6月
核心课程：软件工程、数据库原理、数据结构、数字信号处理","【美图公司】 运维工程师
2024年7月 - 至今
    · 对接产品、测试团队，跟进需求落地与缺陷修复
    · 编写开发文档，沉淀技术规范，协助新人熟悉业务
    · 负责公司运维工程师相关业务的开发与维护，参与需求评审

【金蝶科技有限公司】 运维工程师
2022年5月 - 2024年9月
    · 承担分配模块的编码、测试与优化工作，保障系统稳定运行
    · 负责公司运维工程师相关业务的开发与维护，参与需求评审

【启明互联网科技有限公司】 运维工程师
2020年2月 - 2022年11月
    · 承担分配模块的编码、测试与优化工作，保障系统稳定运行
    · 对接产品、测试团队，跟进需求落地与缺陷修复","■ CI/CD自动化流水线
  项目目标：实现代码自动化构建、测试、部署，提升发布效率
  个人职责：基于Jenkins搭建持续集成流水线，配置Docker容器化部署
  项目成果：发布周期从每周1次提升至每天3次，部署失误率降为0

■ 服务器集群运维优化
  项目目标：提升服务器集群稳定性，降低故障发生率
  个人职责：负责日常巡检、故障排查，优化监控告警规则与分级策略
  项目成果：服务器故障率下降60%，平均故障响应时间缩短至15分钟","专业技能：Prometheus、Linux、网络运维、Jenkins、Kubernetes、Zabbix、Nginx、Redis、MySQL、Ansible
相关证书：软件设计师（中级）、PMP项目管理专业人士、英语四级",拥有8年行业经验，技术视野开阔，具备方案设计与项目把控能力；逻辑清晰，善于定位并解决复杂技术问题；具备良好的团队管理与跨部门沟通能力，能够推动技术优化与业务落地；责任心强，追求技术与业务的平衡发展。
苏伟,男,15260120273,suwei1554@outlook.com,13420427741,南京,"期望岗位：算法工程师
期望城市：南京
期望行业：互联网/信息技术/软件服务
期望薪资：面议",专科通信工程专业应届毕业生，掌握算法优化、特征工程基础技能，完成过课程设计与毕业项目，具备基础代码编写能力与问题排查思路，学习能力强，做事认真踏实，期望从事算法工程师相关工作。,"福州职业技术学院 | 通信工程 | 专科
毕业时间：2022年6月
核心课程：操作系统、算法设计与分析、数字信号处理、计算机网络","【校园实践】
    · 参与学校计算机协会技术部，负责协会网站日常维护
    · 协助老师完成实验室设备管理与系统环境搭建
    · 参与班级课程设计小组，担任后端开发角色","■ 电影推荐系统（毕设）
  项目目标：基于协同过滤实现简单电影推荐
  个人职责：数据处理、模型实现、效果验证
  项目成果：召回准确率达到75%","专业技能：特征工程、PyTorch、深度学习、计算机视觉
相关证书：英语六级",应届毕业，具备扎实的专业基础知识与学习能力，能够快速掌握新技术；工作态度认真负责，有耐心，注重细节；具备良好的团队意识与沟通能力，能够积极配合团队完成任务；期望在工作中积累经验，快速成长。
蔡伟,男,13403798575,caiwei92@outlook.com,wx_caiwei_138,深圳,"期望岗位：运维工程师
期望城市：深圳
期望行业：互联网/信息技术/软件服务
期望薪资：面议",专科网络工程专业应届毕业生，有1段运维工程师实习经验，掌握Docker技术栈，参与过实习项目开发，具备良好的代码规范与团队协作意识，能够快速上手业务，期望正式入职发展。,"福建信息职业技术学院 | 网络工程 | 专科
毕业时间：2021年6月
核心课程：数据库原理、软件工程、Java程序设计、操作系统","【网易（杭州）】 运维工程师（实习）
2025年12月 - 至今
    · 对接产品、测试团队，跟进需求落地与缺陷修复
    · 负责公司运维工程师相关业务的开发与维护，参与需求评审","■ 实验室服务器搭建实训
  项目目标：搭建实验室Linux服务器环境
  个人职责：负责系统安装、网络配置、基础服务部署
  项目成果：完成3台服务器环境搭建

■ 简单监控脚本开发
  项目目标：编写服务器状态监控脚本
  个人职责：实现CPU、内存、磁盘使用率自动采集
  项目成果：支持异常邮件告警","专业技能：网络运维、Docker、Redis、Shell
相关证书：英语四级",有实习经验，熟悉开发基本流程，具备基础的项目实践能力；学习能力强，能够快速上手新业务新技术；工作踏实，责任心强，善于沟通协作，能够高效完成分配的工作任务。
韦雨泽,男,17619126959,wei雨ze326@outlook.com,18017871472,南昌,"期望岗位：Python开发工程师
期望城市：南昌
期望行业：互联网/信息技术/软件服务
期望薪资：面议",4年Python开发工程师从业经验，精通Django技术架构，主导过中型项目从0到1落地，擅长技术方案设计与性能优化，曾推动核心模块技术重构，带来显著效率提升，具备跨部门协作与项目推进能力。,"南京理工大学 | 数字媒体技术 | 本科
毕业时间：2018年6月
核心课程：Python编程、数据结构、机器学习、数字信号处理","【阿里巴巴（福州分公司）】 Python开发工程师
2024年3月 - 至今
    · 承担分配模块的编码、测试与优化工作，保障系统稳定运行
    · 对接产品、测试团队，跟进需求落地与缺陷修复
    · 编写开发文档，沉淀技术规范，协助新人熟悉业务

【启明数据技术有限公司】 Python开发工程师
2022年4月 - 2024年4月
    · 对接产品、测试团队，跟进需求落地与缺陷修复
    · 承担分配模块的编码、测试与优化工作，保障系统稳定运行
    · 编写开发文档，沉淀技术规范，协助新人熟悉业务","■ 自动化运维平台
  项目目标：开发运维管理平台，实现服务器批量管理
  个人职责：负责监控、告警、任务调度模块后端开发
  项目成果：管理服务器200+，运维人力成本降低50%

■ 数据采集爬虫系统
  项目目标：搭建分布式爬虫平台，采集多渠道公开数据
  个人职责：负责反爬策略破解、数据清洗、入库逻辑开发
  项目成果：日均采集数据50万条，数据准确率98%以上","专业技能：Linux、MongoDB、Flask、Django、Docker、Celery、Python、FastAPI、Git
相关证书：计算机一级",拥有4年行业经验，技术视野开阔，具备方案设计与项目把控能力；逻辑清晰，善于定位并解决复杂技术问题；具备良好的团队管理与跨部门沟通能力，能够推动技术优化与业务落地；责任心强，追求技术与业务的平衡发展。
龚雪,女,13922790944,gongxue003@outlook.com,wx_gongxue_511,珠海,"期望岗位：Java开发工程师
期望城市：珠海
期望行业：互联网/信息技术/软件服务
期望薪资：面议",专科数据科学与大数据技术专业应届毕业生，有0段Java开发工程师实习经验，掌握RabbitMQ技术栈，参与过实习项目开发，具备良好的代码规范与团队协作意识，能够快速上手业务，期望正式入职发展。,"江西交通职业技术学院 | 数据科学与大数据技术 | 专科
毕业时间：2022年6月
核心课程：机器学习、数字信号处理、操作系统、算法设计与分析","【合众软件有限公司】 Java开发工程师（实习）
2020年12月 - 至今
    · 编写开发文档，沉淀技术规范，协助新人熟悉业务
    · 对接产品、测试团队，跟进需求落地与缺陷修复
    · 承担分配模块的编码、测试与优化工作，保障系统稳定运行","■ 学生成绩管理系统（课程设计）
  项目目标：实现学生信息、成绩、班级的增删改查管理
  个人职责：负责后端接口开发与数据库设计
  项目成果：完成基础功能，通过课程答辩

■ 校园二手交易平台（毕设）
  项目目标：搭建校园闲置物品发布与交易平台
  个人职责：负责用户模块、商品发布模块开发
  项目成果：完成系统原型，获得良好成绩","专业技能：Linux、SpringBoot、MySQL、SpringCloud、RabbitMQ
相关证书：计算机二级",有实习经验，熟悉开发基本流程，具备基础的项目实践能力；学习能力强，能够快速上手新业务新技术；工作踏实，责任心强，善于沟通协作，能够高效完成分配的工作任务。
龙明,男,18233040387,longming433@163.com,wx_longming_666,苏州,"期望岗位：Python开发工程师
期望城市：苏州
期望行业：互联网/信息技术/软件服务
期望薪资：面议",2年Python开发工程师工作经验，精通爬虫、FastAPI技术栈，参与过完整项目迭代，能够独立完成模块开发与问题排查，注重代码质量与开发效率，具备良好的沟通协作能力。,"暨南大学 | 电子信息工程 | 本科
毕业时间：2020年6月
核心课程：软件工程、算法设计与分析、机器学习、数据库原理","【博思科技有限公司】 Python开发工程师
2025年10月 - 至今
    · 承担分配模块的编码、测试与优化工作，保障系统稳定运行
    · 对接产品、测试团队，跟进需求落地与缺陷修复

【数聚软件有限公司】 Python开发工程师
2024年5月 - 2025年3月
    · 对接产品、测试团队，跟进需求落地与缺陷修复
    · 负责公司Python开发工程师相关业务的开发与维护，参与需求评审
    · 编写开发文档，沉淀技术规范，协助新人熟悉业务","■ 自动化运维平台
  项目目标：开发运维管理平台，实现服务器批量管理
  个人职责：负责监控、告警、任务调度模块后端开发
  项目成果：管理服务器200+，运维人力成本降低50%

■ 数据采集爬虫系统
  项目目标：搭建分布式爬虫平台，采集多渠道公开数据
  个人职责：负责反爬策略破解、数据清洗、入库逻辑开发
  项目成果：日均采集数据50万条，数据准确率98%以上","专业技能：MongoDB、Docker、Django、MySQL、Python、FastAPI、Celery
相关证书：英语六级",拥有2年实际工作经验，技术功底扎实，熟悉完整开发流程；具备较强的问题解决能力，能够独立排查并解决常见技术问题；工作认真负责，注重团队协作，能够高效推进项目落地；持续学习，保持技术敏感度。
马平,男,13867363153,maping852@gmail.com,18966907382,莆田,"期望岗位：运维工程师
期望城市：莆田
期望行业：互联网/信息技术/软件服务
期望薪资：面议",5年运维工程师资深经验，精通全链路技术架构，具备团队技术规划与方案设计能力，主导过多个大型项目重构与升级，在高并发/系统稳定性领域有深厚积累，能够带领团队攻克技术难题，驱动业务技术升级。,"苏州职业大学 | 信息管理与信息系统 | 专科
毕业时间：2017年6月
核心课程：Python编程、软件工程、操作系统、Java程序设计","【携程（厦门）】 运维工程师
2025年9月 - 至今
    · 对接产品、测试团队，跟进需求落地与缺陷修复
    · 负责公司运维工程师相关业务的开发与维护，参与需求评审

【智联数据技术有限公司】 运维工程师
2024年3月 - 2025年10月
    · 编写开发文档，沉淀技术规范，协助新人熟悉业务
    · 负责公司运维工程师相关业务的开发与维护，参与需求评审

【微远网络科技有限公司】 运维工程师
2023年7月 - 2024年8月
    · 编写开发文档，沉淀技术规范，协助新人熟悉业务
    · 对接产品、测试团队，跟进需求落地与缺陷修复","■ CI/CD自动化流水线
  项目目标：实现代码自动化构建、测试、部署，提升发布效率
  个人职责：基于Jenkins搭建持续集成流水线，配置Docker容器化部署
  项目成果：发布周期从每周1次提升至每天3次，部署失误率降为0

■ 服务器集群运维优化
  项目目标：提升服务器集群稳定性，降低故障发生率
  个人职责：负责日常巡检、故障排查，优化监控告警规则与分级策略
  项目成果：服务器故障率下降60%，平均故障响应时间缩短至15分钟","专业技能：Zabbix、Redis、Ansible、Jenkins、Linux、Kubernetes
相关证书：系统架构设计师、计算机二级",拥有5年行业经验，技术视野开阔，具备方案设计与项目把控能力；逻辑清晰，善于定位并解决复杂技术问题；具备良好的团队管理与跨部门沟通能力，能够推动技术优化与业务落地；责任心强，追求技术与业务的平衡发展。
姚华,男,18279071691,yaohua4375@outlook.com,wx_yaohua_717,深圳,"期望岗位：后端开发工程师
期望城市：深圳
期望行业：互联网/信息技术/软件服务
期望薪资：面议",专科数字媒体技术专业应届毕业生，掌握Redis、Python基础技能，完成过课程设计与毕业项目，具备基础代码编写能力与问题排查思路，学习能力强，做事认真踏实，期望从事后端开发工程师相关工作。,"南京工业职业技术大学 | 数字媒体技术 | 专科
毕业时间：2022年6月
核心课程：Java程序设计、机器学习、数据结构、操作系统","【校园实践】
    · 参与学校计算机协会技术部，负责协会网站日常维护
    · 协助老师完成实验室设备管理与系统环境搭建
    · 参与班级课程设计小组，担任后端开发角色","■ 简单论坛系统
  项目目标：实现帖子发布、回复、板块管理
  个人职责：负责后端服务开发与接口文档编写
  项目成果：支持百人同时在线访问","专业技能：Go、MySQL、SpringBoot、PostgreSQL
相关证书：计算机二级",应届毕业，具备扎实的专业基础知识与学习能力，能够快速掌握新技术；工作态度认真负责，有耐心，注重细节；具备良好的团队意识与沟通能力，能够积极配合团队完成任务；期望在工作中积累经验，快速成长。
卢杰,男,15893101742,lujie664@gmail.com,15181279110,苏州,"期望岗位：算法工程师
期望城市：苏州
期望行业：互联网/信息技术/软件服务
期望薪资：面议",2年算法工程师工作经验，精通Python、特征工程技术栈，参与过完整项目迭代，能够独立完成模块开发与问题排查，注重代码质量与开发效率，具备良好的沟通协作能力。,"浙江工业大学 | 通信工程 | 本科
毕业时间：2020年6月
核心课程：计算机网络、算法设计与分析、软件工程、机器学习","【数聚数据技术有限公司】 算法工程师
2025年3月 - 至今
    · 对接产品、测试团队，跟进需求落地与缺陷修复
    · 承担分配模块的编码、测试与优化工作，保障系统稳定运行

【博思科技有限公司】 算法工程师
2024年10月 - 2025年10月
    · 对接产品、测试团队，跟进需求落地与缺陷修复
    · 承担分配模块的编码、测试与优化工作，保障系统稳定运行","■ 个性化推荐系统
  项目目标：提升内容推荐精准度，增加用户停留时长
  个人职责：负责协同过滤、深度学习推荐模型开发与离线优化
  项目成果：用户平均停留时长提升25%，点击率提升15%

■ 风控欺诈识别模型
  项目目标：识别交易欺诈行为，降低资金损失风险
  个人职责：特征工程，构建XGBoost风控模型，在线部署与迭代
  项目成果：欺诈识别准确率达92%，每年减少损失超200万","专业技能：数据结构、深度学习、NLP、PyTorch、机器学习、特征工程、SQL、TensorFlow、推荐算法、计算机视觉
相关证书：红帽RHCE认证、计算机一级",拥有2年实际工作经验，技术功底扎实，熟悉完整开发流程；具备较强的问题解决能力，能够独立排查并解决常见技术问题；工作认真负责，注重团队协作，能够高效推进项目落地；持续学习，保持技术敏感度。
曾萍,女,13570697626,zengping4482@qq.com,15543683150,南平,"期望岗位：后端开发工程师
期望城市：南平
期望行业：互联网/信息技术/软件服务
期望薪资：面议",本科数字媒体技术专业应届毕业生，有0段后端开发工程师实习经验，掌握Docker技术栈，参与过实习项目开发，具备良好的代码规范与团队协作意识，能够快速上手业务，期望正式入职发展。,"苏州大学 | 数字媒体技术 | 本科
毕业时间：2022年6月
核心课程：数字信号处理、算法设计与分析、Java程序设计、机器学习","【易联软件有限公司】 后端开发工程师（实习）
2021年8月 - 至今
    · 编写开发文档，沉淀技术规范，协助新人熟悉业务
    · 负责公司后端开发工程师相关业务的开发与维护，参与需求评审
    · 承担分配模块的编码、测试与优化工作，保障系统稳定运行","■ 简单论坛系统
  项目目标：实现帖子发布、回复、板块管理
  个人职责：负责后端服务开发与接口文档编写
  项目成果：支持百人同时在线访问

■ 图书管理系统后端
  项目目标：实现图书借阅、归还、用户管理功能
  个人职责：负责接口开发与数据库表结构设计
  项目成果：完成核心功能，支持1000条数据量","专业技能：Java、Redis、K8s、微服务
相关证书：MySQL数据库认证、计算机二级、英语六级",有实习经验，熟悉开发基本流程，具备基础的项目实践能力；学习能力强，能够快速上手新业务新技术；工作踏实，责任心强，善于沟通协作，能够高效完成分配的工作任务。
毛然,男,13505428053,maoran3791@163.com,wx_maoran_342,东莞,"期望岗位：运维工程师
期望城市：东莞
期望行业：互联网/信息技术/软件服务
期望薪资：面议",5年运维工程师资深经验，精通全链路技术架构，具备团队技术规划与方案设计能力，主导过多个大型项目重构与升级，在高并发/系统稳定性领域有深厚积累，能够带领团队攻克技术难题，驱动业务技术升级。,"南昌大学 | 数字媒体技术 | 本科
毕业时间：2017年6月
核心课程：软件工程、Java程序设计、机器学习、数字信号处理","【阿里巴巴（福州分公司）】 运维工程师
2025年5月 - 至今
    · 编写开发文档，沉淀技术规范，协助新人熟悉业务
    · 负责公司运维工程师相关业务的开发与维护，参与需求评审
    · 承担分配模块的编码、测试与优化工作，保障系统稳定运行

【天擎科技有限公司】 运维工程师
2024年7月 - 2025年10月
    · 负责公司运维工程师相关业务的开发与维护，参与需求评审
    · 承担分配模块的编码、测试与优化工作，保障系统稳定运行
    · 编写开发文档，沉淀技术规范，协助新人熟悉业务

【启明数据技术有限公司】 运维工程师
2023年9月 - 2024年1月
    · 编写开发文档，沉淀技术规范，协助新人熟悉业务
    · 承担分配模块的编码、测试与优化工作，保障系统稳定运行
    · 对接产品、测试团队，跟进需求落地与缺陷修复","■ CI/CD自动化流水线
  项目目标：实现代码自动化构建、测试、部署，提升发布效率
  个人职责：基于Jenkins搭建持续集成流水线，配置Docker容器化部署
  项目成果：发布周期从每周1次提升至每天3次，部署失误率降为0

■ 服务器集群运维优化
  项目目标：提升服务器集群稳定性，降低故障发生率
  个人职责：负责日常巡检、故障排查，优化监控告警规则与分级策略
  项目成果：服务器故障率下降60%，平均故障响应时间缩短至15分钟","专业技能：MySQL、Nginx、Linux、Jenkins、Zabbix、Docker、Ansible
相关证书：无",拥有5年行业经验，技术视野开阔，具备方案设计与项目把控能力；逻辑清晰，善于定位并解决复杂技术问题；具备良好的团队管理与跨部门沟通能力，能够推动技术优化与业务落地；责任心强，追求技术与业务的平衡发展。
周雨泽,男,13625567517,zhou雨ze3100@126.com,15129013263,三明,"期望岗位：算法工程师
期望城市：三明
期望行业：互联网/信息技术/软件服务
期望薪资：面议",5年算法工程师从业经验，精通机器学习技术架构，主导过中型项目从0到1落地，擅长技术方案设计与性能优化，曾推动核心模块技术重构，带来显著效率提升，具备跨部门协作与项目推进能力。,"佛山科学技术学院 | 网络工程 | 本科
毕业时间：2017年6月
核心课程：算法设计与分析、机器学习、Java程序设计、数字信号处理","【网易（杭州）】 算法工程师
2025年6月 - 至今
    · 负责公司算法工程师相关业务的开发与维护，参与需求评审
    · 编写开发文档，沉淀技术规范，协助新人熟悉业务

【安硕网络科技有限公司】 算法工程师
2024年12月 - 2025年10月
    · 负责公司算法工程师相关业务的开发与维护，参与需求评审
    · 承担分配模块的编码、测试与优化工作，保障系统稳定运行
    · 编写开发文档，沉淀技术规范，协助新人熟悉业务

【恒信软件有限公司】 算法工程师
2023年9月 - 2024年4月
    · 负责公司算法工程师相关业务的开发与维护，参与需求评审
    · 承担分配模块的编码、测试与优化工作，保障系统稳定运行
    · 对接产品、测试团队，跟进需求落地与缺陷修复","■ 风控欺诈识别模型
  项目目标：识别交易欺诈行为，降低资金损失风险
  个人职责：特征工程，构建XGBoost风控模型，在线部署与迭代
  项目成果：欺诈识别准确率达92%，每年减少损失超200万

■ 个性化推荐系统
  项目目标：提升内容推荐精准度，增加用户停留时长
  个人职责：负责协同过滤、深度学习推荐模型开发与离线优化
  项目成果：用户平均停留时长提升25%，点击率提升15%","专业技能：NLP、特征工程、计算机视觉、TensorFlow、PyTorch、推荐算法、SQL、数据结构、算法优化
相关证书：软件设计师（中级）",拥有5年行业经验，技术视野开阔，具备方案设计与项目把控能力；逻辑清晰，善于定位并解决复杂技术问题；具备良好的团队管理与跨部门沟通能力，能够推动技术优化与业务落地；责任心强，追求技术与业务的平衡发展。
许明,男,18736834281,xuming28@126.com,wx_xuming_804,广州,"期望岗位：数据分析师
期望城市：广州
期望行业：互联网/信息技术/软件服务
期望薪资：面议",专科网络工程专业应届毕业生，掌握Python、数据可视化基础技能，完成过课程设计与毕业项目，具备基础代码编写能力与问题排查思路，学习能力强，做事认真踏实，期望从事数据分析师相关工作。,"南京工业职业技术大学 | 网络工程 | 专科
毕业时间：2022年6月
核心课程：数字信号处理、数据库原理、数据结构、操作系统","【校园实践】
    · 参与学校计算机协会技术部，负责协会网站日常维护
    · 协助老师完成实验室设备管理与系统环境搭建
    · 参与班级课程设计小组，担任后端开发角色","■ 学生成绩数据分析
  项目目标：对班级期末成绩进行统计分析
  个人职责：数据清洗、可视化图表制作、结论输出
  项目成果：输出分析报告，提出3点教学建议","专业技能：用户分析、Power BI、Python、Tableau、SQL、Pandas
相关证书：计算机一级、PMP项目管理专业人士",应届毕业，具备扎实的专业基础知识与学习能力，能够快速掌握新技术；工作态度认真负责，有耐心，注重细节；具备良好的团队意识与沟通能力，能够积极配合团队完成任务；期望在工作中积累经验，快速成长。
史明,男,13176649190,shiming36@126.com,wx_shiming_779,漳州,"期望岗位：软件测试工程师
期望城市：漳州
期望行业：互联网/信息技术/软件服务
期望薪资：面议",2年软件测试工程师工作经验，精通测试用例设计、缺陷管理技术栈，参与过完整项目迭代，能够独立完成模块开发与问题排查，注重代码质量与开发效率，具备良好的沟通协作能力。,"南昌大学 | 数字媒体技术 | 本科
毕业时间：2020年6月
核心课程：数据库原理、机器学习、Java程序设计、操作系统","【未来数据技术有限公司】 软件测试工程师
2025年10月 - 至今
    · 负责公司软件测试工程师相关业务的开发与维护，参与需求评审
    · 对接产品、测试团队，跟进需求落地与缺陷修复

【恒信互联网科技有限公司】 软件测试工程师
2024年7月 - 2025年8月
    · 承担分配模块的编码、测试与优化工作，保障系统稳定运行
    · 对接产品、测试团队，跟进需求落地与缺陷修复
    · 编写开发文档，沉淀技术规范，协助新人熟悉业务","■ 电商平台功能测试
  项目目标：保障电商系统上线质量，覆盖全业务流程
  个人职责：设计测试用例，执行功能、回归测试，提交缺陷报告
  项目成果：发现并修复120+缺陷，上线后线上缺陷率低于0.5%

■ 自动化测试框架搭建
  项目目标：提升回归测试效率，减少人工重复劳动
  个人职责：基于Selenium搭建UI自动化框架，编写核心模块测试脚本
  项目成果：回归测试周期从7天缩短至2天，覆盖率达85%","专业技能：功能测试、缺陷管理、JMeter、性能测试、Python、接口测试、测试用例设计、Selenium、MySQL、TestNG
相关证书：英语四级、MySQL数据库认证",拥有2年实际工作经验，技术功底扎实，熟悉完整开发流程；具备较强的问题解决能力，能够独立排查并解决常见技术问题；工作认真负责，注重团队协作，能够高效推进项目落地；持续学习，保持技术敏感度。
白强,男,18416538287,baiqiang359@163.com,wx_baiqiang_450,南昌,"期望岗位：软件测试工程师
期望城市：南昌
期望行业：互联网/信息技术/软件服务
期望薪资：面议",2年软件测试工程师工作经验，精通Python、TestNG技术栈，参与过完整项目迭代，能够独立完成模块开发与问题排查，注重代码质量与开发效率，具备良好的沟通协作能力。,"福建农林大学 | 网络工程 | 本科
毕业时间：2020年6月
核心课程：算法设计与分析、数字信号处理、Python编程、软件工程","【卓望互联网科技有限公司】 软件测试工程师
2025年2月 - 至今
    · 编写开发文档，沉淀技术规范，协助新人熟悉业务
    · 负责公司软件测试工程师相关业务的开发与维护，参与需求评审

【微远数据技术有限公司】 软件测试工程师
2024年6月 - 2025年2月
    · 对接产品、测试团队，跟进需求落地与缺陷修复
    · 承担分配模块的编码、测试与优化工作，保障系统稳定运行","■ 自动化测试框架搭建
  项目目标：提升回归测试效率，减少人工重复劳动
  个人职责：基于Selenium搭建UI自动化框架，编写核心模块测试脚本
  项目成果：回归测试周期从7天缩短至2天，覆盖率达85%

■ 电商平台功能测试
  项目目标：保障电商系统上线质量，覆盖全业务流程
  个人职责：设计测试用例，执行功能、回归测试，提交缺陷报告
  项目成果：发现并修复120+缺陷，上线后线上缺陷率低于0.5%","专业技能：性能测试、Postman、接口测试、JMeter、功能测试、TestNG、测试用例设计
相关证书：软考中级、PMP项目管理专业人士",拥有2年实际工作经验，技术功底扎实，熟悉完整开发流程；具备较强的问题解决能力，能够独立排查并解决常见技术问题；工作认真负责，注重团队协作，能够高效推进项目落地；持续学习，保持技术敏感度。
史刚,男,15524678870,shigang871@gmail.com,wx_shigang_319,深圳,"期望岗位：Python开发工程师
期望城市：深圳
期望行业：互联网/信息技术/软件服务
期望薪资：面议",3年Python开发工程师工作经验，精通Linux、Docker技术栈，参与过完整项目迭代，能够独立完成模块开发与问题排查，注重代码质量与开发效率，具备良好的沟通协作能力。,"暨南大学 | 网络工程 | 本科
毕业时间：2019年6月
核心课程：数字信号处理、软件工程、操作系统、Python编程","【通元数据技术有限公司】 Python开发工程师
2025年6月 - 至今
    · 承担分配模块的编码、测试与优化工作，保障系统稳定运行
    · 对接产品、测试团队，跟进需求落地与缺陷修复

【易联信息技术有限公司】 Python开发工程师
2024年10月 - 2025年9月
    · 承担分配模块的编码、测试与优化工作，保障系统稳定运行
    · 负责公司Python开发工程师相关业务的开发与维护，参与需求评审
    · 对接产品、测试团队，跟进需求落地与缺陷修复","■ 自动化运维平台
  项目目标：开发运维管理平台，实现服务器批量管理
  个人职责：负责监控、告警、任务调度模块后端开发
  项目成果：管理服务器200+，运维人力成本降低50%

■ 数据采集爬虫系统
  项目目标：搭建分布式爬虫平台，采集多渠道公开数据
  个人职责：负责反爬策略破解、数据清洗、入库逻辑开发
  项目成果：日均采集数据50万条，数据准确率98%以上","专业技能：FastAPI、MySQL、Flask、Django、爬虫、Redis、Python、Celery
相关证书：无",拥有3年实际工作经验，技术功底扎实，熟悉完整开发流程；具备较强的问题解决能力，能够独立排查并解决常见技术问题；工作认真负责，注重团队协作，能够高效推进项目落地；持续学习，保持技术敏感度。
杨玲,女,13568978634,yangling418@163.com,15509646117,宁德,"期望岗位：Python开发工程师
期望城市：宁德
期望行业：互联网/信息技术/软件服务
期望薪资：面议",3年Python开发工程师工作经验，精通Linux、FastAPI技术栈，参与过完整项目迭代，能够独立完成模块开发与问题排查，注重代码质量与开发效率，具备良好的沟通协作能力。,"苏州科技大学 | 数据科学与大数据技术 | 本科
毕业时间：2019年6月
核心课程：算法设计与分析、计算机网络、软件工程、数据结构","【易联互联网科技有限公司】 Python开发工程师
2025年2月 - 至今
    · 编写开发文档，沉淀技术规范，协助新人熟悉业务
    · 承担分配模块的编码、测试与优化工作，保障系统稳定运行
    · 对接产品、测试团队，跟进需求落地与缺陷修复

【微远互联网科技有限公司】 Python开发工程师
2024年2月 - 2025年2月
    · 负责公司Python开发工程师相关业务的开发与维护，参与需求评审
    · 承担分配模块的编码、测试与优化工作，保障系统稳定运行
    · 对接产品、测试团队，跟进需求落地与缺陷修复","■ 数据采集爬虫系统
  项目目标：搭建分布式爬虫平台，采集多渠道公开数据
  个人职责：负责反爬策略破解、数据清洗、入库逻辑开发
  项目成果：日均采集数据50万条，数据准确率98%以上

■ 自动化运维平台
  项目目标：开发运维管理平台，实现服务器批量管理
  个人职责：负责监控、告警、任务调度模块后端开发
  项目成果：管理服务器200+，运维人力成本降低50%","专业技能：MySQL、Linux、Celery、Python、Redis、爬虫、Django、Flask、MongoDB、FastAPI
相关证书：红帽RHCE认证、英语四级",拥有3年实际工作经验，技术功底扎实，熟悉完整开发流程；具备较强的问题解决能力，能够独立排查并解决常见技术问题；工作认真负责，注重团队协作，能够高效推进项目落地；持续学习，保持技术敏感度。
钱天佑,男,13715016783,qian天you3093@126.com,wx_qian天you_661,南平,"期望岗位：运维工程师
期望城市：南平
期望行业：互联网/信息技术/软件服务
期望薪资：面议",本科信息管理与信息系统专业应届毕业生，掌握Redis、网络运维基础技能，完成过课程设计与毕业项目，具备基础代码编写能力与问题排查思路，学习能力强，做事认真踏实，期望从事运维工程师相关工作。,"暨南大学 | 信息管理与信息系统 | 本科
毕业时间：2022年6月
核心课程：操作系统、软件工程、计算机网络、算法设计与分析","【校园实践】
    · 参与学校计算机协会技术部，负责协会网站日常维护
    · 协助老师完成实验室设备管理与系统环境搭建
    · 参与班级课程设计小组，担任后端开发角色","■ 实验室服务器搭建实训
  项目目标：搭建实验室Linux服务器环境
  个人职责：负责系统安装、网络配置、基础服务部署
  项目成果：完成3台服务器环境搭建","专业技能：Prometheus、Shell、Redis、Linux、Docker、Kubernetes
相关证书：英语四级",应届毕业，具备扎实的专业基础知识与学习能力，能够快速掌握新技术；工作态度认真负责，有耐心，注重细节；具备良好的团队意识与沟通能力，能够积极配合团队完成任务；期望在工作中积累经验，快速成长。
林若曦,女,17654526259,lin若xi0013@126.com,wx_lin若xi_498,广州,"期望岗位：软件测试工程师
期望城市：广州
期望行业：互联网/信息技术/软件服务
期望薪资：面议",2年软件测试工程师工作经验，精通Selenium、测试用例设计技术栈，参与过完整项目迭代，能够独立完成模块开发与问题排查，注重代码质量与开发效率，具备良好的沟通协作能力。,"苏州职业大学 | 电子信息工程 | 专科
毕业时间：2020年6月
核心课程：算法设计与分析、Java程序设计、软件工程、Python编程","【天擎互联网科技有限公司】 软件测试工程师
2025年7月 - 至今
    · 对接产品、测试团队，跟进需求落地与缺陷修复
    · 承担分配模块的编码、测试与优化工作，保障系统稳定运行
    · 负责公司软件测试工程师相关业务的开发与维护，参与需求评审

【安硕信息技术有限公司】 软件测试工程师
2024年6月 - 2025年1月
    · 编写开发文档，沉淀技术规范，协助新人熟悉业务
    · 负责公司软件测试工程师相关业务的开发与维护，参与需求评审
    · 对接产品、测试团队，跟进需求落地与缺陷修复","■ 电商平台功能测试
  项目目标：保障电商系统上线质量，覆盖全业务流程
  个人职责：设计测试用例，执行功能、回归测试，提交缺陷报告
  项目成果：发现并修复120+缺陷，上线后线上缺陷率低于0.5%

■ 自动化测试框架搭建
  项目目标：提升回归测试效率，减少人工重复劳动
  个人职责：基于Selenium搭建UI自动化框架，编写核心模块测试脚本
  项目成果：回归测试周期从7天缩短至2天，覆盖率达85%","专业技能：性能测试、MySQL、TestNG、测试用例设计、JMeter、功能测试、接口测试、Python、缺陷管理
相关证书：计算机一级、系统架构设计师",拥有2年实际工作经验，技术功底扎实，熟悉完整开发流程；具备较强的问题解决能力，能够独立排查并解决常见技术问题；工作认真负责，注重团队协作，能够高效推进项目落地；持续学习，保持技术敏感度。
冯瑶,女,13441992860,fengyao463@outlook.com,15137940760,漳州,"期望岗位：前端开发工程师
期望城市：漳州
期望行业：互联网/信息技术/软件服务
期望薪资：面议",3年前端开发工程师从业经验，精通Webpack技术架构，主导过中型项目从0到1落地，擅长技术方案设计与性能优化，曾推动核心模块技术重构，带来显著效率提升，具备跨部门协作与项目推进能力。,"南京大学 | 软件工程 | 本科
毕业时间：2019年6月
核心课程：数据结构、算法设计与分析、Python编程、软件工程","【卓望数据技术有限公司】 前端开发工程师
2025年9月 - 至今
    · 编写开发文档，沉淀技术规范，协助新人熟悉业务
    · 对接产品、测试团队，跟进需求落地与缺陷修复

【卓望网络科技有限公司】 前端开发工程师
2024年5月 - 2025年2月
    · 对接产品、测试团队，跟进需求落地与缺陷修复
    · 承担分配模块的编码、测试与优化工作，保障系统稳定运行","■ 企业后台管理系统
  项目目标：搭建企业运营管理后台，实现业务数据可视化
  个人职责：负责权限管理、数据报表模块开发，对接后端接口联调
  项目成果：覆盖12个业务部门，运营效率提升40%

■ 电商平台前端重构
  项目目标：升级旧版电商系统前端架构，提升用户体验与加载速度
  个人职责：负责商品详情页、购物车模块开发，组件化封装公共组件
  项目成果：首屏加载时间从3.2s降至1.8s，页面转化率提升12%","专业技能：Webpack、React、HTML5、移动端适配、Element UI、Ant Design
相关证书：软考中级、软件设计师（中级）",拥有3年行业经验，技术视野开阔，具备方案设计与项目把控能力；逻辑清晰，善于定位并解决复杂技术问题；具备良好的团队管理与跨部门沟通能力，能够推动技术优化与业务落地；责任心强，追求技术与业务的平衡发展。
曹雨萱,女,18980326079,cao雨xuan55@163.com,13529765790,南京,"期望岗位：后端开发工程师
期望城市：南京
期望行业：互联网/信息技术/软件服务
期望薪资：面议",4年后端开发工程师从业经验，精通Kafka技术架构，主导过中型项目从0到1落地，擅长技术方案设计与性能优化，曾推动核心模块技术重构，带来显著效率提升，具备跨部门协作与项目推进能力。,"浙江大学 | 软件技术 | 本科
毕业时间：2018年6月
核心课程：软件工程、Python编程、数据结构、数据库原理","【数聚软件有限公司】 后端开发工程师
2024年11月 - 至今
    · 负责公司后端开发工程师相关业务的开发与维护，参与需求评审
    · 对接产品、测试团队，跟进需求落地与缺陷修复

【智联数据技术有限公司】 后端开发工程师
2022年7月 - 2024年6月
    · 负责公司后端开发工程师相关业务的开发与维护，参与需求评审
    · 对接产品、测试团队，跟进需求落地与缺陷修复","■ 即时通讯服务开发
  项目目标：实现企业内部IM系统后端消息推送与存储
  个人职责：负责消息队列、离线消息、会话管理模块开发
  项目成果：支持万人同时在线，消息送达延迟低于100ms

■ 内容管理系统后端
  项目目标：搭建CMS系统后端服务，支持多站点内容发布
  个人职责：负责文章、栏目、权限模块接口开发，设计数据库表结构
  项目成果：支撑8个站点同时运营，内容发布效率提升3倍","专业技能：PostgreSQL、Redis、Go、Gin、Kafka、SpringBoot、微服务
相关证书：英语四级、软考中级",拥有4年行业经验，技术视野开阔，具备方案设计与项目把控能力；逻辑清晰，善于定位并解决复杂技术问题；具备良好的团队管理与跨部门沟通能力，能够推动技术优化与业务落地；责任心强，追求技术与业务的平衡发展。
陈紫涵,女,15986052074,chen紫han88@gmail.com,17728592352,杭州,"期望岗位：算法工程师
期望城市：杭州
期望行业：互联网/信息技术/软件服务
期望薪资：面议",本科软件技术专业应届毕业生，掌握计算机视觉、推荐算法基础技能，完成过课程设计与毕业项目，具备基础代码编写能力与问题排查思路，学习能力强，做事认真踏实，期望从事算法工程师相关工作。,"江西师范大学 | 软件技术 | 本科
毕业时间：2022年6月
核心课程：计算机网络、软件工程、数据结构、机器学习","【校园实践】
    · 参与学校计算机协会技术部，负责协会网站日常维护
    · 协助老师完成实验室设备管理与系统环境搭建
    · 参与班级课程设计小组，担任后端开发角色","■ 手写数字识别（课程作业）
  项目目标：基于MNIST数据集实现手写数字识别
  个人职责：使用CNN搭建模型，训练与调优
  项目成果：识别准确率达到92%","专业技能：深度学习、算法优化、计算机视觉、NLP、特征工程
相关证书：英语四级、软件设计师（中级）",应届毕业，具备扎实的专业基础知识与学习能力，能够快速掌握新技术；工作态度认真负责，有耐心，注重细节；具备良好的团队意识与沟通能力，能够积极配合团队完成任务；期望在工作中积累经验，快速成长。
邵恒,男,18774591013,shaoheng6722@gmail.com,wx_shaoheng_373,深圳,"期望岗位：Java开发工程师
期望城市：深圳
期望行业：互联网/信息技术/软件服务
期望薪资：面议",4年Java开发工程师从业经验，精通SpringBoot技术架构，主导过中型项目从0到1落地，擅长技术方案设计与性能优化，曾推动核心模块技术重构，带来显著效率提升，具备跨部门协作与项目推进能力。,"江西师范大学 | 软件工程 | 本科
毕业时间：2018年6月
核心课程：软件工程、Java程序设计、计算机网络、机器学习","【华为（东莞研究所）】 Java开发工程师
2024年10月 - 至今
    · 编写开发文档，沉淀技术规范，协助新人熟悉业务
    · 承担分配模块的编码、测试与优化工作，保障系统稳定运行
    · 负责公司Java开发工程师相关业务的开发与维护，参与需求评审

【恒信信息技术有限公司】 Java开发工程师
2022年11月 - 2024年2月
    · 编写开发文档，沉淀技术规范，协助新人熟悉业务
    · 承担分配模块的编码、测试与优化工作，保障系统稳定运行","■ 电商订单交易系统
  项目目标：搭建高可用电商订单系统，支撑大促流量峰值
  个人职责：负责订单创建、支付回调、库存扣减核心逻辑开发
  项目成果：支撑日均订单量10万+，系统可用性达99.95%

■ 微服务用户中心重构
  项目目标：将单体用户系统拆分为微服务架构，提升并发承载能力
  个人职责：负责登录、注册、权限模块开发，优化数据库查询与缓存策略
  项目成果：支持并发量从500提升至5000，接口响应耗时减少60%","专业技能：Git、Redis、Java、JVM调优、微服务、SpringBoot、RabbitMQ、SpringCloud
相关证书：系统架构设计师",拥有4年行业经验，技术视野开阔，具备方案设计与项目把控能力；逻辑清晰，善于定位并解决复杂技术问题；具备良好的团队管理与跨部门沟通能力，能够推动技术优化与业务落地；责任心强，追求技术与业务的平衡发展。
雷博,男,18371380949,leibo9917@163.com,wx_leibo_881,苏州,"期望岗位：算法工程师
期望城市：苏州
期望行业：互联网/信息技术/软件服务
期望薪资：面议",专科软件技术专业应届毕业生，有1段算法工程师实习经验，掌握TensorFlow技术栈，参与过实习项目开发，具备良好的代码规范与团队协作意识，能够快速上手业务，期望正式入职发展。,"深圳职业技术学院 | 软件技术 | 专科
毕业时间：2021年6月
核心课程：Python编程、数据结构、机器学习、操作系统","【微远网络科技有限公司】 算法工程师（实习）
2025年7月 - 至今
    · 承担分配模块的编码、测试与优化工作，保障系统稳定运行
    · 对接产品、测试团队，跟进需求落地与缺陷修复","■ 电影推荐系统（毕设）
  项目目标：基于协同过滤实现简单电影推荐
  个人职责：数据处理、模型实现、效果验证
  项目成果：召回准确率达到75%

■ 手写数字识别（课程作业）
  项目目标：基于MNIST数据集实现手写数字识别
  个人职责：使用CNN搭建模型，训练与调优
  项目成果：识别准确率达到92%","专业技能：SQL、机器学习、算法优化、计算机视觉
相关证书：MySQL数据库认证、计算机二级",有实习经验，熟悉开发基本流程，具备基础的项目实践能力；学习能力强，能够快速上手新业务新技术；工作踏实，责任心强，善于沟通协作，能够高效完成分配的工作任务。
贾玲,女,15049592037,jialing7325@gmail.com,17724281619,三明,"期望岗位：软件测试工程师
期望城市：三明
期望行业：互联网/信息技术/软件服务
期望薪资：面议",本科软件工程专业应届毕业生，掌握TestNG、TestNG基础技能，完成过课程设计与毕业项目，具备基础代码编写能力与问题排查思路，学习能力强，做事认真踏实，期望从事软件测试工程师相关工作。,"浙江大学 | 软件工程 | 本科
毕业时间：2022年6月
核心课程：计算机网络、机器学习、算法设计与分析、操作系统","【校园实践】
    · 参与学校计算机协会技术部，负责协会网站日常维护
    · 协助老师完成实验室设备管理与系统环境搭建
    · 参与班级课程设计小组，担任后端开发角色","■ 学生管理系统功能测试
  项目目标：对课程设计系统进行功能测试与缺陷提交
  个人职责：设计测试用例，执行黑盒测试
  项目成果：发现并提交8个功能缺陷","专业技能：接口测试、Postman、功能测试、Selenium、缺陷管理、TestNG、JMeter
相关证书：英语六级",应届毕业，具备扎实的专业基础知识与学习能力，能够快速掌握新技术；工作态度认真负责，有耐心，注重细节；具备良好的团队意识与沟通能力，能够积极配合团队完成任务；期望在工作中积累经验，快速成长。
姜思远,男,15512035239,jiangsiyuan5922@qq.com,18136670706,杭州,"期望岗位：算法工程师
期望城市：杭州
期望行业：互联网/信息技术/软件服务
期望薪资：面议",4年算法工程师从业经验，精通NLP技术架构，主导过中型项目从0到1落地，擅长技术方案设计与性能优化，曾推动核心模块技术重构，带来显著效率提升，具备跨部门协作与项目推进能力。,"江西交通职业技术学院 | 网络工程 | 专科
毕业时间：2018年6月
核心课程：算法设计与分析、机器学习、数据库原理、软件工程","【汇智网络科技有限公司】 算法工程师
2024年3月 - 至今
    · 负责公司算法工程师相关业务的开发与维护，参与需求评审
    · 承担分配模块的编码、测试与优化工作，保障系统稳定运行
    · 编写开发文档，沉淀技术规范，协助新人熟悉业务

【通元互联网科技有限公司】 算法工程师
2022年7月 - 2024年5月
    · 对接产品、测试团队，跟进需求落地与缺陷修复
    · 负责公司算法工程师相关业务的开发与维护，参与需求评审
    · 编写开发文档，沉淀技术规范，协助新人熟悉业务","■ 个性化推荐系统
  项目目标：提升内容推荐精准度，增加用户停留时长
  个人职责：负责协同过滤、深度学习推荐模型开发与离线优化
  项目成果：用户平均停留时长提升25%，点击率提升15%

■ 风控欺诈识别模型
  项目目标：识别交易欺诈行为，降低资金损失风险
  个人职责：特征工程，构建XGBoost风控模型，在线部署与迭代
  项目成果：欺诈识别准确率达92%，每年减少损失超200万","专业技能：NLP、深度学习、TensorFlow、计算机视觉、SQL、PyTorch
相关证书：计算机二级",拥有4年行业经验，技术视野开阔，具备方案设计与项目把控能力；逻辑清晰，善于定位并解决复杂技术问题；具备良好的团队管理与跨部门沟通能力，能够推动技术优化与业务落地；责任心强，追求技术与业务的平衡发展。
武倩,女,15111929228,wuqian9648@126.com,wx_wuqian_498,宁波,"期望岗位：算法工程师
期望城市：宁波
期望行业：互联网/信息技术/软件服务
期望薪资：面议",5年算法工程师从业经验，精通机器学习技术架构，主导过中型项目从0到1落地，擅长技术方案设计与性能优化，曾推动核心模块技术重构，带来显著效率提升，具备跨部门协作与项目推进能力。,"闽南师范大学 | 数学与应用数学 | 本科
毕业时间：2017年6月
核心课程：数据结构、数字信号处理、Python编程、机器学习","【小米（南京分公司）】 算法工程师
2025年6月 - 至今
    · 负责公司算法工程师相关业务的开发与维护，参与需求评审
    · 对接产品、测试团队，跟进需求落地与缺陷修复
    · 编写开发文档，沉淀技术规范，协助新人熟悉业务

【合众软件有限公司】 算法工程师
2024年6月 - 2025年9月
    · 负责公司算法工程师相关业务的开发与维护，参与需求评审
    · 承担分配模块的编码、测试与优化工作，保障系统稳定运行
    · 编写开发文档，沉淀技术规范，协助新人熟悉业务

【未来信息技术有限公司】 算法工程师
2023年2月 - 2024年11月
    · 承担分配模块的编码、测试与优化工作，保障系统稳定运行
    · 编写开发文档，沉淀技术规范，协助新人熟悉业务","■ 个性化推荐系统
  项目目标：提升内容推荐精准度，增加用户停留时长
  个人职责：负责协同过滤、深度学习推荐模型开发与离线优化
  项目成果：用户平均停留时长提升25%，点击率提升15%

■ 风控欺诈识别模型
  项目目标：识别交易欺诈行为，降低资金损失风险
  个人职责：特征工程，构建XGBoost风控模型，在线部署与迭代
  项目成果：欺诈识别准确率达92%，每年减少损失超200万","专业技能：TensorFlow、数据结构、算法优化、Python、深度学习、特征工程、计算机视觉、机器学习、NLP、SQL
相关证书：英语六级、红帽RHCE认证、软件设计师（中级）",拥有5年行业经验，技术视野开阔，具备方案设计与项目把控能力；逻辑清晰，善于定位并解决复杂技术问题；具备良好的团队管理与跨部门沟通能力，能够推动技术优化与业务落地；责任心强，追求技术与业务的平衡发展。
郑峰,男,13631806320,zhengfeng90@qq.com,18174045980,苏州,"期望岗位：Python开发工程师
期望城市：苏州
期望行业：互联网/信息技术/软件服务
期望薪资：面议",3年Python开发工程师工作经验，精通MongoDB、Flask技术栈，参与过完整项目迭代，能够独立完成模块开发与问题排查，注重代码质量与开发效率，具备良好的沟通协作能力。,"南京大学 | 数学与应用数学 | 本科
毕业时间：2019年6月
核心课程：软件工程、计算机网络、数据库原理、Java程序设计","【安硕科技有限公司】 Python开发工程师
2025年11月 - 至今
    · 负责公司Python开发工程师相关业务的开发与维护，参与需求评审
    · 承担分配模块的编码、测试与优化工作，保障系统稳定运行
    · 对接产品、测试团队，跟进需求落地与缺陷修复

【中软数据技术有限公司】 Python开发工程师
2024年10月 - 2025年7月
    · 编写开发文档，沉淀技术规范，协助新人熟悉业务
    · 对接产品、测试团队，跟进需求落地与缺陷修复
    · 承担分配模块的编码、测试与优化工作，保障系统稳定运行","■ 数据采集爬虫系统
  项目目标：搭建分布式爬虫平台，采集多渠道公开数据
  个人职责：负责反爬策略破解、数据清洗、入库逻辑开发
  项目成果：日均采集数据50万条，数据准确率98%以上

■ 自动化运维平台
  项目目标：开发运维管理平台，实现服务器批量管理
  个人职责：负责监控、告警、任务调度模块后端开发
  项目成果：管理服务器200+，运维人力成本降低50%","专业技能：MongoDB、Celery、Django、Docker、Flask、爬虫、Redis
相关证书：计算机二级、英语六级",拥有3年实际工作经验，技术功底扎实，熟悉完整开发流程；具备较强的问题解决能力，能够独立排查并解决常见技术问题；工作认真负责，注重团队协作，能够高效推进项目落地；持续学习，保持技术敏感度。
朱俊熙,男,13788773835,zhujunxi21@163.com,wx_zhujunxi_256,珠海,"期望岗位：前端开发工程师
期望城市：珠海
期望行业：互联网/信息技术/软件服务
期望薪资：面议",专科软件工程专业应届毕业生，掌握Vue、HTML5基础技能，完成过课程设计与毕业项目，具备基础代码编写能力与问题排查思路，学习能力强，做事认真踏实，期望从事前端开发工程师相关工作。,"南京工业职业技术大学 | 软件工程 | 专科
毕业时间：2022年6月
核心课程：数据结构、算法设计与分析、数字信号处理、操作系统","【校园实践】
    · 参与学校计算机协会技术部，负责协会网站日常维护
    · 协助老师完成实验室设备管理与系统环境搭建
    · 参与班级课程设计小组，担任后端开发角色","■ 校园社团官网（实训项目）
  项目目标：为学校社团开发官方展示网站
  个人职责：负责首页、新闻页、成员页开发
  项目成果：上线后访问量累计5000+","专业技能：Webpack、TypeScript、移动端适配、Axios、Vite、Element UI
相关证书：计算机二级",应届毕业，具备扎实的专业基础知识与学习能力，能够快速掌握新技术；工作态度认真负责，有耐心，注重细节；具备良好的团队意识与沟通能力，能够积极配合团队完成任务；期望在工作中积累经验，快速成长。
崔辉,男,13908084904,cuihui78@163.com,wx_cuihui_812,杭州,"期望岗位：数据分析师
期望城市：杭州
期望行业：互联网/信息技术/软件服务
期望薪资：面议",4年数据分析师从业经验，精通SQL技术架构，主导过中型项目从0到1落地，擅长技术方案设计与性能优化，曾推动核心模块技术重构，带来显著效率提升，具备跨部门协作与项目推进能力。,"江西师范大学 | 通信工程 | 本科
毕业时间：2018年6月
核心课程：Java程序设计、Python编程、算法设计与分析、数据结构","【通元信息技术有限公司】 数据分析师
2024年4月 - 至今
    · 对接产品、测试团队，跟进需求落地与缺陷修复
    · 编写开发文档，沉淀技术规范，协助新人熟悉业务

【通元软件有限公司】 数据分析师
2022年11月 - 2024年6月
    · 编写开发文档，沉淀技术规范，协助新人熟悉业务
    · 负责公司数据分析师相关业务的开发与维护，参与需求评审
    · 对接产品、测试团队，跟进需求落地与缺陷修复","■ 销售数据预测建模
  项目目标：基于历史数据预测销量，指导库存与备货
  个人职责：数据预处理，构建时间序列预测模型，输出月度预测报告
  项目成果：预测准确率达89%，库存周转效率提升25%

■ 用户行为分析看板
  项目目标：构建用户行为数据体系，支撑运营决策
  个人职责：负责数据清洗、指标体系搭建，输出可视化运营报表
  项目成果：输出15+核心运营指标，支撑每月3次运营优化，用户留存率提升8%","专业技能：SQL、Hive、NumPy、Pandas、MySQL、Power BI
相关证书：英语四级、MySQL数据库认证",拥有4年行业经验，技术视野开阔，具备方案设计与项目把控能力；逻辑清晰，善于定位并解决复杂技术问题；具备良好的团队管理与跨部门沟通能力，能够推动技术优化与业务落地；责任心强，追求技术与业务的平衡发展。
薛磊,男,18361892534,xuelei1207@126.com,wx_xuelei_969,深圳,"期望岗位：Java开发工程师
期望城市：深圳
期望行业：互联网/信息技术/软件服务
期望薪资：面议",本科数字媒体技术专业应届毕业生，掌握微服务、Redis基础技能，完成过课程设计与毕业项目，具备基础代码编写能力与问题排查思路，学习能力强，做事认真踏实，期望从事Java开发工程师相关工作。,"浙江万里学院 | 数字媒体技术 | 本科
毕业时间：2022年6月
核心课程：算法设计与分析、Python编程、数据库原理、计算机网络","【校园实践】
    · 参与学校计算机协会技术部，负责协会网站日常维护
    · 协助老师完成实验室设备管理与系统环境搭建
    · 参与班级课程设计小组，担任后端开发角色","■ 学生成绩管理系统（课程设计）
  项目目标：实现学生信息、成绩、班级的增删改查管理
  个人职责：负责后端接口开发与数据库设计
  项目成果：完成基础功能，通过课程答辩","专业技能：Redis、微服务、MyBatis、JVM调优、SpringCloud、Java、Git
相关证书：阿里云ACP云计算认证、计算机二级",应届毕业，具备扎实的专业基础知识与学习能力，能够快速掌握新技术；工作态度认真负责，有耐心，注重细节；具备良好的团队意识与沟通能力，能够积极配合团队完成任务；期望在工作中积累经验，快速成长。
姜勇,男,13959755281,jiangyong9442@qq.com,wx_jiangyong_890,佛山,"期望岗位：软件测试工程师
期望城市：佛山
期望行业：互联网/信息技术/软件服务
期望薪资：面议",3年软件测试工程师工作经验，精通Python、性能测试技术栈，参与过完整项目迭代，能够独立完成模块开发与问题排查，注重代码质量与开发效率，具备良好的沟通协作能力。,"福建船政交通职业学院 | 软件技术 | 专科
毕业时间：2019年6月
核心课程：数字信号处理、数据结构、Python编程、操作系统","【亿联网络】 软件测试工程师
2025年6月 - 至今
    · 对接产品、测试团队，跟进需求落地与缺陷修复
    · 承担分配模块的编码、测试与优化工作，保障系统稳定运行
    · 负责公司软件测试工程师相关业务的开发与维护，参与需求评审

【易联软件有限公司】 软件测试工程师
2024年4月 - 2025年11月
    · 负责公司软件测试工程师相关业务的开发与维护，参与需求评审
    · 对接产品、测试团队，跟进需求落地与缺陷修复","■ 电商平台功能测试
  项目目标：保障电商系统上线质量，覆盖全业务流程
  个人职责：设计测试用例，执行功能、回归测试，提交缺陷报告
  项目成果：发现并修复120+缺陷，上线后线上缺陷率低于0.5%

■ 自动化测试框架搭建
  项目目标：提升回归测试效率，减少人工重复劳动
  个人职责：基于Selenium搭建UI自动化框架，编写核心模块测试脚本
  项目成果：回归测试周期从7天缩短至2天，覆盖率达85%","专业技能：接口测试、Python、MySQL、TestNG、缺陷管理、JMeter、Appium、性能测试、测试用例设计
相关证书：红帽RHCE认证",拥有3年实际工作经验，技术功底扎实，熟悉完整开发流程；具备较强的问题解决能力，能够独立排查并解决常见技术问题；工作认真负责，注重团队协作，能够高效推进项目落地；持续学习，保持技术敏感度。
黎峰,男,13208239246,lifeng2537@gmail.com,wx_lifeng_988,南平,"期望岗位：后端开发工程师
期望城市：南平
期望行业：互联网/信息技术/软件服务
期望薪资：面议",3年后端开发工程师工作经验，精通PostgreSQL、PostgreSQL技术栈，参与过完整项目迭代，能够独立完成模块开发与问题排查，注重代码质量与开发效率，具备良好的沟通协作能力。,"江西交通职业技术学院 | 数字媒体技术 | 专科
毕业时间：2019年6月
核心课程：Python编程、Java程序设计、数据库原理、计算机网络","【华为（东莞研究所）】 后端开发工程师
2025年10月 - 至今
    · 负责公司后端开发工程师相关业务的开发与维护，参与需求评审
    · 承担分配模块的编码、测试与优化工作，保障系统稳定运行

【卓望互联网科技有限公司】 后端开发工程师
2024年12月 - 2025年3月
    · 编写开发文档，沉淀技术规范，协助新人熟悉业务
    · 对接产品、测试团队，跟进需求落地与缺陷修复
    · 承担分配模块的编码、测试与优化工作，保障系统稳定运行","■ 即时通讯服务开发
  项目目标：实现企业内部IM系统后端消息推送与存储
  个人职责：负责消息队列、离线消息、会话管理模块开发
  项目成果：支持万人同时在线，消息送达延迟低于100ms

■ 内容管理系统后端
  项目目标：搭建CMS系统后端服务，支持多站点内容发布
  个人职责：负责文章、栏目、权限模块接口开发，设计数据库表结构
  项目成果：支撑8个站点同时运营，内容发布效率提升3倍","专业技能：PostgreSQL、Go、SpringBoot、K8s、Gin、Docker、Java、MySQL、微服务
相关证书：计算机二级、阿里云ACP云计算认证",拥有3年实际工作经验，技术功底扎实，熟悉完整开发流程；具备较强的问题解决能力，能够独立排查并解决常见技术问题；工作认真负责，注重团队协作，能够高效推进项目落地；持续学习，保持技术敏感度。
贾飞,男,18904526260,jiafei369@126.com,wx_jiafei_775,南京,"期望岗位：数据分析师
期望城市：南京
期望行业：互联网/信息技术/软件服务
期望薪资：面议",3年数据分析师从业经验，精通Power BI技术架构，主导过中型项目从0到1落地，擅长技术方案设计与性能优化，曾推动核心模块技术重构，带来显著效率提升，具备跨部门协作与项目推进能力。,"浙江大学 | 计算机应用技术 | 本科
毕业时间：2019年6月
核心课程：Python编程、数据库原理、机器学习、算法设计与分析","【合众网络科技有限公司】 数据分析师
2025年2月 - 至今
    · 承担分配模块的编码、测试与优化工作，保障系统稳定运行
    · 编写开发文档，沉淀技术规范，协助新人熟悉业务
    · 对接产品、测试团队，跟进需求落地与缺陷修复

【科创数据技术有限公司】 数据分析师
2024年2月 - 2025年6月
    · 承担分配模块的编码、测试与优化工作，保障系统稳定运行
    · 负责公司数据分析师相关业务的开发与维护，参与需求评审","■ 销售数据预测建模
  项目目标：基于历史数据预测销量，指导库存与备货
  个人职责：数据预处理，构建时间序列预测模型，输出月度预测报告
  项目成果：预测准确率达89%，库存周转效率提升25%

■ 用户行为分析看板
  项目目标：构建用户行为数据体系，支撑运营决策
  个人职责：负责数据清洗、指标体系搭建，输出可视化运营报表
  项目成果：输出15+核心运营指标，支撑每月3次运营优化，用户留存率提升8%","专业技能：用户分析、Power BI、NumPy、Tableau、Pandas、Python、SQL、数据可视化、Hive、MySQL
相关证书：华为HCIA认证",拥有3年行业经验，技术视野开阔，具备方案设计与项目把控能力；逻辑清晰，善于定位并解决复杂技术问题；具备良好的团队管理与跨部门沟通能力，能够推动技术优化与业务落地；责任心强，追求技术与业务的平衡发展。
汪妍,女,17669753320,wangyan02@qq.com,wx_wangyan_866,广州,"期望岗位：运维工程师
期望城市：广州
期望行业：互联网/信息技术/软件服务
期望薪资：面议",1年运维工程师工作经验，精通网络运维、网络运维技术栈，参与过完整项目迭代，能够独立完成模块开发与问题排查，注重代码质量与开发效率，具备良好的沟通协作能力。,"集美大学 | 电子信息工程 | 本科
毕业时间：2021年6月
核心课程：Python编程、计算机网络、操作系统、软件工程","【通元科技有限公司】 运维工程师
2025年1月 - 至今
    · 对接产品、测试团队，跟进需求落地与缺陷修复
    · 编写开发文档，沉淀技术规范，协助新人熟悉业务","■ 服务器集群运维优化
  项目目标：提升服务器集群稳定性，降低故障发生率
  个人职责：负责日常巡检、故障排查，优化监控告警规则与分级策略
  项目成果：服务器故障率下降60%，平均故障响应时间缩短至15分钟

■ CI/CD自动化流水线
  项目目标：实现代码自动化构建、测试、部署，提升发布效率
  个人职责：基于Jenkins搭建持续集成流水线，配置Docker容器化部署
  项目成果：发布周期从每周1次提升至每天3次，部署失误率降为0","专业技能：Shell、Prometheus、MySQL、Ansible、Linux、Redis
相关证书：阿里云ACP云计算认证、华为HCIA认证",拥有1年实际工作经验，技术功底扎实，熟悉完整开发流程；具备较强的问题解决能力，能够独立排查并解决常见技术问题；工作认真负责，注重团队协作，能够高效推进项目落地；持续学习，保持技术敏感度。
戴子轩,男,15788531878,dai子xuan1048@126.com,13742069558,莆田,"期望岗位：Java开发工程师
期望城市：莆田
期望行业：互联网/信息技术/软件服务
期望薪资：面议",2年Java开发工程师工作经验，精通RabbitMQ、JVM调优技术栈，参与过完整项目迭代，能够独立完成模块开发与问题排查，注重代码质量与开发效率，具备良好的沟通协作能力。,"厦门大学 | 软件技术 | 本科
毕业时间：2020年6月
核心课程：软件工程、数据结构、算法设计与分析、Java程序设计","【新科网络科技有限公司】 Java开发工程师
2025年3月 - 至今
    · 承担分配模块的编码、测试与优化工作，保障系统稳定运行
    · 编写开发文档，沉淀技术规范，协助新人熟悉业务

【科创互联网科技有限公司】 Java开发工程师
2024年5月 - 2025年4月
    · 编写开发文档，沉淀技术规范，协助新人熟悉业务
    · 对接产品、测试团队，跟进需求落地与缺陷修复","■ 电商订单交易系统
  项目目标：搭建高可用电商订单系统，支撑大促流量峰值
  个人职责：负责订单创建、支付回调、库存扣减核心逻辑开发
  项目成果：支撑日均订单量10万+，系统可用性达99.95%

■ 微服务用户中心重构
  项目目标：将单体用户系统拆分为微服务架构，提升并发承载能力
  个人职责：负责登录、注册、权限模块开发，优化数据库查询与缓存策略
  项目成果：支持并发量从500提升至5000，接口响应耗时减少60%","专业技能：MySQL、Docker、SpringCloud、JVM调优、SpringBoot、Redis、RabbitMQ、Git、MyBatis、微服务
相关证书：PMP项目管理专业人士",拥有2年实际工作经验，技术功底扎实，熟悉完整开发流程；具备较强的问题解决能力，能够独立排查并解决常见技术问题；工作认真负责，注重团队协作，能够高效推进项目落地；持续学习，保持技术敏感度。
孙倩,女,15016899371,sunqian51@163.com,18655353826,龙岩,"期望岗位：后端开发工程师
期望城市：龙岩
期望行业：互联网/信息技术/软件服务
期望薪资：面议",9年后端开发工程师资深经验，精通全链路技术架构，具备团队技术规划与方案设计能力，主导过多个大型项目重构与升级，在高并发/系统稳定性领域有深厚积累，能够带领团队攻克技术难题，驱动业务技术升级。,"南京理工大学 | 数字媒体技术 | 本科
毕业时间：2013年6月
核心课程：计算机网络、Python编程、数据结构、算法设计与分析","【启明数据技术有限公司】 后端开发工程师
2023年7月 - 至今
    · 负责公司后端开发工程师相关业务的开发与维护，参与需求评审
    · 承担分配模块的编码、测试与优化工作，保障系统稳定运行
    · 编写开发文档，沉淀技术规范，协助新人熟悉业务

【恒信科技有限公司】 后端开发工程师
2020年11月 - 2023年4月
    · 承担分配模块的编码、测试与优化工作，保障系统稳定运行
    · 负责公司后端开发工程师相关业务的开发与维护，参与需求评审

【微远科技有限公司】 后端开发工程师
2017年1月 - 2020年12月
    · 承担分配模块的编码、测试与优化工作，保障系统稳定运行
    · 编写开发文档，沉淀技术规范，协助新人熟悉业务
    · 对接产品、测试团队，跟进需求落地与缺陷修复","■ 即时通讯服务开发
  项目目标：实现企业内部IM系统后端消息推送与存储
  个人职责：负责消息队列、离线消息、会话管理模块开发
  项目成果：支持万人同时在线，消息送达延迟低于100ms

■ 内容管理系统后端
  项目目标：搭建CMS系统后端服务，支持多站点内容发布
  个人职责：负责文章、栏目、权限模块接口开发，设计数据库表结构
  项目成果：支撑8个站点同时运营，内容发布效率提升3倍","专业技能：Redis、Docker、Python、微服务、Gin、PostgreSQL、Go、Java
相关证书：MySQL数据库认证",拥有9年行业经验，技术视野开阔，具备方案设计与项目把控能力；逻辑清晰，善于定位并解决复杂技术问题；具备良好的团队管理与跨部门沟通能力，能够推动技术优化与业务落地；责任心强，追求技术与业务的平衡发展。
孔妍,女,18863714431,kongyan35@outlook.com,18932886562,佛山,"期望岗位：算法工程师
期望城市：佛山
期望行业：互联网/信息技术/软件服务
期望薪资：面议",专科电子信息工程专业应届毕业生，掌握推荐算法、TensorFlow基础技能，完成过课程设计与毕业项目，具备基础代码编写能力与问题排查思路，学习能力强，做事认真踏实，期望从事算法工程师相关工作。,"福建船政交通职业学院 | 电子信息工程 | 专科
毕业时间：2022年6月
核心课程：算法设计与分析、数字信号处理、软件工程、数据结构","【校园实践】
    · 参与学校计算机协会技术部，负责协会网站日常维护
    · 协助老师完成实验室设备管理与系统环境搭建
    · 参与班级课程设计小组，担任后端开发角色","■ 电影推荐系统（毕设）
  项目目标：基于协同过滤实现简单电影推荐
  个人职责：数据处理、模型实现、效果验证
  项目成果：召回准确率达到75%","专业技能：深度学习、TensorFlow、特征工程、计算机视觉
相关证书：计算机一级",应届毕业，具备扎实的专业基础知识与学习能力，能够快速掌握新技术；工作态度认真负责，有耐心，注重细节；具备良好的团队意识与沟通能力，能够积极配合团队完成任务；期望在工作中积累经验，快速成长。
汤浩然,男,15727600566,tanghaoran99@126.com,15531055368,珠海,"期望岗位：算法工程师
期望城市：珠海
期望行业：互联网/信息技术/软件服务
期望薪资：面议",专科数字媒体技术专业应届毕业生，掌握PyTorch、PyTorch基础技能，完成过课程设计与毕业项目，具备基础代码编写能力与问题排查思路，学习能力强，做事认真踏实，期望从事算法工程师相关工作。,"福建船政交通职业学院 | 数字媒体技术 | 专科
毕业时间：2022年6月
核心课程：Java程序设计、操作系统、Python编程、数据库原理","【校园实践】
    · 参与学校计算机协会技术部，负责协会网站日常维护
    · 协助老师完成实验室设备管理与系统环境搭建
    · 参与班级课程设计小组，担任后端开发角色","■ 电影推荐系统（毕设）
  项目目标：基于协同过滤实现简单电影推荐
  个人职责：数据处理、模型实现、效果验证
  项目成果：召回准确率达到75%","专业技能：特征工程、机器学习、深度学习、NLP、推荐算法、数据结构、SQL
相关证书：计算机一级、计算机二级",应届毕业，具备扎实的专业基础知识与学习能力，能够快速掌握新技术；工作态度认真负责，有耐心，注重细节；具备良好的团队意识与沟通能力，能够积极配合团队完成任务；期望在工作中积累经验，快速成长。
石然,男,15172296932,shiran82@163.com,17678600447,苏州,"期望岗位：后端开发工程师
期望城市：苏州
期望行业：互联网/信息技术/软件服务
期望薪资：面议",3年后端开发工程师工作经验，精通K8s、Python技术栈，参与过完整项目迭代，能够独立完成模块开发与问题排查，注重代码质量与开发效率，具备良好的沟通协作能力。,"江西交通职业技术学院 | 软件技术 | 专科
毕业时间：2019年6月
核心课程：算法设计与分析、计算机网络、操作系统、数据库原理","【锐捷科技有限公司】 后端开发工程师
2025年3月 - 至今
    · 承担分配模块的编码、测试与优化工作，保障系统稳定运行
    · 编写开发文档，沉淀技术规范，协助新人熟悉业务
    · 负责公司后端开发工程师相关业务的开发与维护，参与需求评审

【星图互联网科技有限公司】 后端开发工程师
2024年6月 - 2025年8月
    · 负责公司后端开发工程师相关业务的开发与维护，参与需求评审
    · 编写开发文档，沉淀技术规范，协助新人熟悉业务","■ 内容管理系统后端
  项目目标：搭建CMS系统后端服务，支持多站点内容发布
  个人职责：负责文章、栏目、权限模块接口开发，设计数据库表结构
  项目成果：支撑8个站点同时运营，内容发布效率提升3倍

■ 即时通讯服务开发
  项目目标：实现企业内部IM系统后端消息推送与存储
  个人职责：负责消息队列、离线消息、会话管理模块开发
  项目成果：支持万人同时在线，消息送达延迟低于100ms","专业技能：K8s、Go、MySQL、Docker、Java、PostgreSQL、Python、Gin、Redis
相关证书：系统架构设计师",拥有3年实际工作经验，技术功底扎实，熟悉完整开发流程；具备较强的问题解决能力，能够独立排查并解决常见技术问题；工作认真负责，注重团队协作，能够高效推进项目落地；持续学习，保持技术敏感度。
石安然,女,18584110134,shianran7772@qq.com,13546075121,深圳,"期望岗位：数据分析师
期望城市：深圳
期望行业：互联网/信息技术/软件服务
期望薪资：面议",1年数据分析师工作经验，精通Python、NumPy技术栈，参与过完整项目迭代，能够独立完成模块开发与问题排查，注重代码质量与开发效率，具备良好的沟通协作能力。,"集美大学 | 软件技术 | 本科
毕业时间：2021年6月
核心课程：数据库原理、Java程序设计、数字信号处理、操作系统","【通元软件有限公司】 数据分析师
2025年3月 - 至今
    · 承担分配模块的编码、测试与优化工作，保障系统稳定运行
    · 对接产品、测试团队，跟进需求落地与缺陷修复","■ 销售数据预测建模
  项目目标：基于历史数据预测销量，指导库存与备货
  个人职责：数据预处理，构建时间序列预测模型，输出月度预测报告
  项目成果：预测准确率达89%，库存周转效率提升25%

■ 用户行为分析看板
  项目目标：构建用户行为数据体系，支撑运营决策
  个人职责：负责数据清洗、指标体系搭建，输出可视化运营报表
  项目成果：输出15+核心运营指标，支撑每月3次运营优化，用户留存率提升8%","专业技能：Hive、Excel、SQL、用户分析、Pandas、Python
相关证书：阿里云ACP云计算认证",拥有1年实际工作经验，技术功底扎实，熟悉完整开发流程；具备较强的问题解决能力，能够独立排查并解决常见技术问题；工作认真负责，注重团队协作，能够高效推进项目落地；持续学习，保持技术敏感度。
龚佳,女,13321222855,gongjia049@outlook.com,15055506594,龙岩,"期望岗位：数据分析师
期望城市：龙岩
期望行业：互联网/信息技术/软件服务
期望薪资：面议",6年数据分析师资深经验，精通全链路技术架构，具备团队技术规划与方案设计能力，主导过多个大型项目重构与升级，在高并发/系统稳定性领域有深厚积累，能够带领团队攻克技术难题，驱动业务技术升级。,"广东技术师范大学 | 计算机应用技术 | 本科
毕业时间：2016年6月
核心课程：软件工程、数据结构、数字信号处理、Java程序设计","【博思科技有限公司】 数据分析师
2024年5月 - 至今
    · 编写开发文档，沉淀技术规范，协助新人熟悉业务
    · 对接产品、测试团队，跟进需求落地与缺陷修复
    · 负责公司数据分析师相关业务的开发与维护，参与需求评审

【汇智软件有限公司】 数据分析师
2022年8月 - 2024年6月
    · 负责公司数据分析师相关业务的开发与维护，参与需求评审
    · 编写开发文档，沉淀技术规范，协助新人熟悉业务
    · 对接产品、测试团队，跟进需求落地与缺陷修复

【东软互联网科技有限公司】 数据分析师
2020年1月 - 2022年12月
    · 负责公司数据分析师相关业务的开发与维护，参与需求评审
    · 承担分配模块的编码、测试与优化工作，保障系统稳定运行","■ 用户行为分析看板
  项目目标：构建用户行为数据体系，支撑运营决策
  个人职责：负责数据清洗、指标体系搭建，输出可视化运营报表
  项目成果：输出15+核心运营指标，支撑每月3次运营优化，用户留存率提升8%

■ 销售数据预测建模
  项目目标：基于历史数据预测销量，指导库存与备货
  个人职责：数据预处理，构建时间序列预测模型，输出月度预测报告
  项目成果：预测准确率达89%，库存周转效率提升25%","专业技能：数据可视化、SQL、NumPy、Hive、Excel、Pandas、Power BI
相关证书：红帽RHCE认证、软考中级",拥有6年行业经验，技术视野开阔，具备方案设计与项目把控能力；逻辑清晰，善于定位并解决复杂技术问题；具备良好的团队管理与跨部门沟通能力，能够推动技术优化与业务落地；责任心强，追求技术与业务的平衡发展。
姚丽,女,15665704358,yaoli4120@qq.com,13597482354,厦门,"期望岗位：前端开发工程师
期望城市：厦门
期望行业：互联网/信息技术/软件服务
期望薪资：面议",3年前端开发工程师工作经验，精通移动端适配、React技术栈，参与过完整项目迭代，能够独立完成模块开发与问题排查，注重代码质量与开发效率，具备良好的沟通协作能力。,"佛山科学技术学院 | 数字媒体技术 | 本科
毕业时间：2019年6月
核心课程：软件工程、算法设计与分析、操作系统、计算机网络","【星图网络科技有限公司】 前端开发工程师
2025年5月 - 至今
    · 负责公司前端开发工程师相关业务的开发与维护，参与需求评审
    · 承担分配模块的编码、测试与优化工作，保障系统稳定运行

【星图信息技术有限公司】 前端开发工程师
2024年2月 - 2025年12月
    · 承担分配模块的编码、测试与优化工作，保障系统稳定运行
    · 负责公司前端开发工程师相关业务的开发与维护，参与需求评审
    · 编写开发文档，沉淀技术规范，协助新人熟悉业务","■ 企业后台管理系统
  项目目标：搭建企业运营管理后台，实现业务数据可视化
  个人职责：负责权限管理、数据报表模块开发，对接后端接口联调
  项目成果：覆盖12个业务部门，运营效率提升40%

■ 电商平台前端重构
  项目目标：升级旧版电商系统前端架构，提升用户体验与加载速度
  个人职责：负责商品详情页、购物车模块开发，组件化封装公共组件
  项目成果：首屏加载时间从3.2s降至1.8s，页面转化率提升12%","专业技能：Webpack、React、CSS3、Vue、Ant Design、Vite、HTML5、移动端适配
相关证书：华为HCIA认证、英语六级",拥有3年实际工作经验，技术功底扎实，熟悉完整开发流程；具备较强的问题解决能力，能够独立排查并解决常见技术问题；工作认真负责，注重团队协作，能够高效推进项目落地；持续学习，保持技术敏感度。
戴辉,男,13671045321,daihui098@gmail.com,15737668176,苏州,"期望岗位：运维工程师
期望城市：苏州
期望行业：互联网/信息技术/软件服务
期望薪资：面议",9年运维工程师资深经验，精通全链路技术架构，具备团队技术规划与方案设计能力，主导过多个大型项目重构与升级，在高并发/系统稳定性领域有深厚积累，能够带领团队攻克技术难题，驱动业务技术升级。,"闽南师范大学 | 通信工程 | 本科
毕业时间：2013年6月
核心课程：计算机网络、机器学习、算法设计与分析、Java程序设计","【阿里巴巴（福州分公司）】 运维工程师
2023年5月 - 至今
    · 对接产品、测试团队，跟进需求落地与缺陷修复
    · 负责公司运维工程师相关业务的开发与维护，参与需求评审

【未来信息技术有限公司】 运维工程师
2020年10月 - 2023年8月
    · 编写开发文档，沉淀技术规范，协助新人熟悉业务
    · 负责公司运维工程师相关业务的开发与维护，参与需求评审

【数聚科技有限公司】 运维工程师
2017年2月 - 2020年6月
    · 负责公司运维工程师相关业务的开发与维护，参与需求评审
    · 对接产品、测试团队，跟进需求落地与缺陷修复","■ 服务器集群运维优化
  项目目标：提升服务器集群稳定性，降低故障发生率
  个人职责：负责日常巡检、故障排查，优化监控告警规则与分级策略
  项目成果：服务器故障率下降60%，平均故障响应时间缩短至15分钟

■ CI/CD自动化流水线
  项目目标：实现代码自动化构建、测试、部署，提升发布效率
  个人职责：基于Jenkins搭建持续集成流水线，配置Docker容器化部署
  项目成果：发布周期从每周1次提升至每天3次，部署失误率降为0","专业技能：Linux、MySQL、Jenkins、Kubernetes、Prometheus、网络运维、Docker
相关证书：英语六级、软件设计师（中级）",拥有9年行业经验，技术视野开阔，具备方案设计与项目把控能力；逻辑清晰，善于定位并解决复杂技术问题；具备良好的团队管理与跨部门沟通能力，能够推动技术优化与业务落地；责任心强，追求技术与业务的平衡发展。
彭梓轩,男,18706009033,peng梓xuan0520@126.com,18325437724,苏州,"期望岗位：后端开发工程师
期望城市：苏州
期望行业：互联网/信息技术/软件服务
期望薪资：面议",8年后端开发工程师资深经验，精通全链路技术架构，具备团队技术规划与方案设计能力，主导过多个大型项目重构与升级，在高并发/系统稳定性领域有深厚积累，能够带领团队攻克技术难题，驱动业务技术升级。,"深圳职业技术学院 | 物联网工程 | 专科
毕业时间：2014年6月
核心课程：算法设计与分析、机器学习、Python编程、数据库原理","【美图公司】 后端开发工程师
2024年4月 - 至今
    · 负责公司后端开发工程师相关业务的开发与维护，参与需求评审
    · 对接产品、测试团队，跟进需求落地与缺陷修复

【新科数据技术有限公司】 后端开发工程师
2022年2月 - 2024年10月
    · 承担分配模块的编码、测试与优化工作，保障系统稳定运行
    · 负责公司后端开发工程师相关业务的开发与维护，参与需求评审

【通元信息技术有限公司】 后端开发工程师
2020年8月 - 2022年7月
    · 负责公司后端开发工程师相关业务的开发与维护，参与需求评审
    · 编写开发文档，沉淀技术规范，协助新人熟悉业务","■ 即时通讯服务开发
  项目目标：实现企业内部IM系统后端消息推送与存储
  个人职责：负责消息队列、离线消息、会话管理模块开发
  项目成果：支持万人同时在线，消息送达延迟低于100ms

■ 内容管理系统后端
  项目目标：搭建CMS系统后端服务，支持多站点内容发布
  个人职责：负责文章、栏目、权限模块接口开发，设计数据库表结构
  项目成果：支撑8个站点同时运营，内容发布效率提升3倍","专业技能：微服务、Docker、K8s、SpringBoot、MySQL、PostgreSQL、Python、Go
相关证书：软考中级、系统架构设计师",拥有8年行业经验，技术视野开阔，具备方案设计与项目把控能力；逻辑清晰，善于定位并解决复杂技术问题；具备良好的团队管理与跨部门沟通能力，能够推动技术优化与业务落地；责任心强，追求技术与业务的平衡发展。
姚洋,男,18706141090,yaoyang7513@126.com,wx_yaoyang_413,珠海,"期望岗位：软件测试工程师
期望城市：珠海
期望行业：互联网/信息技术/软件服务
期望薪资：面议",3年软件测试工程师工作经验，精通性能测试、Postman技术栈，参与过完整项目迭代，能够独立完成模块开发与问题排查，注重代码质量与开发效率，具备良好的沟通协作能力。,"暨南大学 | 计算机应用技术 | 本科
毕业时间：2019年6月
核心课程：软件工程、操作系统、数据结构、计算机网络","【科创网络科技有限公司】 软件测试工程师
2025年7月 - 至今
    · 负责公司软件测试工程师相关业务的开发与维护，参与需求评审
    · 编写开发文档，沉淀技术规范，协助新人熟悉业务

【金蝶科技有限公司】 软件测试工程师
2024年2月 - 2025年2月
    · 负责公司软件测试工程师相关业务的开发与维护，参与需求评审
    · 承担分配模块的编码、测试与优化工作，保障系统稳定运行","■ 电商平台功能测试
  项目目标：保障电商系统上线质量，覆盖全业务流程
  个人职责：设计测试用例，执行功能、回归测试，提交缺陷报告
  项目成果：发现并修复120+缺陷，上线后线上缺陷率低于0.5%

■ 自动化测试框架搭建
  项目目标：提升回归测试效率，减少人工重复劳动
  个人职责：基于Selenium搭建UI自动化框架，编写核心模块测试脚本
  项目成果：回归测试周期从7天缩短至2天，覆盖率达85%","专业技能：MySQL、Appium、功能测试、TestNG、JMeter、性能测试、测试用例设计、Postman、Selenium
相关证书：软考中级、系统架构设计师",拥有3年实际工作经验，技术功底扎实，熟悉完整开发流程；具备较强的问题解决能力，能够独立排查并解决常见技术问题；工作认真负责，注重团队协作，能够高效推进项目落地；持续学习，保持技术敏感度。
雷博文,男,15974638443,leibowen13@163.com,13854804803,三明,"期望岗位：前端开发工程师
期望城市：三明
期望行业：互联网/信息技术/软件服务
期望薪资：面议",专科数学与应用数学专业应届毕业生，掌握Element UI、JavaScript基础技能，完成过课程设计与毕业项目，具备基础代码编写能力与问题排查思路，学习能力强，做事认真踏实，期望从事前端开发工程师相关工作。,"泉州经贸职业技术学院 | 数学与应用数学 | 专科
毕业时间：2022年6月
核心课程：操作系统、软件工程、数据结构、Python编程","【校园实践】
    · 参与学校计算机协会技术部，负责协会网站日常维护
    · 协助老师完成实验室设备管理与系统环境搭建
    · 参与班级课程设计小组，担任后端开发角色","■ 个人博客系统（课程作业）
  项目目标：开发个人博客前端页面，实现文章展示与评论
  个人职责：负责页面布局、交互效果、接口联调
  项目成果：完成响应式页面，兼容多浏览器","专业技能：CSS3、移动端适配、Axios、Element UI、Vue、Webpack
相关证书：英语六级、英语四级",应届毕业，具备扎实的专业基础知识与学习能力，能够快速掌握新技术；工作态度认真负责，有耐心，注重细节；具备良好的团队意识与沟通能力，能够积极配合团队完成任务；期望在工作中积累经验，快速成长。
姜健,男,13252658057,jiangjian14@outlook.com,17717075687,杭州,"期望岗位：软件测试工程师
期望城市：杭州
期望行业：互联网/信息技术/软件服务
期望薪资：面议",专科计算机科学与技术专业应届毕业生，掌握Appium、Selenium基础技能，完成过课程设计与毕业项目，具备基础代码编写能力与问题排查思路，学习能力强，做事认真踏实，期望从事软件测试工程师相关工作。,"福建船政交通职业学院 | 计算机科学与技术 | 专科
毕业时间：2022年6月
核心课程：软件工程、机器学习、数据库原理、Python编程","【校园实践】
    · 参与学校计算机协会技术部，负责协会网站日常维护
    · 协助老师完成实验室设备管理与系统环境搭建
    · 参与班级课程设计小组，担任后端开发角色","■ 网页兼容性测试实训
  项目目标：对多个网站进行浏览器兼容测试
  个人职责：制定测试方案，输出测试报告
  项目成果：覆盖5款主流浏览器","专业技能：TestNG、性能测试、JMeter、测试用例设计、Appium
相关证书：英语四级、MySQL数据库认证",应届毕业，具备扎实的专业基础知识与学习能力，能够快速掌握新技术；工作态度认真负责，有耐心，注重细节；具备良好的团队意识与沟通能力，能够积极配合团队完成任务；期望在工作中积累经验，快速成长。
吕娟,女,13792785114,lvjuan21@126.com,13745441960,龙岩,"期望岗位：算法工程师
期望城市：龙岩
期望行业：互联网/信息技术/软件服务
期望薪资：面议",1年算法工程师工作经验，精通NLP、NLP技术栈，参与过完整项目迭代，能够独立完成模块开发与问题排查，注重代码质量与开发效率，具备良好的沟通协作能力。,"佛山科学技术学院 | 信息管理与信息系统 | 本科
毕业时间：2021年6月
核心课程：软件工程、操作系统、数据结构、数字信号处理","【易联互联网科技有限公司】 算法工程师
2025年2月 - 至今
    · 负责公司算法工程师相关业务的开发与维护，参与需求评审
    · 承担分配模块的编码、测试与优化工作，保障系统稳定运行
    · 对接产品、测试团队，跟进需求落地与缺陷修复","■ 风控欺诈识别模型
  项目目标：识别交易欺诈行为，降低资金损失风险
  个人职责：特征工程，构建XGBoost风控模型，在线部署与迭代
  项目成果：欺诈识别准确率达92%，每年减少损失超200万

■ 个性化推荐系统
  项目目标：提升内容推荐精准度，增加用户停留时长
  个人职责：负责协同过滤、深度学习推荐模型开发与离线优化
  项目成果：用户平均停留时长提升25%，点击率提升15%","专业技能：机器学习、计算机视觉、NLP、SQL、特征工程、PyTorch
相关证书：PMP项目管理专业人士",拥有1年实际工作经验，技术功底扎实，熟悉完整开发流程；具备较强的问题解决能力，能够独立排查并解决常见技术问题；工作认真负责，注重团队协作，能够高效推进项目落地；持续学习，保持技术敏感度。
郝妍,女,13504699318,haoyan719@163.com,18324909152,龙岩,"期望岗位：前端开发工程师
期望城市：龙岩
期望行业：互联网/信息技术/软件服务
期望薪资：面议",本科通信工程专业应届毕业生，有1段前端开发工程师实习经验，掌握React技术栈，参与过实习项目开发，具备良好的代码规范与团队协作意识，能够快速上手业务，期望正式入职发展。,"中山大学 | 通信工程 | 本科
毕业时间：2021年6月
核心课程：Java程序设计、算法设计与分析、数字信号处理、机器学习","【智联信息技术有限公司】 前端开发工程师（实习）
2025年7月 - 至今
    · 承担分配模块的编码、测试与优化工作，保障系统稳定运行
    · 对接产品、测试团队，跟进需求落地与缺陷修复","■ 个人博客系统（课程作业）
  项目目标：开发个人博客前端页面，实现文章展示与评论
  个人职责：负责页面布局、交互效果、接口联调
  项目成果：完成响应式页面，兼容多浏览器

■ 校园社团官网（实训项目）
  项目目标：为学校社团开发官方展示网站
  个人职责：负责首页、新闻页、成员页开发
  项目成果：上线后访问量累计5000+","专业技能：移动端适配、Webpack、Vite、Vue
相关证书：计算机二级、英语四级",有实习经验，熟悉开发基本流程，具备基础的项目实践能力；学习能力强，能够快速上手新业务新技术；工作踏实，责任心强，善于沟通协作，能够高效完成分配的工作任务。
孔雨泽,男,13670644596,kong雨ze2775@gmail.com,wx_kong雨ze_753,广州,"期望岗位：后端开发工程师
期望城市：广州
期望行业：互联网/信息技术/软件服务
期望薪资：面议",本科计算机科学与技术专业应届毕业生，有1段后端开发工程师实习经验，掌握MySQL技术栈，参与过实习项目开发，具备良好的代码规范与团队协作意识，能够快速上手业务，期望正式入职发展。,"闽南师范大学 | 计算机科学与技术 | 本科
毕业时间：2021年6月
核心课程：数据结构、Python编程、操作系统、软件工程","【OPPO（东莞）】 后端开发工程师（实习）
2025年11月 - 至今
    · 对接产品、测试团队，跟进需求落地与缺陷修复
    · 编写开发文档，沉淀技术规范，协助新人熟悉业务
    · 负责公司后端开发工程师相关业务的开发与维护，参与需求评审","■ 图书管理系统后端
  项目目标：实现图书借阅、归还、用户管理功能
  个人职责：负责接口开发与数据库表结构设计
  项目成果：完成核心功能，支持1000条数据量

■ 简单论坛系统
  项目目标：实现帖子发布、回复、板块管理
  个人职责：负责后端服务开发与接口文档编写
  项目成果：支持百人同时在线访问","专业技能：PostgreSQL、K8s、Redis、Docker、Gin、微服务
相关证书：系统架构设计师",有实习经验，熟悉开发基本流程，具备基础的项目实践能力；学习能力强，能够快速上手新业务新技术；工作踏实，责任心强，善于沟通协作，能够高效完成分配的工作任务。
魏勇,男,15146936263,weiyong4676@163.com,wx_weiyong_740,三明,"期望岗位：运维工程师
期望城市：三明
期望行业：互联网/信息技术/软件服务
期望薪资：面议",1年运维工程师工作经验，精通Kubernetes、Redis技术栈，参与过完整项目迭代，能够独立完成模块开发与问题排查，注重代码质量与开发效率，具备良好的沟通协作能力。,"佛山科学技术学院 | 数学与应用数学 | 本科
毕业时间：2021年6月
核心课程：Java程序设计、Python编程、软件工程、计算机网络","【东软信息技术有限公司】 运维工程师
2025年4月 - 至今
    · 编写开发文档，沉淀技术规范，协助新人熟悉业务
    · 承担分配模块的编码、测试与优化工作，保障系统稳定运行","■ CI/CD自动化流水线
  项目目标：实现代码自动化构建、测试、部署，提升发布效率
  个人职责：基于Jenkins搭建持续集成流水线，配置Docker容器化部署
  项目成果：发布周期从每周1次提升至每天3次，部署失误率降为0

■ 服务器集群运维优化
  项目目标：提升服务器集群稳定性，降低故障发生率
  个人职责：负责日常巡检、故障排查，优化监控告警规则与分级策略
  项目成果：服务器故障率下降60%，平均故障响应时间缩短至15分钟","专业技能：Ansible、Docker、Zabbix、Linux、Jenkins、网络运维、Prometheus、Shell、MySQL、Kubernetes
相关证书：无",拥有1年实际工作经验，技术功底扎实，熟悉完整开发流程；具备较强的问题解决能力，能够独立排查并解决常见技术问题；工作认真负责，注重团队协作，能够高效推进项目落地；持续学习，保持技术敏感度。
赵辉,男,13952938573,zhaohui878@qq.com,15765361092,三明,"期望岗位：软件测试工程师
期望城市：三明
期望行业：互联网/信息技术/软件服务
期望薪资：面议",本科通信工程专业应届毕业生，掌握MySQL、接口测试基础技能，完成过课程设计与毕业项目，具备基础代码编写能力与问题排查思路，学习能力强，做事认真踏实，期望从事软件测试工程师相关工作。,"厦门大学 | 通信工程 | 本科
毕业时间：2022年6月
核心课程：操作系统、数据库原理、数据结构、数字信号处理","【校园实践】
    · 参与学校计算机协会技术部，负责协会网站日常维护
    · 协助老师完成实验室设备管理与系统环境搭建
    · 参与班级课程设计小组，担任后端开发角色","■ 网页兼容性测试实训
  项目目标：对多个网站进行浏览器兼容测试
  个人职责：制定测试方案，输出测试报告
  项目成果：覆盖5款主流浏览器","专业技能：Selenium、TestNG、Python、功能测试、性能测试、Postman
相关证书：计算机一级、英语六级",应届毕业，具备扎实的专业基础知识与学习能力，能够快速掌握新技术；工作态度认真负责，有耐心，注重细节；具备良好的团队意识与沟通能力，能够积极配合团队完成任务；期望在工作中积累经验，快速成长。
黎雨泽,男,15157687092,li雨ze9662@163.com,13150379642,三明,"期望岗位：运维工程师
期望城市：三明
期望行业：互联网/信息技术/软件服务
期望薪资：面议",5年运维工程师从业经验，精通Ansible技术架构，主导过中型项目从0到1落地，擅长技术方案设计与性能优化，曾推动核心模块技术重构，带来显著效率提升，具备跨部门协作与项目推进能力。,"福建师范大学 | 信息管理与信息系统 | 本科
毕业时间：2017年6月
核心课程：操作系统、机器学习、计算机网络、数据库原理","【vivo（东莞）】 运维工程师
2025年6月 - 至今
    · 编写开发文档，沉淀技术规范，协助新人熟悉业务
    · 负责公司运维工程师相关业务的开发与维护，参与需求评审
    · 承担分配模块的编码、测试与优化工作，保障系统稳定运行

【恒信网络科技有限公司】 运维工程师
2024年6月 - 2025年4月
    · 负责公司运维工程师相关业务的开发与维护，参与需求评审
    · 编写开发文档，沉淀技术规范，协助新人熟悉业务

【新科信息技术有限公司】 运维工程师
2023年6月 - 2024年3月
    · 负责公司运维工程师相关业务的开发与维护，参与需求评审
    · 对接产品、测试团队，跟进需求落地与缺陷修复","■ CI/CD自动化流水线
  项目目标：实现代码自动化构建、测试、部署，提升发布效率
  个人职责：基于Jenkins搭建持续集成流水线，配置Docker容器化部署
  项目成果：发布周期从每周1次提升至每天3次，部署失误率降为0

■ 服务器集群运维优化
  项目目标：提升服务器集群稳定性，降低故障发生率
  个人职责：负责日常巡检、故障排查，优化监控告警规则与分级策略
  项目成果：服务器故障率下降60%，平均故障响应时间缩短至15分钟","专业技能：网络运维、Linux、Shell、Jenkins、Docker、Redis
相关证书：计算机一级",拥有5年行业经验，技术视野开阔，具备方案设计与项目把控能力；逻辑清晰，善于定位并解决复杂技术问题；具备良好的团队管理与跨部门沟通能力，能够推动技术优化与业务落地；责任心强，追求技术与业务的平衡发展。
林欣,女,13978341869,linxin43@outlook.com,wx_linxin_930,南京,"期望岗位：运维工程师
期望城市：南京
期望行业：互联网/信息技术/软件服务
期望薪资：面议",3年运维工程师从业经验，精通网络运维技术架构，主导过中型项目从0到1落地，擅长技术方案设计与性能优化，曾推动核心模块技术重构，带来显著效率提升，具备跨部门协作与项目推进能力。,"福州大学 | 信息管理与信息系统 | 本科
毕业时间：2019年6月
核心课程：机器学习、数据结构、数据库原理、Java程序设计","【东软软件有限公司】 运维工程师
2025年9月 - 至今
    · 承担分配模块的编码、测试与优化工作，保障系统稳定运行
    · 编写开发文档，沉淀技术规范，协助新人熟悉业务
    · 对接产品、测试团队，跟进需求落地与缺陷修复

【启明科技有限公司】 运维工程师
2024年1月 - 2025年8月
    · 编写开发文档，沉淀技术规范，协助新人熟悉业务
    · 承担分配模块的编码、测试与优化工作，保障系统稳定运行
    · 对接产品、测试团队，跟进需求落地与缺陷修复","■ CI/CD自动化流水线
  项目目标：实现代码自动化构建、测试、部署，提升发布效率
  个人职责：基于Jenkins搭建持续集成流水线，配置Docker容器化部署
  项目成果：发布周期从每周1次提升至每天3次，部署失误率降为0

■ 服务器集群运维优化
  项目目标：提升服务器集群稳定性，降低故障发生率
  个人职责：负责日常巡检、故障排查，优化监控告警规则与分级策略
  项目成果：服务器故障率下降60%，平均故障响应时间缩短至15分钟","专业技能：Jenkins、Kubernetes、Shell、Ansible、MySQL、Redis、Zabbix
相关证书：无",拥有3年行业经验，技术视野开阔，具备方案设计与项目把控能力；逻辑清晰，善于定位并解决复杂技术问题；具备良好的团队管理与跨部门沟通能力，能够推动技术优化与业务落地；责任心强，追求技术与业务的平衡发展。
薛皓,男,17737833179,xuehao303@outlook.com,wx_xuehao_480,南京,"期望岗位：数据分析师
期望城市：南京
期望行业：互联网/信息技术/软件服务
期望薪资：面议",本科电子信息工程专业应届毕业生，有1段数据分析师实习经验，掌握用户分析技术栈，参与过实习项目开发，具备良好的代码规范与团队协作意识，能够快速上手业务，期望正式入职发展。,"南昌大学 | 电子信息工程 | 本科
毕业时间：2021年6月
核心课程：Python编程、数据库原理、操作系统、机器学习","【天擎网络科技有限公司】 数据分析师（实习）
2025年7月 - 至今
    · 对接产品、测试团队，跟进需求落地与缺陷修复
    · 承担分配模块的编码、测试与优化工作，保障系统稳定运行
    · 编写开发文档，沉淀技术规范，协助新人熟悉业务","■ 学生成绩数据分析
  项目目标：对班级期末成绩进行统计分析
  个人职责：数据清洗、可视化图表制作、结论输出
  项目成果：输出分析报告，提出3点教学建议

■ 电商公开数据爬取分析
  项目目标：采集公开电商商品数据并分析
  个人职责：数据爬取、清洗、价格销量分析
  项目成果：输出可视化分析图表","专业技能：用户分析、Hive、数据可视化、Excel
相关证书：英语四级",有实习经验，熟悉开发基本流程，具备基础的项目实践能力；学习能力强，能够快速上手新业务新技术；工作踏实，责任心强，善于沟通协作，能够高效完成分配的工作任务。
陶敏,女,15811294732,taomin76@qq.com,wx_taomin_917,深圳,"期望岗位：后端开发工程师
期望城市：深圳
期望行业：互联网/信息技术/软件服务
期望薪资：面议",5年后端开发工程师资深经验，精通全链路技术架构，具备团队技术规划与方案设计能力，主导过多个大型项目重构与升级，在高并发/系统稳定性领域有深厚积累，能够带领团队攻克技术难题，驱动业务技术升级。,"福州大学 | 数据科学与大数据技术 | 本科
毕业时间：2017年6月
核心课程：Python编程、Java程序设计、数据库原理、软件工程","【金蝶网络科技有限公司】 后端开发工程师
2025年7月 - 至今
    · 承担分配模块的编码、测试与优化工作，保障系统稳定运行
    · 负责公司后端开发工程师相关业务的开发与维护，参与需求评审

【东软科技有限公司】 后端开发工程师
2024年3月 - 2025年11月
    · 对接产品、测试团队，跟进需求落地与缺陷修复
    · 负责公司后端开发工程师相关业务的开发与维护，参与需求评审

【安硕软件有限公司】 后端开发工程师
2023年3月 - 2024年2月
    · 负责公司后端开发工程师相关业务的开发与维护，参与需求评审
    · 编写开发文档，沉淀技术规范，协助新人熟悉业务
    · 对接产品、测试团队，跟进需求落地与缺陷修复","■ 即时通讯服务开发
  项目目标：实现企业内部IM系统后端消息推送与存储
  个人职责：负责消息队列、离线消息、会话管理模块开发
  项目成果：支持万人同时在线，消息送达延迟低于100ms

■ 内容管理系统后端
  项目目标：搭建CMS系统后端服务，支持多站点内容发布
  个人职责：负责文章、栏目、权限模块接口开发，设计数据库表结构
  项目成果：支撑8个站点同时运营，内容发布效率提升3倍","专业技能：Redis、Go、SpringBoot、PostgreSQL、K8s、Docker、MySQL、微服务、Python、Kafka
相关证书：软件设计师（中级）、软考中级、英语六级",拥有5年行业经验，技术视野开阔，具备方案设计与项目把控能力；逻辑清晰，善于定位并解决复杂技术问题；具备良好的团队管理与跨部门沟通能力，能够推动技术优化与业务落地；责任心强，追求技术与业务的平衡发展。
任晨,男,18841050416,renchen9366@126.com,wx_renchen_666,深圳,"期望岗位：数据分析师
期望城市：深圳
期望行业：互联网/信息技术/软件服务
期望薪资：面议",本科软件工程专业应届毕业生，掌握SQL、Tableau基础技能，完成过课程设计与毕业项目，具备基础代码编写能力与问题排查思路，学习能力强，做事认真踏实，期望从事数据分析师相关工作。,"华南理工大学 | 软件工程 | 本科
毕业时间：2022年6月
核心课程：操作系统、机器学习、软件工程、数字信号处理","【校园实践】
    · 参与学校计算机协会技术部，负责协会网站日常维护
    · 协助老师完成实验室设备管理与系统环境搭建
    · 参与班级课程设计小组，担任后端开发角色","■ 电商公开数据爬取分析
  项目目标：采集公开电商商品数据并分析
  个人职责：数据爬取、清洗、价格销量分析
  项目成果：输出可视化分析图表","专业技能：Power BI、SQL、MySQL、数据可视化
相关证书：计算机一级、系统架构设计师",应届毕业，具备扎实的专业基础知识与学习能力，能够快速掌握新技术；工作态度认真负责，有耐心，注重细节；具备良好的团队意识与沟通能力，能够积极配合团队完成任务；期望在工作中积累经验，快速成长。
杨宇泽,男,18855864419,yangyuze572@163.com,wx_yangyuze_675,福州,"期望岗位：Java开发工程师
期望城市：福州
期望行业：互联网/信息技术/软件服务
期望薪资：面议",3年Java开发工程师从业经验，精通Linux技术架构，主导过中型项目从0到1落地，擅长技术方案设计与性能优化，曾推动核心模块技术重构，带来显著效率提升，具备跨部门协作与项目推进能力。,"泉州师范学院 | 计算机科学与技术 | 本科
毕业时间：2019年6月
核心课程：数字信号处理、Python编程、数据库原理、数据结构","【中软数据技术有限公司】 Java开发工程师
2025年8月 - 至今
    · 对接产品、测试团队，跟进需求落地与缺陷修复
    · 编写开发文档，沉淀技术规范，协助新人熟悉业务

【数聚信息技术有限公司】 Java开发工程师
2024年1月 - 2025年11月
    · 承担分配模块的编码、测试与优化工作，保障系统稳定运行
    · 对接产品、测试团队，跟进需求落地与缺陷修复","■ 微服务用户中心重构
  项目目标：将单体用户系统拆分为微服务架构，提升并发承载能力
  个人职责：负责登录、注册、权限模块开发，优化数据库查询与缓存策略
  项目成果：支持并发量从500提升至5000，接口响应耗时减少60%

■ 电商订单交易系统
  项目目标：搭建高可用电商订单系统，支撑大促流量峰值
  个人职责：负责订单创建、支付回调、库存扣减核心逻辑开发
  项目成果：支撑日均订单量10万+，系统可用性达99.95%","专业技能：微服务、RabbitMQ、Git、MySQL、Java、SpringCloud、Redis
相关证书：无",拥有3年行业经验，技术视野开阔，具备方案设计与项目把控能力；逻辑清晰，善于定位并解决复杂技术问题；具备良好的团队管理与跨部门沟通能力，能够推动技术优化与业务落地；责任心强，追求技术与业务的平衡发展。
蒋辉,男,13937537927,jianghui462@qq.com,18168251420,佛山,"期望岗位：软件测试工程师
期望城市：佛山
期望行业：互联网/信息技术/软件服务
期望薪资：面议",3年软件测试工程师从业经验，精通Postman技术架构，主导过中型项目从0到1落地，擅长技术方案设计与性能优化，曾推动核心模块技术重构，带来显著效率提升，具备跨部门协作与项目推进能力。,"暨南大学 | 信息管理与信息系统 | 本科
毕业时间：2019年6月
核心课程：算法设计与分析、数字信号处理、机器学习、软件工程","【字节跳动（厦门分公司）】 软件测试工程师
2025年8月 - 至今
    · 负责公司软件测试工程师相关业务的开发与维护，参与需求评审
    · 对接产品、测试团队，跟进需求落地与缺陷修复

【汇智网络科技有限公司】 软件测试工程师
2024年8月 - 2025年5月
    · 编写开发文档，沉淀技术规范，协助新人熟悉业务
    · 负责公司软件测试工程师相关业务的开发与维护，参与需求评审","■ 自动化测试框架搭建
  项目目标：提升回归测试效率，减少人工重复劳动
  个人职责：基于Selenium搭建UI自动化框架，编写核心模块测试脚本
  项目成果：回归测试周期从7天缩短至2天，覆盖率达85%

■ 电商平台功能测试
  项目目标：保障电商系统上线质量，覆盖全业务流程
  个人职责：设计测试用例，执行功能、回归测试，提交缺陷报告
  项目成果：发现并修复120+缺陷，上线后线上缺陷率低于0.5%","专业技能：功能测试、Python、MySQL、Selenium、接口测试、缺陷管理、Appium、TestNG
相关证书：系统架构设计师、红帽RHCE认证",拥有3年行业经验，技术视野开阔，具备方案设计与项目把控能力；逻辑清晰，善于定位并解决复杂技术问题；具备良好的团队管理与跨部门沟通能力，能够推动技术优化与业务落地；责任心强，追求技术与业务的平衡发展。
郭梓涵,女,15298508347,guo梓han2532@126.com,18819137483,深圳,"期望岗位：数据分析师
期望城市：深圳
期望行业：互联网/信息技术/软件服务
期望薪资：面议",5年数据分析师资深经验，精通全链路技术架构，具备团队技术规划与方案设计能力，主导过多个大型项目重构与升级，在高并发/系统稳定性领域有深厚积累，能够带领团队攻克技术难题，驱动业务技术升级。,"浙江大学 | 数据科学与大数据技术 | 本科
毕业时间：2017年6月
核心课程：Python编程、Java程序设计、软件工程、操作系统","【未来信息技术有限公司】 数据分析师
2025年7月 - 至今
    · 承担分配模块的编码、测试与优化工作，保障系统稳定运行
    · 负责公司数据分析师相关业务的开发与维护，参与需求评审
    · 编写开发文档，沉淀技术规范，协助新人熟悉业务

【通元科技有限公司】 数据分析师
2024年1月 - 2025年4月
    · 编写开发文档，沉淀技术规范，协助新人熟悉业务
    · 负责公司数据分析师相关业务的开发与维护，参与需求评审
    · 对接产品、测试团队，跟进需求落地与缺陷修复

【微远科技有限公司】 数据分析师
2023年8月 - 2024年5月
    · 对接产品、测试团队，跟进需求落地与缺陷修复
    · 负责公司数据分析师相关业务的开发与维护，参与需求评审
    · 编写开发文档，沉淀技术规范，协助新人熟悉业务","■ 销售数据预测建模
  项目目标：基于历史数据预测销量，指导库存与备货
  个人职责：数据预处理，构建时间序列预测模型，输出月度预测报告
  项目成果：预测准确率达89%，库存周转效率提升25%

■ 用户行为分析看板
  项目目标：构建用户行为数据体系，支撑运营决策
  个人职责：负责数据清洗、指标体系搭建，输出可视化运营报表
  项目成果：输出15+核心运营指标，支撑每月3次运营优化，用户留存率提升8%","专业技能：数据可视化、统计学、Power BI、Python、MySQL、SQL
相关证书：英语六级",拥有5年行业经验，技术视野开阔，具备方案设计与项目把控能力；逻辑清晰，善于定位并解决复杂技术问题；具备良好的团队管理与跨部门沟通能力，能够推动技术优化与业务落地；责任心强，追求技术与业务的平衡发展。
钟峰,男,17771535703,zhongfeng006@163.com,13902060054,厦门,"期望岗位：运维工程师
期望城市：厦门
期望行业：互联网/信息技术/软件服务
期望薪资：面议",6年运维工程师资深经验，精通全链路技术架构，具备团队技术规划与方案设计能力，主导过多个大型项目重构与升级，在高并发/系统稳定性领域有深厚积累，能够带领团队攻克技术难题，驱动业务技术升级。,"广东技术师范大学 | 数据科学与大数据技术 | 本科
毕业时间：2016年6月
核心课程：数据结构、数字信号处理、Java程序设计、计算机网络","【阿里巴巴（福州分公司）】 运维工程师
2024年8月 - 至今
    · 编写开发文档，沉淀技术规范，协助新人熟悉业务
    · 对接产品、测试团队，跟进需求落地与缺陷修复

【汇智网络科技有限公司】 运维工程师
2022年7月 - 2024年10月
    · 对接产品、测试团队，跟进需求落地与缺陷修复
    · 编写开发文档，沉淀技术规范，协助新人熟悉业务

【恒信信息技术有限公司】 运维工程师
2020年1月 - 2022年5月
    · 编写开发文档，沉淀技术规范，协助新人熟悉业务
    · 负责公司运维工程师相关业务的开发与维护，参与需求评审
    · 对接产品、测试团队，跟进需求落地与缺陷修复","■ CI/CD自动化流水线
  项目目标：实现代码自动化构建、测试、部署，提升发布效率
  个人职责：基于Jenkins搭建持续集成流水线，配置Docker容器化部署
  项目成果：发布周期从每周1次提升至每天3次，部署失误率降为0

■ 服务器集群运维优化
  项目目标：提升服务器集群稳定性，降低故障发生率
  个人职责：负责日常巡检、故障排查，优化监控告警规则与分级策略
  项目成果：服务器故障率下降60%，平均故障响应时间缩短至15分钟","专业技能：Nginx、Linux、MySQL、Ansible、Jenkins、Kubernetes、Prometheus
相关证书：英语六级",拥有6年行业经验，技术视野开阔，具备方案设计与项目把控能力；逻辑清晰，善于定位并解决复杂技术问题；具备良好的团队管理与跨部门沟通能力，能够推动技术优化与业务落地；责任心强，追求技术与业务的平衡发展。
曹浩,男,13909555090,caohao1484@outlook.com,wx_caohao_794,龙岩,"期望岗位：后端开发工程师
期望城市：龙岩
期望行业：互联网/信息技术/软件服务
期望薪资：面议",7年后端开发工程师资深经验，精通全链路技术架构，具备团队技术规划与方案设计能力，主导过多个大型项目重构与升级，在高并发/系统稳定性领域有深厚积累，能够带领团队攻克技术难题，驱动业务技术升级。,"福建船政交通职业学院 | 信息管理与信息系统 | 专科
毕业时间：2015年6月
核心课程：算法设计与分析、数据库原理、Python编程、计算机网络","【启明科技有限公司】 后端开发工程师
2024年5月 - 至今
    · 承担分配模块的编码、测试与优化工作，保障系统稳定运行
    · 编写开发文档，沉淀技术规范，协助新人熟悉业务
    · 对接产品、测试团队，跟进需求落地与缺陷修复

【天擎数据技术有限公司】 后端开发工程师
2022年8月 - 2024年1月
    · 负责公司后端开发工程师相关业务的开发与维护，参与需求评审
    · 对接产品、测试团队，跟进需求落地与缺陷修复

【恒信软件有限公司】 后端开发工程师
2020年3月 - 2022年9月
    · 编写开发文档，沉淀技术规范，协助新人熟悉业务
    · 承担分配模块的编码、测试与优化工作，保障系统稳定运行
    · 对接产品、测试团队，跟进需求落地与缺陷修复","■ 内容管理系统后端
  项目目标：搭建CMS系统后端服务，支持多站点内容发布
  个人职责：负责文章、栏目、权限模块接口开发，设计数据库表结构
  项目成果：支撑8个站点同时运营，内容发布效率提升3倍

■ 即时通讯服务开发
  项目目标：实现企业内部IM系统后端消息推送与存储
  个人职责：负责消息队列、离线消息、会话管理模块开发
  项目成果：支持万人同时在线，消息送达延迟低于100ms","专业技能：SpringBoot、Kafka、Docker、Java、MySQL、Go、Redis、PostgreSQL、Python、Gin
相关证书：计算机一级、英语六级",拥有7年行业经验，技术视野开阔，具备方案设计与项目把控能力；逻辑清晰，善于定位并解决复杂技术问题；具备良好的团队管理与跨部门沟通能力，能够推动技术优化与业务落地；责任心强，追求技术与业务的平衡发展。
潘浩然,男,15053537110,panhaoran683@outlook.com,13171080292,佛山,"期望岗位：软件测试工程师
期望城市：佛山
期望行业：互联网/信息技术/软件服务
期望薪资：面议",2年软件测试工程师工作经验，精通JMeter、Python技术栈，参与过完整项目迭代，能够独立完成模块开发与问题排查，注重代码质量与开发效率，具备良好的沟通协作能力。,"东莞理工学院 | 计算机科学与技术 | 本科
毕业时间：2020年6月
核心课程：Python编程、算法设计与分析、数字信号处理、数据库原理","【微远互联网科技有限公司】 软件测试工程师
2025年6月 - 至今
    · 负责公司软件测试工程师相关业务的开发与维护，参与需求评审
    · 承担分配模块的编码、测试与优化工作，保障系统稳定运行

【汇智网络科技有限公司】 软件测试工程师
2024年9月 - 2025年1月
    · 负责公司软件测试工程师相关业务的开发与维护，参与需求评审
    · 对接产品、测试团队，跟进需求落地与缺陷修复
    · 承担分配模块的编码、测试与优化工作，保障系统稳定运行","■ 自动化测试框架搭建
  项目目标：提升回归测试效率，减少人工重复劳动
  个人职责：基于Selenium搭建UI自动化框架，编写核心模块测试脚本
  项目成果：回归测试周期从7天缩短至2天，覆盖率达85%

■ 电商平台功能测试
  项目目标：保障电商系统上线质量，覆盖全业务流程
  个人职责：设计测试用例，执行功能、回归测试，提交缺陷报告
  项目成果：发现并修复120+缺陷，上线后线上缺陷率低于0.5%","专业技能：Appium、Python、功能测试、缺陷管理、Selenium、性能测试
相关证书：计算机二级、英语六级",拥有2年实际工作经验，技术功底扎实，熟悉完整开发流程；具备较强的问题解决能力，能够独立排查并解决常见技术问题；工作认真负责，注重团队协作，能够高效推进项目落地；持续学习，保持技术敏感度。
余丽,女,18047957608,yuli815@outlook.com,wx_yuli_308,宁德,"期望岗位：软件测试工程师
期望城市：宁德
期望行业：互联网/信息技术/软件服务
期望薪资：面议",3年软件测试工程师工作经验，精通测试用例设计、功能测试技术栈，参与过完整项目迭代，能够独立完成模块开发与问题排查，注重代码质量与开发效率，具备良好的沟通协作能力。,"江西师范大学 | 软件技术 | 本科
毕业时间：2019年6月
核心课程：软件工程、Python编程、数据库原理、算法设计与分析","【字节跳动（厦门分公司）】 软件测试工程师
2025年11月 - 至今
    · 对接产品、测试团队，跟进需求落地与缺陷修复
    · 负责公司软件测试工程师相关业务的开发与维护，参与需求评审
    · 承担分配模块的编码、测试与优化工作，保障系统稳定运行

【微远数据技术有限公司】 软件测试工程师
2024年9月 - 2025年8月
    · 编写开发文档，沉淀技术规范，协助新人熟悉业务
    · 承担分配模块的编码、测试与优化工作，保障系统稳定运行","■ 电商平台功能测试
  项目目标：保障电商系统上线质量，覆盖全业务流程
  个人职责：设计测试用例，执行功能、回归测试，提交缺陷报告
  项目成果：发现并修复120+缺陷，上线后线上缺陷率低于0.5%

■ 自动化测试框架搭建
  项目目标：提升回归测试效率，减少人工重复劳动
  个人职责：基于Selenium搭建UI自动化框架，编写核心模块测试脚本
  项目成果：回归测试周期从7天缩短至2天，覆盖率达85%","专业技能：Postman、Python、功能测试、缺陷管理、TestNG、MySQL、Appium、接口测试
相关证书：红帽RHCE认证、PMP项目管理专业人士",拥有3年实际工作经验，技术功底扎实，熟悉完整开发流程；具备较强的问题解决能力，能够独立排查并解决常见技术问题；工作认真负责，注重团队协作，能够高效推进项目落地；持续学习，保持技术敏感度。
邵峰,男,13025757368,shaofeng1344@gmail.com,wx_shaofeng_259,南京,"期望岗位：后端开发工程师
期望城市：南京
期望行业：互联网/信息技术/软件服务
期望薪资：面议",专科网络工程专业应届毕业生，掌握Docker、Go基础技能，完成过课程设计与毕业项目，具备基础代码编写能力与问题排查思路，学习能力强，做事认真踏实，期望从事后端开发工程师相关工作。,"广东轻工职业技术学院 | 网络工程 | 专科
毕业时间：2022年6月
核心课程：Python编程、机器学习、数据结构、计算机网络","【校园实践】
    · 参与学校计算机协会技术部，负责协会网站日常维护
    · 协助老师完成实验室设备管理与系统环境搭建
    · 参与班级课程设计小组，担任后端开发角色","■ 图书管理系统后端
  项目目标：实现图书借阅、归还、用户管理功能
  个人职责：负责接口开发与数据库表结构设计
  项目成果：完成核心功能，支持1000条数据量","专业技能：Docker、Gin、SpringBoot、Go
相关证书：计算机二级",应届毕业，具备扎实的专业基础知识与学习能力，能够快速掌握新技术；工作态度认真负责，有耐心，注重细节；具备良好的团队意识与沟通能力，能够积极配合团队完成任务；期望在工作中积累经验，快速成长。
龙安然,女,17672471498,longanran5453@126.com,18553859658,泉州,"期望岗位：算法工程师
期望城市：泉州
期望行业：互联网/信息技术/软件服务
期望薪资：面议",2年算法工程师工作经验，精通特征工程、SQL技术栈，参与过完整项目迭代，能够独立完成模块开发与问题排查，注重代码质量与开发效率，具备良好的沟通协作能力。,"暨南大学 | 电子信息工程 | 本科
毕业时间：2020年6月
核心课程：操作系统、Java程序设计、算法设计与分析、数字信号处理","【新科互联网科技有限公司】 算法工程师
2025年5月 - 至今
    · 承担分配模块的编码、测试与优化工作，保障系统稳定运行
    · 编写开发文档，沉淀技术规范，协助新人熟悉业务
    · 负责公司算法工程师相关业务的开发与维护，参与需求评审

【智联软件有限公司】 算法工程师
2024年5月 - 2025年7月
    · 负责公司算法工程师相关业务的开发与维护，参与需求评审
    · 对接产品、测试团队，跟进需求落地与缺陷修复
    · 编写开发文档，沉淀技术规范，协助新人熟悉业务","■ 风控欺诈识别模型
  项目目标：识别交易欺诈行为，降低资金损失风险
  个人职责：特征工程，构建XGBoost风控模型，在线部署与迭代
  项目成果：欺诈识别准确率达92%，每年减少损失超200万

■ 个性化推荐系统
  项目目标：提升内容推荐精准度，增加用户停留时长
  个人职责：负责协同过滤、深度学习推荐模型开发与离线优化
  项目成果：用户平均停留时长提升25%，点击率提升15%","专业技能：PyTorch、特征工程、NLP、Python、计算机视觉、推荐算法、深度学习、机器学习、数据结构
相关证书：计算机一级",拥有2年实际工作经验，技术功底扎实，熟悉完整开发流程；具备较强的问题解决能力，能够独立排查并解决常见技术问题；工作认真负责，注重团队协作，能够高效推进项目落地；持续学习，保持技术敏感度。
邵宇,男,18930729101,shaoyu286@qq.com,13508671777,泉州,"期望岗位：运维工程师
期望城市：泉州
期望行业：互联网/信息技术/软件服务
期望薪资：面议",4年运维工程师从业经验，精通网络运维技术架构，主导过中型项目从0到1落地，擅长技术方案设计与性能优化，曾推动核心模块技术重构，带来显著效率提升，具备跨部门协作与项目推进能力。,"福州职业技术学院 | 软件工程 | 专科
毕业时间：2018年6月
核心课程：Python编程、软件工程、算法设计与分析、数据库原理","【云创网络科技有限公司】 运维工程师
2024年12月 - 至今
    · 承担分配模块的编码、测试与优化工作，保障系统稳定运行
    · 编写开发文档，沉淀技术规范，协助新人熟悉业务

【易联软件有限公司】 运维工程师
2022年2月 - 2024年5月
    · 负责公司运维工程师相关业务的开发与维护，参与需求评审
    · 编写开发文档，沉淀技术规范，协助新人熟悉业务","■ 服务器集群运维优化
  项目目标：提升服务器集群稳定性，降低故障发生率
  个人职责：负责日常巡检、故障排查，优化监控告警规则与分级策略
  项目成果：服务器故障率下降60%，平均故障响应时间缩短至15分钟

■ CI/CD自动化流水线
  项目目标：实现代码自动化构建、测试、部署，提升发布效率
  个人职责：基于Jenkins搭建持续集成流水线，配置Docker容器化部署
  项目成果：发布周期从每周1次提升至每天3次，部署失误率降为0","专业技能：Linux、Redis、网络运维、Zabbix、MySQL、Ansible、Jenkins、Docker、Prometheus、Shell
相关证书：PMP项目管理专业人士",拥有4年行业经验，技术视野开阔，具备方案设计与项目把控能力；逻辑清晰，善于定位并解决复杂技术问题；具备良好的团队管理与跨部门沟通能力，能够推动技术优化与业务落地；责任心强，追求技术与业务的平衡发展。
丁建,男,13812804785,dingjian72@126.com,15841857511,南昌,"期望岗位：算法工程师
期望城市：南昌
期望行业：互联网/信息技术/软件服务
期望薪资：面议",3年算法工程师工作经验，精通算法优化、Python技术栈，参与过完整项目迭代，能够独立完成模块开发与问题排查，注重代码质量与开发效率，具备良好的沟通协作能力。,"苏州职业大学 | 电子信息工程 | 专科
毕业时间：2019年6月
核心课程：软件工程、Python编程、数据库原理、计算机网络","【通元信息技术有限公司】 算法工程师
2025年6月 - 至今
    · 对接产品、测试团队，跟进需求落地与缺陷修复
    · 承担分配模块的编码、测试与优化工作，保障系统稳定运行
    · 编写开发文档，沉淀技术规范，协助新人熟悉业务

【易联数据技术有限公司】 算法工程师
2024年9月 - 2025年9月
    · 对接产品、测试团队，跟进需求落地与缺陷修复
    · 编写开发文档，沉淀技术规范，协助新人熟悉业务","■ 个性化推荐系统
  项目目标：提升内容推荐精准度，增加用户停留时长
  个人职责：负责协同过滤、深度学习推荐模型开发与离线优化
  项目成果：用户平均停留时长提升25%，点击率提升15%

■ 风控欺诈识别模型
  项目目标：识别交易欺诈行为，降低资金损失风险
  个人职责：特征工程，构建XGBoost风控模型，在线部署与迭代
  项目成果：欺诈识别准确率达92%，每年减少损失超200万","专业技能：深度学习、SQL、特征工程、机器学习、Python、TensorFlow
相关证书：无",拥有3年实际工作经验，技术功底扎实，熟悉完整开发流程；具备较强的问题解决能力，能够独立排查并解决常见技术问题；工作认真负责，注重团队协作，能够高效推进项目落地；持续学习，保持技术敏感度。
顾鹏,男,13979294162,gupeng78@gmail.com,wx_gupeng_915,厦门,"期望岗位：算法工程师
期望城市：厦门
期望行业：互联网/信息技术/软件服务
期望薪资：面议",2年算法工程师工作经验，精通计算机视觉、算法优化技术栈，参与过完整项目迭代，能够独立完成模块开发与问题排查，注重代码质量与开发效率，具备良好的沟通协作能力。,"暨南大学 | 计算机应用技术 | 本科
毕业时间：2020年6月
核心课程：算法设计与分析、数据结构、Python编程、Java程序设计","【智联数据技术有限公司】 算法工程师
2025年8月 - 至今
    · 承担分配模块的编码、测试与优化工作，保障系统稳定运行
    · 对接产品、测试团队，跟进需求落地与缺陷修复

【卓望软件有限公司】 算法工程师
2024年12月 - 2025年4月
    · 编写开发文档，沉淀技术规范，协助新人熟悉业务
    · 承担分配模块的编码、测试与优化工作，保障系统稳定运行
    · 负责公司算法工程师相关业务的开发与维护，参与需求评审","■ 个性化推荐系统
  项目目标：提升内容推荐精准度，增加用户停留时长
  个人职责：负责协同过滤、深度学习推荐模型开发与离线优化
  项目成果：用户平均停留时长提升25%，点击率提升15%

■ 风控欺诈识别模型
  项目目标：识别交易欺诈行为，降低资金损失风险
  个人职责：特征工程，构建XGBoost风控模型，在线部署与迭代
  项目成果：欺诈识别准确率达92%，每年减少损失超200万","专业技能：PyTorch、推荐算法、NLP、机器学习、TensorFlow、Python、数据结构、算法优化、SQL、特征工程
相关证书：英语四级、计算机二级、PMP项目管理专业人士",拥有2年实际工作经验，技术功底扎实，熟悉完整开发流程；具备较强的问题解决能力，能够独立排查并解决常见技术问题；工作认真负责，注重团队协作，能够高效推进项目落地；持续学习，保持技术敏感度。
许妍,女,13522549589,xuyan543@126.com,wx_xuyan_810,佛山,"期望岗位：前端开发工程师
期望城市：佛山
期望行业：互联网/信息技术/软件服务
期望薪资：面议",3年前端开发工程师工作经验，精通React、JavaScript技术栈，参与过完整项目迭代，能够独立完成模块开发与问题排查，注重代码质量与开发效率，具备良好的沟通协作能力。,"东莞理工学院 | 通信工程 | 本科
毕业时间：2019年6月
核心课程：Java程序设计、计算机网络、数字信号处理、机器学习","【新科数据技术有限公司】 前端开发工程师
2025年2月 - 至今
    · 负责公司前端开发工程师相关业务的开发与维护，参与需求评审
    · 编写开发文档，沉淀技术规范，协助新人熟悉业务

【合众软件有限公司】 前端开发工程师
2024年10月 - 2025年6月
    · 编写开发文档，沉淀技术规范，协助新人熟悉业务
    · 负责公司前端开发工程师相关业务的开发与维护，参与需求评审","■ 电商平台前端重构
  项目目标：升级旧版电商系统前端架构，提升用户体验与加载速度
  个人职责：负责商品详情页、购物车模块开发，组件化封装公共组件
  项目成果：首屏加载时间从3.2s降至1.8s，页面转化率提升12%

■ 企业后台管理系统
  项目目标：搭建企业运营管理后台，实现业务数据可视化
  个人职责：负责权限管理、数据报表模块开发，对接后端接口联调
  项目成果：覆盖12个业务部门，运营效率提升40%","专业技能：Ant Design、Axios、Vite、React、CSS3、Element UI、TypeScript、Webpack
相关证书：PMP项目管理专业人士",拥有3年实际工作经验，技术功底扎实，熟悉完整开发流程；具备较强的问题解决能力，能够独立排查并解决常见技术问题；工作认真负责，注重团队协作，能够高效推进项目落地；持续学习，保持技术敏感度。
马勇,男,13158994815,mayong4874@qq.com,13217324862,苏州,"期望岗位：运维工程师
期望城市：苏州
期望行业：互联网/信息技术/软件服务
期望薪资：面议",专科物联网工程专业应届毕业生，掌握Docker、Jenkins基础技能，完成过课程设计与毕业项目，具备基础代码编写能力与问题排查思路，学习能力强，做事认真踏实，期望从事运维工程师相关工作。,"福建船政交通职业学院 | 物联网工程 | 专科
毕业时间：2022年6月
核心课程：算法设计与分析、计算机网络、数字信号处理、机器学习","【校园实践】
    · 参与学校计算机协会技术部，负责协会网站日常维护
    · 协助老师完成实验室设备管理与系统环境搭建
    · 参与班级课程设计小组，担任后端开发角色","■ 简单监控脚本开发
  项目目标：编写服务器状态监控脚本
  个人职责：实现CPU、内存、磁盘使用率自动采集
  项目成果：支持异常邮件告警","专业技能：Prometheus、网络运维、Linux、Zabbix、Kubernetes、Ansible、Redis
相关证书：计算机一级、英语四级",应届毕业，具备扎实的专业基础知识与学习能力，能够快速掌握新技术；工作态度认真负责，有耐心，注重细节；具备良好的团队意识与沟通能力，能够积极配合团队完成任务；期望在工作中积累经验，快速成长。
钟彬,男,18275875464,zhongbin42@126.com,wx_zhongbin_776,泉州,"期望岗位：算法工程师
期望城市：泉州
期望行业：互联网/信息技术/软件服务
期望薪资：面议",本科数学与应用数学专业应届毕业生，有0段算法工程师实习经验，掌握算法优化技术栈，参与过实习项目开发，具备良好的代码规范与团队协作意识，能够快速上手业务，期望正式入职发展。,"福州大学 | 数学与应用数学 | 本科
毕业时间：2022年6月
核心课程：计算机网络、操作系统、机器学习、数字信号处理","【亿联网络】 算法工程师（实习）
2019年12月 - 至今
    · 对接产品、测试团队，跟进需求落地与缺陷修复
    · 承担分配模块的编码、测试与优化工作，保障系统稳定运行","■ 电影推荐系统（毕设）
  项目目标：基于协同过滤实现简单电影推荐
  个人职责：数据处理、模型实现、效果验证
  项目成果：召回准确率达到75%

■ 手写数字识别（课程作业）
  项目目标：基于MNIST数据集实现手写数字识别
  个人职责：使用CNN搭建模型，训练与调优
  项目成果：识别准确率达到92%","专业技能：TensorFlow、深度学习、NLP、特征工程
相关证书：系统架构设计师",有实习经验，熟悉开发基本流程，具备基础的项目实践能力；学习能力强，能够快速上手新业务新技术；工作踏实，责任心强，善于沟通协作，能够高效完成分配的工作任务。
潘俊,男,15359476862,panjun2946@qq.com,wx_panjun_251,珠海,"期望岗位：Java开发工程师
期望城市：珠海
期望行业：互联网/信息技术/软件服务
期望薪资：面议",3年Java开发工程师工作经验，精通Git、Linux技术栈，参与过完整项目迭代，能够独立完成模块开发与问题排查，注重代码质量与开发效率，具备良好的沟通协作能力。,"福州大学 | 软件技术 | 本科
毕业时间：2019年6月
核心课程：软件工程、操作系统、算法设计与分析、Java程序设计","【未来数据技术有限公司】 Java开发工程师
2025年2月 - 至今
    · 对接产品、测试团队，跟进需求落地与缺陷修复
    · 负责公司Java开发工程师相关业务的开发与维护，参与需求评审

【博思网络科技有限公司】 Java开发工程师
2024年4月 - 2025年6月
    · 编写开发文档，沉淀技术规范，协助新人熟悉业务
    · 对接产品、测试团队，跟进需求落地与缺陷修复","■ 电商订单交易系统
  项目目标：搭建高可用电商订单系统，支撑大促流量峰值
  个人职责：负责订单创建、支付回调、库存扣减核心逻辑开发
  项目成果：支撑日均订单量10万+，系统可用性达99.95%

■ 微服务用户中心重构
  项目目标：将单体用户系统拆分为微服务架构，提升并发承载能力
  个人职责：负责登录、注册、权限模块开发，优化数据库查询与缓存策略
  项目成果：支持并发量从500提升至5000，接口响应耗时减少60%","专业技能：RabbitMQ、JVM调优、Java、Docker、SpringBoot、Linux、微服务、Redis、MyBatis、Git
相关证书：阿里云ACP云计算认证",拥有3年实际工作经验，技术功底扎实，熟悉完整开发流程；具备较强的问题解决能力，能够独立排查并解决常见技术问题；工作认真负责，注重团队协作，能够高效推进项目落地；持续学习，保持技术敏感度。
孟娟,女,18394490190,mengjuan414@gmail.com,18787316861,杭州,"期望岗位：运维工程师
期望城市：杭州
期望行业：互联网/信息技术/软件服务
期望薪资：面议",本科软件技术专业应届毕业生，有1段运维工程师实习经验，掌握Jenkins技术栈，参与过实习项目开发，具备良好的代码规范与团队协作意识，能够快速上手业务，期望正式入职发展。,"福建农林大学 | 软件技术 | 本科
毕业时间：2021年6月
核心课程：Java程序设计、操作系统、数据结构、Python编程","【博思互联网科技有限公司】 运维工程师（实习）
2025年12月 - 至今
    · 负责公司运维工程师相关业务的开发与维护，参与需求评审
    · 承担分配模块的编码、测试与优化工作，保障系统稳定运行
    · 对接产品、测试团队，跟进需求落地与缺陷修复","■ 实验室服务器搭建实训
  项目目标：搭建实验室Linux服务器环境
  个人职责：负责系统安装、网络配置、基础服务部署
  项目成果：完成3台服务器环境搭建

■ 简单监控脚本开发
  项目目标：编写服务器状态监控脚本
  个人职责：实现CPU、内存、磁盘使用率自动采集
  项目成果：支持异常邮件告警","专业技能：Prometheus、网络运维、MySQL、Linux、Kubernetes
相关证书：英语六级",有实习经验，熟悉开发基本流程，具备基础的项目实践能力；学习能力强，能够快速上手新业务新技术；工作踏实，责任心强，善于沟通协作，能够高效完成分配的工作任务。
廖佳,女,18252518960,liaojia223@qq.com,wx_liaojia_724,珠海,"期望岗位：数据分析师
期望城市：珠海
期望行业：互联网/信息技术/软件服务
期望薪资：面议",专科通信工程专业应届毕业生，掌握Power BI、Pandas基础技能，完成过课程设计与毕业项目，具备基础代码编写能力与问题排查思路，学习能力强，做事认真踏实，期望从事数据分析师相关工作。,"福建船政交通职业学院 | 通信工程 | 专科
毕业时间：2022年6月
核心课程：软件工程、操作系统、数字信号处理、数据库原理","【校园实践】
    · 参与学校计算机协会技术部，负责协会网站日常维护
    · 协助老师完成实验室设备管理与系统环境搭建
    · 参与班级课程设计小组，担任后端开发角色","■ 电商公开数据爬取分析
  项目目标：采集公开电商商品数据并分析
  个人职责：数据爬取、清洗、价格销量分析
  项目成果：输出可视化分析图表","专业技能：Tableau、Hive、Pandas、用户分析、MySQL、Power BI、SQL
相关证书：软件设计师（中级）",应届毕业，具备扎实的专业基础知识与学习能力，能够快速掌握新技术；工作态度认真负责，有耐心，注重细节；具备良好的团队意识与沟通能力，能够积极配合团队完成任务；期望在工作中积累经验，快速成长。
金阳,男,15961943014,jinyang68@outlook.com,wx_jinyang_856,三明,"期望岗位：Python开发工程师
期望城市：三明
期望行业：互联网/信息技术/软件服务
期望薪资：面议",1年Python开发工程师工作经验，精通Redis、爬虫技术栈，参与过完整项目迭代，能够独立完成模块开发与问题排查，注重代码质量与开发效率，具备良好的沟通协作能力。,"苏州职业大学 | 信息管理与信息系统 | 专科
毕业时间：2021年6月
核心课程：软件工程、数字信号处理、数据库原理、机器学习","【汇智数据技术有限公司】 Python开发工程师
2025年10月 - 至今
    · 承担分配模块的编码、测试与优化工作，保障系统稳定运行
    · 对接产品、测试团队，跟进需求落地与缺陷修复","■ 自动化运维平台
  项目目标：开发运维管理平台，实现服务器批量管理
  个人职责：负责监控、告警、任务调度模块后端开发
  项目成果：管理服务器200+，运维人力成本降低50%

■ 数据采集爬虫系统
  项目目标：搭建分布式爬虫平台，采集多渠道公开数据
  个人职责：负责反爬策略破解、数据清洗、入库逻辑开发
  项目成果：日均采集数据50万条，数据准确率98%以上","专业技能：Docker、Celery、Git、Django、爬虫、MySQL
相关证书：系统架构设计师、计算机一级、软件设计师（中级）",拥有1年实际工作经验，技术功底扎实，熟悉完整开发流程；具备较强的问题解决能力，能够独立排查并解决常见技术问题；工作认真负责，注重团队协作，能够高效推进项目落地；持续学习，保持技术敏感度。
雷飞,男,15516233255,leifei64@gmail.com,15353655802,佛山,"期望岗位：Java开发工程师
期望城市：佛山
期望行业：互联网/信息技术/软件服务
期望薪资：面议",2年Java开发工程师工作经验，精通Docker、Linux技术栈，参与过完整项目迭代，能够独立完成模块开发与问题排查，注重代码质量与开发效率，具备良好的沟通协作能力。,"江西交通职业技术学院 | 软件技术 | 专科
毕业时间：2020年6月
核心课程：数据库原理、数字信号处理、软件工程、操作系统","【合众网络科技有限公司】 Java开发工程师
2025年9月 - 至今
    · 对接产品、测试团队，跟进需求落地与缺陷修复
    · 负责公司Java开发工程师相关业务的开发与维护，参与需求评审

【科创网络科技有限公司】 Java开发工程师
2024年7月 - 2025年12月
    · 对接产品、测试团队，跟进需求落地与缺陷修复
    · 承担分配模块的编码、测试与优化工作，保障系统稳定运行
    · 负责公司Java开发工程师相关业务的开发与维护，参与需求评审","■ 微服务用户中心重构
  项目目标：将单体用户系统拆分为微服务架构，提升并发承载能力
  个人职责：负责登录、注册、权限模块开发，优化数据库查询与缓存策略
  项目成果：支持并发量从500提升至5000，接口响应耗时减少60%

■ 电商订单交易系统
  项目目标：搭建高可用电商订单系统，支撑大促流量峰值
  个人职责：负责订单创建、支付回调、库存扣减核心逻辑开发
  项目成果：支撑日均订单量10万+，系统可用性达99.95%","专业技能：Docker、RabbitMQ、Linux、Redis、SpringBoot、SpringCloud
相关证书：软件设计师（中级）、红帽RHCE认证",拥有2年实际工作经验，技术功底扎实，熟悉完整开发流程；具备较强的问题解决能力，能够独立排查并解决常见技术问题；工作认真负责，注重团队协作，能够高效推进项目落地；持续学习，保持技术敏感度。
薛佳,女,18542578928,xuejia68@163.com,18612022521,福州,"期望岗位：Python开发工程师
期望城市：福州
期望行业：互联网/信息技术/软件服务
期望薪资：面议",5年Python开发工程师从业经验，精通Linux技术架构，主导过中型项目从0到1落地，擅长技术方案设计与性能优化，曾推动核心模块技术重构，带来显著效率提升，具备跨部门协作与项目推进能力。,"厦门理工学院 | 信息管理与信息系统 | 本科
毕业时间：2017年6月
核心课程：数据结构、计算机网络、软件工程、Python编程","【科创网络科技有限公司】 Python开发工程师
2025年3月 - 至今
    · 对接产品、测试团队，跟进需求落地与缺陷修复
    · 承担分配模块的编码、测试与优化工作，保障系统稳定运行
    · 编写开发文档，沉淀技术规范，协助新人熟悉业务

【微远互联网科技有限公司】 Python开发工程师
2024年12月 - 2025年8月
    · 承担分配模块的编码、测试与优化工作，保障系统稳定运行
    · 负责公司Python开发工程师相关业务的开发与维护，参与需求评审

【新科科技有限公司】 Python开发工程师
2023年8月 - 2024年3月
    · 负责公司Python开发工程师相关业务的开发与维护，参与需求评审
    · 编写开发文档，沉淀技术规范，协助新人熟悉业务
    · 对接产品、测试团队，跟进需求落地与缺陷修复","■ 自动化运维平台
  项目目标：开发运维管理平台，实现服务器批量管理
  个人职责：负责监控、告警、任务调度模块后端开发
  项目成果：管理服务器200+，运维人力成本降低50%

■ 数据采集爬虫系统
  项目目标：搭建分布式爬虫平台，采集多渠道公开数据
  个人职责：负责反爬策略破解、数据清洗、入库逻辑开发
  项目成果：日均采集数据50万条，数据准确率98%以上","专业技能：Redis、Celery、Python、Django、FastAPI、MySQL
相关证书：无",拥有5年行业经验，技术视野开阔，具备方案设计与项目把控能力；逻辑清晰，善于定位并解决复杂技术问题；具备良好的团队管理与跨部门沟通能力，能够推动技术优化与业务落地；责任心强，追求技术与业务的平衡发展。
董阳,男,15217130185,dongyang854@126.com,wx_dongyang_305,漳州,"期望岗位：运维工程师
期望城市：漳州
期望行业：互联网/信息技术/软件服务
期望薪资：面议",4年运维工程师从业经验，精通Linux技术架构，主导过中型项目从0到1落地，擅长技术方案设计与性能优化，曾推动核心模块技术重构，带来显著效率提升，具备跨部门协作与项目推进能力。,"厦门理工学院 | 信息管理与信息系统 | 本科
毕业时间：2018年6月
核心课程：操作系统、Python编程、数字信号处理、Java程序设计","【美图公司】 运维工程师
2024年10月 - 至今
    · 编写开发文档，沉淀技术规范，协助新人熟悉业务
    · 承担分配模块的编码、测试与优化工作，保障系统稳定运行
    · 负责公司运维工程师相关业务的开发与维护，参与需求评审

【卓望软件有限公司】 运维工程师
2022年5月 - 2024年6月
    · 承担分配模块的编码、测试与优化工作，保障系统稳定运行
    · 编写开发文档，沉淀技术规范，协助新人熟悉业务
    · 对接产品、测试团队，跟进需求落地与缺陷修复","■ 服务器集群运维优化
  项目目标：提升服务器集群稳定性，降低故障发生率
  个人职责：负责日常巡检、故障排查，优化监控告警规则与分级策略
  项目成果：服务器故障率下降60%，平均故障响应时间缩短至15分钟

■ CI/CD自动化流水线
  项目目标：实现代码自动化构建、测试、部署，提升发布效率
  个人职责：基于Jenkins搭建持续集成流水线，配置Docker容器化部署
  项目成果：发布周期从每周1次提升至每天3次，部署失误率降为0","专业技能：Prometheus、网络运维、Kubernetes、Redis、Docker、Jenkins、Ansible、Zabbix
相关证书：MySQL数据库认证、红帽RHCE认证、阿里云ACP云计算认证",拥有4年行业经验，技术视野开阔，具备方案设计与项目把控能力；逻辑清晰，善于定位并解决复杂技术问题；具备良好的团队管理与跨部门沟通能力，能够推动技术优化与业务落地；责任心强，追求技术与业务的平衡发展。
武刚,男,13952690214,wugang04@163.com,13899333441,杭州,"期望岗位：前端开发工程师
期望城市：杭州
期望行业：互联网/信息技术/软件服务
期望薪资：面议",5年前端开发工程师从业经验，精通移动端适配技术架构，主导过中型项目从0到1落地，擅长技术方案设计与性能优化，曾推动核心模块技术重构，带来显著效率提升，具备跨部门协作与项目推进能力。,"闽南师范大学 | 物联网工程 | 本科
毕业时间：2017年6月
核心课程：计算机网络、Java程序设计、数据结构、操作系统","【通元信息技术有限公司】 前端开发工程师
2025年11月 - 至今
    · 承担分配模块的编码、测试与优化工作，保障系统稳定运行
    · 对接产品、测试团队，跟进需求落地与缺陷修复
    · 编写开发文档，沉淀技术规范，协助新人熟悉业务

【汇智互联网科技有限公司】 前端开发工程师
2024年1月 - 2025年4月
    · 承担分配模块的编码、测试与优化工作，保障系统稳定运行
    · 负责公司前端开发工程师相关业务的开发与维护，参与需求评审

【数聚数据技术有限公司】 前端开发工程师
2023年4月 - 2024年12月
    · 负责公司前端开发工程师相关业务的开发与维护，参与需求评审
    · 编写开发文档，沉淀技术规范，协助新人熟悉业务
    · 对接产品、测试团队，跟进需求落地与缺陷修复","■ 电商平台前端重构
  项目目标：升级旧版电商系统前端架构，提升用户体验与加载速度
  个人职责：负责商品详情页、购物车模块开发，组件化封装公共组件
  项目成果：首屏加载时间从3.2s降至1.8s，页面转化率提升12%

■ 企业后台管理系统
  项目目标：搭建企业运营管理后台，实现业务数据可视化
  个人职责：负责权限管理、数据报表模块开发，对接后端接口联调
  项目成果：覆盖12个业务部门，运营效率提升40%","专业技能：HTML5、JavaScript、Vue、Webpack、CSS3、移动端适配、Vite、Axios
相关证书：软件设计师（中级）",拥有5年行业经验，技术视野开阔，具备方案设计与项目把控能力；逻辑清晰，善于定位并解决复杂技术问题；具备良好的团队管理与跨部门沟通能力，能够推动技术优化与业务落地；责任心强，追求技术与业务的平衡发展。
万佳怡,女,18109939132,wanjiayi5072@outlook.com,13895015429,福州,"期望岗位：Java开发工程师
期望城市：福州
期望行业：互联网/信息技术/软件服务
期望薪资：面议",专科数学与应用数学专业应届毕业生，掌握Redis、SpringBoot基础技能，完成过课程设计与毕业项目，具备基础代码编写能力与问题排查思路，学习能力强，做事认真踏实，期望从事Java开发工程师相关工作。,"苏州职业大学 | 数学与应用数学 | 专科
毕业时间：2022年6月
核心课程：Python编程、数据结构、软件工程、算法设计与分析","【校园实践】
    · 参与学校计算机协会技术部，负责协会网站日常维护
    · 协助老师完成实验室设备管理与系统环境搭建
    · 参与班级课程设计小组，担任后端开发角色","■ 校园二手交易平台（毕设）
  项目目标：搭建校园闲置物品发布与交易平台
  个人职责：负责用户模块、商品发布模块开发
  项目成果：完成系统原型，获得良好成绩","专业技能：Linux、微服务、Docker、Redis、MySQL、SpringBoot、Java
相关证书：英语四级、英语六级、计算机一级",应届毕业，具备扎实的专业基础知识与学习能力，能够快速掌握新技术；工作态度认真负责，有耐心，注重细节；具备良好的团队意识与沟通能力，能够积极配合团队完成任务；期望在工作中积累经验，快速成长。
莫莉,女,18812554515,moli633@outlook.com,13023801692,杭州,"期望岗位：后端开发工程师
期望城市：杭州
期望行业：互联网/信息技术/软件服务
期望薪资：面议",专科数据科学与大数据技术专业应届毕业生，掌握Go、PostgreSQL基础技能，完成过课程设计与毕业项目，具备基础代码编写能力与问题排查思路，学习能力强，做事认真踏实，期望从事后端开发工程师相关工作。,"泉州经贸职业技术学院 | 数据科学与大数据技术 | 专科
毕业时间：2022年6月
核心课程：Java程序设计、算法设计与分析、软件工程、计算机网络","【校园实践】
    · 参与学校计算机协会技术部，负责协会网站日常维护
    · 协助老师完成实验室设备管理与系统环境搭建
    · 参与班级课程设计小组，担任后端开发角色","■ 图书管理系统后端
  项目目标：实现图书借阅、归还、用户管理功能
  个人职责：负责接口开发与数据库表结构设计
  项目成果：完成核心功能，支持1000条数据量","专业技能：Redis、Python、Docker、K8s
相关证书：计算机二级、英语四级",应届毕业，具备扎实的专业基础知识与学习能力，能够快速掌握新技术；工作态度认真负责，有耐心，注重细节；具备良好的团队意识与沟通能力，能够积极配合团队完成任务；期望在工作中积累经验，快速成长。
韦军,男,15571390503,weijun072@outlook.com,15097965268,南京,"期望岗位：数据分析师
期望城市：南京
期望行业：互联网/信息技术/软件服务
期望薪资：面议",专科数据科学与大数据技术专业应届毕业生，有1段数据分析师实习经验，掌握MySQL技术栈，参与过实习项目开发，具备良好的代码规范与团队协作意识，能够快速上手业务，期望正式入职发展。,"广东轻工职业技术学院 | 数据科学与大数据技术 | 专科
毕业时间：2021年6月
核心课程：操作系统、数据库原理、软件工程、数据结构","【用友互联网科技有限公司】 数据分析师（实习）
2025年7月 - 至今
    · 编写开发文档，沉淀技术规范，协助新人熟悉业务
    · 承担分配模块的编码、测试与优化工作，保障系统稳定运行","■ 学生成绩数据分析
  项目目标：对班级期末成绩进行统计分析
  个人职责：数据清洗、可视化图表制作、结论输出
  项目成果：输出分析报告，提出3点教学建议

■ 电商公开数据爬取分析
  项目目标：采集公开电商商品数据并分析
  个人职责：数据爬取、清洗、价格销量分析
  项目成果：输出可视化分析图表","专业技能：Pandas、Power BI、Tableau、用户分析、统计学、Excel、MySQL
相关证书：英语六级、计算机一级",有实习经验，熟悉开发基本流程，具备基础的项目实践能力；学习能力强，能够快速上手新业务新技术；工作踏实，责任心强，善于沟通协作，能够高效完成分配的工作任务。
邹梓轩,男,15083684546,zou梓xuan68@qq.com,wx_zou梓xuan_669,佛山,"期望岗位：Python开发工程师
期望城市：佛山
期望行业：互联网/信息技术/软件服务
期望薪资：面议",7年Python开发工程师资深经验，精通全链路技术架构，具备团队技术规划与方案设计能力，主导过多个大型项目重构与升级，在高并发/系统稳定性领域有深厚积累，能够带领团队攻克技术难题，驱动业务技术升级。,"厦门理工学院 | 数据科学与大数据技术 | 本科
毕业时间：2015年6月
核心课程：软件工程、Java程序设计、操作系统、数据库原理","【易联互联网科技有限公司】 Python开发工程师
2024年12月 - 至今
    · 对接产品、测试团队，跟进需求落地与缺陷修复
    · 编写开发文档，沉淀技术规范，协助新人熟悉业务

【科创互联网科技有限公司】 Python开发工程师
2022年1月 - 2024年8月
    · 编写开发文档，沉淀技术规范，协助新人熟悉业务
    · 承担分配模块的编码、测试与优化工作，保障系统稳定运行
    · 负责公司Python开发工程师相关业务的开发与维护，参与需求评审

【中软网络科技有限公司】 Python开发工程师
2020年10月 - 2022年3月
    · 编写开发文档，沉淀技术规范，协助新人熟悉业务
    · 对接产品、测试团队，跟进需求落地与缺陷修复
    · 承担分配模块的编码、测试与优化工作，保障系统稳定运行","■ 自动化运维平台
  项目目标：开发运维管理平台，实现服务器批量管理
  个人职责：负责监控、告警、任务调度模块后端开发
  项目成果：管理服务器200+，运维人力成本降低50%

■ 数据采集爬虫系统
  项目目标：搭建分布式爬虫平台，采集多渠道公开数据
  个人职责：负责反爬策略破解、数据清洗、入库逻辑开发
  项目成果：日均采集数据50万条，数据准确率98%以上","专业技能：Django、爬虫、Linux、MongoDB、FastAPI、Git
相关证书：系统架构设计师、计算机一级、PMP项目管理专业人士",拥有7年行业经验，技术视野开阔，具备方案设计与项目把控能力；逻辑清晰，善于定位并解决复杂技术问题；具备良好的团队管理与跨部门沟通能力，能够推动技术优化与业务落地；责任心强，追求技术与业务的平衡发展。
余辉,男,15673253675,yuhui965@outlook.com,18904936789,南昌,"期望岗位：软件测试工程师
期望城市：南昌
期望行业：互联网/信息技术/软件服务
期望薪资：面议",1年软件测试工程师工作经验，精通接口测试、MySQL技术栈，参与过完整项目迭代，能够独立完成模块开发与问题排查，注重代码质量与开发效率，具备良好的沟通协作能力。,"福建船政交通职业学院 | 计算机科学与技术 | 专科
毕业时间：2021年6月
核心课程：数据库原理、算法设计与分析、计算机网络、数据结构","【vivo（东莞）】 软件测试工程师
2025年6月 - 至今
    · 对接产品、测试团队，跟进需求落地与缺陷修复
    · 负责公司软件测试工程师相关业务的开发与维护，参与需求评审","■ 自动化测试框架搭建
  项目目标：提升回归测试效率，减少人工重复劳动
  个人职责：基于Selenium搭建UI自动化框架，编写核心模块测试脚本
  项目成果：回归测试周期从7天缩短至2天，覆盖率达85%

■ 电商平台功能测试
  项目目标：保障电商系统上线质量，覆盖全业务流程
  个人职责：设计测试用例，执行功能、回归测试，提交缺陷报告
  项目成果：发现并修复120+缺陷，上线后线上缺陷率低于0.5%","专业技能：测试用例设计、缺陷管理、Python、性能测试、Selenium、Postman、MySQL、JMeter、Appium、TestNG
相关证书：无",拥有1年实际工作经验，技术功底扎实，熟悉完整开发流程；具备较强的问题解决能力，能够独立排查并解决常见技术问题；工作认真负责，注重团队协作，能够高效推进项目落地；持续学习，保持技术敏感度。
邵佳,女,15202816240,shaojia22@outlook.com,18319757066,东莞,"期望岗位：算法工程师
期望城市：东莞
期望行业：互联网/信息技术/软件服务
期望薪资：面议",本科软件工程专业应届毕业生，有0段算法工程师实习经验，掌握机器学习技术栈，参与过实习项目开发，具备良好的代码规范与团队协作意识，能够快速上手业务，期望正式入职发展。,"福州大学 | 软件工程 | 本科
毕业时间：2022年6月
核心课程：Java程序设计、操作系统、软件工程、数字信号处理","【恒信网络科技有限公司】 算法工程师（实习）
2021年1月 - 至今
    · 负责公司算法工程师相关业务的开发与维护，参与需求评审
    · 编写开发文档，沉淀技术规范，协助新人熟悉业务
    · 对接产品、测试团队，跟进需求落地与缺陷修复","■ 手写数字识别（课程作业）
  项目目标：基于MNIST数据集实现手写数字识别
  个人职责：使用CNN搭建模型，训练与调优
  项目成果：识别准确率达到92%

■ 电影推荐系统（毕设）
  项目目标：基于协同过滤实现简单电影推荐
  个人职责：数据处理、模型实现、效果验证
  项目成果：召回准确率达到75%","专业技能：TensorFlow、PyTorch、SQL、Python、算法优化、NLP
相关证书：计算机二级、计算机一级、红帽RHCE认证",有实习经验，熟悉开发基本流程，具备基础的项目实践能力；学习能力强，能够快速上手新业务新技术；工作踏实，责任心强，善于沟通协作，能够高效完成分配的工作任务。
姚梦瑶,女,18183908130,yaomengyao5334@qq.com,13054856903,南平,"期望岗位：数据分析师
期望城市：南平
期望行业：互联网/信息技术/软件服务
期望薪资：面议",3年数据分析师工作经验，精通Power BI、Pandas技术栈，参与过完整项目迭代，能够独立完成模块开发与问题排查，注重代码质量与开发效率，具备良好的沟通协作能力。,"广东轻工职业技术学院 | 软件技术 | 专科
毕业时间：2019年6月
核心课程：算法设计与分析、数据库原理、数字信号处理、Java程序设计","【字节跳动（厦门分公司）】 数据分析师
2025年6月 - 至今
    · 承担分配模块的编码、测试与优化工作，保障系统稳定运行
    · 对接产品、测试团队，跟进需求落地与缺陷修复
    · 负责公司数据分析师相关业务的开发与维护，参与需求评审

【博思科技有限公司】 数据分析师
2024年12月 - 2025年1月
    · 负责公司数据分析师相关业务的开发与维护，参与需求评审
    · 承担分配模块的编码、测试与优化工作，保障系统稳定运行
    · 编写开发文档，沉淀技术规范，协助新人熟悉业务","■ 用户行为分析看板
  项目目标：构建用户行为数据体系，支撑运营决策
  个人职责：负责数据清洗、指标体系搭建，输出可视化运营报表
  项目成果：输出15+核心运营指标，支撑每月3次运营优化，用户留存率提升8%

■ 销售数据预测建模
  项目目标：基于历史数据预测销量，指导库存与备货
  个人职责：数据预处理，构建时间序列预测模型，输出月度预测报告
  项目成果：预测准确率达89%，库存周转效率提升25%","专业技能：Power BI、Tableau、SQL、NumPy、用户分析、Hive
相关证书：无",拥有3年实际工作经验，技术功底扎实，熟悉完整开发流程；具备较强的问题解决能力，能够独立排查并解决常见技术问题；工作认真负责，注重团队协作，能够高效推进项目落地；持续学习，保持技术敏感度。
金军,男,13814414932,jinjun0782@qq.com,13525736545,福州,"期望岗位：后端开发工程师
期望城市：福州
期望行业：互联网/信息技术/软件服务
期望薪资：面议",专科信息管理与信息系统专业应届毕业生，有0段后端开发工程师实习经验，掌握Redis技术栈，参与过实习项目开发，具备良好的代码规范与团队协作意识，能够快速上手业务，期望正式入职发展。,"江西交通职业技术学院 | 信息管理与信息系统 | 专科
毕业时间：2022年6月
核心课程：操作系统、计算机网络、Python编程、数据库原理","【未来网络科技有限公司】 后端开发工程师（实习）
2020年5月 - 至今
    · 编写开发文档，沉淀技术规范，协助新人熟悉业务
    · 对接产品、测试团队，跟进需求落地与缺陷修复","■ 简单论坛系统
  项目目标：实现帖子发布、回复、板块管理
  个人职责：负责后端服务开发与接口文档编写
  项目成果：支持百人同时在线访问

■ 图书管理系统后端
  项目目标：实现图书借阅、归还、用户管理功能
  个人职责：负责接口开发与数据库表结构设计
  项目成果：完成核心功能，支持1000条数据量","专业技能：Java、Gin、PostgreSQL、Docker、Kafka
相关证书：阿里云ACP云计算认证",有实习经验，熟悉开发基本流程，具备基础的项目实践能力；学习能力强，能够快速上手新业务新技术；工作踏实，责任心强，善于沟通协作，能够高效完成分配的工作任务。
杨悦,女,15241666808,yangyue2840@gmail.com,18543431017,南昌,"期望岗位：Java开发工程师
期望城市：南昌
期望行业：互联网/信息技术/软件服务
期望薪资：面议",本科数学与应用数学专业应届毕业生，有0段Java开发工程师实习经验，掌握SpringBoot技术栈，参与过实习项目开发，具备良好的代码规范与团队协作意识，能够快速上手业务，期望正式入职发展。,"南京理工大学 | 数学与应用数学 | 本科
毕业时间：2022年6月
核心课程：Java程序设计、机器学习、计算机网络、数字信号处理","【科创互联网科技有限公司】 Java开发工程师（实习）
2023年2月 - 至今
    · 负责公司Java开发工程师相关业务的开发与维护，参与需求评审
    · 编写开发文档，沉淀技术规范，协助新人熟悉业务
    · 对接产品、测试团队，跟进需求落地与缺陷修复","■ 校园二手交易平台（毕设）
  项目目标：搭建校园闲置物品发布与交易平台
  个人职责：负责用户模块、商品发布模块开发
  项目成果：完成系统原型，获得良好成绩

■ 学生成绩管理系统（课程设计）
  项目目标：实现学生信息、成绩、班级的增删改查管理
  个人职责：负责后端接口开发与数据库设计
  项目成果：完成基础功能，通过课程答辩","专业技能：SpringBoot、JVM调优、微服务、Linux、RabbitMQ、Git
相关证书：计算机一级、华为HCIA认证",有实习经验，熟悉开发基本流程，具备基础的项目实践能力；学习能力强，能够快速上手新业务新技术；工作踏实，责任心强，善于沟通协作，能够高效完成分配的工作任务。
高涛,男,13237884857,gaotao9693@outlook.com,15151973995,东莞,"期望岗位：Python开发工程师
期望城市：东莞
期望行业：互联网/信息技术/软件服务
期望薪资：面议",2年Python开发工程师工作经验，精通Python、Linux技术栈，参与过完整项目迭代，能够独立完成模块开发与问题排查，注重代码质量与开发效率，具备良好的沟通协作能力。,"东南大学 | 信息管理与信息系统 | 本科
毕业时间：2020年6月
核心课程：数据库原理、操作系统、机器学习、Java程序设计","【安硕互联网科技有限公司】 Python开发工程师
2025年4月 - 至今
    · 对接产品、测试团队，跟进需求落地与缺陷修复
    · 承担分配模块的编码、测试与优化工作，保障系统稳定运行

【卓望科技有限公司】 Python开发工程师
2024年11月 - 2025年3月
    · 承担分配模块的编码、测试与优化工作，保障系统稳定运行
    · 编写开发文档，沉淀技术规范，协助新人熟悉业务
    · 负责公司Python开发工程师相关业务的开发与维护，参与需求评审","■ 自动化运维平台
  项目目标：开发运维管理平台，实现服务器批量管理
  个人职责：负责监控、告警、任务调度模块后端开发
  项目成果：管理服务器200+，运维人力成本降低50%

■ 数据采集爬虫系统
  项目目标：搭建分布式爬虫平台，采集多渠道公开数据
  个人职责：负责反爬策略破解、数据清洗、入库逻辑开发
  项目成果：日均采集数据50万条，数据准确率98%以上","专业技能：MongoDB、FastAPI、Git、Redis、Django、Linux、Celery、Flask、Python
相关证书：阿里云ACP云计算认证、系统架构设计师",拥有2年实际工作经验，技术功底扎实，熟悉完整开发流程；具备较强的问题解决能力，能够独立排查并解决常见技术问题；工作认真负责，注重团队协作，能够高效推进项目落地；持续学习，保持技术敏感度。
田子轩,男,13324216777,tian子xuan841@gmail.com,17643599523,龙岩,"期望岗位：数据分析师
期望城市：龙岩
期望行业：互联网/信息技术/软件服务
期望薪资：面议",本科数学与应用数学专业应届毕业生，掌握用户分析、Tableau基础技能，完成过课程设计与毕业项目，具备基础代码编写能力与问题排查思路，学习能力强，做事认真踏实，期望从事数据分析师相关工作。,"南京理工大学 | 数学与应用数学 | 本科
毕业时间：2022年6月
核心课程：计算机网络、Java程序设计、数据结构、Python编程","【校园实践】
    · 参与学校计算机协会技术部，负责协会网站日常维护
    · 协助老师完成实验室设备管理与系统环境搭建
    · 参与班级课程设计小组，担任后端开发角色","■ 电商公开数据爬取分析
  项目目标：采集公开电商商品数据并分析
  个人职责：数据爬取、清洗、价格销量分析
  项目成果：输出可视化分析图表","专业技能：Pandas、Power BI、用户分析、Tableau、统计学、SQL、MySQL
相关证书：无",应届毕业，具备扎实的专业基础知识与学习能力，能够快速掌握新技术；工作态度认真负责，有耐心，注重细节；具备良好的团队意识与沟通能力，能够积极配合团队完成任务；期望在工作中积累经验，快速成长。
苏玲,女,18039944156,suling94@gmail.com,wx_suling_434,南平,"期望岗位：算法工程师
期望城市：南平
期望行业：互联网/信息技术/软件服务
期望薪资：面议",本科通信工程专业应届毕业生，掌握深度学习、机器学习基础技能，完成过课程设计与毕业项目，具备基础代码编写能力与问题排查思路，学习能力强，做事认真踏实，期望从事算法工程师相关工作。,"集美大学 | 通信工程 | 本科
毕业时间：2022年6月
核心课程：算法设计与分析、机器学习、计算机网络、数据结构","【校园实践】
    · 参与学校计算机协会技术部，负责协会网站日常维护
    · 协助老师完成实验室设备管理与系统环境搭建
    · 参与班级课程设计小组，担任后端开发角色","■ 手写数字识别（课程作业）
  项目目标：基于MNIST数据集实现手写数字识别
  个人职责：使用CNN搭建模型，训练与调优
  项目成果：识别准确率达到92%","专业技能：算法优化、数据结构、计算机视觉、特征工程、推荐算法、机器学习
相关证书：英语六级、PMP项目管理专业人士",应届毕业，具备扎实的专业基础知识与学习能力，能够快速掌握新技术；工作态度认真负责，有耐心，注重细节；具备良好的团队意识与沟通能力，能够积极配合团队完成任务；期望在工作中积累经验，快速成长。
白若曦,女,18991877610,bai若xi9912@gmail.com,wx_bai若xi_983,佛山,"期望岗位：前端开发工程师
期望城市：佛山
期望行业：互联网/信息技术/软件服务
期望薪资：面议",专科信息管理与信息系统专业应届毕业生，掌握Vue、Webpack基础技能，完成过课程设计与毕业项目，具备基础代码编写能力与问题排查思路，学习能力强，做事认真踏实，期望从事前端开发工程师相关工作。,"苏州职业大学 | 信息管理与信息系统 | 专科
毕业时间：2022年6月
核心课程：Java程序设计、机器学习、算法设计与分析、数据库原理","【校园实践】
    · 参与学校计算机协会技术部，负责协会网站日常维护
    · 协助老师完成实验室设备管理与系统环境搭建
    · 参与班级课程设计小组，担任后端开发角色","■ 校园社团官网（实训项目）
  项目目标：为学校社团开发官方展示网站
  个人职责：负责首页、新闻页、成员页开发
  项目成果：上线后访问量累计5000+","专业技能：Vue、Axios、CSS3、Webpack、React、JavaScript
相关证书：计算机二级",应届毕业，具备扎实的专业基础知识与学习能力，能够快速掌握新技术；工作态度认真负责，有耐心，注重细节；具备良好的团队意识与沟通能力，能够积极配合团队完成任务；期望在工作中积累经验，快速成长。
吴璐,女,15768735901,wulu327@163.com,13150311342,南昌,"期望岗位：Java开发工程师
期望城市：南昌
期望行业：互联网/信息技术/软件服务
期望薪资：面议",8年Java开发工程师资深经验，精通全链路技术架构，具备团队技术规划与方案设计能力，主导过多个大型项目重构与升级，在高并发/系统稳定性领域有深厚积累，能够带领团队攻克技术难题，驱动业务技术升级。,"南京理工大学 | 网络工程 | 本科
毕业时间：2014年6月
核心课程：数字信号处理、Java程序设计、机器学习、算法设计与分析","【卓望互联网科技有限公司】 Java开发工程师
2024年10月 - 至今
    · 对接产品、测试团队，跟进需求落地与缺陷修复
    · 负责公司Java开发工程师相关业务的开发与维护，参与需求评审

【合众信息技术有限公司】 Java开发工程师
2022年12月 - 2024年1月
    · 编写开发文档，沉淀技术规范，协助新人熟悉业务
    · 对接产品、测试团队，跟进需求落地与缺陷修复

【新科软件有限公司】 Java开发工程师
2020年10月 - 2022年6月
    · 对接产品、测试团队，跟进需求落地与缺陷修复
    · 承担分配模块的编码、测试与优化工作，保障系统稳定运行
    · 负责公司Java开发工程师相关业务的开发与维护，参与需求评审","■ 电商订单交易系统
  项目目标：搭建高可用电商订单系统，支撑大促流量峰值
  个人职责：负责订单创建、支付回调、库存扣减核心逻辑开发
  项目成果：支撑日均订单量10万+，系统可用性达99.95%

■ 微服务用户中心重构
  项目目标：将单体用户系统拆分为微服务架构，提升并发承载能力
  个人职责：负责登录、注册、权限模块开发，优化数据库查询与缓存策略
  项目成果：支持并发量从500提升至5000，接口响应耗时减少60%","专业技能：Java、Redis、Linux、Docker、JVM调优、SpringBoot、MyBatis、微服务、MySQL、Git
相关证书：计算机二级",拥有8年行业经验，技术视野开阔，具备方案设计与项目把控能力；逻辑清晰，善于定位并解决复杂技术问题；具备良好的团队管理与跨部门沟通能力，能够推动技术优化与业务落地；责任心强，追求技术与业务的平衡发展。
钟红,女,18667786719,zhonghong675@outlook.com,15675663972,宁德,"期望岗位：前端开发工程师
期望城市：宁德
期望行业：互联网/信息技术/软件服务
期望薪资：面议",本科电子信息工程专业应届毕业生，掌握Ant Design、Vite基础技能，完成过课程设计与毕业项目，具备基础代码编写能力与问题排查思路，学习能力强，做事认真踏实，期望从事前端开发工程师相关工作。,"厦门大学 | 电子信息工程 | 本科
毕业时间：2022年6月
核心课程：算法设计与分析、计算机网络、操作系统、数据库原理","【校园实践】
    · 参与学校计算机协会技术部，负责协会网站日常维护
    · 协助老师完成实验室设备管理与系统环境搭建
    · 参与班级课程设计小组，担任后端开发角色","■ 个人博客系统（课程作业）
  项目目标：开发个人博客前端页面，实现文章展示与评论
  个人职责：负责页面布局、交互效果、接口联调
  项目成果：完成响应式页面，兼容多浏览器","专业技能：HTML5、Vite、Vue、Ant Design、Element UI
相关证书：无",应届毕业，具备扎实的专业基础知识与学习能力，能够快速掌握新技术；工作态度认真负责，有耐心，注重细节；具备良好的团队意识与沟通能力，能够积极配合团队完成任务；期望在工作中积累经验，快速成长。
孔梅,女,15996401264,kongmei8780@gmail.com,wx_kongmei_788,东莞,"期望岗位：后端开发工程师
期望城市：东莞
期望行业：互联网/信息技术/软件服务
期望薪资：面议",本科电子信息工程专业应届毕业生，掌握Java、SpringBoot基础技能，完成过课程设计与毕业项目，具备基础代码编写能力与问题排查思路，学习能力强，做事认真踏实，期望从事后端开发工程师相关工作。,"暨南大学 | 电子信息工程 | 本科
毕业时间：2022年6月
核心课程：软件工程、Java程序设计、操作系统、数字信号处理","【校园实践】
    · 参与学校计算机协会技术部，负责协会网站日常维护
    · 协助老师完成实验室设备管理与系统环境搭建
    · 参与班级课程设计小组，担任后端开发角色","■ 简单论坛系统
  项目目标：实现帖子发布、回复、板块管理
  个人职责：负责后端服务开发与接口文档编写
  项目成果：支持百人同时在线访问","专业技能：Gin、微服务、Kafka、Java、Python、Redis、PostgreSQL
相关证书：英语六级、计算机二级、计算机一级",应届毕业，具备扎实的专业基础知识与学习能力，能够快速掌握新技术；工作态度认真负责，有耐心，注重细节；具备良好的团队意识与沟通能力，能够积极配合团队完成任务；期望在工作中积累经验，快速成长。
张安然,女,15095116481,zhanganran7234@outlook.com,wx_zhanganran_786,龙岩,"期望岗位：运维工程师
期望城市：龙岩
期望行业：互联网/信息技术/软件服务
期望薪资：面议",2年运维工程师工作经验，精通网络运维、Ansible技术栈，参与过完整项目迭代，能够独立完成模块开发与问题排查，注重代码质量与开发效率，具备良好的沟通协作能力。,"东莞理工学院 | 数据科学与大数据技术 | 本科
毕业时间：2020年6月
核心课程：Java程序设计、数据库原理、数据结构、数字信号处理","【携程（厦门）】 运维工程师
2025年8月 - 至今
    · 负责公司运维工程师相关业务的开发与维护，参与需求评审
    · 承担分配模块的编码、测试与优化工作，保障系统稳定运行
    · 对接产品、测试团队，跟进需求落地与缺陷修复

【易联数据技术有限公司】 运维工程师
2024年9月 - 2025年12月
    · 对接产品、测试团队，跟进需求落地与缺陷修复
    · 承担分配模块的编码、测试与优化工作，保障系统稳定运行","■ 服务器集群运维优化
  项目目标：提升服务器集群稳定性，降低故障发生率
  个人职责：负责日常巡检、故障排查，优化监控告警规则与分级策略
  项目成果：服务器故障率下降60%，平均故障响应时间缩短至15分钟

■ CI/CD自动化流水线
  项目目标：实现代码自动化构建、测试、部署，提升发布效率
  个人职责：基于Jenkins搭建持续集成流水线，配置Docker容器化部署
  项目成果：发布周期从每周1次提升至每天3次，部署失误率降为0","专业技能：MySQL、Prometheus、网络运维、Kubernetes、Zabbix、Linux、Jenkins、Docker
相关证书：软件设计师（中级）",拥有2年实际工作经验，技术功底扎实，熟悉完整开发流程；具备较强的问题解决能力，能够独立排查并解决常见技术问题；工作认真负责，注重团队协作，能够高效推进项目落地；持续学习，保持技术敏感度。
邹雨桐,女,18633716427,zou雨tong885@163.com,wx_zou雨tong_367,南昌,"期望岗位：软件测试工程师
期望城市：南昌
期望行业：互联网/信息技术/软件服务
期望薪资：面议",1年软件测试工程师工作经验，精通JMeter、TestNG技术栈，参与过完整项目迭代，能够独立完成模块开发与问题排查，注重代码质量与开发效率，具备良好的沟通协作能力。,"福建师范大学 | 信息管理与信息系统 | 本科
毕业时间：2021年6月
核心课程：数字信号处理、数据库原理、数据结构、计算机网络","【华为（东莞研究所）】 软件测试工程师
2025年6月 - 至今
    · 承担分配模块的编码、测试与优化工作，保障系统稳定运行
    · 对接产品、测试团队，跟进需求落地与缺陷修复","■ 自动化测试框架搭建
  项目目标：提升回归测试效率，减少人工重复劳动
  个人职责：基于Selenium搭建UI自动化框架，编写核心模块测试脚本
  项目成果：回归测试周期从7天缩短至2天，覆盖率达85%

■ 电商平台功能测试
  项目目标：保障电商系统上线质量，覆盖全业务流程
  个人职责：设计测试用例，执行功能、回归测试，提交缺陷报告
  项目成果：发现并修复120+缺陷，上线后线上缺陷率低于0.5%","专业技能：测试用例设计、Appium、Python、接口测试、功能测试、Postman
相关证书：软考中级、MySQL数据库认证",拥有1年实际工作经验，技术功底扎实，熟悉完整开发流程；具备较强的问题解决能力，能够独立排查并解决常见技术问题；工作认真负责，注重团队协作，能够高效推进项目落地；持续学习，保持技术敏感度。
谢安然,女,15656773750,xieanran19@gmail.com,18328030194,南平,"期望岗位：软件测试工程师
期望城市：南平
期望行业：互联网/信息技术/软件服务
期望薪资：面议",5年软件测试工程师从业经验，精通Python技术架构，主导过中型项目从0到1落地，擅长技术方案设计与性能优化，曾推动核心模块技术重构，带来显著效率提升，具备跨部门协作与项目推进能力。,"南京大学 | 电子信息工程 | 本科
毕业时间：2017年6月
核心课程：算法设计与分析、数字信号处理、操作系统、软件工程","【汇智网络科技有限公司】 软件测试工程师
2025年3月 - 至今
    · 对接产品、测试团队，跟进需求落地与缺陷修复
    · 编写开发文档，沉淀技术规范，协助新人熟悉业务

【未来信息技术有限公司】 软件测试工程师
2024年12月 - 2025年2月
    · 负责公司软件测试工程师相关业务的开发与维护，参与需求评审
    · 对接产品、测试团队，跟进需求落地与缺陷修复

【数聚软件有限公司】 软件测试工程师
2023年7月 - 2024年7月
    · 负责公司软件测试工程师相关业务的开发与维护，参与需求评审
    · 承担分配模块的编码、测试与优化工作，保障系统稳定运行
    · 编写开发文档，沉淀技术规范，协助新人熟悉业务","■ 自动化测试框架搭建
  项目目标：提升回归测试效率，减少人工重复劳动
  个人职责：基于Selenium搭建UI自动化框架，编写核心模块测试脚本
  项目成果：回归测试周期从7天缩短至2天，覆盖率达85%

■ 电商平台功能测试
  项目目标：保障电商系统上线质量，覆盖全业务流程
  个人职责：设计测试用例，执行功能、回归测试，提交缺陷报告
  项目成果：发现并修复120+缺陷，上线后线上缺陷率低于0.5%","专业技能：Appium、Python、JMeter、接口测试、性能测试、功能测试、测试用例设计
相关证书：华为HCIA认证",拥有5年行业经验，技术视野开阔，具备方案设计与项目把控能力；逻辑清晰，善于定位并解决复杂技术问题；具备良好的团队管理与跨部门沟通能力，能够推动技术优化与业务落地；责任心强，追求技术与业务的平衡发展。
谭颖,女,13956912881,tanying351@126.com,18004998538,珠海,"期望岗位：算法工程师
期望城市：珠海
期望行业：互联网/信息技术/软件服务
期望薪资：面议",本科软件工程专业应届毕业生，掌握特征工程、深度学习基础技能，完成过课程设计与毕业项目，具备基础代码编写能力与问题排查思路，学习能力强，做事认真踏实，期望从事算法工程师相关工作。,"浙江万里学院 | 软件工程 | 本科
毕业时间：2022年6月
核心课程：数字信号处理、数据库原理、算法设计与分析、Python编程","【校园实践】
    · 参与学校计算机协会技术部，负责协会网站日常维护
    · 协助老师完成实验室设备管理与系统环境搭建
    · 参与班级课程设计小组，担任后端开发角色","■ 电影推荐系统（毕设）
  项目目标：基于协同过滤实现简单电影推荐
  个人职责：数据处理、模型实现、效果验证
  项目成果：召回准确率达到75%","专业技能：TensorFlow、NLP、Python、SQL、PyTorch、深度学习、算法优化
相关证书：MySQL数据库认证",应届毕业，具备扎实的专业基础知识与学习能力，能够快速掌握新技术；工作态度认真负责，有耐心，注重细节；具备良好的团队意识与沟通能力，能够积极配合团队完成任务；期望在工作中积累经验，快速成长。
龙勇,男,15816312800,longyong0919@163.com,18540151608,宁波,"期望岗位：运维工程师
期望城市：宁波
期望行业：互联网/信息技术/软件服务
期望薪资：面议",3年运维工程师从业经验，精通Zabbix技术架构，主导过中型项目从0到1落地，擅长技术方案设计与性能优化，曾推动核心模块技术重构，带来显著效率提升，具备跨部门协作与项目推进能力。,"江西师范大学 | 信息管理与信息系统 | 本科
毕业时间：2019年6月
核心课程：计算机网络、软件工程、数字信号处理、数据结构","【启明信息技术有限公司】 运维工程师
2025年1月 - 至今
    · 承担分配模块的编码、测试与优化工作，保障系统稳定运行
    · 负责公司运维工程师相关业务的开发与维护，参与需求评审
    · 编写开发文档，沉淀技术规范，协助新人熟悉业务

【东软软件有限公司】 运维工程师
2024年5月 - 2025年2月
    · 负责公司运维工程师相关业务的开发与维护，参与需求评审
    · 编写开发文档，沉淀技术规范，协助新人熟悉业务","■ 服务器集群运维优化
  项目目标：提升服务器集群稳定性，降低故障发生率
  个人职责：负责日常巡检、故障排查，优化监控告警规则与分级策略
  项目成果：服务器故障率下降60%，平均故障响应时间缩短至15分钟

■ CI/CD自动化流水线
  项目目标：实现代码自动化构建、测试、部署，提升发布效率
  个人职责：基于Jenkins搭建持续集成流水线，配置Docker容器化部署
  项目成果：发布周期从每周1次提升至每天3次，部署失误率降为0","专业技能：Kubernetes、Ansible、Jenkins、Zabbix、Shell、MySQL、Nginx、Redis、网络运维
相关证书：MySQL数据库认证、阿里云ACP云计算认证、英语四级",拥有3年行业经验，技术视野开阔，具备方案设计与项目把控能力；逻辑清晰，善于定位并解决复杂技术问题；具备良好的团队管理与跨部门沟通能力，能够推动技术优化与业务落地；责任心强，追求技术与业务的平衡发展。
向晨,男,17608757683,xiangchen5817@126.com,18185906204,漳州,"期望岗位：数据分析师
期望城市：漳州
期望行业：互联网/信息技术/软件服务
期望薪资：面议",3年数据分析师从业经验，精通Pandas技术架构，主导过中型项目从0到1落地，擅长技术方案设计与性能优化，曾推动核心模块技术重构，带来显著效率提升，具备跨部门协作与项目推进能力。,"苏州科技大学 | 数学与应用数学 | 本科
毕业时间：2019年6月
核心课程：机器学习、算法设计与分析、计算机网络、Java程序设计","【安硕信息技术有限公司】 数据分析师
2025年5月 - 至今
    · 承担分配模块的编码、测试与优化工作，保障系统稳定运行
    · 对接产品、测试团队，跟进需求落地与缺陷修复
    · 负责公司数据分析师相关业务的开发与维护，参与需求评审

【星图软件有限公司】 数据分析师
2024年4月 - 2025年5月
    · 承担分配模块的编码、测试与优化工作，保障系统稳定运行
    · 对接产品、测试团队，跟进需求落地与缺陷修复
    · 编写开发文档，沉淀技术规范，协助新人熟悉业务","■ 销售数据预测建模
  项目目标：基于历史数据预测销量，指导库存与备货
  个人职责：数据预处理，构建时间序列预测模型，输出月度预测报告
  项目成果：预测准确率达89%，库存周转效率提升25%

■ 用户行为分析看板
  项目目标：构建用户行为数据体系，支撑运营决策
  个人职责：负责数据清洗、指标体系搭建，输出可视化运营报表
  项目成果：输出15+核心运营指标，支撑每月3次运营优化，用户留存率提升8%","专业技能：SQL、Excel、Python、Hive、数据可视化、Pandas、Power BI、统计学、NumPy、用户分析
相关证书：英语六级",拥有3年行业经验，技术视野开阔，具备方案设计与项目把控能力；逻辑清晰，善于定位并解决复杂技术问题；具备良好的团队管理与跨部门沟通能力，能够推动技术优化与业务落地；责任心强，追求技术与业务的平衡发展。
冯芳,女,18377747103,fengfang38@163.com,18868534302,深圳,"期望岗位：数据分析师
期望城市：深圳
期望行业：互联网/信息技术/软件服务
期望薪资：面议",1年数据分析师工作经验，精通NumPy、Tableau技术栈，参与过完整项目迭代，能够独立完成模块开发与问题排查，注重代码质量与开发效率，具备良好的沟通协作能力。,"苏州科技大学 | 数字媒体技术 | 本科
毕业时间：2021年6月
核心课程：数据结构、数据库原理、机器学习、计算机网络","【天擎网络科技有限公司】 数据分析师
2025年10月 - 至今
    · 负责公司数据分析师相关业务的开发与维护，参与需求评审
    · 编写开发文档，沉淀技术规范，协助新人熟悉业务","■ 用户行为分析看板
  项目目标：构建用户行为数据体系，支撑运营决策
  个人职责：负责数据清洗、指标体系搭建，输出可视化运营报表
  项目成果：输出15+核心运营指标，支撑每月3次运营优化，用户留存率提升8%

■ 销售数据预测建模
  项目目标：基于历史数据预测销量，指导库存与备货
  个人职责：数据预处理，构建时间序列预测模型，输出月度预测报告
  项目成果：预测准确率达89%，库存周转效率提升25%","专业技能：数据可视化、NumPy、统计学、Tableau、Pandas、Hive、用户分析、SQL
相关证书：软考中级、软件设计师（中级）",拥有1年实际工作经验，技术功底扎实，熟悉完整开发流程；具备较强的问题解决能力，能够独立排查并解决常见技术问题；工作认真负责，注重团队协作，能够高效推进项目落地；持续学习，保持技术敏感度。
孔梦瑶,女,13345703655,kongmengyao7912@outlook.com,wx_kongmengyao_706,宁德,"期望岗位：运维工程师
期望城市：宁德
期望行业：互联网/信息技术/软件服务
期望薪资：面议",专科物联网工程专业应届毕业生，掌握Zabbix、网络运维基础技能，完成过课程设计与毕业项目，具备基础代码编写能力与问题排查思路，学习能力强，做事认真踏实，期望从事运维工程师相关工作。,"南京工业职业技术大学 | 物联网工程 | 专科
毕业时间：2022年6月
核心课程：数字信号处理、Python编程、算法设计与分析、Java程序设计","【校园实践】
    · 参与学校计算机协会技术部，负责协会网站日常维护
    · 协助老师完成实验室设备管理与系统环境搭建
    · 参与班级课程设计小组，担任后端开发角色","■ 简单监控脚本开发
  项目目标：编写服务器状态监控脚本
  个人职责：实现CPU、内存、磁盘使用率自动采集
  项目成果：支持异常邮件告警","专业技能：MySQL、Kubernetes、网络运维、Nginx、Linux
相关证书：PMP项目管理专业人士、计算机一级、软考中级",应届毕业，具备扎实的专业基础知识与学习能力，能够快速掌握新技术；工作态度认真负责，有耐心，注重细节；具备良好的团队意识与沟通能力，能够积极配合团队完成任务；期望在工作中积累经验，快速成长。
马宇泽,男,17731897746,mayuze8275@163.com,wx_mayuze_473,杭州,"期望岗位：软件测试工程师
期望城市：杭州
期望行业：互联网/信息技术/软件服务
期望薪资：面议",本科物联网工程专业应届毕业生，掌握JMeter、缺陷管理基础技能，完成过课程设计与毕业项目，具备基础代码编写能力与问题排查思路，学习能力强，做事认真踏实，期望从事软件测试工程师相关工作。,"福建师范大学 | 物联网工程 | 本科
毕业时间：2022年6月
核心课程：Java程序设计、数字信号处理、机器学习、软件工程","【校园实践】
    · 参与学校计算机协会技术部，负责协会网站日常维护
    · 协助老师完成实验室设备管理与系统环境搭建
    · 参与班级课程设计小组，担任后端开发角色","■ 学生管理系统功能测试
  项目目标：对课程设计系统进行功能测试与缺陷提交
  个人职责：设计测试用例，执行黑盒测试
  项目成果：发现并提交8个功能缺陷","专业技能：性能测试、接口测试、Appium、Selenium、Postman、功能测试
相关证书：英语四级、计算机一级",应届毕业，具备扎实的专业基础知识与学习能力，能够快速掌握新技术；工作态度认真负责，有耐心，注重细节；具备良好的团队意识与沟通能力，能够积极配合团队完成任务；期望在工作中积累经验，快速成长。
